1755405908905,0.289532,-0.024526,9.889536
1755405908908,0.291924,0.001795,9.889536
1755405908909,0.277567,-0.010169,9.887143
1755405908910,0.270389,0.00658,9.870394
1755405908911,0.33021,-0.019741,9.877572
1755405908912,0.323031,-0.022134,9.894321
1755405908913,0.272782,-0.058026,9.877572
1755405908914,0.31346,-0.026919,9.896714
1755405908915,0.294317,-0.005384,9.865608
1755405908916,0.287139,-0.019741,9.88475
1755405908916,0.267996,-0.007777,9.879965
1755405908917,0.263211,-0.022134,9.865608
1755405908918,0.282353,-0.017348,9.891929
1755405908919,0.301496,-0.022134,9.88475
1755405908920,0.270389,-0.002991,9.879965
1755405908921,0.301496,-0.012562,9.875179
1755405908922,0.29671,-0.055633,9.891929
1755405908923,0.29671,-0.026919,9.887143
1755405908924,0.306281,-0.058026,9.88475
1755405908924,0.308674,-0.014955,9.875179
1755405908925,0.308674,-0.017348,9.9015
1755405908926,0.289532,-0.012562,9.88475
1755405908927,0.284746,-0.002991,9.899107
1755405908928,0.267996,0.013759,9.875179
1755405908929,0.248854,0.013759,9.894321
1755405908929,0.284746,-0.019741,9.9015
1755405908930,0.306281,-0.019741,9.870394
1755405908931,0.308674,-0.026919,9.889536
1755405908932,0.272782,-0.014955,9.911072
1755405908933,0.27996,0.001795,9.879965
1755405908934,0.277567,-0.034098,9.891929
1755405908935,0.275175,-0.019741,9.896714
1755405908936,0.248854,-0.034098,9.868001
1755405908936,0.301496,-0.024526,9.894321
1755405908936,0.306281,-0.000598,9.894321
1755405908937,0.267996,-0.007777,9.896714
1755405908937,0.277567,-0.005384,9.882358
1755405908937,0.318245,-0.029312,9.877572
1755405908938,0.306281,-0.034098,9.913465
1755405908938,0.306281,-0.050847,9.877572
1755405908938,0.332602,-0.031705,9.872787
1755405908939,0.294317,-0.010169,9.875179
1755405908939,0.33021,-0.022134,9.844072
1755405908939,0.277567,-0.019741,9.870394
1755405908940,0.287139,-0.007777,9.872787
1755405908940,0.299103,-0.005384,9.870394
1755405908940,0.277567,-0.014955,9.858429
1755405908941,0.263211,-0.005384,9.88475
1755405908941,0.299103,-0.005384,9.875179
1755405908941,0.291924,-0.022134,9.875179
1755405908944,0.275175,-0.017348,9.894321
1755405908947,0.287139,-0.010169,9.88475
1755405908948,0.284746,-0.046062,9.896714
1755405908950,0.301496,-0.036491,9.88475
1755405908953,0.27996,-0.005384,9.879965
1755405908956,0.282353,-0.029312,9.860822
1755405908961,0.270389,-0.031705,9.899107
1755405908963,0.277567,-0.012562,9.865608
1755405908964,0.275175,-0.000598,9.872787
1755405908966,0.311067,-0.002991,9.879965
1755405908967,0.308674,-0.036491,9.879965
1755405908969,0.270389,-0.036491,9.887143
1755405908972,0.294317,0.018544,9.877572
1755405908975,0.277567,-0.012562,9.891929
1755405908980,0.315853,0.008973,9.860822
1755405908983,0.282353,0.00658,9.872787
1755405908984,0.289532,-0.010169,9.882358
1755405908985,0.284746,0.008973,9.879965
1755405908986,0.294317,-0.000598,9.856036
1755405908988,0.272782,-0.014955,9.891929
1755405908993,0.267996,-0.000598,9.879965
1755405908994,0.258425,-0.017348,9.868001
1755405908996,0.294317,-0.019741,9.875179
1755405908998,0.287139,-0.010169,9.891929
1755405909001,0.291924,-0.007777,9.879965
1755405909003,0.284746,-0.026919,9.879965
1755405909005,0.303888,-0.007777,9.868001
1755405909010,0.320638,-0.014955,9.865608
1755405909011,0.275175,-0.029312,9.896714
1755405909013,0.299103,-0.012562,9.903893
1755405909016,0.287139,-0.012562,9.887143
1755405909017,0.306281,0.001795,9.891929
1755405909020,0.315853,-0.007777,9.899107
1755405909022,0.299103,-0.002991,9.872787
1755405909025,0.284746,-0.005384,9.875179
1755405909032,0.284746,-0.005384,9.879965
1755405909034,0.29671,-0.005384,9.882358
1755405909034,0.289532,-0.012562,9.860822
1755405909035,0.303888,-0.041276,9.879965
1755405909037,0.272782,-0.000598,9.872787
1755405909039,0.299103,0.001795,9.870394
1755405909043,0.294317,-0.017348,9.868001
1755405909044,0.270389,-0.031705,9.858429
1755405909046,0.239282,-0.024526,9.877572
1755405909049,0.29671,-0.019741,9.877572
1755405909051,0.248854,-0.022134,9.882358
1755405909053,0.299103,-0.038883,9.856036
1755405909056,0.263211,-0.034098,9.882358
1755405909058,0.311067,0.00658,9.860822
1755405909061,0.277567,-0.029312,9.887143
1755405909063,0.284746,-0.005384,9.877572
1755405909065,0.315853,-0.002991,9.882358
1755405909068,0.284746,-0.029312,9.865608
1755405909070,0.270389,-0.000598,9.856036
1755405909073,0.267996,-0.022134,9.882358
1755405909075,0.267996,-0.010169,9.860822
1755405909078,0.289532,-0.038883,9.872787
1755405909080,0.284746,-0.022134,9.877572
1755405909082,0.306281,-0.022134,9.889536
1755405909085,0.311067,-0.029312,9.858429
1755405909087,0.299103,-0.024526,9.865608
1755405909089,0.275175,-0.036491,9.877572
1755405909092,0.299103,-0.022134,9.88475
1755405909095,0.29671,-0.012562,9.88475
1755405909097,0.287139,-0.000598,9.887143
1755405909099,0.27996,-0.026919,9.889536
1755405909101,0.306281,-0.019741,9.903893
1755405909104,0.29671,-0.010169,9.877572
1755405909106,0.270389,-0.017348,9.9015
1755405909109,0.27996,-0.022134,9.872787
1755405909111,0.294317,-0.010169,9.875179
1755405909114,0.303888,-0.031705,9.879965
1755405909116,0.270389,-0.019741,9.875179
1755405909118,0.303888,-0.007777,9.865608
1755405909120,0.291924,-0.017348,9.88475
1755405909123,0.272782,-0.055633,9.875179
1755405909125,0.299103,-0.002991,9.875179
1755405909129,0.275175,0.013759,9.856036
1755405909130,0.284746,-0.031705,9.870394
1755405909133,0.284746,0.004187,9.865608
1755405909135,0.260818,0.004187,9.882358
1755405909138,0.272782,-0.022134,9.865608
1755405909140,0.291924,0.001795,9.882358
1755405909143,0.320638,0.001795,9.879965
1755405909146,0.31346,-0.034098,9.887143
1755405909148,0.291924,-0.031705,9.899107
1755405909149,0.267996,-0.014955,9.889536
1755405909152,0.270389,-0.002991,9.868001
1755405909154,0.256032,-0.017348,9.894321
1755405909156,0.299103,0.008973,9.887143
1755405909159,0.294317,0.008973,9.870394
1755405909163,0.277567,-0.022134,9.853643
1755405909164,0.291924,-0.041276,9.868001
1755405909167,0.284746,-0.022134,9.868001
1755405909168,0.287139,-0.019741,9.870394
1755405909171,0.284746,-0.043669,9.9015
1755405909173,0.282353,-0.022134,9.882358
1755405909176,0.303888,-0.022134,9.865608
1755405909180,0.260818,-0.012562,9.891929
1755405909181,0.246461,-0.041276,9.860822
1755405909183,0.291924,-0.010169,9.889536
1755405909185,0.284746,-0.012562,9.887143
1755405909188,0.27996,0.00658,9.889536
1755405909190,0.265603,-0.010169,9.88475
1755405909193,0.287139,0.00658,9.891929
1755405909197,0.299103,-0.017348,9.88475
1755405909198,0.275175,-0.029312,9.872787
1755405909200,0.27996,-0.019741,9.882358
1755405909202,0.272782,-0.017348,9.879965
1755405909204,0.29671,-0.010169,9.865608
1755405909207,0.323031,-0.024526,9.899107
1755405909210,0.275175,-0.041276,9.872787
1755405909212,0.301496,-0.031705,9.877572
1755405909214,0.256032,0.008973,9.868001
1755405909217,0.284746,-0.007777,9.872787
1755405909220,0.282353,0.00658,9.863214
1755405909221,0.239282,-0.005384,9.872787
1755405909223,0.282353,-0.012562,9.856036
1755405909226,0.308674,0.004187,9.896714
1755405909228,0.299103,-0.029312,9.872787
1755405909231,0.301496,-0.017348,9.896714
1755405909233,0.265603,-0.031705,9.877572
1755405909235,0.301496,-0.062812,9.882358
1755405909238,0.275175,-0.014955,9.882358
1755405909240,0.291924,-0.022134,9.9015
1755405909243,0.299103,-0.043669,9.870394
1755405909245,0.260818,-0.026919,9.887143
1755405909248,0.301496,-0.026919,9.903893
1755405909250,0.284746,-0.007777,9.848858
1755405909253,0.265603,-0.029312,9.872787
1755405909255,0.265603,-0.024526,9.903893
1755405909257,0.284746,-0.010169,9.872787
1755405909260,0.282353,-0.017348,9.870394
1755405909262,0.277567,-0.010169,9.870394
1755405909265,0.27996,-0.010169,9.88475
1755405909267,0.287139,-0.022134,9.872787
1755405909269,0.339781,0.013759,9.868001
1755405909271,0.337388,-0.002991,9.891929
1755405909274,0.282353,-0.010169,9.899107
1755405909277,0.291924,-0.002991,9.88475
1755405909279,0.291924,-0.019741,9.865608
1755405909282,0.294317,-0.012562,9.891929
1755405909285,0.265603,-0.031705,9.872787
1755405909286,0.282353,-0.026919,9.877572
1755405909288,0.27996,-0.017348,9.882358
1755405909290,0.272782,0.008973,9.894321
1755405909293,0.320638,-0.031705,9.868001
1755405909296,0.301496,-0.024526,9.870394
1755405909298,0.270389,-0.022134,9.887143
1755405909301,0.284746,-0.022134,9.848858
1755405909303,0.289532,-0.034098,9.88475
1755405909305,0.263211,-0.019741,9.891929
1755405909307,0.267996,-0.002991,9.868001
1755405909310,0.287139,-0.014955,9.877572
1755405909312,0.33021,-0.017348,9.856036
1755405909315,0.275175,-0.010169,9.865608
1755405909317,0.31346,-0.029312,9.868001
1755405909320,0.294317,0.008973,9.896714
1755405909322,0.291924,-0.010169,9.887143
1755405909324,0.301496,0.00658,9.868001
1755405909327,0.282353,0.008973,9.879965
1755405909329,0.287139,-0.000598,9.882358
1755405909332,0.272782,0.008973,9.863214
1755405909334,0.253639,-0.005384,9.887143
1755405909336,0.256032,-0.024526,9.889536
1755405909338,0.306281,-0.024526,9.879965
1755405909341,0.263211,-0.024526,9.868001
1755405909344,0.308674,-0.002991,9.872787
1755405909346,0.31346,-0.005384,9.887143
1755405909350,0.301496,-0.034098,9.877572
1755405909351,0.320638,-0.002991,9.875179
1755405909353,0.263211,0.004187,9.863214
1755405909355,0.270389,-0.002991,9.875179
1755405909358,0.27996,-0.012562,9.887143
1755405909360,0.260818,-0.012562,9.882358
1755405909363,0.303888,0.001795,9.860822
1755405909367,0.306281,-0.041276,9.896714
1755405909369,0.29671,-0.002991,9.891929
1755405909370,0.289532,-0.012562,9.875179
1755405909372,0.289532,-0.026919,9.894321
1755405909375,0.287139,-0.034098,9.882358
1755405909377,0.253639,-0.026919,9.894321
1755405909379,0.291924,0.001795,9.88475
1755405909384,0.294317,0.001795,9.868001
1755405909385,0.306281,-0.017348,9.868001
1755405909387,0.275175,-0.007777,9.844072
1755405909389,0.267996,-0.017348,9.88475
1755405909391,0.289532,-0.046062,9.889536
1755405909394,0.287139,-0.014955,9.882358
1755405909396,0.287139,-0.048455,9.891929
1755405909399,0.289532,-0.038883,9.860822
1755405909402,0.294317,-0.019741,9.896714
1755405909404,0.277567,-0.014955,9.903893
1755405909406,0.287139,-0.005384,9.872787
1755405909408,0.315853,-0.034098,9.891929
1755405909411,0.315853,-0.017348,9.863214
1755405909413,0.284746,-0.005384,9.853643
1755405909415,0.263211,-0.043669,9.858429
1755405909418,0.277567,-0.024526,9.906285
1755405909420,0.287139,0.001795,9.877572
1755405909424,0.284746,0.001795,9.91825
1755405909425,0.29671,-0.029312,9.872787
1755405909427,0.277567,-0.007777,9.860822
1755405909429,0.27996,0.011366,9.863214
1755405909432,0.315853,-0.019741,9.858429
1755405909435,0.287139,-0.048455,9.865608
1755405909438,0.234497,0.00658,9.839287
1755405909439,0.265603,-0.005384,9.889536
1755405909442,0.270389,-0.029312,9.891929
1755405909444,0.303888,-0.012562,9.868001
1755405909446,0.284746,0.004187,9.887143
1755405909449,0.325424,-0.024526,9.858429
1755405909453,0.318245,-0.034098,9.856036
1755405909455,0.267996,-0.041276,9.9015
1755405909456,0.299103,0.001795,9.834501
1755405909458,0.265603,-0.002991,9.906285
1755405909461,0.287139,0.00658,9.949656
1755405909463,0.301496,0.004187,9.820144
1755405909465,0.239282,-0.046062,9.927821
1755405909468,0.344566,-0.038883,9.786645
1755405909470,0.236889,0.02333,10.121939
1755405909473,0.342174,0.02333,9.690931
1755405909475,0.239282,-0.098704,9.952048
1755405909478,0.349352,-0.029312,9.82493
1755405909480,0.282353,-0.026919,9.848858
1755405909482,0.291924,0.037687,9.865608
1755405909486,0.318245,-0.022134,9.810573
1755405909487,0.188734,-0.041276,10.081261
1755405909489,0.385244,0.059222,9.674182
1755405909492,0.224925,-0.038883,10.155438
1755405909495,0.361316,-0.031705,9.657433
1755405909497,0.241675,-0.024526,9.973584
1755405909499,0.325424,-0.026919,9.760324
1755405909502,0.256032,-0.05324,9.934999
1755405909506,0.380459,0.020937,9.781859
1755405909507,0.232104,-0.002991,10.050154
1755405909508,0.33021,0.032901,9.724431
1755405909511,0.251246,-0.072383,10.011869
1755405909513,0.311067,-0.029312,9.817751
1755405909516,0.270389,-0.010169,9.882358
1755405909519,0.287139,0.008973,9.930214
1755405909521,0.315853,-0.010169,9.82493
1755405909523,0.284746,-0.010169,9.911072
1755405909526,0.270389,-0.058026,9.865608
1755405909528,0.33021,-0.029312,9.872787
1755405909530,0.265603,-0.000598,9.903893
1755405909533,0.289532,-0.005384,9.875179
1755405909536,0.289532,-0.014955,9.865608
1755405909538,0.299103,-0.026919,9.887143
1755405909540,0.263211,-0.029312,9.882358
1755405909543,0.267996,-0.029312,9.870394
1755405909545,0.284746,0.016152,9.903893
1755405909547,0.282353,-0.002991,9.882358
1755405909549,0.301496,-0.024526,9.875179
1755405909552,0.320638,-0.002991,9.879965
1755405909554,0.284746,-0.012562,9.88475
1755405909556,0.275175,-0.034098,9.887143
1755405909559,0.260818,-0.002991,9.870394
1755405909562,0.277567,-0.005384,9.891929
1755405909564,0.277567,-0.029312,9.887143
1755405909566,0.294317,-0.010169,9.865608
1755405909568,0.287139,0.02333,9.88475
1755405909571,0.299103,-0.024526,9.887143
1755405909573,0.277567,-0.041276,9.879965
1755405909576,0.251246,0.008973,9.896714
1755405909578,0.277567,-0.026919,9.877572
1755405909580,0.327817,-0.002991,9.88475
1755405909583,0.282353,-0.019741,9.891929
1755405909586,0.253639,-0.000598,9.868001
1755405909588,0.258425,-0.022134,9.872787
1755405909590,0.294317,0.004187,9.875179
1755405909593,0.263211,-0.010169,9.891929
1755405909595,0.277567,-0.005384,9.870394
1755405909597,0.33021,-0.05324,9.899107
1755405909599,0.270389,-0.029312,9.872787
1755405909602,0.303888,-0.014955,9.872787
1755405909604,0.284746,-0.017348,9.896714
1755405909608,0.256032,-0.017348,9.853643
1755405909609,0.232104,-0.041276,9.710074
1755405909612,0.277567,-0.014955,9.9015
1755405909614,0.291924,0.018544,9.803394
1755405909616,0.258425,-0.050847,9.911072
1755405909619,0.239282,-0.014955,9.88475
1755405909621,0.277567,-0.000598,9.848858
1755405909624,0.246461,0.030508,9.971191
1755405909629,0.277567,-0.000598,9.930214
1755405909630,0.323031,-0.038883,10.002297
1755405909631,0.244068,0.004187,9.877572
1755405909633,0.303888,0.02333,9.836894
1755405909635,0.260818,-0.029312,9.911072
1755405909639,0.342174,-0.048455,9.91825
1755405909641,0.334995,-0.026919,9.803394
1755405909643,0.241675,-0.050847,9.91825
1755405909645,0.349352,-0.012562,9.882358
1755405909648,0.294317,-0.034098,9.750752
1755405909650,0.236889,-0.014955,9.97837
1755405909652,0.315853,0.042473,9.870394
1755405909655,0.260818,-0.007777,9.793823
1755405909657,0.306281,-0.060419,9.877572
1755405909659,0.351745,0.011366,9.920643
1755405909662,0.294317,0.071186,9.846465
1755405909664,0.256032,-0.022134,9.810573
1755405909667,0.299103,-0.117847,9.949656
1755405909669,0.306281,0.044865,9.84168
1755405909672,0.248854,0.018544,9.870394
1755405909674,0.210568,0.013759,10.040583
1755405909677,0.433101,0.011366,9.611969
1755405909679,0.121735,-0.074776,10.203295
1755405909681,0.457029,0.013759,9.549755
1755405909683,0.181555,-0.055633,10.169795
1755405909686,0.392423,0.061615,9.719646
1755405909689,0.198604,-0.041276,10.066904
1755405909692,0.349352,0.00658,9.702896
1755405909693,0.258425,-0.122632,9.882358
1755405909696,0.301496,-0.005384,9.891929
1755405909698,0.378066,0.00658,9.84168
1755405909700,0.244068,0.052044,10.014262
1755405909703,0.346959,-0.024526,9.698111
1755405909706,0.191127,-0.041276,10.002297
1755405909710,0.409173,-0.029312,9.671789
1755405909711,0.179163,-0.012562,10.186545
1755405909712,0.392423,0.032901,9.556933
1755405909714,0.148056,-0.093918,10.157831
1755405909717,0.447458,0.011366,9.576077
1755405909719,0.164806,-0.058026,10.20808
1755405909723,0.433101,0.071186,9.611969
1755405909727,0.20339,-0.101097,10.121939
1755405909728,0.40678,0.011366,9.631111
1755405909730,0.244068,-0.050847,10.11476
1755405909731,0.344566,0.05683,9.659825
1755405909734,0.229711,-0.065204,10.040583
1755405909736,0.370888,-0.007777,9.710074
1755405909738,0.241675,-0.024526,10.102797
1755405909741,0.334995,0.059222,9.633504
1755405909743,0.232104,-0.084347,10.062119
1755405909746,0.337388,-0.007777,9.710074
1755405909748,0.241675,0.011366,10.062119
1755405909751,0.318245,0.061615,9.671789
1755405909753,0.241675,-0.093918,10.021441
1755405909755,0.327817,-0.017348,9.755538
1755405909758,0.248854,-0.007777,10.062119
1755405909760,0.33021,0.011366,9.65504
1755405909763,0.260818,-0.101097,10.031012
1755405909765,0.334995,-0.017348,9.781859
1755405909767,0.306281,0.047258,9.959227
1755405909770,0.308674,-0.034098,9.705289
1755405909772,0.270389,-0.081954,10.066904
1755405909775,0.301496,0.02333,9.777073
1755405909777,0.217747,-0.043669,9.868001
1755405909780,0.29671,-0.072383,9.983155
1755405909782,0.311067,0.018544,9.781859
1755405909784,0.217747,-0.065204,9.952048
1755405909786,0.29671,0.020937,9.827323
1755405909791,0.327817,-0.041276,9.937392
1755405909793,0.270389,-0.024526,9.879965
1755405909794,0.294317,-0.014955,9.860822
1755405909796,0.267996,-0.007777,9.858429
1755405909799,0.256032,-0.007777,9.942178
1755405909801,0.301496,-0.014955,9.920643
1755405909803,0.327817,-0.000598,9.983155
1755405909806,0.224925,0.011366,9.710074
1755405909808,0.282353,0.020937,9.82493
1755405909812,0.258425,0.020937,9.863214
1755405909813,0.284746,-0.029312,9.860822
1755405909815,0.342174,-0.029312,9.870394
1755405909818,0.258425,0.016152,9.803394
1755405909820,0.20339,0.011366,9.767502
1755405909823,0.241675,-0.041276,9.851251
1755405909826,0.382852,-0.041276,9.985548
1755405909829,0.33021,-0.05324,9.980762
1755405909831,0.42353,-0.077169,10.102797
1755405909833,0.385244,-0.05324,10.047761
1755405909835,0.299103,-0.046062,9.829716
1755405909837,0.263211,-0.041276,9.772287
1755405909839,0.251246,0.02333,9.877572
1755405909843,0.535992,-0.141775,10.277472
1755405909845,0.306281,-0.043669,9.793823
1755405909847,0.421137,-0.06999,10.076475
1755405909849,0.512064,-0.177667,10.083653
1755405909851,0.251246,-0.002991,9.683753
1755405909854,0.33021,0.080758,10.155438
1755405909856,0.435494,-0.031705,9.985548
1755405909859,0.08345,0.061615,9.499506
1755405909863,0.205783,-0.002991,9.786645
1755405909865,0.162413,0.052044,9.671789
1755405909866,0.327817,-0.031705,9.954441
1755405909868,0.208176,0.064008,9.741181
1755405909871,0.244068,0.008973,9.805787
1755405909873,0.239282,0.025723,9.762716
1755405909876,0.346959,-0.060419,10.064511
1755405909879,0.311067,-0.002991,9.762716
1755405909881,0.356531,-0.036491,10.133903
1755405909883,0.270389,0.04008,9.686146
1755405909885,0.29671,-0.012562,9.985548
1755405909887,0.270389,0.008973,9.801002
1755405909890,0.241675,-0.024526,9.961619
1755405909893,0.267996,0.02333,9.757931
1755405909895,0.270389,-0.029312,9.952048
1755405909897,0.306281,0.035294,9.877572
1755405909899,0.27996,-0.036491,9.891929
1755405909902,0.291924,-0.019741,9.834501
1755405909904,0.31346,-0.026919,9.877572
1755405909906,0.267996,0.008973,9.908679
1755405909910,0.287139,0.016152,9.812965
1755405909914,0.215354,-0.084347,10.03819
1755405909915,0.366102,0.028116,9.74836
1755405909917,0.241675,-0.046062,9.889536
1755405909918,0.224925,0.004187,9.985548
1755405909921,0.39003,-0.007777,9.717253
1755405909923,0.198604,-0.072383,10.093225
1755405909925,0.370888,-0.010169,9.652647
1755405909928,0.198604,-0.062812,10.052547
1755405909930,0.411565,0.001795,9.80818
1755405909933,0.183948,0.013759,10.021441
1755405909935,0.361316,0.02333,9.736395
1755405909937,0.208176,-0.110668,10.002297
1755405909940,0.311067,0.013759,9.786645
1755405909944,0.270389,-0.031705,9.906285
1755405909946,0.27996,0.028116,9.954441
1755405909947,0.320638,0.008973,9.777073
1755405909950,0.236889,-0.034098,9.939785
1755405909953,0.370888,-0.055633,9.707682
1755405909954,0.17677,0.001795,10.090832
1755405909957,0.370888,0.013759,9.705289
1755405909959,0.133699,-0.026919,10.121939
1755405909962,0.387637,-0.017348,9.607183
1755405909964,0.164806,-0.060419,10.11476
1755405909966,0.361316,0.075972,9.698111
1755405909968,0.260818,-0.017348,10.062119
1755405909971,0.323031,0.018544,9.79143
1755405909973,0.315853,-0.014955,9.908679
1755405909976,0.287139,-0.029312,9.827323
1755405909979,0.291924,-0.019741,9.906285
1755405909981,0.318245,0.016152,9.865608
1755405909983,0.282353,-0.029312,9.947263
1755405909986,0.31346,-0.014955,9.812965
1755405909988,0.29671,-0.034098,9.9015
1755405909990,0.311067,-0.022134,9.836894
1755405909993,0.294317,-0.005384,9.9015
1755405909996,0.31346,-0.019741,9.817751
1755405909999,0.299103,-0.019741,9.927821
1755405910000,0.315853,0.008973,9.82493
1755405910002,0.284746,-0.005384,9.944571
1755405910005,0.277567,-0.002991,9.846465
1755405910007,0.294317,-0.041276,9.906285
1755405910010,0.299103,-0.005384,9.856036
1755405910013,0.260818,-0.019741,9.932607
1755405910017,0.320638,-0.031705,9.856036
1755405910018,0.270389,-0.036491,9.920643
1755405910019,0.287139,0.001795,9.844072
1755405910021,0.248854,0.028116,9.913465
1755405910024,0.275175,-0.024526,9.848858
1755405910026,0.287139,-0.026919,9.927821
1755405910029,0.29671,-0.019741,9.844072
1755405910031,0.272782,-0.065204,9.875179
1755405910034,0.275175,0.011366,9.927821
1755405910036,0.354138,0.008973,9.851251
1755405910038,0.215354,-0.014955,10.033404
1755405910041,0.368495,-0.017348,9.650253
1755405910043,0.157627,-0.08674,10.076475
1755405910046,0.397209,0.018544,9.659825
1755405910049,0.236889,-0.098704,10.047761
1755405910050,0.332602,0.042473,9.77468
1755405910053,0.299103,-0.058026,9.889536
1755405910055,0.229711,0.004187,9.992726
1755405910057,0.363709,-0.024526,9.65504
1755405910060,0.12652,-0.06999,10.121939
1755405910064,0.425922,0.054437,9.609575
1755405910067,0.171984,-0.067597,10.086046
1755405910068,0.375673,0.064008,9.769895
1755405910069,0.244068,-0.060419,9.964012
1755405910072,0.236889,0.025723,9.908679
1755405910075,0.358923,-0.038883,9.762716
1755405910076,0.20339,-0.055633,10.074082
1755405910080,0.40678,0.00658,9.619147
1755405910084,0.171984,-0.093918,10.143475
1755405910085,0.366102,0.049651,9.731609
1755405910086,0.198604,-0.10349,9.992726
1755405910088,0.320638,0.090329,9.82493
1755405910091,0.318245,-0.019741,9.793823
1755405910093,0.224925,-0.034098,9.997512
1755405910096,0.363709,0.020937,9.671789
1755405910098,0.17677,-0.048455,10.160224
1755405910100,0.421137,0.044865,9.667004
1755405910103,0.186341,-0.058026,10.141082
1755405910105,0.385244,0.04008,9.690931
1755405910107,0.244068,-0.077169,9.944571
1755405910110,0.275175,0.025723,9.844072
1755405910112,0.289532,-0.058026,9.839287
1755405910115,0.205783,0.00658,10.03819
1755405910119,0.399601,0.032901,9.700503
1755405910120,0.140877,-0.079561,10.138689
1755405910122,0.421137,0.042473,9.643075
1755405910124,0.14327,-0.120239,10.035797
1755405910127,0.378066,0.052044,9.757931
1755405910129,0.256032,-0.06999,9.937392
1755405910132,0.287139,0.032901,9.932607
1755405910134,0.332602,-0.034098,9.731609
1755405910136,0.181555,-0.031705,10.033404
1755405910139,0.416351,-0.012562,9.640682
1755405910141,0.174377,-0.046062,10.126724
1755405910144,0.42353,0.037687,9.671789
1755405910146,0.14327,-0.031705,10.11476
1755405910149,0.337388,0.073579,9.726824
1755405910151,0.270389,-0.096311,9.9015
1755405910153,0.294317,0.001795,9.872787
1755405910156,0.334995,-0.043669,9.784252
1755405910158,0.200997,0.00658,10.117153
1755405910161,0.39003,0.037687,9.643075
1755405910163,0.133699,-0.062812,10.138689
1755405910166,0.437887,-0.019741,9.609575
1755405910168,0.19352,-0.101097,10.035797
1755405910171,0.354138,0.054437,9.82493
1755405910172,0.275175,-0.010169,9.949656
1755405910175,0.236889,0.049651,9.980762
1755405910177,0.416351,-0.05324,9.678967
1755405910179,0.164806,-0.115454,10.07169
1755405910182,0.445065,0.001795,9.611969
1755405910184,0.16002,-0.002991,10.18176
1755405910187,0.380459,0.05683,9.669396
1755405910189,0.167198,-0.089133,10.031012
1755405910191,0.349352,-0.058026,9.635897
1755405910194,0.241675,-0.067597,10.086046
1755405910197,0.315853,0.059222,9.80818
1755405910199,0.267996,-0.026919,9.927821
1755405910201,0.287139,-0.060419,9.817751
1755405910203,0.301496,-0.065204,9.937392
1755405910206,0.306281,-0.005384,9.870394
1755405910208,0.27996,-0.048455,9.906285
1755405910211,0.291924,-0.005384,9.84168
1755405910213,0.294317,-0.026919,9.906285
1755405910216,0.263211,-0.010169,9.882358
1755405910219,0.308674,-0.012562,9.839287
1755405910220,0.277567,-0.026919,9.872787
1755405910223,0.29671,0.018544,9.815358
1755405910225,0.308674,-0.029312,9.856036
1755405910227,0.277567,-0.036491,9.908679
1755405910230,0.267996,-0.005384,9.832108
1755405910233,0.234497,0.018544,9.91825
1755405910236,0.29671,0.004187,9.865608
1755405910238,0.308674,-0.012562,9.836894
1755405910240,0.258425,-0.024526,9.863214
1755405910242,0.282353,-0.026919,9.832108
1755405910244,0.284746,-0.034098,9.952048
1755405910246,0.282353,0.008973,9.801002
1755405910250,0.339781,-0.017348,9.932607
1755405910251,0.31346,0.020937,9.805787
1755405910254,0.284746,-0.012562,9.812965
1755405910256,0.251246,-0.012562,9.865608
1755405910259,0.282353,-0.024526,9.777073
1755405910261,0.244068,-0.024526,9.851251
1755405910263,0.299103,-0.007777,9.870394
1755405910266,0.318245,-0.010169,9.939785
1755405910269,0.294317,-0.034098,9.777073
1755405910271,0.282353,-0.06999,9.908679
1755405910273,0.241675,-0.029312,9.753145
1755405910275,0.337388,-0.029312,9.973584
1755405910278,0.260818,-0.031705,9.858429
1755405910281,0.272782,-0.000598,9.856036
1755405910283,0.265603,-0.000598,9.906285
1755405910285,0.239282,0.02333,9.827323
1755405910287,0.294317,-0.036491,9.865608
1755405910290,0.299103,-0.012562,9.942178
1755405910292,0.270389,-0.000598,9.894321
1755405910294,0.354138,-0.007777,9.964012
1755405910297,0.287139,0.011366,9.868001
1755405910299,0.334995,-0.022134,9.80818
1755405910302,0.291924,-0.034098,9.868001
1755405910304,0.263211,-0.029312,9.815358
1755405910307,0.27996,-0.065204,9.887143
1755405910309,0.306281,-0.043669,9.956834
1755405910311,0.301496,-0.000598,9.829716
1755405910313,0.241675,-0.026919,9.839287
1755405910316,0.323031,-0.029312,9.858429
1755405910319,0.282353,-0.029312,9.882358
1755405910321,0.267996,-0.034098,9.872787
1755405910323,0.306281,-0.017348,9.908679
1755405910326,0.29671,-0.038883,9.801002
1755405910328,0.275175,-0.002991,9.882358
1755405910330,0.287139,-0.029312,9.80818
1755405910333,0.29671,-0.041276,9.851251
1755405910336,0.282353,-0.074776,9.990334
1755405910339,0.342174,0.047258,9.839287
1755405910340,0.258425,0.013759,9.927821
1755405910345,0.277567,0.008973,9.856036
1755405910346,0.320638,-0.074776,9.753145
1755405910347,0.171984,-0.048455,9.992726
1755405910350,0.318245,0.004187,9.765109
1755405910352,0.253639,0.037687,10.007083
1755405910354,0.363709,-0.022134,9.729217
1755405910357,0.229711,-0.089133,9.983155
1755405910360,0.385244,-0.065204,9.717253
1755405910362,0.212961,-0.002991,10.100404
1755405910364,0.370888,0.047258,9.693324
1755405910366,0.198604,-0.05324,10.016655
1755405910369,0.411565,-0.034098,9.678967
1755405910371,0.19352,-0.012562,10.117153
1755405910373,0.392423,0.052044,9.68136
1755405910376,0.19352,-0.036491,10.045368
1755405910378,0.370888,-0.034098,9.678967
1755405910381,0.198604,-0.05324,10.119546
1755405910383,0.334995,0.080758,9.695718
1755405910386,0.200997,-0.060419,10.028619
1755405910388,0.358923,-0.024526,9.695718
1755405910391,0.198604,-0.079561,10.095618
1755405910393,0.323031,0.064008,9.722038
1755405910395,0.229711,-0.050847,10.023833
1755405910397,0.339781,-0.043669,9.710074
1755405910400,0.232104,-0.022134,10.088439
1755405910403,0.342174,0.044865,9.695718
1755405910405,0.236889,-0.038883,10.042975
1755405910407,0.339781,-0.038883,9.741181
1755405910409,0.248854,-0.000598,10.062119
1755405910412,0.356531,0.059222,9.71486
1755405910414,0.229711,-0.060419,10.035797
1755405910417,0.346959,-0.046062,9.745967
1755405910420,0.22014,0.028116,10.016655
1755405910422,0.351745,-0.000598,9.743574
1755405910424,0.200997,-0.036491,9.983155
1755405910426,0.325424,-0.010169,9.810573
1755405910429,0.234497,0.018544,9.971191
1755405910431,0.29671,-0.022134,9.765109
1755405910434,0.287139,-0.058026,9.964012
1755405910437,0.325424,0.004187,9.827323
1755405910439,0.256032,0.052044,9.942178
1755405910442,0.31346,-0.038883,9.801002
1755405910443,0.275175,-0.05324,9.915857
1755405910446,0.308674,-0.012562,9.868001
1755405910448,0.289532,0.011366,9.853643
1755405910451,0.294317,-0.072383,9.920643
1755405910452,0.277567,-0.043669,9.872787
1755405910456,0.287139,-0.034098,9.927821
1755405910459,0.272782,-0.012562,9.79143
1755405910460,0.277567,-0.067597,9.985548
1755405910463,0.29671,-0.000598,9.777073
1755405910465,0.260818,-0.024526,9.923036
1755405910467,0.301496,-0.034098,9.762716
1755405910471,0.258425,-0.010169,10.002297
1755405910472,0.31346,-0.007777,9.760324
1755405910475,0.222533,-0.05324,10.028619
1755405910477,0.346959,0.00658,9.891929
1755405910479,0.277567,-0.012562,9.889536
1755405910482,0.265603,-0.041276,9.82493
1755405910484,0.29671,-0.041276,9.9015
1755405910486,0.29671,-0.034098,9.796216
1755405910490,0.248854,-0.031705,9.875179
1755405910491,0.303888,-0.014955,9.987941
1755405910493,0.311067,0.004187,9.760324
1755405910496,0.253639,-0.014955,9.995119
1755405910499,0.325424,0.016152,9.803394
1755405910501,0.256032,-0.010169,9.882358
1755405910503,0.291924,-0.031705,9.863214
1755405910506,0.275175,0.028116,9.84168
1755405910508,0.282353,0.00658,9.911072
1755405910510,0.287139,-0.017348,9.877572
1755405910513,0.344566,-0.002991,9.834501
1755405910515,0.239282,-0.074776,9.913465
1755405910517,0.301496,-0.010169,9.827323
1755405910520,0.284746,-0.007777,9.84168
1755405910523,0.224925,-0.036491,9.942178
1755405910525,0.31346,0.016152,9.872787
1755405910527,0.234497,-0.041276,9.839287
1755405910530,0.282353,-0.038883,9.97837
1755405910532,0.344566,0.018544,9.760324
1755405910535,0.232104,-0.010169,9.899107
1755405910537,0.299103,-0.014955,9.949656
1755405910539,0.361316,0.02333,9.765109
1755405910542,0.227318,-0.036491,9.997512
1755405910544,0.334995,0.013759,9.846465
1755405910547,0.263211,-0.007777,9.906285
1755405910549,0.244068,-0.046062,9.834501
1755405910551,0.303888,-0.022134,9.944571
1755405910554,0.282353,0.013759,9.781859
1755405910557,0.251246,-0.024526,9.882358
1755405910559,0.315853,-0.022134,9.975977
1755405910562,0.287139,0.04008,9.726824
1755405910564,0.222533,-0.079561,10.016655
1755405910565,0.356531,0.020937,9.822537
1755405910568,0.258425,-0.000598,9.856036
1755405910570,0.253639,-0.029312,9.789038
1755405910574,0.311067,-0.019741,10.042975
1755405910575,0.325424,0.037687,9.858429
1755405910577,0.253639,-0.031705,9.834501
1755405910580,0.325424,-0.077169,9.834501
1755405910582,0.31346,-0.010169,9.915857
1755405910585,0.260818,0.001795,9.896714
1755405910587,0.306281,0.008973,9.846465
1755405910591,0.306281,-0.067597,9.980762
1755405910592,0.277567,-0.014955,9.77468
1755405910594,0.258425,-0.029312,9.934999
1755405910596,0.318245,-0.026919,9.784252
1755405910599,0.246461,-0.050847,10.033404
1755405910601,0.27996,0.042473,9.738789
1755405910604,0.251246,-0.043669,9.961619
1755405910608,0.325424,-0.036491,9.755538
1755405910609,0.229711,-0.024526,10.088439
1755405910611,0.334995,0.049651,9.738789
1755405910613,0.265603,-0.062812,9.992726
1755405910616,0.31346,-0.034098,9.769895
1755405910618,0.289532,-0.036491,9.889536
1755405910621,0.277567,0.02333,9.911072
1755405910623,0.323031,-0.002991,9.844072
1755405910626,0.244068,-0.038883,9.923036
1755405910629,0.277567,0.008973,9.827323
1755405910631,0.346959,-0.079561,10.047761
1755405910632,0.277567,-0.002991,9.79143
1755405910635,0.265603,-0.010169,9.913465
1755405910637,0.327817,0.028116,10.011869
1755405910640,0.29671,-0.034098,9.868001
1755405910643,0.449851,-0.041276,10.13151
1755405910645,0.222533,-0.043669,9.659825
1755405910647,0.346959,-0.048455,9.987941
1755405910650,0.267996,-0.036491,9.786645
1755405910652,0.430708,-0.093918,9.990334
1755405910654,0.088235,0.049651,9.506684
1755405910656,0.244068,0.00658,9.80818
1755405910660,0.200997,0.020937,9.872787
1755405910662,0.291924,-0.034098,9.738789
1755405910664,0.289532,-0.031705,9.839287
1755405910666,0.33021,-0.038883,9.844072
1755405910668,0.299103,-0.058026,9.975977
1755405910671,0.241675,-0.010169,9.669396
1755405910673,0.076271,0.054437,9.463614
1755405910676,0.179163,0.049651,9.889536
1755405910679,0.457029,-0.113061,10.045368
1755405910680,0.29671,-0.043669,9.877572
1755405910683,0.152842,0.052044,9.827323
1755405910686,0.291924,-0.014955,9.686146
1755405910687,0.124128,0.020937,9.631111
1755405910690,0.275175,-0.041276,9.9015
1755405910692,0.342174,-0.010169,9.920643
1755405910695,0.284746,-0.050847,9.856036
1755405910697,0.363709,-0.043669,10.00469
1755405910699,0.323031,-0.031705,9.805787
1755405910702,0.291924,0.032901,9.934999
1755405910704,0.29671,-0.017348,9.944571
1755405910707,0.299103,-0.031705,9.815358
1755405910710,0.277567,-0.043669,9.932607
1755405910712,0.303888,-0.017348,9.944571
1755405910714,0.239282,0.004187,9.812965
1755405910717,0.29671,-0.036491,9.868001
1755405910719,0.308674,-0.029312,9.9015
1755405910721,0.291924,-0.048455,9.860822
1755405910723,0.29671,0.018544,9.844072
1755405910727,0.270389,-0.029312,9.899107
1755405910729,0.306281,-0.034098,9.820144
1755405910731,0.241675,-0.065204,9.966406
1755405910733,0.294317,0.059222,9.851251
1755405910735,0.258425,-0.041276,9.805787
1755405910738,0.208176,-0.062812,10.042975
1755405910741,0.413958,0.00658,9.652647
1755405910745,0.183948,-0.024526,10.014262
1755405910746,0.337388,0.037687,9.882358
1755405910748,0.267996,-0.034098,9.815358
1755405910750,0.208176,-0.043669,10.007083
1755405910753,0.382852,-0.002991,9.71486
1755405910755,0.20339,-0.074776,9.999905
1755405910757,0.409173,0.054437,9.765109
1755405910761,0.183948,0.004187,10.011869
1755405910762,0.339781,-0.026919,9.741181
1755405910764,0.217747,-0.055633,9.911072
1755405910768,0.277567,-0.002991,9.877572
1755405910769,0.325424,-0.022134,9.834501
1755405910771,0.265603,0.052044,9.930214
1755405910774,0.318245,-0.000598,9.779466
1755405910778,0.20339,-0.034098,9.952048
1755405910780,0.385244,0.004187,9.736395
1755405910783,0.200997,-0.002991,10.098011
1755405910784,0.385244,0.011366,9.702896
1755405910786,0.179163,-0.034098,10.083653
1755405910788,0.40678,0.001795,9.671789
1755405910791,0.191127,-0.08674,10.119546
1755405910795,0.394816,0.025723,9.674182
1755405910796,0.195912,-0.06999,10.028619
1755405910799,0.368495,-0.060419,9.736395
1755405910800,0.265603,-0.002991,10.045368
1755405910803,0.346959,0.013759,9.705289
1755405910805,0.239282,-0.060419,10.050154
1755405910808,0.375673,0.020937,9.686146
1755405910810,0.188734,-0.019741,10.112368
1755405910813,0.337388,0.052044,9.674182
1755405910815,0.246461,-0.089133,10.045368
1755405910817,0.354138,-0.038883,9.702896
1755405910819,0.236889,-0.036491,10.074082
1755405910822,0.33021,0.032901,9.686146
1755405910824,0.248854,-0.06999,10.031012
1755405910826,0.346959,-0.029312,9.719646
1755405910829,0.227318,-0.038883,10.069297
1755405910831,0.332602,0.04008,9.705289
1755405910834,0.267996,-0.055633,10.014262
1755405910836,0.332602,-0.034098,9.753145
1755405910839,0.246461,-0.007777,10.062119
1755405910841,0.31346,0.032901,9.698111
1755405910843,0.332602,-0.043669,9.959227
1755405910846,0.315853,0.011366,9.822537
1755405910849,0.263211,0.013759,9.937392
1755405910851,0.251246,-0.034098,9.734002
1755405910854,0.323031,-0.077169,9.952048
1755405910856,0.346959,-0.014955,9.80818
1755405910858,0.253639,-0.005384,9.975977
1755405910860,0.356531,-0.029312,9.801002
1755405910863,0.29671,-0.05324,9.999905
1755405910865,0.323031,-0.010169,9.839287
1755405910868,0.232104,0.030508,9.856036
1755405910870,0.287139,-0.048455,9.817751
1755405910872,0.289532,-0.058026,9.942178
1755405910875,0.287139,0.00658,9.913465
1755405910877,0.251246,0.028116,9.820144
1755405910880,0.306281,-0.110668,9.834501
1755405910882,0.272782,-0.046062,9.894321
1755405910885,0.275175,0.00658,9.915857
1755405910887,0.306281,0.04008,9.858429
1755405910890,0.311067,-0.062812,9.848858
1755405910891,0.239282,-0.038883,9.879965
1755405910894,0.299103,0.028116,9.930214
1755405910897,0.306281,0.004187,9.848858
1755405910899,0.327817,-0.072383,9.903893
1755405910901,0.27996,-0.014955,9.848858
1755405910904,0.277567,0.011366,9.91825
1755405910905,0.294317,-0.012562,9.79143
1755405910908,0.320638,-0.093918,9.947263
1755405910910,0.325424,-0.005384,9.836894
1755405910914,0.318245,-0.002991,9.865608
1755405910916,0.272782,-0.024526,9.834501
1755405910918,0.320638,-0.007777,10.021441
1755405910920,0.27996,0.018544,9.812965
1755405910923,0.287139,-0.031705,9.891929
1755405910925,0.284746,-0.046062,9.863214
1755405910927,0.291924,-0.010169,9.856036
1755405910932,0.27996,-0.005384,9.887143
1755405910933,0.33021,-0.038883,9.848858
1755405910935,0.263211,-0.036491,9.88475
1755405910937,0.22014,-0.014955,9.815358
1755405910939,0.291924,-0.026919,9.829716
1755405910942,0.31346,-0.050847,9.891929
1755405910944,0.294317,-0.060419,9.757931
1755405910948,0.267996,-0.022134,9.836894
1755405910949,0.31346,0.008973,9.968799
1755405910951,0.277567,-0.026919,9.860822
1755405910954,0.253639,0.001795,9.887143
1755405910956,0.325424,-0.014955,9.903893
1755405910958,0.311067,-0.017348,9.887143
1755405910961,0.289532,-0.026919,9.887143
1755405910965,0.267996,-0.010169,9.872787
1755405910966,0.325424,-0.010169,10.040583
1755405910968,0.375673,-0.065204,9.961619
1755405910971,0.337388,-0.079561,10.059726
1755405910973,0.332602,-0.048455,9.801002
1755405910975,0.284746,-0.029312,9.879965
1755405910977,0.301496,-0.043669,9.925428
1755405910983,0.315853,-0.022134,9.887143
1755405910984,0.27996,-0.055633,9.827323
1755405910985,0.299103,-0.034098,9.781859
1755405910987,0.224925,-0.014955,9.812965
1755405910989,0.301496,0.013759,9.860822
1755405910992,0.260818,-0.005384,9.836894
1755405910994,0.311067,-0.024526,9.848858
1755405910997,0.239282,-0.024526,9.832108
1755405911000,0.27996,-0.014955,9.757931
1755405911002,0.308674,-0.017348,9.863214
1755405911004,0.253639,0.00658,9.887143
1755405911006,0.251246,-0.005384,9.872787
1755405911009,0.277567,-0.010169,9.853643
1755405911011,0.260818,-0.007777,9.839287
1755405911013,0.284746,-0.029312,9.879965
1755405911017,0.306281,0.001795,9.853643
1755405911019,0.260818,0.025723,9.908679
1755405911021,0.29671,-0.022134,9.836894
1755405911023,0.299103,-0.014955,9.877572
1755405911025,0.315853,-0.019741,9.860822
1755405911027,0.289532,-0.031705,9.908679
1755405911030,0.294317,0.004187,9.887143
1755405911032,0.277567,-0.026919,9.903893
1755405911035,0.306281,-0.034098,9.868001
1755405911037,0.289532,-0.029312,9.889536
1755405911039,0.318245,-0.022134,9.894321
1755405911043,0.301496,-0.014955,9.9015
1755405911044,0.270389,-0.026919,9.894321
1755405911047,0.251246,-0.010169,9.894321
1755405911049,0.256032,0.013759,9.870394
1755405911052,0.289532,-0.005384,9.879965
1755405911054,0.291924,-0.010169,9.870394
1755405911056,0.29671,-0.017348,9.879965
1755405911059,0.323031,-0.036491,9.887143
1755405911061,0.282353,-0.036491,9.887143
1755405911064,0.29671,-0.019741,9.896714
1755405911066,0.287139,-0.014955,9.781859
1755405911068,0.291924,-0.024526,9.952048
1755405911071,0.311067,0.013759,9.88475
1755405911073,0.270389,-0.012562,9.88475
1755405911076,0.299103,0.004187,9.846465
1755405911078,0.291924,-0.031705,9.839287
1755405911080,0.234497,0.004187,10.011869
1755405911084,0.334995,0.042473,9.789038
1755405911086,0.251246,-0.093918,9.82493
1755405911088,0.282353,-0.034098,9.968799
1755405911090,0.339781,0.016152,9.745967
1755405911093,0.22014,-0.022134,10.023833
1755405911095,0.380459,-0.024526,9.777073
1755405911097,0.210568,-0.022134,10.031012
1755405911100,0.351745,0.025723,9.683753
1755405911103,0.224925,-0.074776,10.064511
1755405911105,0.387637,-0.002991,9.662218
1755405911107,0.210568,-0.031705,10.078868
1755405911109,0.358923,0.013759,9.686146
1755405911111,0.19352,-0.036491,10.040583
1755405911114,0.39003,-0.012562,9.710074
1755405911118,0.198604,-0.046062,10.069297
1755405911121,0.354138,0.035294,9.657433
1755405911122,0.217747,-0.031705,10.014262
1755405911124,0.356531,-0.034098,9.765109
1755405911126,0.224925,0.004187,10.050154
1755405911129,0.366102,0.020937,9.707682
1755405911131,0.208176,-0.031705,10.026226
1755405911135,0.327817,-0.031705,9.743574
1755405911136,0.239282,-0.005384,10.064511
1755405911138,0.363709,-0.012562,9.71486
1755405911140,0.246461,-0.062812,10.05494
1755405911143,0.332602,-0.026919,9.724431
1755405911145,0.222533,0.030508,10.026226
1755405911148,0.334995,0.001795,9.734002
1755405911151,0.215354,-0.029312,9.997512
1755405911154,0.337388,0.013759,9.851251
1755405911155,0.236889,-0.007777,9.803394
1755405911158,0.318245,-0.081954,9.920643
1755405911160,0.320638,-0.002991,9.863214
1755405911162,0.275175,-0.002991,9.999905
1755405911164,0.31346,0.001795,9.722038
1755405911167,0.303888,-0.096311,9.995119
1755405911170,0.334995,0.035294,9.726824
1755405911172,0.205783,-0.010169,9.959227
1755405911175,0.306281,-0.002991,9.779466
1755405911176,0.258425,-0.026919,10.031012
1755405911178,0.327817,0.04008,9.68136
1755405911181,0.236889,-0.029312,10.016655
1755405911183,0.363709,-0.038883,9.741181
1755405911186,0.251246,-0.022134,10.021441
1755405911188,0.351745,-0.019741,9.726824
1755405911191,0.267996,-0.031705,10.028619
1755405911193,0.370888,-0.017348,9.801002
1755405911195,0.260818,0.016152,9.851251
1755405911198,0.236889,-0.05324,9.908679
1755405911200,0.320638,0.00658,9.829716
1755405911203,0.263211,-0.005384,9.91825
1755405911205,0.318245,-0.000598,9.798609
1755405911207,0.291924,-0.019741,10.00469
1755405911210,0.234497,0.018544,9.755538
1755405911212,0.227318,-0.050847,9.961619
1755405911215,0.308674,-0.031705,9.767502
1755405911217,0.267996,0.008973,10.016655
1755405911220,0.294317,0.001795,9.707682
1755405911224,0.258425,-0.031705,10.069297
1755405911225,0.323031,0.016152,9.762716
1755405911227,0.232104,0.032901,9.961619
1755405911229,0.287139,-0.038883,9.779466
1755405911231,0.227318,-0.031705,9.990334
1755405911234,0.31346,-0.000598,9.805787
1755405911236,0.232104,-0.007777,9.851251
1755405911239,0.318245,-0.050847,9.949656
1755405911241,0.301496,0.030508,9.827323
1755405911244,0.248854,-0.014955,9.920643
1755405911246,0.256032,0.00658,9.810573
1755405911248,0.325424,-0.007777,10.028619
1755405911250,0.291924,0.011366,9.712467
1755405911253,0.282353,-0.05324,10.062119
1755405911257,0.382852,0.020937,9.796216
1755405911258,0.258425,-0.031705,9.894321
1755405911260,0.284746,-0.058026,9.906285
1755405911264,0.303888,0.016152,9.820144
1755405911265,0.260818,-0.010169,9.863214
1755405911267,0.246461,-0.034098,9.903893
1755405911270,0.339781,0.00658,9.877572
1755405911272,0.244068,-0.031705,9.793823
1755405911274,0.289532,-0.022134,9.983155
1755405911278,0.351745,0.008973,9.77468
1755405911279,0.229711,-0.055633,9.934999
1755405911282,0.275175,-0.005384,9.942178
1755405911284,0.327817,-0.005384,9.777073
1755405911287,0.208176,-0.077169,10.040583
1755405911289,0.346959,-0.026919,9.844072
1755405911291,0.263211,0.032901,9.82493
1755405911294,0.241675,-0.046062,9.848858
1755405911296,0.303888,-0.055633,9.956834
1755405911298,0.303888,-0.043669,9.868001
1755405911301,0.241675,-0.005384,9.942178
1755405911304,0.332602,-0.005384,9.822537
1755405911306,0.275175,-0.038883,9.877572
1755405911308,0.253639,0.004187,9.932607
1755405911310,0.320638,0.020937,9.937392
1755405911313,0.251246,-0.036491,9.865608
1755405911315,0.27996,-0.048455,9.856036
1755405911318,0.303888,-0.024526,9.796216
1755405911321,0.282353,0.00658,9.913465
1755405911323,0.323031,-0.014955,9.860822
1755405911325,0.270389,-0.029312,9.9015
1755405911327,0.270389,-0.022134,9.832108
1755405911330,0.27996,-0.026919,9.877572
1755405911332,0.289532,-0.029312,9.889536
1755405911334,0.277567,-0.005384,9.942178
1755405911338,0.267996,0.001795,9.84168
1755405911342,0.287139,-0.041276,9.9015
1755405911343,0.287139,-0.017348,9.865608
1755405911344,0.294317,0.001795,9.836894
1755405911346,0.244068,-0.012562,9.942178
1755405911349,0.31346,-0.019741,9.856036
1755405911351,0.248854,-0.036491,9.84168
1755405911353,0.256032,-0.050847,9.949656
1755405911357,0.327817,-0.036491,9.836894
1755405911358,0.272782,-0.012562,9.925428
1755405911361,0.260818,0.00658,9.863214
1755405911363,0.301496,-0.026919,9.851251
1755405911367,0.277567,-0.029312,9.915857
1755405911368,0.303888,0.008973,9.829716
1755405911370,0.263211,-0.012562,9.939785
1755405911373,0.308674,-0.014955,9.80818
1755405911376,0.289532,-0.019741,9.903893
1755405911378,0.265603,-0.007777,9.903893
1755405911380,0.272782,-0.002991,9.860822
1755405911382,0.270389,-0.024526,9.9015
1755405911385,0.291924,-0.002991,9.810573
1755405911387,0.277567,-0.024526,9.906285
1755405911390,0.294317,-0.007777,9.875179
1755405911393,0.251246,-0.031705,9.875179
1755405911394,0.294317,-0.034098,9.868001
1755405911397,0.31346,-0.024526,9.877572
1755405911399,0.282353,-0.010169,9.877572
1755405911401,0.27996,0.018544,9.887143
1755405911404,0.31346,-0.007777,9.870394
1755405911406,0.31346,-0.024526,9.875179
1755405911409,0.301496,-0.005384,9.894321
1755405911411,0.291924,-0.029312,9.851251
1755405911414,0.291924,-0.024526,9.887143
1755405911416,0.284746,-0.038883,9.891929
1755405911419,0.306281,-0.05324,9.88475
1755405911420,0.299103,-0.010169,9.889536
1755405911423,0.291924,-0.007777,9.872787
1755405911425,0.308674,-0.024526,9.896714
1755405911428,0.294317,-0.036491,9.894321
1755405911430,0.299103,-0.012562,9.889536
1755405911433,0.31346,-0.010169,9.877572
1755405911435,0.256032,-0.002991,9.91825
1755405911437,0.311067,-0.010169,9.870394
1755405911440,0.315853,-0.012562,9.894321
1755405911442,0.31346,-0.031705,9.858429
1755405911445,0.289532,-0.014955,9.88475
1755405911447,0.265603,0.004187,9.899107
1755405911449,0.308674,-0.007777,9.860822
1755405911452,0.29671,-0.014955,9.903893
1755405911454,0.303888,-0.019741,9.856036
1755405911457,0.291924,-0.005384,9.908679
1755405911461,0.303888,-0.029312,9.870394
1755405911462,0.325424,-0.036491,9.894321
1755405911464,0.306281,-0.017348,9.882358
1755405911467,0.282353,-0.022134,9.872787
1755405911469,0.284746,-0.012562,9.877572
1755405911471,0.289532,-0.000598,9.877572
1755405911474,0.282353,-0.007777,9.879965
1755405911476,0.265603,-0.031705,9.894321
1755405911480,0.277567,-0.005384,9.870394
1755405911481,0.294317,-0.002991,9.875179
1755405911483,0.277567,0.001795,9.906285
1755405911485,0.287139,-0.017348,9.870394
1755405911488,0.272782,-0.000598,9.877572
1755405911491,0.265603,0.001795,9.863214
1755405911493,0.282353,-0.000598,9.889536
1755405911495,0.301496,-0.017348,9.889536
1755405911497,0.282353,-0.002991,9.88475
1755405911500,0.282353,0.018544,9.868001
1755405911502,0.289532,-0.031705,9.88475
1755405911504,0.27996,-0.007777,9.863214
1755405911508,0.265603,0.00658,9.889536
1755405911510,0.301496,0.00658,9.9015
1755405911512,0.291924,0.020937,9.896714
1755405911514,0.277567,0.004187,9.9015
1755405911516,0.27996,-0.010169,9.882358
1755405911519,0.29671,-0.007777,9.889536
1755405911521,0.301496,-0.036491,9.903893
1755405911527,0.291924,0.001795,9.870394
1755405911529,0.315853,0.004187,9.882358
1755405911530,0.275175,-0.019741,9.868001
1755405911531,0.260818,-0.007777,9.891929
1755405911533,0.287139,-0.007777,9.887143
1755405911536,0.33021,-0.012562,9.868001
1755405911538,0.275175,-0.046062,9.868001
1755405911542,0.277567,-0.036491,9.887143
1755405911544,0.277567,-0.029312,9.894321
1755405911545,0.260818,-0.026919,9.872787
1755405911548,0.282353,-0.022134,9.875179
1755405911550,0.306281,-0.036491,9.887143
1755405911552,0.323031,-0.012562,9.865608
1755405911555,0.306281,-0.024526,9.872787
1755405911557,0.244068,-0.031705,9.879965
1755405911560,0.287139,-0.048455,9.863214
1755405911563,0.306281,-0.034098,9.891929
1755405911564,0.287139,-0.034098,9.877572
1755405911567,0.287139,-0.012562,9.88475
1755405911570,0.282353,-0.022134,9.915857
1755405911572,0.282353,-0.022134,9.877572
1755405911574,0.289532,-0.012562,9.894321
1755405911577,0.27996,-0.055633,9.882358
1755405911579,0.299103,-0.036491,9.896714
1755405911582,0.277567,-0.012562,9.887143
1755405911583,0.270389,-0.010169,9.887143
1755405911586,0.267996,-0.041276,9.899107
1755405911588,0.284746,-0.019741,9.865608
1755405911591,0.287139,-0.000598,9.868001
1755405911593,0.289532,-0.046062,9.851251
1755405911596,0.277567,-0.024526,9.872787
1755405911598,0.251246,-0.014955,9.887143
1755405911600,0.277567,-0.005384,9.889536
1755405911603,0.282353,-0.012562,9.894321
1755405911605,0.270389,-0.029312,9.872787
1755405911608,0.272782,-0.026919,9.872787
1755405911610,0.289532,-0.014955,9.870394
1755405911612,0.246461,-0.007777,9.879965
1755405911615,0.311067,-0.026919,9.865608
1755405911617,0.303888,-0.017348,9.887143
1755405911619,0.31346,-0.031705,9.853643
1755405911622,0.284746,-0.007777,9.860822
1755405911624,0.311067,-0.005384,9.865608
1755405911631,0.263211,-0.014955,9.851251
1755405911633,0.256032,-0.038883,9.865608
1755405911634,0.267996,-0.048455,9.887143
1755405911635,0.27996,-0.019741,9.872787
1755405911636,0.282353,-0.019741,9.894321
1755405911639,0.260818,-0.002991,9.858429
1755405911641,0.289532,-0.012562,9.875179
1755405911644,0.284746,-0.038883,9.875179
1755405911647,0.277567,-0.031705,9.88475
1755405911648,0.270389,-0.022134,9.870394
1755405911651,0.299103,-0.012562,9.872787
1755405911653,0.308674,-0.017348,9.887143
1755405911655,0.270389,-0.019741,9.868001
1755405911658,0.303888,-0.012562,9.846465
1755405911661,0.284746,-0.031705,9.877572
1755405911664,0.267996,-0.034098,9.889536
1755405911665,0.277567,-0.024526,9.896714
1755405911667,0.294317,-0.005384,9.872787
1755405911670,0.29671,-0.048455,9.865608
1755405911673,0.27996,-0.010169,9.882358
1755405911675,0.277567,-0.017348,9.872787
1755405911678,0.282353,-0.024526,9.88475
1755405911681,0.270389,-0.022134,9.858429
1755405911683,0.272782,-0.000598,9.894321
1755405911684,0.287139,-0.014955,9.877572
1755405911686,0.27996,-0.024526,9.887143
1755405911689,0.272782,0.011366,9.88475
1755405911691,0.284746,-0.010169,9.889536
1755405911694,0.299103,-0.017348,9.870394
1755405911697,0.289532,-0.031705,9.891929
1755405911698,0.287139,-0.024526,9.836894
1755405911701,0.294317,-0.017348,9.865608
1755405911704,0.29671,-0.010169,9.868001
1755405911706,0.282353,-0.002991,9.872787
1755405911708,0.270389,-0.024526,9.88475
1755405911710,0.277567,-0.031705,9.896714
1755405911713,0.320638,0.001795,9.896714
1755405911717,0.306281,-0.014955,9.868001
1755405911719,0.320638,0.013759,9.868001
1755405911720,0.306281,-0.022134,9.856036
1755405911722,0.287139,-0.017348,9.877572
1755405911725,0.289532,-0.031705,9.868001
1755405911727,0.294317,-0.029312,9.877572
1755405911735,0.272782,-0.024526,9.870394
1755405911737,0.282353,-0.014955,9.865608
1755405911739,0.277567,-0.031705,9.889536
1755405911740,0.308674,-0.019741,9.870394
1755405911742,0.291924,-0.005384,9.882358
1755405911743,0.327817,-0.024526,9.872787
1755405911744,0.308674,-0.024526,9.894321
1755405911747,0.315853,-0.024526,9.877572
1755405911750,0.308674,-0.022134,9.872787
1755405911752,0.263211,-0.010169,9.891929
1755405911754,0.275175,-0.036491,9.894321
1755405911756,0.282353,-0.007777,9.879965
1755405911759,0.272782,-0.012562,9.877572
1755405911761,0.299103,-0.029312,9.858429
1755405911763,0.291924,-0.002991,9.870394
1755405911766,0.275175,-0.017348,9.911072
1755405911768,0.289532,-0.022134,9.851251
1755405911770,0.323031,-0.031705,9.872787
1755405911773,0.291924,-0.024526,9.9015
1755405911776,0.289532,0.011366,9.858429
1755405911778,0.267996,-0.024526,9.882358
1755405911780,0.265603,-0.026919,9.872787
1755405911783,0.275175,0.00658,9.868001
1755405911786,0.251246,-0.007777,9.894321
1755405911787,0.275175,-0.031705,9.887143
1755405911790,0.260818,0.00658,9.879965
1755405911792,0.267996,0.001795,9.9015
1755405911794,0.289532,-0.022134,9.879965
1755405911798,0.256032,-0.012562,9.877572
1755405911801,0.260818,-0.005384,9.853643
1755405911802,0.270389,0.00658,9.879965
1755405911804,0.277567,-0.024526,9.865608
1755405911806,0.301496,-0.000598,9.899107
1755405911809,0.291924,-0.005384,9.877572
1755405911811,0.275175,-0.000598,9.887143
1755405911814,0.270389,-0.017348,9.882358
1755405911816,0.289532,-0.017348,9.88475
1755405911819,0.29671,-0.036491,9.872787
1755405911821,0.320638,-0.029312,9.9015
1755405911823,0.277567,-0.010169,9.891929
1755405911826,0.289532,-0.005384,9.889536
1755405911828,0.282353,0.004187,9.872787
1755405911831,0.265603,-0.031705,9.875179
1755405911834,0.299103,-0.046062,9.889536
1755405911835,0.287139,-0.031705,9.882358
1755405911838,0.272782,-0.012562,9.88475
1755405911840,0.306281,-0.024526,9.870394
1755405911842,0.282353,-0.022134,9.865608
1755405911845,0.270389,-0.022134,9.875179
1755405911848,0.284746,-0.007777,9.863214
1755405911851,0.272782,-0.036491,9.9015
1755405911852,0.299103,-0.014955,9.848858
1755405911854,0.267996,-0.017348,9.877572
1755405911857,0.284746,-0.017348,9.903893
1755405911859,0.284746,-0.043669,9.872787
1755405911861,0.289532,-0.034098,9.9015
1755405911865,0.299103,-0.022134,9.894321
1755405911867,0.289532,-0.002991,9.882358
1755405911870,0.303888,-0.029312,9.870394
1755405911872,0.270389,-0.010169,9.887143
1755405911874,0.265603,-0.019741,9.879965
1755405911877,0.294317,-0.017348,9.872787
1755405911879,0.263211,-0.038883,9.877572
1755405911881,0.275175,-0.024526,9.899107
1755405911884,0.267996,-0.005384,9.879965
1755405911885,0.277567,-0.019741,9.872787
1755405911888,0.294317,-0.014955,9.88475
1755405911890,0.325424,-0.026919,9.851251
1755405911893,0.277567,-0.031705,9.877572
1755405911895,0.27996,-0.002991,9.887143
1755405911897,0.301496,-0.010169,9.88475
1755405911900,0.27996,-0.022134,9.848858
1755405911902,0.251246,-0.036491,9.879965
1755405911904,0.282353,-0.022134,9.877572
1755405911908,0.303888,-0.002991,9.891929
1755405911909,0.287139,-0.019741,9.875179
1755405911912,0.29671,-0.034098,9.88475
1755405911914,0.320638,-0.022134,9.899107
1755405911917,0.299103,-0.024526,9.879965
1755405911921,0.301496,-0.024526,9.870394
1755405911921,0.291924,-0.031705,9.896714
1755405911924,0.294317,-0.014955,9.863214
1755405911927,0.272782,-0.014955,9.882358
1755405911928,0.29671,-0.002991,9.856036
1755405911931,0.289532,-0.019741,9.879965
1755405911934,0.284746,-0.012562,9.865608
1755405911936,0.299103,-0.024526,9.88475
1755405911939,0.277567,0.001795,9.877572
1755405911940,0.291924,-0.019741,9.894321
1755405911944,0.29671,-0.029312,9.88475
1755405911945,0.299103,-0.000598,9.877572
1755405911948,0.29671,-0.050847,9.875179
1755405911951,0.248854,-0.043669,9.882358
1755405911953,0.339781,-0.041276,9.88475
1755405911955,0.311067,-0.010169,9.9015
1755405911957,0.272782,0.001795,9.887143
1755405911960,0.291924,-0.022134,9.860822
1755405911962,0.275175,-0.012562,9.891929
1755405911964,0.277567,-0.026919,9.877572
1755405911967,0.260818,0.004187,9.875179
1755405911969,0.308674,0.001795,9.891929
1755405911972,0.291924,-0.029312,9.887143
1755405911974,0.301496,-0.041276,9.865608
1755405911977,0.308674,-0.026919,9.865608
1755405911979,0.287139,-0.000598,9.882358
1755405911981,0.275175,-0.010169,9.894321
1755405911985,0.289532,-0.007777,9.870394
1755405911987,0.27996,-0.038883,9.872787
1755405911989,0.282353,-0.026919,9.877572
1755405911991,0.277567,-0.026919,9.877572
1755405911994,0.27996,-0.038883,9.853643
1755405911996,0.27996,-0.007777,9.872787
1755405911998,0.33021,-0.043669,9.949656
1755405912001,0.260818,-0.024526,9.860822
1755405912003,0.277567,-0.036491,9.887143
1755405912005,0.299103,-0.007777,9.899107
1755405912008,0.301496,-0.010169,9.896714
1755405912010,0.275175,-0.029312,9.88475
1755405912012,0.318245,0.001795,9.887143
1755405912015,0.320638,-0.007777,9.875179
1755405912018,0.294317,-0.026919,9.875179
1755405912021,0.320638,-0.014955,9.870394
1755405912022,0.277567,-0.007777,9.872787
1755405912024,0.308674,-0.034098,9.860822
1755405912027,0.301496,-0.010169,9.882358
1755405912030,0.291924,-0.038883,9.879965
1755405912032,0.311067,-0.002991,9.875179
1755405912038,0.277567,-0.007777,9.879965
1755405912040,0.284746,-0.000598,9.882358
1755405912041,0.284746,0.00658,9.879965
1755405912042,0.284746,-0.043669,9.877572
1755405912044,0.287139,-0.041276,9.88475
1755405912046,0.284746,-0.014955,9.911072
1755405912049,0.294317,-0.017348,9.863214
1755405912051,0.27996,-0.024526,9.896714
1755405912054,0.311067,-0.046062,9.877572
1755405912055,0.325424,-0.036491,9.877572
1755405912058,0.284746,0.004187,9.877572
1755405912061,0.303888,-0.002991,9.860822
1755405912063,0.27996,-0.031705,9.9015
1755405912065,0.301496,-0.038883,9.872787
1755405912067,0.289532,-0.007777,9.896714
1755405912071,0.282353,-0.007777,9.879965
1755405912073,0.263211,0.004187,9.863214
1755405912075,0.29671,-0.036491,9.863214
1755405912077,0.294317,-0.022134,9.882358
1755405912080,0.303888,0.004187,9.872787
1755405912082,0.265603,-0.017348,9.856036
1755405912084,0.27996,-0.010169,9.887143
1755405912087,0.287139,-0.014955,9.88475
1755405912089,0.270389,-0.019741,9.906285
1755405912092,0.306281,-0.002991,9.899107
1755405912094,0.303888,-0.055633,9.906285
1755405912096,0.318245,-0.029312,9.894321
1755405912099,0.256032,-0.012562,9.887143
1755405912101,0.272782,-0.010169,9.872787
1755405912103,0.308674,-0.031705,9.870394
1755405912106,0.306281,-0.022134,9.882358
1755405912108,0.31346,-0.010169,9.882358
1755405912112,0.270389,-0.014955,9.877572
1755405912113,0.267996,-0.010169,9.872787
1755405912115,0.289532,-0.046062,9.879965
1755405912118,0.258425,-0.022134,9.879965
1755405912121,0.306281,-0.005384,9.858429
1755405912123,0.272782,-0.024526,9.887143
1755405912125,0.248854,-0.029312,9.88475
1755405912128,0.275175,-0.036491,9.865608
1755405912130,0.289532,-0.005384,9.894321
1755405912132,0.306281,-0.026919,9.879965
1755405912135,0.267996,-0.034098,9.889536
1755405912138,0.275175,-0.031705,9.875179
1755405912140,0.277567,-0.022134,9.870394
1755405912143,0.311067,-0.029312,9.891929
1755405912144,0.308674,-0.043669,9.868001
1755405912147,0.334995,-0.014955,9.891929
1755405912149,0.291924,-0.043669,9.865608
1755405912152,0.272782,-0.010169,9.88475
1755405912154,0.287139,-0.014955,9.879965
1755405912156,0.275175,-0.019741,9.882358
1755405912159,0.272782,-0.007777,9.879965
1755405912161,0.263211,-0.036491,9.891929
1755405912163,0.323031,-0.005384,9.872787
1755405912166,0.272782,-0.017348,9.860822
1755405912168,0.263211,-0.005384,9.882358
1755405912172,0.275175,-0.014955,9.872787
1755405912173,0.27996,-0.007777,9.868001
1755405912175,0.291924,-0.017348,9.868001
1755405912178,0.277567,-0.022134,9.853643
1755405912180,0.246461,-0.024526,9.877572
1755405912183,0.282353,-0.019741,9.863214
1755405912185,0.246461,-0.002991,9.908679
1755405912188,0.294317,-0.019741,9.875179
1755405912190,0.272782,0.004187,9.872787
1755405912193,0.323031,-0.019741,9.865608
1755405912195,0.277567,-0.041276,9.896714
1755405912197,0.27996,0.001795,9.858429
1755405912200,0.27996,-0.046062,9.903893
1755405912202,0.306281,-0.024526,9.863214
1755405912206,0.308674,-0.017348,9.899107
1755405912207,0.306281,-0.000598,9.896714
1755405912209,0.284746,-0.024526,9.805787
1755405912211,0.27996,-0.041276,9.896714
1755405912214,0.315853,-0.024526,9.891929
1755405912216,0.267996,-0.010169,9.801002
1755405912218,0.258425,-0.031705,9.932607
1755405912221,0.299103,-0.007777,9.891929
1755405912223,0.301496,0.028116,9.882358
1755405912226,0.251246,0.025723,9.980762
1755405912228,0.339781,-0.046062,9.628718
1755405912231,0.212961,-0.062812,10.100404
1755405912233,0.33021,0.030508,9.719646
1755405912235,0.253639,-0.012562,9.925428
1755405912238,0.294317,-0.012562,9.975977
1755405912241,0.277567,0.004187,9.798609
1755405912242,0.260818,-0.065204,9.927821
1755405912245,0.272782,-0.017348,9.870394
1755405912247,0.31346,-0.048455,9.860822
1755405912250,0.222533,-0.029312,9.906285
1755405912252,0.344566,-0.002991,9.863214
1755405912255,0.239282,-0.000598,9.889536
1755405912257,0.325424,-0.026919,9.872787
1755405912260,0.251246,-0.002991,9.856036
1755405912262,0.263211,-0.05324,9.887143
1755405912264,0.287139,-0.031705,9.872787
1755405912266,0.287139,-0.000598,9.891929
1755405912269,0.282353,0.018544,9.889536
1755405912271,0.31346,-0.024526,9.846465
1755405912275,0.270389,-0.014955,9.865608
1755405912276,0.299103,-0.043669,9.77468
1755405912279,0.29671,-0.036491,10.023833
1755405912281,0.294317,0.004187,9.937392
1755405912283,0.303888,-0.017348,9.827323
1755405912286,0.272782,-0.036491,9.860822
1755405912288,0.323031,-0.048455,9.822537
1755405912291,0.282353,-0.050847,9.927821
1755405912293,0.267996,0.090329,9.997512
1755405912295,0.289532,0.008973,9.736395
1755405912297,0.222533,-0.101097,9.934999
1755405912300,0.342174,-0.000598,9.798609
1755405912303,0.246461,-0.077169,9.851251
1755405912305,0.299103,0.011366,9.88475
1755405912308,0.315853,-0.065204,9.798609
1755405912310,0.208176,-0.041276,9.992726
1755405912312,0.363709,0.028116,9.657433
1755405912315,0.191127,-0.05324,10.150653
1755405912317,0.397209,0.030508,9.611969
1755405912319,0.145663,-0.110668,10.083653
1755405912321,0.37328,0.020937,9.724431
1755405912324,0.244068,-0.06999,9.944571
1755405912327,0.334995,0.018544,9.858429
1755405912329,0.323031,0.00658,9.781859
1755405912331,0.234497,-0.017348,10.035797
1755405912333,0.358923,0.025723,9.657433
1755405912336,0.208176,-0.093918,10.042975
1755405912338,0.37328,0.04008,9.755538
1755405912341,0.253639,-0.05324,9.889536
1755405912344,0.267996,0.004187,9.942178
1755405912346,0.387637,0.02333,9.710074
1755405912348,0.191127,-0.091525,9.956834
1755405912350,0.301496,0.02333,9.863214
1755405912353,0.339781,-0.014955,9.757931
1755405912355,0.215354,-0.074776,9.990334
1755405912359,0.325424,0.054437,9.860822
1755405912361,0.267996,0.030508,9.803394
1755405912362,0.224925,-0.060419,9.952048
1755405912365,0.397209,0.04008,9.903893
1755405912367,0.256032,-0.005384,9.865608
1755405912369,0.265603,-0.024526,9.903893
1755405912372,0.287139,-0.050847,9.882358
1755405912375,0.251246,-0.014955,9.889536
1755405912379,0.294317,-0.007777,9.848858
1755405912381,0.253639,-0.000598,9.899107
1755405912382,0.301496,-0.024526,9.860822
1755405912384,0.31346,-0.007777,9.844072
1755405912386,0.265603,-0.058026,9.899107
1755405912389,0.267996,-0.002991,9.899107
1755405912392,0.31346,-0.002991,9.836894
1755405912394,0.287139,-0.017348,9.908679
1755405912397,0.306281,-0.017348,9.868001
1755405912398,0.303888,-0.010169,9.875179
1755405912400,0.263211,-0.029312,9.939785
1755405912403,0.303888,-0.024526,9.846465
1755405912405,0.320638,-0.010169,9.882358
1755405912408,0.29671,-0.010169,9.899107
1755405912410,0.29671,-0.012562,9.858429
1755405912413,0.311067,-0.010169,9.879965
1755405912415,0.320638,-0.017348,9.9015
1755405912417,0.31346,-0.012562,9.836894
1755405912420,0.303888,-0.000598,9.925428
1755405912422,0.287139,-0.029312,9.870394
1755405912424,0.320638,-0.029312,9.9015
1755405912427,0.284746,-0.005384,9.920643
1755405912430,0.342174,-0.060419,9.971191
1755405912432,0.428315,-0.115454,9.97837
1755405912434,0.275175,-0.041276,9.868001
1755405912437,0.301496,-0.038883,9.693324
1755405912439,0.299103,-0.031705,9.856036
1755405912442,0.270389,-0.067597,9.753145
1755405912444,0.272782,-0.046062,9.834501
1755405912446,0.291924,-0.024526,9.846465
1755405912449,0.299103,-0.024526,9.815358
1755405912451,0.29671,-0.034098,9.789038
1755405912453,0.239282,-0.017348,9.777073
1755405912456,0.282353,-0.007777,9.815358
1755405912458,0.31346,-0.067597,10.035797
1755405912461,0.375673,-0.036491,9.959227
1755405912463,0.248854,-0.038883,9.829716
1755405912465,0.282353,-0.024526,9.959227
1755405912468,0.323031,-0.005384,9.796216
1755405912470,0.260818,-0.062812,9.956834
1755405912473,0.291924,-0.034098,9.877572
1755405912475,0.27996,-0.005384,9.851251
1755405912478,0.253639,-0.007777,9.944571
1755405912481,0.344566,0.004187,9.80818
1755405912484,0.29671,-0.043669,9.937392
1755405912485,0.294317,-0.017348,9.777073
1755405912487,0.224925,-0.019741,9.906285
1755405912490,0.327817,0.02333,9.810573
1755405912491,0.270389,-0.019741,10.023833
1755405912494,0.33021,0.00658,9.891929
1755405912497,0.344566,0.004187,9.865608
1755405912499,0.227318,-0.048455,9.975977
1755405912501,0.361316,0.016152,9.710074
1755405912504,0.232104,-0.058026,9.923036
1755405912506,0.265603,0.025723,9.942178
1755405912508,0.351745,0.011366,9.743574
1755405912511,0.155234,-0.019741,10.047761
1755405912513,0.382852,0.011366,9.698111
1755405912516,0.200997,-0.079561,10.00469
1755405912519,0.287139,0.054437,9.734002
1755405912521,0.263211,-0.038883,9.968799
1755405912523,0.265603,0.030508,9.906285
1755405912525,0.327817,-0.034098,9.738789
1755405912529,0.251246,-0.014955,9.997512
1755405912530,0.344566,-0.058026,9.822537
1755405912533,0.236889,0.037687,9.913465
1755405912535,0.378066,-0.012562,9.84168
1755405912537,0.27996,-0.058026,9.966406
1755405912540,0.351745,0.032901,9.676575
1755405912543,0.205783,-0.060419,10.138689
1755405912546,0.37328,0.064008,9.652647
1755405912548,0.150449,-0.031705,10.162617
1755405912549,0.349352,0.00658,9.638289
1755405912552,0.169591,-0.096311,10.150653
1755405912554,0.29671,0.05683,9.626326
1755405912556,0.164806,-0.024526,10.098011
1755405912559,0.306281,0.011366,9.640682
1755405912563,0.208176,-0.096311,10.074082
1755405912565,0.356531,0.042473,9.683753
1755405912566,0.239282,-0.026919,10.007083
1755405912568,0.327817,0.018544,9.664611
1755405912571,0.260818,-0.093918,10.062119
1755405912573,0.327817,0.071186,9.710074
1755405912575,0.306281,-0.036491,10.13151
1755405912578,0.299103,0.001795,9.712467
1755405912581,0.256032,-0.098704,10.011869
1755405912583,0.339781,0.025723,9.736395
1755405912585,0.232104,-0.007777,10.052547
1755405912588,0.325424,0.011366,9.738789
1755405912590,0.267996,-0.079561,9.975977
1755405912593,0.282353,-0.029312,9.793823
1755405912595,0.287139,-0.017348,9.934999
1755405912599,0.315853,-0.036491,9.784252
1755405912601,0.253639,-0.050847,9.983155
1755405912602,0.277567,0.02333,9.803394
1755405912605,0.234497,-0.000598,9.939785
1755405912607,0.263211,-0.029312,9.860822
1755405912609,0.27996,-0.034098,9.827323
1755405912611,0.244068,-0.038883,9.944571
1755405912614,0.287139,-0.000598,9.856036
1755405912616,0.287139,-0.019741,9.911072
1755405912619,0.27996,-0.010169,9.858429
1755405912621,0.260818,-0.026919,9.887143
1755405912623,0.29671,-0.022134,9.815358
1755405912626,0.256032,-0.041276,9.937392
1755405912628,0.318245,-0.022134,9.822537
1755405912631,0.287139,0.001795,9.913465
1755405912633,0.272782,-0.029312,9.820144
1755405912635,0.275175,-0.034098,9.949656
1755405912638,0.291924,-0.012562,9.820144
1755405912641,0.251246,-0.019741,9.889536
1755405912643,0.323031,-0.010169,9.903893
1755405912645,0.299103,0.00658,9.827323
1755405912648,0.277567,-0.038883,9.923036
1755405912650,0.323031,0.001795,9.868001
1755405912652,0.270389,0.052044,9.906285
1755405912655,0.248854,-0.022134,9.789038
1755405912657,0.256032,-0.043669,9.956834
1755405912659,0.323031,-0.002991,9.829716
1755405912662,0.267996,-0.024526,9.896714
1755405912665,0.287139,-0.074776,9.872787
1755405912667,0.284746,0.001795,9.903893
1755405912669,0.239282,-0.010169,9.820144
1755405912674,0.260818,-0.065204,9.875179
1755405912676,0.277567,-0.031705,9.942178
1755405912677,0.263211,0.020937,9.793823
1755405912679,0.244068,-0.079561,9.949656
1755405912682,0.33021,-0.005384,9.836894
1755405912686,0.260818,0.011366,9.954441
1755405912687,0.27996,-0.038883,9.74836
1755405912689,0.337388,-0.065204,10.059726
1755405912691,0.33021,0.00658,9.750752
1755405912693,0.227318,-0.022134,9.911072
1755405912696,0.27996,-0.036491,9.906285
1755405912699,0.315853,0.044865,9.84168
1755405912701,0.210568,-0.048455,9.877572
1755405912704,0.251246,-0.043669,9.9015
1755405912706,0.308674,-0.002991,9.956834
1755405912707,0.210568,0.001795,9.729217
1755405912710,0.251246,-0.065204,10.066904
1755405912712,0.342174,0.032901,9.74836
1755405912715,0.246461,-0.029312,9.887143
1755405912717,0.287139,-0.067597,9.875179
1755405912719,0.323031,0.042473,9.875179
1755405912722,0.275175,-0.022134,9.822537
1755405912724,0.289532,-0.06999,9.925428
1755405912726,0.332602,-0.007777,9.968799
1755405912729,0.244068,0.004187,9.736395
1755405912732,0.251246,-0.048455,9.999905
1755405912734,0.33021,0.001795,9.896714
1755405912736,0.265603,-0.010169,9.762716
1755405912738,0.258425,-0.062812,9.949656
1755405912741,0.342174,0.004187,9.863214
1755405912743,0.256032,-0.014955,9.724431
1755405912746,0.246461,-0.041276,10.026226
1755405912749,0.323031,0.00658,9.971191
1755405912751,0.258425,0.020937,9.690931
1755405912753,0.251246,-0.041276,10.064511
1755405912755,0.339781,0.037687,9.822537
1755405912757,0.205783,-0.038883,9.803394
1755405912760,0.275175,-0.06999,9.932607
1755405912764,0.337388,0.013759,9.856036
1755405912765,0.256032,-0.041276,9.913465
1755405912768,0.272782,-0.06999,9.829716
1755405912770,0.308674,0.011366,9.932607
1755405912772,0.236889,-0.007777,9.810573
1755405912774,0.200997,-0.034098,9.983155
1755405912777,0.361316,0.008973,9.927821
1755405912779,0.224925,-0.005384,9.820144
1755405912782,0.299103,-0.043669,9.836894
1755405912784,0.346959,0.042473,9.856036
1755405912786,0.222533,-0.031705,9.949656
1755405912789,0.318245,-0.017348,9.79143
1755405912791,0.346959,0.00658,9.990334
1755405912793,0.251246,-0.036491,9.875179
1755405912796,0.27996,-0.055633,9.88475
1755405912798,0.31346,-0.050847,9.796216
1755405912801,0.239282,-0.010169,9.911072
1755405912804,0.308674,-0.029312,9.915857
1755405912805,0.334995,-0.000598,9.856036
1755405912808,0.277567,-0.031705,9.944571
1755405912810,0.311067,0.004187,9.698111
1755405912813,0.287139,0.028116,9.966406
1755405912815,0.256032,-0.019741,9.899107
1755405912818,0.265603,-0.048455,9.947263
1755405912821,0.337388,0.008973,9.906285
1755405912823,0.258425,-0.014955,9.786645
1755405912825,0.263211,-0.038883,9.930214
1755405912827,0.334995,0.004187,9.839287
1755405912829,0.217747,-0.022134,9.868001
1755405912832,0.308674,-0.026919,9.925428
1755405912835,0.287139,-0.005384,9.911072
1755405912837,0.284746,-0.005384,9.755538
1755405912839,0.222533,-0.05324,9.944571
1755405912842,0.334995,-0.046062,9.875179
1755405912844,0.244068,0.011366,9.944571
1755405912846,0.31346,0.004187,9.769895
1755405912849,0.239282,-0.065204,9.971191
1755405912853,0.358923,-0.050847,9.834501
1755405912854,0.258425,-0.010169,9.930214
1755405912856,0.344566,-0.014955,9.731609
1755405912858,0.244068,-0.026919,9.975977
1755405912861,0.334995,0.008973,9.865608
1755405912863,0.244068,-0.024526,9.908679
1755405912866,0.385244,0.001795,9.805787
1755405912868,0.248854,-0.058026,9.944571
1755405912871,0.251246,-0.022134,9.834501
1755405912873,0.308674,-0.048455,9.88475
1755405912875,0.267996,-0.029312,9.913465
1755405912877,0.339781,-0.000598,9.839287
1755405912880,0.253639,-0.010169,9.908679
1755405912882,0.318245,-0.031705,9.846465
1755405912886,0.267996,-0.029312,9.91825
1755405912888,0.306281,-0.046062,9.827323
1755405912890,0.301496,-0.017348,9.896714
1755405912892,0.315853,-0.034098,9.88475
1755405912894,0.272782,-0.019741,9.877572
1755405912897,0.337388,-0.012562,9.856036
1755405912900,0.284746,0.011366,9.894321
1755405912902,0.299103,0.008973,9.877572
1755405912904,0.265603,-0.029312,9.868001
1755405912906,0.282353,-0.010169,9.891929
1755405912909,0.270389,-0.019741,9.879965
1755405912911,0.270389,-0.022134,9.887143
1755405912913,0.327817,-0.012562,9.899107
1755405912916,0.287139,-0.012562,9.868001
1755405912919,0.253639,-0.024526,9.879965
1755405912923,0.291924,-0.014955,9.877572
1755405912924,0.275175,-0.005384,9.870394
1755405912926,0.272782,0.020937,9.872787
1755405912928,0.299103,-0.026919,9.894321
1755405912930,0.315853,-0.043669,9.891929
1755405912933,0.284746,-0.005384,9.88475
1755405912935,0.294317,-0.007777,9.891929
1755405912937,0.308674,-0.038883,9.872787
1755405912940,0.260818,-0.005384,9.903893
1755405912943,0.284746,-0.019741,9.863214
1755405912944,0.315853,-0.014955,9.882358
1755405912947,0.299103,-0.010169,9.858429
1755405912949,0.282353,-0.029312,9.88475
1755405912952,0.284746,-0.029312,9.870394
1755405912954,0.265603,-0.022134,9.872787
1755405912957,0.294317,-0.000598,9.891929
1755405912959,0.27996,-0.017348,9.879965
1755405912961,0.282353,-0.034098,9.88475
1755405912964,0.253639,-0.002991,9.906285
1755405912967,0.306281,-0.026919,9.877572
1755405912969,0.301496,-0.050847,9.872787
1755405912972,0.291924,-0.022134,9.872787
1755405912975,0.275175,0.008973,9.906285
1755405912976,0.275175,0.004187,9.882358
1755405912978,0.291924,-0.031705,9.848858
1755405912980,0.311067,-0.043669,9.865608
1755405912983,0.315853,-0.034098,9.887143
1755405912985,0.301496,-0.007777,9.870394
1755405912991,0.291924,-0.005384,9.889536
1755405912993,0.318245,-0.024526,9.920643
1755405912994,0.294317,-0.017348,9.868001
1755405912995,0.287139,-0.034098,9.875179
1755405912998,0.294317,-0.034098,9.846465
1755405913000,0.294317,-0.010169,9.9015
1755405913002,0.282353,-0.007777,9.882358
1755405913004,0.294317,0.00658,9.882358
1755405913007,0.299103,-0.029312,9.856036
1755405913009,0.301496,-0.000598,9.923036
1755405913012,0.315853,-0.022134,9.889536
1755405913014,0.303888,-0.024526,9.877572
1755405913017,0.31346,-0.031705,9.851251
1755405913019,0.303888,-0.026919,9.863214
1755405913022,0.284746,-0.029312,9.887143
1755405913024,0.27996,-0.014955,9.875179
1755405913026,0.311067,-0.024526,9.896714
1755405913028,0.301496,-0.019741,9.865608
1755405913031,0.318245,-0.024526,9.879965
1755405913033,0.289532,-0.029312,9.891929
1755405913036,0.291924,-0.041276,9.870394
1755405913038,0.270389,-0.022134,9.896714
1755405913041,0.315853,-0.017348,9.870394
1755405913043,0.294317,0.013759,9.877572
1755405913045,0.272782,0.028116,9.908679
1755405913048,0.308674,-0.043669,9.891929
1755405913050,0.301496,-0.036491,9.887143
1755405913053,0.299103,-0.002991,9.865608
1755405913056,0.284746,0.00658,9.88475
1755405913057,0.29671,-0.017348,9.865608
1755405913060,0.29671,-0.000598,9.899107
1755405913062,0.306281,-0.002991,9.894321
1755405913064,0.306281,0.011366,9.882358
1755405913067,0.27996,-0.007777,9.896714
1755405913069,0.291924,-0.029312,9.865608
1755405913072,0.337388,-0.002991,9.889536
1755405913074,0.29671,-0.014955,9.875179
1755405913077,0.303888,0.013759,9.899107
1755405913079,0.236889,-0.000598,9.889536
1755405913081,0.270389,-0.024526,9.870394
1755405913084,0.272782,-0.046062,9.868001
1755405913086,0.291924,-0.022134,9.877572
1755405913091,0.267996,-0.019741,9.882358
1755405913092,0.282353,-0.043669,9.91825
1755405913093,0.232104,-0.038883,9.894321
1755405913095,0.306281,-0.029312,9.846465
1755405913098,0.263211,-0.034098,9.908679
1755405913100,0.253639,-0.012562,9.870394
1755405913104,0.282353,-0.034098,9.875179
1755405913107,0.311067,-0.038883,9.896714
1755405913109,0.275175,-0.007777,9.856036
1755405913110,0.287139,-0.036491,9.896714
1755405913113,0.311067,-0.026919,9.896714
1755405913115,0.308674,-0.036491,9.860822
1755405913117,0.275175,-0.036491,9.879965
1755405913119,0.265603,0.013759,9.88475
1755405913122,0.275175,-0.005384,9.88475
1755405913125,0.291924,-0.026919,9.879965
1755405913127,0.275175,-0.014955,9.88475
1755405913130,0.289532,-0.026919,9.844072
1755405913132,0.267996,-0.022134,9.882358
1755405913134,0.287139,-0.014955,9.879965
1755405913136,0.289532,-0.034098,9.915857
1755405913139,0.267996,-0.019741,9.875179
1755405913143,0.27996,-0.048455,9.868001
1755405913144,0.308674,-0.002991,9.887143
1755405913146,0.270389,-0.007777,9.879965
1755405913148,0.263211,-0.000598,9.868001
1755405913151,0.332602,-0.017348,9.879965
1755405913153,0.275175,-0.048455,9.870394
1755405913155,0.275175,-0.002991,9.875179
1755405913158,0.272782,-0.034098,9.877572
1755405913161,0.294317,-0.007777,9.911072
1755405913163,0.29671,-0.000598,9.877572
1755405913165,0.272782,-0.017348,9.870394
1755405913168,0.260818,-0.017348,9.875179
1755405913170,0.267996,-0.031705,9.894321
1755405913172,0.306281,-0.031705,9.915857
1755405913175,0.282353,-0.031705,9.896714
1755405913177,0.275175,-0.024526,9.899107
1755405913179,0.291924,-0.026919,9.899107
1755405913182,0.287139,-0.022134,9.88475
1755405913184,0.267996,-0.034098,9.879965
1755405913187,0.291924,-0.034098,9.858429
1755405913189,0.284746,-0.029312,9.889536
1755405913192,0.308674,-0.017348,9.872787
1755405913194,0.315853,-0.022134,9.88475
1755405913196,0.29671,-0.026919,9.868001
1755405913199,0.246461,-0.019741,9.834501
1755405913201,0.253639,-0.019741,9.882358
1755405913203,0.275175,-0.007777,9.875179
1755405913206,0.287139,0.004187,9.877572
1755405913209,0.303888,-0.002991,9.887143
1755405913212,0.287139,-0.010169,9.879965
1755405913213,0.289532,-0.007777,9.872787
1755405913215,0.287139,-0.002991,9.882358
1755405913218,0.291924,-0.005384,9.906285
1755405913220,0.291924,-0.012562,9.899107
1755405913223,0.260818,-0.034098,9.894321
1755405913226,0.308674,0.016152,9.860822
1755405913228,0.306281,-0.002991,9.887143
1755405913230,0.260818,-0.005384,9.879965
1755405913232,0.270389,-0.002991,9.877572
1755405913235,0.272782,0.001795,9.887143
1755405913237,0.289532,-0.012562,9.879965
1755405913239,0.248854,-0.010169,9.88475
1755405913243,0.282353,-0.002991,9.865608
1755405913246,0.303888,-0.036491,9.882358
1755405913247,0.267996,0.001795,9.877572
1755405913249,0.267996,-0.005384,9.879965
1755405913252,0.291924,-0.048455,9.856036
1755405913254,0.299103,-0.002991,9.882358
1755405913256,0.284746,-0.024526,9.9015
1755405913260,0.311067,-0.031705,9.872787
1755405913261,0.294317,-0.031705,9.908679
1755405913263,0.299103,-0.048455,9.870394
1755405913266,0.289532,-0.031705,9.908679
1755405913268,0.258425,-0.024526,9.887143
1755405913270,0.320638,0.018544,9.88475
1755405913273,0.287139,0.020937,9.879965
1755405913277,0.270389,-0.010169,9.877572
1755405913279,0.277567,0.013759,9.879965
1755405913280,0.253639,0.020937,9.865608
1755405913282,0.241675,-0.022134,9.879965
1755405913285,0.282353,0.004187,9.879965
1755405913287,0.248854,-0.026919,9.877572
1755405913290,0.275175,-0.019741,9.872787
1755405913294,0.29671,-0.005384,9.887143
1755405913295,0.299103,-0.034098,9.863214
1755405913297,0.27996,-0.043669,9.875179
1755405913299,0.289532,-0.029312,9.856036
1755405913302,0.315853,-0.031705,9.820144
1755405913304,0.308674,-0.002991,10.002297
1755405913307,0.33021,0.04008,9.810573
1755405913311,0.277567,-0.034098,9.973584
1755405913312,0.277567,0.00658,9.84168
1755405913314,0.267996,-0.007777,9.724431
1755405913316,0.272782,-0.019741,9.906285
1755405913319,0.339781,0.016152,9.846465
1755405913321,0.210568,0.032901,10.035797
1755405913323,0.342174,0.013759,9.74836
1755405913325,0.265603,-0.060419,10.031012
1755405913328,0.339781,-0.029312,9.719646
1755405913331,0.244068,-0.010169,10.026226
1755405913333,0.33021,-0.007777,9.757931
1755405913335,0.251246,-0.062812,10.033404
1755405913337,0.344566,-0.050847,9.717253
1755405913340,0.234497,-0.000598,9.973584
1755405913345,0.346959,0.018544,9.734002
1755405913347,0.244068,-0.060419,10.07169
1755405913348,0.334995,0.001795,9.705289
1755405913351,0.246461,0.001795,9.992726
1755405913352,0.294317,-0.002991,9.77468
1755405913354,0.253639,-0.038883,9.975977
1755405913357,0.31346,-0.019741,9.920643
1755405913359,0.253639,0.020937,9.844072
1755405913362,0.323031,-0.048455,9.853643
1755405913364,0.294317,-0.034098,9.889536
1755405913367,0.270389,-0.048455,9.865608
1755405913369,0.287139,-0.012562,9.920643
1755405913371,0.33021,-0.014955,9.879965
1755405913374,0.234497,-0.007777,9.810573
1755405913376,0.244068,-0.060419,9.870394
1755405913379,0.284746,-0.022134,9.839287
1755405913381,0.282353,-0.034098,9.908679
1755405913383,0.277567,0.025723,9.891929
1755405913386,0.291924,0.00658,9.853643
1755405913388,0.265603,-0.022134,9.913465
1755405913390,0.308674,-0.014955,9.844072
1755405913393,0.289532,-0.010169,9.891929
1755405913396,0.294317,0.008973,9.894321
1755405913398,0.291924,-0.010169,9.88475
1755405913400,0.275175,0.004187,9.894321
1755405913403,0.287139,-0.005384,9.889536
1755405913405,0.301496,0.008973,9.891929
1755405913407,0.267996,0.001795,9.860822
1755405913410,0.299103,0.00658,9.863214
1755405913413,0.263211,-0.024526,9.875179
1755405913415,0.299103,-0.031705,9.868001
1755405913417,0.291924,-0.038883,9.879965
1755405913419,0.272782,-0.017348,9.846465
1755405913421,0.287139,-0.048455,9.868001
1755405913424,0.291924,-0.029312,9.882358
1755405913426,0.282353,-0.017348,9.903893
1755405913430,0.256032,-0.005384,9.836894
1755405913431,0.256032,-0.017348,9.88475
1755405913433,0.294317,-0.005384,9.882358
1755405913436,0.282353,-0.000598,9.848858
1755405913438,0.253639,-0.012562,9.995119
1755405913441,0.291924,-0.010169,9.698111
1755405913443,0.275175,-0.038883,9.937392
1755405913446,0.299103,0.011366,9.903893
1755405913448,0.282353,-0.012562,9.875179
1755405913450,0.277567,-0.034098,9.899107
1755405913453,0.308674,0.00658,9.82493
1755405913455,0.294317,-0.038883,9.899107
1755405913457,0.260818,-0.017348,9.834501
1755405913460,0.284746,-0.002991,9.88475
1755405913465,0.258425,-0.046062,9.891929
1755405913466,0.303888,-0.019741,10.014262
1755405913467,0.284746,0.011366,9.844072
1755405913470,0.289532,-0.024526,9.927821
1755405913472,0.301496,-0.005384,9.954441
1755405913474,0.248854,0.011366,9.829716
1755405913477,0.287139,-0.010169,9.812965
1755405913479,0.291924,-0.000598,9.896714
1755405913482,0.244068,-0.031705,9.851251
1755405913484,0.272782,-0.014955,9.952048
1755405913487,0.275175,-0.026919,9.896714
1755405913489,0.284746,-0.031705,9.896714
1755405913491,0.270389,-0.010169,9.844072
1755405913493,0.284746,-0.000598,9.860822
1755405913497,0.270389,-0.022134,9.870394
1755405913500,0.270389,-0.012562,9.930214
1755405913501,0.294317,0.028116,9.908679
1755405913503,0.287139,0.047258,9.964012
1755405913505,0.332602,-0.022134,9.717253
1755405913508,0.265603,-0.079561,9.923036
1755405913510,0.344566,-0.012562,9.803394
1755405913514,0.234497,-0.065204,9.908679
1755405913515,0.323031,0.018544,9.879965
1755405913517,0.282353,-0.019741,9.954441
1755405913520,0.251246,0.016152,9.934999
1755405913522,0.380459,-0.084347,9.686146
1755405913524,0.171984,-0.113061,10.040583
1755405913527,0.385244,0.011366,9.702896
1755405913529,0.181555,0.020937,10.160224
1755405913532,0.409173,0.061615,9.650253
1755405913534,0.167198,-0.10349,10.083653
1755405913537,0.397209,-0.050847,9.576077
1755405913539,0.191127,-0.077169,10.109975
1755405913542,0.37328,0.135793,9.796216
1755405913544,0.217747,-0.005384,10.009477
1755405913546,0.303888,-0.036491,9.769895
1755405913549,0.294317,-0.165703,9.793823
1755405913552,0.217747,-0.012562,9.961619
1755405913553,0.378066,0.052044,9.834501
1755405913556,0.186341,0.044865,10.05494
1755405913558,0.366102,-0.079561,9.600004
1755405913561,0.131306,-0.139382,10.069297
1755405913563,0.394816,0.004187,9.657433
1755405913566,0.179163,0.049651,10.224831
1755405913568,0.401994,0.025723,9.583255
1755405913571,0.164806,-0.160917,10.019048
1755405913573,0.380459,-0.026919,9.669396
1755405913575,0.22014,0.052044,10.20808
1755405913578,0.375673,0.092722,9.777073
1755405913580,0.248854,-0.108275,10.00469
1755405913582,0.342174,-0.062812,9.717253
1755405913586,0.232104,-0.014955,10.100404
1755405913587,0.320638,0.059222,9.729217
1755405913589,0.251246,-0.058026,9.947263
1755405913591,0.332602,-0.072383,9.798609
1755405913594,0.236889,0.004187,10.035797
1755405913597,0.289532,0.054437,9.772287
1755405913600,0.236889,-0.031705,9.906285
1755405913601,0.311067,-0.041276,9.834501
1755405913604,0.232104,-0.017348,9.932607
1755405913606,0.260818,0.008973,9.777073
1755405913608,0.263211,-0.010169,9.911072
1755405913610,0.308674,-0.048455,9.851251
1755405913613,0.272782,0.02333,9.961619
1755405913616,0.332602,0.016152,9.789038
1755405913619,0.284746,-0.048455,9.879965
1755405913621,0.287139,-0.074776,9.789038
1755405913622,0.260818,-0.000598,9.915857
1755405913625,0.282353,0.05683,9.834501
1755405913627,0.277567,-0.005384,9.906285
1755405913630,0.320638,-0.029312,9.784252
1755405913633,0.246461,-0.055633,9.983155
1755405913635,0.31346,0.037687,9.80818
1755405913638,0.272782,0.028116,10.002297
1755405913639,0.308674,-0.034098,9.793823
1755405913642,0.284746,-0.084347,9.925428
1755405913644,0.251246,0.052044,9.875179
1755405913646,0.294317,0.011366,9.889536
1755405913650,0.248854,0.004187,9.889536
1755405913652,0.31346,-0.065204,9.753145
1755405913654,0.195912,-0.055633,9.961619
1755405913656,0.344566,-0.012562,9.772287
1755405913659,0.208176,0.018544,10.033404
1755405913661,0.363709,-0.036491,9.683753
1755405913663,0.17677,-0.072383,10.059726
1755405913666,0.411565,-0.034098,9.674182
1755405913668,0.174377,0.00658,10.143475
1755405913671,0.39003,0.028116,9.616755
1755405913673,0.183948,-0.060419,10.11476
1755405913675,0.394816,-0.029312,9.659825
1755405913678,0.210568,-0.031705,10.133903
1755405913680,0.392423,0.016152,9.657433
1755405913682,0.200997,-0.091525,10.121939
1755405913685,0.366102,0.00658,9.71486
1755405913687,0.208176,-0.029312,10.002297
1755405913690,0.346959,-0.048455,9.719646
1755405913692,0.232104,-0.000598,10.05494
1755405913694,0.344566,0.00658,9.777073
1755405913697,0.222533,0.00658,9.923036
1755405913700,0.354138,-0.065204,9.810573
1755405913702,0.287139,-0.019741,9.959227
1755405913706,0.301496,0.011366,9.80818
1755405913707,0.210568,-0.014955,9.877572
1755405913709,0.306281,-0.06999,9.934999
1755405913711,0.248854,0.052044,9.868001
1755405913714,0.258425,-0.024526,9.887143
1755405913717,0.27996,-0.041276,9.913465
1755405913720,0.306281,-0.019741,9.990334
1755405913721,0.232104,0.018544,9.722038
1755405913723,0.256032,-0.074776,9.995119
1755405913726,0.327817,0.020937,9.798609
1755405913728,0.267996,0.004187,9.870394
1755405913730,0.256032,-0.031705,9.934999
1755405913733,0.375673,0.035294,9.796216
1755405913736,0.224925,-0.050847,9.91825
1755405913738,0.29671,-0.022134,9.844072
1755405913740,0.272782,-0.022134,9.875179
1755405913743,0.215354,0.011366,9.91825
1755405913745,0.27996,0.008973,9.870394
1755405913747,0.267996,-0.026919,9.911072
1755405913750,0.270389,-0.031705,9.882358
1755405913753,0.263211,-0.017348,9.882358
1755405913755,0.272782,-0.005384,9.879965
1755405913757,0.277567,-0.036491,9.908679
1755405913759,0.318245,-0.046062,9.865608
1755405913762,0.33021,-0.010169,9.894321
1755405913764,0.289532,-0.012562,9.846465
1755405913767,0.277567,-0.022134,9.879965
1755405913769,0.294317,-0.017348,9.844072
1755405913772,0.270389,-0.014955,9.896714
1755405913774,0.282353,-0.005384,9.863214
1755405913776,0.301496,-0.019741,9.877572
1755405913778,0.282353,-0.007777,9.875179
1755405913782,0.272782,0.00658,9.920643
1755405913783,0.277567,-0.005384,9.856036
1755405913786,0.270389,-0.024526,9.853643
1755405913788,0.275175,0.004187,9.877572
1755405913790,0.282353,-0.024526,9.923036
1755405913793,0.277567,-0.000598,9.815358
1755405913795,0.29671,-0.019741,9.894321
1755405913797,0.29671,-0.034098,9.913465
1755405913800,0.31346,-0.002991,9.966406
1755405913803,0.289532,0.035294,9.769895
1755405913805,0.33021,-0.077169,9.796216
1755405913807,0.246461,-0.050847,9.887143
1755405913809,0.306281,0.035294,9.923036
1755405913812,0.212961,0.061615,9.937392
1755405913814,0.375673,-0.012562,9.820144
1755405913817,0.208176,-0.031705,9.889536
1755405913820,0.349352,-0.062812,9.84168
1755405913824,0.241675,0.035294,9.975977
1755405913825,0.37328,-0.024526,9.865608
1755405913826,0.256032,-0.012562,9.891929
1755405913829,0.33021,-0.08674,9.836894
1755405913831,0.277567,0.02333,10.009477
1755405913834,0.311067,-0.014955,9.690931
1755405913837,0.256032,-0.043669,10.007083
1755405913839,0.327817,-0.031705,9.755538
1755405913841,0.27996,-0.036491,9.97837
1755405913843,0.308674,0.030508,9.789038
1755405913845,0.301496,-0.055633,9.983155
1755405913848,0.277567,-0.002991,9.899107
1755405913850,0.301496,-0.017348,9.736395
1755405913853,0.284746,-0.067597,10.086046
1755405913856,0.31346,0.032901,9.690931
1755405913857,0.222533,-0.038883,10.033404
1755405913860,0.284746,-0.007777,9.772287
1755405913863,0.248854,-0.031705,9.942178
1755405913864,0.315853,-0.000598,9.801002
1755405913867,0.244068,-0.031705,9.913465
1755405913869,0.323031,-0.017348,9.798609
1755405913872,0.248854,-0.000598,10.033404
1755405913874,0.29671,-0.014955,9.736395
1755405913877,0.222533,-0.036491,10.014262
1755405913879,0.306281,-0.005384,9.851251
1755405913881,0.246461,0.008973,9.822537
1755405913884,0.241675,-0.048455,9.954441
1755405913886,0.311067,-0.002991,9.798609
1755405913889,0.244068,-0.017348,9.944571
1755405913891,0.270389,0.011366,9.870394
1755405913893,0.299103,0.004187,9.832108
1755405913896,0.258425,-0.048455,9.9015
1755405913898,0.303888,0.008973,9.834501
1755405913900,0.263211,-0.000598,9.952048
1755405913903,0.256032,0.011366,9.903893
1755405913906,0.337388,-0.034098,9.84168
1755405913908,0.263211,-0.036491,9.899107
1755405913910,0.256032,-0.022134,9.789038
1755405913913,0.289532,-0.005384,9.9015
1755405913915,0.265603,-0.036491,9.91825
1755405913918,0.289532,-0.014955,9.836894
1755405913920,0.294317,-0.043669,9.913465
1755405913923,0.27996,-0.014955,9.84168
1755405913927,0.315853,0.001795,9.925428
1755405913928,0.275175,0.004187,9.944571
1755405913929,0.270389,-0.007777,9.925428
1755405913932,0.294317,-0.017348,9.882358
1755405913934,0.332602,-0.019741,9.927821
1755405913936,0.303888,-0.038883,9.882358
1755405913939,0.270389,-0.005384,9.887143
1755405913942,0.311067,-0.019741,9.934999
1755405913944,0.263211,0.011366,9.91825
1755405913946,0.318245,-0.012562,9.789038
1755405913948,0.29671,-0.026919,9.887143
1755405913951,0.289532,-0.014955,9.887143
1755405913953,0.320638,-0.055633,9.858429
1755405913956,0.311067,-0.007777,9.872787
1755405913959,0.277567,-0.046062,9.82493
1755405913960,0.260818,-0.000598,9.815358
1755405913963,0.289532,-0.026919,9.865608
1755405913965,0.31346,-0.036491,9.906285
1755405913968,0.311067,-0.022134,9.939785
1755405913970,0.27996,-0.002991,9.870394
1755405913974,0.284746,-0.022134,9.848858
1755405913977,0.31346,-0.022134,9.834501
1755405913978,0.308674,-0.010169,9.877572
1755405913980,0.29671,-0.005384,9.856036
1755405913982,0.265603,-0.041276,9.88475
1755405913985,0.315853,-0.026919,9.868001
1755405913987,0.275175,0.004187,9.889536
1755405913991,0.287139,-0.026919,9.903893
1755405913994,0.323031,-0.017348,9.91825
1755405913995,0.284746,-0.002991,9.870394
1755405913996,0.272782,-0.036491,9.889536
1755405913999,0.289532,0.004187,9.879965
1755405914001,0.267996,-0.019741,9.868001
1755405914004,0.303888,-0.019741,9.877572
1755405914007,0.303888,-0.026919,9.870394
1755405914009,0.272782,-0.019741,9.88475
1755405914011,0.287139,-0.002991,9.894321
1755405914013,0.27996,-0.034098,9.9015
1755405914016,0.282353,-0.019741,9.882358
1755405914018,0.287139,-0.026919,9.875179
1755405914020,0.291924,-0.014955,9.870394
1755405914024,0.260818,-0.031705,9.889536
1755405914028,0.284746,-0.024526,9.868001
1755405914029,0.265603,-0.019741,9.891929
1755405914030,0.272782,-0.019741,9.868001
1755405914032,0.256032,-0.014955,9.939785
1755405914035,0.306281,-0.050847,9.801002
1755405914037,0.253639,-0.024526,9.844072
1755405914042,0.272782,-0.005384,9.927821
1755405914044,0.318245,0.032901,9.877572
1755405914045,0.299103,-0.005384,9.925428
1755405914048,0.332602,-0.048455,9.801002
1755405914049,0.267996,-0.029312,9.987941
1755405914051,0.315853,0.042473,9.80818
1755405914054,0.275175,-0.010169,9.820144
1755405914056,0.272782,0.016152,10.026226
1755405914059,0.382852,-0.034098,9.695718
1755405914061,0.174377,-0.041276,10.078868
1755405914063,0.361316,-0.024526,9.667004
1755405914067,0.16002,-0.074776,10.035797
1755405914068,0.366102,0.037687,9.743574
1755405914071,0.215354,0.035294,10.062119
1755405914073,0.370888,0.049651,9.77468
1755405914076,0.258425,-0.074776,9.920643
1755405914080,0.284746,-0.065204,9.793823
1755405914081,0.308674,-0.08674,9.777073
1755405914083,0.229711,0.032901,10.002297
1755405914085,0.366102,0.020937,9.789038
1755405914087,0.191127,-0.031705,10.045368
1755405914090,0.382852,-0.010169,9.686146
1755405914093,0.167198,-0.110668,10.028619
1755405914095,0.404387,0.018544,9.74836
1755405914097,0.253639,-0.007777,9.949656
1755405914099,0.327817,0.064008,9.920643
1755405914102,0.33021,-0.022134,9.822537
1755405914104,0.188734,-0.041276,10.007083
1755405914107,0.39003,-0.024526,9.686146
1755405914110,0.195912,-0.072383,10.007083
1755405914111,0.337388,0.037687,9.784252
1755405914114,0.258425,-0.038883,9.911072
1755405914116,0.258425,0.013759,9.908679
1755405914119,0.318245,-0.002991,9.769895
1755405914121,0.195912,-0.065204,10.040583
1755405914123,0.401994,0.008973,9.71486
1755405914126,0.234497,-0.122632,9.966406
1755405914128,0.306281,-0.005384,9.79143
1755405914130,0.323031,-0.036491,9.848858
1755405914133,0.215354,-0.017348,10.035797
1755405914135,0.40678,0.061615,9.74836
1755405914138,0.188734,-0.062812,10.052547
1755405914140,0.33021,0.061615,9.872787
1755405914143,0.327817,-0.050847,9.762716
1755405914145,0.205783,-0.050847,10.03819
1755405914148,0.409173,0.00658,9.676575
1755405914150,0.164806,-0.113061,9.968799
1755405914152,0.318245,0.025723,9.815358
1755405914154,0.277567,-0.05324,9.882358
1755405914157,0.20339,0.013759,10.021441
1755405914160,0.401994,0.037687,9.729217
1755405914164,0.164806,-0.038883,10.088439
1755405914165,0.358923,0.037687,9.863214
1755405914167,0.277567,-0.079561,9.796216
1755405914169,0.244068,-0.05324,10.00469
1755405914171,0.385244,0.004187,9.68136
1755405914174,0.152842,-0.072383,10.016655
1755405914177,0.356531,0.059222,9.793823
1755405914181,0.263211,-0.043669,9.975977
1755405914183,0.248854,0.032901,9.915857
1755405914184,0.392423,-0.007777,9.698111
1755405914186,0.181555,-0.093918,10.083653
1755405914188,0.37328,0.013759,9.640682
1755405914191,0.224925,-0.105882,10.007083
1755405914194,0.323031,0.04008,9.846465
1755405914197,0.282353,0.061615,9.961619
1755405914199,0.289532,0.035294,9.925428
1755405914200,0.344566,-0.06999,9.719646
1755405914202,0.181555,-0.065204,9.980762
1755405914205,0.361316,0.004187,9.750752
1755405914207,0.217747,0.042473,10.100404
1755405914210,0.354138,0.044865,9.74836
1755405914212,0.224925,-0.093918,9.934999
1755405914215,0.334995,-0.074776,9.734002
1755405914217,0.229711,-0.022134,10.100404
1755405914219,0.325424,0.083151,9.781859
1755405914222,0.251246,-0.019741,9.937392
1755405914224,0.339781,-0.091525,9.767502
1755405914227,0.227318,-0.034098,10.045368
1755405914230,0.325424,0.052044,9.745967
1755405914232,0.251246,-0.014955,9.999905
1755405914234,0.318245,-0.038883,9.781859
1755405914236,0.267996,-0.007777,9.966406
1755405914238,0.303888,-0.005384,9.779466
1755405914241,0.29671,-0.041276,9.954441
1755405914243,0.334995,-0.031705,9.879965
1755405914246,0.248854,0.020937,9.882358
1755405914248,0.277567,-0.05324,9.872787
1755405914250,0.284746,-0.024526,9.860822
1755405914253,0.301496,-0.010169,9.817751
1755405914255,0.277567,0.004187,9.889536
1755405914258,0.289532,-0.05324,9.942178
1755405914260,0.294317,-0.010169,9.769895
1755405914263,0.246461,-0.046062,9.949656
1755405914266,0.267996,-0.002991,9.868001
1755405914268,0.301496,-0.007777,9.84168
1755405914272,0.27996,-0.031705,9.882358
1755405914274,0.294317,-0.000598,9.913465
1755405914275,0.320638,-0.014955,9.741181
1755405914277,0.289532,-0.058026,9.968799
1755405914280,0.294317,0.016152,9.980762
1755405914282,0.289532,0.049651,9.786645
1755405914285,0.227318,-0.050847,9.980762
1755405914286,0.311067,0.011366,9.949656
1755405914289,0.29671,-0.012562,9.820144
1755405914292,0.258425,-0.046062,9.781859
1755405914293,0.306281,-0.041276,9.887143
1755405914297,0.267996,-0.007777,9.743574
1755405914298,0.248854,-0.05324,9.846465
1755405914301,0.284746,-0.034098,10.028619
1755405914303,0.311067,0.004187,9.858429
1755405914306,0.227318,0.004187,9.952048
1755405914308,0.344566,0.00658,9.839287
1755405914311,0.294317,-0.005384,9.966406
1755405914313,0.277567,-0.043669,9.786645
1755405914315,0.282353,-0.031705,9.856036
1755405914317,0.308674,-0.048455,9.879965
1755405914320,0.270389,0.011366,9.798609
1755405914322,0.263211,-0.007777,9.932607
1755405914325,0.306281,0.025723,9.820144
1755405914327,0.258425,-0.043669,9.956834
1755405914330,0.294317,-0.022134,9.786645
1755405914333,0.332602,-0.012562,9.949656
1755405914335,0.287139,-0.038883,9.786645
1755405914337,0.275175,-0.067597,9.959227
1755405914339,0.339781,-0.050847,9.877572
1755405914343,0.277567,-0.017348,9.911072
1755405914344,0.315853,-0.036491,9.879965
1755405914348,0.287139,0.00658,9.822537
1755405914349,0.256032,-0.048455,9.992726
1755405914352,0.291924,-0.038883,9.810573
1755405914354,0.29671,0.004187,9.915857
1755405914356,0.294317,0.032901,9.765109
1755405914359,0.284746,-0.046062,9.980762
1755405914361,0.31346,-0.019741,9.915857
1755405914364,0.270389,-0.005384,9.822537
1755405914367,0.239282,-0.062812,9.942178
1755405914369,0.29671,-0.019741,9.832108
1755405914370,0.291924,-0.019741,9.80818
1755405914373,0.27996,-0.036491,9.820144
1755405914375,0.294317,-0.034098,10.045368
1755405914378,0.308674,0.008973,9.846465
1755405914380,0.222533,-0.010169,9.97837
1755405914383,0.272782,-0.010169,9.784252
1755405914385,0.284746,0.013759,9.9015
1755405914388,0.282353,-0.000598,9.803394
1755405914389,0.244068,-0.026919,9.920643
1755405914392,0.311067,-0.046062,9.870394
1755405914394,0.260818,-0.012562,9.923036
1755405914397,0.306281,0.016152,9.906285
1755405914399,0.320638,-0.000598,9.865608
1755405914401,0.299103,-0.058026,9.9015
1755405914404,0.284746,-0.031705,9.865608
1755405914406,0.282353,-0.007777,9.913465
1755405914409,0.236889,-0.024526,9.868001
1755405914411,0.284746,-0.007777,9.870394
1755405914413,0.294317,-0.034098,9.906285
1755405914416,0.287139,-0.012562,9.865608
1755405914418,0.277567,-0.010169,9.891929
1755405914420,0.284746,0.004187,9.829716
1755405914423,0.289532,-0.014955,9.870394
1755405914425,0.260818,-0.010169,9.868001
1755405914428,0.265603,-0.024526,9.88475
1755405914430,0.263211,-0.036491,9.911072
1755405914435,0.277567,0.008973,9.891929
1755405914437,0.265603,0.013759,9.889536
1755405914439,0.277567,-0.036491,9.88475
1755405914440,0.251246,-0.012562,9.879965
1755405914442,0.291924,-0.022134,9.856036
1755405914444,0.303888,-0.019741,9.899107
1755405914447,0.31346,0.00658,9.899107
1755405914449,0.289532,-0.014955,9.879965
1755405914452,0.311067,0.020937,9.891929
1755405914454,0.282353,-0.002991,9.877572
1755405914456,0.265603,-0.022134,9.875179
1755405914459,0.27996,-0.010169,9.846465
1755405914461,0.289532,-0.034098,9.903893
1755405914464,0.308674,-0.022134,9.853643
1755405914466,0.311067,-0.017348,9.889536
1755405914468,0.303888,-0.019741,9.870394
1755405914471,0.27996,-0.024526,9.868001
1755405914474,0.272782,-0.012562,9.858429
1755405914476,0.299103,-0.026919,9.870394
1755405914478,0.306281,-0.005384,9.887143
1755405914480,0.299103,-0.014955,9.891929
1755405914483,0.275175,-0.002991,9.887143
1755405914485,0.301496,-0.010169,9.858429
1755405914487,0.270389,-0.024526,9.868001
1755405914490,0.287139,-0.019741,9.906285
1755405914493,0.294317,-0.012562,9.906285
1755405914495,0.260818,-0.019741,9.882358
1755405914497,0.29671,-0.005384,9.846465
1755405914500,0.256032,-0.019741,9.891929
1755405914503,0.260818,0.016152,9.899107
1755405914504,0.275175,-0.012562,9.879965
1755405914507,0.306281,-0.019741,9.911072
1755405914509,0.284746,-0.019741,9.872787
1755405914511,0.299103,-0.046062,9.870394
1755405914514,0.284746,-0.043669,9.887143
1755405914517,0.289532,-0.012562,9.846465
1755405914519,0.284746,-0.017348,9.872787
1755405914521,0.272782,-0.060419,9.88475
1755405914523,0.299103,-0.038883,9.889536
1755405914526,0.244068,-0.038883,9.903893
1755405914528,0.311067,-0.026919,9.858429
1755405914531,0.287139,0.00658,9.88475
1755405914535,0.306281,-0.024526,9.9015
1755405914537,0.267996,-0.005384,9.815358
1755405914538,0.301496,-0.026919,9.865608
1755405914540,0.291924,-0.026919,9.920643
1755405914543,0.284746,-0.002991,9.891929
1755405914545,0.291924,-0.036491,9.894321
1755405914547,0.318245,-0.007777,9.877572
1755405914552,0.301496,-0.017348,9.870394
1755405914553,0.299103,-0.007777,9.879965
1755405914555,0.29671,0.004187,9.877572
1755405914558,0.282353,0.004187,9.872787
1755405914560,0.277567,-0.034098,9.853643
1755405914562,0.299103,-0.012562,9.877572
1755405914564,0.311067,-0.012562,9.853643
1755405914567,0.31346,-0.024526,9.9015
1755405914569,0.299103,-0.002991,9.875179
1755405914571,0.308674,-0.005384,9.879965
1755405914574,0.294317,0.001795,9.875179
1755405914576,0.275175,-0.019741,9.913465
1755405914579,0.282353,-0.002991,9.915857
1755405914581,0.284746,-0.031705,9.846465
1755405914583,0.284746,-0.034098,9.896714
1755405914586,0.315853,-0.048455,9.906285
1755405914589,0.289532,-0.029312,9.896714
1755405914591,0.277567,-0.029312,9.865608
1755405914593,0.27996,0.004187,9.875179
1755405914596,0.265603,-0.036491,9.915857
1755405914598,0.306281,-0.026919,9.889536
1755405914600,0.284746,-0.017348,9.865608
1755405914603,0.287139,-0.029312,9.925428
1755405914606,0.303888,-0.014955,9.882358
1755405914608,0.275175,-0.024526,9.891929
1755405914610,0.270389,-0.002991,9.868001
1755405914612,0.272782,0.011366,9.908679
1755405914615,0.246461,0.00658,9.887143
1755405914617,0.284746,-0.031705,9.882358
1755405914619,0.251246,-0.017348,9.88475
1755405914622,0.256032,-0.019741,9.868001
1755405914624,0.284746,-0.026919,9.896714
1755405914627,0.270389,-0.014955,9.860822
1755405914629,0.287139,-0.002991,9.860822
1755405914631,0.253639,-0.019741,9.882358
1755405914634,0.284746,-0.005384,9.891929
1755405914638,0.284746,-0.022134,9.879965
1755405914640,0.289532,0.001795,9.872787
1755405914641,0.282353,-0.000598,9.896714
1755405914643,0.301496,-0.002991,9.887143
1755405914645,0.306281,-0.038883,9.887143
1755405914648,0.289532,-0.036491,9.899107
1755405914650,0.289532,-0.048455,9.868001
1755405914653,0.265603,-0.019741,9.894321
1755405914655,0.29671,-0.010169,9.868001
1755405914658,0.282353,-0.058026,9.877572
1755405914660,0.272782,-0.036491,9.887143
1755405914662,0.308674,-0.014955,9.887143
1755405914665,0.287139,-0.022134,9.9015
1755405914668,0.289532,-0.000598,9.863214
1755405914671,0.258425,0.018544,9.868001
1755405914672,0.277567,-0.014955,9.868001
1755405914674,0.272782,-0.041276,9.868001
1755405914677,0.260818,-0.007777,9.879965
1755405914680,0.251246,-0.034098,9.891929
1755405914682,0.289532,0.008973,9.899107
1755405914684,0.301496,0.001795,9.875179
1755405914687,0.272782,-0.014955,9.879965
1755405914689,0.287139,-0.048455,9.879965
1755405914691,0.287139,0.004187,9.913465
1755405914694,0.289532,-0.019741,9.894321
1755405914696,0.303888,-0.019741,9.860822
1755405914698,0.265603,-0.038883,9.872787
1755405914701,0.282353,-0.029312,9.858429
1755405914704,0.29671,-0.014955,9.872787
1755405914706,0.282353,-0.026919,9.875179
1755405914708,0.284746,0.011366,9.879965
1755405914711,0.299103,-0.019741,9.887143
1755405914713,0.306281,-0.022134,9.889536
1755405914715,0.291924,-0.029312,9.887143
1755405914718,0.284746,-0.034098,9.875179
1755405914721,0.277567,-0.000598,9.875179
1755405914725,0.267996,-0.038883,9.889536
1755405914726,0.275175,0.011366,9.872787
1755405914728,0.299103,0.02333,9.872787
1755405914730,0.303888,0.011366,9.887143
1755405914732,0.311067,-0.029312,9.894321
1755405914734,0.267996,-0.034098,9.882358
1755405914737,0.258425,-0.000598,9.877572
1755405914740,0.308674,-0.010169,9.875179
1755405914742,0.284746,-0.029312,9.870394
1755405914744,0.270389,-0.010169,9.899107
1755405914747,0.291924,-0.029312,9.891929
1755405914749,0.29671,-0.019741,9.872787
1755405914751,0.299103,-0.012562,9.891929
1755405914754,0.239282,0.001795,9.879965
1755405914757,0.267996,-0.026919,9.906285
1755405914763,0.284746,-0.010169,9.889536
1755405914764,0.289532,-0.026919,9.882358
1755405914765,0.289532,-0.036491,9.882358
1755405914766,0.277567,-0.031705,9.868001
1755405914768,0.265603,-0.000598,9.88475
1755405914770,0.289532,-0.014955,9.865608
1755405914773,0.291924,-0.017348,9.891929
1755405914775,0.289532,-0.019741,9.887143
1755405914778,0.265603,-0.014955,9.9015
1755405914780,0.272782,-0.043669,9.860822
1755405914782,0.251246,-0.038883,9.952048
1755405914785,0.263211,-0.002991,9.784252
1755405914787,0.251246,-0.050847,9.956834
1755405914790,0.282353,0.052044,9.947263
1755405914792,0.33021,-0.005384,9.693324
1755405914795,0.22014,-0.067597,10.069297
1755405914797,0.413958,-0.000598,9.702896
1755405914800,0.212961,-0.031705,10.105189
1755405914802,0.380459,0.04008,9.65504
1755405914804,0.234497,-0.08674,10.086046
1755405914807,0.337388,-0.000598,9.628718
1755405914809,0.232104,-0.046062,10.07169
1755405914811,0.351745,0.052044,9.767502
1755405914813,0.248854,-0.077169,9.966406
1755405914816,0.277567,-0.017348,9.79143
1755405914818,0.31346,-0.096311,9.88475
1755405914821,0.244068,0.008973,9.947263
1755405914823,0.346959,-0.017348,9.736395
1755405914828,0.195912,-0.019741,10.100404
1755405914829,0.394816,0.02333,9.698111
1755405914831,0.171984,-0.058026,10.090832
1755405914833,0.385244,-0.014955,9.643075
1755405914835,0.224925,0.05683,10.174581
1755405914838,0.37328,0.025723,9.647861
1755405914841,0.198604,-0.08674,10.119546
1755405914843,0.387637,-0.038883,9.638289
1755405914845,0.186341,-0.000598,10.126724
1755405914848,0.387637,-0.000598,9.674182
1755405914849,0.186341,-0.048455,10.088439
1755405914852,0.385244,-0.024526,9.650253
1755405914854,0.229711,0.018544,10.090832
1755405914857,0.354138,-0.000598,9.702896
1755405914860,0.217747,-0.05324,10.033404
1755405914862,0.363709,0.02333,9.738789
1755405914864,0.222533,0.011366,10.074082
1755405914866,0.327817,-0.005384,9.719646
1755405914869,0.232104,-0.065204,9.973584
1755405914871,0.339781,-0.017348,9.738789
1755405914874,0.232104,0.004187,10.026226
1755405914877,0.323031,-0.022134,9.757931
1755405914879,0.239282,-0.05324,9.959227
1755405914881,0.29671,-0.005384,9.820144
1755405914883,0.275175,0.00658,9.975977
1755405914885,0.303888,-0.029312,9.829716
1755405914888,0.248854,-0.043669,9.913465
1755405914890,0.311067,-0.022134,9.903893
1755405914893,0.277567,0.001795,9.82493
1755405914895,0.294317,-0.072383,9.942178
1755405914897,0.277567,-0.014955,9.84168
1755405914900,0.291924,-0.048455,9.858429
1755405914902,0.244068,0.00658,9.961619
1755405914905,0.366102,0.008973,9.815358
1755405914908,0.263211,-0.036491,9.975977
1755405914910,0.327817,-0.000598,9.834501
1755405914912,0.265603,-0.050847,9.913465
1755405914914,0.284746,-0.026919,9.903893
1755405914916,0.256032,-0.014955,9.911072
1755405914919,0.29671,-0.019741,9.853643
1755405914922,0.303888,-0.005384,9.920643
1755405914924,0.308674,0.001795,9.882358
1755405914926,0.277567,-0.005384,9.865608
1755405914929,0.267996,-0.005384,9.889536
1755405914931,0.299103,-0.000598,9.870394
1755405914933,0.303888,-0.010169,9.853643
1755405914936,0.29671,-0.017348,9.882358
1755405914938,0.301496,-0.007777,9.889536
1755405914940,0.282353,0.001795,9.882358
1755405914946,0.31346,0.008973,9.896714
1755405914947,0.289532,0.001795,9.889536
1755405914948,0.275175,-0.005384,9.896714
1755405914950,0.303888,-0.014955,9.829716
1755405914952,0.27996,-0.043669,9.879965
1755405914955,0.27996,-0.012562,9.908679
1755405914958,0.301496,0.00658,9.911072
1755405914960,0.234497,-0.007777,9.875179
1755405914963,0.306281,-0.029312,9.894321
1755405914964,0.303888,-0.010169,9.853643
1755405914967,0.251246,-0.007777,9.908679
1755405914969,0.308674,0.028116,9.903893
1755405914971,0.267996,-0.002991,9.88475
1755405914974,0.267996,-0.000598,9.889536
1755405914976,0.294317,-0.012562,9.875179
1755405914979,0.344566,-0.012562,9.870394
1755405914981,0.332602,-0.048455,9.913465
1755405914984,0.308674,0.00658,9.856036
1755405914986,0.284746,-0.026919,9.899107
1755405914988,0.323031,-0.029312,9.863214
1755405914991,0.301496,-0.048455,9.863214
1755405914993,0.318245,0.00658,9.872787
1755405914996,0.301496,-0.017348,9.911072
1755405914998,0.327817,0.020937,9.812965
1755405915000,0.287139,-0.046062,9.934999
1755405915003,0.289532,-0.038883,9.793823
1755405915005,0.282353,-0.012562,10.016655
1755405915007,0.303888,0.011366,9.74836
1755405915010,0.299103,-0.074776,9.839287
1755405915013,0.349352,-0.000598,10.057333
1755405915015,0.267996,-0.012562,9.762716
1755405915018,0.267996,-0.041276,9.868001
1755405915020,0.358923,-0.022134,9.858429
1755405915022,0.246461,-0.067597,10.019048
1755405915024,0.315853,0.00658,9.705289
1755405915027,0.289532,-0.024526,9.923036
1755405915029,0.267996,0.013759,9.954441
1755405915031,0.294317,-0.065204,9.74836
1755405915034,0.222533,-0.034098,9.949656
1755405915037,0.27996,-0.036491,9.793823
1755405915039,0.253639,0.035294,10.014262
1755405915042,0.306281,-0.05324,9.772287
1755405915045,0.258425,-0.038883,9.949656
1755405915049,0.323031,-0.012562,9.705289
1755405915051,0.229711,0.00658,10.066904
1755405915052,0.327817,-0.017348,9.726824
1755405915053,0.270389,-0.041276,9.980762
1755405915055,0.320638,0.030508,9.812965
1755405915058,0.246461,-0.05324,9.903893
1755405915062,0.301496,-0.026919,9.822537
1755405915066,0.265603,-0.031705,9.975977
1755405915067,0.323031,0.030508,9.934999
1755405915068,0.272782,-0.036491,9.674182
1755405915070,0.31346,-0.08674,10.035797
1755405915072,0.241675,-0.000598,9.734002
1755405915075,0.217747,-0.029312,9.832108
1755405915078,0.306281,-0.026919,10.052547
1755405915080,0.267996,-0.022134,9.870394
1755405915082,0.306281,0.037687,9.796216
1755405915085,0.253639,-0.043669,9.999905
1755405915087,0.327817,-0.050847,9.712467
1755405915089,0.232104,0.020937,10.083653
1755405915091,0.289532,-0.024526,9.760324
1755405915094,0.263211,-0.048455,10.014262
1755405915097,0.320638,0.028116,9.856036
1755405915098,0.236889,0.008973,9.82493
1755405915101,0.308674,-0.034098,9.896714
1755405915103,0.294317,0.025723,9.827323
1755405915106,0.263211,-0.034098,9.911072
1755405915108,0.263211,-0.034098,9.84168
1755405915111,0.318245,0.02333,9.985548
1755405915113,0.29671,-0.005384,9.738789
1755405915115,0.246461,-0.060419,10.05494
1755405915118,0.361316,0.020937,9.755538
1755405915120,0.248854,-0.002991,9.947263
1755405915123,0.284746,-0.041276,9.822537
1755405915125,0.275175,-0.014955,9.975977
1755405915127,0.31346,-0.026919,9.839287
1755405915130,0.263211,-0.022134,9.846465
1755405915132,0.291924,-0.024526,9.942178
1755405915134,0.291924,0.00658,9.798609
1755405915137,0.289532,-0.072383,9.911072
1755405915139,0.301496,-0.036491,9.803394
1755405915142,0.301496,-0.012562,10.03819
1755405915144,0.275175,0.02333,9.71486
1755405915147,0.258425,-0.043669,10.028619
1755405915150,0.337388,-0.019741,9.786645
1755405915151,0.251246,0.004187,9.925428
1755405915154,0.299103,-0.072383,9.777073
1755405915156,0.260818,-0.029312,9.930214
1755405915159,0.318245,0.013759,9.832108
1755405915161,0.241675,0.016152,9.863214
1755405915164,0.318245,-0.034098,9.944571
1755405915167,0.323031,0.025723,9.79143
1755405915169,0.263211,-0.067597,9.927821
1755405915170,0.267996,-0.055633,9.817751
1755405915173,0.31346,-0.022134,9.973584
1755405915175,0.270389,-0.043669,9.707682
1755405915178,0.244068,-0.06999,10.057333
1755405915180,0.311067,0.011366,9.77468
1755405915183,0.222533,0.00658,9.903893
1755405915185,0.287139,-0.06999,9.875179
1755405915187,0.277567,0.001795,9.889536
1755405915190,0.265603,0.001795,9.836894
1755405915192,0.287139,-0.017348,9.88475
1755405915194,0.294317,-0.007777,10.026226
1755405915199,0.275175,0.025723,9.722038
1755405915201,0.198604,-0.081954,10.00469
1755405915202,0.332602,-0.005384,9.832108
1755405915204,0.227318,-0.014955,9.903893
1755405915207,0.27996,-0.055633,9.786645
1755405915209,0.287139,-0.038883,10.031012
1755405915211,0.31346,0.008973,9.793823
1755405915215,0.236889,-0.000598,9.908679
1755405915216,0.282353,-0.046062,9.820144
1755405915218,0.301496,0.001795,9.9015
1755405915221,0.272782,-0.041276,9.79143
1755405915223,0.244068,-0.024526,9.925428
1755405915226,0.306281,0.02333,10.064511
1755405915228,0.253639,0.028116,9.729217
1755405915231,0.224925,-0.038883,10.016655
1755405915233,0.327817,-0.010169,9.829716
1755405915235,0.27996,0.018544,9.906285
1755405915237,0.263211,-0.041276,9.812965
1755405915240,0.308674,-0.024526,9.985548
1755405915242,0.346959,0.018544,9.868001
1755405915245,0.267996,-0.000598,9.82493
1755405915248,0.284746,-0.067597,9.875179
1755405915250,0.315853,-0.019741,9.856036
1755405915252,0.260818,-0.036491,9.903893
1755405915254,0.287139,-0.05324,9.803394
1755405915257,0.267996,-0.048455,10.035797
1755405915259,0.294317,0.025723,9.762716
1755405915261,0.244068,-0.012562,9.937392
1755405915265,0.311067,-0.050847,9.762716
1755405915267,0.236889,0.008973,10.052547
1755405915269,0.351745,0.020937,9.707682
1755405915271,0.229711,-0.031705,10.028619
1755405915274,0.358923,-0.05324,9.724431
1755405915276,0.195912,-0.019741,10.064511
1755405915278,0.378066,0.078365,9.68136
1755405915282,0.224925,-0.026919,10.057333
1755405915284,0.397209,-0.046062,9.645468
1755405915287,0.22014,-0.079561,10.143475
1755405915288,0.378066,0.109472,9.705289
1755405915290,0.171984,-0.019741,10.13151
1755405915293,0.33021,-0.024526,9.659825
1755405915295,0.195912,-0.136989,9.949656
1755405915297,0.29671,0.073579,9.860822
1755405915300,0.31346,0.028116,9.913465
1755405915302,0.212961,0.02333,10.047761
1755405915305,0.39003,-0.041276,9.580862
1755405915307,0.097807,-0.136989,10.119546
1755405915309,0.413958,0.011366,9.619147
1755405915312,0.124128,-0.055633,10.165009
1755405915314,0.354138,0.078365,9.731609
1755405915317,0.241675,-0.058026,10.00469
1755405915319,0.291924,-0.055633,9.736395
1755405915322,0.291924,-0.046062,9.956834
1755405915324,0.287139,0.016152,9.84168
1755405915326,0.277567,-0.010169,9.894321
1755405915329,0.315853,-0.017348,9.853643
1755405915331,0.236889,-0.017348,9.894321
1755405915334,0.267996,-0.007777,9.872787
1755405915336,0.275175,-0.026919,9.9015
1755405915339,0.256032,-0.000598,9.896714
1755405915341,0.320638,-0.036491,9.856036
1755405915343,0.232104,-0.038883,9.908679
1755405915345,0.258425,-0.012562,9.875179
1755405915348,0.299103,-0.010169,9.899107
1755405915351,0.294317,-0.002991,9.882358
1755405915353,0.31346,-0.022134,9.879965
1755405915355,0.27996,-0.019741,9.870394
1755405915357,0.337388,-0.014955,9.853643
1755405915360,0.287139,-0.017348,9.870394
1755405915362,0.282353,-0.026919,9.903893
1755405915365,0.301496,-0.002991,9.870394
1755405915368,0.258425,-0.026919,9.868001
1755405915370,0.277567,-0.007777,9.781859
1755405915372,0.212961,-0.019741,9.894321
1755405915374,0.311067,-0.007777,9.858429
1755405915377,0.270389,-0.06999,9.908679
1755405915379,0.299103,-0.000598,9.743574
1755405915382,0.299103,-0.005384,9.937392
1755405915385,0.339781,-0.038883,9.877572
1755405915386,0.234497,-0.019741,9.755538
1755405915389,0.241675,-0.034098,9.734002
1755405915391,0.246461,0.008973,9.959227
1755405915393,0.265603,-0.002991,9.952048
1755405915396,0.275175,-0.002991,9.860822
1755405915398,0.232104,-0.019741,9.906285
1755405915403,0.275175,-0.017348,9.911072
1755405915405,0.244068,-0.019741,9.822537
1755405915406,0.270389,-0.05324,9.832108
1755405915408,0.282353,-0.041276,9.829716
1755405915411,0.315853,-0.031705,9.882358
1755405915412,0.246461,-0.022134,9.915857
1755405915415,0.282353,-0.005384,9.879965
1755405915418,0.299103,-0.010169,9.879965
1755405915420,0.263211,-0.002991,9.88475
1755405915423,0.284746,0.00658,9.877572
1755405915425,0.284746,-0.024526,9.9015
1755405915427,0.291924,-0.000598,9.827323
1755405915429,0.284746,-0.022134,9.865608
1755405915432,0.29671,-0.026919,9.894321
1755405915435,0.294317,-0.010169,9.872787
1755405915437,0.265603,-0.007777,9.899107
1755405915439,0.308674,-0.002991,9.891929
1755405915442,0.277567,-0.029312,9.848858
1755405915443,0.284746,0.00658,9.959227
1755405915446,0.318245,0.025723,9.820144
1755405915449,0.267996,-0.079561,9.887143
1755405915452,0.308674,-0.002991,9.964012
1755405915454,0.349352,0.032901,9.750752
1755405915456,0.17677,-0.026919,10.090832
1755405915459,0.409173,0.02333,9.68136
1755405915460,0.224925,-0.110668,10.033404
1755405915463,0.351745,0.028116,9.738789
1755405915465,0.256032,-0.050847,9.9015
1755405915467,0.234497,0.02333,9.973584
1755405915470,0.342174,0.020937,9.717253
1755405915472,0.155234,-0.034098,10.093225
1755405915475,0.394816,0.016152,9.669396
1755405915477,0.188734,-0.081954,10.066904
1755405915480,0.40678,0.054437,9.757931
1755405915482,0.246461,-0.058026,9.934999
1755405915484,0.315853,0.011366,9.887143
1755405915487,0.339781,-0.046062,9.793823
1755405915490,0.236889,-0.041276,10.064511
1755405915492,0.394816,-0.010169,9.68136
1755405915494,0.179163,-0.050847,10.095618
1755405915496,0.399601,0.020937,9.726824
1755405915499,0.208176,-0.048455,10.059726
1755405915501,0.344566,0.008973,9.74836
1755405915505,0.232104,-0.081954,9.9015
1755405915506,0.303888,-0.005384,9.870394
1755405915509,0.308674,-0.022134,9.932607
1755405915511,0.236889,0.008973,9.899107
1755405915513,0.332602,-0.050847,9.844072
1755405915516,0.251246,-0.026919,9.966406
1755405915518,0.356531,-0.005384,9.74836
1755405915522,0.19352,0.00658,10.076475
1755405915523,0.394816,0.037687,9.693324
1755405915525,0.188734,-0.072383,10.066904
1755405915527,0.363709,0.004187,9.676575
1755405915530,0.198604,-0.014955,10.064511
1755405915533,0.325424,0.042473,9.734002
1755405915535,0.244068,-0.06999,9.942178
1755405915537,0.301496,-0.029312,9.812965
1755405915540,0.29671,0.004187,9.937392
1755405915543,0.291924,-0.017348,9.851251
1755405915544,0.282353,-0.038883,9.903893
1755405915547,0.258425,-0.024526,9.872787
1755405915549,0.263211,-0.036491,9.863214
1755405915551,0.258425,-0.022134,9.882358
1755405915554,0.308674,-0.007777,9.877572
1755405915557,0.318245,-0.010169,9.899107
1755405915559,0.27996,0.001795,9.870394
1755405915561,0.29671,-0.031705,9.923036
1755405915563,0.294317,-0.002991,9.829716
1755405915566,0.265603,-0.036491,9.947263
1755405915568,0.294317,-0.014955,9.793823
1755405915571,0.246461,-0.062812,9.911072
1755405915574,0.287139,-0.022134,9.743574
1755405915575,0.263211,-0.043669,9.959227
1755405915578,0.301496,0.004187,9.80818
1755405915580,0.315853,-0.046062,9.868001
1755405915583,0.318245,-0.043669,9.865608
1755405915585,0.294317,-0.000598,9.875179
1755405915588,0.308674,-0.010169,9.801002
1755405915590,0.253639,-0.046062,9.939785
1755405915592,0.320638,-0.029312,9.865608
1755405915595,0.27996,-0.022134,9.903893
1755405915597,0.244068,-0.010169,9.882358
1755405915600,0.308674,-0.050847,9.829716
1755405915602,0.277567,-0.058026,9.88475
1755405915605,0.294317,-0.007777,9.84168
1755405915608,0.275175,-0.000598,9.887143
1755405915609,0.294317,-0.019741,9.879965
1755405915612,0.303888,-0.031705,9.91825
1755405915614,0.29671,-0.012562,9.875179
1755405915616,0.27996,-0.019741,9.911072
1755405915618,0.277567,-0.012562,9.803394
1755405915622,0.258425,-0.048455,9.966406
1755405915624,0.282353,-0.000598,9.875179
1755405915626,0.294317,0.037687,9.903893
1755405915628,0.267996,-0.139382,9.724431
1755405915631,0.282353,-0.089133,10.009477
1755405915633,0.378066,-0.026919,9.705289
1755405915635,0.138485,-0.050847,10.112368
1755405915638,0.437887,0.071186,9.698111
1755405915641,0.212961,-0.077169,10.07169
1755405915643,0.332602,0.001795,9.710074
1755405915646,0.291924,-0.096311,9.908679
1755405915647,0.251246,0.011366,9.956834
1755405915650,0.327817,-0.036491,9.736395
1755405915652,0.208176,-0.046062,10.105189
1755405915656,0.409173,0.028116,9.628718
1755405915657,0.179163,-0.079561,10.126724
1755405915660,0.40678,0.061615,9.638289
1755405915662,0.275175,-0.079561,9.987941
1755405915665,0.246461,0.049651,9.887143
1755405915667,0.327817,-0.019741,9.772287
1755405915669,0.208176,-0.022134,10.086046
1755405915671,0.409173,0.042473,9.628718
1755405915674,0.157627,-0.096311,10.141082
1755405915676,0.385244,0.054437,9.659825
1755405915679,0.212961,-0.096311,10.007083
1755405915681,0.282353,0.02333,9.803394
1755405915684,0.323031,-0.06999,9.906285
1755405915686,0.251246,-0.014955,9.966406
1755405915688,0.363709,-0.029312,9.690931
1755405915691,0.155234,-0.074776,10.059726
1755405915693,0.349352,-0.005384,9.626326
1755405915696,0.183948,-0.065204,10.150653
1755405915698,0.37328,0.047258,9.705289
1755405915700,0.212961,-0.08674,9.937392
1755405915703,0.267996,0.059222,9.920643
1755405915705,0.31346,-0.026919,9.750752
1755405915708,0.200997,-0.038883,10.064511
1755405915712,0.39003,0.032901,9.667004
1755405915713,0.17677,-0.072383,10.109975
1755405915715,0.337388,0.059222,9.731609
1755405915717,0.217747,-0.031705,10.016655
1755405915719,0.344566,-0.029312,9.777073
1755405915721,0.234497,-0.089133,9.891929
1755405915724,0.301496,-0.012562,9.889536
1755405915726,0.275175,-0.046062,9.894321
1755405915729,0.311067,0.068794,9.91825
1755405915731,0.344566,-0.041276,9.815358
1755405915734,0.20339,-0.065204,9.937392
1755405915736,0.385244,-0.010169,9.769895
1755405915739,0.169591,-0.022134,10.047761
1755405915741,0.392423,0.042473,9.645468
1755405915744,0.208176,-0.06999,10.184153
1755405915746,0.428315,0.008973,9.566504
1755405915748,0.200997,-0.050847,10.172188
1755405915751,0.368495,0.04008,9.664611
1755405915753,0.191127,-0.017348,10.047761
1755405915755,0.33021,-0.022134,9.688539
1755405915759,0.212961,-0.062812,10.023833
1755405915761,0.342174,0.02333,9.805787
1755405915763,0.260818,-0.026919,9.973584
1755405915765,0.272782,-0.012562,9.779466
1755405915767,0.277567,-0.041276,9.863214
1755405915769,0.303888,0.04008,9.882358
1755405915772,0.253639,0.013759,9.923036
1755405915776,0.291924,-0.010169,9.817751
1755405915779,0.287139,-0.050847,9.856036
1755405915780,0.311067,-0.017348,9.9015
1755405915781,0.284746,0.001795,9.899107
1755405915784,0.265603,-0.060419,9.750752
1755405915786,0.301496,-0.038883,9.987941
1755405915789,0.287139,-0.002991,9.865608
1755405915791,0.234497,-0.026919,9.908679
1755405915794,0.339781,-0.002991,9.817751
1755405915797,0.253639,-0.024526,10.042975
1755405915799,0.320638,0.035294,9.652647
1755405915801,0.241675,-0.014955,10.066904
1755405915804,0.287139,-0.046062,9.765109
1755405915805,0.258425,0.032901,9.920643
1755405915808,0.29671,-0.06999,9.817751
1755405915811,0.270389,-0.002991,9.889536
1755405915813,0.325424,-0.029312,9.927821
1755405915815,0.251246,-0.017348,9.724431
1755405915818,0.260818,-0.050847,10.069297
1755405915820,0.318245,0.028116,9.712467
1755405915823,0.244068,-0.05324,10.045368
1755405915825,0.289532,-0.014955,9.705289
1755405915828,0.315853,-0.019741,10.045368
1755405915830,0.291924,-0.060419,9.77468
1755405915832,0.251246,-0.022134,9.947263
1755405915835,0.291924,-0.014955,9.793823
1755405915837,0.267996,-0.026919,9.949656
1755405915839,0.294317,-0.000598,9.9015
1755405915842,0.31346,-0.005384,9.77468
1755405915844,0.251246,-0.048455,10.026226
1755405915847,0.351745,-0.002991,9.798609
1755405915849,0.27996,-0.055633,9.915857
1755405915851,0.275175,-0.026919,9.91825
1755405915854,0.323031,-0.031705,9.793823
1755405915856,0.277567,-0.019741,9.987941
1755405915859,0.339781,-0.000598,9.834501
1755405915861,0.31346,-0.017348,9.848858
1755405915863,0.282353,-0.050847,9.875179
1755405915866,0.311067,0.004187,9.915857
1755405915868,0.294317,-0.022134,9.853643
1755405915870,0.251246,-0.022134,9.915857
1755405915873,0.33021,0.037687,9.889536
1755405915875,0.270389,-0.024526,9.820144
1755405915878,0.289532,-0.05324,9.9015
1755405915880,0.332602,-0.000598,9.810573
1755405915882,0.267996,0.00658,10.03819
1755405915885,0.327817,0.05683,9.77468
1755405915887,0.260818,-0.067597,9.939785
1755405915889,0.29671,-0.05324,9.834501
1755405915892,0.277567,-0.024526,9.829716
1755405915895,0.275175,-0.017348,9.923036
1755405915897,0.306281,-0.036491,9.834501
1755405915899,0.270389,-0.034098,9.894321
1755405915901,0.256032,-0.022134,9.920643
1755405915904,0.320638,0.008973,9.820144
1755405915906,0.284746,-0.012562,9.913465
1755405915909,0.263211,-0.026919,9.908679
1755405915912,0.311067,0.013759,9.77468
1755405915914,0.246461,-0.074776,9.934999
1755405915916,0.303888,0.013759,9.844072
1755405915918,0.258425,-0.024526,9.894321
1755405915921,0.256032,-0.014955,9.870394
1755405915923,0.33021,-0.055633,9.889536
1755405915925,0.263211,-0.060419,9.891929
1755405915929,0.320638,-0.022134,9.875179
1755405915932,0.291924,0.011366,9.879965
1755405915932,0.299103,-0.031705,9.879965
1755405915935,0.315853,-0.014955,9.868001
1755405915937,0.282353,-0.019741,9.877572
1755405915940,0.289532,-0.043669,9.887143
1755405915943,0.315853,0.016152,9.877572
1755405915947,0.260818,-0.026919,9.856036
1755405915948,0.270389,-0.026919,9.891929
1755405915950,0.263211,-0.010169,9.877572
1755405915952,0.267996,-0.007777,9.865608
1755405915954,0.244068,-0.000598,9.877572
1755405915957,0.308674,-0.024526,9.872787
1755405915959,0.27996,-0.014955,9.872787
1755405915963,0.306281,-0.010169,9.863214
1755405915964,0.303888,-0.005384,9.88475
1755405915967,0.306281,-0.010169,9.877572
1755405915969,0.253639,-0.022134,9.870394
1755405915971,0.277567,-0.010169,9.9015
1755405915973,0.315853,0.00658,9.882358
1755405915976,0.263211,-0.014955,9.879965
1755405915978,0.270389,-0.000598,9.879965
1755405915982,0.267996,-0.012562,9.877572
1755405915983,0.287139,-0.029312,9.868001
1755405915986,0.289532,-0.036491,9.894321
1755405915988,0.303888,0.00658,9.879965
1755405915990,0.284746,0.008973,9.863214
1755405915993,0.272782,-0.029312,9.868001
1755405915996,0.291924,-0.019741,9.853643
1755405915997,0.291924,0.013759,9.889536
1755405916000,0.29671,-0.019741,9.889536
1755405916002,0.301496,-0.012562,9.891929
1755405916004,0.251246,-0.031705,9.868001
1755405916007,0.284746,-0.010169,9.889536
1755405916010,0.267996,0.008973,9.875179
1755405916012,0.251246,-0.002991,9.877572
1755405916017,0.272782,-0.019741,9.870394
1755405916019,0.315853,-0.005384,9.863214
1755405916020,0.287139,-0.024526,9.887143
1755405916022,0.29671,-0.043669,9.88475
1755405916023,0.294317,-0.036491,9.877572
1755405916026,0.289532,-0.043669,9.882358
1755405916028,0.294317,-0.024526,9.894321
1755405916031,0.284746,-0.017348,9.865608
1755405916033,0.294317,-0.010169,9.899107
1755405916035,0.303888,-0.010169,9.899107
1755405916038,0.294317,-0.014955,9.903893
1755405916040,0.291924,-0.007777,9.889536
1755405916043,0.232104,-0.012562,9.891929
1755405916045,0.265603,-0.002991,9.865608
1755405916048,0.260818,-0.019741,9.88475
1755405916050,0.301496,-0.019741,9.844072
1755405916052,0.306281,0.001795,9.88475
1755405916055,0.294317,-0.031705,9.868001
1755405916057,0.287139,-0.012562,9.846465
1755405916059,0.275175,0.013759,9.889536
1755405916062,0.258425,-0.002991,9.872787
1755405916065,0.275175,-0.010169,9.891929
1755405916067,0.289532,-0.031705,9.877572
1755405916070,0.306281,0.004187,9.865608
1755405916072,0.263211,-0.012562,9.88475
1755405916074,0.287139,-0.022134,9.875179
1755405916077,0.260818,-0.019741,9.870394
1755405916079,0.311067,-0.014955,9.875179
1755405916082,0.294317,-0.010169,9.899107
1755405916085,0.272782,-0.010169,9.863214
1755405916087,0.306281,-0.005384,9.868001
1755405916088,0.299103,0.008973,9.879965
1755405916091,0.303888,-0.029312,9.879965
1755405916093,0.284746,-0.024526,9.856036
1755405916095,0.27996,-0.014955,9.872787
1755405916098,0.282353,-0.034098,9.896714
1755405916100,0.29671,0.001795,9.846465
1755405916104,0.256032,0.020937,9.879965
1755405916105,0.299103,-0.017348,9.853643
1755405916107,0.282353,-0.010169,9.891929
1755405916110,0.291924,-0.019741,9.846465
1755405916112,0.275175,-0.026919,9.875179
1755405916115,0.301496,-0.029312,9.858429
1755405916118,0.306281,-0.002991,9.860822
1755405916120,0.270389,-0.014955,9.906285
1755405916122,0.270389,0.016152,9.9015
1755405916124,0.287139,-0.019741,9.903893
1755405916127,0.272782,-0.012562,9.858429
1755405916129,0.270389,-0.046062,9.870394
1755405916132,0.291924,-0.007777,9.891929
1755405916136,0.270389,-0.031705,9.88475
1755405916137,0.301496,-0.034098,9.858429
1755405916139,0.275175,-0.029312,9.891929
1755405916141,0.287139,-0.029312,9.877572
1755405916144,0.29671,0.00658,9.865608
1755405916146,0.253639,-0.002991,9.896714
1755405916150,0.29671,-0.038883,9.865608
1755405916153,0.265603,-0.010169,9.882358
1755405916155,0.315853,-0.036491,9.877572
1755405916156,0.301496,-0.017348,9.879965
1755405916158,0.289532,-0.024526,9.877572
1755405916160,0.275175,-0.012562,9.877572
1755405916162,0.289532,-0.017348,9.88475
1755405916165,0.246461,0.001795,9.887143
1755405916173,0.260818,-0.038883,9.865608
1755405916175,0.267996,-0.017348,9.846465
1755405916176,0.260818,-0.031705,9.894321
1755405916177,0.31346,-0.007777,9.882358
1755405916178,0.291924,-0.024526,9.877572
1755405916179,0.29671,0.00658,9.870394
1755405916182,0.308674,-0.005384,9.856036
1755405916185,0.284746,-0.019741,9.923036
1755405916189,0.284746,-0.022134,9.875179
1755405916191,0.303888,-0.034098,9.88475
1755405916192,0.287139,-0.043669,9.860822
1755405916194,0.256032,-0.029312,9.875179
1755405916196,0.27996,-0.010169,9.870394
1755405916198,0.29671,-0.022134,9.882358
1755405916205,0.275175,-0.041276,9.894321
1755405916206,0.29671,-0.002991,9.870394
1755405916208,0.289532,-0.012562,9.88475
1755405916209,0.318245,-0.019741,9.879965
1755405916211,0.29671,-0.038883,9.882358
1755405916213,0.29671,-0.014955,9.858429
1755405916215,0.287139,0.016152,9.927821
1755405916218,0.263211,-0.000598,9.851251
1755405916220,0.294317,-0.050847,9.877572
1755405916222,0.291924,-0.038883,9.882358
1755405916226,0.303888,-0.029312,9.863214
1755405916227,0.29671,-0.026919,9.877572
1755405916230,0.287139,-0.019741,9.860822
1755405916232,0.277567,-0.034098,9.896714
1755405916236,0.272782,0.013759,9.889536
1755405916238,0.284746,0.018544,9.894321
1755405916240,0.291924,-0.000598,9.899107
1755405916242,0.29671,-0.029312,9.879965
1755405916245,0.258425,-0.029312,9.875179
1755405916247,0.284746,-0.017348,9.896714
1755405916249,0.303888,-0.005384,9.875179
1755405916251,0.320638,-0.031705,9.894321
1755405916254,0.287139,-0.036491,9.889536
1755405916256,0.275175,0.016152,9.882358
1755405916259,0.265603,-0.024526,9.853643
1755405916261,0.303888,-0.034098,9.889536
1755405916263,0.282353,-0.050847,9.875179
1755405916266,0.275175,-0.036491,9.868001
1755405916269,0.294317,-0.031705,9.870394
1755405916271,0.272782,-0.024526,9.879965
1755405916273,0.248854,-0.012562,9.896714
1755405916276,0.258425,-0.024526,9.875179
1755405916278,0.306281,-0.019741,9.894321
1755405916280,0.270389,-0.026919,9.889536
1755405916282,0.301496,-0.012562,9.882358
1755405916285,0.29671,0.00658,9.894321
1755405916289,0.291924,-0.010169,9.872787
1755405916290,0.270389,-0.038883,9.879965
1755405916292,0.294317,-0.019741,9.877572
1755405916295,0.270389,-0.005384,9.894321
1755405916297,0.267996,-0.017348,9.875179
1755405916299,0.291924,-0.017348,9.887143
1755405916302,0.294317,-0.024526,9.879965
1755405916304,0.287139,-0.024526,9.887143
1755405916307,0.260818,-0.034098,9.88475
1755405916308,0.291924,-0.012562,9.872787
1755405916311,0.27996,-0.000598,9.887143
1755405916313,0.332602,-0.010169,9.877572
1755405916316,0.284746,-0.012562,9.882358
1755405916319,0.251246,-0.038883,9.870394
1755405916321,0.265603,-0.022134,9.88475
1755405916323,0.291924,-0.022134,9.896714
1755405916326,0.284746,-0.031705,9.88475
1755405916328,0.29671,-0.031705,9.88475
1755405916330,0.29671,-0.041276,9.889536
1755405916333,0.287139,-0.014955,9.879965
1755405916335,0.27996,-0.029312,9.891929
1755405916338,0.239282,-0.019741,9.920643
1755405916340,0.318245,-0.012562,9.872787
1755405916343,0.275175,-0.007777,9.870394
1755405916345,0.294317,-0.024526,9.851251
1755405916347,0.311067,-0.029312,9.858429
1755405916349,0.315853,-0.031705,9.913465
1755405916352,0.272782,-0.012562,9.887143
1755405916356,0.29671,-0.007777,9.870394
1755405916357,0.334995,-0.005384,9.903893
1755405916359,0.289532,-0.014955,9.891929
1755405916361,0.27996,0.004187,9.913465
1755405916363,0.275175,-0.022134,9.822537
1755405916366,0.282353,-0.043669,9.872787
1755405916369,0.277567,-0.024526,9.894321
1755405916371,0.287139,-0.019741,9.868001
1755405916373,0.275175,0.004187,9.882358
1755405916376,0.284746,0.008973,9.860822
1755405916378,0.260818,-0.019741,9.894321
1755405916380,0.275175,-0.024526,9.9015
1755405916383,0.282353,-0.010169,9.882358
1755405916385,0.323031,0.001795,9.891929
1755405916389,0.282353,-0.010169,9.856036
1755405916390,0.284746,-0.034098,9.915857
1755405916392,0.318245,-0.022134,9.839287
1755405916395,0.244068,-0.041276,9.832108
1755405916397,0.291924,-0.048455,9.903893
1755405916399,0.27996,0.011366,9.88475
1755405916402,0.311067,-0.031705,9.812965
1755405916404,0.272782,0.011366,10.076475
1755405916407,0.342174,0.083151,9.750752
1755405916409,0.198604,-0.034098,9.925428
1755405916412,0.306281,0.004187,9.934999
1755405916414,0.308674,-0.038883,9.707682
1755405916416,0.22014,-0.072383,9.968799
1755405916419,0.33021,-0.014955,9.827323
1755405916423,0.253639,0.052044,9.975977
1755405916425,0.33021,-0.022134,9.74836
1755405916427,0.217747,-0.108275,9.995119
1755405916429,0.346959,-0.041276,9.710074
1755405916431,0.198604,0.068794,10.078868
1755405916433,0.368495,0.008973,9.698111
1755405916436,0.200997,-0.096311,10.019048
1755405916438,0.382852,-0.043669,9.762716
1755405916441,0.212961,-0.002991,9.987941
1755405916443,0.318245,-0.019741,9.698111
1755405916445,0.232104,-0.072383,10.019048
1755405916447,0.33021,0.025723,9.781859
1755405916450,0.22014,-0.024526,9.903893
1755405916452,0.291924,-0.041276,9.9015
1755405916456,0.267996,-0.002991,9.858429
1755405916459,0.248854,-0.007777,9.915857
1755405916460,0.29671,-0.014955,9.868001
1755405916462,0.301496,-0.022134,9.879965
1755405916464,0.270389,-0.043669,9.865608
1755405916467,0.263211,0.008973,9.844072
1755405916469,0.275175,-0.014955,9.944571
1755405916472,0.287139,-0.010169,9.815358
1755405916475,0.260818,-0.017348,9.82493
1755405916477,0.275175,-0.031705,9.877572
1755405916479,0.303888,-0.048455,9.879965
1755405916481,0.267996,-0.022134,9.879965
1755405916483,0.272782,0.004187,9.920643
1755405916486,0.265603,-0.019741,9.903893
1755405916489,0.303888,-0.058026,9.899107
1755405916491,0.234497,0.011366,9.834501
1755405916493,0.275175,0.008973,9.817751
1755405916495,0.342174,-0.002991,9.939785
1755405916498,0.303888,-0.031705,9.856036
1755405916500,0.270389,-0.034098,9.9015
1755405916503,0.299103,-0.024526,9.865608
1755405916506,0.284746,-0.034098,9.877572
1755405916508,0.248854,-0.019741,9.868001
1755405916511,0.263211,-0.034098,9.891929
1755405916512,0.291924,-0.031705,9.872787
1755405916515,0.308674,-0.017348,9.875179
1755405916517,0.267996,-0.012562,9.851251
1755405916520,0.299103,-0.038883,9.870394
1755405916523,0.325424,-0.05324,9.879965
1755405916525,0.311067,-0.036491,9.894321
1755405916527,0.287139,-0.046062,9.868001
1755405916530,0.29671,-0.014955,9.870394
1755405916532,0.291924,-0.048455,9.875179
1755405916534,0.27996,-0.014955,9.868001
1755405916536,0.246461,-0.014955,9.882358
1755405916539,0.258425,-0.026919,9.879965
1755405916541,0.303888,-0.029312,9.863214
1755405916544,0.337388,-0.038883,9.860822
1755405916546,0.29671,-0.041276,9.872787
1755405916548,0.291924,-0.017348,9.9015
1755405916551,0.289532,-0.019741,9.858429
1755405916553,0.294317,-0.000598,9.860822
1755405916555,0.253639,0.008973,9.915857
1755405916558,0.284746,0.020937,9.815358
1755405916562,0.315853,-0.046062,9.896714
1755405916563,0.308674,-0.084347,9.894321
1755405916565,0.31346,-0.002991,9.84168
1755405916567,0.284746,0.00658,9.930214
1755405916570,0.323031,0.004187,9.846465
1755405916572,0.294317,-0.029312,9.875179
1755405916575,0.253639,-0.019741,9.882358
1755405916577,0.31346,-0.026919,9.798609
1755405916580,0.287139,-0.019741,10.016655
1755405916582,0.31346,0.054437,9.815358
1755405916584,0.31346,-0.012562,9.860822
1755405916586,0.224925,0.001795,10.088439
1755405916589,0.394816,0.013759,9.566504
1755405916592,0.136092,-0.115454,10.059726
1755405916594,0.40678,0.004187,9.671789
1755405916596,0.212961,-0.005384,10.18176
1755405916599,0.325424,0.107079,9.683753
1755405916601,0.212961,-0.10349,10.007083
1755405916603,0.349352,-0.05324,9.676575
1755405916606,0.181555,-0.005384,10.14826
1755405916608,0.325424,0.119043,9.650253
1755405916610,0.215354,-0.072383,10.047761
1755405916613,0.332602,-0.031705,9.750752
1755405916615,0.27996,-0.017348,10.057333
1755405916618,0.315853,0.011366,9.671789
1755405916620,0.239282,-0.065204,10.083653
1755405916623,0.351745,0.044865,9.77468
1755405916625,0.22014,0.011366,9.906285
1755405916627,0.301496,-0.048455,9.803394
1755405916630,0.289532,-0.010169,9.939785
1755405916633,0.284746,-0.007777,9.844072
1755405916635,0.236889,-0.002991,9.875179
1755405916637,0.320638,-0.017348,9.966406
1755405916639,0.275175,-0.007777,9.765109
1755405916642,0.246461,-0.043669,10.023833
1755405916644,0.334995,0.042473,9.801002
1755405916646,0.248854,-0.007777,9.906285
1755405916649,0.253639,-0.067597,9.79143
1755405916651,0.287139,-0.022134,10.007083
1755405916653,0.303888,0.013759,9.781859
1755405916656,0.267996,-0.067597,9.906285
1755405916659,0.334995,-0.022134,9.954441
1755405916661,0.301496,0.037687,9.810573
1755405916663,0.282353,-0.062812,9.908679
1755405916665,0.303888,-0.005384,9.889536
1755405916668,0.303888,0.018544,9.899107
1755405916670,0.227318,-0.019741,9.762716
1755405916673,0.299103,-0.074776,10.023833
1755405916676,0.339781,0.008973,9.80818
1755405916679,0.210568,-0.005384,9.846465
1755405916681,0.31346,-0.046062,9.870394
1755405916683,0.325424,-0.007777,9.923036
1755405916685,0.241675,0.011366,9.793823
1755405916687,0.22014,-0.046062,9.88475
1755405916690,0.323031,-0.058026,9.932607
1755405916693,0.289532,0.049651,9.801002
1755405916698,0.251246,-0.055633,9.899107
1755405916699,0.332602,-0.058026,9.801002
1755405916701,0.287139,-0.036491,10.019048
1755405916702,0.248854,0.061615,9.755538
1755405916704,0.248854,-0.048455,9.882358
1755405916706,0.323031,-0.074776,9.858429
1755405916709,0.265603,0.04008,10.016655
1755405916715,0.248854,0.018544,9.717253
1755405916716,0.241675,-0.046062,10.07169
1755405916717,0.387637,-0.022134,9.741181
1755405916718,0.232104,0.04008,9.956834
1755405916721,0.299103,-0.041276,9.734002
1755405916723,0.244068,-0.036491,10.076475
1755405916725,0.325424,0.042473,9.820144
1755405916728,0.210568,-0.000598,9.875179
1755405916730,0.308674,-0.081954,9.812965
1755405916733,0.299103,-0.036491,9.920643
1755405916735,0.251246,0.008973,9.858429
1755405916737,0.260818,-0.036491,9.856036
1755405916740,0.351745,-0.077169,10.007083
1755405916744,0.291924,0.035294,9.765109
1755405916746,0.256032,-0.065204,9.913465
1755405916748,0.349352,-0.026919,9.796216
1755405916749,0.291924,-0.058026,10.078868
1755405916752,0.303888,0.042473,9.698111
1755405916755,0.258425,-0.036491,10.035797
1755405916757,0.334995,-0.002991,9.743574
1755405916759,0.239282,0.00658,10.00469
1755405916762,0.308674,-0.007777,9.738789
1755405916764,0.263211,-0.060419,10.035797
1755405916766,0.327817,-0.019741,9.815358
1755405916769,0.215354,0.001795,9.844072
1755405916771,0.289532,-0.084347,9.856036
1755405916774,0.311067,0.008973,9.836894
1755405916776,0.244068,-0.017348,9.870394
1755405916779,0.236889,-0.029312,9.848858
1755405916783,0.294317,-0.005384,9.987941
1755405916784,0.284746,0.001795,9.734002
1755405916786,0.236889,-0.043669,10.019048
1755405916788,0.301496,0.001795,9.80818
1755405916791,0.277567,-0.019741,9.889536
1755405916793,0.263211,-0.067597,9.836894
1755405916796,0.29671,-0.000598,9.947263
1755405916798,0.260818,0.011366,9.805787
1755405916800,0.241675,-0.031705,9.877572
1755405916803,0.342174,-0.034098,9.992726
1755405916805,0.253639,0.025723,9.757931
1755405916807,0.22014,-0.089133,9.985548
1755405916810,0.308674,-0.029312,9.863214
1755405916812,0.275175,0.013759,9.913465
1755405916817,0.224925,-0.050847,9.760324
1755405916818,0.303888,-0.08674,10.009477
1755405916819,0.294317,0.001795,9.74836
1755405916822,0.188734,-0.017348,9.817751
1755405916824,0.303888,-0.029312,9.995119
1755405916826,0.33021,0.047258,9.741181
1755405916829,0.215354,-0.050847,9.949656
1755405916833,0.320638,0.011366,9.853643
1755405916835,0.27996,0.008973,9.82493
1755405916836,0.191127,-0.034098,9.894321
1755405916839,0.358923,0.004187,9.877572
1755405916841,0.287139,-0.007777,9.84168
1755405916843,0.282353,-0.019741,9.959227
1755405916846,0.354138,0.004187,9.84168
1755405916851,0.244068,-0.014955,9.860822
1755405916852,0.291924,-0.024526,9.891929
1755405916853,0.325424,-0.017348,9.887143
1755405916855,0.244068,-0.017348,9.868001
1755405916857,0.294317,-0.046062,9.801002
1755405916859,0.301496,-0.019741,9.911072
1755405916863,0.287139,0.030508,9.947263
1755405916865,0.248854,0.00658,9.781859
1755405916867,0.29671,-0.110668,9.908679
1755405916869,0.342174,-0.002991,9.868001
1755405916872,0.294317,-0.017348,9.844072
1755405916874,0.267996,-0.043669,9.891929
1755405916877,0.334995,0.001795,9.990334
1755405916879,0.270389,0.030508,9.762716
1755405916882,0.234497,-0.098704,9.882358
1755405916884,0.368495,-0.081954,9.784252
1755405916887,0.258425,-0.005384,10.035797
1755405916889,0.31346,0.114257,9.79143
1755405916891,0.287139,-0.012562,9.999905
1755405916893,0.303888,-0.034098,9.858429
1755405916896,0.301496,-0.036491,9.767502
1755405916898,0.258425,-0.058026,9.896714
1755405916900,0.33021,0.05683,9.863214
1755405916903,0.241675,0.018544,9.966406
1755405916905,0.239282,-0.048455,9.789038
1755405916908,0.291924,-0.127418,9.939785
1755405916910,0.323031,0.001795,9.82493
1755405916912,0.287139,0.00658,9.939785
1755405916916,0.303888,-0.014955,9.801002
1755405916917,0.275175,0.008973,10.002297
1755405916920,0.27996,-0.007777,9.745967
1755405916922,0.256032,-0.081954,9.942178
1755405916924,0.325424,-0.038883,9.789038
1755405916927,0.265603,-0.024526,9.925428
1755405916929,0.277567,-0.022134,9.952048
1755405916932,0.346959,0.049651,9.77468
1755405916934,0.258425,-0.079561,9.949656
1755405916936,0.320638,-0.029312,9.829716
1755405916939,0.29671,-0.024526,9.872787
1755405916941,0.29671,-0.019741,9.942178
1755405916943,0.33021,0.001795,9.891929
1755405916946,0.258425,0.004187,9.930214
1755405916949,0.29671,-0.012562,9.784252
1755405916951,0.289532,-0.024526,9.971191
1755405916953,0.301496,-0.031705,9.815358
1755405916955,0.265603,0.004187,9.887143
1755405916958,0.349352,-0.029312,9.975977
1755405916960,0.315853,-0.024526,9.983155
1755405916963,0.272782,0.020937,9.827323
1755405916966,0.31346,-0.029312,9.899107
1755405916968,0.299103,0.00658,10.019048
1755405916970,0.246461,0.00658,9.822537
1755405916972,0.311067,-0.026919,9.942178
1755405916975,0.263211,-0.046062,9.817751
1755405916977,0.289532,-0.026919,9.853643
1755405916979,0.263211,-0.002991,9.839287
1755405916982,0.287139,0.020937,9.863214
1755405916985,0.275175,0.011366,9.793823
1755405916987,0.222533,0.020937,9.947263
1755405916990,0.275175,-0.024526,9.865608
1755405916992,0.315853,-0.022134,9.956834
1755405916994,0.325424,-0.034098,9.887143
1755405916996,0.270389,-0.031705,9.772287
1755405916999,0.260818,-0.002991,9.908679
1755405917002,0.272782,-0.038883,9.815358
1755405917004,0.323031,-0.038883,9.999905
1755405917006,0.318245,0.013759,10.023833
1755405917008,0.291924,-0.005384,9.779466
1755405917011,0.253639,-0.024526,9.834501
1755405917013,0.354138,-0.022134,9.894321
1755405917016,0.294317,-0.036491,9.954441
1755405917018,0.344566,-0.022134,9.887143
1755405917020,0.299103,-0.024526,9.949656
1755405917023,0.291924,-0.007777,9.939785
1755405917025,0.291924,-0.041276,9.887143
1755405917027,0.306281,-0.026919,9.868001
1755405917030,0.267996,-0.014955,9.952048
1755405917033,0.291924,-0.022134,9.817751
1755405917035,0.265603,-0.034098,9.868001
1755405917037,0.320638,-0.026919,9.966406
1755405917040,0.294317,-0.048455,9.915857
1755405917043,0.260818,-0.007777,9.817751
1755405917044,0.289532,-0.048455,9.798609
1755405917047,0.246461,-0.024526,9.812965
1755405917051,0.308674,-0.019741,9.987941
1755405917054,0.378066,-0.05324,9.971191
1755405917056,0.282353,-0.005384,9.789038
1755405917057,0.253639,0.016152,9.829716
1755405917059,0.303888,0.018544,9.961619
1755405917061,0.315853,-0.019741,9.894321
1755405917063,0.284746,-0.017348,9.872787
1755405917066,0.258425,-0.014955,9.887143
1755405917068,0.275175,0.013759,9.891929
1755405917071,0.260818,-0.022134,9.865608
1755405917073,0.306281,-0.014955,9.947263
1755405917075,0.289532,-0.017348,9.872787
1755405917078,0.260818,-0.043669,9.875179
1755405917080,0.294317,-0.050847,9.879965
1755405917082,0.301496,-0.034098,9.872787
1755405917085,0.323031,-0.046062,9.803394
1755405917087,0.222533,0.004187,10.088439
1755405917090,0.356531,0.04008,9.695718
1755405917093,0.232104,-0.089133,9.992726
1755405917095,0.346959,-0.096311,9.676575
1755405917097,0.210568,-0.043669,10.035797
1755405917099,0.368495,0.068794,9.779466
1755405917102,0.248854,-0.046062,10.028619
1755405917105,0.375673,-0.08674,9.667004
1755405917106,0.205783,-0.08674,10.033404
1755405917109,0.368495,0.044865,9.762716
1755405917111,0.239282,0.037687,10.019048
1755405917114,0.387637,-0.043669,9.745967
1755405917116,0.236889,-0.06999,10.016655
1755405917119,0.356531,0.035294,9.743574
1755405917121,0.234497,-0.022134,9.985548
1755405917123,0.284746,-0.022134,9.815358
1755405917126,0.248854,-0.017348,9.990334
1755405917128,0.287139,0.020937,9.84168
1755405917130,0.236889,-0.041276,9.906285
1755405917133,0.294317,-0.038883,9.872787
1755405917136,0.267996,-0.024526,9.84168
1755405917138,0.291924,-0.041276,9.877572
1755405917140,0.315853,-0.034098,9.836894
1755405917143,0.258425,-0.046062,9.925428
1755405917145,0.282353,-0.014955,9.844072
1755405917147,0.284746,-0.007777,9.865608
1755405917150,0.272782,0.001795,9.872787
1755405917152,0.291924,-0.010169,9.887143
1755405917155,0.27996,0.008973,9.875179
1755405917157,0.29671,-0.024526,9.899107
1755405917159,0.277567,-0.005384,9.863214
1755405917162,0.277567,-0.029312,9.889536
1755405917164,0.287139,-0.012562,9.877572
1755405917166,0.241675,-0.012562,9.889536
1755405917169,0.270389,-0.038883,9.851251
1755405917172,0.253639,-0.031705,9.894321
1755405917174,0.267996,-0.010169,9.88475
1755405917177,0.308674,-0.002991,9.903893
1755405917178,0.282353,0.00658,9.875179
1755405917181,0.287139,-0.012562,9.882358
1755405917183,0.27996,-0.024526,9.882358
1755405917186,0.287139,-0.012562,9.858429
1755405917188,0.282353,-0.031705,9.894321
1755405917191,0.282353,-0.010169,9.887143
1755405917193,0.294317,-0.005384,9.899107
1755405917196,0.287139,-0.019741,9.911072
1755405917197,0.303888,-0.007777,9.906285
1755405917200,0.311067,0.011366,9.832108
1755405917203,0.303888,-0.007777,9.879965
1755405917205,0.27996,-0.022134,9.868001
1755405917207,0.265603,-0.024526,9.877572
1755405917210,0.270389,-0.024526,9.863214
1755405917212,0.244068,-0.000598,9.872787
1755405917215,0.267996,-0.05324,9.952048
1755405917217,0.325424,-0.05324,9.872787
1755405917220,0.299103,-0.024526,9.961619
1755405917224,0.289532,-0.012562,9.88475
1755405917225,0.311067,-0.048455,9.9015
1755405917227,0.282353,0.00658,9.832108
1755405917229,0.320638,-0.041276,9.927821
1755405917231,0.332602,-0.000598,10.007083
1755405917233,0.337388,-0.034098,9.968799
1755405917237,0.306281,-0.046062,9.913465
1755405917239,0.232104,-0.019741,9.793823
1755405917241,0.277567,-0.022134,9.829716
1755405917244,0.342174,-0.038883,10.033404
1755405917245,0.284746,-0.019741,9.920643
1755405917248,0.287139,-0.034098,9.829716
1755405917250,0.253639,-0.031705,9.875179
1755405917252,0.294317,-0.038883,9.846465
1755405917256,0.277567,-0.014955,9.973584
1755405917257,0.275175,-0.024526,9.887143
1755405917260,0.265603,-0.010169,9.908679
1755405917262,0.263211,-0.019741,9.887143
1755405917265,0.272782,-0.041276,9.851251
1755405917267,0.267996,-0.024526,9.956834
1755405917269,0.323031,0.013759,9.726824
1755405917272,0.258425,-0.072383,9.964012
1755405917274,0.308674,-0.024526,9.82493
1755405917277,0.291924,-0.050847,9.930214
1755405917279,0.289532,-0.034098,9.767502
1755405917282,0.332602,-0.046062,9.954441
1755405917284,0.258425,-0.007777,9.975977
1755405917286,0.272782,-0.014955,9.729217
1755405917289,0.258425,-0.024526,9.956834
1755405917291,0.294317,0.001795,9.781859
1755405917293,0.282353,0.016152,9.959227
1755405917296,0.301496,-0.026919,9.915857
1755405917298,0.291924,-0.031705,9.846465
1755405917300,0.311067,-0.026919,9.865608
1755405917303,0.270389,-0.010169,9.927821
1755405917305,0.308674,-0.024526,9.913465
1755405917308,0.301496,-0.000598,9.815358
1755405917310,0.263211,-0.019741,9.961619
1755405917312,0.361316,-0.031705,9.671789
1755405917315,0.287139,-0.065204,10.011869
1755405917317,0.270389,0.008973,9.786645
1755405917320,0.284746,-0.012562,9.973584
1755405917323,0.299103,0.013759,9.870394
1755405917326,0.354138,-0.005384,9.812965
1755405917327,0.270389,-0.034098,9.853643
1755405917329,0.260818,-0.036491,9.932607
1755405917332,0.315853,0.018544,9.753145
1755405917334,0.251246,-0.034098,9.999905
1755405917336,0.327817,0.032901,9.753145
1755405917339,0.246461,-0.014955,9.987941
1755405917342,0.27996,-0.05324,9.734002
1755405917344,0.311067,-0.019741,9.997512
1755405917346,0.29671,-0.012562,9.750752
1755405917348,0.265603,-0.041276,9.971191
1755405917351,0.346959,-0.000598,9.77468
1755405917353,0.239282,0.028116,9.944571
1755405917356,0.31346,-0.041276,9.793823
1755405917358,0.27996,-0.062812,9.971191
1755405917361,0.327817,0.013759,9.803394
1755405917363,0.22014,-0.046062,9.868001
1755405917366,0.31346,-0.014955,9.995119
1755405917368,0.303888,0.025723,9.736395
1755405917370,0.200997,-0.067597,9.975977
1755405917373,0.375673,0.008973,9.832108
1755405917375,0.284746,0.018544,9.858429
1755405917377,0.234497,-0.038883,9.851251
1755405917379,0.315853,-0.05324,9.990334
1755405917382,0.299103,0.016152,9.769895
1755405917384,0.198604,-0.072383,9.891929
1755405917387,0.287139,-0.058026,9.961619
1755405917390,0.263211,0.042473,9.803394
1755405917392,0.229711,-0.05324,9.860822
1755405917394,0.344566,-0.036491,9.908679
1755405917396,0.291924,0.032901,9.923036
1755405917399,0.229711,-0.012562,9.734002
1755405917401,0.253639,-0.08674,10.062119
1755405917403,0.323031,0.008973,9.79143
1755405917408,0.198604,-0.014955,9.856036
1755405917409,0.299103,-0.062812,9.947263
1755405917411,0.344566,0.042473,9.870394
1755405917413,0.246461,-0.043669,9.817751
1755405917415,0.27996,-0.06999,9.964012
1755405917418,0.342174,0.013759,9.877572
1755405917420,0.229711,-0.005384,9.762716
1755405917423,0.248854,-0.05324,10.021441
1755405917426,0.375673,0.013759,9.784252
1755405917429,0.217747,-0.024526,9.906285
1755405917430,0.325424,-0.024526,9.944571
1755405917432,0.351745,0.020937,9.750752
1755405917435,0.19352,-0.06999,10.002297
1755405917437,0.318245,-0.022134,9.839287
1755405917440,0.311067,-0.036491,9.868001
1755405917443,0.229711,-0.060419,9.913465
1755405917444,0.287139,-0.000598,9.939785
1755405917447,0.311067,0.008973,9.882358
1755405917449,0.244068,-0.034098,9.860822
1755405917451,0.323031,-0.065204,9.949656
1755405917454,0.31346,0.028116,9.820144
1755405917456,0.282353,-0.014955,9.836894
1755405917459,0.289532,-0.036491,9.875179
1755405917461,0.294317,-0.005384,9.968799
1755405917463,0.267996,0.044865,9.772287
1755405917466,0.244068,-0.055633,10.002297
1755405917468,0.354138,-0.002991,9.88475
1755405917471,0.234497,0.018544,9.872787
1755405917473,0.27996,-0.034098,9.839287
1755405917476,0.33021,-0.024526,9.879965
1755405917478,0.284746,-0.036491,9.810573
1755405917481,0.284746,-0.017348,9.810573
1755405917483,0.289532,-0.058026,9.959227
1755405917485,0.33021,0.02333,9.834501
1755405917488,0.239282,-0.007777,10.019048
1755405917490,0.294317,-0.034098,9.827323
1755405917493,0.306281,0.011366,9.964012
1755405917495,0.315853,0.001795,9.750752
1755405917498,0.270389,-0.081954,9.91825
1755405917499,0.320638,-0.036491,9.793823
1755405917503,0.29671,-0.017348,9.846465
1755405917504,0.337388,-0.041276,9.985548
1755405917507,0.318245,0.075972,9.856036
1755405917509,0.277567,-0.007777,9.956834
1755405917512,0.284746,-0.029312,9.810573
1755405917514,0.303888,-0.062812,9.817751
1755405917516,0.234497,-0.022134,9.97837
1755405917518,0.344566,0.032901,9.738789
1755405917521,0.258425,-0.034098,10.019048
1755405917523,0.303888,0.04008,9.777073
1755405917526,0.291924,-0.043669,9.891929
1755405917529,0.232104,-0.022134,9.925428
1755405917531,0.308674,0.037687,9.827323
1755405917533,0.260818,-0.038883,9.911072
1755405917535,0.327817,-0.012562,9.865608
1755405917538,0.301496,-0.026919,9.836894
1755405917540,0.241675,-0.026919,9.899107
1755405917544,0.320638,-0.014955,9.877572
1755405917547,0.303888,-0.050847,9.877572
1755405917549,0.27996,-0.041276,9.865608
1755405917550,0.299103,-0.029312,9.879965
1755405917552,0.241675,-0.019741,9.920643
1755405917554,0.303888,0.016152,9.846465
1755405917557,0.291924,-0.041276,9.930214
1755405917560,0.311067,0.016152,9.868001
1755405917562,0.270389,-0.000598,9.906285
1755405917564,0.325424,-0.014955,9.868001
1755405917566,0.284746,-0.010169,9.889536
1755405917569,0.282353,-0.012562,9.868001
1755405917571,0.260818,-0.048455,9.846465
1755405917574,0.232104,-0.026919,9.894321
1755405917577,0.291924,-0.022134,9.853643
1755405917579,0.282353,-0.007777,9.870394
1755405917581,0.27996,-0.014955,9.870394
1755405917583,0.289532,-0.029312,9.887143
1755405917586,0.284746,-0.007777,9.88475
1755405917588,0.282353,-0.014955,9.930214
1755405917591,0.323031,-0.010169,9.858429
1755405917593,0.277567,-0.019741,9.980762
1755405917596,0.303888,0.030508,9.846465
1755405917598,0.291924,-0.058026,9.755538
1755405917600,0.236889,-0.048455,9.964012
1755405917603,0.358923,0.018544,9.812965
1755405917605,0.215354,0.00658,10.076475
1755405917607,0.356531,0.013759,9.731609
1755405917611,0.244068,-0.079561,9.959227
1755405917613,0.332602,-0.058026,9.772287
1755405917614,0.241675,0.035294,9.990334
1755405917618,0.327817,0.032901,9.767502
1755405917620,0.251246,-0.036491,10.007083
1755405917621,0.33021,-0.034098,9.743574
1755405917624,0.22014,0.032901,9.952048
1755405917626,0.320638,0.001795,9.80818
1755405917629,0.284746,-0.065204,9.959227
1755405917631,0.325424,-0.024526,9.863214
1755405917634,0.236889,0.04008,9.920643
1755405917636,0.315853,-0.024526,9.779466
1755405917638,0.267996,-0.058026,9.908679
1755405917641,0.320638,-0.019741,9.915857
1755405917643,0.260818,0.054437,9.832108
1755405917646,0.294317,-0.05324,9.848858
1755405917649,0.272782,-0.055633,9.896714
1755405917651,0.320638,-0.000598,9.987941
1755405917653,0.265603,0.028116,9.858429
1755405917655,0.33021,-0.06999,9.865608
1755405917657,0.308674,-0.055633,9.836894
1755405917660,0.29671,-0.022134,9.839287
1755405917663,0.265603,0.008973,9.949656
1755405917665,0.308674,-0.034098,9.872787
1755405917667,0.294317,-0.041276,9.88475
1755405917669,0.284746,0.018544,9.848858
1755405917672,0.282353,0.004187,9.870394
1755405917674,0.275175,-0.005384,9.870394
1755405917677,0.258425,-0.048455,9.882358
1755405917679,0.272782,-0.017348,9.952048
1755405917682,0.282353,0.013759,9.798609
1755405917684,0.284746,-0.055633,9.88475
1755405917687,0.272782,0.00658,9.793823
1755405917689,0.267996,-0.014955,9.966406
1755405917692,0.294317,0.020937,9.796216
1755405917693,0.265603,-0.077169,9.947263
1755405917696,0.323031,-0.002991,9.789038
1755405917698,0.272782,-0.034098,9.947263
1755405917701,0.284746,-0.022134,9.762716
1755405917703,0.265603,-0.031705,10.00469
1755405917706,0.354138,0.00658,9.805787
1755405917708,0.256032,-0.022134,9.971191
1755405917710,0.323031,-0.007777,9.741181
1755405917713,0.272782,-0.010169,9.961619
1755405917715,0.33021,-0.012562,9.80818
1755405917717,0.256032,-0.012562,9.930214
1755405917720,0.284746,-0.058026,9.839287
1755405917722,0.320638,0.018544,9.88475
1755405917725,0.246461,-0.019741,9.894321
1755405917727,0.318245,0.001795,9.822537
1755405917730,0.256032,-0.005384,9.961619
1755405917733,0.241675,-0.002991,9.851251
1755405917734,0.256032,-0.029312,9.944571
1755405917736,0.277567,-0.034098,9.822537
1755405917739,0.299103,-0.043669,9.923036
1755405917742,0.323031,-0.019741,9.827323
1755405917744,0.251246,0.025723,9.990334
1755405917747,0.29671,0.02333,9.80818
1755405917749,0.236889,-0.038883,9.91825
1755405917751,0.282353,-0.067597,9.822537
1755405917753,0.275175,-0.036491,9.848858
1755405917756,0.251246,-0.012562,9.908679
1755405917758,0.303888,-0.002991,9.851251
1755405917760,0.275175,-0.026919,9.887143
1755405917764,0.253639,-0.007777,9.894321
1755405917766,0.289532,-0.010169,9.820144
1755405917769,0.265603,-0.048455,9.853643
1755405917770,0.284746,0.004187,9.930214
1755405917774,0.248854,0.04008,9.846465
1755405917775,0.282353,-0.041276,9.851251
1755405917777,0.277567,-0.041276,9.915857
1755405917781,0.308674,0.001795,9.870394
1755405917783,0.308674,0.018544,9.882358
1755405917785,0.272782,-0.05324,9.879965
1755405917787,0.318245,-0.038883,9.865608
1755405917789,0.239282,-0.022134,9.889536
1755405917792,0.287139,-0.002991,9.872787
1755405917794,0.303888,-0.002991,9.891929
1755405917798,0.265603,-0.007777,9.870394
1755405917800,0.277567,-0.058026,9.875179
1755405917801,0.299103,-0.007777,9.848858
1755405917804,0.287139,-0.017348,9.88475
1755405917806,0.301496,-0.034098,9.872787
1755405917809,0.263211,-0.031705,9.877572
1755405917811,0.265603,-0.000598,9.870394
1755405917815,0.294317,-0.019741,9.875179
1755405917816,0.301496,-0.012562,9.853643
1755405917818,0.277567,-0.022134,9.889536
1755405917820,0.306281,-0.041276,9.868001
1755405917823,0.287139,-0.024526,9.877572
1755405917825,0.301496,-0.000598,9.894321
1755405917828,0.339781,-0.031705,9.879965
1755405917830,0.29671,-0.036491,9.848858
1755405917833,0.287139,-0.034098,9.865608
1755405917835,0.272782,-0.022134,9.889536
1755405917837,0.301496,-0.007777,9.9015
1755405917840,0.27996,-0.022134,9.875179
1755405917842,0.27996,-0.007777,9.903893
1755405917844,0.323031,-0.017348,9.875179
1755405917847,0.303888,-0.000598,9.870394
1755405917849,0.320638,0.004187,9.906285
1755405917852,0.265603,-0.000598,9.875179
1755405917855,0.263211,-0.05324,9.870394
1755405917856,0.291924,-0.007777,9.887143
1755405917859,0.301496,-0.012562,9.872787
1755405917861,0.256032,-0.007777,9.844072
1755405917864,0.291924,-0.031705,9.877572
1755405917866,0.272782,-0.031705,9.860822
1755405917868,0.282353,-0.019741,9.887143
1755405917871,0.27996,-0.026919,9.88475
1755405917873,0.282353,-0.029312,9.887143
1755405917875,0.277567,-0.022134,9.872787
1755405917878,0.294317,-0.022134,9.882358
1755405917880,0.284746,-0.017348,9.927821
1755405917883,0.308674,0.008973,9.894321
1755405917887,0.282353,0.011366,9.865608
1755405917888,0.289532,0.004187,9.891929
1755405917890,0.282353,-0.022134,9.877572
1755405917892,0.253639,-0.022134,9.913465
1755405917895,0.306281,-0.036491,9.853643
1755405917897,0.287139,-0.017348,9.899107
1755405917900,0.29671,-0.019741,9.858429
1755405917902,0.315853,-0.000598,9.870394
1755405917904,0.246461,-0.005384,9.889536
1755405917907,0.277567,-0.024526,9.88475
1755405917911,0.301496,-0.019741,9.877572
1755405917912,0.289532,0.004187,9.846465
1755405917914,0.258425,-0.031705,9.872787
1755405917917,0.287139,-0.000598,9.860822
1755405917919,0.263211,-0.031705,9.906285
1755405917921,0.272782,-0.019741,9.860822
1755405917924,0.303888,-0.002991,9.9015
1755405917926,0.287139,-0.031705,9.846465
1755405917928,0.267996,-0.029312,9.889536
1755405917931,0.31346,-0.002991,9.851251
1755405917934,0.270389,-0.034098,9.911072
1755405917936,0.291924,-0.024526,9.887143
1755405917938,0.29671,-0.022134,9.899107
1755405917940,0.291924,-0.022134,9.856036
1755405917943,0.306281,-0.010169,9.872787
1755405917945,0.282353,-0.010169,9.870394
1755405917948,0.284746,-0.029312,9.882358
1755405917951,0.301496,-0.031705,9.875179
1755405917953,0.301496,-0.002991,9.863214
1755405917955,0.31346,-0.012562,9.879965
1755405917957,0.325424,-0.022134,9.889536
1755405917959,0.301496,-0.019741,9.889536
1755405917962,0.287139,-0.026919,9.908679
1755405917964,0.267996,-0.012562,9.894321
1755405917967,0.270389,-0.038883,9.865608
1755405917969,0.277567,-0.029312,9.887143
1755405917971,0.287139,-0.036491,9.877572
1755405917974,0.311067,-0.031705,9.894321
1755405917977,0.31346,-0.022134,9.88475
1755405917979,0.306281,-0.019741,9.894321
1755405917981,0.291924,-0.036491,9.882358
1755405917983,0.284746,-0.012562,9.863214
1755405917986,0.301496,-0.012562,9.887143
1755405917989,0.263211,-0.005384,9.889536
1755405917991,0.270389,-0.031705,9.882358
1755405917993,0.267996,-0.031705,9.911072
1755405917995,0.29671,-0.005384,9.863214
1755405917998,0.267996,-0.022134,9.870394
1755405918000,0.287139,-0.043669,9.875179
1755405918003,0.291924,0.011366,9.894321
1755405918005,0.284746,-0.026919,9.865608
1755405918007,0.287139,-0.024526,9.863214
1755405918010,0.277567,-0.034098,9.882358
1755405918013,0.270389,0.001795,9.915857
1755405918016,0.272782,-0.002991,9.887143
1755405918018,0.27996,-0.000598,9.875179
1755405918020,0.270389,0.016152,9.860822
1755405918022,0.265603,-0.041276,9.891929
1755405918024,0.306281,-0.019741,9.889536
1755405918027,0.270389,-0.000598,9.906285
1755405918029,0.308674,-0.005384,9.891929
1755405918032,0.306281,-0.024526,9.911072
1755405918034,0.270389,-0.019741,9.875179
1755405918036,0.265603,-0.014955,9.875179
1755405918039,0.27996,-0.007777,9.896714
1755405918041,0.301496,-0.014955,9.889536
1755405918044,0.29671,-0.022134,9.889536
1755405918046,0.270389,-0.010169,9.872787
1755405918048,0.284746,0.00658,9.875179
1755405918051,0.294317,0.004187,9.870394
1755405918053,0.267996,-0.031705,9.88475
1755405918055,0.275175,-0.005384,9.863214
1755405918058,0.284746,-0.017348,9.860822
1755405918060,0.253639,-0.036491,9.887143
1755405918063,0.289532,-0.031705,9.887143
1755405918065,0.272782,-0.005384,9.870394
1755405918067,0.301496,0.004187,9.9015
1755405918071,0.29671,0.00658,9.875179
1755405918072,0.294317,-0.034098,9.889536
1755405918075,0.287139,-0.031705,9.891929
1755405918078,0.289532,-0.012562,9.882358
1755405918079,0.303888,-0.041276,9.906285
1755405918082,0.303888,-0.022134,9.868001
1755405918084,0.277567,-0.022134,9.889536
1755405918090,0.308674,-0.022134,9.877572
1755405918092,0.294317,-0.005384,9.879965
1755405918093,0.323031,-0.029312,9.870394
1755405918094,0.294317,-0.007777,9.865608
1755405918097,0.270389,-0.000598,9.88475
1755405918100,0.265603,-0.022134,9.896714
1755405918101,0.272782,-0.022134,9.896714
1755405918104,0.287139,-0.012562,9.889536
1755405918106,0.33021,-0.026919,9.865608
1755405918108,0.29671,-0.019741,9.863214
1755405918110,0.27996,-0.024526,9.865608
1755405918113,0.287139,-0.014955,9.9015
1755405918117,0.299103,-0.038883,9.865608
1755405918118,0.294317,-0.026919,9.872787
1755405918121,0.303888,-0.036491,9.875179
1755405918123,0.265603,-0.026919,9.858429
1755405918125,0.263211,-0.036491,9.88475
1755405918127,0.260818,-0.007777,9.887143
1755405918130,0.301496,-0.012562,9.891929
1755405918132,0.320638,-0.014955,9.863214
1755405918135,0.256032,0.001795,9.882358
1755405918137,0.303888,0.016152,9.889536
1755405918140,0.270389,-0.012562,9.894321
1755405918143,0.272782,-0.005384,9.879965
1755405918144,0.306281,-0.005384,9.896714
1755405918146,0.301496,-0.005384,9.894321
1755405918149,0.291924,-0.012562,9.903893
1755405918151,0.265603,-0.002991,9.887143
1755405918153,0.258425,-0.026919,9.856036
1755405918156,0.253639,-0.012562,9.875179
1755405918159,0.291924,-0.010169,9.882358
1755405918161,0.289532,-0.002991,9.875179
1755405918163,0.244068,-0.002991,9.875179
1755405918166,0.287139,-0.002991,9.879965
1755405918168,0.251246,-0.022134,9.870394
1755405918170,0.284746,-0.034098,9.851251
1755405918173,0.27996,-0.005384,9.879965
1755405918175,0.272782,-0.000598,9.887143
1755405918178,0.27996,-0.019741,9.872787
1755405918180,0.303888,-0.005384,9.858429
1755405918183,0.272782,-0.036491,9.887143
1755405918185,0.284746,-0.017348,9.856036
1755405918187,0.320638,-0.024526,9.870394
1755405918190,0.308674,-0.017348,9.896714
1755405918192,0.299103,-0.017348,9.868001
1755405918194,0.267996,-0.010169,9.875179
1755405918197,0.311067,-0.031705,9.863214
1755405918199,0.29671,-0.010169,9.887143
1755405918202,0.299103,-0.005384,9.9015
1755405918204,0.260818,-0.024526,9.887143
1755405918206,0.284746,-0.010169,9.882358
