1755406703422,0.284746,-0.031705,9.891929
1755406703424,0.306281,-0.017348,9.872787
1755406703425,0.287139,-0.012562,9.875179
1755406703426,0.272782,-0.043669,9.860822
1755406703427,0.308674,-0.017348,9.877572
1755406703428,0.301496,-0.014955,9.879965
1755406703429,0.299103,0.00658,9.88475
1755406703430,0.287139,0.001795,9.889536
1755406703431,0.311067,0.001795,9.863214
1755406703432,0.29671,-0.019741,9.863214
1755406703433,0.275175,-0.019741,9.877572
1755406703434,0.303888,-0.005384,9.882358
1755406703434,0.289532,-0.007777,9.872787
1755406703435,0.327817,-0.010169,9.889536
1755406703436,0.282353,-0.002991,9.894321
1755406703437,0.277567,-0.026919,9.858429
1755406703438,0.287139,-0.034098,9.903893
1755406703438,0.275175,-0.012562,9.889536
1755406703439,0.256032,-0.038883,9.865608
1755406703440,0.301496,-0.012562,9.853643
1755406703441,0.270389,-0.014955,9.887143
1755406703442,0.311067,-0.031705,9.882358
1755406703443,0.287139,-0.014955,9.877572
1755406703443,0.282353,-0.017348,9.88475
1755406703444,0.301496,-0.007777,9.889536
1755406703445,0.27996,0.004187,9.875179
1755406703447,0.29671,0.001795,9.858429
1755406703448,0.284746,-0.022134,9.88475
1755406703448,0.282353,-0.012562,9.853643
1755406703449,0.303888,-0.007777,9.903893
1755406703449,0.277567,-0.022134,9.870394
1755406703449,0.291924,-0.005384,9.891929
1755406703450,0.29671,-0.012562,9.879965
1755406703450,0.260818,-0.000598,9.889536
1755406703451,0.301496,-0.014955,9.860822
1755406703451,0.289532,-0.012562,9.863214
1755406703451,0.272782,-0.014955,9.889536
1755406703452,0.306281,-0.031705,9.891929
1755406703452,0.29671,-0.041276,9.908679
1755406703453,0.284746,-0.034098,9.882358
1755406703453,0.27996,-0.019741,9.896714
1755406703453,0.318245,0.001795,9.889536
1755406703454,0.306281,-0.019741,9.894321
1755406703454,0.29671,-0.017348,9.875179
1755406703461,0.27996,-0.010169,9.887143
1755406703462,0.306281,-0.043669,9.882358
1755406703463,0.256032,-0.007777,9.88475
1755406703463,0.27996,-0.005384,9.863214
1755406703467,0.299103,-0.043669,9.875179
1755406703468,0.287139,-0.046062,9.891929
1755406703473,0.291924,-0.034098,9.88475
1755406703473,0.287139,0.004187,9.899107
1755406703476,0.308674,-0.029312,9.894321
1755406703478,0.303888,0.00658,9.879965
1755406703480,0.256032,0.001795,9.894321
1755406703482,0.265603,-0.019741,9.894321
1755406703485,0.27996,-0.014955,9.88475
1755406703488,0.287139,-0.014955,9.870394
1755406703490,0.256032,-0.026919,9.891929
1755406703492,0.301496,-0.002991,9.868001
1755406703494,0.270389,0.001795,9.879965
1755406703496,0.260818,-0.041276,9.879965
1755406703499,0.282353,-0.000598,9.88475
1755406703502,0.303888,-0.019741,9.872787
1755406703504,0.277567,0.004187,9.865608
1755406703506,0.282353,-0.017348,9.889536
1755406703509,0.294317,0.018544,9.863214
1755406703511,0.275175,-0.024526,9.887143
1755406703513,0.277567,-0.017348,9.879965
1755406703516,0.263211,-0.007777,9.894321
1755406703518,0.267996,-0.017348,9.882358
1755406703521,0.277567,-0.034098,9.88475
1755406703523,0.294317,-0.031705,9.879965
1755406703525,0.318245,-0.019741,9.887143
1755406703527,0.29671,-0.012562,9.863214
1755406703530,0.318245,-0.014955,9.889536
1755406703532,0.284746,-0.022134,9.856036
1755406703535,0.306281,-0.026919,9.872787
1755406703537,0.320638,-0.022134,9.887143
1755406703540,0.31346,-0.024526,9.882358
1755406703542,0.27996,-0.041276,9.891929
1755406703545,0.291924,-0.019741,9.865608
1755406703547,0.308674,-0.026919,9.882358
1755406703549,0.267996,-0.026919,9.882358
1755406703552,0.29671,-0.007777,9.865608
1755406703561,0.282353,-0.010169,9.891929
1755406703562,0.311067,-0.019741,9.88475
1755406703563,0.301496,-0.043669,9.911072
1755406703564,0.299103,-0.007777,9.88475
1755406703564,0.31346,-0.000598,9.896714
1755406703566,0.299103,-0.014955,9.887143
1755406703569,0.287139,0.001795,9.877572
1755406703571,0.275175,-0.043669,9.887143
1755406703573,0.27996,-0.038883,9.879965
1755406703576,0.248854,-0.010169,9.882358
1755406703579,0.284746,0.001795,9.865608
1755406703580,0.260818,-0.007777,9.891929
1755406703583,0.29671,-0.010169,9.868001
1755406703586,0.275175,-0.031705,9.865608
1755406703588,0.294317,-0.038883,9.88475
1755406703590,0.303888,-0.043669,9.88475
1755406703593,0.282353,-0.024526,9.872787
1755406703595,0.272782,-0.017348,9.891929
1755406703597,0.27996,-0.000598,9.887143
1755406703600,0.277567,-0.012562,9.88475
1755406703603,0.311067,-0.002991,9.894321
1755406703605,0.301496,-0.014955,9.872787
1755406703607,0.260818,-0.012562,9.882358
1755406703609,0.270389,-0.034098,9.858429
1755406703611,0.263211,-0.017348,9.88475
1755406703614,0.303888,-0.002991,9.875179
1755406703616,0.27996,-0.022134,9.891929
1755406703620,0.301496,-0.038883,9.877572
1755406703622,0.284746,-0.024526,9.868001
1755406703624,0.270389,-0.026919,9.870394
1755406703626,0.258425,-0.036491,9.860822
1755406703628,0.282353,-0.029312,9.887143
1755406703631,0.277567,0.008973,9.899107
1755406703633,0.270389,-0.000598,9.860822
1755406703636,0.29671,-0.010169,9.863214
1755406703638,0.27996,0.001795,9.879965
1755406703641,0.251246,-0.014955,9.887143
1755406703644,0.287139,-0.014955,9.875179
1755406703645,0.277567,-0.024526,9.887143
1755406703647,0.275175,-0.012562,9.877572
1755406703650,0.303888,0.018544,9.891929
1755406703654,0.289532,-0.026919,9.889536
1755406703656,0.29671,-0.019741,9.882358
1755406703658,0.31346,-0.019741,9.856036
1755406703659,0.287139,-0.060419,9.877572
1755406703662,0.299103,-0.034098,9.891929
1755406703664,0.267996,-0.022134,9.877572
1755406703667,0.287139,-0.019741,9.88475
1755406703669,0.301496,-0.014955,9.882358
1755406703671,0.291924,-0.05324,9.882358
1755406703675,0.277567,-0.034098,9.887143
1755406703676,0.284746,-0.007777,9.88475
1755406703678,0.287139,-0.026919,9.877572
1755406703682,0.282353,-0.024526,9.879965
1755406703684,0.284746,-0.014955,9.872787
1755406703686,0.303888,-0.014955,9.863214
1755406703689,0.277567,-0.002991,9.879965
1755406703691,0.303888,-0.014955,9.877572
1755406703693,0.258425,-0.029312,9.906285
1755406703695,0.258425,-0.017348,9.894321
1755406703698,0.267996,-0.005384,9.88475
1755406703700,0.289532,-0.019741,9.877572
1755406703703,0.27996,-0.041276,9.879965
1755406703706,0.265603,-0.026919,9.877572
1755406703708,0.277567,-0.024526,9.894321
1755406703710,0.284746,-0.014955,9.887143
1755406703712,0.299103,-0.024526,9.875179
1755406703715,0.311067,-0.022134,9.908679
1755406703717,0.339781,-0.022134,9.891929
1755406703719,0.306281,0.004187,9.882358
1755406703722,0.318245,-0.014955,9.875179
1755406703725,0.287139,-0.017348,9.896714
1755406703726,0.289532,-0.031705,9.903893
1755406703729,0.289532,-0.012562,9.863214
1755406703732,0.275175,-0.007777,9.879965
1755406703734,0.260818,-0.050847,9.877572
1755406703737,0.284746,-0.012562,9.872787
1755406703739,0.263211,-0.002991,9.879965
1755406703741,0.270389,-0.019741,9.889536
1755406703744,0.301496,-0.012562,9.858429
1755406703746,0.320638,-0.022134,9.863214
1755406703748,0.284746,-0.014955,9.88475
1755406703750,0.31346,-0.002991,9.896714
1755406703753,0.303888,-0.002991,9.858429
1755406703756,0.289532,-0.026919,9.868001
1755406703758,0.27996,-0.024526,9.820144
1755406703760,0.289532,-0.058026,9.889536
1755406703762,0.27996,-0.038883,9.88475
1755406703766,0.246461,-0.022134,9.858429
1755406703768,0.265603,-0.019741,9.877572
1755406703770,0.294317,-0.002991,9.903893
1755406703773,0.301496,-0.002991,9.889536
1755406703775,0.272782,-0.048455,9.889536
1755406703777,0.291924,-0.007777,9.875179
1755406703779,0.267996,-0.029312,9.879965
1755406703782,0.287139,-0.010169,9.9015
1755406703785,0.277567,-0.036491,9.899107
1755406703787,0.306281,-0.034098,9.906285
1755406703790,0.265603,-0.024526,9.865608
1755406703793,0.294317,-0.062812,9.868001
1755406703794,0.303888,-0.034098,9.879965
1755406703796,0.291924,-0.005384,9.923036
1755406703798,0.299103,-0.017348,9.877572
1755406703801,0.265603,-0.022134,9.889536
1755406703803,0.263211,-0.017348,9.863214
1755406703807,0.258425,-0.000598,9.872787
1755406703809,0.294317,-0.002991,9.877572
1755406703811,0.294317,0.004187,9.872787
1755406703813,0.265603,-0.014955,9.872787
1755406703815,0.275175,-0.014955,9.887143
1755406703817,0.277567,-0.012562,9.882358
1755406703820,0.29671,-0.014955,9.906285
1755406703822,0.272782,-0.010169,9.887143
1755406703825,0.263211,-0.019741,9.860822
1755406703827,0.289532,-0.038883,9.894321
1755406703829,0.323031,-0.017348,9.882358
1755406703832,0.27996,-0.017348,9.868001
1755406703834,0.303888,-0.014955,9.877572
1755406703837,0.260818,-0.036491,9.877572
1755406703839,0.29671,-0.024526,9.889536
1755406703843,0.299103,-0.002991,9.891929
1755406703844,0.275175,-0.024526,9.848858
1755406703847,0.251246,-0.007777,9.891929
1755406703849,0.294317,-0.036491,9.877572
1755406703851,0.27996,-0.038883,9.872787
1755406703854,0.308674,-0.024526,9.870394
1755406703856,0.318245,-0.034098,9.872787
1755406703859,0.311067,-0.041276,9.908679
1755406703861,0.320638,-0.022134,9.906285
1755406703863,0.303888,0.016152,9.887143
1755406703866,0.301496,-0.038883,9.889536
1755406703868,0.275175,-0.010169,9.908679
1755406703871,0.320638,-0.041276,9.887143
1755406703873,0.311067,-0.017348,9.894321
1755406703876,0.294317,-0.024526,9.870394
1755406703878,0.272782,-0.017348,9.856036
1755406703880,0.287139,-0.050847,9.872787
1755406703883,0.294317,-0.026919,9.872787
1755406703885,0.284746,-0.022134,9.865608
1755406703888,0.263211,-0.026919,9.911072
1755406703890,0.308674,-0.024526,9.887143
1755406703893,0.284746,-0.019741,9.899107
1755406703896,0.291924,-0.010169,9.868001
1755406703898,0.282353,-0.012562,9.899107
1755406703899,0.260818,-0.010169,9.894321
1755406703901,0.294317,0.00658,9.889536
1755406703904,0.323031,-0.010169,9.879965
1755406703906,0.287139,-0.012562,9.887143
1755406703909,0.282353,-0.024526,9.894321
1755406703911,0.289532,-0.012562,9.920643
1755406703914,0.272782,-0.014955,9.887143
1755406703916,0.289532,-0.022134,9.896714
1755406703918,0.301496,-0.041276,9.870394
1755406703921,0.325424,-0.002991,9.889536
1755406703923,0.303888,-0.014955,9.908679
1755406703927,0.277567,-0.012562,9.879965
1755406703929,0.267996,-0.019741,9.908679
1755406703931,0.27996,-0.012562,9.853643
1755406703933,0.291924,-0.031705,9.9015
1755406703935,0.282353,-0.029312,9.887143
1755406703938,0.306281,-0.041276,9.868001
1755406703940,0.289532,-0.031705,9.865608
1755406703943,0.299103,-0.034098,9.858429
1755406703945,0.294317,-0.017348,9.896714
1755406703947,0.287139,-0.017348,9.887143
1755406703950,0.287139,-0.010169,9.877572
1755406703952,0.289532,-0.005384,9.891929
1755406703954,0.318245,-0.012562,9.875179
1755406703957,0.263211,-0.017348,9.915857
1755406703960,0.31346,-0.048455,9.856036
1755406703962,0.325424,-0.043669,9.9015
1755406703964,0.318245,-0.014955,9.899107
1755406703966,0.294317,-0.019741,9.877572
1755406703969,0.284746,-0.012562,9.879965
1755406703971,0.318245,-0.043669,9.899107
1755406703973,0.308674,-0.010169,9.889536
1755406703977,0.29671,-0.014955,9.865608
1755406703979,0.29671,0.001795,9.882358
1755406703981,0.294317,-0.038883,9.868001
1755406703983,0.323031,-0.022134,9.899107
1755406703985,0.27996,-0.010169,9.882358
1755406703988,0.267996,-0.048455,9.894321
1755406703991,0.270389,-0.036491,9.903893
1755406703994,0.315853,0.004187,9.879965
1755406703996,0.306281,0.004187,9.872787
1755406703998,0.263211,-0.010169,9.872787
1755406704000,0.270389,-0.019741,9.88475
1755406704002,0.277567,-0.019741,9.877572
1755406704004,0.272782,-0.017348,9.877572
1755406704007,0.27996,-0.026919,9.872787
1755406704011,0.265603,-0.034098,9.877572
1755406704014,0.270389,-0.036491,9.870394
1755406704015,0.270389,-0.041276,9.870394
1755406704017,0.272782,-0.005384,9.879965
1755406704019,0.303888,-0.029312,9.868001
1755406704021,0.323031,-0.014955,9.865608
1755406704024,0.284746,-0.014955,9.891929
1755406704028,0.270389,-0.007777,9.889536
1755406704030,0.289532,-0.041276,9.872787
1755406704032,0.284746,-0.019741,9.88475
1755406704033,0.267996,-0.014955,9.868001
1755406704036,0.265603,-0.022134,9.868001
1755406704038,0.260818,-0.012562,9.88475
1755406704041,0.291924,-0.031705,9.882358
1755406704045,0.27996,-0.007777,9.860822
1755406704046,0.277567,-0.014955,9.865608
1755406704048,0.289532,-0.034098,9.906285
1755406704051,0.308674,-0.010169,9.899107
1755406704052,0.289532,0.001795,9.851251
1755406704055,0.267996,-0.007777,9.9015
1755406704057,0.291924,-0.012562,9.913465
1755406704060,0.284746,-0.002991,9.870394
1755406704064,0.294317,-0.012562,9.887143
1755406704066,0.282353,-0.036491,9.899107
1755406704068,0.301496,-0.019741,9.875179
1755406704069,0.287139,0.011366,9.88475
1755406704071,0.260818,-0.014955,9.891929
1755406704074,0.246461,-0.029312,9.858429
1755406704077,0.241675,-0.026919,9.882358
1755406704079,0.275175,-0.019741,9.868001
1755406704082,0.311067,-0.031705,9.891929
1755406704084,0.270389,-0.060419,9.894321
1755406704086,0.260818,-0.014955,9.894321
1755406704088,0.275175,-0.017348,9.875179
1755406704092,0.277567,-0.017348,9.889536
1755406704094,0.256032,-0.026919,9.889536
1755406704096,0.270389,-0.043669,9.894321
1755406704098,0.294317,0.008973,9.887143
1755406704100,0.282353,-0.024526,9.887143
1755406704103,0.251246,-0.022134,9.9015
1755406704105,0.282353,-0.007777,9.870394
1755406704108,0.275175,-0.029312,9.896714
1755406704110,0.282353,-0.024526,9.879965
1755406704112,0.277567,-0.017348,9.875179
1755406704115,0.267996,0.011366,9.860822
1755406704117,0.29671,-0.022134,9.903893
1755406704120,0.301496,-0.014955,9.879965
1755406704122,0.282353,-0.007777,9.853643
1755406704125,0.275175,0.00658,9.872787
1755406704127,0.251246,-0.024526,9.882358
1755406704130,0.289532,0.004187,9.863214
1755406704133,0.275175,0.008973,9.879965
1755406704135,0.284746,-0.014955,9.88475
1755406704137,0.301496,-0.036491,9.887143
1755406704139,0.289532,0.001795,9.870394
1755406704141,0.291924,-0.022134,9.877572
1755406704144,0.275175,-0.026919,9.879965
1755406704147,0.291924,-0.043669,9.860822
1755406704149,0.301496,-0.026919,9.88475
1755406704151,0.294317,-0.034098,9.899107
1755406704153,0.282353,-0.031705,9.899107
1755406704155,0.294317,-0.034098,9.9015
1755406704158,0.277567,-0.012562,9.891929
1755406704161,0.306281,0.001795,9.853643
1755406704164,0.267996,0.018544,9.853643
1755406704165,0.299103,-0.010169,9.896714
1755406704168,0.287139,-0.041276,9.903893
1755406704170,0.272782,-0.026919,9.844072
1755406704173,0.277567,-0.005384,9.872787
1755406704174,0.311067,-0.034098,9.851251
1755406704177,0.253639,-0.007777,9.906285
1755406704180,0.303888,-0.012562,9.846465
1755406704183,0.256032,0.042473,9.999905
1755406704184,0.287139,-0.002991,9.717253
1755406704187,0.275175,-0.091525,9.834501
1755406704189,0.232104,-0.043669,10.083653
1755406704191,0.363709,0.111864,9.662218
1755406704195,0.148056,-0.06999,10.042975
1755406704196,0.368495,-0.084347,9.702896
1755406704199,0.272782,0.018544,10.057333
1755406704201,0.33021,0.068794,9.736395
1755406704204,0.275175,-0.058026,9.997512
1755406704206,0.334995,-0.081954,9.760324
1755406704208,0.224925,0.013759,10.057333
1755406704211,0.332602,0.054437,9.695718
1755406704215,0.246461,-0.089133,9.995119
1755406704216,0.339781,-0.043669,9.822537
1755406704220,0.20339,0.047258,10.028619
1755406704221,0.291924,0.059222,9.667004
1755406704222,0.263211,-0.113061,10.059726
1755406704225,0.332602,-0.041276,9.779466
1755406704227,0.229711,0.083151,9.942178
1755406704230,0.275175,-0.026919,9.688539
1755406704232,0.256032,-0.113061,10.007083
1755406704234,0.339781,0.02333,9.79143
1755406704237,0.236889,0.025723,9.899107
1755406704239,0.299103,-0.079561,9.822537
1755406704242,0.29671,0.001795,9.992726
1755406704244,0.265603,0.061615,9.765109
1755406704246,0.241675,-0.065204,9.88475
1755406704249,0.354138,-0.084347,9.959227
1755406704251,0.318245,0.013759,9.891929
1755406704254,0.267996,-0.005384,9.877572
1755406704256,0.323031,-0.029312,9.889536
1755406704258,0.33021,0.011366,9.949656
1755406704261,0.244068,0.008973,9.80818
1755406704263,0.241675,-0.098704,9.923036
1755406704266,0.339781,-0.048455,9.848858
1755406704268,0.258425,-0.002991,9.805787
1755406704270,0.222533,-0.017348,9.925428
1755406704273,0.327817,-0.002991,9.860822
1755406704275,0.27996,-0.046062,9.91825
1755406704278,0.27996,-0.000598,9.853643
1755406704280,0.29671,-0.012562,9.839287
1755406704283,0.260818,-0.029312,9.887143
1755406704285,0.301496,-0.046062,9.975977
1755406704287,0.337388,-0.022134,9.927821
1755406704290,0.27996,-0.022134,9.891929
1755406704293,0.301496,0.00658,9.887143
1755406704298,0.265603,-0.014955,9.846465
1755406704299,0.31346,0.018544,10.031012
1755406704300,0.356531,-0.062812,9.9015
1755406704302,0.368495,-0.038883,9.952048
1755406704304,0.351745,-0.012562,10.021441
1755406704307,0.239282,0.054437,10.090832
1755406704309,0.284746,-0.017348,9.793823
1755406704311,0.200997,-0.024526,9.879965
1755406704314,0.363709,-0.043669,9.913465
1755406704316,0.27996,-0.012562,9.964012
1755406704319,0.174377,0.02333,9.753145
1755406704321,0.186341,0.004187,9.717253
1755406704323,0.29671,-0.050847,9.760324
1755406704326,0.349352,-0.055633,9.964012
1755406704328,0.33021,0.016152,9.992726
1755406704331,0.385244,-0.029312,10.093225
1755406704334,0.239282,-0.017348,9.755538
1755406704337,0.272782,-0.029312,9.848858
1755406704338,0.303888,-0.041276,9.959227
1755406704340,0.186341,0.05683,9.987941
1755406704343,0.270389,0.020937,9.899107
1755406704345,0.366102,-0.060419,10.033404
1755406704347,0.382852,-0.089133,10.035797
1755406704352,0.332602,-0.046062,10.035797
1755406704353,0.222533,0.025723,9.891929
1755406704355,0.308674,-0.005384,9.879965
1755406704357,0.294317,-0.034098,9.879965
1755406704359,0.327817,-0.06999,10.026226
1755406704362,0.248854,-0.031705,9.84168
1755406704364,0.294317,-0.007777,9.877572
1755406704369,0.282353,-0.005384,9.911072
1755406704370,0.289532,-0.036491,9.882358
1755406704371,0.277567,-0.002991,9.868001
1755406704374,0.303888,-0.010169,9.9015
1755406704376,0.275175,-0.002991,9.887143
1755406704379,0.289532,-0.005384,9.894321
1755406704381,0.291924,-0.043669,9.896714
1755406704383,0.27996,-0.017348,9.84168
1755406704386,0.263211,-0.012562,9.856036
1755406704389,0.277567,-0.043669,9.879965
1755406704390,0.284746,-0.022134,9.860822
1755406704393,0.27996,-0.012562,9.882358
1755406704395,0.282353,-0.012562,9.889536
1755406704398,0.299103,0.004187,9.856036
1755406704400,0.27996,-0.010169,9.863214
1755406704403,0.272782,-0.002991,9.887143
1755406704406,0.277567,-0.014955,9.879965
1755406704407,0.244068,-0.022134,9.865608
1755406704409,0.284746,-0.002991,9.872787
1755406704412,0.275175,-0.017348,9.879965
1755406704414,0.260818,-0.010169,9.863214
1755406704417,0.277567,-0.007777,9.870394
1755406704420,0.275175,-0.007777,9.870394
1755406704422,0.31346,-0.014955,9.88475
1755406704424,0.291924,-0.005384,9.870394
1755406704426,0.284746,0.008973,9.88475
1755406704429,0.342174,-0.019741,9.906285
1755406704431,0.29671,-0.014955,9.913465
1755406704434,0.282353,-0.06999,9.789038
1755406704438,0.256032,-0.046062,9.903893
1755406704439,0.327817,-0.014955,9.877572
1755406704443,0.284746,-0.022134,9.786645
1755406704444,0.291924,-0.036491,10.021441
1755406704446,0.354138,0.047258,9.851251
1755406704448,0.258425,-0.022134,9.796216
1755406704450,0.210568,-0.077169,10.011869
1755406704455,0.401994,0.028116,9.712467
1755406704456,0.212961,-0.002991,10.040583
1755406704458,0.33021,0.00658,9.717253
1755406704460,0.267996,-0.089133,9.949656
1755406704462,0.299103,-0.005384,9.827323
1755406704465,0.287139,-0.007777,10.052547
1755406704467,0.318245,-0.038883,9.736395
1755406704469,0.258425,-0.017348,9.987941
1755406704472,0.27996,-0.000598,9.789038
1755406704474,0.301496,-0.046062,10.150653
1755406704477,0.339781,0.001795,9.77468
1755406704479,0.236889,-0.007777,9.937392
1755406704481,0.294317,-0.012562,9.779466
1755406704484,0.287139,-0.024526,10.019048
1755406704487,0.327817,-0.043669,9.815358
1755406704489,0.270389,0.00658,9.889536
1755406704491,0.299103,-0.026919,9.786645
1755406704493,0.248854,-0.041276,9.934999
1755406704496,0.339781,-0.026919,9.908679
1755406704499,0.284746,-0.022134,9.846465
1755406704501,0.315853,-0.077169,9.961619
1755406704504,0.291924,0.001795,9.875179
1755406704506,0.260818,-0.010169,9.97837
1755406704508,0.291924,-0.022134,9.834501
1755406704510,0.248854,-0.034098,10.031012
1755406704513,0.325424,0.02333,9.726824
1755406704515,0.227318,-0.038883,9.927821
1755406704517,0.315853,-0.041276,9.853643
1755406704522,0.258425,0.035294,10.050154
1755406704524,0.306281,0.032901,9.695718
1755406704525,0.234497,-0.091525,9.997512
1755406704527,0.385244,-0.029312,9.80818
1755406704530,0.22014,0.066401,10.057333
1755406704532,0.361316,0.004187,9.650253
1755406704535,0.239282,-0.136989,10.047761
1755406704538,0.366102,-0.046062,9.734002
1755406704540,0.198604,0.04008,10.141082
1755406704542,0.375673,0.035294,9.662218
1755406704544,0.212961,-0.134596,10.050154
1755406704547,0.332602,-0.048455,9.702896
1755406704548,0.200997,0.028116,10.145867
1755406704551,0.349352,0.02333,9.645468
1755406704553,0.181555,-0.122632,10.086046
1755406704557,0.375673,-0.055633,9.645468
1755406704558,0.191127,-0.007777,10.145867
1755406704560,0.354138,0.068794,9.645468
1755406704563,0.174377,-0.098704,10.107582
1755406704565,0.344566,-0.038883,9.643075
1755406704568,0.22014,-0.050847,10.03819
1755406704570,0.31346,0.030508,9.777073
1755406704573,0.265603,-0.019741,9.930214
1755406704576,0.253639,-0.014955,9.858429
1755406704577,0.289532,-0.026919,9.868001
1755406704580,0.272782,-0.014955,9.856036
1755406704582,0.27996,-0.019741,9.906285
1755406704585,0.287139,-0.022134,9.853643
1755406704587,0.253639,-0.029312,9.939785
1755406704590,0.306281,0.008973,9.827323
1755406704592,0.31346,-0.024526,9.879965
1755406704594,0.27996,-0.019741,9.896714
1755406704597,0.303888,-0.022134,9.84168
1755406704599,0.284746,-0.014955,9.875179
1755406704601,0.287139,-0.010169,9.891929
1755406704604,0.29671,0.001795,9.88475
1755406704606,0.27996,-0.024526,9.875179
1755406704609,0.260818,-0.005384,9.896714
1755406704611,0.294317,-0.007777,9.84168
1755406704614,0.265603,-0.007777,9.934999
1755406704616,0.318245,-0.000598,9.9015
1755406704618,0.265603,-0.036491,9.906285
1755406704621,0.289532,-0.024526,9.868001
1755406704624,0.275175,-0.036491,9.882358
1755406704626,0.299103,-0.019741,9.882358
1755406704628,0.27996,-0.005384,9.879965
1755406704630,0.277567,-0.019741,9.887143
1755406704633,0.311067,-0.019741,9.853643
1755406704635,0.277567,0.001795,9.91825
1755406704637,0.270389,-0.034098,9.812965
1755406704640,0.188734,0.025723,9.659825
1755406704643,0.22014,0.035294,9.757931
1755406704644,0.210568,0.013759,9.798609
1755406704647,0.183948,0.028116,9.631111
1755406704649,0.31346,-0.024526,10.052547
1755406704652,0.224925,0.013759,9.997512
1755406704654,0.181555,0.016152,9.571291
1755406704656,0.311067,-0.108275,9.731609
1755406704660,0.29671,-0.031705,9.762716
1755406704662,0.287139,-0.019741,10.007083
1755406704664,0.208176,-0.017348,9.743574
1755406704666,0.27996,-0.038883,9.80818
1755406704668,0.294317,-0.024526,9.983155
1755406704671,0.246461,0.001795,9.815358
1755406704674,0.258425,0.011366,9.829716
1755406704676,0.208176,0.030508,9.784252
1755406704678,0.270389,-0.014955,9.91825
1755406704680,0.248854,-0.005384,9.762716
1755406704683,0.282353,-0.046062,9.812965
1755406704685,0.246461,0.008973,9.923036
1755406704687,0.270389,-0.036491,9.793823
1755406704691,0.31346,-0.022134,9.925428
1755406704692,0.275175,-0.036491,9.91825
1755406704695,0.349352,-0.091525,9.923036
1755406704697,0.272782,0.001795,9.887143
1755406704699,0.260818,-0.017348,9.846465
1755406704702,0.282353,-0.036491,9.875179
1755406704705,0.318245,-0.026919,9.920643
1755406704709,0.294317,-0.022134,9.860822
1755406704711,0.282353,-0.022134,9.882358
1755406704712,0.263211,0.00658,9.879965
1755406704714,0.265603,-0.005384,9.844072
1755406704716,0.282353,-0.048455,9.853643
1755406704719,0.301496,-0.029312,9.896714
1755406704721,0.282353,0.02333,9.88475
1755406704723,0.275175,-0.000598,9.875179
1755406704726,0.289532,-0.029312,9.887143
1755406704728,0.29671,-0.005384,9.846465
1755406704731,0.260818,-0.024526,9.858429
1755406704733,0.291924,-0.014955,9.889536
1755406704735,0.289532,-0.026919,9.903893
1755406704738,0.29671,-0.002991,9.863214
1755406704740,0.303888,-0.031705,9.88475
1755406704744,0.318245,-0.038883,9.860822
1755406704745,0.294317,-0.014955,9.875179
1755406704748,0.27996,-0.014955,9.868001
1755406704750,0.270389,-0.048455,9.896714
1755406704752,0.294317,0.013759,9.872787
1755406704755,0.256032,-0.038883,9.891929
1755406704757,0.272782,-0.019741,9.872787
1755406704760,0.275175,-0.024526,9.891929
1755406704763,0.270389,-0.019741,9.844072
1755406704765,0.275175,-0.005384,9.875179
1755406704767,0.289532,-0.038883,9.879965
1755406704769,0.289532,-0.046062,9.856036
1755406704772,0.284746,-0.017348,9.949656
1755406704774,0.306281,0.008973,9.942178
1755406704777,0.291924,0.016152,9.765109
1755406704779,0.246461,-0.08674,9.891929
1755406704781,0.311067,-0.036491,9.944571
1755406704785,0.308674,0.025723,9.812965
1755406704786,0.232104,-0.05324,9.956834
1755406704788,0.344566,-0.012562,9.815358
1755406704790,0.229711,-0.050847,9.954441
1755406704793,0.270389,0.004187,9.796216
1755406704795,0.27996,-0.041276,9.97837
1755406704798,0.287139,0.004187,9.769895
1755406704800,0.222533,-0.08674,9.899107
1755406704803,0.349352,-0.050847,9.734002
1755406704805,0.241675,0.013759,10.107582
1755406704808,0.356531,0.064008,9.734002
1755406704810,0.232104,-0.043669,10.019048
1755406704813,0.380459,-0.050847,9.762716
1755406704815,0.222533,-0.113061,9.927821
1755406704817,0.306281,0.008973,9.908679
1755406704819,0.323031,0.030508,9.925428
1755406704822,0.246461,0.037687,9.985548
1755406704824,0.346959,-0.034098,9.643075
1755406704827,0.164806,-0.122632,10.042975
1755406704829,0.344566,0.011366,9.731609
1755406704832,0.234497,0.025723,9.975977
1755406704834,0.31346,0.016152,9.803394
1755406704836,0.301496,-0.072383,9.959227
1755406704839,0.301496,-0.007777,9.757931
1755406704841,0.248854,-0.036491,9.980762
1755406704844,0.311067,-0.022134,9.822537
1755406704846,0.267996,-0.026919,9.939785
1755406704848,0.327817,-0.005384,9.784252
1755406704851,0.210568,-0.000598,9.97837
1755406704853,0.327817,-0.005384,9.717253
1755406704855,0.246461,-0.058026,10.016655
1755406704858,0.327817,-0.007777,9.767502
1755406704862,0.200997,0.001795,10.007083
1755406704863,0.363709,-0.010169,9.77468
1755406704866,0.248854,-0.019741,9.997512
1755406704867,0.311067,-0.014955,9.779466
1755406704870,0.251246,-0.010169,9.964012
1755406704872,0.327817,-0.029312,9.801002
1755406704875,0.251246,-0.012562,9.959227
1755406704878,0.351745,-0.024526,9.82493
1755406704879,0.272782,-0.010169,9.968799
1755406704882,0.31346,-0.014955,9.817751
1755406704884,0.258425,-0.019741,9.959227
1755406704887,0.332602,-0.029312,9.868001
1755406704889,0.299103,0.016152,9.903893
1755406704891,0.253639,-0.017348,9.827323
1755406704894,0.282353,-0.024526,9.872787
1755406704896,0.306281,-0.005384,9.939785
1755406704899,0.248854,0.020937,9.882358
1755406704901,0.289532,0.004187,9.947263
1755406704903,0.263211,-0.002991,9.832108
1755406704906,0.306281,-0.029312,9.88475
1755406704908,0.275175,-0.060419,9.964012
1755406704911,0.337388,-0.010169,10.03819
1755406704913,0.327817,-0.012562,9.939785
1755406704915,0.334995,0.008973,9.899107
1755406704918,0.251246,-0.012562,9.903893
1755406704920,0.301496,-0.036491,10.033404
1755406704922,0.27996,-0.002991,9.899107
1755406704925,0.327817,-0.05324,9.934999
1755406704927,0.311067,0.001795,9.944571
1755406704930,0.287139,-0.007777,9.829716
1755406704932,0.256032,-0.019741,9.829716
1755406704934,0.299103,-0.024526,9.875179
1755406704937,0.253639,0.001795,9.836894
1755406704939,0.275175,0.001795,9.889536
1755406704942,0.299103,-0.026919,9.896714
1755406704944,0.277567,-0.029312,9.810573
1755406704947,0.299103,-0.050847,9.882358
1755406704949,0.270389,-0.000598,10.059726
1755406704951,0.342174,0.054437,9.633504
1755406704953,0.222533,-0.101097,10.002297
1755406704956,0.358923,-0.034098,9.729217
1755406704958,0.22014,0.004187,10.090832
1755406704961,0.287139,0.073579,9.743574
1755406704965,0.253639,-0.074776,9.995119
1755406704966,0.370888,-0.038883,9.779466
1755406704968,0.246461,0.004187,10.028619
1755406704971,0.294317,0.011366,9.745967
1755406704972,0.272782,-0.067597,10.011869
1755406704975,0.306281,-0.002991,9.772287
1755406704977,0.20339,0.00658,9.870394
1755406704981,0.320638,-0.050847,9.860822
1755406704982,0.320638,-0.010169,9.923036
1755406704985,0.260818,0.008973,9.820144
1755406704987,0.263211,-0.043669,9.865608
1755406704989,0.323031,-0.024526,9.906285
1755406704992,0.308674,-0.012562,9.796216
1755406704994,0.234497,-0.024526,10.007083
1755406704997,0.346959,0.02333,9.863214
1755406704999,0.272782,-0.026919,9.853643
1755406705001,0.272782,-0.046062,9.927821
1755406705004,0.327817,0.008973,9.817751
1755406705006,0.263211,-0.029312,9.9015
1755406705008,0.277567,-0.010169,9.803394
1755406705011,0.294317,0.016152,9.911072
1755406705014,0.265603,-0.012562,9.88475
1755406705016,0.299103,-0.048455,9.97837
1755406705018,0.320638,-0.002991,9.796216
1755406705020,0.229711,-0.019741,9.930214
1755406705023,0.289532,-0.007777,9.959227
1755406705025,0.277567,-0.000598,9.786645
1755406705028,0.251246,-0.026919,9.930214
1755406705031,0.320638,-0.012562,9.908679
1755406705033,0.284746,-0.031705,9.836894
1755406705035,0.260818,-0.062812,9.851251
1755406705037,0.311067,0.00658,9.932607
1755406705040,0.284746,-0.017348,9.827323
1755406705043,0.253639,-0.034098,9.913465
1755406705045,0.311067,-0.005384,9.920643
1755406705048,0.277567,-0.019741,9.777073
1755406705050,0.256032,-0.050847,9.925428
1755406705052,0.346959,0.013759,9.868001
1755406705054,0.246461,-0.029312,9.913465
1755406705056,0.294317,-0.041276,9.839287
1755406705059,0.308674,-0.026919,9.906285
1755406705061,0.258425,-0.058026,9.820144
1755406705065,0.267996,-0.048455,9.97837
1755406705067,0.301496,-0.002991,9.932607
1755406705069,0.291924,0.001795,9.741181
1755406705071,0.260818,-0.050847,9.966406
1755406705073,0.334995,0.018544,9.844072
1755406705076,0.282353,-0.024526,9.870394
1755406705078,0.27996,-0.026919,9.875179
1755406705082,0.294317,-0.019741,9.934999
1755406705083,0.267996,-0.005384,9.810573
1755406705086,0.265603,-0.014955,9.966406
1755406705088,0.332602,-0.031705,9.889536
1755406705090,0.289532,-0.000598,9.777073
1755406705092,0.27996,-0.048455,10.064511
1755406705095,0.303888,0.008973,9.690931
1755406705097,0.267996,-0.022134,9.973584
1755406705100,0.287139,-0.017348,9.84168
1755406705102,0.299103,-0.036491,10.062119
1755406705104,0.318245,0.020937,9.810573
1755406705107,0.258425,-0.043669,9.860822
1755406705109,0.311067,-0.05324,9.812965
1755406705111,0.267996,0.020937,9.851251
1755406705116,0.267996,-0.017348,9.959227
1755406705118,0.256032,0.00658,9.796216
1755406705119,0.289532,-0.034098,9.954441
1755406705121,0.306281,-0.000598,9.77468
1755406705123,0.289532,-0.060419,9.964012
1755406705126,0.334995,-0.010169,9.777073
1755406705128,0.251246,-0.002991,10.081261
1755406705131,0.318245,0.001795,9.719646
1755406705135,0.246461,-0.036491,10.011869
1755406705136,0.346959,-0.041276,9.750752
1755406705138,0.222533,-0.012562,10.062119
1755406705140,0.346959,0.004187,9.707682
1755406705143,0.217747,-0.031705,10.021441
1755406705145,0.363709,-0.038883,9.68136
1755406705147,0.215354,-0.012562,10.098011
1755406705151,0.385244,0.013759,9.611969
1755406705152,0.186341,-0.055633,10.143475
1755406705155,0.40678,0.018544,9.58804
1755406705158,0.217747,-0.058026,10.169795
1755406705160,0.394816,0.05683,9.650253
1755406705162,0.20339,-0.060419,10.105189
1755406705164,0.361316,0.042473,9.745967
1755406705167,0.287139,-0.093918,9.947263
1755406705170,0.236889,0.028116,9.927821
1755406705171,0.37328,-0.019741,9.707682
1755406705174,0.138485,-0.036491,10.174581
1755406705176,0.449851,0.044865,9.556933
1755406705179,0.12652,-0.10349,10.179367
1755406705181,0.361316,0.085543,9.734002
1755406705184,0.256032,-0.046062,9.870394
1755406705186,0.227318,-0.024526,10.021441
1755406705188,0.385244,0.064008,9.707682
1755406705191,0.212961,-0.096311,10.026226
1755406705193,0.337388,0.030508,9.863214
1755406705195,0.327817,0.02333,9.79143
1755406705198,0.131306,-0.108275,10.007083
1755406705201,0.361316,0.047258,9.762716
1755406705205,0.244068,-0.05324,9.853643
1755406705206,0.222533,-0.055633,9.947263
1755406705208,0.380459,0.037687,9.781859
1755406705210,0.183948,-0.024526,9.882358
1755406705212,0.263211,-0.036491,9.875179
1755406705215,0.368495,0.004187,9.836894
1755406705218,0.222533,0.001795,9.944571
1755406705219,0.29671,-0.005384,9.858429
1755406705222,0.332602,-0.010169,9.84168
1755406705224,0.241675,-0.007777,9.97837
1755406705227,0.311067,0.042473,9.786645
1755406705229,0.291924,-0.029312,9.848858
1755406705232,0.229711,-0.034098,9.983155
1755406705234,0.356531,0.013759,9.779466
1755406705237,0.263211,-0.041276,9.891929
1755406705239,0.315853,-0.031705,9.949656
1755406705241,0.325424,-0.046062,9.765109
1755406705244,0.253639,-0.046062,9.964012
1755406705246,0.327817,-0.002991,9.927821
1755406705248,0.256032,-0.029312,9.839287
1755406705252,0.244068,0.004187,9.879965
1755406705254,0.267996,0.00658,9.927821
1755406705255,0.232104,0.013759,9.789038
1755406705258,0.294317,-0.017348,9.868001
1755406705260,0.256032,-0.048455,9.911072
1755406705262,0.27996,-0.046062,9.868001
1755406705265,0.289532,0.011366,9.875179
1755406705269,0.253639,-0.022134,9.879965
1755406705271,0.291924,-0.014955,9.848858
1755406705274,0.299103,-0.014955,9.9015
1755406705275,0.303888,-0.038883,9.879965
1755406705277,0.267996,-0.017348,9.927821
1755406705279,0.282353,-0.031705,9.889536
1755406705282,0.284746,-0.010169,9.887143
1755406705284,0.291924,-0.007777,9.877572
1755406705287,0.251246,-0.031705,9.887143
1755406705289,0.27996,-0.036491,9.868001
1755406705291,0.270389,-0.050847,9.920643
1755406705294,0.270389,-0.017348,9.88475
1755406705296,0.289532,-0.014955,9.858429
1755406705298,0.272782,-0.017348,9.860822
1755406705301,0.253639,-0.05324,9.908679
1755406705304,0.291924,-0.019741,9.863214
1755406705307,0.270389,-0.022134,9.882358
1755406705308,0.275175,-0.029312,9.877572
1755406705310,0.265603,-0.022134,9.851251
1755406705313,0.265603,-0.024526,9.879965
1755406705315,0.289532,-0.038883,9.875179
1755406705318,0.29671,-0.014955,9.891929
1755406705321,0.270389,0.004187,9.856036
1755406705324,0.272782,-0.043669,9.896714
1755406705325,0.29671,-0.036491,9.88475
1755406705327,0.315853,-0.014955,9.899107
1755406705330,0.277567,-0.017348,9.870394
1755406705332,0.277567,-0.007777,9.9015
1755406705334,0.275175,-0.005384,9.889536
1755406705337,0.289532,-0.007777,9.848858
1755406705339,0.318245,-0.014955,9.875179
1755406705342,0.306281,-0.010169,9.911072
1755406705344,0.27996,-0.029312,9.91825
1755406705346,0.311067,-0.019741,9.911072
1755406705349,0.270389,-0.046062,9.906285
1755406705351,0.301496,-0.022134,9.865608
1755406705354,0.301496,-0.041276,9.949656
1755406705356,0.27996,-0.014955,9.858429
1755406705358,0.299103,-0.017348,9.947263
1755406705361,0.284746,-0.000598,9.872787
1755406705363,0.339781,-0.031705,9.882358
1755406705365,0.277567,-0.036491,9.810573
1755406705368,0.287139,-0.002991,9.820144
1755406705371,0.29671,-0.019741,9.875179
1755406705373,0.301496,0.004187,9.848858
1755406705375,0.272782,-0.005384,9.877572
1755406705378,0.287139,-0.005384,9.875179
1755406705380,0.301496,-0.036491,9.88475
1755406705382,0.301496,-0.036491,9.870394
1755406705385,0.294317,-0.046062,9.879965
1755406705388,0.303888,-0.005384,9.923036
1755406705390,0.308674,-0.031705,9.889536
1755406705392,0.311067,-0.014955,9.889536
1755406705395,0.272782,-0.017348,9.863214
1755406705397,0.289532,-0.036491,9.9015
1755406705399,0.244068,-0.014955,9.91825
1755406705402,0.306281,-0.019741,9.863214
1755406705405,0.29671,-0.031705,9.906285
1755406705406,0.289532,-0.046062,9.844072
1755406705409,0.282353,-0.046062,9.920643
1755406705411,0.294317,-0.000598,9.891929
1755406705413,0.289532,0.00658,9.738789
1755406705416,0.303888,-0.05324,9.930214
1755406705419,0.282353,-0.048455,10.031012
1755406705422,0.323031,0.028116,9.707682
1755406705425,0.200997,-0.022134,10.014262
1755406705426,0.334995,-0.062812,9.84168
1755406705428,0.275175,-0.048455,9.865608
1755406705430,0.251246,-0.089133,9.887143
1755406705432,0.306281,0.001795,9.920643
1755406705436,0.306281,0.028116,9.820144
1755406705439,0.232104,-0.062812,9.913465
1755406705443,0.346959,-0.038883,9.803394
1755406705444,0.239282,-0.026919,9.875179
1755406705445,0.275175,-0.024526,9.769895
1755406705447,0.248854,-0.019741,10.093225
1755406705449,0.366102,0.025723,9.772287
1755406705452,0.217747,-0.038883,9.860822
1755406705454,0.332602,-0.041276,9.877572
1755406705457,0.260818,-0.000598,9.992726
1755406705459,0.325424,0.032901,9.750752
1755406705461,0.299103,-0.067597,10.021441
1755406705464,0.332602,-0.019741,9.91825
1755406705466,0.253639,0.004187,9.856036
1755406705469,0.287139,-0.048455,9.803394
1755406705471,0.294317,-0.043669,9.879965
1755406705474,0.272782,-0.031705,9.906285
1755406705477,0.282353,-0.017348,9.77468
1755406705479,0.289532,-0.084347,9.934999
1755406705480,0.311067,-0.022134,9.863214
1755406705483,0.267996,-0.034098,10.00469
1755406705486,0.299103,-0.014955,9.707682
1755406705488,0.291924,0.001795,10.023833
1755406705491,0.327817,0.013759,9.77468
1755406705494,0.27996,-0.048455,9.923036
1755406705495,0.294317,-0.048455,9.822537
1755406705497,0.248854,-0.055633,9.80818
1755406705500,0.258425,-0.036491,9.966406
1755406705502,0.327817,0.054437,9.896714
1755406705504,0.267996,0.00658,9.971191
1755406705507,0.263211,0.013759,9.868001
1755406705509,0.29671,-0.007777,9.827323
1755406705512,0.267996,-0.065204,9.767502
1755406705514,0.299103,-0.08674,9.983155
1755406705517,0.323031,-0.010169,9.817751
1755406705519,0.234497,-0.002991,9.82493
1755406705521,0.303888,-0.067597,10.002297
1755406705526,0.301496,0.042473,9.856036
1755406705528,0.20339,-0.034098,10.007083
1755406705529,0.284746,-0.012562,9.844072
1755406705531,0.320638,0.030508,9.844072
1755406705533,0.267996,-0.024526,9.760324
1755406705536,0.311067,-0.036491,9.932607
1755406705538,0.337388,-0.019741,9.820144
1755406705541,0.241675,0.004187,9.863214
1755406705543,0.303888,0.001795,10.002297
1755406705545,0.320638,0.02333,9.822537
1755406705547,0.208176,-0.048455,9.971191
1755406705550,0.349352,-0.012562,9.832108
1755406705553,0.361316,-0.010169,9.872787
1755406705555,0.270389,-0.081954,9.777073
1755406705558,0.323031,-0.046062,9.927821
1755406705562,0.315853,0.018544,9.762716
1755406705563,0.227318,-0.024526,9.899107
1755406705564,0.31346,-0.007777,10.035797
1755406705567,0.339781,0.037687,9.765109
1755406705569,0.224925,-0.091525,9.973584
1755406705572,0.318245,-0.029312,9.844072
1755406705575,0.31346,-0.005384,9.865608
1755406705577,0.234497,-0.067597,9.812965
1755406705579,0.342174,-0.010169,9.964012
1755406705581,0.323031,0.037687,9.767502
1755406705583,0.210568,-0.012562,9.887143
1755406705586,0.315853,-0.002991,10.028619
1755406705588,0.301496,0.064008,9.707682
1755406705592,0.20339,-0.065204,9.968799
1755406705596,0.308674,-0.012562,9.832108
1755406705597,0.260818,-0.014955,9.927821
1755406705598,0.267996,-0.05324,9.80818
1755406705600,0.356531,-0.012562,9.980762
1755406705603,0.346959,0.025723,9.757931
1755406705605,0.227318,-0.034098,9.829716
1755406705609,0.303888,-0.055633,9.995119
1755406705612,0.289532,0.035294,9.848858
1755406705613,0.244068,-0.000598,9.889536
1755406705615,0.327817,-0.017348,9.930214
1755406705617,0.318245,0.016152,9.999905
1755406705620,0.282353,0.020937,9.738789
1755406705622,0.232104,-0.060419,9.954441
1755406705626,0.354138,0.011366,9.868001
1755406705630,0.275175,0.013759,9.906285
1755406705631,0.318245,-0.081954,9.777073
1755406705632,0.256032,-0.034098,9.947263
1755406705634,0.289532,0.008973,9.786645
1755406705636,0.267996,-0.007777,9.88475
1755406705639,0.342174,-0.031705,10.023833
1755406705641,0.334995,0.044865,9.796216
1755406705644,0.241675,-0.034098,9.908679
1755406705646,0.323031,-0.036491,9.84168
1755406705649,0.303888,-0.029312,10.011869
1755406705651,0.29671,0.001795,9.676575
1755406705653,0.241675,-0.065204,10.062119
1755406705656,0.375673,0.001795,9.784252
1755406705658,0.236889,-0.026919,9.91825
1755406705661,0.337388,-0.091525,9.750752
1755406705663,0.315853,-0.046062,10.03819
1755406705665,0.342174,0.011366,9.803394
1755406705668,0.229711,-0.024526,9.875179
1755406705670,0.31346,-0.06999,9.894321
1755406705672,0.29671,0.02333,9.894321
1755406705675,0.284746,0.008973,9.832108
1755406705678,0.289532,-0.058026,9.860822
1755406705680,0.303888,-0.058026,10.00469
1755406705682,0.27996,0.047258,9.769895
1755406705684,0.246461,-0.05324,9.906285
1755406705687,0.303888,-0.05324,9.820144
1755406705689,0.270389,-0.022134,10.052547
1755406705691,0.311067,0.044865,9.68136
1755406705695,0.265603,-0.117847,10.028619
1755406705696,0.356531,-0.026919,9.810573
1755406705699,0.248854,0.030508,9.913465
1755406705701,0.265603,-0.034098,9.743574
1755406705704,0.325424,-0.058026,10.014262
1755406705706,0.33021,0.035294,9.805787
1755406705708,0.232104,-0.007777,9.860822
1755406705711,0.320638,-0.072383,9.903893
1755406705713,0.332602,-0.010169,9.879965
1755406705715,0.253639,0.013759,9.91825
1755406705718,0.291924,-0.007777,9.853643
1755406705721,0.303888,-0.050847,9.863214
1755406705722,0.217747,-0.05324,9.875179
1755406705725,0.277567,-0.002991,9.829716
1755406705727,0.289532,0.00658,9.971191
1755406705730,0.334995,-0.005384,9.844072
1755406705732,0.253639,-0.026919,9.82493
1755406705735,0.308674,-0.041276,9.865608
1755406705737,0.282353,-0.002991,9.853643
1755406705740,0.27996,-0.000598,9.934999
1755406705742,0.260818,0.028116,9.827323
1755406705745,0.294317,-0.074776,9.80818
1755406705748,0.284746,-0.024526,9.870394
1755406705749,0.303888,-0.022134,9.793823
1755406705751,0.303888,-0.019741,9.889536
1755406705754,0.31346,-0.024526,9.954441
1755406705756,0.282353,-0.041276,9.836894
1755406705759,0.234497,-0.026919,9.937392
1755406705762,0.29671,-0.019741,9.856036
1755406705766,0.275175,-0.060419,9.911072
1755406705768,0.263211,-0.024526,9.846465
1755406705769,0.29671,-0.007777,9.858429
1755406705771,0.284746,-0.002991,9.923036
1755406705773,0.256032,0.004187,10.033404
1755406705775,0.246461,0.011366,9.796216
1755406705779,0.27996,-0.055633,9.82493
1755406705782,0.29671,-0.022134,9.839287
1755406705783,0.284746,-0.022134,9.975977
1755406705785,0.277567,0.00658,9.817751
1755406705787,0.299103,-0.024526,9.9015
1755406705790,0.284746,-0.055633,9.875179
1755406705792,0.299103,-0.046062,9.851251
1755406705796,0.287139,-0.050847,9.88475
1755406705797,0.244068,-0.010169,9.722038
1755406705799,0.29671,-0.041276,9.889536
1755406705803,0.224925,-0.029312,9.71486
1755406705804,0.217747,0.047258,9.812965
1755406705806,0.277567,-0.005384,9.894321
1755406705809,0.244068,-0.012562,9.863214
1755406705811,0.27996,-0.010169,9.889536
1755406705814,0.277567,0.004187,9.829716
1755406705816,0.277567,-0.022134,9.889536
1755406705818,0.277567,-0.026919,9.925428
1755406705821,0.311067,-0.019741,9.959227
1755406705823,0.289532,-0.029312,9.839287
1755406705825,0.311067,-0.055633,9.889536
1755406705828,0.267996,-0.036491,9.91825
1755406705830,0.260818,-0.017348,9.844072
1755406705833,0.248854,-0.046062,9.856036
1755406705835,0.275175,-0.043669,9.973584
1755406705838,0.27996,0.008973,9.827323
1755406705840,0.244068,0.008973,9.956834
1755406705844,0.361316,-0.036491,9.724431
1755406705845,0.275175,-0.055633,9.947263
1755406705847,0.303888,-0.036491,9.77468
1755406705851,0.227318,-0.017348,9.973584
1755406705853,0.337388,0.037687,9.777073
1755406705854,0.256032,-0.058026,10.045368
1755406705857,0.318245,-0.036491,9.750752
1755406705859,0.22014,-0.038883,9.942178
1755406705861,0.311067,-0.029312,9.822537
1755406705865,0.224925,-0.046062,9.987941
1755406705867,0.325424,-0.005384,9.822537
1755406705869,0.263211,-0.010169,9.942178
1755406705871,0.318245,-0.010169,9.80818
1755406705874,0.282353,-0.046062,9.980762
1755406705876,0.299103,-0.036491,9.796216
1755406705878,0.275175,-0.029312,9.872787
1755406705881,0.301496,-0.005384,9.975977
1755406705884,0.303888,0.025723,9.82493
1755406705886,0.277567,-0.036491,9.879965
1755406705888,0.294317,-0.050847,9.812965
1755406705891,0.284746,-0.014955,9.942178
1755406705893,0.301496,-0.000598,9.865608
1755406705895,0.272782,-0.019741,9.939785
1755406705898,0.265603,-0.026919,9.779466
1755406705900,0.260818,-0.014955,9.858429
1755406705902,0.318245,0.013759,9.964012
1755406705905,0.311067,0.02333,9.844072
1755406705907,0.258425,-0.026919,9.903893
1755406705909,0.291924,-0.058026,9.834501
1755406705912,0.267996,-0.026919,9.932607
1755406705915,0.277567,-0.010169,9.856036
1755406705917,0.258425,-0.024526,9.934999
1755406705919,0.320638,-0.046062,9.856036
1755406705922,0.270389,-0.038883,9.858429
1755406705924,0.258425,-0.050847,9.971191
1755406705926,0.311067,-0.007777,9.781859
1755406705929,0.263211,-0.024526,9.913465
1755406705932,0.303888,-0.024526,9.793823
1755406705934,0.267996,-0.046062,9.964012
1755406705936,0.311067,0.011366,9.856036
1755406705938,0.251246,-0.024526,9.999905
1755406705940,0.325424,-0.043669,9.750752
1755406705943,0.234497,-0.014955,9.949656
1755406705945,0.311067,0.00658,9.801002
1755406705949,0.251246,-0.060419,10.00469
1755406705950,0.31346,-0.034098,9.796216
1755406705952,0.251246,-0.012562,9.975977
1755406705955,0.308674,-0.000598,9.767502
1755406705957,0.265603,-0.093918,9.956834
1755406705960,0.31346,-0.014955,9.858429
1755406705962,0.234497,-0.017348,9.887143
1755406705966,0.263211,-0.012562,9.908679
1755406705969,0.29671,-0.010169,9.856036
1755406705970,0.229711,0.004187,9.820144
1755406705972,0.294317,0.004187,9.836894
1755406705975,0.291924,-0.024526,9.863214
1755406705976,0.256032,0.028116,9.858429
1755406705979,0.227318,0.047258,9.84168
1755406705983,0.287139,-0.041276,9.891929
1755406705984,0.248854,-0.012562,9.915857
1755406705986,0.289532,-0.024526,9.812965
1755406705989,0.31346,-0.012562,9.903893
1755406705991,0.212961,-0.005384,9.757931
1755406705993,0.246461,-0.007777,9.79143
1755406705996,0.29671,-0.046062,9.934999
1755406706000,0.256032,0.018544,9.942178
1755406706002,0.215354,-0.019741,9.745967
1755406706003,0.287139,-0.002991,9.875179
1755406706006,0.356531,0.00658,10.098011
1755406706008,0.445065,-0.029312,10.129117
1755406706010,0.287139,0.011366,9.932607
1755406706013,0.306281,-0.022134,9.750752
1755406706015,0.416351,-0.091525,10.033404
1755406706018,0.306281,-0.048455,9.949656
1755406706020,0.253639,-0.014955,9.757931
1755406706022,0.246461,0.016152,9.944571
1755406706025,0.318245,-0.024526,9.911072
1755406706027,0.246461,0.02333,9.712467
1755406706029,0.222533,-0.017348,9.674182
1755406706032,0.248854,-0.007777,9.812965
1755406706035,0.256032,-0.002991,9.882358
1755406706039,0.215354,0.02333,9.743574
1755406706040,0.217747,0.02333,9.829716
1755406706041,0.265603,-0.019741,9.896714
1755406706044,0.339781,-0.036491,9.913465
1755406706046,0.308674,-0.019741,9.853643
1755406706048,0.275175,-0.014955,9.899107
1755406706051,0.270389,-0.014955,9.88475
1755406706054,0.282353,-0.026919,9.872787
1755406706056,0.275175,-0.024526,9.877572
1755406706058,0.308674,-0.024526,9.875179
1755406706061,0.306281,-0.029312,9.875179
1755406706063,0.291924,-0.024526,9.865608
1755406706065,0.284746,-0.007777,9.887143
1755406706068,0.267996,-0.026919,9.927821
1755406706071,0.29671,-0.036491,9.887143
1755406706072,0.289532,-0.012562,9.894321
1755406706075,0.287139,-0.010169,9.851251
1755406706077,0.267996,-0.038883,9.84168
1755406706080,0.27996,-0.034098,9.846465
1755406706082,0.318245,-0.012562,9.91825
1755406706085,0.308674,0.004187,9.947263
1755406706087,0.248854,0.013759,9.753145
1755406706089,0.29671,-0.06999,9.879965
1755406706091,0.282353,-0.050847,9.810573
1755406706094,0.311067,-0.007777,9.949656
1755406706096,0.19352,-0.012562,9.968799
1755406706099,0.363709,-0.010169,9.789038
1755406706102,0.222533,-0.036491,9.961619
1755406706104,0.306281,-0.012562,9.805787
1755406706106,0.241675,-0.024526,9.88475
1755406706108,0.311067,0.00658,9.942178
1755406706111,0.287139,0.011366,9.858429
1755406706113,0.270389,-0.019741,9.995119
1755406706116,0.282353,-0.017348,9.805787
1755406706119,0.27996,-0.031705,9.889536
1755406706120,0.289532,0.028116,9.846465
1755406706123,0.287139,-0.026919,9.932607
1755406706125,0.241675,0.004187,9.856036
1755406706128,0.284746,-0.005384,9.930214
1755406706130,0.27996,-0.031705,9.868001
1755406706133,0.303888,-0.024526,9.858429
1755406706136,0.29671,-0.010169,9.913465
1755406706137,0.311067,-0.007777,9.836894
1755406706140,0.311067,-0.060419,9.925428
1755406706142,0.267996,-0.000598,9.786645
1755406706144,0.248854,-0.05324,9.997512
1755406706147,0.31346,0.028116,9.805787
1755406706149,0.303888,-0.048455,9.906285
1755406706152,0.284746,-0.055633,9.865608
1755406706154,0.308674,-0.019741,9.88475
1755406706156,0.241675,-0.034098,9.827323
1755406706158,0.291924,-0.026919,9.956834
1755406706161,0.323031,0.018544,9.899107
1755406706163,0.251246,-0.038883,9.786645
1755406706166,0.253639,-0.072383,10.023833
1755406706170,0.358923,0.011366,9.810573
1755406706171,0.217747,-0.012562,9.934999
1755406706175,0.287139,-0.022134,9.796216
1755406706177,0.289532,-0.026919,9.846465
1755406706178,0.241675,-0.055633,9.879965
1755406706180,0.301496,-0.043669,9.812965
1755406706182,0.303888,0.001795,9.939785
1755406706185,0.27996,-0.019741,9.9015
1755406706188,0.267996,-0.024526,9.925428
1755406706191,0.318245,-0.026919,9.757931
1755406706192,0.234497,-0.043669,9.975977
1755406706195,0.29671,-0.029312,9.937392
1755406706197,0.33021,-0.019741,9.765109
1755406706199,0.263211,-0.031705,9.968799
1755406706202,0.318245,-0.005384,9.84168
1755406706204,0.282353,-0.017348,9.832108
1755406706207,0.263211,-0.055633,9.851251
1755406706209,0.334995,-0.05324,9.930214
1755406706211,0.325424,0.018544,9.772287
1755406706214,0.246461,-0.065204,9.91825
1755406706216,0.303888,-0.05324,9.952048
1755406706218,0.263211,0.037687,9.829716
1755406706221,0.260818,-0.043669,9.932607
1755406706224,0.332602,0.001795,9.939785
1755406706226,0.282353,-0.007777,9.844072
1755406706228,0.260818,-0.06999,9.834501
1755406706231,0.339781,-0.022134,9.932607
1755406706233,0.275175,-0.002991,9.707682
1755406706235,0.224925,-0.074776,9.894321
1755406706238,0.334995,-0.029312,10.00469
1755406706240,0.323031,0.011366,9.817751
1755406706245,0.244068,-0.065204,9.954441
1755406706246,0.33021,-0.029312,9.896714
1755406706247,0.270389,0.037687,9.872787
1755406706250,0.258425,-0.046062,9.760324
1755406706252,0.275175,-0.110668,9.971191
1755406706255,0.342174,-0.019741,9.853643
1755406706257,0.244068,0.008973,9.863214
1755406706259,0.318245,-0.067597,9.817751
1755406706262,0.289532,-0.036491,9.968799
1755406706264,0.277567,0.030508,9.777073
1755406706266,0.258425,-0.029312,9.882358
1755406706269,0.354138,-0.067597,9.947263
1755406706272,0.318245,0.013759,9.836894
1755406706274,0.241675,-0.058026,9.925428
1755406706276,0.318245,-0.026919,9.84168
1755406706278,0.325424,-0.041276,9.887143
1755406706281,0.277567,-0.012562,9.865608
1755406706283,0.320638,-0.024526,9.858429
1755406706286,0.287139,-0.029312,9.920643
1755406706288,0.301496,-0.022134,9.865608
1755406706291,0.294317,-0.034098,9.872787
1755406706293,0.299103,-0.024526,9.879965
1755406706295,0.289532,-0.017348,9.899107
1755406706298,0.267996,-0.017348,9.889536
1755406706300,0.287139,-0.000598,9.875179
1755406706303,0.294317,0.013759,9.896714
1755406706306,0.267996,-0.029312,9.88475
1755406706308,0.289532,0.001795,9.9015
1755406706311,0.287139,-0.010169,9.896714
1755406706312,0.284746,-0.043669,9.896714
1755406706314,0.284746,-0.017348,9.856036
1755406706317,0.287139,-0.000598,9.870394
1755406706319,0.282353,0.011366,9.894321
1755406706323,0.277567,-0.007777,9.858429
1755406706326,0.260818,-0.029312,9.832108
1755406706327,0.306281,-0.043669,9.887143
1755406706329,0.29671,-0.019741,9.908679
1755406706332,0.282353,-0.046062,9.863214
1755406706333,0.260818,-0.012562,9.860822
1755406706336,0.299103,-0.000598,9.84168
1755406706338,0.289532,-0.05324,9.858429
1755406706341,0.29671,-0.043669,9.930214
1755406706344,0.29671,-0.026919,9.9015
1755406706346,0.291924,-0.005384,9.891929
1755406706348,0.267996,-0.005384,9.906285
1755406706350,0.267996,-0.017348,9.848858
1755406706353,0.239282,-0.012562,9.925428
1755406706355,0.263211,-0.029312,9.9015
1755406706359,0.253639,-0.014955,9.848858
1755406706361,0.291924,-0.022134,9.894321
1755406706363,0.303888,0.032901,9.997512
1755406706365,0.301496,0.087936,9.834501
1755406706367,0.212961,-0.036491,9.911072
1755406706369,0.337388,-0.029312,9.801002
1755406706372,0.236889,-0.017348,9.973584
1755406706375,0.306281,0.011366,9.793823
1755406706377,0.275175,-0.048455,9.927821
1755406706379,0.277567,-0.024526,9.925428
1755406706381,0.267996,0.042473,9.863214
1755406706384,0.205783,-0.077169,9.82493
1755406706386,0.318245,-0.036491,9.903893
1755406706389,0.325424,-0.010169,9.889536
1755406706391,0.239282,0.028116,9.80818
1755406706394,0.289532,-0.055633,9.863214
1755406706396,0.29671,-0.036491,9.934999
1755406706398,0.311067,-0.024526,9.827323
1755406706401,0.244068,0.044865,10.026226
1755406706403,0.332602,-0.034098,9.719646
1755406706405,0.222533,-0.105882,9.971191
1755406706408,0.37328,-0.026919,9.767502
1755406706410,0.260818,0.028116,10.019048
1755406706413,0.33021,0.047258,9.722038
1755406706415,0.227318,-0.046062,9.985548
1755406706418,0.311067,-0.041276,9.786645
1755406706420,0.246461,-0.007777,9.913465
1755406706422,0.291924,-0.012562,9.863214
1755406706425,0.27996,0.016152,9.868001
1755406706429,0.263211,-0.000598,9.887143
1755406706430,0.289532,-0.029312,9.846465
1755406706432,0.29671,-0.038883,9.908679
1755406706434,0.289532,-0.017348,9.891929
1755406706436,0.308674,-0.026919,9.920643
1755406706439,0.311067,-0.029312,9.860822
1755406706442,0.299103,-0.017348,9.887143
1755406706444,0.260818,-0.019741,9.829716
1755406706447,0.236889,-0.043669,9.832108
1755406706449,0.253639,-0.029312,9.851251
1755406706451,0.315853,-0.007777,9.956834
1755406706454,0.29671,0.008973,9.911072
1755406706456,0.291924,-0.048455,9.882358
1755406706459,0.284746,-0.005384,9.853643
1755406706461,0.258425,-0.024526,9.879965
1755406706463,0.294317,-0.010169,9.887143
1755406706465,0.291924,-0.022134,9.906285
1755406706468,0.289532,-0.007777,9.848858
1755406706470,0.272782,-0.067597,9.851251
1755406706473,0.29671,-0.050847,9.9015
1755406706476,0.306281,-0.046062,9.882358
1755406706478,0.301496,-0.019741,9.882358
1755406706480,0.311067,-0.005384,9.856036
1755406706482,0.291924,-0.024526,9.896714
1755406706484,0.289532,0.011366,9.894321
1755406706487,0.339781,-0.010169,9.887143
1755406706489,0.27996,-0.005384,9.91825
1755406706493,0.318245,-0.010169,9.877572
1755406706495,0.289532,-0.007777,9.899107
1755406706497,0.301496,-0.014955,9.889536
1755406706499,0.275175,-0.022134,9.853643
1755406706501,0.315853,-0.043669,9.906285
1755406706504,0.270389,-0.010169,9.882358
1755406706506,0.272782,-0.026919,9.860822
1755406706510,0.291924,-0.019741,9.891929
1755406706512,0.306281,-0.022134,9.879965
1755406706513,0.29671,-0.002991,9.968799
1755406706515,0.282353,-0.014955,9.755538
1755406706518,0.303888,-0.10349,9.930214
1755406706520,0.306281,0.013759,9.865608
1755406706523,0.294317,-0.036491,9.853643
1755406706527,0.205783,0.020937,9.954441
1755406706528,0.366102,-0.000598,9.769895
1755406706531,0.208176,-0.031705,10.062119
1755406706532,0.394816,-0.024526,9.688539
1755406706535,0.20339,-0.022134,10.026226
1755406706537,0.363709,0.004187,9.793823
1755406706539,0.222533,-0.026919,10.047761
1755406706544,0.325424,-0.010169,9.647861
1755406706545,0.215354,-0.019741,9.992726
1755406706548,0.332602,-0.007777,9.817751
1755406706550,0.246461,-0.002991,10.023833
1755406706552,0.318245,0.011366,9.856036
1755406706554,0.236889,0.001795,9.889536
1755406706557,0.294317,-0.022134,9.803394
1755406706559,0.277567,-0.022134,9.939785
1755406706561,0.344566,-0.026919,9.832108
1755406706563,0.284746,-0.010169,9.882358
1755406706566,0.33021,-0.055633,9.927821
1755406706568,0.301496,-0.012562,9.769895
1755406706571,0.263211,-0.017348,9.930214
1755406706573,0.306281,0.001795,9.856036
1755406706576,0.272782,-0.019741,9.9015
1755406706579,0.270389,-0.038883,9.810573
1755406706580,0.301496,-0.000598,9.937392
1755406706583,0.299103,-0.010169,9.79143
1755406706585,0.263211,-0.034098,9.896714
1755406706588,0.306281,-0.055633,9.899107
1755406706590,0.299103,0.037687,9.844072
1755406706592,0.289532,-0.029312,9.894321
1755406706595,0.270389,-0.026919,9.887143
1755406706597,0.291924,0.00658,9.887143
1755406706600,0.232104,-0.031705,9.805787
1755406706602,0.291924,-0.062812,9.992726
1755406706604,0.29671,0.04008,9.777073
1755406706607,0.256032,-0.043669,9.952048
1755406706609,0.318245,0.011366,9.908679
1755406706612,0.337388,-0.000598,9.798609
1755406706615,0.244068,-0.041276,9.980762
1755406706617,0.370888,0.001795,9.836894
1755406706619,0.265603,-0.024526,9.915857
1755406706621,0.291924,-0.019741,9.88475
1755406706623,0.33021,-0.026919,9.805787
1755406706626,0.258425,-0.022134,9.966406
1755406706630,0.301496,-0.007777,9.765109
1755406706633,0.256032,-0.079561,9.915857
1755406706634,0.258425,-0.036491,9.927821
1755406706636,0.299103,0.042473,9.954441
1755406706638,0.27996,0.011366,9.767502
1755406706641,0.282353,-0.108275,9.913465
1755406706643,0.29671,-0.007777,9.923036
1755406706646,0.227318,0.054437,9.899107
1755406706648,0.27996,-0.022134,9.762716
1755406706650,0.291924,-0.08674,10.023833
1755406706653,0.284746,0.037687,9.848858
1755406706654,0.241675,0.02333,9.870394
1755406706658,0.291924,-0.079561,9.822537
1755406706660,0.31346,-0.058026,10.009477
1755406706663,0.299103,0.064008,9.827323
1755406706665,0.224925,-0.019741,9.882358
1755406706667,0.303888,-0.06999,9.937392
1755406706669,0.339781,-0.012562,9.872787
1755406706671,0.248854,-0.012562,9.829716
1755406706674,0.277567,-0.019741,9.925428
1755406706677,0.344566,-0.036491,9.879965
1755406706679,0.222533,-0.014955,9.868001
1755406706682,0.256032,-0.012562,9.920643
1755406706683,0.332602,-0.022134,9.836894
1755406706686,0.260818,-0.048455,9.896714
1755406706688,0.31346,-0.022134,9.858429
1755406706690,0.270389,-0.022134,9.927821
1755406706693,0.301496,-0.002991,9.9015
1755406706697,0.301496,-0.022134,9.889536
1755406706698,0.256032,-0.000598,9.846465
1755406706700,0.33021,-0.058026,9.915857
1755406706703,0.27996,-0.012562,9.879965
1755406706705,0.301496,-0.012562,9.887143
1755406706707,0.320638,-0.034098,9.899107
1755406706710,0.27996,-0.038883,9.882358
1755406706712,0.272782,-0.048455,9.877572
1755406706715,0.311067,-0.034098,9.961619
1755406706717,0.344566,-0.007777,9.959227
1755406706720,0.282353,-0.031705,9.879965
1755406706722,0.263211,-0.048455,9.91825
1755406706724,0.311067,-0.036491,9.882358
1755406706727,0.299103,-0.024526,9.968799
1755406706729,0.267996,-0.036491,9.820144
1755406706731,0.287139,-0.036491,9.913465
1755406706734,0.299103,-0.019741,9.903893
1755406706736,0.148056,0.037687,9.702896
1755406706739,0.308674,-0.031705,9.872787
1755406706741,0.366102,-0.058026,9.911072
1755406706743,0.251246,-0.002991,9.920643
1755406706746,0.253639,0.004187,9.877572
1755406706748,0.27996,-0.005384,9.896714
1755406706751,0.325424,-0.019741,9.865608
1755406706753,0.311067,-0.000598,9.920643
1755406706756,0.282353,0.004187,9.882358
1755406706757,0.282353,-0.010169,9.853643
1755406706760,0.265603,-0.024526,9.827323
1755406706762,0.263211,-0.017348,9.877572
1755406706765,0.306281,-0.005384,9.844072
1755406706769,0.289532,0.001795,9.875179
1755406706770,0.291924,0.018544,9.875179
1755406706772,0.270389,-0.000598,9.896714
1755406706774,0.294317,-0.014955,9.875179
1755406706777,0.308674,0.00658,9.908679
1755406706782,0.29671,0.013759,9.882358
1755406706783,0.301496,0.004187,9.954441
1755406706787,0.282353,-0.05324,9.829716
1755406706788,0.256032,-0.005384,9.930214
1755406706789,0.301496,0.013759,9.74836
1755406706791,0.239282,-0.022134,9.97837
1755406706794,0.31346,0.011366,9.79143
1755406706796,0.282353,-0.024526,9.846465
1755406706799,0.267996,-0.046062,9.964012
1755406706802,0.323031,-0.000598,9.870394
1755406706803,0.289532,0.030508,9.930214
1755406706806,0.236889,-0.031705,9.911072
1755406706808,0.291924,-0.05324,9.827323
1755406706811,0.244068,-0.026919,9.863214
1755406706813,0.284746,-0.007777,9.827323
1755406706816,0.27996,-0.019741,9.827323
1755406706818,0.284746,0.008973,9.964012
1755406706820,0.294317,0.030508,9.832108
1755406706823,0.256032,-0.002991,10.009477
1755406706825,0.284746,-0.029312,9.832108
1755406706827,0.260818,-0.005384,9.915857
1755406706830,0.308674,-0.014955,9.762716
1755406706833,0.263211,-0.041276,9.942178
1755406706835,0.289532,-0.022134,9.863214
1755406706837,0.258425,0.011366,9.879965
1755406706839,0.284746,-0.043669,9.927821
1755406706842,0.277567,-0.002991,9.858429
1755406706844,0.265603,-0.038883,9.932607
1755406706846,0.27996,-0.005384,9.760324
1755406706850,0.299103,-0.038883,9.980762
1755406706852,0.303888,0.004187,9.815358
1755406706854,0.256032,-0.026919,9.968799
1755406706857,0.306281,-0.002991,9.882358
1755406706858,0.277567,0.011366,9.911072
1755406706862,0.270389,-0.05324,9.846465
1755406706863,0.275175,-0.050847,9.851251
1755406706867,0.303888,-0.017348,9.822537
1755406706868,0.251246,-0.041276,9.84168
1755406706870,0.27996,0.00658,10.026226
1755406706873,0.29671,0.035294,9.753145
1755406706875,0.229711,-0.055633,9.999905
1755406706878,0.320638,-0.031705,9.798609
1755406706880,0.282353,-0.05324,9.82493
1755406706882,0.275175,-0.048455,9.899107
1755406706885,0.325424,0.037687,9.911072
1755406706888,0.241675,0.02333,9.844072
1755406706889,0.253639,-0.05324,9.889536
1755406706892,0.308674,-0.022134,9.858429
1755406706894,0.200997,-0.017348,9.903893
1755406706897,0.31346,-0.041276,9.930214
1755406706899,0.301496,-0.022134,9.906285
1755406706902,0.287139,-0.017348,9.937392
1755406706904,0.241675,-0.019741,9.856036
1755406706907,0.303888,-0.012562,9.853643
1755406706908,0.294317,-0.005384,9.903893
1755406706911,0.291924,-0.017348,9.812965
1755406706913,0.308674,-0.014955,9.882358
1755406706916,0.270389,-0.022134,9.937392
1755406706919,0.263211,-0.005384,9.805787
1755406706921,0.299103,-0.038883,9.985548
1755406706923,0.287139,-0.012562,9.848858
1755406706925,0.323031,-0.05324,10.088439
1755406706928,0.301496,-0.043669,9.903893
1755406706930,0.299103,-0.024526,9.786645
1755406706933,0.241675,0.011366,9.769895
1755406706936,0.337388,-0.074776,9.683753
1755406706938,0.299103,-0.012562,9.858429
1755406706940,0.244068,0.030508,9.891929
1755406706943,0.224925,0.016152,9.750752
1755406706945,0.287139,-0.038883,9.839287
1755406706947,0.282353,-0.019741,9.920643
1755406706949,0.263211,0.016152,9.71486
1755406706952,0.299103,-0.024526,10.009477
1755406706954,0.234497,-0.017348,9.79143
1755406706957,0.289532,-0.005384,9.891929
1755406706959,0.263211,-0.014955,9.836894
1755406706961,0.27996,-0.002991,9.97837
1755406706964,0.287139,0.011366,9.930214
1755406706966,0.253639,-0.012562,9.745967
1755406706969,0.27996,-0.048455,9.882358
1755406706971,0.275175,-0.000598,9.781859
1755406706973,0.275175,-0.036491,9.805787
1755406706976,0.339781,-0.079561,9.97837
1755406706978,0.27996,-0.010169,9.992726
1755406706981,0.195912,0.02333,9.710074
1755406706983,0.33021,-0.062812,9.827323
1755406706986,0.246461,-0.017348,9.860822
1755406706988,0.277567,0.001795,9.9015
1755406706990,0.222533,-0.031705,9.762716
1755406706992,0.222533,-0.000598,9.784252
1755406706995,0.308674,-0.038883,9.956834
1755406706997,0.291924,-0.022134,9.896714
1755406707000,0.275175,-0.024526,9.865608
1755406707003,0.29671,-0.012562,9.872787
1755406707005,0.287139,0.02333,9.875179
1755406707007,0.306281,-0.036491,9.860822
1755406707009,0.301496,-0.036491,9.930214
1755406707012,0.267996,0.008973,9.882358
1755406707014,0.306281,0.001795,9.877572
1755406707017,0.284746,-0.034098,9.882358
1755406707020,0.284746,-0.050847,9.88475
1755406707022,0.301496,-0.019741,9.865608
1755406707024,0.270389,-0.034098,9.915857
1755406707027,0.301496,0.025723,9.934999
1755406707029,0.308674,0.018544,9.856036
1755406707031,0.306281,-0.026919,9.796216
1755406707033,0.248854,-0.074776,9.937392
1755406707037,0.303888,0.032901,9.91825
1755406707038,0.287139,-0.014955,9.827323
1755406707041,0.263211,-0.046062,9.889536
1755406707043,0.323031,-0.031705,9.932607
1755406707045,0.277567,-0.005384,9.79143
1755406707048,0.277567,-0.050847,9.887143
1755406707050,0.289532,0.004187,9.956834
1755406707054,0.301496,0.042473,9.784252
1755406707056,0.246461,-0.036491,9.832108
1755406707058,0.320638,-0.034098,9.846465
1755406707060,0.299103,0.028116,10.016655
1755406707063,0.289532,0.02333,9.803394
1755406707065,0.260818,0.00658,10.016655
1755406707067,0.284746,-0.022134,9.74836
1755406707070,0.241675,-0.077169,9.937392
1755406707073,0.351745,0.016152,9.822537
1755406707075,0.294317,-0.024526,9.944571
1755406707076,0.346959,0.013759,9.856036
1755406707080,0.308674,-0.036491,9.875179
1755406707081,0.289532,-0.041276,9.846465
1755406707083,0.318245,-0.034098,9.889536
1755406707086,0.270389,-0.036491,9.891929
1755406707089,0.27996,-0.022134,9.872787
1755406707091,0.270389,0.001795,9.903893
1755406707093,0.29671,-0.029312,9.875179
1755406707096,0.284746,-0.012562,9.865608
1755406707098,0.301496,-0.043669,9.870394
1755406707100,0.289532,-0.038883,9.903893
1755406707103,0.294317,-0.022134,9.851251
1755406707106,0.306281,-0.029312,9.889536
1755406707109,0.311067,0.008973,9.88475
1755406707110,0.284746,-0.017348,9.894321
1755406707113,0.291924,-0.031705,9.9015
1755406707115,0.27996,-0.019741,9.839287
1755406707117,0.27996,-0.036491,9.894321
1755406707119,0.287139,-0.014955,9.887143
1755406707122,0.277567,0.00658,9.896714
1755406707124,0.256032,-0.005384,9.844072
1755406707127,0.277567,-0.005384,9.920643
1755406707129,0.289532,-0.046062,9.925428
1755406707131,0.358923,-0.038883,9.97837
1755406707134,0.275175,-0.022134,9.820144
1755406707137,0.210568,0.013759,9.710074
1755406707139,0.29671,-0.048455,9.848858
1755406707141,0.217747,0.013759,9.777073
1755406707143,0.308674,-0.014955,9.810573
1755406707146,0.294317,0.004187,9.930214
1755406707148,0.33021,-0.034098,9.97837
1755406707151,0.303888,-0.012562,9.908679
1755406707153,0.258425,-0.022134,9.865608
1755406707156,0.299103,-0.036491,9.851251
1755406707158,0.272782,-0.031705,9.887143
1755406707160,0.256032,-0.029312,9.810573
1755406707163,0.275175,-0.031705,9.858429
1755406707165,0.287139,-0.000598,9.913465
1755406707167,0.277567,-0.000598,9.882358
1755406707170,0.284746,-0.024526,9.851251
1755406707174,0.275175,-0.007777,9.877572
1755406707175,0.308674,-0.026919,9.875179
1755406707177,0.248854,-0.012562,9.882358
1755406707180,0.323031,0.004187,9.875179
1755406707182,0.289532,0.00658,9.877572
1755406707184,0.289532,-0.017348,9.879965
1755406707187,0.287139,-0.026919,9.879965
1755406707191,0.29671,-0.024526,9.88475
1755406707193,0.318245,-0.029312,9.887143
1755406707194,0.294317,-0.017348,9.908679
1755406707196,0.282353,-0.026919,9.868001
1755406707198,0.29671,-0.022134,9.887143
1755406707201,0.267996,-0.038883,9.853643
1755406707203,0.301496,-0.029312,9.882358
1755406707207,0.289532,-0.024526,9.870394
1755406707209,0.267996,-0.017348,9.875179
1755406707211,0.277567,0.004187,9.9015
1755406707213,0.263211,-0.024526,9.899107
1755406707215,0.265603,0.008973,9.848858
1755406707218,0.272782,-0.050847,9.839287
1755406707220,0.299103,-0.029312,9.927821
1755406707224,0.327817,0.020937,9.899107
1755406707226,0.284746,-0.019741,9.839287
1755406707228,0.282353,-0.077169,9.899107
1755406707230,0.334995,-0.072383,9.812965
1755406707232,0.239282,0.028116,10.050154
1755406707234,0.342174,-0.026919,9.640682
1755406707237,0.227318,-0.115454,10.078868
1755406707241,0.370888,-0.024526,9.786645
1755406707242,0.217747,0.042473,9.942178
1755406707245,0.306281,-0.036491,9.729217
1755406707247,0.236889,-0.062812,10.026226
1755406707249,0.366102,0.018544,9.664611
1755406707251,0.195912,0.008973,10.150653
1755406707254,0.437887,0.035294,9.614362
1755406707256,0.183948,-0.110668,10.11476
1755406707259,0.397209,-0.000598,9.60479
1755406707261,0.208176,-0.007777,10.167402
1755406707264,0.354138,0.083151,9.633504
1755406707266,0.239282,-0.115454,10.066904
1755406707269,0.368495,-0.019741,9.638289
1755406707271,0.227318,-0.05324,10.107582
1755406707273,0.311067,0.0999,9.750752
1755406707275,0.229711,-0.048455,9.997512
1755406707278,0.318245,-0.046062,9.724431
1755406707280,0.27996,-0.062812,9.973584
1755406707283,0.29671,0.061615,9.786645
1755406707285,0.267996,-0.031705,9.949656
1755406707287,0.29671,-0.026919,9.769895
1755406707290,0.289532,-0.067597,9.961619
1755406707293,0.287139,0.025723,9.793823
1755406707295,0.253639,-0.022134,9.944571
1755406707298,0.277567,-0.010169,9.856036
1755406707299,0.299103,0.001795,9.944571
1755406707302,0.256032,-0.005384,9.755538
1755406707304,0.301496,-0.031705,9.97837
1755406707306,0.323031,0.004187,9.79143
1755406707309,0.236889,0.00658,10.002297
1755406707311,0.318245,-0.012562,9.74836
1755406707314,0.263211,-0.077169,10.047761
1755406707316,0.289532,-0.036491,9.726824
1755406707319,0.234497,-0.043669,9.971191
1755406707321,0.351745,-0.058026,9.796216
1755406707323,0.248854,-0.002991,9.992726
1755406707326,0.358923,-0.017348,9.789038
1755406707329,0.234497,-0.036491,9.964012
1755406707331,0.342174,-0.041276,9.877572
1755406707333,0.241675,0.02333,9.9015
1755406707335,0.327817,0.001795,9.858429
1755406707338,0.253639,-0.000598,9.889536
1755406707340,0.337388,-0.041276,9.920643
1755406707343,0.248854,0.020937,9.789038
1755406707345,0.246461,-0.062812,9.937392
1755406707348,0.267996,-0.007777,9.846465
1755406707350,0.284746,-0.019741,9.891929
1755406707352,0.232104,-0.031705,9.920643
1755406707355,0.327817,-0.038883,9.84168
1755406707357,0.256032,-0.043669,9.964012
1755406707360,0.303888,0.011366,9.801002
1755406707362,0.301496,-0.031705,9.9015
1755406707364,0.272782,-0.031705,9.88475
1755406707367,0.27996,-0.007777,9.853643
1755406707369,0.265603,-0.022134,9.891929
1755406707371,0.275175,-0.026919,9.865608
1755406707374,0.267996,-0.024526,9.887143
1755406707377,0.31346,-0.005384,9.879965
1755406707379,0.294317,-0.022134,9.932607
1755406707381,0.294317,-0.012562,9.851251
1755406707383,0.294317,-0.005384,9.91825
1755406707386,0.284746,-0.026919,9.846465
1755406707388,0.27996,-0.012562,9.891929
1755406707391,0.299103,-0.026919,9.860822
1755406707394,0.294317,-0.010169,9.812965
1755406707395,0.256032,-0.010169,9.879965
1755406707398,0.318245,-0.012562,9.896714
1755406707401,0.256032,0.011366,9.891929
1755406707402,0.265603,-0.014955,9.88475
1755406707405,0.29671,-0.022134,9.887143
1755406707407,0.349352,-0.022134,9.920643
1755406707410,0.299103,-0.002991,9.944571
1755406707412,0.303888,0.020937,9.908679
1755406707415,0.306281,-0.010169,9.9015
1755406707417,0.291924,-0.010169,9.879965
1755406707419,0.308674,-0.019741,9.913465
1755406707421,0.342174,-0.010169,9.915857
1755406707424,0.275175,0.001795,9.88475
1755406707428,0.275175,-0.022134,9.877572
1755406707429,0.303888,-0.038883,9.879965
1755406707432,0.299103,-0.050847,9.858429
1755406707433,0.315853,-0.010169,9.851251
1755406707436,0.27996,-0.024526,9.899107
1755406707438,0.27996,-0.007777,9.856036
1755406707441,0.29671,-0.024526,9.851251
1755406707445,0.267996,-0.043669,9.894321
1755406707446,0.287139,-0.002991,9.875179
1755406707448,0.299103,-0.029312,9.964012
1755406707451,0.294317,-0.005384,9.858429
1755406707453,0.258425,-0.034098,9.906285
1755406707455,0.29671,-0.034098,9.726824
1755406707457,0.256032,-0.113061,9.923036
1755406707460,0.311067,0.018544,9.846465
1755406707462,0.260818,0.025723,9.968799
1755406707465,0.260818,0.035294,9.856036
1755406707467,0.294317,-0.05324,9.908679
1755406707470,0.260818,-0.002991,9.839287
1755406707473,0.232104,-0.074776,9.865608
1755406707474,0.277567,-0.043669,9.82493
1755406707477,0.287139,0.02333,9.983155
1755406707480,0.263211,-0.019741,9.753145
1755406707482,0.270389,-0.026919,10.009477
1755406707484,0.327817,0.030508,9.858429
1755406707486,0.241675,-0.031705,9.908679
1755406707489,0.282353,-0.065204,9.772287
1755406707491,0.277567,-0.101097,9.908679
1755406707493,0.311067,0.028116,9.896714
1755406707496,0.29671,0.049651,9.887143
1755406707499,0.265603,-0.048455,9.879965
1755406707500,0.306281,-0.10349,9.877572
1755406707503,0.263211,-0.026919,9.91825
1755406707505,0.306281,0.030508,9.863214
1755406707508,0.239282,-0.000598,9.920643
1755406707510,0.308674,-0.036491,9.863214
1755406707513,0.232104,-0.007777,9.891929
1755406707515,0.294317,-0.022134,9.879965
1755406707517,0.306281,-0.024526,9.973584
1755406707520,0.27996,0.037687,9.906285
1755406707522,0.315853,-0.050847,9.908679
1755406707524,0.323031,-0.019741,9.805787
1755406707527,0.27996,-0.029312,9.877572
1755406707530,0.263211,-0.002991,9.827323
1755406707533,0.246461,0.00658,9.784252
1755406707534,0.344566,-0.06999,9.875179
1755406707536,0.311067,0.032901,9.88475
1755406707539,0.29671,-0.017348,9.879965
1755406707541,0.284746,-0.010169,9.877572
1755406707544,0.287139,-0.026919,9.870394
1755406707547,0.272782,-0.031705,9.865608
1755406707549,0.258425,-0.014955,9.887143
1755406707551,0.272782,-0.012562,9.875179
1755406707554,0.284746,-0.017348,9.887143
1755406707556,0.289532,-0.010169,9.925428
1755406707558,0.303888,-0.017348,9.9015
1755406707560,0.294317,-0.000598,9.882358
1755406707565,0.294317,-0.024526,9.9015
1755406707566,0.284746,0.008973,9.875179
1755406707568,0.31346,-0.031705,9.879965
1755406707570,0.31346,-0.005384,9.879965
1755406707573,0.27996,-0.024526,9.870394
1755406707575,0.27996,-0.024526,9.879965
1755406707577,0.253639,-0.010169,9.891929
1755406707581,0.29671,-0.005384,9.887143
1755406707582,0.270389,-0.017348,9.851251
1755406707584,0.260818,-0.024526,9.903893
1755406707587,0.282353,-0.036491,9.887143
1755406707589,0.282353,-0.019741,9.896714
1755406707592,0.29671,-0.022134,9.879965
1755406707594,0.27996,-0.002991,9.891929
1755406707597,0.306281,-0.007777,9.810573
1755406707599,0.301496,-0.002991,9.925428
1755406707602,0.256032,-0.000598,9.870394
1755406707604,0.270389,-0.046062,9.858429
1755406707606,0.299103,-0.007777,9.860822
1755406707608,0.282353,-0.002991,9.860822
1755406707611,0.253639,-0.007777,9.891929
1755406707613,0.291924,0.001795,9.872787
1755406707617,0.265603,-0.043669,9.894321
1755406707619,0.332602,-0.036491,9.848858
1755406707621,0.272782,-0.031705,9.920643
1755406707623,0.275175,0.011366,9.887143
1755406707625,0.267996,0.030508,9.891929
1755406707627,0.323031,-0.065204,9.757931
1755406707630,0.284746,-0.050847,10.03819
1755406707633,0.366102,0.05683,9.719646
1755406707635,0.19352,-0.067597,10.014262
1755406707637,0.349352,-0.002991,9.856036
1755406707639,0.299103,-0.002991,9.9015
1755406707643,0.241675,-0.093918,9.738789
1755406707644,0.287139,-0.034098,9.995119
1755406707646,0.31346,0.016152,9.798609
1755406707649,0.19352,-0.022134,9.853643
1755406707651,0.315853,-0.055633,9.911072
1755406707654,0.260818,-0.017348,9.868001
1755406707656,0.284746,-0.002991,9.894321
1755406707659,0.253639,-0.012562,9.891929
1755406707661,0.308674,-0.091525,9.755538
1755406707663,0.215354,-0.072383,10.069297
1755406707666,0.325424,0.049651,9.702896
1755406707668,0.164806,-0.058026,9.944571
1755406707671,0.332602,-0.026919,9.877572
1755406707673,0.289532,0.047258,9.934999
1755406707679,0.287139,0.011366,9.793823
1755406707680,0.256032,-0.062812,9.920643
1755406707682,0.315853,-0.022134,9.851251
1755406707683,0.232104,-0.038883,9.891929
1755406707686,0.267996,-0.000598,9.853643
1755406707688,0.323031,-0.029312,9.872787
1755406707690,0.275175,-0.000598,9.839287
1755406707692,0.260818,-0.005384,9.832108
1755406707694,0.323031,-0.048455,9.947263
1755406707697,0.287139,-0.031705,9.923036
1755406707700,0.272782,-0.005384,9.879965
1755406707702,0.306281,0.001795,9.937392
1755406707704,0.260818,-0.012562,9.832108
1755406707706,0.270389,-0.014955,9.79143
1755406707709,0.325424,-0.031705,10.023833
1755406707711,0.272782,-0.007777,9.91825
1755406707714,0.299103,-0.026919,9.868001
1755406707717,0.332602,-0.019741,9.860822
1755406707719,0.239282,-0.055633,9.614362
1755406707721,0.27996,-0.012562,9.779466
1755406707723,0.392423,-0.093918,9.961619
1755406707726,0.301496,-0.026919,9.961619
1755406707728,0.284746,-0.005384,9.903893
1755406707730,0.368495,-0.077169,9.975977
1755406707734,0.320638,-0.014955,10.002297
1755406707735,0.327817,-0.019741,10.117153
1755406707738,0.164806,0.052044,9.80818
1755406707740,0.244068,0.00658,9.882358
1755406707743,0.241675,-0.005384,9.789038
1755406707745,0.275175,0.001795,9.894321
1755406707748,0.236889,0.001795,9.848858
1755406707751,0.306281,-0.036491,9.961619
1755406707752,0.301496,-0.019741,9.817751
1755406707756,0.284746,-0.036491,9.947263
1755406707757,0.258425,-0.005384,9.954441
1755406707759,0.323031,-0.002991,9.964012
1755406707762,0.308674,-0.046062,9.88475
1755406707764,0.354138,-0.055633,9.923036
1755406707768,0.358923,-0.041276,9.894321
1755406707769,0.270389,-0.017348,9.932607
1755406707771,0.284746,0.008973,9.877572
1755406707774,0.301496,-0.022134,9.896714
1755406707776,0.234497,0.004187,9.853643
1755406707779,0.282353,0.016152,9.846465
1755406707781,0.27996,-0.019741,9.903893
1755406707785,0.277567,-0.010169,9.872787
1755406707787,0.325424,-0.048455,9.913465
1755406707788,0.311067,-0.036491,9.839287
1755406707790,0.270389,-0.017348,9.887143
1755406707793,0.299103,-0.000598,9.88475
1755406707795,0.306281,-0.034098,9.865608
1755406707799,0.27996,-0.012562,9.908679
1755406707800,0.301496,-0.031705,9.872787
1755406707803,0.291924,-0.005384,9.889536
1755406707805,0.267996,0.00658,9.863214
1755406707807,0.320638,-0.038883,9.887143
1755406707809,0.265603,-0.041276,9.942178
1755406707812,0.282353,0.001795,9.781859
1755406707814,0.27996,-0.05324,9.879965
1755406707817,0.289532,-0.024526,9.992726
1755406707820,0.282353,0.044865,9.801002
1755406707822,0.256032,-0.014955,9.863214
1755406707824,0.334995,-0.05324,9.844072
1755406707826,0.303888,-0.058026,9.899107
1755406707829,0.27996,0.004187,9.789038
1755406707831,0.303888,-0.024526,9.995119
1755406707834,0.33021,0.02333,9.872787
1755406707837,0.258425,0.011366,9.803394
1755406707839,0.258425,-0.089133,9.97837
1755406707841,0.337388,-0.043669,9.82493
1755406707843,0.234497,-0.019741,9.975977
1755406707846,0.31346,0.020937,9.817751
1755406707848,0.303888,-0.067597,9.975977
1755406707851,0.31346,0.011366,9.834501
1755406707854,0.270389,0.001795,9.887143
1755406707855,0.272782,0.001795,9.968799
1755406707857,0.315853,-0.007777,9.784252
1755406707860,0.258425,-0.079561,9.889536
1755406707863,0.315853,-0.034098,9.908679
1755406707865,0.294317,-0.029312,9.810573
1755406707867,0.282353,-0.031705,9.911072
1755406707870,0.251246,-0.014955,9.882358
1755406707873,0.272782,0.016152,9.834501
1755406707875,0.251246,-0.019741,10.011869
1755406707877,0.311067,-0.031705,9.777073
1755406707880,0.263211,-0.041276,9.896714
1755406707882,0.320638,-0.041276,9.887143
1755406707884,0.241675,-0.007777,9.868001
1755406707887,0.277567,-0.038883,9.899107
1755406707889,0.277567,-0.024526,9.899107
1755406707891,0.282353,0.008973,9.906285
1755406707893,0.256032,0.004187,9.915857
1755406707896,0.33021,-0.06999,9.762716
1755406707898,0.27996,-0.065204,9.851251
1755406707901,0.289532,-0.022134,9.848858
1755406707904,0.301496,-0.022134,9.923036
1755406707908,0.263211,-0.058026,9.942178
1755406707909,0.291924,0.00658,9.815358
1755406707911,0.260818,-0.022134,9.889536
1755406707913,0.284746,-0.038883,9.839287
1755406707915,0.289532,-0.05324,9.956834
1755406707918,0.287139,0.011366,9.846465
1755406707921,0.29671,-0.010169,9.908679
1755406707924,0.284746,-0.012562,9.784252
1755406707925,0.251246,-0.002991,9.954441
1755406707927,0.256032,0.001795,9.870394
1755406707929,0.284746,-0.043669,9.913465
1755406707932,0.303888,-0.041276,9.84168
1755406707934,0.29671,-0.012562,9.959227
1755406707937,0.27996,0.032901,9.865608
1755406707939,0.270389,-0.017348,9.889536
1755406707942,0.318245,-0.038883,9.829716
1755406707944,0.275175,-0.029312,9.9015
1755406707946,0.267996,-0.031705,9.915857
1755406707948,0.265603,-0.005384,9.851251
1755406707951,0.299103,-0.014955,9.879965
1755406707953,0.272782,-0.048455,9.894321
1755406707956,0.291924,-0.029312,9.834501
1755406707958,0.287139,-0.036491,9.966406
1755406707961,0.311067,-0.034098,9.834501
1755406707963,0.263211,-0.002991,9.863214
1755406707965,0.287139,-0.034098,9.906285
1755406707968,0.294317,-0.031705,9.891929
1755406707970,0.282353,0.008973,9.858429
1755406707973,0.265603,-0.041276,9.853643
1755406707976,0.253639,0.004187,9.915857
1755406707977,0.308674,-0.022134,9.923036
1755406707980,0.234497,-0.029312,9.923036
1755406707983,0.27996,-0.010169,9.789038
1755406707985,0.239282,-0.019741,9.879965
1755406707987,0.284746,-0.017348,9.975977
1755406707989,0.318245,-0.012562,9.899107
1755406707992,0.272782,-0.046062,9.856036
1755406707994,0.323031,-0.010169,9.693324
1755406707996,0.256032,-0.038883,9.858429
1755406707999,0.275175,-0.043669,9.887143
1755406708002,0.275175,-0.048455,10.052547
1755406708003,0.291924,-0.002991,9.863214
1755406708006,0.258425,-0.012562,9.879965
1755406708008,0.301496,-0.019741,9.853643
1755406708011,0.31346,0.020937,9.865608
1755406708013,0.277567,-0.022134,9.844072
1755406708016,0.294317,-0.031705,9.877572
1755406708018,0.308674,-0.031705,9.942178
1755406708020,0.267996,-0.005384,9.860822
1755406708023,0.287139,-0.046062,9.865608
1755406708025,0.315853,0.00658,9.868001
1755406708028,0.265603,-0.012562,9.930214
1755406708030,0.301496,0.018544,9.856036
1755406708032,0.299103,-0.017348,9.939785
1755406708035,0.315853,-0.010169,9.853643
1755406708037,0.258425,-0.019741,9.860822
1755406708040,0.31346,-0.000598,9.88475
1755406708043,0.275175,-0.002991,9.887143
1755406708045,0.287139,-0.012562,9.911072
1755406708047,0.294317,-0.041276,9.899107
1755406708049,0.275175,-0.041276,9.863214
1755406708052,0.256032,-0.019741,9.911072
1755406708054,0.244068,-0.041276,9.836894
1755406708056,0.277567,-0.019741,9.891929
1755406708059,0.282353,-0.014955,9.875179
1755406708061,0.320638,0.004187,9.875179
1755406708063,0.294317,-0.005384,9.899107
1755406708066,0.301496,-0.019741,9.9015
1755406708068,0.311067,-0.041276,9.889536
1755406708071,0.303888,-0.026919,9.84168
1755406708073,0.299103,-0.024526,9.894321
1755406708076,0.282353,-0.002991,9.891929
1755406708078,0.270389,-0.017348,9.889536
1755406708080,0.287139,-0.010169,9.872787
1755406708083,0.287139,-0.029312,9.877572
1755406708086,0.275175,-0.017348,9.851251
1755406708088,0.272782,0.011366,9.88475
1755406708091,0.289532,-0.012562,9.887143
1755406708094,0.294317,-0.010169,9.88475
1755406708095,0.260818,-0.058026,9.887143
1755406708097,0.315853,-0.050847,9.894321
1755406708099,0.282353,-0.017348,9.887143
1755406708102,0.294317,-0.002991,9.870394
1755406708104,0.311067,0.004187,9.872787
1755406708108,0.284746,-0.014955,9.870394
1755406708110,0.289532,-0.031705,9.868001
1755406708112,0.31346,-0.043669,9.906285
1755406708114,0.294317,-0.007777,9.889536
1755406708116,0.294317,-0.024526,9.88475
1755406708119,0.275175,-0.031705,9.875179
1755406708121,0.289532,-0.019741,9.844072
1755406708125,0.284746,-0.036491,9.853643
1755406708126,0.311067,-0.038883,9.882358
1755406708128,0.289532,-0.050847,9.889536
1755406708131,0.306281,-0.055633,9.872787
1755406708133,0.263211,-0.026919,9.875179
1755406708136,0.277567,-0.010169,9.920643
1755406708138,0.277567,-0.010169,9.851251
1755406708141,0.282353,-0.022134,9.870394
1755406708143,0.258425,-0.031705,9.88475
1755406708145,0.311067,-0.012562,9.887143
1755406708147,0.303888,-0.029312,9.848858
1755406708150,0.270389,-0.034098,9.856036
1755406708152,0.291924,-0.014955,9.863214
1755406708154,0.299103,-0.002991,9.894321
1755406708157,0.246461,-0.002991,9.911072
1755406708160,0.275175,-0.014955,9.882358
1755406708162,0.291924,-0.007777,9.889536
1755406708164,0.272782,-0.019741,9.872787
1755406708167,0.282353,-0.002991,9.920643
1755406708169,0.308674,-0.014955,9.887143
1755406708171,0.291924,-0.007777,9.899107
1755406708174,0.251246,-0.022134,9.863214
1755406708176,0.260818,-0.043669,9.903893
1755406708179,0.27996,0.008973,9.88475
1755406708181,0.282353,-0.012562,9.887143
1755406708184,0.303888,-0.024526,9.889536
1755406708186,0.265603,-0.036491,9.891929
1755406708189,0.267996,-0.010169,9.889536
1755406708190,0.291924,-0.022134,9.889536
1755406708193,0.267996,-0.012562,9.877572
1755406708196,0.287139,-0.007777,9.875179
1755406708198,0.260818,-0.014955,9.889536
1755406708200,0.294317,-0.010169,9.877572
1755406708203,0.299103,-0.007777,9.872787
1755406708205,0.27996,-0.010169,9.88475
1755406708207,0.265603,-0.036491,9.879965
1755406708210,0.284746,-0.017348,9.853643
1755406708212,0.315853,-0.022134,9.88475
1755406708215,0.277567,-0.046062,9.879965
1755406708217,0.291924,-0.029312,9.88475
1755406708220,0.303888,-0.036491,9.870394
1755406708222,0.272782,-0.046062,9.865608
1755406708224,0.275175,-0.012562,9.872787
1755406708227,0.29671,-0.017348,9.891929
1755406708229,0.29671,-0.024526,9.865608
1755406708231,0.308674,-0.010169,9.887143
1755406708234,0.291924,-0.019741,9.88475
1755406708236,0.287139,-0.043669,9.88475
1755406708238,0.315853,-0.026919,9.906285
1755406708241,0.287139,0.008973,9.863214
1755406708244,0.275175,0.013759,9.868001
1755406708246,0.287139,-0.019741,9.872787
1755406708248,0.308674,-0.005384,9.891929
1755406708251,0.272782,-0.019741,9.879965
1755406708253,0.287139,-0.024526,9.879965
1755406708255,0.270389,-0.017348,9.894321
1755406708258,0.294317,-0.036491,9.877572
1755406708261,0.256032,-0.019741,9.875179
1755406708263,0.308674,-0.012562,9.899107
1755406708265,0.291924,0.004187,9.858429
1755406708267,0.301496,-0.019741,9.887143
1755406708270,0.258425,-0.017348,9.872787
1755406708272,0.272782,-0.010169,9.9015
1755406708274,0.272782,0.00658,9.891929
1755406708278,0.263211,-0.002991,9.882358
1755406708281,0.272782,-0.005384,9.887143
1755406708283,0.239282,-0.000598,9.879965
1755406708284,0.299103,-0.017348,9.858429
1755406708287,0.291924,-0.019741,9.868001
1755406708289,0.308674,-0.014955,9.865608
1755406708292,0.311067,-0.048455,9.879965
1755406708295,0.294317,-0.038883,9.875179
1755406708298,0.289532,-0.002991,9.9015
1755406708299,0.294317,-0.012562,9.853643
1755406708301,0.275175,-0.034098,9.868001
1755406708303,0.303888,-0.012562,9.865608
1755406708305,0.33021,-0.005384,9.863214
1755406708308,0.315853,0.001795,9.887143
1755406708312,0.277567,0.00658,9.844072
1755406708315,0.277567,-0.019741,9.889536
1755406708316,0.267996,-0.007777,9.870394
1755406708317,0.29671,-0.010169,9.872787
1755406708320,0.277567,-0.026919,9.868001
1755406708322,0.29671,-0.019741,9.88475
1755406708325,0.29671,-0.010169,9.853643
1755406708329,0.267996,-0.007777,9.879965
1755406708330,0.301496,-0.031705,9.889536
1755406708332,0.265603,-0.034098,9.894321
1755406708334,0.263211,-0.014955,9.872787
1755406708337,0.289532,-0.010169,9.875179
1755406708339,0.275175,-0.012562,9.870394
1755406708342,0.27996,-0.024526,9.856036
1755406708344,0.282353,-0.031705,9.863214
1755406708347,0.265603,-0.010169,9.879965
1755406708349,0.282353,0.016152,9.903893
1755406708351,0.267996,-0.029312,9.891929
1755406708354,0.267996,-0.010169,9.891929
1755406708356,0.282353,-0.029312,9.877572
1755406708358,0.29671,-0.022134,9.887143
1755406708361,0.277567,-0.012562,9.865608
1755406708363,0.260818,-0.031705,9.899107
1755406708365,0.291924,-0.017348,9.868001
1755406708368,0.277567,-0.019741,9.889536
1755406708371,0.251246,-0.019741,9.879965
1755406708373,0.282353,-0.048455,9.872787
1755406708375,0.277567,-0.034098,9.894321
1755406708377,0.311067,-0.014955,9.882358
1755406708380,0.308674,-0.038883,9.899107
1755406708382,0.284746,-0.048455,9.877572
1755406708385,0.299103,-0.012562,9.88475
1755406708387,0.311067,-0.007777,9.899107
1755406708389,0.260818,-0.026919,9.868001
1755406708392,0.267996,-0.026919,9.877572
1755406708394,0.282353,0.001795,9.9015
1755406708398,0.275175,-0.014955,9.896714
1755406708400,0.277567,-0.012562,9.887143
1755406708402,0.275175,-0.014955,9.889536
1755406708404,0.253639,-0.024526,9.879965
1755406708406,0.27996,-0.014955,9.872787
1755406708409,0.287139,-0.029312,9.882358
1755406708411,0.289532,-0.038883,9.863214
1755406708414,0.284746,-0.024526,9.853643
1755406708417,0.282353,-0.022134,9.865608
1755406708419,0.306281,-0.012562,9.9015
1755406708421,0.253639,-0.058026,9.908679
1755406708423,0.294317,-0.038883,9.887143
1755406708425,0.282353,-0.038883,9.879965
1755406708428,0.277567,-0.031705,9.896714
1755406708431,0.275175,-0.005384,9.877572
1755406708432,0.31346,-0.007777,9.887143
1755406708435,0.294317,-0.029312,9.870394
1755406708438,0.256032,-0.012562,9.860822
1755406708440,0.287139,-0.002991,9.88475
1755406708443,0.27996,-0.000598,9.91825
1755406708444,0.294317,-0.038883,9.875179
1755406708448,0.289532,-0.010169,9.88475
1755406708450,0.311067,-0.031705,9.899107
1755406708452,0.287139,-0.005384,9.891929
1755406708455,0.272782,-0.002991,9.870394
1755406708457,0.275175,0.018544,9.865608
1755406708459,0.284746,0.00658,9.891929
1755406708462,0.27996,-0.031705,9.887143
1755406708465,0.284746,-0.014955,9.877572
1755406708466,0.253639,-0.048455,9.896714
1755406708468,0.270389,0.001795,9.879965
1755406708471,0.299103,-0.026919,9.879965
1755406708473,0.315853,-0.026919,9.903893
1755406708476,0.277567,0.004187,9.879965
1755406708478,0.27996,-0.029312,9.887143
1755406708481,0.315853,-0.002991,9.88475
1755406708483,0.267996,-0.002991,9.887143
1755406708485,0.270389,-0.010169,9.868001
1755406708488,0.315853,-0.012562,9.911072
1755406708490,0.315853,-0.017348,9.887143
1755406708493,0.258425,-0.046062,9.877572
1755406708495,0.270389,-0.026919,9.877572
1755406708497,0.289532,-0.010169,9.889536
1755406708500,0.301496,-0.026919,9.877572
1755406708502,0.299103,-0.031705,9.896714
1755406708505,0.301496,-0.041276,9.863214
1755406708507,0.291924,-0.034098,9.894321
1755406708509,0.291924,-0.031705,9.894321
1755406708512,0.27996,-0.034098,9.839287
1755406708514,0.270389,-0.024526,9.870394
1755406708516,0.289532,-0.007777,9.870394
1755406708520,0.277567,-0.017348,9.879965
1755406708522,0.272782,0.013759,9.891929
1755406708524,0.27996,0.011366,9.908679
1755406708526,0.275175,-0.022134,9.865608
1755406708528,0.277567,-0.029312,9.870394
1755406708531,0.282353,-0.014955,9.891929
1755406708534,0.270389,-0.019741,9.879965
1755406708536,0.291924,-0.029312,9.879965
1755406708539,0.315853,-0.012562,9.889536
1755406708540,0.29671,-0.034098,9.88475
1755406708543,0.253639,-0.029312,9.9015
1755406708545,0.287139,-0.017348,9.891929
1755406708547,0.291924,-0.012562,9.879965
1755406708550,0.287139,-0.019741,9.894321
1755406708552,0.277567,-0.014955,9.870394
1755406708555,0.258425,0.004187,9.889536
1755406708557,0.275175,-0.026919,9.882358
1755406708560,0.260818,-0.014955,9.887143
1755406708562,0.29671,-0.038883,9.882358
1755406708564,0.289532,-0.043669,9.906285
1755406708567,0.308674,-0.034098,9.870394
1755406708569,0.284746,-0.024526,9.887143
1755406708572,0.29671,-0.007777,9.9015
1755406708574,0.291924,-0.014955,9.894321
1755406708576,0.275175,-0.014955,9.891929
1755406708579,0.258425,-0.022134,9.887143
1755406708581,0.251246,-0.026919,9.858429
1755406708584,0.277567,-0.010169,9.882358
1755406708586,0.267996,-0.002991,9.858429
1755406708588,0.275175,-0.038883,9.899107
1755406708590,0.303888,-0.029312,9.896714
1755406708593,0.303888,0.011366,9.899107
1755406708595,0.277567,-0.019741,9.844072
1755406708599,0.270389,-0.014955,9.865608
1755406708601,0.320638,-0.019741,9.882358
1755406708603,0.301496,-0.017348,9.875179
1755406708605,0.318245,-0.031705,9.863214
1755406708607,0.291924,-0.036491,9.872787
1755406708610,0.311067,-0.024526,9.882358
1755406708613,0.299103,0.008973,9.863214
1755406708615,0.311067,-0.017348,9.894321
1755406708617,0.303888,-0.007777,9.875179
1755406708620,0.289532,-0.022134,9.872787
1755406708622,0.270389,-0.000598,9.9015
1755406708624,0.303888,-0.038883,9.896714
1755406708626,0.294317,-0.017348,9.875179
1755406708629,0.291924,-0.017348,9.887143
1755406708631,0.299103,-0.005384,9.865608
1755406708634,0.277567,-0.019741,9.9015
1755406708638,0.263211,-0.024526,9.9015
1755406708639,0.277567,-0.019741,9.889536
1755406708641,0.260818,-0.029312,9.889536
1755406708644,0.301496,-0.029312,9.879965
1755406708646,0.291924,-0.034098,9.858429
1755406708648,0.289532,-0.043669,9.887143
1755406708652,0.299103,-0.012562,9.882358
1755406708654,0.277567,-0.002991,9.896714
1755406708656,0.27996,-0.007777,9.891929
1755406708658,0.275175,0.001795,9.875179
1755406708660,0.277567,-0.019741,9.875179
1755406708662,0.289532,-0.046062,9.894321
1755406708665,0.263211,-0.019741,9.872787
1755406708669,0.291924,-0.007777,9.887143
1755406708670,0.258425,-0.005384,9.870394
1755406708672,0.277567,-0.036491,9.891929
1755406708674,0.272782,-0.017348,9.889536
1755406708677,0.267996,-0.026919,9.88475
1755406708679,0.260818,-0.014955,9.88475
1755406708682,0.275175,-0.026919,9.896714
1755406708684,0.294317,-0.026919,9.887143
1755406708687,0.277567,-0.046062,9.870394
1755406708689,0.27996,-0.026919,9.877572
1755406708691,0.27996,-0.026919,9.887143
1755406708694,0.303888,-0.017348,9.865608
1755406708696,0.294317,-0.012562,9.865608
1755406708698,0.256032,-0.012562,9.875179
1755406708701,0.263211,-0.022134,9.863214
1755406708705,0.272782,-0.005384,9.887143
1755406708706,0.258425,-0.014955,9.870394
1755406708708,0.275175,-0.024526,9.875179
1755406708711,0.289532,-0.022134,9.882358
1755406708713,0.291924,-0.005384,9.863214
1755406708715,0.275175,-0.024526,9.879965
1755406708718,0.277567,-0.014955,9.870394
1755406708721,0.270389,-0.060419,9.879965
1755406708723,0.260818,-0.043669,9.88475
1755406708725,0.270389,-0.036491,9.899107
1755406708727,0.27996,-0.036491,9.91825
1755406708730,0.27996,-0.062812,9.9015
1755406708732,0.294317,-0.036491,9.846465
1755406708735,0.284746,0.011366,9.863214
1755406708738,0.289532,0.004187,9.882358
1755406708739,0.284746,-0.000598,9.872787
1755406708742,0.289532,-0.007777,9.877572
1755406708744,0.275175,0.001795,9.879965
1755406708747,0.325424,-0.014955,9.860822
1755406708749,0.308674,-0.024526,9.887143
1755406708751,0.291924,-0.017348,9.887143
1755406708754,0.260818,-0.022134,9.899107
1755406708756,0.27996,-0.014955,9.91825
1755406708758,0.244068,-0.022134,9.803394
1755406708761,0.236889,-0.034098,9.930214
1755406708763,0.306281,0.004187,9.839287
1755406708765,0.244068,-0.005384,9.961619
1755406708768,0.325424,-0.000598,9.810573
1755406708771,0.244068,-0.002991,9.899107
1755406708773,0.301496,-0.038883,9.911072
1755406708776,0.277567,-0.017348,9.801002
1755406708778,0.260818,-0.031705,9.937392
1755406708780,0.275175,0.030508,9.829716
1755406708782,0.284746,-0.048455,9.896714
1755406708785,0.229711,-0.05324,9.930214
1755406708788,0.31346,-0.038883,9.853643
1755406708790,0.27996,-0.036491,9.925428
1755406708793,0.272782,-0.022134,9.784252
1755406708794,0.311067,-0.031705,10.019048
1755406708797,0.258425,-0.024526,9.755538
1755406708799,0.277567,-0.010169,10.023833
1755406708802,0.31346,-0.029312,9.736395
1755406708805,0.253639,-0.062812,10.014262
1755406708807,0.327817,-0.005384,9.793823
1755406708809,0.256032,-0.012562,9.870394
1755406708811,0.303888,-0.002991,9.923036
1755406708813,0.272782,-0.026919,9.879965
1755406708816,0.318245,-0.012562,9.891929
1755406708819,0.258425,0.011366,9.856036
1755406708822,0.327817,-0.043669,9.848858
1755406708824,0.282353,-0.050847,9.942178
1755406708825,0.306281,0.037687,9.789038
1755406708828,0.246461,-0.002991,9.887143
1755406708830,0.291924,-0.058026,9.954441
1755406708833,0.289532,0.013759,9.829716
1755406708835,0.248854,-0.050847,9.949656
1755406708839,0.311067,-0.002991,9.851251
1755406708840,0.287139,-0.022134,9.975977
1755406708843,0.263211,0.016152,9.772287
1755406708845,0.251246,-0.041276,9.959227
1755406708847,0.323031,0.030508,9.832108
1755406708849,0.241675,0.032901,9.964012
1755406708852,0.229711,0.004187,9.745967
1755406708854,0.284746,-0.062812,10.05494
1755406708858,0.334995,-0.019741,9.745967
1755406708859,0.224925,-0.026919,9.927821
1755406708863,0.287139,-0.065204,9.860822
1755406708864,0.31346,0.013759,9.930214
1755406708866,0.318245,-0.010169,9.769895
1755406708869,0.267996,-0.036491,9.868001
1755406708871,0.342174,-0.029312,9.973584
1755406708874,0.277567,0.032901,9.784252
1755406708876,0.246461,-0.055633,9.932607
1755406708878,0.33021,0.011366,9.846465
1755406708880,0.270389,-0.007777,9.964012
1755406708883,0.272782,-0.024526,9.786645
1755406708885,0.299103,-0.038883,10.035797
1755406708888,0.311067,0.00658,9.798609
1755406708890,0.19352,-0.034098,9.927821
1755406708893,0.27996,-0.029312,9.848858
1755406708895,0.334995,-0.002991,9.915857
1755406708898,0.270389,-0.017348,9.863214
1755406708900,0.303888,-0.024526,9.966406
1755406708902,0.380459,-0.081954,10.090832
1755406708905,0.275175,-0.017348,9.803394
1755406708908,0.29671,-0.017348,9.915857
1755406708910,0.275175,-0.024526,9.815358
1755406708912,0.311067,-0.012562,9.947263
1755406708914,0.272782,-0.005384,9.846465
1755406708917,0.291924,-0.022134,9.947263
1755406708919,0.301496,-0.000598,9.858429
1755406708922,0.275175,-0.036491,9.865608
1755406708925,0.318245,-0.036491,9.877572
1755406708926,0.346959,-0.010169,9.848858
1755406708929,0.270389,-0.000598,9.913465
1755406708931,0.289532,0.004187,9.908679
1755406708933,0.323031,-0.029312,9.82493
1755406708936,0.253639,-0.060419,9.930214
1755406708939,0.31346,-0.002991,9.796216
1755406708942,0.303888,-0.024526,9.952048
1755406708944,0.306281,0.001795,9.853643
1755406708945,0.294317,-0.019741,9.889536
1755406708948,0.284746,-0.031705,9.887143
1755406708950,0.244068,-0.014955,9.870394
1755406708953,0.306281,-0.022134,9.879965
1755406708955,0.234497,-0.019741,9.827323
1755406708958,0.291924,-0.012562,9.846465
1755406708960,0.303888,-0.012562,9.944571
1755406708962,0.29671,-0.000598,9.908679
1755406708965,0.277567,-0.007777,9.865608
1755406708967,0.29671,-0.022134,9.915857
1755406708969,0.284746,-0.034098,9.899107
1755406708972,0.260818,-0.010169,9.882358
1755406708974,0.299103,-0.024526,9.856036
1755406708978,0.27996,-0.007777,9.961619
1755406708979,0.284746,-0.031705,9.860822
1755406708981,0.287139,-0.022134,9.877572
1755406708984,0.284746,0.011366,9.865608
1755406708986,0.29671,-0.067597,9.853643
1755406708988,0.29671,-0.017348,9.887143
1755406708992,0.272782,0.030508,9.882358
1755406708993,0.227318,-0.002991,9.803394
1755406708996,0.294317,-0.022134,9.88475
1755406708998,0.258425,-0.000598,9.872787
1755406709001,0.282353,-0.019741,9.894321
1755406709003,0.272782,-0.036491,9.91825
1755406709005,0.253639,0.008973,9.868001
1755406709009,0.277567,0.016152,9.853643
1755406709011,0.270389,-0.031705,9.853643
1755406709012,0.265603,-0.010169,9.858429
1755406709015,0.263211,-0.000598,9.832108
1755406709017,0.272782,-0.002991,9.903893
1755406709020,0.287139,-0.031705,9.91825
1755406709022,0.323031,-0.034098,9.848858
1755406709025,0.311067,-0.034098,9.834501
1755406709027,0.27996,-0.029312,9.913465
1755406709029,0.284746,-0.012562,9.872787
1755406709032,0.301496,-0.017348,9.887143
1755406709034,0.306281,-0.041276,9.891929
1755406709036,0.29671,-0.022134,9.856036
1755406709039,0.308674,0.013759,9.860822
1755406709043,0.287139,-0.014955,9.879965
1755406709044,0.284746,0.008973,9.896714
1755406709046,0.27996,-0.017348,9.868001
1755406709048,0.263211,-0.019741,9.913465
1755406709051,0.294317,-0.022134,9.925428
1755406709053,0.282353,0.001795,9.865608
1755406709056,0.299103,-0.05324,9.80818
1755406709058,0.315853,-0.002991,9.891929
1755406709061,0.291924,-0.007777,10.026226
1755406709063,0.318245,-0.007777,9.729217
1755406709065,0.29671,-0.067597,9.894321
1755406709068,0.287139,0.013759,9.908679
1755406709070,0.289532,-0.010169,10.050154
1755406709072,0.277567,0.004187,9.719646
1755406709075,0.284746,-0.072383,9.860822
1755406709077,0.260818,0.013759,9.844072
1755406709081,0.277567,0.001795,10.011869
1755406709083,0.29671,-0.010169,9.815358
1755406709084,0.291924,-0.067597,9.889536
1755406709087,0.325424,0.035294,9.803394
1755406709089,0.260818,-0.014955,9.906285
1755406709092,0.291924,-0.014955,9.868001
1755406709095,0.258425,-0.077169,9.927821
1755406709096,0.277567,-0.024526,9.82493
1755406709099,0.289532,-0.024526,9.848858
1755406709102,0.332602,-0.038883,9.844072
1755406709104,0.267996,-0.017348,9.968799
1755406709106,0.332602,-0.002991,9.803394
1755406709108,0.294317,-0.058026,9.992726
1755406709111,0.31346,-0.043669,9.789038
1755406709115,0.275175,0.008973,10.00469
1755406709116,0.346959,0.008973,9.77468
1755406709118,0.282353,-0.065204,10.009477
1755406709120,0.339781,-0.041276,9.801002
1755406709123,0.267996,-0.019741,9.983155
1755406709125,0.303888,-0.022134,9.777073
1755406709128,0.229711,-0.048455,9.973584
1755406709130,0.301496,0.00658,9.839287
1755406709132,0.224925,-0.000598,9.872787
1755406709134,0.303888,-0.048455,9.820144
1755406709137,0.284746,-0.010169,9.891929
1755406709139,0.31346,0.011366,9.899107
1755406709143,0.277567,0.008973,9.851251
1755406709144,0.282353,-0.058026,9.903893
1755406709147,0.294317,0.020937,9.846465
1755406709149,0.299103,-0.007777,9.930214
1755406709151,0.260818,-0.034098,9.812965
1755406709154,0.267996,-0.046062,9.999905
1755406709156,0.27996,0.028116,9.777073
1755406709159,0.253639,-0.022134,9.853643
1755406709161,0.306281,-0.038883,9.856036
1755406709164,0.258425,-0.050847,10.021441
1755406709166,0.277567,0.018544,9.769895
1755406709168,0.270389,-0.014955,9.894321
1755406709170,0.325424,-0.036491,9.865608
1755406709173,0.258425,-0.031705,9.990334
1755406709176,0.289532,0.018544,9.767502
1755406709179,0.246461,-0.031705,9.932607
1755406709180,0.318245,-0.038883,9.860822
1755406709183,0.236889,0.004187,9.999905
1755406709185,0.303888,0.00658,9.781859
1755406709187,0.212961,-0.060419,9.879965
1755406709190,0.351745,-0.019741,9.829716
1755406709192,0.263211,-0.026919,10.031012
1755406709196,0.327817,0.016152,9.734002
1755406709197,0.244068,-0.036491,9.954441
1755406709201,0.320638,-0.010169,9.781859
1755406709202,0.208176,-0.036491,10.057333
1755406709204,0.344566,0.00658,9.74836
1755406709206,0.224925,-0.043669,9.942178
1755406709209,0.358923,-0.046062,9.745967
1755406709212,0.256032,-0.031705,10.076475
1755406709214,0.327817,0.018544,9.724431
1755406709216,0.256032,-0.017348,10.019048
1755406709218,0.366102,-0.038883,9.719646
1755406709221,0.205783,-0.05324,10.086046
1755406709224,0.351745,0.030508,9.71486
1755406709226,0.236889,-0.041276,10.040583
1755406709228,0.378066,-0.034098,9.686146
1755406709231,0.241675,-0.062812,10.102797
1755406709233,0.332602,-0.002991,9.693324
1755406709235,0.232104,-0.048455,10.03819
1755406709238,0.368495,-0.029312,9.671789
1755406709241,0.188734,-0.060419,10.098011
1755406709243,0.342174,0.049651,9.68136
1755406709245,0.20339,-0.055633,10.057333
1755406709247,0.323031,-0.010169,9.65504
1755406709250,0.267996,-0.031705,10.083653
1755406709252,0.366102,0.064008,9.710074
1755406709254,0.205783,-0.043669,10.033404
1755406709257,0.361316,-0.019741,9.690931
1755406709259,0.215354,-0.05324,10.066904
1755406709261,0.332602,0.054437,9.690931
1755406709265,0.195912,-0.050847,10.028619
1755406709267,0.346959,-0.002991,9.676575
1755406709269,0.246461,-0.014955,10.109975
1755406709271,0.299103,0.047258,9.674182
1755406709273,0.239282,-0.058026,10.074082
1755406709276,0.351745,-0.002991,9.71486
1755406709278,0.275175,-0.031705,10.119546
1755406709281,0.351745,0.016152,9.62154
1755406709283,0.241675,-0.060419,10.083653
1755406709286,0.327817,0.008973,9.678967
1755406709288,0.210568,-0.041276,10.145867
1755406709290,0.361316,0.02333,9.645468
1755406709293,0.205783,-0.084347,10.121939
1755406709295,0.334995,-0.010169,9.650253
1755406709300,0.212961,-0.022134,10.141082
1755406709301,0.356531,0.013759,9.583255
1755406709302,0.183948,-0.093918,10.124331
1755406709305,0.337388,-0.002991,9.633504
1755406709307,0.186341,-0.022134,10.14826
1755406709310,0.378066,0.052044,9.626326
1755406709312,0.239282,-0.091525,10.129117
1755406709318,0.385244,-0.014955,9.640682
1755406709320,0.19352,-0.024526,10.13151
1755406709321,0.354138,0.025723,9.60479
1755406709322,0.208176,-0.077169,10.124331
1755406709324,0.378066,0.020937,9.650253
1755406709326,0.19352,0.011366,10.13151
1755406709329,0.344566,-0.007777,9.635897
1755406709331,0.217747,-0.065204,10.141082
1755406709333,0.327817,0.035294,9.669396
1755406709336,0.227318,-0.010169,10.023833
1755406709338,0.339781,0.00658,9.729217
1755406709340,0.234497,-0.014955,10.011869
1755406709343,0.320638,0.001795,9.722038
1755406709346,0.222533,-0.019741,9.964012
1755406709348,0.318245,0.00658,9.870394
1755406709351,0.282353,-0.014955,9.839287
1755406709353,0.246461,-0.043669,9.942178
1755406709355,0.306281,0.008973,9.827323
1755406709357,0.275175,-0.005384,9.966406
1755406709360,0.282353,-0.038883,9.784252
1755406709362,0.291924,-0.029312,9.964012
1755406709366,0.29671,-0.000598,9.815358
1755406709368,0.270389,-0.010169,9.925428
1755406709370,0.299103,-0.002991,9.868001
1755406709372,0.27996,0.011366,9.858429
1755406709374,0.311067,-0.043669,9.959227
1755406709377,0.311067,-0.046062,9.863214
1755406709379,0.284746,-0.036491,9.971191
1755406709383,0.294317,0.030508,9.820144
1755406709385,0.265603,-0.055633,9.848858
1755406709387,0.251246,-0.022134,10.03819
1755406709389,0.366102,0.04008,9.753145
1755406709391,0.186341,-0.055633,9.925428
1755406709394,0.361316,-0.055633,9.702896
1755406709396,0.263211,-0.08674,10.019048
1755406709398,0.320638,0.075972,9.836894
1755406709402,0.270389,0.013759,10.028619
1755406709403,0.327817,-0.058026,9.734002
1755406709405,0.256032,-0.046062,9.992726
1755406709408,0.332602,-0.007777,9.781859
1755406709410,0.270389,-0.026919,10.019048
1755406709412,0.318245,-0.048455,9.798609
1755406709415,0.263211,-0.017348,9.975977
1755406709419,0.325424,-0.010169,9.77468
1755406709421,0.248854,-0.041276,9.937392
1755406709422,0.29671,-0.012562,9.877572
1755406709424,0.246461,0.020937,9.860822
1755406709428,0.277567,-0.043669,9.853643
1755406709429,0.289532,-0.005384,9.865608
1755406709432,0.258425,-0.024526,9.872787
1755406709434,0.287139,-0.024526,9.853643
1755406709436,0.301496,-0.038883,9.954441
1755406709439,0.29671,0.018544,9.860822
1755406709442,0.275175,-0.005384,9.798609
1755406709444,0.291924,-0.050847,9.894321
1755406709446,0.258425,-0.036491,9.961619
1755406709448,0.31346,0.02333,9.82493
1755406709451,0.212961,0.04008,10.031012
1755406709453,0.301496,0.016152,9.887143
1755406709456,0.234497,0.032901,9.954441
1755406709459,0.318245,-0.017348,9.786645
1755406709461,0.229711,-0.017348,9.944571
1755406709463,0.378066,-0.000598,9.932607
1755406709465,0.270389,0.004187,9.91825
1755406709468,0.27996,-0.048455,9.817751
1755406709471,0.246461,-0.026919,9.903893
1755406709473,0.258425,0.028116,9.817751
1755406709475,0.275175,-0.000598,9.877572
1755406709478,0.291924,-0.060419,9.908679
1755406709480,0.306281,-0.029312,9.846465
1755406709482,0.186341,0.016152,9.815358
1755406709486,0.323031,-0.000598,9.817751
1755406709487,0.256032,-0.046062,9.920643
1755406709489,0.291924,-0.012562,9.844072
1755406709492,0.311067,-0.048455,10.033404
1755406709494,0.342174,0.004187,9.77468
1755406709496,0.236889,-0.091525,9.942178
1755406709499,0.291924,-0.05324,9.834501
1755406709502,0.258425,-0.007777,9.952048
1755406709505,0.311067,0.04008,9.80818
1755406709506,0.301496,-0.096311,9.911072
1755406709509,0.284746,-0.002991,9.846465
1755406709511,0.244068,0.042473,9.985548
1755406709513,0.282353,0.037687,9.815358
1755406709516,0.275175,-0.108275,9.863214
1755406709518,0.277567,-0.041276,9.896714
1755406709522,0.301496,0.035294,9.930214
1755406709523,0.306281,0.061615,9.891929
1755406709525,0.323031,-0.084347,9.74836
1755406709528,0.239282,-0.101097,9.920643
1755406709530,0.370888,-0.007777,9.777073
1755406709533,0.217747,0.064008,10.157831
1755406709536,0.445065,0.102293,9.688539
1755406709538,0.229711,-0.127418,10.011869
1755406709540,0.382852,-0.031705,9.676575
1755406709542,0.212961,-0.125025,9.832108
1755406709545,0.265603,0.018544,9.930214
1755406709547,0.37328,0.047258,9.777073
1755406709550,0.157627,-0.048455,10.088439
1755406709554,0.385244,0.028116,9.71486
1755406709555,0.251246,-0.074776,9.97837
1755406709556,0.287139,-0.000598,9.894321
1755406709559,0.356531,-0.022134,9.676575
1755406709561,0.210568,-0.091525,10.066904
1755406709564,0.397209,0.061615,9.712467
1755406709566,0.234497,-0.079561,9.913465
1755406709569,0.301496,-0.019741,9.968799
1755406709571,0.375673,0.042473,9.736395
1755406709573,0.150449,-0.072383,9.992726
1755406709576,0.392423,0.016152,9.844072
1755406709578,0.275175,0.020937,9.882358
1755406709580,0.248854,-0.043669,9.934999
1755406709583,0.368495,0.00658,9.82493
1755406709585,0.244068,-0.017348,9.980762
1755406709588,0.275175,-0.046062,9.860822
1755406709591,0.325424,-0.026919,9.82493
1755406709592,0.253639,-0.029312,9.973584
1755406709595,0.299103,0.011366,9.887143
1755406709597,0.289532,-0.041276,9.822537
1755406709600,0.277567,-0.062812,9.932607
1755406709602,0.267996,-0.038883,9.829716
1755406709605,0.308674,-0.012562,9.88475
1755406709608,0.270389,0.013759,9.858429
1755406709609,0.253639,-0.034098,9.932607
1755406709612,0.308674,0.020937,9.889536
1755406709614,0.287139,0.008973,9.84168
1755406709617,0.251246,-0.010169,9.992726
1755406709619,0.368495,-0.007777,9.779466
1755406709623,0.267996,-0.024526,9.908679
1755406709624,0.270389,-0.041276,9.939785
1755406709626,0.33021,-0.005384,9.839287
1755406709628,0.251246,-0.022134,9.875179
1755406709631,0.263211,-0.024526,9.930214
1755406709633,0.31346,0.004187,9.812965
1755406709636,0.241675,-0.024526,9.856036
1755406709643,0.311067,-0.029312,9.97837
1755406709645,0.291924,0.02333,9.812965
1755406709646,0.270389,-0.046062,9.848858
1755406709647,0.294317,-0.000598,9.992726
1755406709648,0.299103,0.032901,9.74836
1755406709650,0.208176,-0.067597,9.992726
1755406709652,0.385244,0.04008,9.836894
1755406709655,0.256032,-0.048455,9.896714
1755406709657,0.239282,-0.029312,10.031012
1755406709659,0.39003,0.028116,9.695718
1755406709662,0.179163,-0.077169,10.00469
1755406709664,0.325424,-0.055633,9.736395
1755406709667,0.29671,-0.026919,9.949656
1755406709669,0.263211,0.016152,9.868001
1755406709673,0.284746,-0.026919,9.877572
1755406709675,0.320638,-0.014955,9.856036
1755406709676,0.287139,-0.048455,9.915857
1755406709679,0.270389,-0.002991,9.853643
1755406709681,0.258425,-0.012562,9.858429
1755406709683,0.270389,-0.029312,9.891929
1755406709686,0.291924,-0.029312,9.863214
1755406709688,0.267996,-0.024526,9.913465
1755406709691,0.318245,-0.012562,9.834501
1755406709693,0.267996,-0.019741,9.920643
1755406709696,0.294317,-0.012562,9.879965
1755406709698,0.287139,-0.024526,9.903893
1755406709700,0.291924,-0.026919,9.879965
1755406709703,0.287139,-0.024526,9.906285
1755406709707,0.294317,-0.002991,9.817751
1755406709708,0.301496,-0.005384,9.913465
1755406709710,0.334995,-0.022134,9.877572
1755406709713,0.265603,-0.029312,9.882358
1755406709714,0.327817,-0.007777,9.887143
1755406709717,0.303888,0.008973,9.875179
1755406709719,0.272782,-0.012562,9.88475
1755406709724,0.289532,-0.024526,9.853643
1755406709725,0.287139,-0.019741,9.891929
1755406709728,0.287139,-0.019741,9.875179
1755406709729,0.289532,-0.024526,9.882358
1755406709731,0.272782,-0.012562,9.882358
1755406709734,0.299103,-0.024526,9.891929
1755406709736,0.291924,-0.034098,9.944571
1755406709739,0.291924,-0.002991,9.908679
1755406709741,0.265603,0.008973,9.827323
1755406709744,0.284746,-0.060419,9.896714
1755406709746,0.299103,-0.058026,9.915857
1755406709748,0.270389,-0.002991,9.877572
1755406709750,0.308674,-0.005384,9.877572
1755406709753,0.308674,0.013759,9.877572
1755406709755,0.294317,0.016152,9.915857
1755406709758,0.31346,-0.010169,9.860822
1755406709760,0.325424,-0.017348,9.846465
1755406709763,0.27996,-0.034098,9.908679
1755406709765,0.318245,-0.038883,9.815358
1755406709767,0.282353,-0.081954,9.942178
1755406709770,0.311067,0.054437,9.915857
1755406709772,0.301496,0.054437,9.925428
1755406709775,0.248854,-0.012562,9.872787
1755406709777,0.323031,-0.101097,9.762716
1755406709779,0.258425,-0.043669,9.964012
1755406709782,0.31346,0.035294,9.793823
1755406709784,0.256032,0.032901,9.846465
1755406709786,0.282353,-0.081954,9.999905
1755406709789,0.29671,0.025723,9.796216
1755406709792,0.29671,-0.038883,9.91825
1755406709795,0.327817,-0.031705,9.80818
1755406709796,0.33021,-0.024526,10.05494
1755406709799,0.27996,0.016152,9.743574
1755406709801,0.29671,-0.050847,10.019048
1755406709803,0.327817,-0.017348,9.846465
1755406709805,0.284746,0.020937,9.899107
1755406709808,0.248854,-0.029312,9.822537
1755406709811,0.275175,-0.031705,9.961619
1755406709813,0.320638,-0.041276,9.827323
1755406709815,0.212961,0.004187,9.879965
1755406709817,0.299103,-0.014955,9.908679
1755406709820,0.327817,-0.036491,9.848858
1755406709822,0.239282,-0.048455,9.889536
1755406709825,0.282353,0.00658,9.848858
1755406709828,0.301496,-0.058026,9.891929
1755406709830,0.306281,-0.060419,9.882358
1755406709832,0.306281,0.004187,9.911072
1755406709835,0.27996,-0.024526,9.925428
1755406709837,0.323031,-0.031705,9.899107
1755406709839,0.282353,-0.048455,9.863214
1755406709842,0.275175,-0.012562,9.947263
1755406709845,0.308674,-0.041276,9.91825
1755406709847,0.282353,-0.024526,9.846465
1755406709849,0.299103,-0.048455,9.80818
1755406709851,0.318245,-0.024526,9.949656
1755406709853,0.272782,0.001795,9.801002
1755406709856,0.282353,-0.050847,9.848858
1755406709859,0.289532,-0.038883,9.846465
1755406709861,0.315853,-0.046062,9.856036
1755406709864,0.27996,0.011366,9.851251
1755406709866,0.272782,-0.05324,9.882358
1755406709868,0.291924,-0.046062,9.891929
1755406709870,0.265603,-0.019741,9.877572
1755406709873,0.251246,-0.029312,9.88475
1755406709877,0.275175,-0.034098,9.870394
1755406709878,0.284746,-0.029312,9.908679
1755406709880,0.287139,-0.017348,9.903893
1755406709883,0.301496,0.018544,9.903893
1755406709885,0.291924,-0.029312,9.817751
1755406709887,0.270389,-0.079561,9.9015
1755406709890,0.303888,0.013759,9.820144
1755406709893,0.272782,0.001795,9.959227
1755406709895,0.29671,0.011366,9.798609
1755406709898,0.303888,-0.084347,9.952048
1755406709899,0.294317,-0.022134,9.949656
1755406709902,0.277567,0.016152,9.834501
1755406709904,0.272782,0.020937,9.956834
1755406709906,0.325424,-0.029312,9.789038
1755406709909,0.234497,-0.036491,9.913465
1755406709911,0.29671,-0.050847,9.846465
1755406709914,0.291924,0.018544,9.877572
1755406709916,0.29671,-0.022134,9.9015
1755406709918,0.311067,-0.010169,9.82493
1755406709920,0.265603,-0.005384,9.896714
1755406709923,0.258425,-0.012562,9.82493
1755406709925,0.311067,-0.012562,9.959227
1755406709928,0.325424,-0.026919,9.784252
1755406709931,0.253639,-0.019741,9.927821
1755406709933,0.303888,-0.048455,9.801002
1755406709935,0.265603,-0.002991,9.980762
1755406709937,0.291924,-0.007777,9.839287
1755406709940,0.260818,-0.031705,9.973584
1755406709942,0.299103,-0.012562,9.844072
1755406709945,0.239282,-0.022134,9.858429
1755406709947,0.27996,-0.060419,9.860822
1755406709949,0.277567,-0.007777,9.832108
1755406709952,0.289532,-0.05324,9.894321
1755406709954,0.294317,-0.041276,9.82493
1755406709957,0.306281,-0.010169,9.983155
1755406709959,0.291924,0.016152,9.815358
1755406709961,0.253639,-0.031705,9.973584
1755406709964,0.289532,-0.019741,9.801002
1755406709967,0.289532,-0.038883,9.870394
1755406709969,0.256032,-0.036491,9.952048
1755406709971,0.289532,0.018544,9.767502
1755406709973,0.205783,-0.058026,9.997512
1755406709976,0.31346,0.004187,9.810573
1755406709979,0.277567,-0.026919,9.913465
1755406709981,0.248854,-0.036491,9.801002
1755406709983,0.294317,-0.034098,10.026226
1755406709985,0.33021,0.011366,9.755538
1755406709988,0.20339,-0.050847,9.91825
1755406709990,0.339781,-0.05324,9.937392
1755406709992,0.29671,0.016152,9.829716
1755406709996,0.241675,-0.029312,9.920643
1755406709998,0.27996,-0.012562,9.879965
1755406710000,0.311067,-0.034098,9.844072
1755406710002,0.256032,-0.019741,9.930214
1755406710004,0.354138,-0.012562,9.856036
1755406710007,0.270389,-0.019741,9.925428
1755406710009,0.27996,-0.010169,9.870394
1755406710012,0.339781,-0.048455,9.896714
1755406710015,0.308674,-0.022134,9.875179
1755406710016,0.289532,-0.002991,9.891929
1755406710019,0.291924,-0.055633,9.875179
1755406710021,0.260818,-0.031705,9.777073
1755406710024,0.260818,-0.005384,9.949656
1755406710026,0.260818,0.00658,9.810573
1755406710029,0.248854,-0.022134,9.870394
1755406710032,0.291924,-0.022134,9.865608
1755406710033,0.294317,-0.038883,9.959227
1755406710036,0.232104,0.001795,9.846465
1755406710038,0.263211,-0.022134,9.851251
1755406710040,0.291924,-0.019741,9.870394
1755406710043,0.275175,-0.012562,9.853643
1755406710047,0.282353,0.011366,9.88475
1755406710049,0.272782,-0.022134,9.879965
1755406710050,0.299103,0.025723,9.875179
1755406710052,0.270389,-0.017348,9.853643
1755406710055,0.306281,-0.031705,9.899107
1755406710057,0.289532,-0.026919,9.896714
1755406710060,0.284746,-0.000598,9.908679
1755406710063,0.320638,-0.031705,9.765109
1755406710065,0.29671,-0.110668,9.980762
1755406710067,0.318245,-0.007777,9.827323
1755406710069,0.234497,0.013759,9.934999
1755406710071,0.287139,-0.002991,9.803394
1755406710074,0.299103,-0.065204,9.925428
1755406710076,0.315853,-0.024526,9.860822
1755406710080,0.265603,0.016152,9.942178
1755406710082,0.334995,-0.026919,9.832108
1755406710084,0.253639,-0.000598,9.896714
1755406710086,0.287139,0.00658,9.846465
1755406710088,0.244068,-0.048455,9.930214
1755406710091,0.315853,-0.017348,9.853643
1755406710093,0.287139,-0.024526,9.903893
1755406710097,0.29671,-0.014955,9.872787
1755406710099,0.222533,-0.000598,9.894321
1755406710100,0.29671,-0.034098,9.851251
1755406710103,0.260818,-0.029312,9.899107
1755406710105,0.289532,-0.048455,9.851251
1755406710107,0.265603,-0.05324,9.887143
1755406710110,0.315853,-0.000598,9.908679
1755406710112,0.270389,-0.012562,9.848858
1755406710115,0.294317,-0.014955,9.894321
1755406710118,0.258425,-0.005384,9.870394
1755406710120,0.303888,0.013759,9.846465
1755406710122,0.267996,-0.014955,9.899107
1755406710124,0.260818,-0.026919,9.899107
1755406710127,0.27996,-0.029312,9.870394
1755406710129,0.270389,-0.000598,9.872787
1755406710131,0.277567,0.008973,9.896714
1755406710135,0.294317,-0.002991,9.870394
1755406710136,0.320638,-0.019741,9.877572
1755406710139,0.277567,-0.034098,9.896714
1755406710141,0.287139,-0.029312,9.870394
1755406710143,0.284746,-0.014955,9.889536
1755406710146,0.275175,-0.002991,9.844072
1755406710150,0.270389,-0.017348,9.920643
1755406710154,0.260818,-0.043669,9.877572
1755406710155,0.270389,0.011366,9.911072
1755406710157,0.294317,-0.019741,9.889536
1755406710158,0.315853,-0.036491,9.942178
1755406710162,0.311067,-0.000598,9.796216
1755406710164,0.282353,-0.065204,9.84168
1755406710167,0.342174,-0.000598,9.865608
1755406710168,0.291924,0.020937,9.858429
1755406710170,0.289532,0.00658,9.877572
1755406710172,0.301496,-0.014955,9.973584
1755406710174,0.289532,-0.005384,9.820144
1755406710177,0.222533,-0.031705,9.891929
1755406710179,0.291924,-0.06999,9.863214
1755406710182,0.27996,-0.007777,9.903893
1755406710184,0.265603,0.025723,9.872787
1755406710186,0.315853,0.020937,9.882358
1755406710189,0.29671,-0.058026,9.88475
1755406710191,0.289532,-0.026919,9.848858
1755406710193,0.294317,-0.034098,9.908679
1755406710196,0.277567,-0.046062,9.903893
1755406710199,0.308674,-0.017348,9.872787
1755406710201,0.258425,-0.002991,9.903893
1755406710203,0.301496,-0.029312,9.863214
1755406710205,0.291924,-0.007777,9.908679
1755406710208,0.277567,-0.005384,9.896714
1755406710210,0.265603,0.011366,9.879965
1755406710213,0.277567,-0.014955,9.865608
1755406710216,0.277567,0.00658,9.887143
1755406710218,0.289532,-0.012562,9.872787
1755406710220,0.311067,-0.002991,9.877572
1755406710222,0.272782,-0.031705,9.870394
1755406710225,0.275175,-0.029312,9.865608
1755406710227,0.258425,-0.026919,9.891929
1755406710230,0.291924,-0.014955,9.894321
1755406710233,0.287139,-0.014955,9.877572
1755406710235,0.306281,-0.014955,9.887143
1755406710237,0.289532,-0.014955,9.877572
1755406710239,0.260818,0.018544,9.877572
1755406710244,0.301496,-0.010169,9.844072
1755406710245,0.287139,-0.017348,9.954441
1755406710247,0.308674,0.004187,9.858429
1755406710250,0.222533,0.011366,9.836894
1755406710252,0.253639,-0.022134,9.872787
1755406710254,0.267996,-0.022134,9.887143
1755406710257,0.260818,0.030508,9.695718
1755406710259,0.294317,-0.019741,9.903893
1755406710261,0.256032,-0.043669,9.911072
1755406710263,0.210568,0.001795,9.667004
1755406710267,0.244068,-0.055633,9.84168
1755406710269,0.31346,-0.034098,9.944571
1755406710270,0.267996,0.004187,9.91825
1755406710273,0.239282,-0.000598,9.786645
1755406710275,0.301496,-0.000598,9.836894
1755406710277,0.227318,0.016152,9.79143
1755406710280,0.289532,0.018544,9.846465
1755406710284,0.256032,-0.005384,9.896714
1755406710285,0.342174,-0.038883,9.954441
1755406710287,0.27996,-0.000598,9.896714
1755406710289,0.327817,-0.002991,9.865608
1755406710292,0.299103,-0.022134,9.920643
1755406710294,0.301496,-0.007777,9.947263
1755406710297,0.258425,-0.024526,9.844072
1755406710299,0.258425,-0.000598,9.827323
1755406710302,0.29671,-0.029312,9.822537
1755406710304,0.306281,-0.022134,10.045368
1755406710306,0.282353,-0.012562,9.853643
1755406710309,0.294317,-0.041276,9.896714
1755406710311,0.277567,0.008973,9.829716
1755406710313,0.270389,-0.014955,9.889536
1755406710316,0.308674,-0.038883,9.942178
1755406710319,0.325424,-0.007777,9.908679
1755406710321,0.289532,0.001795,9.944571
1755406710324,0.239282,-0.031705,9.870394
1755406710326,0.287139,-0.038883,9.88475
1755406710328,0.306281,-0.050847,9.84168
1755406710330,0.29671,-0.036491,9.848858
1755406710333,0.294317,-0.029312,9.894321
1755406710335,0.291924,-0.007777,9.879965
1755406710337,0.291924,-0.041276,9.870394
1755406710340,0.27996,-0.024526,9.839287
1755406710342,0.284746,-0.041276,9.844072
1755406710345,0.236889,-0.017348,9.985548
1755406710347,0.287139,0.032901,9.793823
1755406710350,0.270389,-0.065204,9.846465
1755406710352,0.294317,-0.067597,10.112368
1755406710354,0.354138,0.042473,9.647861
1755406710357,0.181555,-0.062812,10.074082
1755406710359,0.363709,-0.065204,9.671789
1755406710361,0.236889,-0.074776,10.090832
1755406710364,0.29671,0.066401,9.801002
1755406710366,0.253639,0.00658,9.995119
1755406710369,0.318245,-0.036491,9.762716
1755406710372,0.263211,-0.120239,9.879965
1755406710373,0.275175,0.035294,9.975977
1755406710376,0.318245,0.064008,9.868001
1755406710378,0.241675,0.00658,9.908679
1755406710381,0.346959,-0.122632,9.753145
1755406710383,0.224925,-0.017348,10.045368
1755406710385,0.397209,0.047258,9.767502
1755406710388,0.205783,0.05683,9.992726
1755406710390,0.401994,-0.05324,9.65504
1755406710392,0.164806,-0.091525,10.064511
1755406710395,0.399601,0.028116,9.719646
1755406710397,0.171984,0.020937,10.109975
1755406710400,0.392423,-0.058026,9.580862
1755406710403,0.171984,-0.108275,10.153046
1755406710405,0.416351,0.04008,9.631111
1755406710407,0.138485,0.008973,10.157831
1755406710409,0.387637,-0.017348,9.576077
1755406710412,0.164806,-0.115454,10.150653
1755406710414,0.387637,0.028116,9.623933
1755406710417,0.121735,-0.000598,10.179367
1755406710419,0.397209,-0.010169,9.561719
1755406710422,0.157627,-0.10349,10.160224
1755406710424,0.368495,0.032901,9.619147
1755406710426,0.152842,-0.010169,10.188938
1755406710429,0.397209,0.028116,9.595219
1755406710431,0.183948,-0.096311,10.143475
1755406710434,0.366102,-0.005384,9.676575
1755406710436,0.183948,-0.026919,10.176973
1755406710438,0.33021,0.032901,9.657433
1755406710442,0.212961,-0.060419,10.05494
1755406710444,0.323031,0.001795,9.705289
1755406710446,0.236889,-0.029312,10.047761
1755406710448,0.275175,0.037687,9.765109
1755406710450,0.244068,-0.034098,9.987941
1755406710454,0.265603,-0.041276,9.79143
1755406710457,0.27996,-0.022134,9.937392
1755406710458,0.267996,0.028116,9.848858
1755406710460,0.270389,0.025723,9.896714
1755406710462,0.260818,-0.05324,9.889536
1755406710464,0.291924,-0.019741,9.863214
1755406710467,0.282353,-0.046062,9.889536
1755406710469,0.282353,0.004187,9.870394
1755406710472,0.265603,-0.022134,9.879965
1755406710476,0.289532,-0.022134,9.863214
1755406710477,0.27996,-0.017348,9.896714
1755406710479,0.282353,-0.007777,9.846465
1755406710481,0.299103,-0.036491,9.896714
1755406710484,0.311067,-0.019741,9.872787
1755406710487,0.303888,-0.019741,9.879965
1755406710489,0.311067,-0.036491,9.858429
1755406710491,0.267996,-0.024526,9.872787
1755406710493,0.284746,-0.031705,9.894321
1755406710495,0.287139,-0.000598,9.934999
1755406710498,0.27996,0.032901,9.777073
1755406710501,0.248854,-0.010169,9.765109
1755406710503,0.31346,-0.038883,9.91825
1755406710505,0.275175,0.001795,9.879965
1755406710508,0.277567,0.008973,9.9015
1755406710510,0.282353,0.016152,9.84168
1755406710512,0.267996,-0.041276,9.860822
1755406710515,0.253639,-0.043669,9.836894
1755406710517,0.301496,-0.038883,9.889536
1755406710520,0.277567,-0.017348,9.889536
1755406710522,0.284746,-0.014955,9.9015
1755406710524,0.284746,0.020937,9.908679
1755406710527,0.294317,-0.014955,9.856036
1755406710529,0.270389,-0.067597,9.9015
1755406710531,0.315853,-0.034098,9.872787
1755406710534,0.267996,-0.050847,9.865608
1755406710536,0.263211,-0.046062,9.920643
1755406710539,0.354138,0.004187,9.91825
1755406710541,0.27996,0.052044,9.844072
1755406710544,0.277567,-0.10349,9.882358
1755406710546,0.339781,-0.093918,9.729217
1755406710548,0.248854,-0.055633,10.121939
1755406710551,0.311067,0.131007,9.762716
1755406710553,0.291924,-0.072383,9.820144
1755406710556,0.188734,-0.084347,10.078868
1755406710558,0.387637,0.059222,9.669396
1755406710561,0.186341,-0.062812,9.839287
1755406710563,0.284746,-0.110668,10.042975
1755406710565,0.370888,0.0999,9.801002
1755406710568,0.210568,-0.026919,9.79143
1755406710570,0.227318,-0.10349,10.050154
1755406710573,0.394816,0.064008,9.801002
1755406710575,0.191127,0.00658,9.793823
1755406710577,0.217747,-0.098704,10.03819
1755406710579,0.418744,0.054437,9.784252
1755406710582,0.205783,-0.031705,9.82493
1755406710585,0.253639,-0.108275,10.062119
1755406710587,0.442672,0.049651,9.753145
1755406710590,0.145663,-0.06999,9.891929
1755406710592,0.277567,-0.062812,10.035797
1755406710595,0.394816,0.073579,9.676575
1755406710597,0.148056,-0.091525,9.990334
1755406710599,0.334995,-0.005384,9.997512
1755406710601,0.392423,0.047258,9.650253
1755406710603,0.114556,-0.101097,10.07169
1755406710607,0.385244,0.037687,9.903893
1755406710608,0.267996,-0.010169,9.647861
1755406710611,0.114556,-0.113061,10.093225
1755406710613,0.40678,0.025723,9.896714
1755406710615,0.265603,0.016152,9.674182
1755406710618,0.167198,-0.120239,10.112368
1755406710620,0.425922,0.052044,9.839287
1755406710624,0.212961,-0.007777,9.772287
1755406710625,0.241675,-0.060419,10.031012
1755406710627,0.382852,0.02333,9.820144
1755406710630,0.167198,-0.034098,9.839287
1755406710632,0.284746,-0.043669,9.944571
1755406710635,0.346959,-0.050847,9.872787
1755406710637,0.229711,-0.014955,9.882358
1755406710640,0.289532,-0.014955,9.832108
1755406710643,0.241675,-0.034098,9.97837
1755406710644,0.272782,-0.029312,9.798609
1755406710647,0.284746,-0.029312,9.894321
1755406710649,0.253639,-0.024526,9.954441
1755406710652,0.303888,-0.012562,9.822537
1755406710654,0.275175,-0.019741,9.952048
1755406710658,0.303888,-0.022134,9.896714
1755406710659,0.294317,-0.010169,9.84168
1755406710661,0.275175,-0.029312,9.925428
1755406710663,0.289532,-0.010169,9.879965
1755406710666,0.291924,0.016152,9.863214
1755406710669,0.289532,-0.031705,9.925428
1755406710670,0.299103,-0.031705,9.88475
1755406710673,0.284746,-0.007777,9.879965
1755406710676,0.291924,-0.007777,9.896714
1755406710678,0.258425,-0.036491,9.872787
1755406710680,0.275175,-0.031705,9.872787
1755406710682,0.275175,-0.041276,9.9015
1755406710685,0.27996,-0.017348,9.868001
1755406710687,0.320638,-0.002991,9.860822
1755406710690,0.246461,0.00658,9.875179
1755406710693,0.31346,-0.017348,9.870394
1755406710694,0.272782,-0.002991,9.88475
1755406710697,0.308674,-0.065204,9.870394
1755406710699,0.272782,-0.000598,9.923036
1755406710702,0.289532,-0.012562,9.853643
1755406710704,0.275175,-0.017348,9.894321
1755406710706,0.318245,-0.024526,9.915857
1755406710711,0.306281,-0.017348,9.851251
1755406710712,0.289532,-0.005384,9.860822
1755406710714,0.258425,0.008973,9.9015
1755406710716,0.234497,0.011366,9.877572
1755406710719,0.294317,-0.005384,9.875179
1755406710721,0.301496,-0.019741,9.877572
1755406710723,0.287139,-0.019741,9.894321
1755406710726,0.315853,-0.005384,9.925428
1755406710728,0.282353,-0.036491,9.875179
1755406710731,0.272782,-0.019741,9.920643
1755406710733,0.311067,0.054437,9.9015
1755406710735,0.248854,-0.012562,9.868001
1755406710737,0.258425,-0.091525,9.702896
1755406710741,0.253639,-0.120239,10.026226
1755406710744,0.33021,0.044865,9.743574
1755406710746,0.272782,0.04008,10.047761
1755406710747,0.294317,-0.022134,9.822537
1755406710750,0.246461,-0.055633,9.947263
1755406710752,0.275175,-0.024526,9.781859
1755406710754,0.275175,-0.06999,9.949656
1755406710757,0.349352,-0.005384,9.868001
1755406710759,0.287139,-0.036491,9.827323
1755406710762,0.267996,-0.048455,9.906285
1755406710764,0.327817,-0.010169,9.906285
1755406710766,0.253639,-0.022134,9.908679
1755406710769,0.263211,0.018544,9.872787
1755406710773,0.315853,-0.034098,9.911072
1755406710774,0.311067,-0.002991,9.846465
1755406710776,0.263211,-0.010169,9.891929
1755406710778,0.260818,-0.041276,9.923036
1755406710781,0.337388,-0.019741,9.827323
1755406710783,0.284746,-0.029312,9.961619
1755406710786,0.260818,-0.034098,9.803394
1755406710788,0.282353,-0.038883,9.911072
1755406710791,0.277567,-0.050847,9.915857
1755406710794,0.287139,-0.000598,9.856036
1755406710796,0.325424,-0.017348,9.894321
1755406710798,0.267996,-0.017348,9.844072
1755406710800,0.291924,-0.060419,9.858429
1755406710803,0.251246,0.032901,9.887143
1755406710807,0.282353,0.008973,9.97837
1755406710808,0.306281,0.001795,9.769895
1755406710811,0.282353,-0.089133,9.877572
1755406710816,0.325424,-0.038883,9.927821
1755406710817,0.287139,0.020937,9.877572
1755406710818,0.284746,0.00658,9.82493
1755406710819,0.323031,-0.089133,9.872787
1755406710821,0.303888,-0.038883,9.860822
1755406710824,0.299103,0.004187,9.820144
1755406710827,0.272782,-0.036491,9.997512
1755406710829,0.325424,0.004187,9.834501
1755406710831,0.22014,0.013759,9.999905
1755406710834,0.332602,-0.034098,9.767502
1755406710836,0.327817,-0.072383,9.923036
1755406710838,0.287139,-0.002991,9.944571
1755406710841,0.239282,0.032901,9.856036
1755406710845,0.27996,-0.019741,9.980762
1755406710846,0.315853,-0.031705,9.781859
1755406710848,0.256032,-0.065204,9.899107
1755406710851,0.275175,0.061615,9.870394
1755406710853,0.287139,-0.007777,9.82493
1755406710855,0.246461,-0.007777,9.879965
1755406710857,0.31346,-0.031705,9.786645
1755406710860,0.227318,-0.029312,9.899107
1755406710862,0.265603,-0.005384,9.853643
1755406710864,0.239282,0.008973,9.762716
1755406710867,0.263211,-0.017348,9.815358
1755406710869,0.210568,-0.002991,9.731609
1755406710872,0.258425,-0.010169,9.834501
1755406710874,0.294317,-0.029312,9.903893
1755406710877,0.287139,0.004187,9.755538
1755406710880,0.244068,-0.036491,9.757931
1755406710882,0.308674,-0.043669,9.877572
1755406710884,0.246461,0.032901,9.765109
1755406710886,0.275175,-0.022134,9.932607
1755406710888,0.308674,0.00658,9.760324
1755406710891,0.33021,-0.012562,9.975977
1755406710894,0.20339,0.028116,9.738789
1755406710896,0.334995,-0.022134,9.937392
1755406710898,0.332602,-0.010169,9.932607
1755406710900,0.241675,0.016152,9.659825
1755406710903,0.256032,-0.022134,9.927821
1755406710905,0.260818,0.011366,9.722038
1755406710908,0.306281,-0.055633,9.848858
1755406710910,0.244068,0.001795,9.753145
1755406710913,0.275175,0.001795,9.801002
1755406710916,0.325424,-0.048455,9.939785
1755406710917,0.392423,-0.089133,9.920643
1755406710920,0.291924,-0.000598,9.915857
1755406710922,0.349352,-0.026919,9.971191
1755406710925,0.282353,0.037687,9.975977
1755406710927,0.258425,0.004187,9.80818
1755406710929,0.215354,0.016152,9.834501
1755406710932,0.327817,-0.017348,9.803394
1755406710935,0.308674,-0.065204,9.964012
1755406710937,0.253639,0.016152,9.934999
1755406710939,0.358923,-0.031705,10.021441
1755406710941,0.323031,-0.026919,9.980762
1755406710944,0.308674,-0.060419,9.834501
1755406710947,0.311067,-0.036491,9.915857
1755406710948,0.289532,-0.026919,9.805787
1755406710951,0.306281,0.004187,9.959227
1755406710954,0.303888,-0.036491,9.834501
1755406710956,0.287139,-0.019741,9.894321
1755406710958,0.289532,-0.034098,9.887143
1755406710960,0.239282,-0.024526,9.887143
1755406710964,0.27996,-0.005384,9.860822
1755406710966,0.29671,-0.024526,9.891929
1755406710968,0.284746,-0.050847,9.88475
1755406710970,0.301496,-0.034098,9.848858
1755406710972,0.275175,-0.010169,9.913465
1755406710975,0.263211,-0.041276,9.875179
1755406710977,0.275175,-0.029312,9.875179
1755406710981,0.315853,0.001795,9.877572
1755406710982,0.282353,-0.000598,9.879965
1755406710984,0.318245,-0.010169,9.865608
1755406710987,0.277567,-0.022134,9.891929
1755406710989,0.265603,-0.005384,9.834501
1755406710992,0.299103,-0.055633,9.954441
1755406710994,0.284746,-0.038883,9.891929
1755406710998,0.323031,-0.017348,9.891929
1755406711000,0.256032,-0.012562,9.894321
1755406711001,0.284746,-0.041276,9.872787
1755406711004,0.284746,-0.026919,9.894321
1755406711006,0.287139,-0.034098,9.9015
1755406711009,0.315853,-0.026919,9.848858
1755406711011,0.282353,-0.012562,9.966406
1755406711013,0.306281,-0.010169,9.877572
1755406711017,0.236889,-0.002991,9.923036
1755406711019,0.299103,-0.077169,9.798609
1755406711021,0.270389,-0.041276,9.942178
1755406711023,0.33021,0.018544,9.891929
1755406711025,0.244068,-0.005384,9.879965
1755406711027,0.289532,-0.060419,9.810573
1755406711032,0.263211,-0.05324,9.937392
1755406711033,0.33021,-0.010169,9.820144
1755406711035,0.241675,-0.002991,9.932607
1755406711038,0.282353,-0.084347,9.851251
1755406711040,0.277567,-0.038883,9.894321
1755406711043,0.299103,0.020937,9.817751
1755406711045,0.267996,0.00658,9.889536
1755406711047,0.289532,-0.036491,9.956834
1755406711050,0.303888,0.00658,9.872787
1755406711051,0.258425,0.018544,9.947263
1755406711054,0.289532,-0.022134,9.815358
1755406711058,0.270389,-0.043669,9.997512
1755406711059,0.306281,0.05683,9.789038
1755406711061,0.246461,-0.046062,9.932607
1755406711063,0.311067,-0.050847,9.829716
1755406711066,0.263211,-0.000598,10.014262
1755406711068,0.315853,0.035294,9.741181
1755406711071,0.224925,-0.046062,9.983155
1755406711073,0.323031,-0.067597,9.801002
1755406711075,0.22014,0.030508,10.002297
1755406711078,0.320638,-0.007777,9.710074
1755406711080,0.289532,-0.089133,9.992726
1755406711083,0.356531,-0.019741,9.803394
1755406711085,0.215354,0.052044,9.939785
1755406711088,0.351745,-0.014955,9.734002
1755406711090,0.267996,-0.096311,9.973584
1755406711093,0.344566,-0.007777,9.851251
1755406711095,0.258425,0.083151,9.903893
1755406711097,0.306281,-0.034098,9.801002
1755406711100,0.258425,-0.093918,9.927821
1755406711102,0.282353,0.001795,9.906285
1755406711104,0.258425,0.04008,9.798609
1755406711107,0.277567,-0.125025,9.952048
1755406711109,0.320638,-0.026919,9.872787
1755406711111,0.260818,0.020937,9.88475
1755406711114,0.224925,-0.000598,9.934999
1755406711117,0.354138,-0.048455,9.760324
1755406711119,0.244068,-0.101097,10.014262
1755406711121,0.303888,0.042473,9.832108
1755406711123,0.263211,0.00658,9.937392
1755406711126,0.265603,-0.038883,9.82493
1755406711128,0.294317,-0.093918,9.839287
1755406711131,0.27996,0.013759,10.002297
1755406711134,0.291924,0.052044,9.765109
1755406711135,0.256032,-0.074776,9.939785
1755406711138,0.306281,-0.031705,9.870394
1755406711140,0.282353,-0.017348,9.827323
1755406711142,0.311067,-0.010169,9.949656
1755406711145,0.382852,0.008973,9.851251
1755406711148,0.260818,-0.010169,9.908679
1755406711151,0.299103,-0.043669,9.817751
1755406711153,0.306281,-0.036491,9.894321
1755406711156,0.239282,-0.010169,9.911072
1755406711158,0.289532,-0.000598,9.848858
1755406711160,0.303888,-0.026919,9.947263
1755406711162,0.289532,-0.019741,9.875179
1755406711164,0.272782,-0.012562,9.829716
1755406711168,0.246461,-0.029312,9.939785
1755406711169,0.327817,-0.019741,9.930214
1755406711171,0.234497,0.016152,9.947263
1755406711174,0.31346,-0.010169,9.889536
1755406711176,0.234497,-0.026919,9.820144
1755406711179,0.334995,-0.017348,9.91825
1755406711181,0.284746,-0.031705,9.858429
1755406711183,0.299103,-0.022134,9.879965
1755406711186,0.275175,-0.000598,9.812965
1755406711188,0.275175,-0.012562,9.942178
1755406711190,0.339781,-0.05324,10.021441
1755406711193,0.248854,-0.005384,9.875179
1755406711195,0.308674,-0.036491,9.954441
1755406711197,0.349352,-0.046062,9.925428
1755406711200,0.251246,-0.034098,9.949656
1755406711203,0.232104,0.025723,9.906285
1755406711205,0.277567,0.008973,9.879965
1755406711207,0.294317,-0.000598,9.860822
1755406711209,0.291924,-0.026919,9.906285
1755406711212,0.241675,-0.014955,9.846465
1755406711214,0.284746,-0.046062,9.903893
1755406711217,0.272782,-0.007777,9.875179
1755406711220,0.311067,-0.002991,9.877572
1755406711222,0.29671,-0.029312,9.930214
1755406711224,0.301496,-0.043669,9.887143
1755406711226,0.275175,-0.031705,9.882358
1755406711229,0.327817,-0.017348,9.851251
1755406711231,0.31346,-0.043669,9.894321
1755406711234,0.303888,-0.029312,9.887143
1755406711236,0.306281,0.008973,9.860822
1755406711239,0.31346,-0.034098,9.870394
1755406711241,0.270389,-0.036491,9.894321
1755406711243,0.29671,-0.024526,9.860822
1755406711246,0.251246,-0.002991,9.834501
1755406711248,0.265603,-0.026919,9.803394
1755406711250,0.318245,-0.019741,9.903893
1755406711253,0.303888,-0.024526,9.899107
1755406711255,0.239282,0.001795,9.88475
1755406711258,0.272782,-0.024526,9.882358
1755406711263,0.282353,-0.000598,9.889536
1755406711264,0.308674,-0.034098,9.956834
1755406711266,0.315853,0.016152,9.915857
1755406711268,0.287139,-0.067597,9.894321
1755406711271,0.27996,-0.014955,9.836894
1755406711272,0.258425,-0.022134,9.810573
1755406711276,0.301496,-0.041276,9.870394
1755406711277,0.270389,-0.017348,9.848858
1755406711279,0.299103,-0.041276,9.88475
1755406711281,0.315853,-0.026919,9.882358
1755406711284,0.327817,-0.010169,9.879965
1755406711287,0.275175,-0.031705,9.891929
1755406711289,0.323031,-0.062812,9.769895
1755406711291,0.294317,-0.036491,10.095618
1755406711293,0.354138,0.064008,9.868001
1755406711296,0.236889,0.044865,9.894321
1755406711298,0.284746,-0.110668,9.755538
1755406711301,0.301496,-0.084347,9.913465
1755406711304,0.342174,0.028116,9.779466
1755406711306,0.215354,0.037687,10.059726
1755406711308,0.37328,0.047258,9.781859
1755406711310,0.217747,-0.081954,9.990334
1755406711313,0.289532,-0.010169,9.848858
1755406711315,0.318245,-0.058026,9.753145
1755406711317,0.241675,-0.058026,9.903893
1755406711320,0.339781,-0.034098,9.755538
1755406711323,0.200997,-0.058026,10.021441
1755406711325,0.342174,0.042473,9.789038
1755406711327,0.256032,-0.010169,10.083653
1755406711329,0.291924,0.013759,9.777073
1755406711332,0.275175,-0.081954,9.82493
1755406711334,0.253639,-0.029312,9.839287
1755406711337,0.287139,-0.041276,9.875179
1755406711341,0.275175,0.032901,9.987941
1755406711343,0.318245,0.028116,9.769895
1755406711344,0.229711,-0.060419,9.899107
1755406711346,0.327817,-0.065204,9.784252
1755406711349,0.188734,-0.029312,10.090832
1755406711351,0.342174,0.00658,9.707682
1755406711355,0.205783,-0.079561,10.059726
1755406711359,0.366102,-0.007777,9.693324
1755406711360,0.210568,-0.115454,9.959227
1755406711361,0.318245,-0.010169,9.779466
1755406711364,0.29671,-0.041276,9.949656
1755406711365,0.294317,-0.005384,9.84168
1755406711368,0.323031,-0.055633,9.9015
1755406711370,0.229711,-0.041276,9.891929
1755406711373,0.323031,-0.017348,9.784252
1755406711375,0.244068,0.016152,10.057333
1755406711377,0.368495,0.013759,9.688539
1755406711380,0.20339,-0.060419,10.105189
1755406711382,0.370888,-0.000598,9.657433
1755406711384,0.20339,-0.046062,10.066904
1755406711387,0.375673,0.047258,9.757931
1755406711391,0.246461,-0.005384,10.021441
1755406711392,0.318245,-0.002991,9.784252
1755406711394,0.284746,-0.065204,9.937392
1755406711397,0.289532,0.008973,9.844072
1755406711399,0.308674,-0.046062,9.932607
1755406711401,0.260818,0.018544,9.863214
1755406711404,0.291924,-0.093918,9.868001
1755406711406,0.265603,-0.012562,9.911072
1755406711408,0.342174,-0.022134,9.810573
1755406711411,0.232104,0.025723,10.026226
1755406711413,0.368495,0.018544,9.657433
1755406711416,0.150449,-0.072383,10.112368
1755406711418,0.387637,-0.017348,9.611969
1755406711420,0.174377,-0.038883,10.169795
1755406711423,0.354138,0.044865,9.616755
1755406711425,0.181555,-0.067597,10.138689
1755406711428,0.385244,0.00658,9.626326
1755406711430,0.208176,-0.062812,10.078868
1755406711432,0.327817,0.054437,9.738789
1755406711435,0.258425,-0.062812,10.040583
1755406711438,0.294317,0.013759,9.707682
1755406711441,0.270389,-0.08674,9.983155
1755406711443,0.27996,0.016152,9.865608
1755406711444,0.27996,-0.034098,9.973584
1755406711447,0.258425,-0.005384,9.79143
1755406711449,0.303888,-0.06999,9.839287
1755406711451,0.277567,0.018544,9.860822
1755406711454,0.320638,-0.017348,9.836894
1755406711457,0.22014,-0.002991,9.877572
1755406711459,0.31346,-0.041276,9.915857
1755406711461,0.246461,0.016152,9.84168
1755406711464,0.29671,-0.046062,9.82493
1755406711467,0.287139,-0.029312,9.930214
1755406711468,0.31346,0.016152,9.961619
1755406711471,0.267996,-0.010169,9.781859
1755406711474,0.287139,-0.029312,9.971191
1755406711476,0.263211,-0.014955,9.717253
1755406711478,0.253639,0.018544,9.954441
1755406711481,0.270389,-0.043669,9.930214
1755406711483,0.31346,-0.019741,9.906285
1755406711485,0.29671,-0.014955,9.863214
1755406711488,0.263211,-0.014955,9.844072
1755406711491,0.267996,-0.058026,9.889536
1755406711494,0.311067,0.004187,9.851251
1755406711495,0.263211,-0.024526,9.906285
1755406711497,0.265603,0.004187,9.875179
1755406711499,0.275175,-0.014955,9.913465
1755406711502,0.287139,-0.019741,9.834501
1755406711505,0.265603,-0.010169,9.983155
1755406711508,0.301496,-0.026919,9.836894
1755406711510,0.263211,-0.048455,9.853643
1755406711512,0.291924,-0.005384,9.91825
1755406711514,0.260818,0.013759,9.88475
1755406711516,0.291924,-0.048455,9.84168
1755406711519,0.318245,-0.046062,9.942178
1755406711521,0.320638,0.016152,9.913465
1755406711524,0.282353,0.011366,9.836894
1755406711527,0.284746,-0.041276,9.896714
1755406711528,0.301496,-0.029312,9.891929
1755406711531,0.284746,-0.034098,9.815358
1755406711533,0.270389,-0.010169,9.97837
1755406711535,0.275175,-0.014955,9.894321
1755406711538,0.272782,-0.010169,9.877572
1755406711542,0.258425,-0.034098,9.913465
1755406711544,0.260818,0.001795,9.856036
1755406711546,0.301496,-0.031705,9.896714
1755406711547,0.308674,-0.034098,9.903893
1755406711550,0.294317,-0.002991,9.856036
1755406711552,0.306281,-0.014955,9.88475
1755406711555,0.272782,-0.031705,9.846465
1755406711559,0.303888,-0.002991,9.968799
1755406711562,0.253639,-0.034098,9.872787
1755406711563,0.306281,-0.031705,9.896714
1755406711565,0.27996,-0.031705,9.848858
1755406711567,0.270389,-0.014955,9.868001
1755406711569,0.291924,0.013759,9.879965
1755406711571,0.263211,-0.017348,9.91825
1755406711574,0.31346,-0.007777,9.91825
1755406711577,0.284746,-0.024526,9.868001
1755406711579,0.251246,-0.036491,9.839287
1755406711581,0.294317,-0.031705,9.903893
1755406711583,0.303888,-0.014955,9.896714
1755406711586,0.270389,-0.046062,9.868001
1755406711588,0.306281,-0.007777,9.911072
1755406711591,0.258425,-0.012562,9.896714
1755406711593,0.311067,0.008973,9.891929
1755406711597,0.27996,-0.022134,9.889536
1755406711598,0.275175,-0.005384,9.856036
1755406711600,0.272782,-0.017348,9.896714
1755406711603,0.27996,-0.034098,9.891929
1755406711605,0.265603,-0.019741,9.891929
1755406711608,0.284746,0.00658,9.870394
1755406711611,0.289532,0.001795,9.863214
1755406711613,0.287139,-0.005384,9.882358
1755406711614,0.311067,-0.000598,9.879965
1755406711617,0.253639,-0.000598,9.882358
1755406711619,0.301496,-0.014955,9.868001
1755406711622,0.260818,-0.012562,9.923036
1755406711624,0.299103,-0.012562,9.875179
1755406711627,0.323031,-0.036491,9.872787
1755406711629,0.27996,-0.024526,9.887143
1755406711631,0.294317,-0.024526,9.896714
1755406711634,0.282353,0.001795,9.872787
1755406711636,0.282353,-0.019741,9.899107
1755406711639,0.289532,-0.014955,9.906285
1755406711641,0.306281,-0.002991,9.872787
1755406711644,0.265603,-0.024526,9.9015
1755406711646,0.287139,-0.043669,9.887143
1755406711648,0.263211,-0.017348,9.887143
1755406711651,0.306281,-0.019741,9.899107
1755406711653,0.260818,-0.010169,9.896714
1755406711655,0.318245,0.001795,9.877572
1755406711658,0.282353,-0.036491,9.891929
1755406711661,0.270389,-0.036491,9.875179
1755406711663,0.267996,-0.019741,9.887143
1755406711665,0.275175,-0.014955,9.887143
1755406711668,0.287139,-0.017348,9.875179
1755406711671,0.291924,-0.024526,9.872787
1755406711673,0.277567,0.004187,9.872787
1755406711675,0.270389,-0.012562,9.894321
1755406711678,0.27996,-0.029312,9.879965
1755406711680,0.287139,-0.031705,9.875179
1755406711682,0.291924,-0.022134,9.863214
1755406711684,0.291924,-0.010169,9.875179
1755406711686,0.289532,-0.026919,9.875179
1755406711689,0.318245,0.00658,9.868001
1755406711692,0.282353,-0.017348,9.889536
1755406711695,0.275175,-0.014955,9.851251
1755406711697,0.284746,-0.022134,9.887143
1755406711698,0.263211,-0.007777,9.868001
1755406711701,0.267996,0.011366,9.899107
1755406711703,0.277567,-0.043669,9.882358
1755406711706,0.287139,-0.031705,9.875179
1755406711709,0.284746,-0.031705,9.908679
1755406711711,0.320638,0.011366,9.889536
1755406711715,0.284746,-0.046062,9.903893
1755406711716,0.287139,-0.029312,9.872787
1755406711717,0.311067,-0.019741,9.879965
1755406711720,0.294317,-0.017348,9.860822
1755406711722,0.27996,-0.026919,9.875179
1755406711725,0.291924,-0.022134,9.899107
1755406711727,0.270389,-0.005384,9.889536
1755406711730,0.284746,-0.017348,9.889536
1755406711732,0.248854,-0.007777,9.896714
1755406711734,0.282353,-0.038883,9.889536
1755406711737,0.289532,-0.038883,9.882358
1755406711739,0.267996,0.004187,9.896714
1755406711742,0.318245,-0.012562,9.858429
1755406711744,0.267996,-0.024526,9.896714
1755406711747,0.275175,-0.022134,9.870394
1755406711749,0.265603,-0.031705,9.875179
1755406711751,0.289532,-0.029312,9.868001
1755406711753,0.263211,0.001795,9.891929
1755406711756,0.303888,-0.005384,9.860822
1755406711758,0.284746,-0.046062,9.870394
1755406711761,0.275175,-0.036491,9.879965
1755406711763,0.282353,-0.022134,9.875179
1755406711765,0.277567,-0.005384,9.889536
1755406711768,0.270389,-0.002991,9.872787
1755406711771,0.282353,-0.005384,9.906285
1755406711773,0.291924,-0.05324,9.896714
1755406711775,0.27996,-0.031705,9.896714
1755406711777,0.282353,-0.041276,9.887143
1755406711780,0.270389,-0.022134,9.882358
1755406711783,0.284746,-0.019741,9.9015
1755406711785,0.275175,-0.019741,9.891929
1755406711787,0.289532,-0.000598,9.882358
1755406711791,0.258425,-0.007777,9.877572
1755406711792,0.272782,-0.029312,9.860822
1755406711795,0.263211,-0.022134,9.906285
1755406711798,0.289532,-0.022134,9.894321
1755406711800,0.291924,-0.034098,9.9015
1755406711802,0.299103,-0.029312,9.875179
1755406711804,0.303888,-0.024526,9.899107
1755406711807,0.265603,-0.017348,9.915857
1755406711809,0.299103,-0.010169,9.875179
1755406711811,0.284746,-0.019741,9.894321
1755406711814,0.256032,0.004187,9.875179
1755406711817,0.287139,-0.034098,9.863214
1755406711819,0.294317,-0.022134,9.889536
1755406711821,0.284746,-0.038883,9.906285
1755406711823,0.294317,-0.017348,9.88475
1755406711825,0.282353,-0.014955,9.88475
1755406711828,0.294317,0.008973,9.889536
1755406711831,0.275175,0.004187,9.875179
1755406711833,0.272782,-0.012562,9.875179
1755406711835,0.272782,-0.038883,9.877572
1755406711837,0.277567,-0.034098,9.887143
1755406711840,0.301496,-0.029312,9.877572
1755406711843,0.289532,-0.041276,9.882358
1755406711844,0.325424,-0.031705,9.877572
1755406711847,0.299103,-0.058026,9.872787
1755406711849,0.308674,-0.041276,9.853643
1755406711852,0.303888,-0.014955,9.88475
1755406711854,0.294317,-0.026919,9.9015
1755406711857,0.287139,-0.038883,9.887143
1755406711859,0.291924,-0.024526,9.887143
1755406711862,0.299103,-0.029312,9.877572
1755406711864,0.282353,-0.022134,9.9015
1755406711866,0.29671,-0.031705,9.868001
1755406711868,0.303888,-0.014955,9.882358
1755406711871,0.287139,-0.034098,9.88475
1755406711874,0.303888,-0.031705,9.863214
1755406711877,0.299103,-0.002991,9.877572
1755406711878,0.294317,-0.029312,9.88475
