1755406532676,0.289532,-0.024526,9.868001
1755406532678,0.260818,-0.026919,9.894321
1755406532679,0.294317,-0.029312,9.877572
1755406532680,0.284746,-0.041276,9.872787
1755406532680,0.27996,-0.005384,9.899107
1755406532681,0.294317,-0.036491,9.891929
1755406532682,0.272782,-0.012562,9.870394
1755406532683,0.299103,-0.046062,9.906285
1755406532683,0.29671,-0.014955,9.894321
1755406532684,0.265603,-0.046062,9.872787
1755406532685,0.256032,-0.024526,9.887143
1755406532686,0.291924,-0.002991,9.88475
1755406532686,0.294317,-0.034098,9.894321
1755406532687,0.320638,-0.043669,9.870394
1755406532688,0.308674,-0.022134,9.894321
1755406532689,0.289532,-0.019741,9.899107
1755406532689,0.284746,-0.029312,9.879965
1755406532690,0.289532,-0.019741,9.853643
1755406532691,0.306281,0.00658,9.875179
1755406532692,0.256032,-0.002991,9.870394
1755406532692,0.284746,-0.007777,9.891929
1755406532693,0.287139,-0.043669,9.860822
1755406532694,0.248854,-0.017348,9.872787
1755406532694,0.291924,-0.034098,9.887143
1755406532695,0.299103,-0.019741,9.872787
1755406532695,0.272782,-0.026919,9.913465
1755406532696,0.299103,-0.024526,9.889536
1755406532696,0.294317,-0.022134,9.872787
1755406532696,0.272782,0.008973,9.879965
1755406532697,0.299103,-0.019741,9.868001
1755406532697,0.284746,-0.024526,9.877572
1755406532697,0.282353,-0.019741,9.88475
1755406532698,0.275175,-0.043669,9.875179
1755406532698,0.31346,-0.043669,9.889536
1755406532698,0.272782,-0.046062,9.889536
1755406532699,0.265603,-0.026919,9.889536
1755406532699,0.27996,-0.026919,9.908679
1755406532699,0.270389,-0.012562,9.899107
1755406532700,0.253639,-0.022134,9.879965
1755406532700,0.291924,0.013759,9.891929
1755406532700,0.323031,0.001795,9.889536
1755406532701,0.291924,-0.017348,9.875179
1755406532701,0.277567,-0.019741,9.875179
1755406532701,0.272782,-0.007777,9.882358
1755406532702,0.291924,-0.012562,9.894321
1755406532704,0.301496,-0.050847,9.879965
1755406532705,0.291924,-0.024526,9.879965
1755406532708,0.253639,-0.012562,9.875179
1755406532710,0.270389,-0.005384,9.894321
1755406532714,0.256032,0.011366,9.88475
1755406532714,0.275175,-0.048455,9.899107
1755406532717,0.282353,-0.029312,9.882358
1755406532719,0.270389,-0.022134,9.903893
1755406532721,0.275175,-0.017348,9.9015
1755406532724,0.265603,0.001795,9.899107
1755406532727,0.287139,0.00658,9.891929
1755406532729,0.308674,-0.005384,9.889536
1755406532731,0.315853,-0.014955,9.858429
1755406532734,0.27996,0.008973,9.865608
1755406532736,0.323031,-0.024526,9.88475
1755406532738,0.277567,-0.014955,9.875179
1755406532741,0.318245,-0.022134,9.887143
1755406532744,0.27996,-0.026919,9.894321
1755406532746,0.291924,-0.014955,9.88475
1755406532748,0.29671,-0.014955,9.894321
1755406532750,0.289532,-0.029312,9.88475
1755406532753,0.289532,-0.026919,9.889536
1755406532755,0.270389,-0.031705,9.882358
1755406532757,0.253639,-0.005384,9.882358
1755406532761,0.299103,-0.010169,9.887143
1755406532763,0.270389,-0.036491,9.913465
1755406532766,0.291924,-0.022134,9.903893
1755406532768,0.287139,-0.019741,9.88475
1755406532769,0.291924,-0.000598,9.882358
1755406532772,0.27996,-0.026919,9.872787
1755406532774,0.258425,-0.036491,9.868001
1755406532777,0.256032,-0.017348,9.88475
1755406532779,0.260818,-0.010169,9.863214
1755406532781,0.289532,-0.026919,9.870394
1755406532784,0.27996,-0.043669,9.868001
1755406532786,0.27996,-0.005384,9.891929
1755406532788,0.291924,-0.002991,9.882358
1755406532791,0.289532,-0.026919,9.889536
1755406532793,0.308674,-0.046062,9.863214
1755406532796,0.277567,-0.034098,9.863214
1755406532798,0.303888,-0.055633,9.879965
1755406532800,0.315853,-0.005384,9.9015
1755406532803,0.291924,0.02333,9.887143
1755406532806,0.287139,-0.019741,9.865608
1755406532808,0.267996,-0.005384,9.88475
1755406532810,0.303888,-0.024526,9.875179
1755406532817,0.291924,-0.007777,9.88475
1755406532819,0.33021,-0.034098,9.88475
1755406532820,0.27996,-0.022134,9.887143
1755406532820,0.256032,-0.038883,9.903893
1755406532822,0.284746,-0.034098,9.891929
1755406532824,0.284746,-0.005384,9.88475
1755406532827,0.277567,-0.031705,9.887143
1755406532830,0.291924,-0.019741,9.877572
1755406532832,0.27996,-0.024526,9.872787
1755406532834,0.27996,-0.041276,9.879965
1755406532836,0.270389,-0.019741,9.906285
1755406532839,0.284746,-0.024526,9.889536
1755406532841,0.277567,-0.041276,9.88475
1755406532844,0.301496,-0.024526,9.88475
1755406532847,0.31346,-0.019741,9.882358
1755406532848,0.327817,-0.014955,9.872787
1755406532851,0.303888,-0.034098,9.9015
1755406532853,0.299103,-0.041276,9.891929
1755406532855,0.272782,-0.029312,9.882358
1755406532858,0.282353,-0.007777,9.875179
1755406532860,0.260818,0.001795,9.891929
1755406532863,0.260818,-0.026919,9.896714
1755406532865,0.29671,-0.026919,9.9015
1755406532867,0.27996,-0.010169,9.887143
1755406532870,0.308674,-0.002991,9.875179
1755406532872,0.294317,-0.012562,9.891929
1755406532875,0.267996,-0.010169,9.894321
1755406532877,0.282353,-0.031705,9.877572
1755406532880,0.267996,-0.038883,9.887143
1755406532882,0.236889,-0.034098,9.877572
1755406532884,0.267996,-0.019741,9.891929
1755406532888,0.272782,-0.007777,9.870394
1755406532889,0.27996,-0.019741,9.865608
1755406532891,0.301496,-0.014955,9.891929
1755406532894,0.260818,0.001795,9.88475
1755406532897,0.320638,0.00658,9.882358
1755406532899,0.27996,0.004187,9.903893
1755406532901,0.303888,-0.014955,9.877572
1755406532903,0.282353,-0.019741,9.863214
1755406532906,0.287139,-0.012562,9.894321
1755406532908,0.275175,-0.048455,9.88475
1755406532911,0.267996,-0.043669,9.887143
1755406532914,0.308674,-0.017348,9.9015
1755406532917,0.270389,-0.026919,9.91825
1755406532918,0.27996,-0.005384,9.879965
1755406532920,0.301496,-0.014955,9.879965
1755406532922,0.306281,-0.019741,9.88475
1755406532925,0.277567,-0.036491,9.865608
1755406532928,0.284746,-0.024526,9.903893
1755406532930,0.294317,-0.017348,9.894321
1755406532934,0.299103,-0.038883,9.865608
1755406532935,0.289532,-0.043669,9.903893
1755406532937,0.277567,-0.022134,9.877572
1755406532939,0.275175,-0.012562,9.865608
1755406532942,0.282353,-0.034098,9.872787
1755406532944,0.248854,-0.024526,9.894321
1755406532948,0.263211,-0.017348,9.889536
1755406532949,0.27996,-0.007777,9.882358
1755406532951,0.263211,-0.050847,9.877572
1755406532954,0.260818,-0.012562,9.875179
1755406532956,0.301496,0.004187,9.9015
1755406532959,0.291924,-0.034098,9.863214
1755406532961,0.258425,-0.022134,9.887143
1755406532965,0.303888,-0.000598,9.875179
1755406532966,0.29671,-0.010169,9.889536
1755406532969,0.315853,-0.007777,9.879965
1755406532970,0.284746,-0.007777,9.88475
1755406532973,0.287139,-0.026919,9.860822
1755406532975,0.306281,-0.007777,9.879965
1755406532978,0.294317,-0.019741,9.891929
1755406532982,0.287139,-0.026919,9.891929
1755406532984,0.275175,-0.029312,9.879965
1755406532985,0.284746,-0.043669,9.887143
1755406532987,0.315853,-0.048455,9.858429
1755406532991,0.287139,-0.022134,9.88475
1755406532992,0.299103,-0.036491,9.887143
1755406532995,0.267996,-0.010169,9.906285
1755406532999,0.294317,-0.024526,9.882358
1755406533000,0.267996,-0.038883,9.882358
1755406533002,0.282353,-0.022134,9.877572
1755406533004,0.291924,-0.029312,9.882358
1755406533006,0.303888,-0.031705,9.879965
1755406533009,0.260818,-0.055633,9.899107
1755406533011,0.27996,-0.058026,9.877572
1755406533014,0.260818,-0.022134,9.891929
1755406533017,0.265603,-0.019741,9.887143
1755406533019,0.256032,-0.031705,9.882358
1755406533021,0.299103,-0.022134,9.868001
1755406533023,0.260818,-0.031705,9.865608
1755406533026,0.29671,-0.017348,9.879965
1755406533028,0.303888,-0.034098,9.882358
1755406533031,0.301496,-0.014955,9.877572
1755406533033,0.301496,-0.031705,9.896714
1755406533035,0.270389,-0.024526,9.882358
1755406533038,0.239282,-0.024526,9.889536
1755406533040,0.265603,-0.010169,9.872787
1755406533042,0.29671,-0.043669,9.872787
1755406533045,0.260818,-0.019741,9.872787
1755406533047,0.284746,-0.031705,9.863214
1755406533050,0.29671,-0.014955,9.882358
1755406533052,0.272782,-0.000598,9.9015
1755406533055,0.282353,-0.017348,9.915857
1755406533057,0.318245,-0.014955,9.906285
1755406533059,0.260818,-0.005384,9.891929
1755406533061,0.291924,-0.026919,9.908679
1755406533064,0.294317,-0.038883,9.894321
1755406533067,0.282353,-0.022134,9.875179
1755406533069,0.291924,-0.024526,9.877572
1755406533071,0.289532,-0.022134,9.887143
1755406533074,0.318245,0.001795,9.860822
1755406533076,0.270389,-0.000598,9.889536
1755406533078,0.303888,-0.010169,9.915857
1755406533081,0.294317,-0.010169,9.903893
1755406533084,0.289532,-0.007777,9.891929
1755406533086,0.320638,-0.010169,9.877572
1755406533088,0.303888,0.00658,9.896714
1755406533094,0.323031,-0.031705,9.88475
1755406533096,0.294317,-0.046062,9.88475
1755406533097,0.282353,-0.036491,9.894321
1755406533099,0.277567,-0.050847,9.88475
1755406533101,0.263211,-0.031705,9.896714
1755406533103,0.246461,-0.007777,9.894321
1755406533107,0.267996,-0.031705,9.88475
1755406533108,0.256032,-0.029312,9.882358
1755406533110,0.27996,-0.024526,9.875179
1755406533112,0.284746,-0.002991,9.9015
1755406533114,0.287139,0.001795,9.872787
1755406533118,0.303888,-0.031705,9.846465
1755406533119,0.263211,-0.038883,9.879965
1755406533122,0.289532,-0.024526,9.875179
1755406533124,0.294317,-0.019741,9.889536
1755406533126,0.294317,-0.007777,9.891929
1755406533129,0.303888,-0.019741,9.870394
1755406533132,0.291924,-0.041276,9.875179
1755406533135,0.277567,-0.046062,9.887143
1755406533136,0.303888,0.004187,9.872787
1755406533138,0.275175,-0.022134,9.870394
1755406533141,0.282353,-0.010169,9.88475
1755406533143,0.311067,-0.000598,9.877572
1755406533145,0.251246,-0.034098,9.887143
1755406533148,0.263211,-0.010169,9.891929
1755406533150,0.299103,-0.026919,9.868001
1755406533155,0.299103,-0.026919,9.877572
1755406533156,0.27996,-0.002991,9.930214
1755406533157,0.232104,-0.000598,9.803394
1755406533160,0.265603,-0.029312,9.839287
1755406533162,0.265603,-0.014955,9.868001
1755406533165,0.303888,-0.019741,9.882358
1755406533167,0.260818,-0.029312,9.887143
1755406533170,0.256032,-0.024526,9.879965
1755406533172,0.256032,-0.05324,9.877572
1755406533174,0.287139,-0.010169,9.836894
1755406533177,0.27996,-0.024526,9.860822
1755406533179,0.303888,-0.005384,9.88475
1755406533182,0.275175,-0.024526,9.88475
1755406533184,0.260818,-0.022134,9.777073
1755406533186,0.29671,-0.017348,9.856036
1755406533189,0.287139,-0.012562,9.887143
1755406533191,0.270389,-0.05324,9.889536
1755406533194,0.29671,-0.026919,9.868001
1755406533196,0.289532,-0.007777,9.856036
1755406533198,0.29671,-0.029312,9.894321
1755406533200,0.267996,-0.05324,9.88475
1755406533203,0.248854,-0.022134,9.9015
1755406533205,0.265603,-0.017348,9.856036
1755406533208,0.27996,-0.019741,9.872787
1755406533210,0.306281,-0.036491,9.887143
1755406533213,0.260818,-0.024526,9.848858
1755406533215,0.29671,-0.010169,9.899107
1755406533217,0.282353,-0.002991,9.9015
1755406533220,0.287139,-0.031705,9.860822
1755406533222,0.267996,-0.010169,9.863214
1755406533225,0.236889,-0.000598,9.856036
1755406533227,0.275175,-0.031705,9.877572
1755406533229,0.29671,-0.005384,9.891929
1755406533232,0.289532,-0.017348,9.870394
1755406533234,0.256032,0.004187,9.9015
1755406533237,0.267996,0.008973,9.88475
1755406533239,0.29671,-0.014955,9.887143
1755406533242,0.275175,-0.036491,9.863214
1755406533244,0.289532,-0.002991,9.882358
1755406533246,0.29671,-0.007777,9.872787
1755406533249,0.29671,-0.026919,9.877572
1755406533251,0.303888,-0.014955,9.877572
1755406533254,0.287139,-0.024526,9.882358
1755406533258,0.260818,-0.019741,9.870394
1755406533259,0.294317,-0.012562,9.879965
1755406533260,0.289532,-0.007777,9.868001
1755406533263,0.282353,-0.029312,9.88475
1755406533266,0.294317,-0.031705,9.877572
1755406533268,0.318245,-0.029312,9.891929
1755406533271,0.287139,-0.029312,9.891929
1755406533273,0.303888,-0.029312,9.882358
1755406533275,0.27996,-0.005384,9.911072
1755406533277,0.318245,-0.026919,9.868001
1755406533280,0.289532,-0.007777,9.882358
1755406533282,0.289532,-0.019741,9.889536
1755406533284,0.289532,-0.026919,9.882358
1755406533288,0.258425,-0.041276,9.865608
1755406533290,0.291924,-0.014955,9.887143
1755406533292,0.272782,-0.022134,9.899107
1755406533295,0.263211,-0.002991,9.906285
1755406533297,0.29671,-0.034098,9.889536
1755406533299,0.294317,-0.019741,9.896714
1755406533301,0.27996,-0.010169,9.870394
1755406533305,0.272782,-0.041276,9.844072
1755406533307,0.311067,-0.012562,9.889536
1755406533308,0.284746,-0.000598,9.88475
1755406533311,0.306281,0.004187,9.889536
1755406533313,0.325424,-0.036491,9.891929
1755406533316,0.277567,-0.007777,9.887143
1755406533318,0.294317,-0.019741,9.896714
1755406533322,0.306281,-0.031705,9.877572
1755406533324,0.282353,-0.026919,9.887143
1755406533325,0.294317,-0.014955,9.889536
1755406533327,0.294317,-0.017348,9.88475
1755406533330,0.299103,-0.012562,9.868001
1755406533332,0.289532,-0.010169,9.865608
1755406533335,0.303888,-0.019741,9.868001
1755406533339,0.301496,-0.019741,9.863214
1755406533340,0.260818,-0.043669,9.887143
1755406533343,0.270389,-0.034098,9.877572
1755406533344,0.287139,-0.007777,9.879965
1755406533347,0.256032,-0.010169,9.894321
1755406533349,0.258425,-0.036491,9.882358
1755406533352,0.287139,-0.043669,9.868001
1755406533354,0.27996,-0.017348,9.879965
1755406533357,0.258425,-0.038883,9.865608
1755406533360,0.291924,0.001795,9.858429
1755406533361,0.299103,-0.029312,9.877572
1755406533363,0.294317,-0.043669,9.930214
1755406533366,0.306281,-0.014955,9.822537
1755406533368,0.232104,0.016152,9.97837
1755406533371,0.282353,-0.002991,9.68136
1755406533373,0.260818,-0.019741,10.033404
1755406533376,0.318245,0.004187,9.798609
1755406533378,0.282353,-0.024526,9.856036
1755406533380,0.308674,0.018544,9.894321
1755406533383,0.248854,-0.029312,9.915857
1755406533385,0.31346,0.00658,9.863214
1755406533387,0.29671,0.020937,10.076475
1755406533391,0.287139,0.032901,9.741181
1755406533392,0.267996,-0.050847,9.865608
1755406533395,0.301496,-0.036491,9.930214
1755406533398,0.27996,0.04008,9.913465
1755406533400,0.272782,0.008973,9.815358
1755406533402,0.287139,-0.014955,9.990334
1755406533404,0.275175,-0.038883,9.628718
1755406533408,0.210568,-0.055633,9.875179
1755406533410,0.29671,-0.002991,9.882358
1755406533412,0.258425,0.013759,9.923036
1755406533414,0.334995,-0.060419,9.769895
1755406533417,0.239282,-0.05324,9.906285
1755406533419,0.368495,0.001795,9.798609
1755406533421,0.20339,-0.036491,9.997512
1755406533424,0.445065,0.013759,9.906285
1755406533426,0.251246,-0.091525,9.88475
1755406533428,0.234497,-0.010169,9.930214
1755406533431,0.363709,0.016152,9.753145
1755406533433,0.167198,-0.062812,10.093225
1755406533435,0.392423,-0.012562,9.741181
1755406533438,0.256032,-0.043669,9.954441
1755406533441,0.301496,-0.024526,9.82493
1755406533443,0.253639,-0.017348,9.990334
1755406533445,0.351745,-0.014955,9.745967
1755406533447,0.186341,-0.029312,10.057333
1755406533450,0.378066,0.032901,9.688539
1755406533452,0.198604,-0.031705,10.119546
1755406533455,0.375673,0.011366,9.688539
1755406533457,0.20339,-0.043669,10.076475
1755406533460,0.363709,0.020937,9.683753
1755406533462,0.232104,-0.060419,10.019048
1755406533464,0.363709,-0.024526,9.745967
1755406533467,0.267996,-0.034098,9.968799
1755406533469,0.27996,-0.002991,9.815358
1755406533471,0.275175,-0.017348,9.875179
1755406533474,0.282353,-0.034098,9.927821
1755406533477,0.31346,-0.014955,9.80818
1755406533479,0.275175,-0.019741,9.939785
1755406533481,0.308674,0.025723,9.846465
1755406533483,0.27996,-0.05324,9.896714
1755406533486,0.325424,-0.038883,9.896714
1755406533488,0.303888,-0.010169,9.82493
1755406533492,0.251246,0.011366,9.915857
1755406533494,0.308674,-0.038883,9.952048
1755406533495,0.325424,-0.034098,9.942178
1755406533498,0.277567,-0.05324,9.82493
1755406533501,0.282353,-0.012562,9.846465
1755406533502,0.27996,-0.029312,9.875179
1755406533505,0.289532,-0.026919,9.860822
1755406533507,0.256032,-0.014955,9.939785
1755406533510,0.284746,-0.002991,9.786645
1755406533512,0.265603,-0.079561,9.911072
1755406533514,0.287139,0.016152,9.920643
1755406533517,0.318245,0.011366,9.844072
1755406533519,0.236889,0.018544,10.002297
1755406533522,0.366102,-0.072383,9.676575
1755406533524,0.148056,-0.096311,9.990334
1755406533526,0.37328,0.004187,9.743574
1755406533529,0.227318,0.004187,10.169795
1755406533531,0.397209,0.061615,9.734002
1755406533534,0.19352,-0.117847,9.999905
1755406533536,0.356531,-0.06999,9.690931
1755406533539,0.248854,-0.067597,10.090832
1755406533541,0.315853,0.107079,9.789038
1755406533544,0.265603,-0.036491,9.942178
1755406533546,0.315853,-0.05324,9.772287
1755406533548,0.27996,-0.096311,9.987941
1755406533551,0.294317,0.075972,9.872787
1755406533553,0.31346,-0.038883,9.863214
1755406533555,0.284746,-0.046062,9.875179
1755406533558,0.323031,-0.062812,9.964012
1755406533562,0.260818,0.030508,9.865608
1755406533564,0.344566,-0.010169,9.765109
1755406533565,0.29671,-0.077169,10.031012
1755406533567,0.311067,-0.024526,9.760324
1755406533570,0.258425,-0.002991,10.045368
1755406533572,0.318245,-0.036491,9.846465
1755406533574,0.308674,-0.065204,9.88475
1755406533577,0.256032,0.02333,9.786645
1755406533580,0.260818,-0.038883,9.987941
1755406533582,0.272782,-0.050847,9.80818
1755406533584,0.291924,-0.031705,9.793823
1755406533586,0.291924,-0.041276,10.112368
1755406533589,0.294317,-0.048455,9.695718
1755406533591,0.287139,-0.048455,9.913465
1755406533593,0.346959,-0.000598,9.88475
1755406533596,0.256032,-0.043669,9.860822
1755406533598,0.29671,-0.019741,9.829716
1755406533601,0.29671,-0.014955,9.952048
1755406533603,0.263211,-0.012562,9.801002
1755406533605,0.284746,-0.007777,9.961619
1755406533608,0.31346,-0.046062,9.956834
1755406533611,0.306281,0.037687,9.750752
1755406533613,0.22014,-0.019741,9.987941
1755406533615,0.31346,-0.038883,9.829716
1755406533618,0.277567,0.025723,9.868001
1755406533620,0.267996,-0.022134,9.906285
1755406533622,0.256032,-0.043669,9.925428
1755406533625,0.33021,-0.036491,9.784252
1755406533628,0.241675,-0.041276,9.944571
1755406533630,0.294317,-0.012562,9.731609
1755406533632,0.253639,-0.007777,10.00469
1755406533634,0.289532,-0.036491,9.925428
1755406533637,0.277567,-0.026919,9.755538
1755406533639,0.287139,-0.062812,9.995119
1755406533642,0.284746,-0.012562,9.820144
1755406533644,0.267996,-0.010169,9.767502
1755406533647,0.33021,-0.019741,10.047761
1755406533649,0.299103,-0.026919,9.846465
1755406533651,0.289532,0.011366,9.803394
1755406533653,0.253639,-0.048455,9.987941
1755406533656,0.337388,-0.024526,9.793823
1755406533658,0.284746,-0.014955,9.956834
1755406533661,0.272782,-0.050847,9.877572
1755406533664,0.248854,-0.046062,9.964012
1755406533665,0.301496,-0.012562,9.801002
1755406533668,0.275175,-0.036491,9.983155
1755406533670,0.315853,-0.031705,9.757931
1755406533673,0.270389,-0.034098,9.949656
1755406533675,0.291924,-0.017348,9.966406
1755406533678,0.244068,-0.048455,9.817751
1755406533681,0.272782,-0.038883,9.863214
1755406533682,0.275175,-0.024526,9.84168
1755406533685,0.277567,-0.034098,9.987941
1755406533687,0.303888,0.02333,9.68136
1755406533689,0.282353,-0.055633,10.009477
1755406533692,0.332602,-0.005384,9.784252
1755406533694,0.265603,-0.036491,9.934999
1755406533697,0.332602,-0.041276,9.753145
1755406533700,0.267996,-0.058026,10.102797
1755406533702,0.315853,0.018544,9.676575
1755406533705,0.229711,-0.026919,10.03819
1755406533706,0.351745,-0.024526,9.724431
1755406533708,0.248854,-0.060419,10.162617
1755406533711,0.332602,0.013759,9.683753
1755406533714,0.232104,-0.058026,10.05494
1755406533716,0.337388,-0.005384,9.635897
1755406533719,0.272782,-0.055633,10.129117
1755406533721,0.33021,-0.007777,9.729217
1755406533723,0.215354,-0.043669,10.00469
1755406533725,0.342174,-0.019741,9.726824
1755406533728,0.251246,-0.017348,9.966406
1755406533730,0.277567,-0.005384,9.801002
1755406533733,0.27996,-0.029312,9.975977
1755406533735,0.239282,0.04008,9.927821
1755406533737,0.270389,-0.017348,9.781859
1755406533740,0.232104,-0.026919,9.980762
1755406533744,0.366102,-0.007777,9.736395
1755406533745,0.188734,-0.055633,10.093225
1755406533747,0.39003,0.05683,9.667004
1755406533749,0.162413,-0.072383,10.090832
1755406533752,0.354138,-0.010169,9.705289
1755406533754,0.20339,-0.067597,9.925428
1755406533756,0.27996,-0.010169,9.920643
1755406533759,0.301496,0.001795,9.829716
1755406533761,0.215354,-0.060419,9.97837
1755406533764,0.327817,0.025723,9.810573
1755406533768,0.251246,-0.046062,9.939785
1755406533769,0.284746,-0.038883,9.856036
1755406533771,0.320638,-0.034098,9.877572
1755406533774,0.248854,-0.031705,9.755538
1755406533776,0.239282,-0.024526,9.906285
1755406533778,0.282353,-0.014955,9.812965
1755406533781,0.179163,-0.005384,9.638289
1755406533784,0.332602,-0.017348,10.033404
1755406533786,0.306281,-0.041276,9.846465
1755406533788,0.306281,-0.043669,9.932607
1755406533791,0.29671,-0.022134,9.925428
1755406533792,0.186341,0.047258,9.688539
1755406533795,0.217747,0.028116,9.796216
1755406533797,0.260818,0.00658,9.97837
1755406533800,0.294317,-0.05324,9.889536
1755406533802,0.232104,-0.065204,9.750752
1755406533804,0.20339,-0.017348,9.712467
1755406533807,0.354138,-0.096311,9.796216
1755406533809,0.29671,-0.038883,9.964012
1755406533812,0.361316,-0.005384,9.985548
1755406533815,0.277567,0.008973,10.088439
1755406533818,0.337388,-0.038883,9.803394
1755406533820,0.265603,-0.022134,9.820144
1755406533821,0.272782,-0.060419,9.607183
1755406533824,0.215354,-0.074776,9.652647
1755406533826,0.267996,-0.019741,9.817751
1755406533828,0.311067,-0.010169,9.985548
1755406533832,0.234497,-0.010169,9.77468
1755406533833,0.208176,0.044865,9.975977
1755406533836,0.256032,0.028116,9.872787
1755406533838,0.397209,-0.098704,9.990334
1755406533840,0.339781,-0.081954,9.805787
1755406533843,0.215354,0.037687,9.91825
1755406533845,0.236889,0.02333,9.827323
1755406533849,0.301496,-0.017348,9.769895
1755406533851,0.260818,0.02333,10.059726
1755406533853,0.325424,-0.060419,9.9015
1755406533855,0.267996,-0.014955,9.865608
1755406533857,0.236889,0.025723,9.844072
1755406533859,0.29671,-0.050847,9.851251
1755406533862,0.318245,-0.005384,9.829716
1755406533866,0.332602,-0.034098,9.91825
1755406533868,0.303888,-0.034098,9.920643
1755406533870,0.258425,-0.000598,9.777073
1755406533871,0.311067,-0.062812,9.889536
1755406533874,0.265603,-0.022134,9.915857
1755406533876,0.244068,-0.041276,9.877572
1755406533879,0.294317,-0.022134,9.865608
1755406533881,0.256032,-0.012562,9.9015
1755406533884,0.251246,-0.012562,9.882358
1755406533886,0.272782,-0.026919,9.856036
1755406533888,0.284746,-0.043669,9.887143
1755406533891,0.284746,-0.002991,9.88475
1755406533893,0.294317,-0.034098,9.872787
1755406533895,0.301496,-0.012562,9.856036
1755406533898,0.327817,-0.007777,9.88475
1755406533900,0.301496,-0.014955,9.870394
1755406533903,0.263211,0.001795,9.877572
1755406533905,0.29671,-0.036491,9.889536
1755406533907,0.277567,-0.012562,9.844072
1755406533910,0.275175,-0.029312,9.88475
1755406533912,0.31346,-0.031705,9.88475
1755406533915,0.284746,-0.014955,9.911072
1755406533917,0.277567,-0.012562,9.877572
1755406533921,0.327817,-0.036491,9.896714
1755406533922,0.291924,-0.036491,9.879965
1755406533924,0.263211,-0.036491,9.906285
1755406533927,0.277567,-0.022134,9.863214
1755406533929,0.263211,-0.019741,9.882358
1755406533931,0.27996,-0.017348,9.887143
1755406533934,0.277567,0.004187,9.853643
1755406533936,0.272782,-0.019741,9.920643
1755406533939,0.308674,-0.031705,9.887143
1755406533941,0.282353,-0.014955,9.88475
1755406533944,0.301496,-0.000598,9.868001
1755406533946,0.315853,-0.029312,9.923036
1755406533948,0.291924,-0.012562,9.870394
1755406533951,0.258425,-0.046062,9.911072
1755406533953,0.299103,-0.043669,9.913465
1755406533956,0.287139,0.004187,9.801002
1755406533958,0.294317,-0.017348,9.937392
1755406533960,0.318245,-0.005384,9.911072
1755406533963,0.27996,-0.022134,9.930214
1755406533965,0.265603,-0.005384,9.865608
1755406533968,0.270389,-0.000598,9.879965
1755406533970,0.272782,0.001795,9.879965
1755406533972,0.270389,0.008973,9.836894
1755406533974,0.275175,-0.024526,9.848858
1755406533977,0.282353,-0.022134,9.964012
1755406533979,0.320638,0.013759,9.858429
1755406533982,0.27996,-0.014955,9.903893
1755406533984,0.29671,-0.019741,9.863214
1755406533987,0.289532,-0.012562,9.856036
1755406533989,0.272782,-0.026919,9.91825
1755406533991,0.291924,-0.026919,9.870394
1755406533994,0.275175,-0.022134,9.88475
1755406533996,0.239282,-0.026919,9.896714
1755406533999,0.27996,0.013759,9.836894
1755406534002,0.29671,-0.014955,9.846465
1755406534004,0.315853,-0.012562,9.913465
1755406534006,0.291924,-0.046062,9.889536
1755406534008,0.253639,-0.007777,9.863214
1755406534011,0.27996,-0.031705,9.882358
1755406534013,0.318245,-0.010169,9.952048
1755406534015,0.256032,-0.014955,9.844072
1755406534019,0.253639,-0.026919,9.863214
1755406534021,0.301496,-0.048455,9.801002
1755406534023,0.260818,0.020937,10.07169
1755406534025,0.334995,0.008973,9.705289
1755406534028,0.212961,-0.065204,9.971191
1755406534030,0.358923,-0.060419,9.815358
1755406534032,0.260818,-0.067597,9.875179
1755406534035,0.270389,0.020937,9.908679
1755406534039,0.332602,-0.065204,9.805787
1755406534040,0.169591,0.020937,9.990334
1755406534042,0.399601,0.004187,9.750752
1755406534044,0.140877,-0.041276,10.143475
1755406534046,0.399601,0.028116,9.611969
1755406534049,0.186341,-0.08674,10.050154
1755406534053,0.33021,0.016152,9.743574
1755406534055,0.272782,-0.072383,9.956834
1755406534056,0.27996,0.044865,9.956834
1755406534058,0.33021,-0.005384,9.712467
1755406534061,0.195912,-0.046062,10.007083
1755406534063,0.397209,0.001795,9.690931
1755406534065,0.169591,-0.041276,10.119546
1755406534069,0.354138,0.016152,9.671789
1755406534071,0.181555,-0.043669,10.121939
1755406534073,0.375673,-0.010169,9.68136
1755406534075,0.236889,-0.105882,10.019048
1755406534077,0.351745,0.035294,9.789038
1755406534081,0.272782,-0.05324,9.966406
1755406534082,0.325424,0.030508,9.836894
1755406534085,0.282353,-0.058026,9.853643
1755406534088,0.272782,-0.034098,9.903893
1755406534090,0.339781,-0.019741,9.877572
1755406534092,0.253639,0.042473,9.88475
1755406534095,0.354138,-0.08674,9.832108
1755406534097,0.232104,-0.002991,9.985548
1755406534099,0.361316,-0.031705,9.724431
1755406534101,0.150449,-0.002991,10.124331
1755406534104,0.430708,-0.007777,9.568898
1755406534106,0.102592,-0.05324,10.217651
1755406534109,0.485743,0.04008,9.525827
1755406534111,0.102592,-0.06999,10.279865
1755406534114,0.492921,0.042473,9.509077
1755406534116,0.148056,-0.093918,10.24158
1755406534118,0.42353,0.032901,9.549755
1755406534121,0.150449,-0.084347,10.143475
1755406534123,0.354138,0.085543,9.669396
1755406534125,0.205783,-0.10349,10.031012
1755406534128,0.29671,0.028116,9.812965
1755406534130,0.332602,-0.101097,9.810573
1755406534132,0.244068,-0.005384,10.062119
1755406534135,0.413958,-0.017348,9.676575
1755406534138,0.124128,-0.034098,10.18176
1755406534141,0.452243,0.018544,9.506684
1755406534143,0.102592,-0.067597,10.27508
1755406534145,0.509671,0.025723,9.497113
1755406534147,0.14327,-0.096311,10.270294
1755406534150,0.449851,0.0999,9.585648
1755406534152,0.174377,-0.098704,10.090832
1755406534155,0.308674,0.059222,9.757931
1755406534157,0.27996,-0.093918,9.834501
1755406534159,0.215354,0.008973,10.069297
1755406534161,0.416351,0.018544,9.645468
1755406534164,0.090628,-0.065204,10.150653
1755406534166,0.425922,0.035294,9.676575
1755406534169,0.241675,-0.074776,9.971191
1755406534172,0.282353,0.054437,9.858429
1755406534174,0.334995,-0.019741,9.810573
1755406534176,0.169591,-0.019741,10.081261
1755406534178,0.387637,-0.000598,9.65504
1755406534181,0.14327,-0.038883,10.138689
1755406534183,0.370888,0.028116,9.647861
1755406534186,0.183948,-0.050847,10.023833
1755406534189,0.327817,0.00658,9.865608
1755406534191,0.272782,-0.074776,9.856036
1755406534192,0.251246,-0.014955,9.88475
1755406534195,0.351745,-0.034098,9.755538
1755406534197,0.186341,-0.046062,10.121939
1755406534200,0.445065,0.008973,9.65504
1755406534202,0.171984,-0.067597,10.083653
1755406534206,0.363709,0.018544,9.74836
1755406534207,0.215354,-0.105882,9.942178
1755406534209,0.325424,0.001795,9.827323
1755406534212,0.315853,-0.074776,9.803394
1755406534214,0.241675,0.011366,10.019048
1755406534217,0.370888,0.030508,9.741181
1755406534219,0.174377,-0.043669,10.176973
1755406534222,0.382852,0.044865,9.647861
1755406534224,0.16002,-0.091525,10.047761
1755406534226,0.363709,0.047258,9.710074
1755406534228,0.22014,-0.017348,9.992726
1755406534231,0.349352,0.016152,9.79143
1755406534233,0.244068,-0.079561,9.915857
1755406534236,0.294317,-0.031705,9.896714
1755406534240,0.358923,-0.062812,9.817751
1755406534242,0.224925,-0.007777,10.002297
1755406534243,0.37328,0.020937,9.724431
1755406534245,0.186341,-0.050847,10.066904
1755406534248,0.437887,-0.002991,9.676575
1755406534250,0.148056,-0.081954,10.162617
1755406534252,0.397209,0.013759,9.652647
1755406534255,0.17677,-0.036491,10.150653
1755406534257,0.401994,0.030508,9.669396
1755406534260,0.20339,-0.093918,10.052547
1755406534262,0.342174,-0.010169,9.757931
1755406534264,0.260818,-0.022134,9.999905
1755406534267,0.315853,0.025723,9.765109
1755406534269,0.315853,-0.084347,9.91825
1755406534272,0.263211,0.011366,9.882358
1755406534275,0.306281,0.011366,9.870394
1755406534276,0.215354,-0.055633,9.915857
1755406534279,0.337388,0.004187,9.856036
1755406534281,0.256032,-0.022134,9.891929
1755406534284,0.291924,-0.022134,9.872787
1755406534286,0.299103,-0.017348,9.889536
1755406534289,0.256032,-0.029312,9.839287
1755406534292,0.294317,-0.031705,9.934999
1755406534293,0.363709,-0.029312,9.88475
1755406534296,0.289532,-0.060419,9.927821
1755406534298,0.27996,-0.038883,9.915857
1755406534300,0.267996,-0.019741,9.810573
1755406534303,0.277567,-0.041276,9.839287
1755406534305,0.289532,-0.014955,9.887143
1755406534308,0.318245,-0.031705,9.91825
1755406534310,0.29671,-0.026919,9.872787
1755406534313,0.306281,-0.022134,9.896714
1755406534315,0.318245,0.001795,10.064511
1755406534318,0.27996,0.02333,9.97837
1755406534320,0.299103,-0.012562,9.84168
1755406534322,0.260818,-0.002991,9.932607
1755406534325,0.311067,-0.041276,9.80818
1755406534327,0.275175,-0.041276,9.832108
1755406534329,0.234497,-0.010169,9.822537
1755406534332,0.291924,-0.038883,9.865608
1755406534334,0.282353,-0.067597,9.980762
1755406534336,0.33021,-0.019741,9.915857
1755406534339,0.323031,-0.046062,9.966406
1755406534342,0.244068,0.020937,9.858429
1755406534344,0.287139,-0.002991,9.966406
1755406534346,0.224925,0.02333,9.805787
1755406534348,0.248854,-0.012562,9.853643
1755406534351,0.306281,-0.026919,9.851251
1755406534354,0.291924,-0.06999,9.853643
1755406534356,0.308674,-0.077169,9.932607
1755406534359,0.370888,-0.113061,9.877572
1755406534363,0.251246,-0.007777,9.97837
1755406534364,0.299103,0.001795,9.846465
1755406534366,0.287139,-0.007777,9.925428
1755406534367,0.275175,-0.029312,9.879965
1755406534370,0.284746,-0.029312,9.829716
1755406534372,0.263211,-0.019741,9.858429
1755406534376,0.277567,-0.060419,9.927821
1755406534378,0.291924,-0.002991,9.860822
1755406534380,0.294317,0.00658,9.88475
1755406534382,0.29671,-0.017348,9.903893
1755406534384,0.31346,-0.062812,9.757931
1755406534386,0.291924,-0.024526,10.050154
1755406534389,0.29671,0.00658,9.786645
1755406534393,0.248854,-0.017348,9.968799
1755406534394,0.344566,-0.031705,9.815358
1755406534397,0.212961,-0.034098,9.868001
1755406534398,0.275175,-0.002991,9.894321
1755406534401,0.339781,-0.091525,9.949656
1755406534403,0.236889,0.025723,9.932607
1755406534406,0.334995,0.001795,9.757931
1755406534408,0.16002,-0.043669,10.138689
1755406534411,0.37328,0.028116,9.573684
1755406534413,0.200997,-0.077169,10.066904
1755406534415,0.349352,0.008973,9.722038
1755406534418,0.275175,-0.029312,9.875179
1755406534421,0.320638,-0.019741,9.899107
1755406534423,0.27996,-0.031705,9.836894
1755406534425,0.294317,-0.048455,9.932607
1755406534428,0.275175,-0.065204,9.812965
1755406534430,0.198604,0.018544,9.985548
1755406534432,0.349352,-0.026919,9.757931
1755406534435,0.164806,-0.065204,9.990334
1755406534437,0.401994,-0.017348,9.695718
1755406534440,0.167198,-0.096311,10.117153
1755406534442,0.401994,0.037687,9.640682
1755406534445,0.174377,-0.010169,10.155438
1755406534447,0.387637,0.013759,9.664611
1755406534449,0.212961,-0.098704,10.023833
1755406534451,0.337388,0.04008,9.77468
1755406534454,0.260818,-0.024526,9.959227
1755406534456,0.308674,-0.017348,9.84168
1755406534458,0.272782,-0.081954,9.865608
1755406534461,0.239282,-0.010169,9.88475
1755406534464,0.323031,-0.036491,9.822537
1755406534466,0.210568,-0.007777,9.997512
1755406534468,0.413958,-0.029312,9.700503
1755406534471,0.19352,-0.06999,10.109975
1755406534473,0.375673,-0.007777,9.647861
1755406534476,0.17677,-0.005384,10.105189
1755406534478,0.401994,0.020937,9.652647
1755406534482,0.183948,-0.089133,10.095618
1755406534483,0.382852,-0.017348,9.674182
1755406534485,0.186341,0.00658,10.090832
1755406534487,0.378066,-0.022134,9.619147
1755406534490,0.174377,-0.077169,10.133903
1755406534492,0.433101,0.020937,9.592826
1755406534494,0.140877,-0.019741,10.229616
1755406534497,0.413958,0.018544,9.540184
1755406534499,0.155234,-0.084347,10.165009
1755406534502,0.418744,0.047258,9.568898
1755406534504,0.186341,-0.065204,10.153046
1755406534507,0.382852,0.087936,9.702896
1755406534509,0.210568,-0.08674,10.062119
1755406534512,0.27996,0.020937,9.772287
1755406534514,0.272782,-0.08674,9.88475
1755406534517,0.246461,0.037687,9.934999
1755406534518,0.358923,-0.012562,9.82493
1755406534521,0.188734,0.02333,10.059726
1755406534524,0.401994,-0.036491,9.619147
1755406534526,0.12652,-0.074776,10.167402
1755406534529,0.437887,0.00658,9.583255
1755406534531,0.121735,-0.048455,10.258329
1755406534534,0.457029,0.030508,9.51147
1755406534535,0.116949,-0.101097,10.234402
1755406534538,0.48335,0.030508,9.521041
1755406534540,0.148056,-0.079561,10.232009
1755406534543,0.409173,0.080758,9.643075
1755406534546,0.208176,-0.110668,10.057333
1755406534548,0.258425,0.020937,9.827323
1755406534550,0.327817,-0.08674,9.796216
1755406534552,0.191127,0.011366,10.019048
1755406534554,0.40678,0.00658,9.664611
1755406534557,0.131306,-0.026919,10.193724
1755406534559,0.440279,0.02333,9.537791
1755406534563,0.152842,-0.072383,10.205688
1755406534566,0.421137,-0.019741,9.547362
1755406534568,0.136092,-0.072383,10.212866
1755406534569,0.428315,0.087936,9.62154
1755406534571,0.198604,-0.074776,10.162617
1755406534574,0.368495,0.008973,9.645468
1755406534576,0.241675,-0.10349,10.00469
1755406534578,0.306281,0.049651,9.80818
1755406534584,0.308674,-0.038883,9.88475
1755406534586,0.239282,0.042473,9.899107
1755406534587,0.375673,-0.060419,9.724431
1755406534588,0.167198,-0.031705,10.040583
1755406534591,0.435494,-0.005384,9.671789
1755406534593,0.119342,0.001795,10.18176
1755406534597,0.42353,-0.012562,9.597611
1755406534599,0.095414,-0.091525,10.179367
1755406534601,0.416351,-0.000598,9.58804
1755406534602,0.133699,-0.034098,10.203295
1755406534605,0.392423,0.032901,9.592826
1755406534607,0.195912,-0.06999,10.121939
1755406534609,0.356531,-0.000598,9.597611
1755406534612,0.186341,-0.06999,10.145867
1755406534615,0.356531,0.05683,9.667004
1755406534617,0.205783,-0.072383,10.059726
1755406534619,0.327817,0.011366,9.729217
1755406534621,0.19352,-0.077169,10.040583
1755406534625,0.33021,0.035294,9.798609
1755406534626,0.253639,-0.046062,9.980762
1755406534629,0.27996,0.02333,9.851251
1755406534631,0.303888,-0.06999,9.798609
1755406534633,0.232104,-0.022134,9.896714
1755406534636,0.370888,-0.046062,9.789038
1755406534639,0.215354,0.020937,10.00469
1755406534641,0.351745,-0.022134,9.710074
1755406534643,0.198604,-0.038883,10.021441
1755406534645,0.418744,-0.060419,9.650253
1755406534649,0.152842,-0.029312,10.105189
1755406534650,0.430708,0.054437,9.647861
1755406534653,0.128913,-0.055633,10.102797
1755406534655,0.40678,-0.038883,9.561719
1755406534657,0.155234,-0.05324,10.20808
1755406534660,0.437887,0.102293,9.616755
1755406534663,0.148056,-0.043669,10.165009
1755406534666,0.413958,-0.017348,9.564112
1755406534667,0.183948,-0.115454,10.124331
1755406534669,0.387637,0.042473,9.68136
1755406534672,0.198604,-0.029312,10.086046
1755406534675,0.342174,0.054437,9.750752
1755406534677,0.260818,-0.077169,9.927821
1755406534679,0.294317,-0.012562,9.769895
1755406534682,0.275175,-0.043669,9.923036
1755406534684,0.277567,0.032901,9.987941
1755406534687,0.351745,-0.036491,9.798609
1755406534689,0.253639,-0.048455,9.959227
1755406534691,0.361316,-0.074776,9.74836
1755406534694,0.239282,0.018544,10.045368
1755406534696,0.37328,0.016152,9.743574
1755406534699,0.208176,-0.012562,10.090832
1755406534703,0.368495,-0.050847,9.628718
1755406534705,0.152842,-0.050847,10.078868
1755406534706,0.375673,0.054437,9.719646
1755406534708,0.205783,0.00658,10.109975
1755406534710,0.42353,-0.036491,9.631111
1755406534713,0.171984,-0.105882,10.102797
1755406534716,0.370888,0.064008,9.688539
1755406534718,0.179163,-0.022134,10.119546
1755406534721,0.370888,-0.024526,9.576077
1755406534722,0.162413,-0.101097,10.136296
1755406534724,0.378066,0.085543,9.65504
1755406534727,0.217747,-0.007777,10.141082
1755406534729,0.375673,-0.022134,9.585648
1755406534733,0.169591,-0.108275,10.191331
1755406534735,0.413958,0.073579,9.65504
1755406534737,0.183948,-0.046062,10.093225
1755406534739,0.368495,-0.026919,9.614362
1755406534742,0.224925,-0.055633,10.162617
1755406534744,0.344566,0.071186,9.650253
1755406534746,0.191127,-0.048455,10.05494
1755406534751,0.361316,-0.06999,9.77468
1755406534752,0.275175,0.008973,9.915857
1755406534753,0.275175,-0.026919,9.851251
1755406534756,0.301496,-0.010169,9.911072
1755406534758,0.27996,-0.046062,9.899107
1755406534761,0.270389,-0.005384,9.858429
1755406534763,0.270389,-0.019741,9.973584
1755406534767,0.303888,0.004187,9.812965
1755406534768,0.258425,-0.050847,10.009477
1755406534770,0.299103,0.020937,9.777073
1755406534772,0.239282,-0.017348,9.964012
1755406534775,0.303888,-0.000598,9.856036
1755406534777,0.29671,-0.019741,9.879965
1755406534780,0.246461,-0.024526,9.88475
1755406534782,0.31346,-0.012562,9.879965
1755406534785,0.311067,-0.036491,9.906285
1755406534787,0.294317,-0.010169,9.877572
1755406534789,0.282353,-0.036491,9.856036
1755406534792,0.303888,0.008973,9.79143
1755406534794,0.27996,-0.043669,9.961619
1755406534796,0.311067,0.02333,9.772287
1755406534799,0.289532,-0.05324,9.952048
1755406534803,0.306281,-0.041276,9.772287
1755406534805,0.287139,-0.034098,9.992726
1755406534808,0.31346,0.037687,9.872787
1755406534809,0.311067,-0.050847,9.961619
1755406534811,0.339781,-0.060419,9.903893
1755406534813,0.320638,-0.098704,9.939785
1755406534816,0.282353,-0.038883,9.834501
1755406534818,0.315853,-0.036491,9.9015
1755406534821,0.277567,-0.062812,9.903893
1755406534823,0.251246,-0.017348,9.853643
1755406534826,0.29671,0.00658,9.9015
1755406534828,0.306281,-0.005384,9.908679
1755406534831,0.315853,-0.024526,9.882358
1755406534832,0.29671,-0.036491,9.894321
1755406534836,0.289532,-0.050847,9.896714
1755406534838,0.294317,-0.014955,9.853643
1755406534840,0.270389,-0.031705,9.932607
1755406534843,0.299103,-0.014955,9.84168
1755406534844,0.291924,-0.029312,9.877572
1755406534847,0.291924,-0.026919,9.908679
1755406534849,0.275175,-0.022134,9.870394
1755406534852,0.272782,0.018544,9.889536
1755406534855,0.315853,-0.014955,9.851251
1755406534856,0.315853,-0.022134,9.839287
1755406534859,0.289532,-0.036491,9.913465
1755406534861,0.308674,-0.019741,9.84168
1755406534863,0.29671,-0.043669,9.908679
1755406534866,0.256032,0.001795,9.894321
1755406534869,0.267996,-0.024526,9.891929
1755406534872,0.287139,-0.029312,9.887143
1755406534873,0.27996,-0.014955,9.911072
1755406534876,0.27996,-0.017348,9.868001
1755406534878,0.303888,-0.022134,9.899107
1755406534881,0.315853,-0.019741,9.889536
1755406534883,0.263211,-0.019741,9.911072
1755406534886,0.27996,-0.010169,9.889536
1755406534888,0.301496,0.00658,9.865608
1755406534890,0.291924,-0.029312,9.839287
1755406534892,0.267996,-0.038883,9.927821
1755406534895,0.267996,-0.022134,9.805787
1755406534897,0.270389,-0.034098,9.853643
1755406534899,0.258425,-0.036491,9.932607
1755406534903,0.299103,0.044865,9.911072
1755406534905,0.236889,-0.024526,9.858429
1755406534907,0.318245,-0.05324,9.870394
1755406534909,0.306281,-0.010169,9.853643
1755406534912,0.229711,0.00658,9.911072
1755406534914,0.256032,0.00658,9.865608
1755406534916,0.284746,-0.038883,9.973584
1755406534921,0.303888,-0.026919,9.719646
1755406534923,0.217747,-0.091525,9.959227
1755406534925,0.378066,0.004187,9.839287
1755406534926,0.236889,0.013759,9.925428
1755406534928,0.258425,-0.029312,9.784252
1755406534931,0.282353,-0.041276,10.042975
1755406534933,0.342174,0.037687,9.856036
1755406534937,0.227318,-0.017348,9.844072
1755406534939,0.308674,-0.077169,9.829716
1755406534940,0.267996,-0.007777,9.999905
1755406534943,0.270389,0.073579,9.858429
1755406534945,0.251246,-0.029312,9.767502
1755406534947,0.256032,-0.110668,9.949656
1755406534950,0.275175,0.016152,9.952048
1755406534952,0.275175,0.078365,9.839287
1755406534955,0.260818,-0.065204,9.817751
1755406534958,0.323031,-0.074776,9.815358
1755406534960,0.291924,-0.038883,10.031012
1755406534962,0.29671,0.085543,9.832108
1755406534964,0.306281,-0.055633,9.891929
1755406534967,0.320638,-0.08674,9.80818
1755406534969,0.248854,-0.046062,10.007083
1755406534975,0.289532,0.080758,9.779466
1755406534977,0.282353,-0.05324,9.956834
1755406534978,0.315853,-0.067597,9.779466
1755406534979,0.260818,0.018544,10.021441
1755406534981,0.291924,0.068794,9.757931
1755406534983,0.29671,-0.046062,9.97837
1755406534986,0.303888,-0.029312,9.822537
1755406534989,0.267996,-0.002991,9.952048
1755406534991,0.265603,-0.024526,9.745967
1755406534993,0.270389,-0.072383,9.942178
1755406534995,0.327817,-0.014955,9.858429
1755406534998,0.227318,0.008973,9.870394
1755406535000,0.31346,-0.077169,9.834501
1755406535003,0.291924,-0.077169,9.942178
1755406535006,0.303888,0.020937,9.80818
1755406535007,0.208176,-0.005384,9.899107
1755406535010,0.277567,-0.024526,9.719646
1755406535012,0.267996,-0.000598,9.913465
1755406535015,0.291924,-0.012562,9.875179
1755406535017,0.277567,0.016152,9.949656
1755406535019,0.339781,-0.043669,9.91825
1755406535022,0.366102,-0.074776,10.023833
1755406535024,0.217747,0.016152,9.750752
1755406535027,0.263211,-0.005384,9.734002
1755406535029,0.282353,-0.034098,9.913465
1755406535031,0.246461,-0.029312,9.815358
1755406535034,0.284746,-0.036491,9.927821
1755406535036,0.282353,-0.017348,9.875179
1755406535039,0.265603,-0.029312,9.949656
1755406535042,0.299103,-0.014955,9.863214
1755406535043,0.303888,-0.050847,9.870394
1755406535046,0.282353,-0.058026,9.903893
1755406535048,0.315853,-0.022134,9.868001
1755406535050,0.248854,0.001795,9.887143
1755406535053,0.325424,-0.034098,9.858429
1755406535055,0.289532,-0.017348,9.896714
1755406535058,0.267996,-0.041276,9.858429
1755406535060,0.270389,-0.026919,9.882358
1755406535063,0.294317,-0.017348,9.868001
1755406535065,0.29671,-0.031705,9.879965
1755406535067,0.272782,-0.019741,9.879965
1755406535070,0.27996,0.001795,9.887143
1755406535072,0.287139,-0.029312,9.872787
1755406535074,0.294317,-0.017348,9.860822
1755406535077,0.284746,-0.017348,9.860822
1755406535079,0.265603,-0.005384,9.875179
1755406535082,0.275175,-0.022134,9.868001
1755406535084,0.258425,-0.010169,9.889536
1755406535087,0.301496,-0.031705,9.877572
1755406535089,0.27996,-0.000598,9.879965
1755406535091,0.303888,-0.012562,9.868001
1755406535094,0.287139,-0.024526,9.88475
1755406535096,0.308674,-0.026919,9.875179
1755406535098,0.277567,-0.000598,9.88475
1755406535101,0.284746,-0.000598,9.894321
1755406535103,0.265603,-0.019741,9.899107
1755406535106,0.258425,-0.024526,9.848858
1755406535108,0.265603,-0.012562,9.911072
1755406535111,0.306281,0.004187,9.865608
1755406535113,0.27996,-0.007777,9.879965
1755406535115,0.294317,-0.007777,9.848858
1755406535117,0.263211,-0.019741,9.952048
1755406535120,0.277567,0.018544,9.801002
1755406535123,0.263211,-0.022134,9.832108
1755406535125,0.287139,-0.046062,9.952048
1755406535128,0.275175,-0.041276,9.91825
1755406535130,0.287139,-0.036491,9.925428
1755406535132,0.29671,-0.036491,9.793823
1755406535134,0.253639,-0.038883,9.784252
1755406535137,0.253639,-0.002991,9.9015
1755406535139,0.277567,-0.014955,9.899107
1755406535144,0.323031,-0.043669,9.832108
1755406535145,0.270389,-0.031705,9.97837
1755406535147,0.284746,0.011366,9.949656
1755406535149,0.272782,0.004187,9.860822
1755406535151,0.29671,-0.093918,9.769895
1755406535153,0.282353,-0.110668,9.911072
1755406535156,0.289532,-0.012562,9.767502
1755406535159,0.215354,-0.043669,10.059726
1755406535161,0.37328,0.028116,9.769895
1755406535163,0.248854,-0.074776,9.999905
1755406535165,0.327817,-0.050847,9.678967
1755406535168,0.270389,-0.06999,10.052547
1755406535170,0.311067,0.037687,9.80818
1755406535173,0.260818,-0.026919,9.908679
1755406535176,0.299103,-0.036491,9.769895
1755406535178,0.267996,-0.084347,10.033404
1755406535180,0.342174,0.071186,9.810573
1755406535182,0.270389,-0.012562,9.942178
1755406535185,0.320638,-0.041276,9.856036
1755406535187,0.301496,-0.031705,9.891929
1755406535189,0.260818,-0.012562,9.815358
1755406535192,0.275175,-0.017348,9.91825
1755406535195,0.272782,-0.050847,9.868001
1755406535197,0.275175,-0.005384,9.908679
1755406535199,0.289532,-0.024526,9.863214
1755406535201,0.282353,-0.055633,9.894321
1755406535204,0.27996,-0.048455,9.887143
1755406535206,0.267996,-0.024526,9.877572
1755406535209,0.287139,-0.002991,9.882358
1755406535211,0.29671,-0.014955,9.88475
1755406535213,0.275175,-0.012562,9.875179
1755406535216,0.29671,-0.024526,9.853643
1755406535219,0.306281,-0.010169,9.889536
1755406535220,0.291924,-0.022134,9.899107
1755406535223,0.27996,-0.019741,9.906285
1755406535227,0.282353,-0.036491,9.882358
1755406535229,0.299103,-0.050847,9.865608
1755406535231,0.284746,-0.010169,9.889536
1755406535232,0.289532,-0.000598,9.9015
1755406535235,0.29671,-0.041276,9.899107
1755406535238,0.299103,-0.041276,9.879965
1755406535240,0.315853,-0.017348,9.88475
1755406535243,0.299103,-0.034098,9.887143
1755406535246,0.301496,-0.031705,9.896714
1755406535247,0.29671,-0.041276,9.863214
1755406535250,0.287139,-0.036491,9.872787
1755406535252,0.303888,-0.005384,9.875179
1755406535254,0.306281,-0.038883,9.863214
1755406535257,0.275175,-0.024526,9.887143
1755406535260,0.294317,-0.019741,9.908679
1755406535262,0.284746,0.004187,9.891929
1755406535264,0.29671,-0.048455,9.815358
1755406535266,0.263211,-0.050847,9.906285
1755406535269,0.332602,-0.010169,9.915857
1755406535271,0.267996,-0.007777,9.848858
1755406535273,0.267996,-0.002991,9.923036
1755406535277,0.258425,-0.024526,9.803394
1755406535279,0.29671,-0.038883,9.915857
1755406535280,0.311067,-0.031705,9.865608
1755406535283,0.275175,-0.000598,9.865608
1755406535285,0.275175,-0.05324,9.870394
1755406535288,0.267996,0.02333,9.968799
1755406535290,0.308674,-0.026919,9.801002
1755406535294,0.256032,-0.036491,9.899107
1755406535296,0.267996,-0.043669,9.908679
1755406535298,0.33021,0.047258,9.810573
1755406535300,0.241675,-0.010169,9.952048
1755406535302,0.275175,0.011366,9.934999
1755406535304,0.380459,-0.048455,9.693324
1755406535307,0.186341,-0.079561,10.019048
1755406535311,0.394816,-0.029312,9.724431
1755406535312,0.19352,-0.055633,10.064511
1755406535314,0.37328,0.020937,9.755538
1755406535316,0.210568,0.00658,10.014262
1755406535319,0.375673,0.044865,9.77468
1755406535321,0.244068,-0.098704,9.932607
1755406535324,0.284746,-0.038883,9.872787
1755406535326,0.303888,-0.072383,9.779466
1755406535329,0.234497,-0.000598,10.014262
1755406535331,0.337388,0.028116,9.82493
1755406535333,0.208176,-0.024526,10.069297
1755406535336,0.375673,-0.014955,9.671789
1755406535338,0.164806,-0.101097,10.019048
1755406535341,0.349352,0.049651,9.772287
1755406535343,0.227318,0.011366,10.050154
1755406535347,0.337388,0.032901,9.870394
1755406535348,0.27996,-0.077169,9.829716
1755406535351,0.27996,-0.101097,9.889536
1755406535352,0.308674,-0.058026,9.765109
1755406535355,0.22014,-0.031705,10.033404
1755406535357,0.356531,0.025723,9.760324
1755406535359,0.239282,-0.065204,10.023833
1755406535362,0.380459,-0.055633,9.698111
1755406535365,0.198604,-0.084347,10.007083
1755406535367,0.409173,0.054437,9.789038
1755406535369,0.234497,0.001795,10.019048
1755406535372,0.342174,0.049651,9.851251
1755406535374,0.294317,-0.117847,9.844072
1755406535376,0.272782,-0.046062,9.896714
1755406535379,0.315853,-0.034098,9.803394
1755406535381,0.232104,0.044865,10.040583
1755406535383,0.368495,0.013759,9.698111
1755406535386,0.236889,-0.043669,9.995119
1755406535389,0.363709,-0.029312,9.62154
1755406535391,0.152842,-0.081954,10.133903
1755406535393,0.418744,0.064008,9.762716
1755406535397,0.217747,-0.019741,10.069297
1755406535399,0.334995,0.013759,9.729217
1755406535401,0.256032,-0.134596,9.913465
1755406535403,0.253639,0.008973,9.896714
1755406535405,0.344566,0.016152,9.865608
1755406535407,0.239282,0.049651,10.028619
1755406535410,0.37328,-0.046062,9.674182
1755406535413,0.195912,-0.110668,9.999905
1755406535415,0.378066,-0.014955,9.710074
1755406535417,0.167198,0.020937,10.169795
1755406535419,0.337388,0.054437,9.669396
1755406535422,0.205783,-0.108275,9.997512
1755406535424,0.31346,-0.079561,9.719646
1755406535427,0.232104,-0.014955,10.057333
1755406535431,0.303888,0.075972,9.786645
1755406535432,0.256032,-0.046062,10.007083
1755406535434,0.332602,-0.05324,9.769895
1755406535436,0.241675,-0.019741,10.021441
1755406535439,0.315853,0.008973,9.77468
1755406535441,0.287139,-0.026919,9.961619
1755406535444,0.334995,-0.022134,9.839287
1755406535448,0.272782,0.020937,9.84168
1755406535449,0.306281,0.013759,9.964012
1755406535451,0.31346,-0.017348,9.894321
1755406535453,0.277567,-0.034098,9.887143
1755406535455,0.239282,-0.002991,9.903893
1755406535458,0.320638,-0.036491,9.97837
1755406535460,0.327817,-0.031705,9.927821
1755406535464,0.267996,-0.010169,9.858429
1755406535466,0.299103,-0.050847,9.896714
1755406535468,0.311067,-0.038883,9.899107
1755406535470,0.260818,-0.000598,9.846465
1755406535472,0.267996,-0.007777,9.939785
1755406535474,0.258425,-0.017348,9.810573
1755406535477,0.31346,-0.074776,9.872787
1755406535481,0.251246,-0.041276,9.812965
1755406535482,0.301496,-0.031705,9.858429
1755406535484,0.258425,0.018544,10.040583
1755406535487,0.320638,0.035294,9.707682
1755406535489,0.212961,-0.074776,9.964012
1755406535491,0.339781,-0.055633,9.722038
1755406535494,0.239282,-0.043669,10.052547
1755406535497,0.327817,0.052044,9.79143
1755406535499,0.289532,-0.026919,10.026226
1755406535501,0.342174,-0.046062,9.705289
1755406535503,0.244068,-0.084347,9.997512
1755406535506,0.344566,0.008973,9.777073
1755406535508,0.229711,-0.034098,10.002297
1755406535510,0.31346,0.018544,9.738789
1755406535513,0.246461,-0.091525,9.97837
1755406535516,0.337388,0.011366,9.815358
1755406535518,0.258425,-0.019741,9.954441
1755406535520,0.327817,-0.036491,9.789038
1755406535522,0.263211,-0.041276,9.987941
1755406535525,0.320638,0.00658,9.817751
1755406535527,0.251246,-0.019741,9.961619
1755406535530,0.306281,-0.019741,9.863214
1755406535532,0.282353,0.013759,9.949656
1755406535535,0.287139,-0.050847,9.80818
1755406535537,0.287139,-0.029312,9.908679
1755406535539,0.308674,-0.029312,9.952048
1755406535542,0.256032,0.018544,9.810573
1755406535545,0.27996,-0.050847,9.911072
1755406535547,0.311067,-0.022134,9.820144
1755406535550,0.275175,-0.043669,9.82493
1755406535551,0.272782,-0.012562,9.820144
1755406535554,0.282353,-0.036491,10.028619
1755406535556,0.308674,0.02333,9.827323
1755406535558,0.260818,-0.026919,9.966406
1755406535561,0.301496,-0.041276,9.820144
1755406535563,0.301496,0.00658,9.908679
1755406535566,0.265603,-0.017348,9.815358
1755406535568,0.272782,-0.031705,9.9015
1755406535570,0.327817,-0.022134,9.915857
1755406535573,0.253639,-0.019741,9.786645
1755406535575,0.272782,-0.060419,9.872787
1755406535578,0.308674,-0.007777,9.879965
1755406535580,0.308674,0.00658,9.887143
1755406535583,0.253639,-0.055633,9.872787
1755406535587,0.339781,-0.019741,9.947263
1755406535588,0.256032,-0.012562,9.781859
1755406535590,0.27996,-0.050847,9.932607
1755406535592,0.29671,-0.007777,9.868001
1755406535594,0.267996,-0.000598,9.903893
1755406535597,0.260818,0.037687,9.887143
1755406535601,0.31346,-0.029312,9.863214
1755406535606,0.258425,-0.060419,9.891929
1755406535607,0.315853,-0.022134,9.856036
1755406535608,0.289532,0.013759,9.944571
1755406535609,0.289532,-0.005384,9.906285
1755406535611,0.258425,0.020937,9.832108
1755406535614,0.287139,-0.019741,9.908679
1755406535616,0.311067,-0.000598,9.896714
1755406535620,0.267996,-0.024526,9.801002
1755406535621,0.236889,0.00658,9.839287
1755406535623,0.232104,-0.026919,9.757931
1755406535625,0.318245,-0.019741,9.954441
1755406535628,0.29671,-0.019741,9.829716
1755406535630,0.349352,-0.06999,9.939785
1755406535633,0.294317,-0.034098,9.877572
1755406535635,0.404387,-0.08674,9.997512
1755406535637,0.320638,-0.007777,9.932607
1755406535640,0.29671,-0.019741,9.937392
1755406535642,0.241675,-0.012562,9.779466
1755406535645,0.239282,-0.007777,9.865608
1755406535648,0.260818,-0.034098,9.947263
1755406535650,0.332602,-0.041276,9.896714
1755406535653,0.244068,-0.026919,9.872787
1755406535655,0.272782,-0.007777,9.911072
1755406535657,0.272782,-0.014955,9.868001
1755406535659,0.256032,-0.010169,9.851251
1755406535661,0.306281,0.001795,9.903893
1755406535664,0.289532,0.00658,9.891929
1755406535667,0.27996,-0.017348,9.875179
1755406535669,0.31346,-0.017348,9.908679
1755406535671,0.334995,-0.005384,9.868001
1755406535673,0.301496,-0.05324,9.860822
1755406535676,0.299103,-0.043669,9.805787
1755406535678,0.224925,-0.014955,10.026226
1755406535681,0.308674,0.042473,9.729217
1755406535683,0.236889,-0.000598,10.081261
1755406535685,0.332602,-0.022134,9.753145
1755406535688,0.251246,-0.060419,10.026226
1755406535690,0.308674,0.016152,9.705289
1755406535692,0.224925,-0.084347,9.987941
1755406535695,0.31346,0.013759,9.858429
1755406535698,0.29671,0.001795,9.820144
1755406535700,0.246461,-0.05324,9.920643
1755406535702,0.327817,-0.048455,9.80818
1755406535706,0.246461,-0.026919,9.877572
1755406535708,0.277567,-0.029312,10.016655
1755406535709,0.315853,0.032901,9.755538
1755406535712,0.27996,-0.065204,10.007083
1755406535714,0.327817,-0.026919,9.750752
1755406535716,0.303888,-0.026919,9.987941
1755406535719,0.29671,-0.010169,9.784252
1755406535721,0.311067,-0.029312,10.035797
1755406535724,0.291924,-0.007777,9.777073
1755406535726,0.260818,-0.043669,9.911072
1755406535728,0.282353,-0.048455,9.865608
1755406535731,0.318245,0.011366,9.911072
1755406535733,0.289532,-0.034098,9.822537
1755406535736,0.263211,-0.029312,9.865608
1755406535739,0.33021,-0.038883,9.913465
1755406535741,0.277567,0.030508,9.793823
1755406535743,0.287139,-0.05324,9.983155
1755406535745,0.27996,0.004187,9.829716
1755406535748,0.258425,0.011366,9.934999
1755406535750,0.263211,-0.050847,9.781859
1755406535753,0.308674,-0.046062,10.028619
1755406535757,0.308674,0.011366,9.729217
1755406535759,0.224925,-0.043669,10.014262
1755406535760,0.301496,-0.019741,9.889536
1755406535762,0.289532,0.013759,9.858429
1755406535765,0.263211,-0.074776,9.923036
1755406535767,0.31346,-0.022134,9.899107
1755406535769,0.306281,-0.017348,9.827323
1755406535772,0.205783,-0.046062,9.968799
1755406535774,0.337388,-0.014955,9.82493
1755406535776,0.212961,-0.036491,9.959227
1755406535780,0.272782,-0.034098,9.865608
1755406535781,0.299103,-0.026919,9.879965
1755406535784,0.27996,-0.022134,9.9015
1755406535787,0.251246,-0.029312,9.887143
1755406535789,0.311067,-0.046062,9.882358
1755406535791,0.265603,-0.038883,9.911072
1755406535793,0.265603,-0.019741,9.865608
1755406535796,0.299103,-0.036491,9.899107
1755406535798,0.263211,-0.038883,9.889536
1755406535801,0.287139,-0.062812,9.870394
1755406535803,0.232104,-0.041276,9.903893
1755406535805,0.289532,-0.022134,9.863214
1755406535807,0.260818,-0.034098,9.877572
1755406535810,0.267996,-0.031705,9.84168
1755406535812,0.299103,-0.031705,9.872787
1755406535815,0.349352,-0.046062,10.076475
1755406535817,0.256032,-0.000598,9.757931
1755406535820,0.246461,-0.041276,9.793823
1755406535824,0.320638,-0.060419,9.858429
1755406535824,0.29671,-0.000598,9.9015
1755406535827,0.253639,-0.031705,9.927821
1755406535829,0.282353,-0.026919,9.805787
1755406535832,0.22014,-0.058026,9.812965
1755406535834,0.265603,-0.046062,9.875179
1755406535837,0.294317,-0.055633,9.932607
1755406535839,0.224925,-0.000598,9.858429
1755406535841,0.27996,-0.005384,9.942178
1755406535843,0.277567,-0.022134,9.911072
1755406535846,0.29671,-0.038883,9.702896
1755406535848,0.308674,-0.050847,10.007083
1755406535851,0.236889,0.008973,9.863214
1755406535854,0.27996,-0.010169,9.868001
1755406535858,0.272782,-0.005384,9.877572
1755406535859,0.275175,-0.036491,9.870394
1755406535861,0.306281,-0.029312,9.829716
1755406535863,0.267996,-0.000598,9.872787
1755406535865,0.277567,-0.002991,9.894321
1755406535867,0.267996,-0.022134,9.863214
1755406535870,0.289532,-0.036491,9.877572
1755406535873,0.315853,-0.029312,9.923036
1755406535875,0.229711,-0.010169,9.846465
1755406535877,0.263211,-0.005384,9.860822
1755406535879,0.282353,-0.019741,9.896714
1755406535882,0.327817,-0.034098,9.882358
1755406535884,0.272782,-0.031705,9.942178
1755406535887,0.270389,-0.014955,9.879965
1755406535890,0.289532,-0.029312,9.870394
1755406535891,0.284746,-0.029312,9.930214
1755406535894,0.289532,0.001795,9.91825
1755406535896,0.244068,0.016152,9.858429
1755406535899,0.275175,-0.072383,9.793823
1755406535901,0.289532,-0.058026,9.973584
1755406535903,0.323031,-0.022134,9.745967
1755406535906,0.22014,0.02333,9.966406
1755406535908,0.366102,0.020937,9.817751
1755406535911,0.19352,-0.058026,10.069297
1755406535913,0.346959,-0.010169,9.650253
1755406535916,0.224925,-0.012562,10.098011
1755406535918,0.323031,0.018544,9.762716
1755406535921,0.208176,-0.050847,10.052547
1755406535924,0.323031,-0.012562,9.652647
1755406535925,0.236889,-0.026919,10.028619
1755406535928,0.311067,0.004187,9.74836
1755406535930,0.224925,-0.041276,10.07169
1755406535932,0.344566,-0.000598,9.657433
1755406535934,0.20339,-0.012562,10.031012
1755406535937,0.33021,-0.017348,9.719646
1755406535939,0.236889,-0.048455,10.066904
1755406535943,0.311067,0.001795,9.743574
1755406535944,0.234497,-0.034098,10.011869
1755406535947,0.308674,-0.005384,9.767502
1755406535949,0.239282,-0.043669,10.016655
1755406535951,0.332602,-0.012562,9.731609
1755406535954,0.234497,-0.014955,9.964012
1755406535957,0.358923,-0.036491,9.765109
1755406535959,0.215354,-0.043669,9.992726
1755406535961,0.315853,-0.024526,9.772287
1755406535964,0.236889,-0.017348,9.973584
1755406535966,0.337388,-0.031705,9.760324
1755406535968,0.234497,-0.034098,9.987941
1755406535971,0.33021,-0.012562,9.793823
1755406535974,0.232104,-0.043669,9.891929
1755406535975,0.306281,-0.050847,9.971191
1755406535978,0.327817,0.011366,9.815358
1755406535980,0.22014,-0.089133,9.927821
1755406535983,0.299103,-0.029312,9.786645
1755406535985,0.325424,-0.067597,9.983155
1755406535988,0.29671,0.04008,9.781859
1755406535991,0.299103,-0.055633,9.939785
1755406535992,0.265603,-0.002991,9.829716
1755406535994,0.284746,-0.010169,9.999905
1755406535997,0.277567,0.028116,9.745967
1755406535999,0.303888,-0.074776,9.987941
1755406536002,0.299103,-0.022134,9.82493
1755406536004,0.256032,-0.005384,9.959227
1755406536007,0.241675,-0.000598,9.796216
1755406536010,0.299103,-0.079561,9.971191
1755406536011,0.246461,-0.002991,9.863214
1755406536014,0.31346,0.016152,9.887143
1755406536017,0.27996,-0.026919,9.891929
1755406536018,0.320638,-0.026919,9.865608
1755406536021,0.251246,-0.036491,9.872787
1755406536024,0.284746,-0.000598,9.798609
1755406536026,0.334995,-0.014955,9.872787
1755406536028,0.265603,-0.043669,9.84168
1755406536030,0.287139,-0.019741,9.896714
1755406536033,0.315853,-0.005384,9.860822
1755406536035,0.27996,0.00658,9.959227
1755406536037,0.282353,-0.005384,9.82493
1755406536040,0.267996,-0.046062,9.903893
1755406536044,0.29671,-0.034098,9.805787
1755406536046,0.272782,0.013759,9.925428
1755406536047,0.303888,0.008973,9.822537
1755406536050,0.258425,-0.034098,9.985548
1755406536052,0.301496,0.008973,9.877572
1755406536054,0.282353,-0.046062,9.781859
1755406536059,0.215354,-0.079561,9.990334
1755406536060,0.356531,0.004187,9.810573
1755406536062,0.246461,0.020937,10.078868
1755406536064,0.315853,0.037687,9.71486
1755406536066,0.270389,-0.122632,9.975977
1755406536069,0.327817,-0.038883,9.760324
1755406536071,0.265603,-0.048455,9.975977
1755406536073,0.306281,0.092722,9.891929
1755406536076,0.320638,-0.014955,9.891929
1755406536078,0.222533,-0.046062,9.858429
1755406536081,0.315853,-0.077169,9.805787
1755406536084,0.229711,0.028116,10.021441
1755406536086,0.366102,0.030508,9.779466
1755406536088,0.212961,-0.007777,9.920643
1755406536090,0.354138,-0.084347,9.724431
1755406536093,0.20339,-0.050847,10.045368
1755406536095,0.351745,0.035294,9.760324
1755406536097,0.215354,-0.041276,9.937392
1755406536100,0.337388,-0.06999,9.834501
1755406536103,0.236889,-0.024526,9.927821
1755406536105,0.287139,0.016152,9.796216
1755406536107,0.244068,-0.014955,9.961619
1755406536110,0.339781,-0.031705,9.872787
1755406536112,0.20339,-0.046062,9.937392
1755406536114,0.289532,-0.002991,9.865608
1755406536117,0.291924,-0.012562,9.913465
1755406536119,0.260818,0.018544,9.856036
1755406536121,0.349352,-0.081954,10.074082
1755406536124,0.337388,-0.050847,9.937392
1755406536127,0.248854,-0.007777,9.868001
1755406536129,0.318245,-0.043669,9.961619
1755406536131,0.289532,-0.010169,9.856036
1755406536134,0.277567,-0.043669,9.896714
1755406536136,0.291924,-0.024526,9.84168
1755406536138,0.179163,0.011366,9.805787
1755406536141,0.294317,-0.000598,9.923036
1755406536143,0.244068,-0.010169,9.784252
1755406536147,0.318245,-0.026919,9.79143
1755406536148,0.303888,-0.019741,9.990334
1755406536151,0.289532,-0.010169,9.903893
1755406536152,0.248854,-0.022134,9.84168
1755406536155,0.325424,-0.058026,9.786645
1755406536157,0.229711,-0.017348,9.647861
1755406536161,0.186341,0.066401,9.765109
1755406536163,0.22014,-0.007777,9.693324
1755406536165,0.325424,-0.019741,10.057333
1755406536167,0.342174,-0.026919,9.911072
1755406536169,0.251246,-0.014955,9.913465
1755406536175,0.265603,0.004187,9.820144
1755406536176,0.222533,0.04008,9.765109
1755406536177,0.267996,-0.019741,9.860822
1755406536181,0.356531,-0.060419,9.952048
1755406536182,0.327817,-0.046062,9.911072
1755406536184,0.27996,-0.038883,9.848858
1755406536187,0.29671,-0.038883,9.865608
1755406536188,0.256032,-0.000598,9.903893
1755406536191,0.284746,-0.038883,9.891929
1755406536195,0.289532,-0.017348,9.877572
1755406536197,0.306281,-0.014955,9.848858
1755406536198,0.282353,-0.000598,9.868001
1755406536201,0.29671,0.004187,9.860822
1755406536203,0.325424,-0.034098,9.860822
1755406536205,0.275175,-0.041276,10.002297
1755406536208,0.284746,0.035294,9.870394
1755406536210,0.318245,-0.055633,9.779466
1755406536213,0.215354,-0.062812,10.009477
1755406536215,0.37328,0.004187,9.753145
1755406536218,0.181555,-0.007777,10.035797
1755406536220,0.349352,-0.026919,9.712467
1755406536222,0.234497,-0.058026,10.052547
1755406536224,0.315853,0.016152,9.755538
1755406536229,0.22014,-0.024526,10.016655
1755406536230,0.363709,0.02333,9.767502
1755406536232,0.22014,-0.038883,10.052547
1755406536234,0.354138,0.004187,9.726824
1755406536236,0.234497,-0.019741,9.997512
1755406536239,0.325424,-0.010169,9.810573
1755406536241,0.234497,-0.050847,9.966406
1755406536244,0.318245,0.008973,9.729217
1755406536246,0.267996,-0.007777,9.97837
1755406536250,0.31346,-0.002991,9.839287
1755406536251,0.282353,-0.043669,9.964012
1755406536253,0.275175,-0.019741,9.801002
1755406536256,0.282353,-0.026919,9.91825
1755406536258,0.287139,-0.024526,9.853643
1755406536261,0.270389,-0.043669,9.954441
1755406536264,0.284746,0.018544,9.820144
1755406536266,0.311067,-0.010169,9.934999
1755406536268,0.311067,-0.029312,9.839287
1755406536270,0.289532,0.001795,9.925428
1755406536272,0.275175,0.00658,9.844072
1755406536275,0.306281,-0.019741,9.879965
1755406536277,0.291924,-0.017348,9.877572
1755406536280,0.260818,-0.012562,9.891929
1755406536283,0.294317,0.001795,9.844072
1755406536285,0.308674,-0.007777,9.894321
1755406536287,0.332602,-0.034098,9.856036
1755406536289,0.267996,-0.026919,9.858429
1755406536292,0.291924,-0.022134,9.920643
1755406536294,0.31346,-0.005384,9.863214
1755406536297,0.265603,-0.031705,9.903893
1755406536299,0.282353,-0.055633,9.863214
1755406536301,0.272782,-0.000598,9.894321
1755406536304,0.287139,-0.043669,9.856036
1755406536306,0.258425,-0.029312,9.913465
1755406536309,0.284746,-0.010169,9.856036
1755406536311,0.265603,0.011366,9.896714
1755406536313,0.303888,-0.024526,9.851251
1755406536316,0.263211,-0.034098,9.937392
1755406536318,0.320638,-0.024526,9.851251
1755406536321,0.277567,0.013759,9.964012
1755406536323,0.323031,-0.002991,9.769895
1755406536325,0.256032,-0.046062,9.954441
1755406536328,0.334995,-0.048455,9.762716
1755406536331,0.229711,-0.007777,9.995119
1755406536332,0.323031,0.008973,9.745967
1755406536335,0.277567,-0.046062,10.076475
1755406536337,0.366102,-0.019741,9.702896
1755406536339,0.263211,-0.012562,10.009477
1755406536342,0.320638,-0.019741,9.757931
1755406536344,0.234497,-0.055633,10.045368
1755406536347,0.311067,0.008973,9.760324
1755406536350,0.248854,-0.014955,9.9015
1755406536352,0.318245,-0.026919,9.839287
1755406536354,0.241675,-0.007777,9.908679
1755406536356,0.27996,-0.031705,9.877572
1755406536359,0.260818,0.001795,9.870394
1755406536361,0.299103,-0.072383,9.882358
1755406536364,0.263211,-0.000598,9.858429
1755406536367,0.294317,-0.012562,9.877572
1755406536369,0.256032,-0.012562,9.817751
1755406536371,0.291924,-0.038883,9.961619
1755406536373,0.325424,0.001795,9.734002
1755406536375,0.263211,-0.048455,9.990334
1755406536378,0.291924,0.008973,9.79143
1755406536380,0.275175,-0.062812,9.947263
1755406536383,0.236889,-0.010169,9.793823
1755406536385,0.294317,0.001795,9.915857
1755406536387,0.299103,-0.041276,9.769895
1755406536391,0.256032,-0.046062,10.019048
1755406536392,0.294317,0.008973,9.793823
1755406536395,0.272782,-0.038883,9.934999
1755406536397,0.289532,-0.046062,9.872787
1755406536400,0.301496,-0.031705,9.815358
1755406536402,0.224925,-0.019741,9.959227
1755406536404,0.344566,-0.002991,9.844072
1755406536407,0.272782,-0.031705,9.903893
1755406536409,0.282353,-0.017348,9.891929
1755406536411,0.253639,-0.055633,9.827323
1755406536414,0.334995,-0.010169,9.865608
1755406536416,0.282353,-0.002991,9.868001
1755406536419,0.27996,-0.010169,9.839287
1755406536421,0.284746,-0.017348,9.839287
1755406536423,0.29671,-0.026919,10.035797
1755406536426,0.265603,0.00658,9.779466
1755406536428,0.29671,-0.026919,9.908679
1755406536431,0.308674,-0.026919,9.84168
1755406536434,0.267996,-0.026919,9.868001
1755406536436,0.299103,-0.05324,9.990334
1755406536438,0.308674,-0.017348,9.796216
1755406536440,0.325424,-0.017348,9.899107
1755406536442,0.256032,-0.017348,9.932607
1755406536445,0.327817,-0.002991,9.915857
1755406536447,0.260818,-0.048455,9.815358
1755406536450,0.275175,-0.024526,9.966406
1755406536452,0.306281,-0.012562,9.923036
1755406536454,0.294317,-0.012562,9.784252
1755406536457,0.253639,0.00658,10.050154
1755406536459,0.306281,-0.024526,9.777073
1755406536462,0.241675,-0.019741,9.856036
1755406536464,0.337388,-0.034098,9.812965
1755406536467,0.234497,-0.036491,10.143475
1755406536471,0.311067,-0.026919,9.724431
1755406536472,0.258425,-0.019741,9.903893
1755406536474,0.351745,-0.010169,9.710074
1755406536476,0.265603,-0.017348,10.143475
1755406536479,0.33021,-0.019741,9.750752
1755406536481,0.251246,-0.072383,9.952048
1755406536484,0.29671,-0.007777,9.810573
1755406536486,0.236889,-0.046062,9.983155
1755406536488,0.342174,-0.026919,9.71486
1755406536490,0.253639,-0.026919,10.014262
1755406536493,0.306281,0.016152,9.805787
1755406536495,0.236889,-0.005384,9.939785
1755406536498,0.306281,-0.007777,9.77468
1755406536500,0.229711,-0.036491,9.997512
1755406536503,0.344566,0.020937,9.82493
1755406536505,0.282353,-0.043669,9.9015
1755406536507,0.342174,-0.067597,9.781859
1755406536509,0.258425,-0.046062,9.952048
1755406536512,0.308674,0.004187,9.84168
1755406536514,0.256032,-0.012562,9.834501
1755406536517,0.315853,-0.05324,9.84168
1755406536520,0.234497,-0.012562,9.944571
1755406536522,0.27996,-0.029312,9.894321
1755406536524,0.217747,-0.024526,9.889536
1755406536527,0.332602,-0.043669,9.810573
1755406536529,0.227318,-0.031705,9.923036
1755406536531,0.31346,-0.010169,9.927821
1755406536535,0.270389,-0.017348,9.860822
1755406536537,0.311067,-0.081954,9.877572
1755406536540,0.258425,0.013759,9.891929
1755406536541,0.308674,0.001795,9.865608
1755406536543,0.265603,-0.026919,9.868001
1755406536546,0.291924,-0.029312,9.937392
1755406536548,0.294317,-0.012562,9.798609
1755406536552,0.270389,-0.029312,9.961619
1755406536554,0.303888,-0.014955,9.817751
1755406536555,0.267996,-0.050847,9.915857
1755406536558,0.239282,-0.026919,9.908679
1755406536560,0.29671,-0.002991,9.868001
1755406536562,0.258425,-0.055633,9.934999
1755406536565,0.31346,-0.034098,9.872787
1755406536569,0.291924,-0.034098,9.844072
1755406536570,0.267996,-0.036491,9.872787
1755406536572,0.29671,-0.024526,9.88475
1755406536574,0.270389,0.008973,9.887143
1755406536577,0.275175,-0.058026,9.863214
1755406536579,0.282353,-0.034098,9.877572
1755406536581,0.277567,-0.046062,9.908679
1755406536584,0.282353,-0.022134,9.896714
1755406536587,0.301496,-0.024526,9.80818
1755406536589,0.277567,0.013759,9.894321
1755406536592,0.291924,-0.034098,9.891929
1755406536594,0.248854,-0.017348,9.868001
1755406536596,0.275175,-0.014955,9.844072
1755406536598,0.301496,0.011366,9.908679
1755406536601,0.263211,-0.034098,9.877572
1755406536603,0.311067,-0.041276,9.853643
1755406536605,0.303888,-0.019741,9.865608
1755406536608,0.284746,-0.034098,9.913465
1755406536610,0.311067,-0.014955,9.91825
1755406536613,0.272782,-0.017348,9.911072
1755406536615,0.27996,-0.031705,9.879965
1755406536617,0.267996,0.004187,9.875179
1755406536620,0.311067,-0.026919,9.9015
1755406536622,0.265603,-0.014955,9.949656
1755406536625,0.275175,-0.019741,9.82493
1755406536627,0.256032,-0.017348,9.860822
1755406536629,0.318245,-0.036491,9.91825
1755406536632,0.289532,-0.036491,9.793823
1755406536635,0.267996,-0.031705,9.947263
1755406536638,0.301496,0.068794,9.810573
1755406536639,0.267996,-0.038883,9.920643
1755406536642,0.275175,-0.050847,9.80818
1755406536644,0.315853,-0.072383,9.939785
1755406536646,0.232104,0.025723,9.870394
1755406536649,0.287139,-0.010169,9.851251
1755406536651,0.277567,-0.050847,9.88475
1755406536654,0.294317,-0.038883,9.863214
1755406536656,0.232104,-0.026919,9.906285
1755406536658,0.332602,-0.007777,9.848858
1755406536660,0.284746,-0.024526,9.925428
1755406536663,0.275175,-0.002991,9.860822
1755406536665,0.263211,-0.048455,9.920643
1755406536668,0.291924,-0.000598,9.853643
1755406536671,0.306281,-0.022134,9.906285
1755406536672,0.289532,-0.007777,9.879965
1755406536675,0.251246,-0.038883,9.903893
1755406536678,0.277567,-0.014955,9.88475
1755406536680,0.270389,-0.014955,9.860822
1755406536682,0.282353,0.008973,9.889536
1755406536685,0.301496,-0.014955,9.877572
1755406536688,0.29671,-0.017348,9.858429
1755406536690,0.272782,-0.041276,9.877572
1755406536692,0.301496,-0.019741,9.88475
1755406536694,0.308674,-0.029312,9.896714
1755406536697,0.308674,-0.022134,9.872787
1755406536699,0.275175,-0.007777,9.896714
1755406536701,0.301496,-0.022134,9.851251
1755406536705,0.294317,-0.041276,9.865608
1755406536707,0.270389,0.004187,9.877572
1755406536709,0.334995,-0.022134,9.851251
1755406536711,0.267996,-0.024526,9.896714
1755406536713,0.267996,-0.029312,9.856036
1755406536716,0.270389,-0.041276,9.875179
1755406536718,0.284746,-0.041276,9.856036
1755406536721,0.29671,-0.002991,9.949656
1755406536723,0.311067,-0.014955,9.891929
1755406536725,0.267996,-0.036491,9.848858
1755406536728,0.267996,-0.038883,9.88475
1755406536730,0.282353,-0.026919,9.868001
1755406536732,0.294317,-0.017348,9.9015
1755406536735,0.277567,-0.002991,9.882358
1755406536738,0.282353,-0.026919,9.868001
1755406536740,0.248854,-0.007777,9.903893
1755406536743,0.308674,-0.034098,9.729217
1755406536744,0.260818,-0.038883,9.966406
1755406536747,0.282353,0.004187,10.002297
1755406536749,0.277567,0.028116,9.741181
1755406536752,0.246461,-0.038883,10.014262
1755406536754,0.327817,0.00658,9.839287
1755406536757,0.239282,-0.024526,9.891929
1755406536759,0.260818,-0.038883,9.79143
1755406536762,0.318245,-0.034098,9.947263
1755406536763,0.308674,-0.019741,9.894321
1755406536766,0.267996,-0.034098,9.812965
1755406536768,0.327817,-0.017348,10.007083
1755406536771,0.244068,-0.002991,9.812965
1755406536774,0.270389,-0.019741,9.968799
1755406536776,0.29671,-0.007777,9.767502
1755406536778,0.287139,-0.024526,9.939785
1755406536780,0.282353,-0.019741,9.834501
1755406536783,0.29671,-0.022134,9.952048
1755406536785,0.263211,-0.05324,9.82493
1755406536788,0.267996,-0.007777,9.889536
1755406536790,0.275175,-0.012562,9.930214
1755406536792,0.282353,-0.050847,9.789038
1755406536795,0.265603,-0.019741,9.937392
1755406536798,0.291924,-0.002991,9.762716
1755406536800,0.253639,0.013759,9.966406
1755406536803,0.289532,-0.007777,9.9015
1755406536805,0.272782,-0.024526,9.937392
1755406536808,0.299103,-0.036491,9.820144
1755406536809,0.248854,-0.010169,9.906285
1755406536812,0.301496,-0.007777,9.908679
1755406536814,0.284746,-0.029312,9.894321
1755406536816,0.301496,-0.024526,9.894321
1755406536819,0.287139,-0.005384,9.908679
1755406536821,0.299103,-0.036491,9.779466
1755406536824,0.29671,-0.017348,9.887143
1755406536826,0.294317,-0.022134,9.91825
1755406536829,0.29671,0.008973,9.992726
1755406536831,0.284746,-0.034098,9.769895
1755406536833,0.256032,-0.046062,9.829716
1755406536836,0.33021,-0.029312,9.851251
1755406536839,0.287139,-0.024526,9.913465
1755406536841,0.256032,-0.007777,9.882358
1755406536843,0.323031,-0.017348,9.84168
1755406536845,0.301496,-0.036491,9.980762
1755406536847,0.272782,-0.043669,9.851251
1755406536850,0.277567,-0.002991,9.851251
1755406536852,0.275175,-0.024526,9.908679
1755406536855,0.303888,-0.007777,9.851251
1755406536857,0.294317,-0.026919,9.903893
1755406536859,0.270389,-0.019741,9.860822
1755406536862,0.284746,-0.024526,9.870394
1755406536865,0.263211,-0.022134,9.877572
1755406536867,0.275175,-0.024526,9.9015
1755406536869,0.260818,-0.005384,9.889536
1755406536872,0.323031,-0.002991,9.872787
1755406536874,0.301496,-0.038883,9.906285
1755406536877,0.291924,-0.000598,9.865608
1755406536879,0.272782,-0.036491,9.88475
1755406536881,0.31346,-0.024526,9.870394
1755406536883,0.289532,-0.005384,9.891929
1755406536886,0.291924,-0.034098,9.856036
1755406536888,0.315853,-0.036491,9.88475
1755406536892,0.301496,-0.010169,9.923036
1755406536893,0.306281,-0.007777,9.889536
1755406536896,0.284746,-0.043669,9.865608
1755406536898,0.275175,-0.029312,9.887143
1755406536900,0.327817,-0.029312,9.879965
1755406536903,0.318245,-0.012562,9.879965
1755406536905,0.258425,-0.036491,9.868001
1755406536909,0.291924,-0.022134,9.865608
1755406536911,0.291924,-0.010169,9.889536
1755406536912,0.306281,-0.005384,9.896714
1755406536915,0.308674,-0.014955,9.891929
1755406536917,0.277567,-0.038883,9.882358
1755406536920,0.332602,-0.012562,9.872787
1755406536923,0.277567,-0.022134,9.908679
1755406536926,0.29671,-0.007777,9.891929
1755406536928,0.287139,-0.048455,9.91825
1755406536929,0.308674,-0.038883,9.882358
1755406536931,0.291924,-0.019741,9.870394
1755406536934,0.318245,-0.038883,9.863214
1755406536936,0.291924,-0.012562,9.906285
1755406536939,0.301496,-0.017348,9.882358
1755406536941,0.315853,-0.062812,9.875179
1755406536944,0.291924,-0.031705,9.879965
1755406536948,0.270389,-0.022134,9.887143
1755406536950,0.29671,-0.024526,9.899107
1755406536951,0.284746,-0.007777,9.889536
1755406536953,0.251246,-0.019741,9.906285
1755406536955,0.29671,-0.026919,9.865608
1755406536958,0.275175,-0.036491,9.868001
1755406536961,0.265603,-0.038883,9.870394
1755406536963,0.284746,-0.017348,9.906285
1755406536965,0.315853,-0.017348,9.889536
1755406536967,0.291924,-0.036491,9.891929
1755406536969,0.303888,-0.014955,9.875179
1755406536972,0.306281,-0.024526,9.865608
1755406536974,0.291924,-0.017348,9.889536
1755406536977,0.244068,-0.010169,9.822537
1755406536979,0.311067,-0.002991,9.887143
1755406536982,0.294317,-0.002991,9.88475
1755406536984,0.275175,-0.012562,9.903893
1755406536987,0.294317,-0.060419,9.856036
1755406536989,0.287139,-0.024526,9.891929
1755406536991,0.308674,-0.014955,9.915857
1755406536994,0.277567,-0.034098,9.9015
1755406536996,0.306281,-0.005384,9.88475
1755406536999,0.299103,-0.024526,9.853643
1755406537001,0.289532,-0.029312,9.887143
1755406537003,0.282353,-0.005384,9.875179
1755406537006,0.306281,-0.026919,9.863214
1755406537008,0.29671,-0.007777,9.894321
1755406537010,0.320638,0.008973,9.896714
1755406537013,0.294317,-0.017348,9.906285
1755406537015,0.282353,-0.036491,9.891929
1755406537018,0.270389,-0.026919,9.882358
1755406537020,0.299103,-0.014955,9.868001
1755406537022,0.29671,-0.038883,9.877572
1755406537025,0.289532,-0.022134,9.870394
1755406537028,0.311067,0.004187,9.870394
1755406537030,0.282353,-0.019741,9.896714
1755406537032,0.277567,-0.014955,9.868001
1755406537035,0.253639,0.00658,9.88475
1755406537037,0.294317,-0.005384,9.894321
1755406537039,0.287139,-0.000598,9.903893
1755406537043,0.308674,-0.002991,9.887143
1755406537044,0.270389,-0.019741,9.896714
1755406537047,0.287139,-0.017348,9.887143
1755406537049,0.265603,0.004187,9.870394
1755406537052,0.282353,0.013759,9.882358
1755406537054,0.311067,-0.034098,9.88475
1755406537056,0.299103,-0.012562,9.882358
1755406537059,0.282353,-0.000598,9.887143
1755406537061,0.291924,-0.024526,9.877572
1755406537063,0.287139,-0.036491,9.872787
1755406537065,0.277567,0.001795,9.865608
1755406537068,0.306281,-0.031705,9.887143
1755406537070,0.315853,-0.019741,9.870394
1755406537073,0.282353,-0.012562,9.865608
1755406537075,0.27996,-0.012562,9.858429
1755406537079,0.315853,-0.019741,9.858429
1755406537081,0.272782,-0.019741,9.875179
1755406537084,0.270389,-0.024526,9.853643
1755406537085,0.287139,0.001795,9.887143
1755406537087,0.287139,-0.010169,9.877572
1755406537089,0.256032,-0.019741,9.88475
1755406537092,0.291924,-0.038883,9.88475
1755406537096,0.289532,-0.019741,9.887143
1755406537097,0.275175,-0.022134,9.896714
1755406537099,0.263211,-0.000598,9.868001
1755406537101,0.27996,0.020937,9.899107
1755406537104,0.27996,-0.007777,9.887143
1755406537106,0.270389,-0.012562,9.879965
1755406537109,0.270389,-0.022134,9.88475
1755406537111,0.29671,-0.026919,9.877572
1755406537114,0.263211,-0.041276,9.879965
1755406537116,0.267996,-0.043669,9.875179
1755406537118,0.258425,0.004187,9.894321
1755406537121,0.270389,-0.012562,9.887143
1755406537123,0.299103,-0.038883,9.891929
1755406537125,0.31346,-0.022134,9.899107
1755406537128,0.311067,-0.031705,9.879965
1755406537130,0.301496,-0.034098,9.875179
1755406537133,0.277567,-0.038883,9.9015
1755406537135,0.291924,-0.014955,9.872787
1755406537137,0.291924,-0.000598,9.952048
1755406537140,0.270389,0.013759,9.939785
1755406537143,0.320638,-0.048455,9.954441
1755406537144,0.256032,-0.026919,9.865608
1755406537147,0.315853,-0.012562,9.913465
1755406537149,0.263211,-0.007777,9.856036
1755406537152,0.27996,-0.000598,9.882358
1755406537154,0.251246,-0.026919,9.889536
1755406537157,0.294317,-0.029312,9.882358
1755406537159,0.277567,-0.019741,9.875179
1755406537161,0.267996,-0.036491,9.906285
1755406537166,0.299103,0.008973,9.877572
1755406537167,0.29671,-0.026919,9.88475
1755406537168,0.265603,-0.029312,9.879965
1755406537171,0.272782,-0.007777,9.879965
1755406537173,0.265603,-0.000598,9.848858
1755406537176,0.270389,0.016152,9.858429
1755406537178,0.287139,-0.017348,9.870394
1755406537181,0.289532,-0.000598,9.88475
1755406537183,0.299103,-0.000598,9.877572
1755406537185,0.311067,-0.014955,9.903893
1755406537188,0.248854,-0.036491,9.889536
1755406537190,0.267996,-0.005384,9.899107
1755406537192,0.277567,-0.017348,9.88475
1755406537195,0.258425,-0.034098,9.889536
1755406537198,0.282353,-0.026919,9.879965
1755406537200,0.287139,-0.010169,9.889536
1755406537202,0.270389,-0.036491,9.896714
1755406537205,0.284746,-0.034098,9.896714
1755406537207,0.291924,-0.000598,9.891929
1755406537209,0.282353,-0.010169,9.882358
1755406537212,0.258425,-0.002991,9.889536
1755406537215,0.294317,0.008973,9.903893
1755406537218,0.284746,0.004187,9.879965
1755406537219,0.284746,-0.022134,9.889536
1755406537221,0.301496,-0.026919,9.908679
1755406537224,0.311067,-0.048455,9.877572
1755406537226,0.301496,-0.026919,9.872787
1755406537229,0.270389,-0.022134,9.889536
1755406537232,0.267996,-0.007777,9.899107
1755406537234,0.284746,-0.043669,9.899107
1755406537236,0.267996,-0.046062,9.903893
1755406537238,0.303888,-0.038883,9.879965
1755406537241,0.263211,-0.031705,9.877572
1755406537243,0.258425,0.008973,9.858429
1755406537246,0.284746,0.001795,9.877572
1755406537249,0.289532,-0.002991,9.889536
1755406537251,0.289532,-0.019741,9.88475
1755406537252,0.287139,-0.036491,9.875179
1755406537255,0.284746,-0.031705,9.877572
1755406537258,0.289532,-0.014955,9.889536
1755406537260,0.284746,0.004187,9.868001
1755406537262,0.306281,-0.010169,9.863214
1755406537265,0.282353,-0.019741,9.872787
1755406537269,0.294317,-0.022134,9.877572
1755406537270,0.287139,-0.031705,9.875179
1755406537271,0.303888,-0.000598,9.877572
1755406537274,0.291924,-0.000598,9.889536
1755406537276,0.289532,-0.036491,9.903893
1755406537279,0.275175,-0.019741,9.882358
1755406537281,0.294317,-0.036491,9.870394
1755406537284,0.272782,-0.014955,9.868001
1755406537287,0.318245,-0.026919,9.877572
1755406537288,0.277567,0.008973,9.875179
1755406537291,0.29671,-0.036491,9.877572
1755406537293,0.282353,-0.026919,9.863214
1755406537295,0.27996,-0.014955,9.851251
1755406537298,0.282353,-0.024526,9.856036
1755406537301,0.277567,-0.024526,9.846465
1755406537303,0.263211,-0.034098,9.875179
1755406537305,0.265603,-0.034098,9.877572
1755406537308,0.27996,-0.024526,9.887143
1755406537310,0.275175,-0.005384,9.896714
1755406537312,0.282353,-0.019741,9.882358
1755406537315,0.311067,-0.019741,9.870394
1755406537317,0.239282,-0.041276,9.839287
1755406537320,0.267996,-0.012562,9.877572
1755406537322,0.27996,-0.05324,9.891929
1755406537325,0.29671,-0.022134,9.865608
1755406537327,0.306281,-0.012562,9.860822
1755406537329,0.282353,-0.012562,9.896714
1755406537331,0.275175,-0.031705,9.877572
1755406537334,0.265603,-0.029312,9.887143
1755406537336,0.267996,-0.048455,9.877572
1755406537339,0.267996,-0.022134,9.879965
1755406537342,0.289532,-0.014955,9.896714
1755406537344,0.318245,-0.034098,9.894321
1755406537346,0.291924,-0.019741,9.877572
1755406537348,0.291924,-0.017348,9.889536
1755406537351,0.284746,-0.002991,9.879965
1755406537353,0.284746,-0.010169,9.858429
1755406537356,0.267996,-0.043669,9.853643
1755406537358,0.270389,-0.046062,9.865608
1755406537360,0.270389,-0.038883,9.870394
1755406537363,0.275175,-0.000598,9.868001
1755406537365,0.265603,-0.026919,9.894321
1755406537368,0.272782,-0.038883,9.887143
1755406537372,0.287139,-0.026919,9.896714
1755406537373,0.267996,0.004187,9.882358
1755406537375,0.270389,-0.038883,9.896714
1755406537377,0.287139,-0.026919,9.88475
1755406537379,0.315853,-0.019741,9.875179
1755406537382,0.251246,-0.029312,9.908679
1755406537384,0.29671,0.00658,9.875179
1755406537387,0.299103,-0.034098,9.908679
1755406537389,0.263211,-0.005384,9.894321
1755406537392,0.29671,-0.007777,9.899107
1755406537394,0.270389,-0.024526,9.872787
1755406537396,0.260818,-0.000598,9.894321
1755406537399,0.294317,-0.031705,9.877572
1755406537402,0.272782,-0.036491,9.868001
1755406537405,0.289532,-0.046062,9.877572
1755406537407,0.275175,0.001795,9.889536
1755406537409,0.275175,-0.031705,9.882358
1755406537410,0.306281,-0.043669,9.896714
1755406537413,0.291924,-0.022134,9.894321
1755406537415,0.277567,-0.002991,9.848858
1755406537418,0.282353,-0.005384,9.856036
1755406537420,0.244068,0.004187,9.879965
1755406537422,0.289532,-0.012562,9.882358
1755406537425,0.294317,-0.031705,9.875179
1755406537427,0.301496,-0.017348,9.870394
1755406537430,0.287139,-0.014955,9.863214
1755406537432,0.270389,-0.031705,9.870394
1755406537436,0.282353,-0.019741,9.848858
1755406537437,0.284746,-0.010169,9.860822
1755406537439,0.265603,-0.022134,9.882358
1755406537442,0.287139,-0.002991,9.903893
1755406537444,0.289532,-0.000598,9.896714
1755406537446,0.265603,-0.031705,9.877572
1755406537449,0.277567,-0.007777,9.870394
1755406537453,0.27996,-0.034098,9.887143
1755406537454,0.270389,-0.010169,9.88475
1755406537456,0.260818,-0.038883,9.894321
1755406537459,0.291924,-0.036491,9.899107
1755406537461,0.301496,-0.005384,9.889536
1755406537463,0.294317,-0.026919,9.891929
1755406537466,0.289532,-0.024526,9.88475
1755406537470,0.272782,-0.002991,9.870394
1755406537471,0.272782,-0.012562,9.891929
1755406537473,0.256032,-0.026919,9.908679
1755406537475,0.265603,-0.019741,9.870394
1755406537478,0.289532,-0.029312,9.872787
1755406537481,0.272782,-0.043669,9.896714
1755406537483,0.291924,-0.007777,9.879965
1755406537485,0.287139,-0.005384,9.88475
1755406537488,0.287139,-0.010169,9.865608
1755406537491,0.270389,-0.022134,9.870394
1755406537492,0.289532,0.00658,9.872787
1755406537495,0.27996,-0.000598,9.872787
1755406537497,0.244068,0.00658,9.875179
1755406537499,0.299103,0.001795,9.872787
1755406537501,0.263211,-0.014955,9.868001
1755406537504,0.270389,-0.017348,9.860822
1755406537506,0.294317,-0.012562,9.865608
1755406537509,0.275175,0.001795,9.894321
1755406537511,0.260818,-0.034098,9.882358
1755406537514,0.272782,-0.036491,9.877572
1755406537516,0.287139,-0.041276,9.889536
1755406537518,0.258425,-0.017348,9.896714
1755406537521,0.27996,-0.005384,9.896714
1755406537523,0.275175,-0.022134,9.882358
1755406537526,0.301496,-0.014955,9.889536
1755406537528,0.284746,-0.014955,9.879965
1755406537531,0.277567,0.008973,9.865608
1755406537533,0.308674,-0.017348,9.88475
1755406537535,0.275175,-0.024526,9.891929
1755406537539,0.289532,-0.005384,9.899107
1755406537540,0.267996,-0.031705,9.899107
1755406537543,0.260818,-0.024526,9.882358
1755406537545,0.291924,-0.014955,9.882358
1755406537547,0.256032,-0.036491,9.870394
1755406537549,0.299103,-0.017348,9.88475
1755406537552,0.258425,-0.036491,9.887143
1755406537555,0.256032,-0.038883,9.882358
1755406537557,0.272782,-0.012562,9.891929
1755406537560,0.299103,-0.046062,9.879965
1755406537563,0.265603,0.011366,9.870394
1755406537564,0.282353,-0.024526,9.879965
1755406537566,0.275175,-0.024526,9.877572
1755406537569,0.289532,-0.029312,9.899107
1755406537572,0.267996,-0.002991,9.870394
1755406537574,0.294317,-0.031705,9.844072
1755406537577,0.270389,-0.055633,9.868001
1755406537579,0.267996,-0.010169,9.894321
1755406537581,0.291924,-0.014955,9.889536
1755406537583,0.29671,-0.014955,9.911072
1755406537586,0.287139,-0.019741,9.870394
1755406537589,0.27996,-0.002991,9.899107
1755406537591,0.306281,-0.029312,9.88475
1755406537593,0.270389,-0.019741,9.894321
1755406537595,0.272782,-0.031705,9.891929
1755406537597,0.287139,-0.014955,9.891929
1755406537600,0.294317,-0.029312,9.872787
1755406537603,0.282353,-0.019741,9.879965
1755406537606,0.289532,-0.034098,9.887143
1755406537610,0.277567,-0.029312,9.875179
1755406537611,0.287139,-0.005384,9.875179
1755406537612,0.294317,-0.000598,9.903893
1755406537614,0.275175,0.001795,9.875179
1755406537617,0.301496,-0.034098,9.889536
1755406537619,0.294317,-0.031705,9.88475
1755406537623,0.284746,-0.012562,9.899107
1755406537624,0.27996,-0.031705,9.877572
1755406537627,0.299103,-0.034098,9.872787
1755406537628,0.306281,-0.005384,9.896714
1755406537631,0.306281,-0.012562,9.88475
1755406537633,0.282353,-0.002991,9.879965
1755406537636,0.299103,-0.017348,9.896714
1755406537641,0.260818,-0.010169,9.903893
1755406537643,0.275175,-0.026919,9.896714
1755406537645,0.315853,-0.012562,9.877572
1755406537646,0.29671,-0.014955,9.863214
1755406537648,0.282353,-0.029312,9.889536
1755406537651,0.311067,-0.034098,9.868001
1755406537653,0.29671,-0.029312,9.856036
1755406537655,0.291924,-0.012562,9.889536
1755406537661,0.282353,-0.031705,9.887143
1755406537662,0.294317,-0.017348,9.882358
1755406537663,0.303888,-0.029312,9.882358
1755406537665,0.289532,-0.05324,9.865608
1755406537667,0.303888,0.001795,9.868001
1755406537670,0.263211,0.013759,9.870394
1755406537672,0.291924,-0.005384,9.877572
1755406537675,0.282353,-0.005384,9.894321
1755406537677,0.287139,-0.022134,9.9015
1755406537679,0.33021,-0.031705,9.903893
1755406537681,0.289532,-0.048455,9.882358
1755406537684,0.270389,-0.048455,9.860822
1755406537686,0.282353,-0.034098,9.860822
1755406537689,0.284746,-0.010169,9.868001
1755406537692,0.291924,-0.031705,9.891929
1755406537696,0.291924,-0.005384,9.863214
1755406537697,0.248854,-0.002991,9.870394
1755406537698,0.267996,0.00658,9.877572
1755406537701,0.299103,-0.002991,9.870394
1755406537703,0.299103,-0.014955,9.872787
1755406537705,0.303888,-0.022134,9.88475
1755406537708,0.284746,-0.002991,9.887143
1755406537711,0.303888,-0.029312,9.887143
1755406537713,0.29671,-0.014955,9.872787
1755406537715,0.299103,-0.017348,9.879965
1755406537717,0.265603,-0.031705,9.894321
1755406537720,0.289532,-0.022134,9.887143
1755406537722,0.282353,-0.007777,9.891929
1755406537725,0.27996,-0.029312,9.88475
1755406537727,0.301496,-0.055633,9.88475
1755406537729,0.267996,-0.022134,9.88475
1755406537732,0.277567,-0.005384,9.891929
1755406537734,0.29671,0.016152,9.865608
1755406537736,0.311067,-0.022134,9.853643
1755406537739,0.306281,-0.019741,9.882358
1755406537743,0.306281,-0.024526,9.887143
1755406537745,0.251246,-0.005384,9.870394
1755406537747,0.258425,-0.010169,9.870394
1755406537748,0.253639,-0.036491,9.863214
1755406537751,0.31346,-0.026919,9.872787
1755406537753,0.267996,-0.029312,9.882358
1755406537756,0.275175,-0.007777,9.863214
1755406537759,0.265603,-0.012562,9.899107
1755406537761,0.291924,-0.046062,9.88475
1755406537763,0.327817,-0.038883,9.877572
1755406537765,0.289532,-0.017348,9.872787
1755406537768,0.272782,-0.012562,9.88475
1755406537770,0.284746,-0.031705,9.856036
1755406537773,0.272782,-0.031705,9.920643
1755406537777,0.299103,-0.022134,9.860822
1755406537779,0.289532,-0.014955,9.891929
1755406537780,0.289532,-0.010169,9.889536
1755406537782,0.306281,-0.022134,9.872787
1755406537784,0.303888,-0.058026,9.863214
1755406537787,0.263211,-0.031705,9.920643
1755406537789,0.332602,-0.007777,9.863214
1755406537793,0.275175,-0.024526,9.84168
1755406537794,0.323031,-0.05324,9.920643
1755406537797,0.29671,-0.041276,9.88475
1755406537799,0.29671,-0.041276,9.820144
1755406537801,0.229711,-0.019741,9.877572
1755406537804,0.358923,-0.05324,9.870394
1755406537806,0.320638,-0.029312,9.937392
1755406537811,0.315853,-0.046062,9.872787
1755406537812,0.289532,-0.058026,9.906285
1755406537813,0.275175,0.030508,10.040583
1755406537816,0.31346,-0.017348,9.688539
1755406537818,0.210568,-0.079561,9.973584
1755406537820,0.387637,-0.062812,9.688539
1755406537823,0.208176,0.025723,10.05494
1755406537827,0.368495,0.073579,9.719646
1755406537829,0.191127,-0.05324,10.031012
1755406537831,0.378066,-0.062812,9.657433
1755406537833,0.200997,0.00658,10.112368
1755406537835,0.370888,0.078365,9.734002
1755406537837,0.181555,-0.026919,10.026226
1755406537840,0.358923,-0.029312,9.688539
1755406537842,0.200997,-0.065204,10.081261
1755406537845,0.334995,0.05683,9.710074
1755406537847,0.212961,-0.05324,10.052547
1755406537849,0.351745,-0.026919,9.712467
1755406537851,0.248854,-0.050847,10.074082
1755406537854,0.325424,0.071186,9.760324
1755406537857,0.229711,-0.014955,9.952048
1755406537859,0.27996,-0.055633,9.832108
1755406537862,0.311067,-0.007777,9.88475
1755406537864,0.239282,-0.007777,9.863214
1755406537866,0.291924,-0.024526,9.88475
1755406537868,0.320638,-0.024526,9.879965
1755406537871,0.267996,0.001795,9.88475
1755406537873,0.287139,-0.031705,9.91825
1755406537875,0.287139,0.013759,9.829716
1755406537878,0.248854,-0.043669,9.939785
1755406537880,0.337388,-0.007777,9.798609
1755406537883,0.253639,-0.050847,9.947263
1755406537885,0.323031,0.001795,9.801002
1755406537887,0.277567,-0.026919,9.990334
1755406537890,0.272782,0.011366,9.812965
1755406537892,0.260818,-0.024526,9.964012
1755406537896,0.289532,-0.014955,9.79143
1755406537900,0.263211,-0.043669,9.947263
1755406537901,0.27996,-0.017348,9.832108
1755406537902,0.256032,-0.024526,9.865608
1755406537904,0.337388,-0.029312,9.913465
1755406537907,0.291924,-0.012562,9.853643
1755406537909,0.301496,-0.048455,9.80818
1755406537912,0.253639,-0.041276,9.990334
1755406537914,0.303888,0.018544,9.79143
1755406537917,0.236889,-0.041276,9.964012
1755406537919,0.311067,-0.024526,9.765109
1755406537921,0.267996,-0.127418,9.856036
1755406537923,0.258425,-0.012562,9.995119
1755406537926,0.351745,0.083151,9.832108
1755406537929,0.253639,0.028116,9.932607
1755406537931,0.361316,-0.096311,9.707682
1755406537933,0.164806,-0.093918,10.028619
1755406537935,0.337388,0.030508,9.796216
1755406537938,0.22014,0.016152,10.03819
1755406537940,0.337388,-0.067597,9.698111
1755406537943,0.241675,-0.072383,10.031012
1755406537946,0.361316,0.02333,9.77468
1755406537949,0.239282,-0.017348,9.923036
1755406537950,0.308674,-0.048455,9.848858
1755406537952,0.272782,-0.022134,9.927821
1755406537955,0.289532,-0.014955,9.801002
1755406537957,0.241675,-0.014955,9.908679
1755406537959,0.303888,-0.014955,9.896714
1755406537963,0.31346,-0.036491,9.769895
1755406537965,0.234497,-0.055633,10.021441
1755406537967,0.303888,0.020937,9.760324
1755406537969,0.253639,-0.014955,9.987941
1755406537971,0.318245,-0.048455,9.79143
1755406537974,0.306281,-0.043669,9.995119
1755406537976,0.294317,-0.031705,9.769895
1755406537981,0.246461,-0.038883,9.930214
1755406537982,0.346959,-0.046062,9.865608
1755406537984,0.248854,0.047258,9.865608
1755406537986,0.263211,-0.022134,9.879965
1755406537988,0.287139,-0.031705,9.858429
1755406537991,0.291924,-0.014955,9.942178
1755406537993,0.260818,0.047258,9.834501
1755406537997,0.291924,-0.060419,9.920643
1755406537999,0.287139,-0.026919,9.805787
1755406538001,0.282353,-0.038883,9.995119
1755406538003,0.284746,0.05683,9.79143
1755406538005,0.282353,-0.065204,9.968799
1755406538007,0.323031,-0.026919,9.793823
1755406538010,0.282353,-0.05324,10.00469
1755406538015,0.323031,0.032901,9.731609
1755406538017,0.27996,-0.081954,10.00469
1755406538018,0.308674,-0.007777,9.745967
1755406538020,0.229711,-0.031705,10.021441
1755406538022,0.306281,0.02333,9.662218
1755406538024,0.239282,-0.08674,10.090832
1755406538026,0.37328,0.013759,9.760324
1755406538029,0.22014,-0.034098,10.026226
1755406538032,0.323031,0.02333,9.750752
1755406538034,0.277567,-0.041276,9.9015
1755406538036,0.277567,-0.038883,9.84168
1755406538038,0.301496,-0.034098,9.952048
1755406538041,0.315853,0.008973,9.82493
1755406538043,0.282353,-0.005384,9.891929
1755406538046,0.311067,-0.058026,9.822537
1755406538049,0.27996,0.020937,10.021441
1755406538052,0.311067,-0.000598,9.772287
1755406538053,0.205783,-0.022134,10.05494
1755406538056,0.311067,-0.031705,9.688539
1755406538058,0.210568,0.011366,10.014262
1755406538060,0.301496,-0.022134,9.762716
1755406538062,0.234497,-0.065204,9.932607
1755406538065,0.320638,-0.017348,9.769895
1755406538067,0.239282,-0.017348,10.074082
1755406538070,0.301496,-0.022134,9.745967
1755406538072,0.224925,-0.029312,10.002297
1755406538075,0.334995,0.030508,9.767502
1755406538077,0.20339,-0.012562,10.002297
1755406538079,0.325424,-0.012562,9.745967
1755406538083,0.241675,-0.017348,10.019048
1755406538084,0.332602,0.020937,9.793823
1755406538087,0.246461,-0.019741,9.964012
1755406538089,0.378066,-0.031705,9.750752
1755406538091,0.224925,-0.05324,9.97837
1755406538093,0.327817,0.028116,9.805787
1755406538096,0.236889,-0.017348,9.925428
1755406538099,0.27996,-0.046062,9.762716
1755406538102,0.210568,0.020937,9.961619
1755406538104,0.282353,0.008973,9.846465
1755406538105,0.289532,-0.048455,9.911072
1755406538108,0.342174,-0.05324,9.793823
1755406538110,0.234497,0.016152,9.97837
1755406538113,0.303888,-0.005384,9.822537
1755406538117,0.232104,-0.005384,9.882358
1755406538118,0.334995,-0.026919,9.796216
1755406538120,0.241675,-0.031705,9.959227
1755406538122,0.308674,-0.026919,9.805787
1755406538125,0.212961,-0.012562,10.007083
1755406538127,0.358923,-0.038883,9.755538
1755406538130,0.212961,-0.017348,9.947263
1755406538133,0.294317,-0.000598,9.753145
1755406538135,0.217747,0.011366,10.03819
1755406538137,0.37328,-0.019741,9.724431
1755406538139,0.195912,-0.05324,10.07169
1755406538143,0.318245,-0.024526,9.693324
1755406538144,0.19352,-0.000598,10.086046
1755406538146,0.354138,-0.010169,9.700503
1755406538151,0.188734,-0.041276,10.033404
1755406538154,0.385244,-0.05324,9.695718
1755406538156,0.155234,-0.031705,10.107582
1755406538157,0.394816,0.013759,9.600004
1755406538159,0.157627,-0.077169,10.162617
1755406538160,0.380459,0.018544,9.616755
1755406538164,0.19352,-0.074776,10.143475
1755406538165,0.392423,0.052044,9.643075
1755406538168,0.205783,-0.060419,10.086046
1755406538170,0.325424,-0.002991,9.688539
1755406538172,0.248854,-0.091525,9.987941
1755406538175,0.318245,0.032901,9.786645
1755406538177,0.303888,-0.05324,9.983155
1755406538180,0.29671,0.00658,9.80818
1755406538183,0.303888,-0.098704,9.863214
1755406538185,0.222533,0.011366,9.980762
1755406538187,0.375673,-0.031705,9.698111
1755406538189,0.145663,-0.017348,10.20808
1755406538191,0.449851,0.030508,9.547362
1755406538194,0.102592,-0.117847,10.205688
1755406538197,0.430708,0.092722,9.614362
1755406538199,0.224925,-0.127418,10.007083
1755406538202,0.315853,0.042473,9.88475
1755406538204,0.342174,-0.017348,9.719646
1755406538206,0.138485,-0.077169,10.150653
1755406538208,0.437887,0.061615,9.650253
1755406538211,0.212961,-0.108275,10.035797
1755406538213,0.284746,0.032901,9.908679
1755406538216,0.385244,-0.029312,9.68136
1755406538219,0.162413,-0.096311,10.162617
1755406538221,0.437887,0.090329,9.631111
1755406538224,0.198604,-0.096311,9.975977
1755406538225,0.270389,0.016152,9.896714
1755406538228,0.351745,0.013759,9.798609
1755406538230,0.150449,-0.046062,10.00469
1755406538232,0.370888,0.008973,9.738789
1755406538235,0.22014,-0.060419,10.014262
1755406538237,0.265603,0.00658,9.717253
1755406538240,0.260818,-0.007777,9.789038
1755406538242,0.248854,-0.043669,9.906285
1755406538245,0.346959,0.001795,9.971191
1755406538247,0.301496,-0.022134,10.064511
1755406538249,0.366102,-0.079561,9.942178
1755406538252,0.306281,-0.034098,9.805787
1755406538254,0.265603,-0.019741,9.812965
1755406538256,0.291924,0.008973,9.961619
1755406538259,0.251246,-0.002991,9.923036
1755406538261,0.186341,0.032901,9.836894
1755406538264,0.363709,-0.072383,10.03819
1755406538266,0.133699,0.001795,9.619147
1755406538269,0.323031,0.02333,10.083653
1755406538271,0.248854,-0.007777,9.84168
1755406538275,0.301496,-0.000598,9.889536
1755406538277,0.320638,-0.060419,9.973584
1755406538278,0.303888,-0.041276,9.789038
1755406538281,0.253639,-0.041276,9.908679
1755406538283,0.241675,-0.005384,9.698111
1755406538286,0.272782,-0.062812,9.731609
1755406538291,0.325424,-0.038883,9.997512
1755406538292,0.284746,-0.002991,9.820144
1755406538293,0.200997,0.02333,9.858429
1755406538295,0.239282,0.011366,9.836894
1755406538297,0.29671,-0.024526,9.863214
1755406538300,0.29671,-0.031705,9.911072
1755406538303,0.236889,-0.010169,9.860822
1755406538305,0.260818,0.00658,9.846465
1755406538307,0.277567,-0.026919,9.875179
1755406538309,0.241675,-0.024526,9.829716
1755406538311,0.299103,-0.019741,9.903893
1755406538314,0.282353,-0.002991,9.934999
1755406538316,0.270389,-0.014955,9.88475
1755406538319,0.277567,-0.038883,9.812965
1755406538322,0.267996,-0.014955,9.865608
1755406538323,0.27996,-0.034098,9.899107
1755406538326,0.29671,-0.019741,9.896714
1755406538328,0.267996,-0.029312,9.9015
1755406538331,0.232104,-0.050847,9.796216
1755406538333,0.270389,-0.034098,9.846465
1755406538336,0.311067,-0.043669,9.875179
1755406538339,0.27996,-0.024526,9.942178
1755406538340,0.282353,-0.031705,9.896714
1755406538343,0.260818,0.016152,9.80818
1755406538345,0.277567,-0.081954,9.891929
1755406538348,0.308674,-0.005384,9.925428
1755406538350,0.315853,0.061615,9.805787
1755406538353,0.246461,-0.08674,9.903893
1755406538355,0.306281,-0.029312,9.911072
1755406538357,0.306281,-0.014955,9.882358
1755406538359,0.227318,0.04008,9.985548
1755406538362,0.368495,-0.019741,9.724431
1755406538364,0.208176,-0.115454,10.083653
1755406538367,0.346959,-0.022134,9.592826
1755406538371,0.181555,-0.067597,10.112368
1755406538373,0.366102,0.083151,9.786645
1755406538374,0.195912,-0.007777,10.083653
1755406538376,0.318245,-0.029312,9.693324
1755406538379,0.236889,-0.113061,9.911072
1755406538381,0.303888,-0.000598,9.860822
1755406538383,0.31346,0.052044,9.932607
1755406538388,0.277567,0.049651,9.925428
1755406538389,0.349352,-0.072383,9.750752
1755406538391,0.241675,-0.077169,9.985548
1755406538394,0.339781,-0.031705,9.781859
1755406538396,0.227318,0.068794,10.009477
1755406538398,0.392423,-0.002991,9.712467
1755406538400,0.227318,-0.10349,10.059726
1755406538403,0.33021,-0.029312,9.676575
1755406538405,0.208176,0.02333,10.045368
1755406538407,0.368495,0.013759,9.68136
1755406538410,0.212961,-0.091525,10.069297
1755406538412,0.387637,0.004187,9.769895
1755406538415,0.224925,-0.002991,9.964012
1755406538417,0.349352,-0.041276,9.719646
1755406538419,0.256032,-0.079561,10.00469
1755406538422,0.339781,0.020937,9.812965
1755406538424,0.222533,-0.005384,9.927821
1755406538427,0.334995,-0.117847,9.74836
1755406538429,0.248854,-0.091525,9.997512
1755406538431,0.346959,0.025723,9.810573
1755406538434,0.232104,-0.012562,9.853643
1755406538436,0.327817,-0.081954,9.887143
1755406538439,0.308674,0.020937,9.891929
1755406538441,0.294317,-0.005384,9.865608
1755406538443,0.227318,-0.034098,9.863214
1755406538446,0.323031,-0.034098,9.973584
1755406538448,0.277567,-0.002991,9.736395
1755406538451,0.289532,-0.031705,10.011869
1755406538453,0.351745,-0.034098,9.82493
1755406538456,0.241675,-0.002991,9.980762
1755406538458,0.258425,-0.038883,9.750752
1755406538460,0.270389,-0.036491,9.980762
1755406538462,0.33021,-0.014955,9.877572
1755406538465,0.265603,-0.007777,9.860822
1755406538468,0.277567,-0.062812,9.899107
1755406538470,0.29671,0.00658,9.88475
1755406538472,0.289532,-0.012562,9.889536
1755406538475,0.253639,-0.026919,9.827323
1755406538477,0.327817,-0.055633,9.975977
1755406538479,0.320638,0.037687,9.863214
1755406538482,0.236889,-0.022134,9.925428
1755406538484,0.272782,-0.041276,9.741181
1755406538486,0.287139,-0.031705,10.016655
1755406538489,0.303888,0.037687,9.765109
1755406538492,0.263211,-0.029312,9.97837
1755406538494,0.325424,-0.048455,9.779466
1755406538496,0.272782,-0.062812,9.987941
1755406538498,0.315853,0.028116,9.74836
1755406538501,0.260818,-0.026919,10.062119
1755406538503,0.346959,0.001795,9.769895
1755406538507,0.205783,-0.055633,10.019048
1755406538510,0.303888,-0.000598,9.743574
1755406538511,0.256032,-0.034098,10.00469
1755406538513,0.332602,0.00658,9.712467
1755406538515,0.227318,-0.08674,9.992726
1755406538517,0.33021,0.011366,9.74836
1755406538520,0.287139,-0.024526,9.990334
1755406538524,0.327817,-0.024526,9.712467
1755406538528,0.234497,-0.062812,10.042975
1755406538529,0.318245,0.001795,9.781859
1755406538530,0.244068,-0.046062,10.019048
1755406538532,0.344566,-0.031705,9.719646
1755406538534,0.239282,-0.058026,10.074082
1755406538537,0.361316,0.00658,9.74836
1755406538541,0.239282,-0.017348,9.947263
1755406538544,0.351745,-0.000598,9.781859
1755406538545,0.260818,-0.050847,10.076475
1755406538547,0.366102,0.030508,9.705289
1755406538549,0.251246,0.001795,9.980762
1755406538551,0.368495,-0.024526,9.777073
1755406538554,0.198604,-0.029312,10.066904
1755406538556,0.349352,0.013759,9.717253
1755406538558,0.232104,-0.012562,9.990334
1755406538561,0.33021,-0.036491,9.738789
1755406538563,0.20339,-0.079561,10.07169
1755406538566,0.318245,0.016152,9.736395
1755406538568,0.239282,-0.010169,10.016655
1755406538570,0.318245,-0.022134,9.688539
1755406538573,0.258425,-0.084347,10.028619
1755406538575,0.29671,-0.010169,9.772287
1755406538579,0.248854,-0.014955,10.045368
1755406538580,0.356531,-0.007777,9.745967
1755406538582,0.284746,-0.084347,9.966406
1755406538585,0.323031,0.004187,9.801002
1755406538587,0.263211,-0.014955,9.97837
1755406538590,0.325424,0.025723,9.812965
1755406538594,0.299103,-0.062812,9.925428
1755406538596,0.301496,-0.012562,9.836894
1755406538597,0.246461,-0.005384,9.947263
1755406538599,0.27996,0.035294,9.848858
1755406538601,0.306281,-0.067597,9.817751
1755406538604,0.246461,-0.05324,9.906285
1755406538606,0.33021,-0.029312,9.870394
1755406538609,0.236889,0.052044,9.983155
1755406538612,0.361316,-0.019741,9.734002
1755406538614,0.239282,-0.046062,9.956834
1755406538616,0.361316,0.004187,9.760324
1755406538618,0.227318,0.032901,10.040583
1755406538620,0.368495,-0.010169,9.693324
1755406538623,0.205783,-0.098704,10.040583
1755406538625,0.351745,-0.014955,9.743574
1755406538628,0.191127,0.037687,10.03819
1755406538631,0.325424,-0.036491,9.643075
1755406538633,0.227318,-0.084347,10.028619
1755406538635,0.368495,0.013759,9.779466
1755406538637,0.22014,0.047258,10.011869
1755406538640,0.27996,-0.019741,9.611969
1755406538643,0.275175,-0.096311,9.999905
1755406538645,0.33021,-0.000598,9.822537
1755406538647,0.241675,-0.005384,9.949656
1755406538650,0.301496,-0.043669,9.832108
1755406538652,0.301496,-0.048455,9.913465
1755406538654,0.289532,-0.005384,9.9015
1755406538657,0.232104,-0.031705,9.817751
1755406538659,0.325424,-0.046062,9.968799
1755406538662,0.284746,0.004187,9.915857
1755406538664,0.27996,-0.010169,9.856036
1755406538666,0.284746,-0.038883,9.844072
1755406538669,0.246461,-0.050847,9.887143
1755406538671,0.299103,-0.010169,9.903893
1755406538673,0.244068,-0.026919,9.868001
1755406538676,0.267996,-0.038883,9.839287
1755406538679,0.229711,-0.019741,9.968799
1755406538681,0.299103,0.035294,9.899107
1755406538683,0.258425,-0.029312,9.879965
1755406538685,0.282353,-0.041276,9.781859
1755406538688,0.284746,-0.014955,10.002297
1755406538690,0.258425,0.075972,9.781859
1755406538694,0.241675,-0.007777,9.911072
1755406538696,0.301496,-0.05324,9.741181
1755406538697,0.315853,-0.072383,10.059726
1755406538700,0.29671,0.064008,9.966406
1755406538702,0.289532,0.032901,9.990334
1755406538704,0.277567,-0.017348,9.812965
1755406538707,0.265603,-0.125025,9.827323
1755406538710,0.227318,-0.034098,9.911072
1755406538714,0.33021,0.028116,9.820144
1755406538715,0.212961,0.035294,10.009477
1755406538717,0.378066,-0.043669,9.698111
1755406538719,0.19352,-0.10349,9.985548
1755406538721,0.358923,-0.046062,9.68136
1755406538723,0.188734,-0.002991,10.188938
1755406538726,0.40678,0.05683,9.664611
1755406538729,0.169591,-0.08674,10.098011
1755406538731,0.39003,-0.058026,9.592826
1755406538733,0.186341,-0.10349,10.100404
1755406538736,0.370888,0.075972,9.734002
1755406538738,0.229711,-0.002991,10.047761
1755406538740,0.339781,-0.014955,9.693324
1755406538743,0.236889,-0.062812,10.00469
1755406538746,0.308674,0.04008,9.789038
1755406538748,0.260818,-0.010169,9.939785
1755406538751,0.270389,-0.046062,9.77468
1755406538753,0.270389,-0.058026,10.009477
1755406538755,0.289532,0.016152,9.798609
1755406538757,0.282353,-0.024526,9.992726
1755406538759,0.315853,-0.000598,9.796216
1755406538762,0.267996,-0.019741,9.971191
1755406538764,0.258425,-0.000598,9.769895
1755406538767,0.289532,-0.012562,9.983155
1755406538769,0.327817,-0.029312,9.79143
1755406538771,0.258425,-0.038883,9.934999
1755406538774,0.287139,-0.046062,9.856036
1755406538776,0.291924,0.018544,9.896714
1755406538779,0.272782,-0.043669,9.913465
1755406538782,0.263211,-0.019741,9.872787
1755406538784,0.294317,-0.031705,9.923036
1755406538786,0.291924,-0.002991,9.832108
1755406538788,0.282353,-0.036491,9.932607
1755406538791,0.27996,-0.005384,9.822537
1755406538796,0.289532,-0.026919,9.947263
1755406538797,0.315853,-0.017348,9.836894
1755406538799,0.282353,-0.034098,9.913465
1755406538801,0.31346,-0.017348,9.84168
1755406538803,0.289532,-0.024526,9.932607
1755406538805,0.318245,-0.048455,9.834501
1755406538807,0.263211,-0.029312,9.949656
1755406538810,0.294317,-0.012562,9.856036
1755406538812,0.282353,-0.024526,9.91825
1755406538815,0.27996,-0.017348,9.846465
1755406538818,0.270389,-0.017348,9.923036
1755406538820,0.325424,-0.029312,9.860822
1755406538822,0.227318,-0.007777,9.906285
1755406538824,0.303888,-0.012562,9.834501
1755406538827,0.272782,-0.019741,9.903893
1755406538829,0.299103,-0.026919,9.844072
1755406538832,0.299103,-0.060419,9.88475
1755406538834,0.325424,-0.019741,9.863214
1755406538836,0.272782,-0.022134,9.959227
1755406538838,0.272782,-0.012562,9.88475
1755406538841,0.29671,-0.038883,9.894321
1755406538843,0.287139,-0.043669,9.879965
1755406538847,0.253639,-0.000598,9.851251
1755406538848,0.291924,-0.014955,9.949656
1755406538851,0.229711,0.052044,9.789038
1755406538853,0.246461,-0.05324,10.011869
1755406538855,0.282353,0.02333,9.638289
1755406538858,0.277567,-0.134596,9.990334
1755406538860,0.315853,-0.024526,9.887143
1755406538864,0.265603,0.00658,9.887143
1755406538865,0.244068,0.04008,9.964012
1755406538867,0.318245,-0.060419,9.743574
1755406538870,0.236889,-0.065204,9.959227
1755406538872,0.358923,-0.022134,9.757931
1755406538875,0.17677,-0.000598,10.102797
1755406538877,0.363709,0.05683,9.676575
1755406538881,0.171984,-0.041276,10.035797
1755406538883,0.378066,-0.074776,9.698111
1755406538885,0.188734,-0.019741,10.13151
1755406538887,0.358923,0.061615,9.693324
1755406538889,0.162413,-0.014955,10.069297
1755406538891,0.366102,-0.050847,9.731609
1755406538894,0.198604,-0.036491,10.121939
1755406538898,0.397209,0.044865,9.676575
1755406538899,0.208176,-0.058026,10.03819
1755406538901,0.346959,-0.034098,9.74836
1755406538903,0.234497,-0.005384,9.954441
1755406538906,0.27996,-0.036491,9.769895
1755406538908,0.270389,-0.038883,9.942178
1755406538910,0.334995,-0.007777,9.868001
1755406538913,0.258425,0.00658,9.860822
1755406538916,0.306281,-0.065204,9.927821
1755406538918,0.323031,0.00658,9.829716
1755406538920,0.239282,-0.029312,9.961619
1755406538922,0.289532,0.011366,9.803394
1755406538925,0.291924,0.004187,9.971191
1755406538927,0.303888,0.020937,9.779466
1755406538930,0.275175,-0.010169,9.964012
1755406538932,0.301496,-0.014955,9.839287
1755406538936,0.275175,-0.022134,9.949656
1755406538937,0.29671,-0.017348,9.846465
1755406538939,0.263211,-0.019741,9.836894
1755406538942,0.260818,-0.034098,9.937392
1755406538944,0.301496,-0.007777,9.844072
1755406538946,0.263211,-0.048455,9.913465
1755406538949,0.265603,-0.012562,9.805787
1755406538951,0.31346,-0.055633,9.899107
1755406538954,0.294317,-0.012562,9.834501
1755406538957,0.289532,-0.010169,9.894321
1755406538958,0.332602,-0.026919,9.894321
1755406538961,0.339781,-0.024526,9.853643
1755406538963,0.31346,-0.038883,9.903893
1755406538966,0.342174,-0.005384,9.882358
1755406538968,0.306281,-0.041276,9.961619
1755406538971,0.277567,-0.012562,9.848858
1755406538973,0.253639,-0.014955,9.942178
1755406538975,0.27996,0.013759,9.856036
1755406538978,0.253639,-0.036491,9.827323
1755406538980,0.272782,-0.029312,9.848858
1755406538983,0.282353,-0.036491,9.829716
1755406538985,0.248854,0.032901,10.059726
1755406538987,0.356531,0.028116,9.729217
1755406538990,0.20339,-0.048455,10.045368
1755406538992,0.366102,-0.017348,9.719646
1755406538994,0.222533,-0.096311,10.028619
1755406538997,0.31346,0.032901,9.829716
1755406539000,0.272782,-0.014955,9.934999
1755406539003,0.27996,0.04008,9.932607
1755406539004,0.37328,-0.005384,9.767502
1755406539006,0.179163,-0.074776,10.023833
1755406539009,0.392423,-0.038883,9.650253
1755406539011,0.186341,-0.048455,10.05494
1755406539014,0.380459,0.059222,9.710074
1755406539018,0.205783,-0.012562,10.119546
1755406539021,0.378066,0.068794,9.82493
1755406539023,0.258425,-0.122632,9.856036
1755406539025,0.241675,-0.084347,9.872787
1755406539027,0.351745,-0.065204,9.71486
1755406539029,0.200997,-0.036491,10.059726
1755406539031,0.375673,0.083151,9.717253
1755406539034,0.198604,-0.031705,10.124331
1755406539036,0.351745,0.00658,9.736395
1755406539038,0.224925,-0.136989,9.887143
1755406539040,0.29671,-0.050847,9.793823
1755406539042,0.33021,-0.034098,9.853643
1755406539045,0.253639,0.047258,10.07169
1755406539047,0.418744,0.05683,9.722038
1755406539050,0.217747,-0.06999,10.035797
1755406539053,0.368495,-0.038883,9.674182
1755406539054,0.215354,-0.074776,10.021441
1755406539056,0.320638,0.052044,9.80818
1755406539059,0.294317,-0.014955,9.987941
1755406539061,0.318245,0.013759,9.796216
1755406539064,0.308674,-0.029312,9.934999
1755406539067,0.299103,-0.014955,9.815358
1755406539071,0.267996,-0.038883,9.915857
1755406539072,0.258425,0.016152,9.870394
1755406539073,0.284746,-0.046062,9.896714
1755406539076,0.236889,-0.012562,9.906285
1755406539079,0.284746,-0.010169,9.872787
1755406539081,0.29671,-0.012562,9.908679
1755406539083,0.291924,-0.002991,9.860822
1755406539086,0.284746,-0.022134,9.879965
1755406539088,0.277567,-0.012562,9.870394
1755406539091,0.263211,-0.024526,9.887143
1755406539093,0.277567,-0.017348,9.865608
1755406539095,0.318245,-0.005384,9.853643
1755406539097,0.270389,-0.024526,9.882358
1755406539100,0.299103,-0.017348,9.860822
1755406539103,0.272782,-0.022134,9.879965
1755406539105,0.270389,-0.017348,9.868001
1755406539107,0.284746,-0.031705,9.88475
1755406539110,0.267996,-0.012562,9.875179
1755406539112,0.315853,-0.017348,9.879965
1755406539114,0.301496,-0.024526,9.894321
1755406539117,0.308674,0.008973,9.875179
1755406539120,0.289532,-0.010169,9.9015
1755406539122,0.277567,-0.010169,9.870394
1755406539124,0.258425,-0.034098,9.894321
1755406539127,0.265603,-0.017348,9.882358
1755406539129,0.289532,-0.017348,9.875179
1755406539131,0.275175,-0.012562,9.872787
1755406539133,0.251246,-0.010169,9.899107
1755406539136,0.258425,-0.014955,9.877572
1755406539138,0.301496,-0.019741,9.868001
1755406539141,0.246461,-0.026919,9.88475
1755406539143,0.289532,-0.048455,9.860822
1755406539145,0.291924,-0.019741,9.870394
1755406539148,0.253639,-0.026919,9.88475
1755406539150,0.284746,0.008973,9.870394
1755406539153,0.277567,-0.014955,9.868001
1755406539157,0.301496,-0.031705,9.891929
1755406539158,0.287139,-0.036491,9.894321
1755406539160,0.27996,-0.034098,9.882358
1755406539162,0.318245,-0.038883,9.868001
1755406539164,0.289532,-0.024526,9.9015
1755406539167,0.27996,-0.024526,9.870394
1755406539170,0.282353,-0.019741,9.915857
1755406539172,0.260818,-0.034098,9.817751
1755406539175,0.289532,-0.038883,9.911072
1755406539176,0.282353,0.013759,9.887143
1755406539179,0.267996,-0.012562,9.810573
1755406539181,0.27996,-0.026919,9.894321
1755406539184,0.339781,-0.017348,9.937392
1755406539186,0.27996,-0.060419,9.851251
1755406539189,0.301496,-0.024526,9.952048
1755406539191,0.323031,-0.048455,9.793823
1755406539193,0.265603,-0.048455,9.913465
1755406539196,0.270389,0.013759,9.889536
1755406539198,0.267996,-0.022134,9.865608
1755406539201,0.270389,-0.012562,9.839287
1755406539204,0.294317,-0.014955,9.91825
1755406539206,0.287139,-0.022134,9.894321
1755406539208,0.260818,-0.036491,9.834501
1755406539210,0.277567,-0.10349,9.805787
1755406539212,0.318245,-0.010169,9.980762
1755406539215,0.315853,0.030508,9.801002
1755406539217,0.22014,-0.022134,9.97837
1755406539220,0.349352,-0.043669,9.755538
1755406539222,0.236889,-0.029312,9.964012
1755406539225,0.282353,-0.019741,9.863214
1755406539227,0.29671,-0.012562,9.899107
1755406539230,0.29671,-0.041276,9.930214
1755406539232,0.277567,0.004187,9.82493
1755406539234,0.287139,-0.05324,9.944571
1755406539238,0.291924,-0.024526,9.827323
1755406539239,0.294317,-0.067597,9.915857
1755406539242,0.246461,-0.007777,9.803394
1755406539244,0.27996,0.00658,9.987941
1755406539246,0.303888,-0.000598,9.798609
1755406539248,0.258425,-0.007777,9.961619
1755406539251,0.27996,-0.046062,9.803394
1755406539254,0.234497,-0.034098,9.851251
1755406539256,0.299103,-0.026919,9.817751
1755406539258,0.236889,-0.014955,9.983155
1755406539261,0.275175,0.02333,9.865608
1755406539263,0.27996,-0.017348,9.985548
1755406539265,0.277567,-0.05324,9.793823
1755406539267,0.275175,-0.05324,9.868001
1755406539274,0.258425,-0.029312,9.944571
1755406539276,0.294317,0.004187,9.879965
1755406539277,0.246461,-0.017348,9.925428
1755406539278,0.275175,0.004187,9.863214
1755406539280,0.29671,-0.048455,9.772287
1755406539282,0.256032,-0.046062,9.9015
1755406539284,0.325424,-0.010169,9.899107
1755406539287,0.289532,0.008973,9.853643
1755406539289,0.29671,-0.026919,9.9015
1755406539291,0.306281,0.00658,9.908679
1755406539294,0.308674,-0.022134,9.894321
1755406539296,0.253639,-0.029312,9.891929
1755406539299,0.282353,-0.043669,9.899107
1755406539301,0.289532,-0.007777,9.836894
1755406539304,0.267996,-0.012562,9.942178
1755406539306,0.275175,0.02333,9.846465
1755406539308,0.287139,-0.014955,9.870394
1755406539311,0.306281,-0.055633,9.865608
1755406539313,0.277567,-0.010169,9.896714
1755406539315,0.29671,-0.019741,9.872787
1755406539318,0.27996,0.001795,9.91825
1755406539320,0.303888,0.004187,9.82493
1755406539323,0.263211,-0.038883,9.930214
1755406539325,0.282353,-0.014955,9.879965
1755406539327,0.299103,-0.012562,9.848858
1755406539330,0.275175,-0.022134,9.908679
1755406539332,0.284746,-0.024526,9.872787
1755406539335,0.282353,-0.046062,9.887143
1755406539337,0.289532,-0.019741,9.891929
1755406539340,0.277567,-0.017348,9.891929
1755406539342,0.275175,-0.038883,9.863214
1755406539344,0.282353,-0.048455,9.913465
1755406539347,0.282353,-0.038883,9.851251
1755406539349,0.284746,-0.024526,9.872787
1755406539351,0.301496,-0.012562,9.899107
1755406539354,0.277567,-0.010169,9.899107
1755406539357,0.291924,-0.024526,9.872787
1755406539359,0.294317,-0.019741,9.896714
1755406539361,0.253639,-0.065204,9.879965
1755406539364,0.272782,-0.031705,9.88475
1755406539366,0.282353,-0.036491,9.896714
1755406539368,0.260818,-0.038883,9.896714
1755406539371,0.267996,-0.024526,9.894321
1755406539374,0.294317,-0.036491,9.865608
1755406539377,0.287139,-0.012562,9.863214
1755406539379,0.27996,-0.024526,9.844072
1755406539380,0.303888,-0.002991,9.860822
1755406539382,0.291924,-0.010169,9.891929
1755406539385,0.29671,0.011366,9.894321
1755406539387,0.301496,-0.019741,9.875179
1755406539391,0.301496,-0.031705,9.891929
1755406539395,0.282353,-0.034098,9.872787
1755406539397,0.299103,-0.019741,9.877572
1755406539398,0.258425,-0.012562,9.9015
1755406539399,0.291924,-0.010169,9.887143
1755406539402,0.260818,-0.022134,9.877572
1755406539405,0.27996,-0.022134,9.853643
1755406539408,0.234497,-0.029312,9.915857
1755406539411,0.284746,-0.043669,9.906285
1755406539412,0.308674,-0.031705,9.891929
1755406539414,0.337388,-0.017348,9.889536
1755406539416,0.275175,-0.005384,9.868001
1755406539418,0.291924,-0.024526,9.9015
1755406539421,0.284746,-0.014955,9.872787
1755406539425,0.251246,-0.007777,9.868001
1755406539426,0.323031,-0.019741,9.868001
1755406539428,0.270389,-0.005384,9.860822
1755406539431,0.301496,-0.012562,9.877572
1755406539433,0.272782,-0.012562,9.887143
1755406539435,0.263211,-0.036491,9.915857
1755406539438,0.260818,-0.024526,9.896714
1755406539441,0.272782,-0.019741,9.906285
1755406539443,0.270389,-0.019741,9.860822
1755406539445,0.265603,-0.012562,9.908679
1755406539447,0.301496,-0.019741,9.887143
1755406539450,0.277567,-0.012562,9.894321
1755406539452,0.258425,-0.031705,9.894321
1755406539455,0.253639,-0.034098,9.860822
1755406539457,0.253639,-0.022134,9.88475
1755406539460,0.303888,-0.005384,9.860822
1755406539462,0.258425,-0.022134,9.88475
1755406539464,0.272782,-0.012562,9.877572
1755406539466,0.315853,-0.031705,9.889536
1755406539469,0.306281,-0.024526,9.894321
1755406539471,0.282353,-0.019741,9.887143
1755406539474,0.270389,-0.017348,9.891929
1755406539476,0.275175,-0.026919,9.879965
1755406539480,0.27996,-0.026919,9.887143
1755406539481,0.294317,-0.036491,9.858429
1755406539483,0.277567,-0.043669,9.877572
1755406539486,0.272782,-0.012562,9.877572
1755406539488,0.327817,-0.034098,9.863214
1755406539490,0.265603,-0.017348,9.872787
1755406539493,0.294317,0.028116,9.882358
1755406539495,0.311067,-0.010169,9.863214
1755406539498,0.270389,-0.017348,9.889536
1755406539500,0.258425,-0.024526,9.882358
1755406539503,0.27996,-0.005384,9.872787
1755406539505,0.263211,-0.029312,9.872787
1755406539507,0.277567,-0.024526,9.875179
1755406539510,0.306281,-0.005384,9.894321
1755406539512,0.263211,-0.005384,9.896714
1755406539514,0.289532,-0.019741,9.856036
1755406539517,0.29671,-0.031705,9.889536
1755406539519,0.289532,-0.031705,9.891929
1755406539522,0.253639,-0.026919,9.879965
1755406539524,0.267996,-0.010169,9.879965
1755406539528,0.260818,-0.007777,9.879965
1755406539530,0.277567,-0.010169,9.882358
1755406539532,0.256032,-0.043669,9.88475
1755406539534,0.311067,-0.019741,9.875179
1755406539536,0.303888,-0.002991,9.889536
1755406539538,0.287139,-0.019741,9.923036
1755406539541,0.275175,0.00658,9.889536
1755406539544,0.318245,-0.036491,9.879965
1755406539546,0.270389,-0.041276,9.879965
1755406539548,0.272782,-0.041276,9.879965
1755406539550,0.318245,-0.024526,9.870394
1755406539553,0.272782,-0.000598,9.891929
1755406539555,0.29671,-0.012562,9.88475
1755406539557,0.27996,-0.022134,9.9015
1755406539561,0.301496,-0.026919,9.88475
1755406539564,0.277567,-0.034098,9.879965
1755406539566,0.258425,-0.031705,9.889536
1755406539569,0.27996,-0.014955,9.908679
1755406539571,0.263211,-0.005384,9.903893
1755406539572,0.311067,-0.017348,9.872787
1755406539574,0.29671,-0.012562,9.896714
1755406539578,0.287139,-0.010169,9.899107
1755406539581,0.241675,-0.026919,9.88475
1755406539582,0.272782,-0.029312,9.894321
1755406539584,0.31346,-0.031705,9.889536
1755406539586,0.277567,-0.012562,9.88475
1755406539589,0.287139,-0.017348,9.88475
1755406539591,0.31346,-0.029312,9.899107
1755406539595,0.294317,-0.026919,9.891929
1755406539596,0.29671,-0.010169,9.908679
1755406539599,0.291924,-0.029312,9.88475
1755406539601,0.260818,-0.017348,9.887143
1755406539603,0.287139,0.00658,9.896714
1755406539605,0.27996,-0.031705,9.896714
1755406539608,0.294317,-0.022134,9.865608
1755406539611,0.282353,-0.019741,9.896714
1755406539613,0.29671,-0.019741,9.903893
1755406539615,0.287139,-0.010169,9.903893
1755406539617,0.277567,-0.029312,9.853643
1755406539620,0.284746,-0.034098,9.889536
1755406539623,0.294317,-0.041276,9.877572
1755406539624,0.294317,-0.007777,9.899107
1755406539627,0.287139,-0.017348,9.865608
1755406539630,0.291924,-0.000598,9.877572
1755406539632,0.299103,-0.007777,9.889536
1755406539634,0.282353,-0.007777,9.853643
1755406539637,0.320638,-0.043669,9.913465
1755406539639,0.311067,0.004187,9.944571
1755406539642,0.260818,-0.031705,9.745967
1755406539644,0.241675,-0.050847,10.026226
1755406539646,0.303888,0.016152,9.760324
1755406539650,0.260818,0.013759,10.019048
1755406539651,0.339781,-0.002991,9.753145
1755406539654,0.282353,-0.031705,9.987941
1755406539656,0.260818,-0.000598,9.760324
1755406539658,0.27996,-0.031705,10.019048
1755406539660,0.294317,0.030508,9.789038
1755406539663,0.29671,-0.007777,9.9015
1755406539665,0.241675,-0.036491,9.848858
1755406539668,0.33021,-0.050847,9.920643
1755406539670,0.260818,0.016152,9.894321
1755406539673,0.289532,0.00658,9.887143
1755406539675,0.29671,-0.05324,9.894321
1755406539677,0.308674,-0.022134,9.834501
1755406539680,0.241675,-0.019741,9.961619
1755406539682,0.289532,-0.062812,9.82493
1755406539684,0.291924,-0.038883,9.959227
1755406539687,0.303888,-0.007777,9.911072
1755406539690,0.289532,-0.024526,9.710074
1755406539692,0.253639,-0.050847,9.961619
1755406539694,0.31346,0.00658,9.872787
1755406539697,0.244068,0.020937,9.920643
1755406539699,0.275175,-0.012562,9.836894
1755406539701,0.275175,-0.038883,9.927821
1755406539704,0.29671,0.001795,9.853643
1755406539706,0.272782,-0.026919,9.798609
1755406539708,0.275175,-0.065204,9.980762
1755406539711,0.284746,-0.005384,9.894321
1755406539714,0.267996,0.025723,9.858429
1755406539717,0.267996,-0.010169,9.848858
1755406539719,0.303888,-0.060419,9.88475
1755406539720,0.301496,0.008973,9.930214
1755406539723,0.256032,-0.002991,9.793823
1755406539725,0.272782,-0.074776,9.97837
1755406539727,0.366102,-0.005384,9.865608
1755406539731,0.248854,-0.007777,9.870394
1755406539732,0.282353,-0.046062,9.801002
1755406539735,0.311067,-0.062812,9.983155
1755406539738,0.334995,0.011366,9.789038
1755406539740,0.263211,-0.017348,9.894321
1755406539743,0.346959,-0.065204,9.865608
1755406539744,0.291924,0.00658,9.942178
1755406539748,0.270389,0.020937,9.796216
1755406539750,0.265603,-0.043669,9.939785
1755406539752,0.337388,-0.060419,9.956834
1755406539754,0.263211,0.042473,9.810573
1755406539757,0.291924,-0.067597,9.851251
1755406539759,0.327817,-0.038883,9.834501
1755406539761,0.287139,-0.022134,9.997512
1755406539765,0.272782,0.04008,9.74836
1755406539767,0.284746,-0.077169,9.995119
1755406539768,0.337388,-0.026919,9.779466
1755406539772,0.277567,-0.000598,9.937392
1755406539773,0.27996,0.004187,9.745967
1755406539776,0.289532,-0.041276,10.069297
1755406539778,0.325424,0.035294,9.844072
1755406539781,0.224925,-0.014955,9.863214
1755406539783,0.315853,-0.05324,9.805787
1755406539786,0.299103,-0.012562,9.97837
1755406539787,0.308674,-0.010169,9.724431
1755406539790,0.282353,-0.041276,9.944571
1755406539792,0.332602,-0.048455,10.009477
1755406539795,0.29671,0.013759,9.829716
1755406539799,0.246461,-0.024526,9.934999
1755406539802,0.284746,-0.022134,9.786645
1755406539803,0.318245,0.00658,9.923036
1755406539805,0.282353,-0.010169,9.781859
1755406539807,0.289532,-0.060419,9.995119
1755406539809,0.315853,0.016152,9.856036
1755406539812,0.265603,-0.000598,9.896714
1755406539814,0.265603,-0.060419,9.82493
1755406539816,0.29671,-0.005384,9.934999
1755406539819,0.294317,0.02333,9.820144
1755406539822,0.258425,-0.007777,9.834501
1755406539824,0.339781,-0.08674,9.966406
1755406539826,0.311067,0.016152,9.868001
1755406539828,0.248854,-0.034098,9.848858
1755406539830,0.332602,-0.036491,9.829716
1755406539833,0.344566,-0.010169,10.03819
1755406539835,0.311067,0.02333,9.750752
1755406539838,0.241675,-0.050847,9.995119
1755406539841,0.354138,-0.048455,9.84168
1755406539842,0.282353,0.00658,9.954441
1755406539845,0.289532,-0.038883,9.738789
1755406539847,0.291924,-0.060419,9.973584
1755406539850,0.332602,-0.019741,9.803394
1755406539853,0.253639,-0.017348,9.858429
1755406539854,0.320638,-0.065204,9.920643
1755406539857,0.303888,0.008973,9.913465
1755406539859,0.299103,-0.014955,9.879965
1755406539862,0.258425,-0.024526,9.91825
1755406539864,0.327817,-0.072383,9.803394
1755406539867,0.236889,-0.055633,9.961619
1755406539869,0.33021,0.008973,9.801002
1755406539871,0.253639,-0.007777,9.954441
1755406539874,0.272782,-0.046062,9.870394
1755406539876,0.248854,-0.058026,9.875179
1755406539878,0.239282,-0.031705,9.84168
1755406539881,0.277567,-0.050847,9.913465
1755406539884,0.311067,-0.026919,9.908679
1755406539886,0.239282,-0.041276,9.889536
1755406539888,0.251246,-0.007777,9.839287
1755406539891,0.301496,-0.036491,9.868001
1755406539893,0.289532,-0.002991,9.913465
1755406539895,0.275175,-0.026919,9.868001
1755406539898,0.248854,-0.010169,9.879965
1755406539901,0.289532,-0.007777,9.896714
1755406539904,0.294317,-0.014955,9.82493
1755406539905,0.258425,-0.017348,9.844072
1755406539908,0.260818,-0.026919,9.863214
1755406539910,0.277567,-0.014955,9.894321
1755406539912,0.33021,-0.019741,9.964012
1755406539915,0.318245,-0.046062,9.889536
1755406539918,0.291924,0.004187,9.891929
1755406539921,0.248854,-0.012562,9.959227
1755406539922,0.303888,-0.034098,9.868001
1755406539925,0.253639,-0.050847,9.872787
1755406539927,0.291924,-0.014955,9.942178
1755406539929,0.275175,-0.012562,9.942178
1755406539932,0.301496,-0.046062,9.894321
1755406539937,0.275175,-0.024526,9.889536
1755406539938,0.277567,-0.022134,9.851251
1755406539939,0.277567,0.004187,9.959227
1755406539941,0.301496,-0.024526,10.064511
1755406539944,0.20339,-0.029312,9.726824
1755406539946,0.311067,-0.048455,9.817751
1755406539948,0.315853,-0.101097,9.872787
1755406539952,0.270389,-0.041276,9.793823
1755406539953,0.234497,-0.005384,9.9015
1755406539956,0.263211,-0.050847,9.891929
1755406539958,0.29671,-0.084347,9.836894
1755406539960,0.236889,-0.002991,9.757931
1755406539963,0.299103,-0.029312,9.915857
1755406539965,0.397209,-0.06999,10.107582
1755406539969,0.337388,-0.048455,10.119546
1755406539970,0.253639,-0.014955,9.729217
1755406539972,0.265603,-0.010169,9.987941
1755406539975,0.205783,0.032901,9.891929
1755406539977,0.33021,-0.041276,9.911072
1755406539979,0.265603,0.001795,9.834501
1755406539982,0.301496,-0.05324,9.999905
1755406539984,0.370888,-0.024526,10.083653
1755406539987,0.27996,-0.024526,9.949656
1755406539989,0.277567,-0.007777,9.755538
1755406539992,0.251246,-0.019741,9.868001
1755406539994,0.277567,-0.041276,9.877572
1755406539996,0.275175,-0.002991,9.868001
1755406539998,0.227318,-0.005384,9.80818
1755406540001,0.291924,-0.043669,9.894321
1755406540004,0.270389,-0.043669,9.889536
1755406540007,0.267996,-0.012562,9.920643
1755406540008,0.289532,-0.024526,9.911072
1755406540011,0.303888,-0.022134,9.91825
1755406540013,0.275175,0.004187,9.944571
1755406540015,0.222533,-0.012562,9.777073
1755406540017,0.272782,-0.072383,9.947263
1755406540020,0.277567,-0.005384,9.834501
1755406540023,0.267996,-0.036491,9.877572
1755406540025,0.311067,0.025723,9.939785
1755406540027,0.323031,0.011366,9.913465
1755406540030,0.275175,-0.038883,9.767502
1755406540032,0.284746,-0.115454,9.968799
1755406540034,0.294317,0.00658,9.865608
1755406540038,0.232104,0.011366,9.925428
1755406540040,0.267996,-0.034098,9.784252
1755406540042,0.315853,-0.098704,10.007083
1755406540044,0.325424,0.035294,9.738789
1755406540047,0.253639,-0.022134,9.930214
1755406540049,0.311067,-0.038883,9.789038
1755406540051,0.287139,-0.050847,10.033404
1755406540054,0.241675,0.008973,9.724431
1755406540057,0.246461,-0.041276,10.011869
1755406540059,0.342174,-0.019741,9.77468
1755406540061,0.239282,-0.017348,9.913465
1755406540063,0.294317,-0.048455,9.875179
1755406540065,0.284746,-0.026919,9.908679
1755406540068,0.267996,-0.031705,9.882358
1755406540071,0.258425,-0.012562,9.872787
1755406540073,0.301496,-0.031705,9.954441
1755406540075,0.246461,0.018544,9.810573
1755406540077,0.248854,-0.029312,9.985548
1755406540080,0.308674,-0.017348,9.815358
1755406540082,0.31346,-0.012562,9.942178
1755406540085,0.29671,-0.034098,9.856036
1755406540089,0.272782,0.001795,9.88475
1755406540090,0.253639,-0.012562,9.863214
1755406540092,0.301496,-0.029312,9.882358
1755406540094,0.294317,-0.019741,9.930214
1755406540097,0.294317,-0.036491,9.820144
1755406540099,0.306281,-0.046062,9.937392
1755406540101,0.31346,-0.029312,9.836894
1755406540105,0.256032,-0.014955,9.899107
1755406540107,0.256032,-0.019741,9.891929
1755406540109,0.33021,-0.038883,9.88475
1755406540111,0.287139,-0.005384,9.911072
1755406540113,0.27996,-0.007777,9.870394
1755406540116,0.282353,-0.041276,9.889536
1755406540118,0.258425,-0.034098,9.88475
1755406540121,0.299103,-0.000598,9.903893
1755406540123,0.27996,-0.024526,9.877572
1755406540126,0.323031,-0.05324,9.927821
1755406540128,0.299103,-0.005384,9.858429
1755406540130,0.287139,-0.010169,9.930214
1755406540133,0.284746,0.004187,9.870394
1755406540135,0.306281,-0.014955,9.894321
1755406540138,0.27996,-0.024526,9.88475
1755406540141,0.294317,-0.041276,9.879965
1755406540143,0.27996,-0.000598,9.923036
1755406540145,0.29671,0.011366,9.84168
1755406540148,0.291924,-0.024526,9.875179
1755406540149,0.294317,0.004187,9.870394
1755406540152,0.263211,-0.012562,9.923036
1755406540154,0.346959,0.001795,9.865608
1755406540157,0.258425,-0.024526,9.863214
1755406540160,0.27996,-0.05324,9.79143
1755406540161,0.270389,-0.084347,9.9015
1755406540164,0.308674,0.071186,9.952048
1755406540166,0.323031,0.061615,9.882358
1755406540168,0.217747,-0.007777,9.906285
1755406540171,0.368495,-0.134596,9.683753
1755406540173,0.222533,-0.084347,10.100404
1755406540176,0.354138,0.054437,9.738789
1755406540179,0.224925,0.020937,10.028619
1755406540180,0.339781,-0.074776,9.65504
1755406540183,0.188734,-0.084347,10.136296
1755406540185,0.368495,0.052044,9.702896
1755406540188,0.174377,0.054437,10.059726
1755406540190,0.368495,-0.062812,9.659825
1755406540193,0.19352,-0.081954,10.102797
1755406540195,0.375673,0.028116,9.664611
1755406540197,0.198604,-0.007777,10.035797
1755406540200,0.366102,-0.067597,9.674182
1755406540202,0.167198,-0.067597,10.093225
1755406540205,0.351745,0.049651,9.738789
1755406540207,0.179163,-0.007777,10.002297
1755406540210,0.358923,-0.067597,9.726824
1755406540212,0.224925,-0.055633,10.045368
1755406540214,0.332602,0.042473,9.762716
1755406540216,0.198604,-0.034098,9.913465
1755406540219,0.358923,-0.089133,9.836894
1755406540221,0.275175,-0.000598,9.937392
1755406540224,0.323031,0.032901,9.77468
1755406540226,0.227318,-0.022134,9.88475
1755406540229,0.33021,-0.058026,9.956834
1755406540231,0.27996,0.066401,9.848858
1755406540233,0.27996,-0.041276,9.891929
1755406540236,0.253639,-0.060419,9.820144
1755406540238,0.308674,-0.007777,10.052547
1755406540241,0.248854,0.05683,9.698111
1755406540244,0.251246,-0.096311,10.021441
1755406540245,0.344566,-0.036491,9.789038
1755406540248,0.241675,-0.000598,9.973584
1755406540251,0.246461,-0.012562,9.676575
1755406540252,0.265603,-0.089133,10.052547
1755406540255,0.354138,-0.007777,9.786645
1755406540258,0.212961,0.020937,9.903893
1755406540261,0.253639,-0.060419,9.827323
1755406540262,0.291924,-0.029312,9.964012
1755406540265,0.289532,-0.002991,9.815358
1755406540267,0.241675,-0.031705,9.879965
1755406540269,0.277567,-0.074776,9.975977
1755406540272,0.289532,0.047258,9.84168
1755406540275,0.232104,-0.019741,9.889536
1755406540277,0.29671,-0.026919,9.832108
1755406540279,0.29671,-0.024526,10.026226
1755406540282,0.284746,-0.007777,9.705289
1755406540284,0.258425,-0.062812,9.973584
1755406540286,0.349352,-0.046062,9.891929
1755406540289,0.270389,0.016152,9.903893
1755406540294,0.215354,-0.012562,9.772287
1755406540296,0.325424,-0.050847,9.939785
1755406540297,0.318245,-0.034098,9.879965
1755406540298,0.241675,-0.019741,9.767502
1755406540301,0.270389,-0.024526,9.973584
1755406540303,0.315853,0.020937,9.822537
1755406540305,0.236889,-0.034098,10.00469
1755406540312,0.306281,-0.002991,9.844072
1755406540313,0.275175,-0.005384,9.934999
1755406540313,0.275175,-0.002991,9.793823
1755406540315,0.284746,-0.026919,9.942178
1755406540318,0.311067,-0.026919,9.860822
1755406540320,0.294317,-0.002991,9.872787
1755406540322,0.299103,-0.031705,9.911072
1755406540325,0.299103,-0.010169,9.848858
1755406540327,0.270389,-0.012562,9.860822
1755406540329,0.27996,-0.022134,9.894321
1755406540331,0.339781,-0.002991,9.980762
1755406540334,0.303888,0.047258,9.820144
1755406540336,0.270389,-0.022134,9.971191
1755406540339,0.31346,-0.055633,9.848858
1755406540343,0.270389,0.008973,9.952048
1755406540345,0.265603,0.011366,9.820144
1755406540347,0.301496,-0.005384,9.925428
1755406540348,0.29671,-0.05324,9.839287
1755406540351,0.303888,-0.019741,9.889536
1755406540353,0.311067,-0.010169,9.88475
1755406540355,0.284746,-0.014955,9.891929
1755406540358,0.270389,-0.022134,9.894321
1755406540361,0.287139,-0.019741,9.832108
1755406540363,0.291924,-0.041276,9.865608
1755406540365,0.289532,-0.014955,9.906285
1755406540367,0.27996,-0.050847,9.872787
1755406540370,0.275175,-0.026919,9.925428
1755406540372,0.33021,0.00658,9.923036
1755406540375,0.299103,-0.022134,9.832108
1755406540378,0.263211,-0.058026,9.927821
1755406540380,0.31346,0.001795,9.798609
1755406540382,0.289532,-0.007777,9.927821
1755406540384,0.311067,0.001795,9.860822
1755406540386,0.291924,-0.024526,9.875179
1755406540389,0.256032,-0.024526,9.903893
1755406540391,0.303888,-0.000598,9.870394
1755406540394,0.270389,0.001795,9.932607
1755406540396,0.289532,-0.017348,9.810573
1755406540398,0.284746,-0.031705,9.908679
1755406540401,0.275175,-0.024526,9.877572
1755406540403,0.29671,-0.031705,9.889536
1755406540406,0.284746,-0.034098,9.875179
1755406540408,0.253639,-0.019741,9.896714
1755406540411,0.260818,-0.036491,9.865608
1755406540413,0.260818,-0.017348,9.913465
1755406540415,0.287139,-0.046062,9.829716
1755406540418,0.263211,-0.007777,9.894321
1755406540420,0.275175,0.008973,9.872787
1755406540423,0.251246,-0.019741,9.875179
1755406540425,0.260818,-0.031705,9.856036
1755406540428,0.267996,-0.041276,9.908679
1755406540430,0.303888,-0.017348,9.908679
1755406540432,0.267996,-0.010169,9.872787
1755406540434,0.291924,-0.046062,9.879965
1755406540437,0.289532,-0.031705,9.882358
1755406540439,0.270389,-0.031705,9.889536
1755406540442,0.275175,0.004187,9.88475
1755406540445,0.27996,-0.012562,9.889536
1755406540447,0.275175,-0.031705,9.908679
1755406540450,0.311067,-0.017348,9.88475
1755406540451,0.291924,-0.007777,9.858429
1755406540454,0.291924,-0.010169,9.906285
1755406540456,0.282353,0.008973,9.88475
1755406540459,0.256032,-0.019741,9.894321
1755406540462,0.294317,-0.022134,9.88475
1755406540465,0.275175,-0.019741,9.875179
1755406540466,0.265603,-0.034098,9.865608
1755406540468,0.284746,-0.029312,9.88475
1755406540470,0.282353,-0.029312,9.872787
1755406540473,0.287139,-0.000598,9.877572
1755406540475,0.282353,-0.010169,9.9015
1755406540479,0.289532,-0.012562,9.887143
1755406540480,0.282353,-0.017348,9.860822
1755406540482,0.27996,-0.031705,9.88475
1755406540485,0.299103,-0.026919,9.856036
1755406540487,0.289532,-0.014955,9.894321
1755406540490,0.248854,-0.022134,9.894321
1755406540492,0.267996,-0.034098,9.872787
1755406540496,0.287139,0.004187,9.877572
1755406540498,0.287139,-0.014955,9.875179
1755406540499,0.284746,-0.012562,9.870394
1755406540502,0.291924,-0.029312,9.891929
1755406540505,0.284746,-0.017348,9.877572
1755406540506,0.29671,-0.034098,9.887143
1755406540509,0.270389,-0.017348,9.877572
1755406540513,0.27996,-0.038883,9.894321
1755406540514,0.311067,-0.036491,9.879965
1755406540516,0.267996,-0.026919,9.891929
1755406540519,0.320638,-0.026919,9.877572
1755406540521,0.287139,-0.029312,9.894321
1755406540523,0.284746,0.001795,9.889536
1755406540526,0.289532,-0.005384,9.88475
1755406540530,0.265603,-0.034098,9.872787
1755406540532,0.272782,-0.007777,9.875179
1755406540533,0.294317,-0.041276,9.875179
1755406540535,0.294317,-0.012562,9.894321
1755406540538,0.275175,-0.017348,9.863214
1755406540540,0.277567,-0.038883,9.858429
1755406540543,0.265603,-0.038883,9.88475
1755406540547,0.31346,-0.029312,9.865608
1755406540548,0.299103,-0.012562,9.872787
1755406540550,0.303888,-0.000598,9.88475
1755406540552,0.275175,-0.036491,9.899107
1755406540554,0.299103,-0.034098,9.887143
1755406540557,0.287139,-0.024526,9.872787
1755406540559,0.318245,-0.007777,9.870394
1755406540562,0.270389,-0.036491,9.879965
1755406540564,0.241675,-0.007777,9.872787
1755406540566,0.29671,-0.017348,9.879965
1755406540569,0.308674,-0.026919,9.887143
1755406540571,0.315853,-0.022134,9.899107
1755406540574,0.303888,-0.005384,9.882358
1755406540576,0.27996,-0.019741,9.877572
1755406540579,0.287139,-0.022134,9.875179
1755406540582,0.294317,-0.029312,9.875179
1755406540584,0.275175,-0.041276,9.9015
1755406540586,0.267996,-0.022134,9.875179
1755406540588,0.311067,-0.026919,9.865608
1755406540590,0.299103,-0.036491,9.887143
1755406540593,0.258425,-0.024526,9.9015
1755406540595,0.282353,-0.022134,9.882358
1755406540598,0.267996,-0.026919,9.899107
1755406540600,0.289532,-0.017348,9.896714
1755406540602,0.299103,-0.024526,9.872787
1755406540605,0.287139,0.00658,9.879965
1755406540607,0.291924,-0.026919,9.88475
1755406540609,0.289532,-0.029312,9.868001
1755406540612,0.284746,-0.026919,9.863214
1755406540614,0.284746,-0.019741,9.903893
1755406540617,0.277567,0.013759,9.913465
1755406540619,0.287139,-0.019741,9.903893
1755406540622,0.275175,-0.005384,9.882358
1755406540624,0.291924,-0.005384,9.891929
1755406540627,0.29671,-0.007777,9.846465
1755406540629,0.263211,-0.017348,9.9015
1755406540633,0.282353,-0.024526,9.868001
1755406540634,0.289532,-0.034098,9.872787
1755406540636,0.287139,-0.017348,9.877572
1755406540638,0.260818,-0.017348,9.896714
1755406540640,0.303888,-0.029312,9.863214
1755406540643,0.282353,0.008973,9.872787
1755406540646,0.308674,0.00658,9.891929
1755406540649,0.265603,-0.002991,9.915857
1755406540650,0.289532,-0.026919,9.891929
1755406540653,0.294317,-0.046062,9.879965
1755406540655,0.291924,-0.041276,9.899107
1755406540658,0.244068,-0.019741,9.865608
1755406540660,0.301496,-0.024526,9.889536
1755406540663,0.284746,-0.019741,9.879965
1755406540665,0.270389,-0.014955,9.889536
1755406540668,0.256032,-0.000598,9.891929
1755406540669,0.282353,-0.014955,9.889536
1755406540672,0.303888,0.001795,9.889536
1755406540674,0.282353,-0.010169,9.868001
1755406540676,0.287139,-0.005384,9.88475
1755406540679,0.275175,-0.05324,9.899107
1755406540683,0.29671,-0.017348,9.908679
1755406540684,0.272782,-0.019741,9.903893
1755406540686,0.287139,-0.041276,9.889536
1755406540688,0.246461,-0.026919,9.899107
1755406540691,0.284746,-0.007777,9.891929
1755406540693,0.299103,-0.002991,9.911072
1755406540696,0.265603,-0.026919,9.889536
1755406540698,0.29671,-0.029312,9.872787
1755406540701,0.267996,-0.012562,9.865608
1755406540703,0.27996,-0.031705,9.875179
1755406540705,0.299103,-0.038883,9.872787
1755406540708,0.282353,-0.019741,9.875179
1755406540710,0.282353,-0.043669,9.882358
1755406540713,0.291924,-0.029312,9.882358
1755406540715,0.253639,-0.038883,9.891929
1755406540717,0.289532,-0.005384,9.889536
1755406540722,0.282353,-0.002991,9.894321
1755406540723,0.27996,-0.026919,9.858429
1755406540725,0.27996,-0.019741,9.889536
1755406540727,0.289532,-0.024526,9.877572
1755406540729,0.267996,-0.034098,9.894321
1755406540732,0.294317,-0.012562,9.899107
1755406540734,0.289532,-0.026919,9.891929
1755406540737,0.253639,-0.007777,9.868001
1755406540739,0.289532,-0.055633,9.865608
1755406540741,0.311067,-0.034098,9.877572
1755406540744,0.258425,-0.046062,9.891929
1755406540746,0.287139,-0.019741,9.891929
1755406540749,0.275175,-0.010169,9.879965
1755406540751,0.308674,-0.010169,9.865608
1755406540754,0.275175,-0.046062,9.913465
1755406540756,0.301496,-0.036491,9.882358
1755406540758,0.323031,-0.029312,9.88475
1755406540761,0.287139,-0.036491,9.887143
1755406540763,0.272782,-0.012562,9.9015
1755406540765,0.263211,0.018544,9.882358
1755406540768,0.291924,-0.012562,9.879965
1755406540770,0.27996,-0.010169,9.872787
1755406540773,0.265603,-0.017348,9.896714
1755406540775,0.270389,-0.010169,9.88475
1755406540777,0.318245,-0.046062,9.865608
1755406540780,0.306281,-0.043669,9.872787
1755406540782,0.291924,-0.014955,9.882358
1755406540785,0.287139,-0.031705,9.889536
1755406540787,0.284746,-0.026919,9.872787
1755406540791,0.294317,-0.007777,9.889536
1755406540792,0.272782,-0.012562,9.865608
1755406540794,0.303888,-0.038883,9.882358
1755406540797,0.284746,0.001795,9.868001
1755406540799,0.284746,-0.019741,9.88475
1755406540801,0.299103,-0.036491,9.865608
1755406540804,0.284746,-0.010169,9.894321
1755406540806,0.31346,-0.019741,9.877572
1755406540809,0.303888,-0.036491,9.865608
1755406540811,0.27996,-0.014955,9.915857
1755406540813,0.272782,-0.017348,9.858429
1755406540816,0.301496,-0.017348,9.894321
1755406540820,0.311067,-0.019741,9.870394
1755406540822,0.306281,-0.034098,9.856036
1755406540823,0.294317,-0.012562,9.896714
1755406540825,0.282353,-0.041276,9.844072
1755406540827,0.270389,-0.014955,9.992726
1755406540831,0.299103,-0.010169,9.844072
1755406540832,0.29671,-0.029312,9.726824
1755406540835,0.311067,-0.029312,9.983155
1755406540837,0.342174,-0.019741,9.786645
1755406540839,0.229711,-0.017348,10.002297
1755406540842,0.323031,-0.024526,9.801002
1755406540844,0.244068,-0.074776,9.973584
1755406540847,0.287139,-0.043669,9.683753
1755406540849,0.234497,-0.005384,10.019048
1755406540853,0.320638,0.032901,9.829716
1755406540855,0.248854,-0.034098,9.987941
1755406540857,0.323031,-0.043669,9.753145
1755406540859,0.251246,-0.022134,10.009477
1755406540861,0.299103,0.044865,9.853643
1755406540864,0.27996,-0.06999,9.97837
1755406540866,0.315853,-0.055633,9.767502
1755406540868,0.198604,-0.031705,9.971191
1755406540871,0.337388,0.018544,9.834501
1755406540875,0.248854,-0.026919,9.961619
1755406540876,0.31346,-0.05324,9.82493
1755406540878,0.234497,-0.017348,9.927821
1755406540881,0.303888,0.016152,9.80818
1755406540883,0.267996,-0.031705,9.911072
1755406540885,0.31346,-0.012562,9.851251
1755406540888,0.244068,-0.046062,9.913465
1755406540890,0.306281,0.042473,9.815358
1755406540893,0.260818,-0.007777,9.961619
1755406540894,0.318245,-0.007777,9.84168
1755406540897,0.267996,-0.06999,9.906285
1755406540899,0.315853,0.013759,9.872787
1755406540902,0.29671,-0.002991,9.903893
1755406540904,0.258425,-0.000598,9.848858
1755406540906,0.299103,-0.060419,9.786645
1755406540909,0.253639,-0.026919,9.961619
1755406540912,0.337388,0.004187,9.879965
1755406540914,0.256032,0.02333,9.971191
1755406540916,0.315853,-0.038883,9.726824
1755406540918,0.215354,-0.096311,9.983155
1755406540921,0.37328,-0.002991,9.757931
1755406540923,0.186341,0.013759,9.997512
1755406540926,0.332602,-0.026919,9.729217
1755406540928,0.208176,-0.065204,10.059726
1755406540931,0.354138,-0.005384,9.743574
1755406540933,0.20339,0.001795,9.999905
1755406540935,0.339781,-0.038883,9.738789
1755406540938,0.224925,-0.093918,10.019048
1755406540940,0.342174,-0.005384,9.784252
1755406540943,0.198604,0.00658,9.966406
1755406540945,0.332602,-0.048455,9.772287
1755406540947,0.232104,-0.048455,9.987941
1755406540950,0.325424,0.020937,9.793823
1755406540952,0.205783,-0.034098,9.932607
1755406540955,0.33021,-0.072383,9.827323
1755406540957,0.248854,-0.019741,9.949656
1755406540959,0.301496,-0.026919,9.856036
1755406540961,0.248854,-0.002991,9.870394
1755406540964,0.299103,-0.022134,9.839287
1755406540967,0.263211,-0.010169,9.913465
1755406540969,0.339781,-0.022134,9.846465
1755406540972,0.265603,0.008973,10.014262
1755406540974,0.342174,-0.002991,9.832108
1755406540976,0.236889,-0.026919,9.97837
1755406540978,0.299103,-0.026919,9.683753
1755406540981,0.241675,-0.127418,9.908679
1755406540983,0.315853,0.004187,9.911072
1755406540985,0.291924,0.004187,9.860822
1755406540988,0.200997,0.04008,10.064511
1755406540992,0.366102,0.013759,9.662218
1755406540993,0.169591,-0.110668,10.021441
1755406540995,0.385244,0.001795,9.722038
1755406540998,0.258425,-0.06999,9.930214
1755406541000,0.282353,0.073579,9.954441
1755406541002,0.346959,-0.000598,9.786645
1755406541005,0.169591,-0.010169,10.138689
1755406541007,0.437887,-0.014955,9.583255
1755406541010,0.136092,-0.110668,10.117153
1755406541012,0.399601,0.016152,9.638289
1755406541015,0.236889,-0.089133,9.980762
1755406541017,0.299103,0.073579,9.911072
1755406541019,0.31346,0.004187,9.834501
1755406541022,0.169591,0.00658,10.119546
1755406541024,0.433101,-0.007777,9.568898
1755406541027,0.102592,-0.156132,10.167402
1755406541029,0.461815,0.025723,9.616755
1755406541031,0.227318,-0.098704,10.064511
1755406541034,0.284746,0.064008,9.863214
1755406541036,0.31346,-0.050847,9.810573
1755406541039,0.162413,-0.019741,10.11476
1755406541041,0.399601,0.025723,9.597611
1755406541043,0.116949,-0.110668,10.124331
1755406541046,0.413958,-0.007777,9.669396
1755406541048,0.217747,-0.096311,9.949656
1755406541050,0.284746,0.042473,9.915857
1755406541053,0.363709,-0.031705,9.786645
1755406541055,0.152842,-0.031705,10.090832
1755406541058,0.385244,0.025723,9.662218
1755406541060,0.145663,-0.089133,10.083653
1755406541062,0.382852,0.013759,9.678967
1755406541065,0.224925,-0.096311,9.954441
1755406541068,0.327817,0.028116,9.84168
1755406541069,0.284746,0.013759,9.88475
1755406541072,0.234497,0.042473,9.971191
1755406541075,0.31346,-0.024526,9.779466
1755406541077,0.232104,-0.077169,9.949656
1755406541079,0.33021,-0.060419,9.755538
1755406541082,0.227318,-0.029312,10.069297
1755406541084,0.37328,0.071186,9.760324
1755406541086,0.236889,-0.026919,10.105189
1755406541089,0.356531,-0.014955,9.643075
1755406541091,0.224925,-0.117847,9.97837
1755406541095,0.366102,0.001795,9.810573
1755406541096,0.212961,-0.012562,9.975977
1755406541099,0.282353,0.049651,9.82493
1755406541101,0.248854,-0.08674,9.848858
1755406541103,0.275175,-0.012562,9.908679
1755406541105,0.356531,-0.048455,9.803394
1755406541108,0.234497,-0.010169,10.033404
1755406541110,0.404387,0.02333,9.750752
1755406541112,0.164806,-0.043669,9.985548
1755406541116,0.375673,-0.041276,9.657433
1755406541117,0.212961,-0.024526,10.095618
1755406541120,0.37328,0.049651,9.729217
1755406541122,0.205783,-0.05324,10.112368
1755406541124,0.306281,-0.014955,9.722038
1755406541127,0.260818,-0.096311,9.954441
1755406541129,0.299103,-0.031705,9.798609
1755406541132,0.301496,-0.012562,9.899107
1755406541134,0.256032,0.016152,9.932607
1755406541136,0.308674,-0.065204,9.789038
1755406541139,0.229711,-0.062812,9.896714
1755406541142,0.337388,-0.098704,9.755538
1755406541144,0.224925,-0.017348,10.026226
1755406541146,0.370888,0.030508,9.769895
1755406541149,0.174377,-0.043669,10.100404
1755406541151,0.327817,0.00658,9.707682
1755406541153,0.244068,-0.096311,10.009477
1755406541156,0.31346,0.044865,9.801002
1755406541160,0.272782,-0.012562,9.91825
1755406541162,0.277567,0.068794,9.949656
1755406541163,0.311067,-0.041276,9.812965
1755406541165,0.251246,-0.050847,9.913465
1755406541168,0.380459,-0.026919,9.719646
1755406541171,0.22014,-0.041276,10.109975
1755406541173,0.342174,0.049651,9.765109
1755406541177,0.227318,-0.000598,10.05494
1755406541179,0.325424,0.001795,9.812965
1755406541180,0.289532,-0.113061,9.846465
1755406541182,0.236889,-0.058026,9.891929
1755406541184,0.339781,-0.019741,9.805787
1755406541187,0.198604,0.02333,10.107582
1755406541189,0.397209,0.028116,9.702896
1755406541192,0.19352,-0.065204,10.042975
1755406541195,0.368495,-0.041276,9.633504
1755406541197,0.22014,-0.084347,10.045368
1755406541199,0.325424,0.071186,9.786645
1755406541201,0.260818,-0.029312,9.999905
1755406541204,0.33021,0.013759,9.812965
1755406541206,0.308674,-0.089133,9.865608
1755406541210,0.258425,0.020937,9.930214
1755406541214,0.318245,0.004187,9.836894
1755406541215,0.205783,-0.012562,9.980762
1755406541216,0.327817,-0.050847,9.705289
1755406541218,0.183948,-0.048455,10.042975
1755406541220,0.366102,-0.014955,9.693324
1755406541223,0.19352,-0.060419,10.100404
1755406541226,0.401994,0.00658,9.662218
1755406541228,0.215354,-0.06999,10.100404
1755406541230,0.361316,0.042473,9.667004
1755406541232,0.241675,-0.079561,10.016655
1755406541235,0.299103,-0.007777,9.796216
1755406541238,0.258425,-0.048455,9.889536
1755406541239,0.217747,-0.005384,9.889536
1755406541242,0.318245,-0.024526,9.810573
1755406541245,0.229711,-0.043669,9.999905
1755406541247,0.339781,-0.038883,9.77468
1755406541249,0.256032,-0.048455,10.045368
1755406541251,0.306281,0.037687,9.815358
1755406541254,0.246461,-0.022134,9.913465
1755406541256,0.294317,-0.026919,9.755538
1755406541259,0.272782,-0.036491,9.995119
1755406541261,0.291924,-0.017348,9.9015
1755406541263,0.284746,-0.024526,9.767502
1755406541266,0.260818,-0.081954,9.920643
1755406541268,0.291924,0.018544,9.88475
1755406541271,0.248854,-0.022134,9.889536
1755406541274,0.270389,0.008973,9.896714
1755406541275,0.354138,-0.062812,9.745967
1755406541279,0.179163,-0.101097,10.021441
1755406541280,0.356531,0.018544,9.676575
1755406541283,0.164806,-0.065204,10.169795
1755406541285,0.382852,0.078365,9.700503
1755406541287,0.188734,-0.046062,10.095618
1755406541290,0.31346,-0.024526,9.731609
1755406541292,0.260818,-0.108275,9.875179
1755406541295,0.267996,-0.017348,9.954441
1755406541297,0.339781,-0.000598,9.848858
1755406541300,0.229711,0.04008,9.990334
1755406541302,0.342174,-0.074776,9.724431
1755406541304,0.174377,-0.108275,10.074082
1755406541306,0.368495,-0.010169,9.68136
1755406541309,0.183948,-0.010169,10.138689
1755406541312,0.37328,0.028116,9.662218
1755406541314,0.171984,-0.134596,10.066904
1755406541317,0.361316,0.00658,9.688539
1755406541319,0.212961,-0.017348,10.011869
1755406541321,0.356531,0.001795,9.894321
1755406541323,0.22014,0.001795,9.84168
1755406541326,0.248854,-0.014955,9.865608
1755406541328,0.303888,-0.034098,9.889536
1755406541331,0.308674,-0.041276,9.932607
1755406541333,0.260818,-0.007777,9.77468
1755406541335,0.332602,-0.038883,9.889536
1755406541338,0.311067,-0.036491,9.820144
1755406541340,0.31346,-0.026919,10.014262
1755406541343,0.311067,0.044865,10.050154
1755406541346,0.256032,0.004187,10.00469
1755406541349,0.301496,-0.038883,9.851251
1755406541351,0.270389,-0.043669,9.765109
1755406541352,0.191127,0.028116,9.743574
1755406541354,0.306281,-0.031705,9.992726
1755406541357,0.294317,-0.060419,9.891929
1755406541360,0.306281,-0.026919,9.870394
1755406541363,0.344566,-0.007777,10.064511
1755406541365,0.31346,-0.017348,9.865608
1755406541367,0.155234,0.030508,9.803394
1755406541369,0.265603,-0.014955,9.722038
1755406541371,0.301496,-0.06999,9.937392
1755406541374,0.258425,0.044865,9.908679
1755406541376,0.294317,-0.002991,9.80818
1755406541379,0.294317,-0.05324,9.879965
1755406541383,0.342174,-0.072383,9.872787
1755406541384,0.361316,-0.091525,9.954441
1755406541386,0.248854,-0.017348,9.798609
1755406541388,0.227318,0.035294,9.913465
1755406541390,0.246461,-0.012562,9.889536
1755406541393,0.260818,-0.007777,9.84168
1755406541396,0.299103,0.004187,9.834501
1755406541398,0.284746,-0.014955,9.947263
1755406541401,0.291924,-0.031705,9.834501
1755406541402,0.265603,-0.058026,9.903893
1755406541405,0.315853,-0.026919,9.853643
1755406541407,0.289532,-0.024526,9.896714
1755406541410,0.284746,-0.034098,9.865608
1755406541412,0.287139,-0.019741,9.887143
1755406541417,0.277567,-0.038883,9.903893
1755406541418,0.289532,-0.014955,9.870394
1755406541419,0.29671,-0.034098,9.930214
1755406541422,0.303888,-0.036491,9.870394
1755406541424,0.263211,-0.024526,9.887143
1755406541426,0.267996,-0.019741,9.853643
1755406541429,0.260818,-0.046062,9.915857
1755406541432,0.284746,-0.034098,9.858429
1755406541435,0.272782,-0.029312,9.891929
1755406541436,0.299103,-0.022134,9.882358
1755406541438,0.301496,-0.002991,9.870394
1755406541442,0.284746,-0.007777,9.879965
1755406541443,0.289532,-0.014955,9.856036
1755406541445,0.27996,-0.029312,9.899107
1755406541448,0.308674,-0.029312,9.863214
1755406541451,0.251246,-0.024526,9.887143
1755406541453,0.287139,-0.026919,9.879965
1755406541455,0.294317,-0.012562,9.9015
1755406541457,0.299103,-0.014955,9.875179
1755406541460,0.282353,-0.010169,9.887143
1755406541462,0.260818,-0.010169,9.870394
1755406541466,0.275175,-0.026919,9.875179
1755406541468,0.260818,-0.012562,9.887143
1755406541470,0.291924,-0.019741,9.868001
1755406541472,0.29671,-0.012562,9.915857
1755406541474,0.323031,-0.038883,9.848858
1755406541477,0.282353,-0.019741,9.896714
1755406541479,0.287139,-0.036491,9.868001
1755406541482,0.275175,-0.022134,9.865608
1755406541484,0.291924,-0.029312,9.865608
1755406541487,0.294317,-0.036491,9.891929
1755406541489,0.291924,-0.026919,9.865608
1755406541491,0.289532,0.013759,9.839287
1755406541494,0.282353,-0.000598,9.906285
1755406541496,0.267996,0.016152,10.011869
1755406541499,0.306281,0.001795,9.705289
1755406541501,0.229711,-0.127418,10.016655
1755406541503,0.397209,-0.034098,9.757931
1755406541506,0.260818,-0.081954,9.934999
1755406541508,0.267996,0.064008,9.949656
1755406541510,0.358923,-0.019741,9.767502
1755406541513,0.16002,-0.043669,10.042975
1755406541516,0.42353,-0.05324,9.580862
1755406541518,0.128913,-0.084347,10.217651
1755406541521,0.457029,0.047258,9.554541
1755406541523,0.124128,-0.043669,10.246366
1755406541525,0.418744,0.02333,9.595219
1755406541527,0.14327,-0.14656,10.07169
1755406541529,0.356531,0.016152,9.729217
1755406541532,0.258425,-0.041276,9.985548
1755406541535,0.306281,0.073579,9.9015
1755406541537,0.337388,-0.046062,9.805787
1755406541539,0.210568,-0.022134,9.999905
1755406541542,0.39003,-0.077169,9.614362
1755406541544,0.102592,-0.029312,10.172188
1755406541546,0.418744,0.066401,9.592826
1755406541549,0.133699,-0.034098,10.251151
1755406541553,0.495314,0.020937,9.523434
1755406541554,0.124128,-0.156132,10.172188
1755406541556,0.435494,0.037687,9.566504
1755406541558,0.167198,-0.096311,10.172188
1755406541561,0.342174,0.102293,9.722038
1755406541564,0.222533,-0.093918,9.961619
1755406541567,0.265603,0.02333,9.829716
1755406541569,0.356531,-0.081954,9.702896
1755406541571,0.171984,-0.019741,10.076475
1755406541573,0.445065,0.008973,9.628718
1755406541575,0.14327,-0.002991,10.263116
1755406541577,0.473779,0.04008,9.518648
1755406541580,0.131306,-0.134596,10.14826
1755406541583,0.411565,0.00658,9.578469
1755406541585,0.205783,-0.091525,10.07169
1755406541587,0.327817,0.090329,9.844072
1755406541590,0.301496,-0.029312,9.932607
1755406541592,0.208176,0.016152,9.932607
1755406541594,0.349352,-0.093918,9.68136
1755406541596,0.155234,-0.081954,10.074082
1755406541599,0.382852,-0.029312,9.645468
1755406541602,0.16002,-0.017348,10.24158
1755406541605,0.42353,0.085543,9.674182
1755406541606,0.152842,-0.062812,10.05494
1755406541608,0.332602,-0.072383,9.68136
1755406541611,0.229711,-0.108275,9.990334
1755406541613,0.323031,0.035294,9.860822
1755406541616,0.306281,-0.000598,9.942178
1755406541618,0.29671,-0.002991,9.812965
1755406541621,0.244068,-0.077169,9.939785
1755406541623,0.29671,0.004187,9.803394
1755406541625,0.282353,-0.036491,9.966406
1755406541628,0.306281,-0.000598,9.817751
1755406541630,0.289532,-0.048455,9.91825
1755406541632,0.287139,-0.022134,9.834501
1755406541635,0.303888,-0.034098,9.899107
1755406541637,0.260818,-0.002991,9.9015
1755406541640,0.277567,-0.019741,9.870394
1755406541642,0.244068,-0.012562,9.915857
1755406541645,0.325424,-0.026919,9.851251
1755406541647,0.31346,-0.019741,9.882358
1755406541649,0.287139,-0.012562,9.887143
1755406541655,0.294317,0.008973,9.872787
1755406541657,0.291924,-0.019741,9.891929
1755406541658,0.239282,-0.029312,9.875179
1755406541659,0.277567,0.001795,9.899107
1755406541661,0.277567,-0.022134,9.9015
1755406541663,0.29671,-0.029312,9.88475
1755406541666,0.306281,-0.014955,9.91825
1755406541668,0.334995,-0.007777,9.980762
1755406541671,0.263211,0.016152,9.872787
1755406541673,0.265603,-0.024526,9.889536
1755406541675,0.265603,-0.005384,9.82493
1755406541678,0.291924,-0.014955,9.966406
1755406541681,0.222533,0.02333,9.789038
1755406541683,0.308674,-0.062812,9.879965
1755406541686,0.22014,-0.005384,9.934999
1755406541688,0.354138,-0.043669,9.990334
1755406541690,0.253639,-0.010169,9.805787
1755406541693,0.256032,-0.034098,9.712467
1755406541695,0.294317,-0.022134,9.832108
1755406541697,0.251246,-0.005384,9.827323
1755406541700,0.349352,-0.058026,9.987941
1755406541703,0.354138,-0.060419,9.947263
1755406541705,0.260818,-0.038883,9.879965
1755406541707,0.291924,-0.019741,9.908679
1755406541710,0.256032,0.001795,9.889536
1755406541711,0.275175,0.001795,9.9015
1755406541714,0.308674,-0.022134,9.872787
1755406541716,0.303888,-0.062812,9.937392
1755406541720,0.248854,0.004187,9.891929
1755406541721,0.294317,-0.005384,9.937392
1755406541724,0.320638,0.008973,9.887143
1755406541727,0.260818,0.020937,9.915857
1755406541728,0.29671,-0.050847,9.877572
1755406541731,0.258425,-0.038883,9.956834
1755406541733,0.27996,-0.007777,9.889536
1755406541736,0.31346,-0.026919,9.839287
1755406541738,0.29671,-0.026919,9.88475
1755406541740,0.291924,-0.014955,9.9015
1755406541743,0.260818,0.020937,9.882358
1755406541745,0.239282,-0.002991,9.851251
1755406541747,0.306281,-0.031705,9.839287
1755406541750,0.29671,-0.036491,9.925428
1755406541754,0.315853,-0.034098,9.875179
1755406541756,0.311067,-0.060419,9.925428
1755406541758,0.260818,-0.010169,9.846465
1755406541760,0.263211,-0.012562,9.877572
1755406541762,0.267996,-0.017348,9.80818
1755406541764,0.275175,-0.034098,9.877572
1755406541768,0.318245,0.011366,9.858429
1755406541771,0.29671,0.00658,9.853643
1755406541773,0.256032,-0.034098,9.903893
1755406541774,0.311067,0.00658,9.858429
1755406541777,0.258425,-0.029312,9.834501
1755406541779,0.29671,0.00658,9.868001
1755406541781,0.248854,-0.048455,9.903893
1755406541784,0.29671,-0.019741,9.858429
1755406541786,0.267996,-0.017348,9.915857
1755406541789,0.277567,-0.002991,9.848858
1755406541791,0.303888,0.004187,9.934999
1755406541793,0.29671,-0.010169,9.896714
1755406541795,0.282353,-0.012562,9.932607
1755406541798,0.323031,-0.072383,9.731609
1755406541800,0.284746,-0.101097,9.932607
1755406541803,0.337388,-0.029312,9.781859
1755406541805,0.19352,0.016152,10.088439
1755406541808,0.380459,0.030508,9.74836
1755406541810,0.244068,-0.06999,10.033404
1755406541812,0.337388,-0.067597,9.674182
1755406541815,0.227318,-0.098704,10.052547
1755406541817,0.320638,0.049651,9.796216
1755406541820,0.224925,-0.000598,9.971191
1755406541822,0.327817,-0.041276,9.734002
1755406541824,0.263211,-0.060419,10.045368
1755406541827,0.332602,0.044865,9.779466
1755406541829,0.239282,-0.043669,9.997512
1755406541831,0.334995,-0.048455,9.79143
1755406541834,0.272782,-0.041276,10.031012
1755406541836,0.318245,0.044865,9.734002
1755406541839,0.22014,-0.065204,10.009477
1755406541841,0.318245,-0.036491,9.801002
1755406541843,0.267996,-0.002991,9.908679
1755406541846,0.260818,0.001795,9.798609
1755406541848,0.287139,-0.026919,9.932607
1755406541851,0.275175,-0.000598,9.836894
1755406541853,0.282353,-0.005384,9.889536
1755406541856,0.299103,0.001795,9.906285
1755406541859,0.325424,-0.022134,9.836894
1755406541860,0.256032,-0.029312,9.944571
1755406541862,0.334995,0.001795,9.779466
1755406541865,0.244068,-0.05324,9.934999
1755406541867,0.301496,0.008973,9.887143
1755406541870,0.294317,-0.019741,9.903893
1755406541872,0.303888,-0.038883,9.882358
1755406541875,0.270389,-0.017348,9.872787
1755406541877,0.258425,0.004187,9.891929
1755406541879,0.287139,-0.029312,9.84168
1755406541882,0.299103,-0.065204,9.875179
1755406541884,0.284746,-0.017348,9.882358
1755406541887,0.244068,-0.024526,9.879965
1755406541890,0.272782,-0.012562,9.875179
1755406541893,0.275175,-0.036491,9.913465
1755406541894,0.301496,-0.029312,9.872787
1755406541896,0.284746,-0.041276,9.863214
1755406541899,0.284746,-0.024526,9.889536
1755406541901,0.265603,-0.034098,9.863214
1755406541903,0.275175,-0.024526,9.959227
1755406541907,0.301496,-0.031705,9.80818
1755406541911,0.260818,0.001795,9.875179
1755406541912,0.320638,-0.019741,9.944571
1755406541913,0.291924,-0.031705,9.913465
1755406541915,0.332602,-0.058026,9.844072
1755406541918,0.332602,-0.019741,9.944571
1755406541920,0.294317,0.008973,9.853643
1755406541924,0.246461,-0.024526,9.877572
1755406541925,0.294317,-0.026919,9.891929
1755406541927,0.308674,-0.014955,9.803394
1755406541930,0.246461,-0.050847,9.973584
1755406541932,0.33021,0.00658,9.846465
1755406541934,0.260818,-0.019741,9.947263
1755406541937,0.294317,-0.031705,9.853643
1755406541940,0.287139,-0.017348,9.997512
1755406541943,0.282353,0.030508,9.899107
1755406541944,0.256032,-0.036491,9.784252
1755406541946,0.301496,-0.105882,9.836894
1755406541949,0.311067,-0.038883,9.815358
1755406541951,0.22014,0.001795,10.062119
1755406541954,0.306281,0.121436,9.741181
1755406541956,0.227318,-0.084347,10.069297
1755406541959,0.346959,-0.007777,9.686146
1755406541961,0.208176,-0.048455,10.009477
1755406541963,0.294317,0.025723,9.738789
1755406541966,0.270389,-0.026919,10.059726
1755406541968,0.349352,-0.010169,9.743574
1755406541971,0.212961,-0.029312,10.033404
1755406541973,0.344566,-0.019741,9.753145
1755406541976,0.236889,-0.041276,9.995119
1755406541978,0.308674,-0.010169,9.786645
1755406541980,0.244068,-0.010169,9.915857
1755406541982,0.31346,-0.058026,9.9015
1755406541985,0.267996,-0.005384,9.856036
1755406541988,0.272782,-0.038883,9.903893
1755406541989,0.287139,0.004187,9.817751
1755406541992,0.29671,-0.026919,9.959227
1755406541996,0.258425,0.018544,9.805787
1755406541997,0.29671,-0.024526,9.980762
1755406541999,0.289532,-0.024526,9.793823
1755406542001,0.275175,-0.010169,9.997512
1755406542004,0.306281,-0.000598,9.731609
1755406542006,0.284746,-0.060419,9.971191
1755406542009,0.332602,0.00658,9.846465
1755406542011,0.253639,0.008973,10.014262
1755406542013,0.325424,0.032901,9.688539
1755406542016,0.246461,-0.115454,9.964012
1755406542018,0.337388,-0.05324,9.741181
1755406542021,0.224925,-0.019741,10.109975
1755406542023,0.315853,0.092722,9.731609
1755406542026,0.222533,-0.120239,9.997512
1755406542028,0.318245,-0.074776,9.688539
1755406542031,0.22014,-0.041276,10.090832
1755406542033,0.31346,0.095115,9.71486
1755406542035,0.241675,-0.089133,10.033404
1755406542038,0.320638,-0.060419,9.726824
1755406542040,0.19352,-0.046062,10.057333
1755406542043,0.315853,0.064008,9.688539
1755406542045,0.234497,-0.084347,10.047761
1755406542047,0.325424,-0.043669,9.745967
1755406542049,0.244068,0.011366,10.069297
1755406542052,0.301496,0.008973,9.662218
1755406542054,0.263211,-0.120239,10.105189
1755406542057,0.385244,-0.038883,9.738789
1755406542060,0.232104,0.011366,10.05494
1755406542061,0.33021,-0.000598,9.659825
1755406542064,0.239282,-0.074776,10.109975
1755406542066,0.334995,0.016152,9.736395
1755406542068,0.217747,0.025723,9.990334
1755406542071,0.339781,-0.084347,9.702896
1755406542073,0.267996,-0.084347,10.047761
1755406542076,0.325424,0.008973,9.784252
1755406542079,0.229711,-0.002991,9.992726
1755406542081,0.327817,-0.014955,9.858429
1755406542083,0.258425,-0.046062,9.894321
1755406542085,0.277567,-0.007777,9.882358
1755406542088,0.299103,-0.058026,9.870394
1755406542090,0.320638,-0.014955,9.939785
1755406542093,0.318245,-0.000598,9.896714
1755406542095,0.303888,-0.019741,9.889536
1755406542097,0.27996,-0.014955,9.853643
1755406542100,0.289532,-0.034098,9.911072
1755406542102,0.356531,-0.019741,9.839287
1755406542105,0.275175,-0.024526,9.858429
1755406542107,0.31346,-0.05324,9.872787
1755406542111,0.260818,-0.024526,9.846465
1755406542114,0.323031,0.004187,9.839287
1755406542115,0.260818,-0.012562,9.868001
1755406542116,0.277567,-0.012562,9.865608
1755406542119,0.29671,-0.029312,9.875179
1755406542121,0.239282,0.030508,9.870394
1755406542124,0.332602,-0.058026,10.014262
1755406542126,0.217747,0.049651,9.810573
1755406542129,0.22014,0.028116,9.858429
1755406542131,0.31346,-0.046062,9.952048
1755406542134,0.253639,-0.002991,9.82493
1755406542136,0.260818,-0.034098,9.832108
1755406542138,0.272782,-0.022134,9.961619
1755406542141,0.308674,-0.017348,9.9015
1755406542145,0.27996,-0.002991,9.834501
1755406542146,0.392423,-0.05324,10.021441
1755406542148,0.205783,-0.019741,9.645468
1755406542150,0.289532,-0.022134,9.865608
1755406542153,0.19352,0.018544,9.865608
1755406542155,0.258425,-0.000598,9.891929
1755406542157,0.33021,-0.05324,10.019048
1755406542160,0.267996,0.001795,9.851251
1755406542163,0.380459,-0.050847,9.879965
1755406542164,0.229711,0.020937,9.91825
1755406542167,0.356531,-0.055633,9.868001
1755406542169,0.287139,-0.024526,9.937392
1755406542172,0.299103,-0.036491,9.851251
1755406542174,0.181555,0.011366,9.640682
1755406542177,0.22014,0.016152,9.80818
1755406542179,0.253639,-0.026919,9.786645
1755406542181,0.291924,-0.043669,9.942178
1755406542184,0.318245,-0.012562,9.896714
1755406542186,0.337388,-0.038883,9.832108
1755406542188,0.282353,-0.060419,9.868001
1755406542191,0.301496,-0.041276,9.88475
1755406542194,0.306281,-0.050847,9.887143
1755406542197,0.263211,-0.012562,9.858429
1755406542199,0.294317,-0.012562,9.925428
1755406542201,0.258425,-0.005384,9.860822
1755406542203,0.270389,-0.026919,9.908679
1755406542206,0.277567,0.001795,9.913465
1755406542208,0.284746,-0.007777,9.887143
1755406542210,0.289532,-0.048455,9.894321
1755406542214,0.31346,-0.041276,9.911072
1755406542216,0.299103,0.004187,9.91825
1755406542217,0.318245,0.013759,9.789038
1755406542220,0.251246,-0.06999,9.923036
1755406542222,0.311067,0.016152,9.832108
1755406542224,0.232104,-0.05324,9.894321
1755406542227,0.356531,-0.000598,9.796216
1755406542230,0.318245,-0.036491,10.007083
1755406542232,0.303888,0.018544,9.738789
1755406542234,0.260818,-0.060419,9.942178
1755406542236,0.308674,0.004187,9.856036
1755406542239,0.258425,-0.010169,9.91825
1755406542241,0.287139,0.011366,9.853643
1755406542244,0.267996,-0.050847,9.987941
1755406542247,0.327817,0.004187,9.815358
1755406542249,0.258425,-0.041276,9.91825
1755406542251,0.27996,-0.014955,9.858429
1755406542253,0.267996,-0.005384,9.959227
1755406542256,0.344566,-0.005384,9.793823
1755406542258,0.241675,-0.034098,10.023833
1755406542260,0.323031,-0.038883,9.695718
1755406542263,0.282353,-0.019741,10.016655
1755406542265,0.354138,-0.005384,9.743574
1755406542267,0.248854,-0.029312,9.980762
1755406542270,0.342174,0.013759,9.812965
1755406542273,0.217747,-0.017348,9.927821
1755406542274,0.294317,-0.034098,9.822537
1755406542277,0.306281,-0.029312,9.927821
1755406542279,0.320638,0.008973,9.937392
1755406542282,0.236889,0.020937,9.846465
1755406542284,0.303888,-0.046062,9.839287
1755406542287,0.287139,-0.022134,9.879965
1755406542289,0.318245,-0.012562,9.82493
1755406542291,0.270389,0.004187,9.906285
1755406542295,0.320638,-0.022134,9.891929
1755406542297,0.272782,0.020937,9.911072
1755406542299,0.248854,0.013759,9.836894
1755406542301,0.258425,-0.019741,9.9015
1755406542303,0.33021,-0.043669,9.84168
1755406542306,0.19352,-0.024526,9.925428
1755406542308,0.291924,-0.022134,9.822537
1755406542311,0.253639,-0.041276,9.934999
1755406542314,0.33021,-0.024526,9.836894
1755406542317,0.246461,-0.010169,9.903893
1755406542318,0.303888,-0.019741,9.868001
1755406542321,0.277567,-0.041276,9.913465
1755406542323,0.308674,-0.010169,9.903893
1755406542325,0.282353,-0.046062,9.88475
1755406542328,0.265603,-0.024526,9.877572
1755406542330,0.289532,-0.007777,9.877572
1755406542332,0.239282,-0.029312,9.863214
1755406542335,0.275175,-0.031705,9.863214
1755406542337,0.315853,-0.062812,9.856036
1755406542339,0.248854,-0.014955,9.84168
1755406542343,0.241675,-0.038883,9.877572
1755406542344,0.29671,-0.024526,9.88475
1755406542346,0.275175,-0.05324,9.920643
1755406542349,0.29671,-0.050847,9.9015
1755406542354,0.267996,-0.034098,9.913465
1755406542355,0.31346,-0.046062,9.887143
1755406542356,0.308674,-0.050847,9.889536
1755406542358,0.323031,-0.024526,9.9015
1755406542361,0.294317,-0.010169,9.887143
1755406542363,0.27996,-0.034098,9.851251
1755406542366,0.306281,-0.05324,9.923036
1755406542368,0.27996,-0.010169,9.923036
1755406542370,0.265603,-0.019741,9.820144
1755406542373,0.270389,-0.058026,9.966406
1755406542375,0.361316,0.008973,9.853643
1755406542378,0.270389,0.02333,9.971191
1755406542380,0.284746,0.004187,9.863214
1755406542383,0.311067,-0.10349,9.827323
1755406542385,0.239282,-0.029312,9.906285
1755406542387,0.349352,-0.005384,9.803394
1755406542390,0.208176,0.013759,10.007083
1755406542392,0.361316,0.047258,9.772287
1755406542395,0.19352,-0.074776,9.923036
1755406542397,0.354138,-0.043669,9.710074
1755406542400,0.217747,-0.074776,10.090832
1755406542402,0.363709,0.044865,9.796216
1755406542404,0.253639,0.02333,10.033404
1755406542407,0.299103,-0.014955,9.702896
1755406542409,0.248854,-0.117847,9.923036
1755406542411,0.303888,-0.002991,9.877572
1755406542413,0.303888,0.037687,9.973584
1755406542416,0.253639,0.008973,9.879965
1755406542419,0.323031,-0.067597,9.810573
1755406542421,0.224925,-0.055633,9.927821
1755406542423,0.332602,0.030508,9.817751
1755406542425,0.205783,0.078365,10.026226
1755406542428,0.342174,-0.007777,9.729217
1755406542431,0.208176,-0.113061,9.999905
1755406542433,0.346959,-0.034098,9.71486
1755406542436,0.195912,0.025723,10.112368
1755406542437,0.382852,0.004187,9.678967
1755406542440,0.208176,-0.113061,10.023833
1755406542443,0.327817,-0.031705,9.71486
1755406542445,0.22014,0.018544,10.078868
1755406542447,0.349352,0.02333,9.678967
1755406542450,0.217747,-0.084347,10.062119
1755406542453,0.354138,0.001795,9.760324
1755406542455,0.212961,0.016152,9.980762
1755406542457,0.306281,-0.005384,9.772287
1755406542459,0.246461,-0.058026,10.011869
1755406542462,0.299103,-0.012562,9.777073
1755406542464,0.227318,0.00658,9.9015
1755406542468,0.301496,-0.043669,9.891929
1755406542471,0.248854,-0.010169,9.915857
1755406542472,0.267996,-0.012562,9.848858
1755406542474,0.270389,-0.034098,9.856036
1755406542476,0.327817,-0.060419,9.942178
1755406542478,0.263211,0.001795,9.848858
1755406542481,0.277567,-0.012562,9.896714
1755406542483,0.253639,0.025723,9.930214
1755406542486,0.368495,-0.043669,9.745967
1755406542490,0.215354,-0.067597,9.997512
1755406542491,0.363709,0.018544,9.801002
1755406542493,0.208176,0.052044,10.023833
1755406542495,0.354138,-0.010169,9.669396
1755406542497,0.19352,-0.105882,10.052547
1755406542501,0.346959,-0.024526,9.755538
1755406542503,0.186341,0.05683,10.026226
1755406542505,0.356531,-0.002991,9.698111
1755406542507,0.224925,-0.117847,9.999905
1755406542510,0.33021,-0.029312,9.731609
1755406542512,0.179163,0.025723,10.07169
1755406542514,0.356531,0.025723,9.693324
1755406542517,0.241675,-0.081954,10.062119
1755406542520,0.358923,-0.038883,9.695718
1755406542522,0.191127,-0.012562,10.047761
1755406542524,0.358923,-0.002991,9.664611
1755406542526,0.181555,-0.081954,10.064511
1755406542529,0.334995,-0.036491,9.707682
1755406542531,0.191127,-0.007777,10.028619
1755406542533,0.332602,-0.012562,9.669396
1755406542536,0.200997,-0.077169,10.052547
1755406542538,0.368495,-0.014955,9.745967
1755406542542,0.195912,0.011366,9.997512
1755406542544,0.354138,-0.017348,9.74836
1755406542545,0.20339,-0.041276,10.002297
1755406542548,0.311067,-0.029312,9.77468
1755406542550,0.265603,-0.014955,9.920643
1755406542553,0.337388,-0.077169,9.887143
1755406542557,0.299103,-0.007777,9.882358
1755406542558,0.282353,-0.034098,9.88475
1755406542560,0.272782,-0.002991,9.846465
1755406542562,0.332602,-0.026919,9.949656
1755406542565,0.244068,0.020937,9.822537
1755406542567,0.318245,-0.05324,9.911072
1755406542569,0.287139,-0.014955,9.836894
1755406542572,0.301496,-0.012562,9.995119
1755406542574,0.251246,0.001795,9.731609
1755406542576,0.258425,-0.096311,10.028619
1755406542579,0.287139,-0.007777,9.772287
1755406542582,0.229711,-0.050847,9.939785
1755406542584,0.306281,-0.048455,9.793823
1755406542587,0.323031,-0.005384,9.999905
1755406542589,0.303888,-0.007777,9.745967
1755406542591,0.229711,-0.041276,9.987941
1755406542594,0.337388,-0.005384,9.882358
1755406542596,0.236889,-0.002991,9.858429
1755406542598,0.260818,-0.031705,9.930214
1755406542601,0.29671,0.013759,9.872787
1755406542604,0.301496,-0.010169,9.844072
1755406542606,0.215354,-0.024526,9.959227
1755406542608,0.33021,-0.031705,9.698111
1755406542610,0.244068,-0.046062,9.980762
1755406542613,0.33021,-0.026919,9.796216
1755406542615,0.277567,-0.019741,9.954441
1755406542617,0.275175,0.004187,9.894321
1755406542620,0.287139,-0.022134,9.877572
1755406542623,0.289532,0.011366,9.870394
1755406542625,0.284746,-0.034098,9.858429
1755406542627,0.27996,0.011366,9.856036
1755406542629,0.299103,-0.019741,9.908679
1755406542632,0.282353,-0.024526,9.887143
1755406542634,0.277567,-0.043669,9.863214
1755406542637,0.299103,-0.017348,9.844072
1755406542640,0.277567,-0.019741,9.817751
1755406542642,0.270389,-0.036491,9.9015
1755406542644,0.27996,-0.062812,9.906285
1755406542646,0.275175,-0.036491,9.903893
1755406542648,0.270389,-0.031705,9.872787
1755406542651,0.277567,-0.034098,9.923036
1755406542654,0.27996,0.020937,9.942178
1755406542656,0.258425,0.020937,9.882358
1755406542658,0.272782,-0.034098,9.875179
1755406542660,0.301496,-0.038883,9.932607
1755406542663,0.277567,-0.036491,9.793823
1755406542665,0.311067,-0.017348,9.911072
1755406542668,0.287139,-0.000598,9.894321
1755406542671,0.284746,-0.017348,9.906285
1755406542675,0.277567,-0.031705,9.856036
1755406542676,0.301496,-0.034098,9.903893
1755406542677,0.31346,-0.022134,9.887143
1755406542680,0.282353,-0.058026,9.947263
1755406542682,0.308674,-0.026919,9.839287
1755406542684,0.27996,-0.038883,9.911072
1755406542687,0.270389,-0.014955,9.908679
1755406542689,0.315853,-0.012562,9.863214
1755406542692,0.299103,-0.038883,9.870394
1755406542695,0.282353,-0.048455,9.798609
1755406542696,0.287139,-0.05324,10.011869
1755406542699,0.291924,0.018544,9.839287
1755406542701,0.222533,0.013759,10.009477
1755406542706,0.272782,-0.041276,9.695718
1755406542708,0.291924,-0.072383,9.899107
1755406542709,0.303888,-0.048455,9.872787
1755406542712,0.236889,0.020937,9.942178
1755406542713,0.299103,-0.014955,9.803394
1755406542715,0.224925,-0.019741,9.9015
1755406542718,0.344566,-0.036491,9.832108
1755406542720,0.248854,-0.034098,9.952048
1755406542723,0.349352,-0.050847,9.777073
1755406542725,0.270389,-0.048455,9.937392
1755406542728,0.337388,-0.034098,9.860822
1755406542730,0.222533,0.00658,9.968799
1755406542732,0.303888,-0.029312,9.753145
1755406542735,0.253639,-0.062812,9.985548
1755406542737,0.33021,-0.058026,9.805787
1755406542740,0.251246,0.025723,9.983155
1755406542743,0.337388,-0.036491,9.784252
1755406542745,0.248854,-0.050847,9.992726
1755406542747,0.349352,-0.005384,9.844072
1755406542749,0.253639,0.004187,9.853643
1755406542752,0.351745,-0.06999,9.856036
1755406542754,0.272782,-0.046062,9.956834
1755406542757,0.272782,-0.007777,9.822537
1755406542759,0.251246,-0.022134,9.903893
1755406542761,0.311067,-0.06999,9.887143
1755406542763,0.275175,0.016152,9.927821
1755406542766,0.301496,0.001795,9.891929
1755406542768,0.239282,-0.022134,9.856036
1755406542771,0.306281,-0.046062,9.990334
1755406542774,0.284746,0.037687,9.798609
1755406542778,0.287139,-0.034098,9.91825
1755406542779,0.287139,-0.036491,9.882358
1755406542781,0.275175,-0.019741,9.9015
1755406542783,0.217747,-0.017348,9.803394
1755406542787,0.248854,-0.055633,9.97837
1755406542788,0.354138,-0.036491,9.853643
1755406542791,0.241675,-0.022134,9.906285
1755406542792,0.291924,-0.024526,9.9015
1755406542795,0.31346,0.008973,9.887143
1755406542797,0.29671,-0.022134,9.903893
1755406542799,0.270389,-0.034098,9.858429
1755406542802,0.301496,-0.024526,9.930214
1755406542804,0.277567,-0.012562,9.851251
1755406542808,0.256032,-0.022134,9.913465
1755406542809,0.277567,-0.026919,9.801002
1755406542811,0.263211,-0.046062,9.911072
1755406542814,0.267996,-0.026919,9.851251
1755406542816,0.267996,-0.062812,9.858429
1755406542818,0.275175,-0.041276,9.923036
1755406542821,0.294317,0.00658,9.856036
1755406542825,0.248854,-0.034098,9.846465
1755406542827,0.303888,0.00658,9.911072
1755406542829,0.27996,-0.026919,9.877572
1755406542831,0.323031,-0.019741,9.91825
1755406542833,0.289532,-0.029312,9.930214
1755406542835,0.282353,-0.007777,9.875179
1755406542838,0.277567,0.016152,9.858429
1755406542842,0.27996,0.028116,9.954441
1755406542843,0.299103,0.013759,9.822537
1755406542845,0.232104,-0.06999,9.887143
1755406542847,0.277567,-0.062812,9.729217
1755406542850,0.239282,-0.024526,10.002297
1755406542852,0.299103,0.066401,9.889536
1755406542855,0.222533,-0.014955,9.952048
1755406542857,0.306281,-0.055633,9.781859
1755406542860,0.282353,-0.115454,9.949656
1755406542862,0.301496,0.030508,9.860822
1755406542864,0.29671,0.016152,9.983155
1755406542867,0.265603,-0.010169,9.82493
1755406542869,0.27996,-0.079561,9.84168
1755406542871,0.244068,-0.000598,9.877572
1755406542874,0.301496,0.035294,9.903893
1755406542876,0.260818,0.013759,9.959227
1755406542879,0.323031,-0.079561,9.769895
1755406542881,0.234497,-0.065204,9.944571
1755406542883,0.37328,-0.024526,9.760324
1755406542886,0.236889,0.028116,10.002297
1755406542888,0.299103,0.016152,9.743574
1755406542890,0.20339,-0.065204,9.959227
1755406542893,0.385244,-0.036491,9.726824
1755406542895,0.208176,0.011366,10.11476
1755406542898,0.39003,0.042473,9.712467
1755406542900,0.200997,-0.065204,10.040583
1755406542902,0.342174,-0.05324,9.623933
1755406542905,0.191127,-0.062812,10.05494
1755406542910,0.363709,0.064008,9.77468
1755406542912,0.205783,-0.022134,10.083653
1755406542913,0.349352,0.011366,9.717253
1755406542916,0.210568,-0.084347,10.028619
1755406542917,0.33021,-0.002991,9.757931
1755406542920,0.256032,-0.007777,10.069297
1755406542921,0.31346,0.04008,9.79143
1755406542924,0.248854,-0.05324,9.923036
1755406542927,0.339781,-0.046062,9.805787
1755406542929,0.270389,-0.000598,9.91825
1755406542931,0.287139,0.05683,9.906285
1755406542934,0.318245,-0.034098,9.796216
1755406542936,0.244068,-0.065204,9.925428
1755406542938,0.31346,-0.041276,9.784252
1755406542941,0.208176,0.025723,10.002297
1755406542945,0.339781,-0.005384,9.803394
1755406542947,0.236889,-0.050847,9.992726
1755406542948,0.358923,-0.048455,9.729217
1755406542950,0.19352,-0.048455,10.002297
1755406542953,0.346959,0.028116,9.738789
1755406542955,0.200997,-0.036491,10.052547
1755406542958,0.416351,-0.046062,9.667004
1755406542960,0.222533,-0.067597,10.050154
1755406542963,0.375673,0.035294,9.734002
1755406542965,0.181555,-0.043669,10.105189
1755406542967,0.366102,-0.002991,9.695718
1755406542970,0.217747,-0.065204,10.045368
1755406542972,0.351745,0.00658,9.698111
1755406542974,0.20339,-0.014955,10.023833
1755406542978,0.351745,0.020937,9.736395
1755406542980,0.263211,-0.077169,10.007083
1755406542982,0.31346,-0.007777,9.80818
1755406542984,0.267996,-0.012562,9.959227
1755406542987,0.275175,-0.022134,9.793823
1755406542989,0.234497,-0.093918,9.954441
1755406542991,0.294317,0.025723,9.872787
1755406542996,0.282353,0.016152,9.911072
1755406542997,0.27996,-0.041276,9.810573
1755406542999,0.308674,-0.06999,9.961619
1755406543001,0.289532,0.037687,9.865608
1755406543003,0.272782,0.016152,9.903893
1755406543005,0.301496,-0.048455,9.805787
1755406543008,0.315853,-0.096311,9.992726
1755406543013,0.263211,0.047258,9.820144
1755406543014,0.275175,-0.007777,9.927821
1755406543015,0.315853,-0.072383,9.82493
1755406543018,0.287139,-0.038883,10.011869
1755406543020,0.308674,0.025723,9.760324
1755406543022,0.251246,-0.038883,9.925428
1755406543025,0.294317,-0.048455,9.834501
1755406543029,0.289532,-0.019741,10.028619
1755406543031,0.291924,0.035294,9.762716
1755406543032,0.272782,-0.046062,9.915857
1755406543034,0.294317,-0.060419,9.834501
1755406543037,0.258425,-0.005384,10.031012
1755406543039,0.289532,0.011366,9.750752
1755406543042,0.263211,-0.055633,9.966406
1755406543044,0.33021,-0.05324,9.74836
1755406543047,0.224925,-0.029312,10.052547
1755406543049,0.323031,0.080758,9.74836
1755406543051,0.258425,-0.084347,10.014262
1755406543053,0.301496,-0.022134,9.719646
1755406543056,0.253639,-0.084347,9.990334
1755406543058,0.272782,0.061615,9.820144
1755406543061,0.306281,-0.017348,10.042975
1755406543064,0.289532,0.030508,9.812965
1755406543066,0.272782,-0.079561,9.882358
1755406543068,0.241675,-0.036491,9.851251
1755406543071,0.332602,0.016152,9.877572
1755406543073,0.224925,0.042473,9.966406
1755406543075,0.327817,-0.072383,9.760324
1755406543078,0.181555,-0.067597,9.971191
1755406543080,0.356531,-0.041276,9.712467
1755406543082,0.222533,-0.024526,10.062119
1755406543084,0.39003,-0.005384,9.712467
1755406543087,0.208176,-0.055633,10.031012
1755406543089,0.351745,-0.046062,9.678967
1755406543092,0.210568,-0.017348,10.042975
1755406543095,0.392423,0.049651,9.678967
1755406543098,0.191127,-0.05324,10.11476
1755406543099,0.401994,-0.034098,9.664611
1755406543101,0.210568,-0.017348,10.109975
1755406543104,0.401994,0.042473,9.662218
1755406543106,0.19352,-0.072383,10.081261
1755406543108,0.387637,-0.002991,9.698111
1755406543113,0.191127,-0.005384,10.102797
1755406543114,0.363709,0.016152,9.647861
1755406543116,0.186341,-0.038883,10.102797
1755406543118,0.394816,-0.002991,9.683753
1755406543121,0.195912,-0.014955,10.062119
1755406543123,0.385244,-0.014955,9.690931
1755406543125,0.205783,-0.058026,10.076475
1755406543128,0.351745,-0.010169,9.762716
1755406543130,0.234497,-0.007777,9.930214
1755406543133,0.33021,-0.041276,9.822537
1755406543135,0.251246,0.004187,9.923036
1755406543137,0.308674,-0.007777,9.879965
1755406543140,0.256032,-0.017348,9.875179
1755406543143,0.311067,-0.048455,9.911072
1755406543145,0.260818,0.020937,9.860822
1755406543148,0.277567,-0.038883,9.887143
1755406543150,0.301496,-0.031705,9.805787
1755406543152,0.325424,-0.060419,10.019048
1755406543155,0.260818,0.052044,9.74836
1755406543157,0.253639,-0.034098,9.995119
1755406543159,0.291924,-0.012562,9.777073
1755406543162,0.256032,-0.007777,10.033404
1755406543165,0.311067,0.02333,9.690931
1755406543167,0.260818,-0.060419,10.074082
1755406543168,0.320638,0.00658,9.760324
1755406543171,0.22014,-0.029312,9.959227
1755406543173,0.294317,-0.05324,9.793823
1755406543176,0.263211,-0.031705,9.990334
1755406543178,0.303888,-0.012562,9.796216
1755406543182,0.227318,-0.014955,9.887143
1755406543184,0.303888,-0.034098,9.915857
1755406543185,0.327817,0.05683,9.829716
1755406543188,0.275175,-0.038883,9.911072
1755406543190,0.303888,0.008973,9.853643
1755406543193,0.315853,-0.019741,9.939785
1755406543195,0.208176,-0.031705,9.781859
1755406543199,0.251246,-0.067597,9.968799
1755406543201,0.303888,0.00658,9.796216
1755406543203,0.265603,0.001795,9.875179
1755406543204,0.282353,-0.014955,9.872787
1755406543207,0.289532,0.00658,9.877572
1755406543209,0.215354,-0.031705,9.896714
1755406543212,0.272782,-0.012562,9.903893
1755406543216,0.337388,-0.041276,9.84168
1755406543217,0.265603,-0.024526,9.934999
1755406543219,0.308674,-0.010169,9.860822
1755406543221,0.289532,-0.026919,9.853643
1755406543224,0.277567,-0.055633,9.908679
1755406543226,0.299103,0.018544,9.882358
1755406543228,0.260818,0.004187,9.932607
1755406543231,0.270389,-0.005384,9.80818
1755406543234,0.31346,-0.074776,9.879965
1755406543235,0.267996,-0.012562,9.891929
1755406543238,0.308674,0.016152,9.877572
1755406543240,0.308674,-0.000598,9.863214
1755406543243,0.306281,-0.029312,9.949656
1755406543245,0.265603,0.001795,9.868001
1755406543247,0.263211,-0.031705,9.84168
1755406543250,0.284746,-0.113061,9.908679
1755406543252,0.320638,-0.019741,9.84168
1755406543255,0.275175,0.02333,9.995119
1755406543257,0.289532,0.042473,9.836894
1755406543259,0.29671,-0.019741,9.91825
1755406543262,0.251246,-0.074776,9.844072
1755406543264,0.277567,-0.038883,9.832108
1755406543267,0.308674,0.00658,9.88475
1755406543269,0.239282,0.016152,10.009477
1755406543271,0.315853,0.020937,9.767502
1755406543274,0.236889,-0.034098,9.987941
1755406543276,0.303888,-0.007777,9.772287
1755406543279,0.282353,-0.05324,9.875179
1755406543281,0.256032,-0.046062,9.930214
1755406543284,0.284746,-0.012562,9.829716
1755406543286,0.282353,-0.041276,9.822537
1755406543288,0.277567,-0.007777,9.937392
1755406543291,0.361316,-0.002991,9.805787
1755406543293,0.232104,-0.060419,9.987941
1755406543296,0.318245,-0.036491,9.848858
1755406543298,0.299103,-0.012562,9.848858
1755406543301,0.282353,-0.017348,9.887143
1755406543303,0.311067,-0.005384,9.899107
1755406543306,0.320638,-0.002991,9.906285
1755406543307,0.258425,-0.000598,9.875179
1755406543310,0.301496,-0.050847,9.80818
1755406543313,0.256032,-0.031705,9.872787
1755406543315,0.294317,-0.007777,9.939785
1755406543318,0.263211,0.001795,9.817751
1755406543321,0.275175,0.011366,9.913465
1755406543322,0.246461,-0.024526,9.834501
1755406543324,0.272782,-0.067597,9.88475
1755406543327,0.265603,-0.022134,9.889536
1755406543329,0.299103,0.004187,9.906285
1755406543332,0.308674,-0.024526,9.82493
1755406543335,0.256032,-0.05324,9.889536
1755406543337,0.301496,-0.010169,9.846465
1755406543339,0.248854,-0.002991,9.992726
1755406543341,0.29671,0.011366,9.729217
1755406543343,0.275175,-0.05324,9.997512
1755406543346,0.284746,-0.007777,9.760324
1755406543348,0.232104,-0.026919,9.903893
1755406543353,0.263211,0.016152,9.882358
1755406543354,0.323031,-0.019741,9.84168
1755406543356,0.258425,-0.026919,9.923036
1755406543358,0.299103,-0.024526,9.858429
1755406543360,0.287139,-0.010169,9.868001
1755406543363,0.299103,-0.026919,9.872787
1755406543365,0.294317,-0.017348,9.944571
1755406543369,0.299103,-0.019741,9.79143
1755406543370,0.215354,-0.058026,10.023833
1755406543372,0.361316,0.016152,9.757931
1755406543374,0.260818,-0.048455,10.026226
1755406543377,0.311067,0.008973,9.80818
1755406543379,0.299103,-0.034098,9.903893
1755406543382,0.265603,-0.017348,9.908679
1755406543384,0.337388,-0.010169,9.844072
1755406543387,0.248854,-0.012562,9.894321
1755406543389,0.284746,-0.017348,9.860822
1755406543391,0.284746,0.004187,9.887143
1755406543394,0.315853,-0.026919,9.908679
1755406543397,0.282353,-0.007777,9.903893
1755406543398,0.31346,-0.000598,9.868001
1755406543401,0.277567,-0.031705,9.915857
1755406543404,0.270389,-0.048455,9.863214
1755406543406,0.270389,-0.014955,9.882358
1755406543408,0.303888,-0.017348,9.870394
1755406543411,0.27996,-0.010169,9.872787
1755406543413,0.272782,-0.046062,9.851251
1755406543415,0.246461,-0.000598,9.887143
1755406543418,0.277567,-0.034098,9.868001
1755406543421,0.29671,-0.029312,9.879965
1755406543423,0.275175,-0.000598,9.870394
1755406543425,0.282353,-0.031705,9.877572
1755406543427,0.294317,-0.000598,9.887143
1755406543430,0.270389,-0.029312,9.879965
1755406543432,0.258425,-0.012562,9.858429
1755406543434,0.265603,-0.019741,9.899107
1755406543438,0.349352,-0.024526,9.877572
1755406543439,0.287139,-0.05324,9.887143
1755406543442,0.287139,-0.019741,9.894321
1755406543444,0.289532,-0.010169,9.868001
1755406543446,0.284746,-0.019741,9.9015
1755406543449,0.277567,-0.026919,9.915857
1755406543451,0.291924,-0.031705,9.911072
1755406543453,0.289532,-0.038883,9.879965
1755406543456,0.260818,-0.029312,9.875179
1755406543458,0.29671,-0.029312,9.899107
1755406543461,0.277567,-0.048455,9.889536
1755406543463,0.277567,-0.022134,9.88475
1755406543465,0.320638,-0.046062,9.91825
1755406543468,0.282353,-0.010169,9.887143
1755406543471,0.284746,-0.022134,9.906285
1755406543473,0.291924,-0.036491,9.889536
1755406543475,0.294317,-0.014955,9.882358
1755406543478,0.277567,-0.055633,9.88475
1755406543480,0.287139,0.004187,9.896714
1755406543482,0.306281,-0.014955,9.906285
1755406543485,0.272782,-0.046062,9.887143
1755406543488,0.272782,-0.024526,9.877572
1755406543490,0.291924,0.001795,9.868001
1755406543492,0.270389,-0.017348,9.875179
1755406543494,0.287139,-0.005384,9.877572
1755406543497,0.325424,-0.022134,9.88475
1755406543499,0.289532,0.004187,9.882358
1755406543501,0.289532,-0.026919,9.899107
1755406543505,0.299103,-0.017348,9.896714
1755406543507,0.275175,-0.019741,9.877572
1755406543509,0.256032,-0.031705,9.9015
1755406543511,0.263211,-0.041276,9.872787
1755406543513,0.260818,-0.022134,9.875179
1755406543516,0.258425,-0.012562,9.875179
1755406543519,0.287139,-0.017348,9.853643
1755406543521,0.263211,-0.029312,9.872787
1755406543523,0.267996,-0.022134,9.875179
1755406543525,0.284746,-0.029312,9.848858
1755406543528,0.301496,-0.026919,9.882358
1755406543530,0.318245,-0.024526,9.853643
1755406543533,0.299103,-0.000598,9.891929
1755406543535,0.284746,-0.002991,9.899107
1755406543539,0.272782,-0.002991,9.887143
1755406543541,0.282353,-0.007777,9.879965
1755406543544,0.318245,-0.007777,9.889536
1755406543545,0.289532,-0.000598,9.875179
1755406543547,0.277567,-0.022134,9.868001
1755406543549,0.289532,-0.017348,9.88475
1755406543552,0.27996,-0.031705,9.882358
1755406543554,0.287139,-0.024526,9.889536
1755406543558,0.272782,-0.031705,9.899107
1755406543559,0.294317,-0.026919,9.903893
1755406543561,0.301496,-0.029312,9.9015
1755406543564,0.256032,-0.065204,9.872787
1755406543566,0.270389,-0.029312,9.889536
1755406543568,0.308674,-0.022134,9.858429
1755406543571,0.275175,-0.029312,9.891929
1755406543574,0.272782,-0.012562,9.872787
1755406543576,0.308674,-0.014955,9.877572
1755406543578,0.284746,-0.041276,9.875179
1755406543581,0.270389,-0.043669,9.875179
1755406543583,0.272782,-0.031705,9.870394
1755406543585,0.299103,-0.048455,9.877572
1755406543588,0.303888,-0.019741,9.877572
1755406543591,0.332602,-0.014955,9.870394
1755406543593,0.29671,-0.014955,9.894321
1755406543595,0.282353,-0.017348,9.879965
1755406543597,0.27996,-0.031705,9.870394
1755406543601,0.299103,-0.038883,9.896714
1755406543602,0.303888,-0.043669,9.872787
1755406543604,0.287139,-0.012562,9.891929
1755406543607,0.320638,-0.036491,9.899107
1755406543609,0.270389,-0.029312,9.88475
1755406543612,0.291924,-0.017348,9.891929
1755406543614,0.270389,-0.007777,9.906285
1755406543616,0.308674,-0.022134,9.88475
1755406543619,0.318245,-0.014955,9.899107
1755406543621,0.318245,-0.036491,9.865608
1755406543624,0.294317,-0.043669,9.879965
1755406543626,0.275175,-0.038883,9.896714
1755406543629,0.275175,-0.034098,9.88475
1755406543631,0.27996,-0.031705,9.872787
1755406543633,0.29671,-0.036491,9.872787
1755406543636,0.282353,-0.038883,9.891929
1755406543638,0.289532,-0.043669,9.860822
1755406543641,0.31346,-0.043669,9.882358
1755406543643,0.260818,-0.022134,9.896714
1755406543645,0.282353,-0.036491,9.865608
1755406543648,0.244068,-0.058026,9.865608
1755406543650,0.251246,-0.019741,9.879965
1755406543652,0.284746,-0.034098,9.889536
1755406543655,0.327817,-0.036491,9.887143
1755406543658,0.291924,-0.036491,9.882358
1755406543661,0.301496,-0.026919,9.887143
1755406543662,0.282353,-0.010169,9.879965
1755406543664,0.299103,-0.019741,9.879965
1755406543667,0.306281,-0.024526,9.88475
1755406543669,0.301496,-0.007777,9.88475
1755406543672,0.251246,-0.022134,9.889536
1755406543674,0.265603,-0.058026,9.882358
1755406543676,0.291924,-0.005384,9.894321
1755406543679,0.289532,-0.007777,9.894321
1755406543682,0.239282,-0.012562,9.875179
1755406543683,0.265603,-0.012562,9.853643
1755406543687,0.284746,0.00658,9.891929
1755406543688,0.275175,-0.010169,9.882358
1755406543692,0.282353,-0.012562,9.870394
1755406543693,0.301496,-0.017348,9.887143
1755406543696,0.299103,-0.007777,9.860822
1755406543698,0.29671,-0.017348,9.872787
1755406543701,0.253639,-0.041276,9.872787
1755406543703,0.287139,-0.038883,9.882358
1755406543705,0.291924,-0.024526,9.899107
1755406543709,0.294317,-0.012562,9.891929
1755406543710,0.308674,-0.041276,9.877572
1755406543712,0.306281,-0.022134,9.877572
1755406543715,0.27996,-0.026919,9.848858
1755406543717,0.272782,-0.010169,9.891929
1755406543719,0.260818,-0.012562,9.860822
1755406543723,0.294317,-0.026919,9.875179
1755406543726,0.287139,-0.022134,9.894321
1755406543727,0.239282,-0.036491,9.887143
1755406543730,0.27996,0.001795,9.879965
1755406543731,0.299103,-0.022134,9.870394
1755406543734,0.272782,-0.026919,9.879965
1755406543736,0.277567,-0.031705,9.877572
1755406543739,0.267996,-0.012562,9.879965
1755406543741,0.27996,-0.034098,9.865608
1755406543744,0.270389,-0.000598,9.865608
1755406543746,0.301496,-0.026919,9.887143
1755406543749,0.27996,-0.041276,9.877572
1755406543751,0.277567,-0.046062,9.875179
1755406543753,0.275175,-0.014955,9.887143
1755406543755,0.270389,-0.046062,9.872787
1755406543758,0.275175,-0.036491,9.860822
1755406543761,0.299103,-0.017348,9.877572
1755406543764,0.277567,-0.026919,9.889536
1755406543765,0.284746,-0.017348,9.899107
1755406543767,0.291924,-0.019741,9.868001
1755406543770,0.27996,-0.024526,9.877572
1755406543772,0.267996,-0.022134,9.899107
1755406543775,0.287139,-0.019741,9.877572
1755406543778,0.275175,-0.019741,9.865608
1755406543779,0.256032,-0.038883,9.896714
1755406543782,0.260818,-0.034098,9.906285
1755406543784,0.303888,-0.019741,9.887143
1755406543787,0.284746,-0.017348,9.91825
1755406543789,0.289532,-0.024526,9.88475
1755406543791,0.287139,-0.031705,9.88475
1755406543794,0.248854,-0.010169,9.877572
1755406543796,0.270389,-0.034098,9.863214
1755406543799,0.277567,-0.002991,9.872787
1755406543801,0.253639,-0.017348,9.875179
1755406543804,0.31346,-0.010169,9.899107
1755406543806,0.277567,-0.007777,9.879965
1755406543808,0.291924,0.00658,9.882358
1755406543811,0.289532,-0.007777,9.88475
1755406543813,0.267996,-0.010169,9.865608
1755406543816,0.253639,-0.007777,9.875179
1755406543818,0.294317,-0.05324,9.894321
1755406543820,0.306281,0.004187,9.875179
1755406543823,0.31346,-0.031705,9.889536
1755406543825,0.287139,-0.026919,9.877572
1755406543828,0.287139,-0.029312,9.88475
1755406543830,0.267996,-0.014955,9.894321
1755406543832,0.277567,-0.014955,9.899107
1755406543835,0.31346,-0.017348,9.870394
1755406543837,0.284746,-0.026919,9.879965
1755406543839,0.282353,-0.041276,9.891929
1755406543842,0.287139,-0.019741,9.882358
1755406543845,0.311067,-0.012562,9.865608
1755406543847,0.31346,-0.019741,9.879965
1755406543849,0.291924,-0.029312,9.891929
1755406543851,0.303888,-0.024526,9.865608
1755406543854,0.289532,-0.026919,9.879965
1755406543856,0.318245,-0.014955,9.879965
1755406543859,0.303888,-0.017348,9.875179
1755406543862,0.311067,-0.002991,9.889536
1755406543864,0.289532,-0.038883,9.870394
1755406543866,0.263211,-0.012562,9.882358
1755406543868,0.27996,-0.010169,9.887143
1755406543870,0.27996,-0.017348,9.879965
1755406543873,0.27996,-0.012562,9.889536
1755406543875,0.299103,0.00658,9.879965
1755406543878,0.272782,-0.012562,9.889536
1755406543882,0.241675,-0.031705,9.899107
1755406543884,0.267996,0.011366,9.877572
1755406543885,0.294317,-0.014955,9.882358
1755406543887,0.263211,-0.007777,9.853643
1755406543890,0.248854,-0.014955,9.872787
1755406543892,0.299103,-0.031705,9.899107
1755406543896,0.299103,-0.017348,9.908679
1755406543898,0.301496,0.004187,9.877572
1755406543899,0.294317,-0.010169,9.875179
1755406543902,0.282353,-0.019741,9.875179
1755406543904,0.277567,-0.002991,9.882358
1755406543906,0.289532,-0.026919,9.863214
1755406543909,0.282353,-0.019741,9.872787
1755406543912,0.287139,-0.017348,9.894321
1755406543914,0.267996,-0.05324,9.911072
1755406543916,0.277567,-0.024526,9.891929
1755406543918,0.275175,0.008973,9.906285
1755406543921,0.272782,-0.031705,9.88475
1755406543923,0.282353,-0.031705,9.872787
1755406543926,0.289532,0.001795,9.889536
1755406543928,0.267996,-0.046062,9.889536
1755406543931,0.282353,0.004187,9.875179
1755406543934,0.284746,-0.012562,9.894321
1755406543935,0.284746,0.016152,9.896714
1755406543937,0.291924,-0.026919,9.875179
1755406543940,0.272782,-0.036491,9.870394
1755406543943,0.27996,-0.017348,9.879965
1755406543945,0.294317,-0.05324,9.875179
1755406543947,0.294317,-0.024526,9.88475
1755406543950,0.291924,-0.026919,9.889536
1755406543953,0.239282,-0.026919,9.879965
1755406543955,0.265603,-0.024526,9.870394
1755406543957,0.270389,-0.024526,9.868001
1755406543959,0.303888,-0.026919,9.872787
1755406543961,0.299103,-0.029312,9.868001
1755406543964,0.277567,-0.000598,9.877572
1755406543967,0.284746,-0.024526,9.88475
1755406543969,0.265603,-0.017348,9.882358
1755406543971,0.260818,-0.022134,9.879965
1755406543974,0.265603,-0.026919,9.896714
1755406543976,0.265603,-0.019741,9.875179
1755406543978,0.277567,-0.014955,9.875179
1755406543981,0.282353,0.011366,9.875179
1755406543986,0.29671,0.004187,9.870394
1755406543987,0.294317,-0.031705,9.908679
1755406543988,0.306281,-0.031705,9.882358
1755406543990,0.272782,-0.019741,9.872787
1755406543993,0.277567,-0.043669,9.879965
1755406543995,0.287139,-0.012562,9.887143
1755406543998,0.277567,-0.034098,9.911072
1755406544000,0.27996,-0.029312,9.889536
1755406544002,0.301496,-0.012562,9.891929
1755406544004,0.287139,0.008973,9.868001
1755406544008,0.272782,-0.002991,9.903893
1755406544009,0.256032,-0.029312,9.896714
1755406544012,0.287139,-0.026919,9.851251
1755406544015,0.272782,-0.034098,9.863214
1755406544017,0.272782,-0.041276,9.896714
1755406544019,0.291924,-0.010169,9.879965
1755406544021,0.287139,-0.017348,9.906285
1755406544024,0.277567,-0.005384,9.896714
1755406544026,0.284746,0.00658,9.786645
1755406544028,0.303888,-0.024526,9.999905
1755406544031,0.253639,-0.017348,9.870394
1755406544034,0.282353,0.00658,9.798609
1755406544036,0.258425,-0.050847,9.899107
1755406544039,0.306281,-0.046062,9.913465
1755406544041,0.301496,-0.026919,9.879965
1755406544043,0.282353,-0.014955,9.879965
1755406544045,0.282353,-0.031705,9.80818
1755406544049,0.287139,-0.048455,9.908679
1755406544051,0.282353,-0.000598,9.913465
1755406544053,0.291924,0.037687,9.872787
1755406544055,0.256032,-0.002991,9.908679
1755406544058,0.287139,-0.024526,9.927821
1755406544060,0.306281,-0.014955,9.777073
1755406544062,0.270389,-0.046062,10.002297
1755406544065,0.346959,0.004187,9.779466
1755406544067,0.246461,-0.022134,10.002297
1755406544069,0.315853,-0.000598,9.753145
1755406544072,0.287139,-0.060419,9.980762
1755406544075,0.258425,-0.000598,9.834501
1755406544076,0.29671,-0.005384,9.908679
1755406544079,0.277567,0.001795,9.851251
1755406544083,0.306281,-0.007777,9.91825
1755406544085,0.265603,-0.024526,9.781859
1755406544086,0.253639,-0.041276,9.973584
1755406544089,0.318245,-0.036491,9.879965
1755406544091,0.267996,0.016152,9.889536
1755406544094,0.294317,-0.050847,9.868001
1755406544096,0.303888,-0.041276,9.9015
1755406544099,0.318245,-0.050847,9.868001
1755406544101,0.275175,-0.019741,9.836894
1755406544104,0.31346,-0.007777,10.007083
1755406544106,0.291924,0.008973,9.686146
1755406544108,0.210568,-0.062812,9.985548
1755406544110,0.342174,-0.024526,9.839287
1755406544112,0.246461,-0.002991,9.944571
1755406544115,0.270389,0.052044,9.79143
1755406544118,0.277567,-0.034098,9.954441
1755406544120,0.287139,-0.077169,9.80818
1755406544122,0.301496,0.008973,9.91825
1755406544125,0.327817,-0.010169,9.846465
1755406544127,0.289532,-0.046062,9.877572
1755406544130,0.29671,-0.007777,9.980762
1755406544132,0.284746,-0.026919,9.729217
1755406544135,0.275175,-0.05324,10.031012
1755406544137,0.325424,-0.005384,9.798609
1755406544139,0.260818,0.00658,9.858429
1755406544141,0.291924,-0.050847,9.952048
1755406544144,0.272782,-0.017348,9.911072
1755406544146,0.306281,-0.007777,9.877572
1755406544148,0.258425,-0.036491,9.872787
1755406544151,0.318245,-0.026919,9.865608
1755406544153,0.320638,0.001795,9.944571
1755406544155,0.275175,-0.031705,9.781859
1755406544158,0.277567,-0.079561,9.956834
1755406544160,0.29671,0.001795,9.959227
1755406544163,0.246461,-0.048455,9.741181
1755406544165,0.291924,-0.065204,9.934999
1755406544168,0.303888,-0.022134,9.942178
1755406544170,0.239282,0.008973,9.786645
1755406544172,0.277567,-0.041276,9.88475
1755406544175,0.334995,-0.038883,9.875179
1755406544177,0.303888,0.02333,9.848858
1755406544180,0.251246,-0.046062,9.736395
1755406544182,0.31346,-0.058026,10.076475
1755406544185,0.308674,-0.014955,9.894321
1755406544187,0.277567,0.02333,9.803394
1755406544190,0.241675,-0.060419,9.934999
1755406544192,0.344566,-0.041276,9.793823
1755406544194,0.246461,0.004187,10.002297
1755406544196,0.303888,-0.034098,9.693324
1755406544199,0.282353,-0.062812,10.102797
1755406544202,0.315853,0.013759,9.719646
1755406544204,0.232104,-0.017348,9.971191
1755406544206,0.308674,-0.038883,9.760324
1755406544209,0.277567,-0.041276,10.031012
1755406544211,0.311067,0.001795,9.765109
1755406544213,0.253639,-0.019741,9.899107
1755406544216,0.315853,-0.05324,9.975977
1755406544219,0.299103,0.047258,9.801002
1755406544221,0.222533,-0.077169,9.889536
1755406544224,0.308674,-0.017348,9.832108
1755406544226,0.301496,-0.046062,10.007083
1755406544228,0.270389,0.075972,9.781859
1755406544230,0.277567,-0.058026,9.939785
1755406544232,0.29671,-0.026919,9.793823
1755406544236,0.284746,-0.002991,10.014262
1755406544238,0.270389,0.042473,9.734002
1755406544240,0.236889,-0.05324,9.999905
1755406544242,0.361316,0.013759,9.743574
1755406544244,0.260818,0.004187,9.987941
1755406544247,0.308674,0.00658,9.729217
1755406544249,0.282353,-0.055633,10.102797
1755406544253,0.31346,-0.010169,9.731609
1755406544254,0.217747,0.020937,9.992726
1755406544256,0.311067,-0.012562,9.79143
1755406544258,0.291924,-0.038883,10.026226
1755406544261,0.323031,0.00658,9.726824
1755406544263,0.208176,-0.022134,10.00469
1755406544266,0.368495,-0.05324,9.765109
1755406544269,0.241675,-0.022134,9.983155
1755406544271,0.339781,0.018544,9.793823
1755406544273,0.258425,-0.005384,9.959227
1755406544275,0.351745,-0.062812,9.803394
1755406544278,0.251246,0.016152,9.966406
1755406544280,0.308674,-0.005384,9.796216
1755406544283,0.224925,-0.000598,9.920643
1755406544285,0.334995,-0.081954,9.839287
1755406544289,0.241675,0.004187,9.927821
1755406544291,0.299103,0.013759,9.84168
1755406544293,0.275175,-0.012562,9.863214
1755406544295,0.299103,-0.077169,9.91825
1755406544297,0.260818,-0.005384,9.877572
1755406544299,0.320638,-0.026919,9.9015
1755406544302,0.277567,-0.017348,9.84168
1755406544305,0.306281,-0.062812,9.913465
1755406544307,0.251246,0.018544,9.872787
1755406544309,0.270389,-0.005384,9.889536
1755406544311,0.27996,-0.036491,9.839287
1755406544314,0.303888,-0.074776,9.88475
1755406544316,0.284746,-0.000598,9.853643
1755406544319,0.308674,-0.010169,9.88475
1755406544321,0.27996,0.004187,9.836894
1755406544323,0.282353,-0.065204,9.91825
1755406544326,0.291924,0.008973,9.846465
1755406544328,0.282353,-0.012562,9.908679
1755406544331,0.294317,-0.024526,9.827323
1755406544333,0.31346,-0.072383,9.942178
1755406544335,0.311067,0.004187,9.829716
1755406544338,0.265603,-0.012562,9.954441
1755406544341,0.334995,-0.029312,9.736395
1755406544343,0.291924,-0.048455,9.983155
1755406544345,0.277567,0.037687,9.803394
1755406544347,0.246461,-0.002991,10.016655
1755406544350,0.320638,-0.010169,9.729217
1755406544352,0.260818,-0.065204,10.045368
1755406544355,0.318245,0.032901,9.817751
1755406544357,0.256032,-0.031705,9.891929
1755406544359,0.334995,-0.041276,9.82493
1755406544362,0.251246,-0.055633,9.949656
1755406544364,0.325424,0.004187,9.789038
1755406544366,0.239282,-0.022134,9.947263
1755406544369,0.337388,-0.036491,9.805787
1755406544371,0.265603,-0.043669,9.987941
1755406544374,0.31346,-0.017348,9.82493
1755406544376,0.222533,-0.046062,9.937392
1755406544378,0.346959,-0.048455,9.767502
1755406544381,0.227318,-0.034098,10.014262
1755406544383,0.315853,0.032901,9.767502
1755406544386,0.222533,-0.000598,10.019048
1755406544389,0.334995,0.00658,9.667004
1755406544394,0.251246,-0.019741,10.069297
1755406544395,0.327817,0.011366,9.753145
1755406544397,0.229711,-0.026919,10.035797
1755406544398,0.351745,-0.043669,9.710074
1755406544400,0.222533,-0.010169,9.980762
1755406544403,0.351745,-0.014955,9.793823
1755406544406,0.241675,-0.038883,10.019048
1755406544408,0.339781,-0.036491,9.762716
1755406544410,0.236889,-0.019741,9.983155
1755406544412,0.349352,0.004187,9.745967
1755406544415,0.234497,-0.031705,9.987941
1755406544417,0.344566,0.011366,9.786645
1755406544419,0.291924,-0.002991,10.00469
1755406544423,0.315853,-0.029312,9.743574
1755406544426,0.265603,-0.048455,9.930214
1755406544427,0.337388,-0.024526,9.858429
1755406544429,0.248854,-0.017348,9.870394
1755406544431,0.311067,-0.050847,9.91825
1755406544433,0.246461,0.004187,9.88475
1755406544436,0.294317,-0.002991,9.853643
1755406544439,0.265603,-0.019741,9.923036
1755406544443,0.342174,-0.010169,9.779466
1755406544444,0.208176,-0.029312,9.868001
1755406544446,0.334995,0.018544,9.88475
1755406544448,0.294317,-0.036491,10.00469
1755406544450,0.315853,-0.014955,9.894321
1755406544453,0.284746,-0.002991,9.80818
1755406544457,0.287139,-0.014955,9.882358
1755406544458,0.267996,-0.022134,9.846465
1755406544460,0.342174,-0.029312,10.014262
1755406544462,0.263211,0.00658,9.903893
1755406544465,0.332602,-0.007777,9.937392
1755406544467,0.258425,0.025723,9.851251
1755406544469,0.241675,-0.017348,9.772287
1755406544472,0.33021,-0.043669,9.875179
1755406544475,0.349352,-0.046062,9.97837
1755406544477,0.258425,0.001795,10.00469
1755406544479,0.311067,-0.007777,9.944571
1755406544481,0.294317,-0.014955,9.980762
1755406544484,0.354138,-0.072383,10.05494
1755406544486,0.236889,-0.022134,9.868001
1755406544488,0.375673,-0.062812,9.968799
1755406544491,0.217747,-0.026919,9.690931
1755406544493,0.244068,-0.005384,9.801002
1755406544496,0.291924,-0.055633,9.741181
1755406544498,0.306281,-0.034098,9.887143
1755406544501,0.232104,0.020937,9.789038
1755406544504,0.375673,-0.031705,10.05494
1755406544505,0.164806,0.011366,9.549755
1755406544508,0.27996,-0.022134,9.865608
1755406544510,0.31346,-0.014955,9.985548
1755406544513,0.287139,-0.017348,9.882358
1755406544515,0.375673,-0.062812,10.031012
1755406544517,0.256032,-0.002991,9.896714
1755406544520,0.392423,-0.091525,9.975977
1755406544522,0.311067,-0.000598,10.045368
1755406544525,0.332602,-0.050847,9.786645
1755406544527,0.327817,-0.093918,9.848858
1755406544529,0.174377,0.059222,9.870394
1755406544532,0.380459,-0.074776,10.059726
1755406544534,0.205783,-0.022134,9.664611
1755406544537,0.224925,-0.012562,9.846465
1755406544539,0.346959,-0.046062,9.985548
1755406544542,0.258425,-0.026919,9.84168
1755406544546,0.131306,0.04008,9.585648
1755406544547,0.332602,-0.017348,9.985548
1755406544548,0.29671,-0.043669,9.930214
1755406544551,0.29671,-0.026919,9.966406
1755406544553,0.306281,-0.000598,9.88475
1755406544556,0.227318,-0.022134,9.781859
1755406544558,0.217747,-0.007777,9.827323
1755406544560,0.339781,-0.017348,9.913465
1755406544563,0.29671,0.004187,9.939785
1755406544565,0.323031,-0.041276,9.848858
1755406544568,0.308674,0.020937,9.920643
1755406544570,0.265603,-0.029312,9.80818
1755406544573,0.308674,-0.005384,9.863214
1755406544576,0.289532,-0.012562,9.858429
1755406544578,0.27996,-0.024526,9.88475
1755406544580,0.284746,-0.022134,9.973584
1755406544582,0.256032,-0.034098,9.798609
1755406544584,0.260818,-0.019741,10.009477
1755406544587,0.299103,0.001795,9.760324
1755406544589,0.22014,-0.058026,9.985548
1755406544592,0.346959,-0.017348,9.743574
1755406544594,0.253639,-0.093918,9.91825
1755406544596,0.289532,0.068794,9.820144
1755406544599,0.282353,-0.012562,9.932607
1755406544601,0.258425,0.004187,9.875179
1755406544604,0.337388,-0.031705,9.777073
1755406544606,0.212961,-0.010169,9.920643
1755406544610,0.31346,0.004187,9.741181
1755406544611,0.208176,-0.022134,10.040583
1755406544613,0.334995,-0.002991,9.731609
1755406544616,0.210568,-0.055633,10.021441
1755406544619,0.378066,-0.012562,9.676575
1755406544620,0.234497,-0.002991,10.153046
1755406544623,0.368495,0.020937,9.674182
1755406544627,0.188734,-0.029312,10.05494
1755406544629,0.323031,0.00658,9.688539
1755406544630,0.227318,-0.05324,10.078868
1755406544633,0.37328,-0.005384,9.652647
1755406544635,0.289532,-0.06999,10.133903
1755406544637,0.366102,0.02333,9.640682
1755406544640,0.258425,-0.031705,10.021441
1755406544642,0.342174,-0.005384,9.767502
1755406544645,0.239282,-0.026919,10.05494
1755406544649,0.349352,0.037687,9.726824
1755406544650,0.236889,-0.034098,9.990334
1755406544651,0.323031,-0.041276,9.767502
1755406544654,0.263211,-0.050847,10.016655
1755406544656,0.361316,0.030508,9.765109
1755406544661,0.210568,0.00658,9.97837
1755406544662,0.358923,-0.036491,9.79143
1755406544664,0.222533,-0.026919,9.961619
1755406544666,0.332602,0.008973,9.79143
1755406544669,0.27996,0.013759,9.879965
1755406544671,0.318245,-0.05324,9.915857
1755406544673,0.270389,0.035294,9.9015
1755406544675,0.287139,-0.034098,9.820144
1755406544678,0.277567,-0.000598,9.899107
1755406544680,0.356531,-0.079561,9.822537
1755406544683,0.188734,-0.005384,10.009477
1755406544685,0.39003,-0.012562,9.777073
1755406544688,0.22014,-0.012562,10.011869
1755406544690,0.394816,-0.050847,9.71486
1755406544692,0.19352,-0.012562,10.07169
1755406544695,0.375673,-0.012562,9.690931
1755406544697,0.162413,-0.022134,10.121939
1755406544700,0.418744,-0.005384,9.576077
1755406544702,0.14327,-0.046062,10.212866
1755406544704,0.42353,0.02333,9.552148
1755406544707,0.128913,-0.048455,10.253544
1755406544709,0.435494,0.032901,9.52822
1755406544712,0.133699,-0.077169,10.215259
1755406544714,0.428315,0.028116,9.542577
1755406544717,0.150449,-0.072383,10.200902
1755406544719,0.39003,0.092722,9.611969
1755406544721,0.212961,-0.091525,10.102797
1755406544724,0.356531,0.030508,9.676575
1755406544726,0.270389,-0.062812,9.939785
1755406544729,0.275175,0.035294,9.865608
1755406544732,0.351745,-0.038883,9.793823
1755406544734,0.164806,-0.024526,10.047761
1755406544736,0.437887,-0.024526,9.595219
1755406544738,0.12652,-0.08674,10.215259
1755406544741,0.5001,0.04008,9.523434
1755406544743,0.093021,-0.067597,10.160224
1755406544746,0.428315,0.071186,9.695718
1755406544748,0.241675,-0.084347,9.964012
1755406544750,0.241675,0.042473,9.848858
1755406544753,0.349352,-0.034098,9.789038
1755406544755,0.179163,-0.007777,10.050154
1755406544757,0.380459,0.00658,9.671789
1755406544760,0.191127,-0.060419,10.026226
1755406544763,0.404387,0.02333,9.719646
1755406544767,0.22014,-0.060419,10.045368
1755406544768,0.29671,0.04008,9.820144
1755406544770,0.306281,-0.019741,9.870394
1755406544771,0.258425,-0.012562,9.956834
1755406544774,0.39003,-0.041276,9.667004
1755406544776,0.186341,-0.065204,10.143475
1755406544780,0.399601,0.035294,9.667004
1755406544782,0.169591,-0.050847,10.083653
1755406544784,0.366102,0.047258,9.755538
1755406544786,0.270389,-0.113061,9.88475
1755406544788,0.294317,-0.014955,9.9015
1755406544790,0.342174,-0.034098,9.729217
1755406544793,0.183948,-0.041276,10.098011
1755406544796,0.39003,0.052044,9.695718
1755406544798,0.227318,-0.072383,10.059726
1755406544800,0.344566,0.054437,9.839287
1755406544803,0.294317,-0.05324,9.793823
1755406544805,0.22014,-0.055633,10.002297
1755406544807,0.368495,0.004187,9.645468
1755406544810,0.157627,-0.074776,10.086046
1755406544813,0.363709,0.071186,9.781859
1755406544815,0.241675,-0.034098,9.987941
1755406544817,0.251246,-0.026919,9.856036
1755406544819,0.349352,-0.081954,9.738789
1755406544823,0.251246,-0.060419,9.973584
1755406544824,0.320638,0.04008,9.88475
1755406544826,0.315853,0.008973,9.903893
1755406544829,0.318245,-0.060419,10.112368
1755406544832,0.275175,-0.010169,9.851251
1755406544834,0.248854,-0.012562,9.755538
1755406544836,0.258425,0.00658,9.920643
1755406544839,0.354138,-0.029312,9.858429
1755406544841,0.260818,-0.010169,9.915857
1755406544843,0.232104,0.028116,9.822537
1755406544846,0.260818,-0.05324,9.84168
1755406544848,0.289532,-0.014955,9.786645
1755406544851,0.222533,0.016152,9.796216
1755406544853,0.222533,-0.022134,9.762716
1755406544856,0.183948,0.001795,9.671789
1755406544858,0.267996,-0.029312,9.894321
1755406544860,0.244068,0.020937,9.796216
1755406544863,0.222533,-0.000598,9.686146
1755406544866,0.354138,-0.077169,9.741181
1755406544867,0.368495,-0.036491,10.098011
1755406544871,0.325424,0.028116,10.105189
1755406544873,0.232104,0.032901,9.836894
1755406544874,0.327817,-0.058026,9.983155
1755406544877,0.325424,-0.036491,9.829716
1755406544879,0.260818,-0.012562,9.939785
1755406544882,0.291924,-0.029312,9.911072
1755406544884,0.308674,-0.031705,9.908679
1755406544886,0.294317,-0.046062,9.872787
1755406544889,0.294317,-0.024526,9.872787
1755406544891,0.275175,-0.038883,9.891929
1755406544894,0.289532,-0.017348,9.856036
1755406544896,0.253639,-0.000598,9.870394
1755406544898,0.267996,-0.031705,9.896714
1755406544901,0.289532,-0.002991,9.875179
1755406544904,0.289532,-0.024526,9.88475
1755406544906,0.33021,0.037687,9.894321
1755406544908,0.284746,-0.031705,9.887143
1755406544910,0.282353,-0.019741,9.863214
1755406544913,0.289532,-0.022134,9.889536
1755406544916,0.303888,-0.029312,9.829716
1755406544918,0.282353,-0.014955,9.896714
1755406544920,0.270389,-0.014955,9.822537
1755406544923,0.227318,-0.007777,9.865608
1755406544925,0.205783,-0.005384,9.760324
1755406544927,0.318245,-0.026919,9.932607
1755406544929,0.239282,-0.029312,9.812965
1755406544932,0.263211,0.037687,9.700503
1755406544935,0.244068,-0.026919,9.915857
1755406544937,0.306281,-0.050847,9.947263
1755406544939,0.267996,-0.060419,9.995119
1755406544942,0.299103,0.00658,9.903893
1755406544944,0.272782,0.004187,9.956834
1755406544946,0.315853,-0.031705,9.82493
1755406544950,0.253639,-0.005384,9.927821
1755406544952,0.277567,0.008973,9.84168
1755406544954,0.265603,-0.012562,9.932607
1755406544956,0.267996,-0.026919,9.899107
1755406544958,0.301496,-0.019741,9.858429
1755406544961,0.289532,-0.024526,9.810573
1755406544963,0.287139,-0.048455,9.896714
1755406544967,0.284746,-0.014955,10.045368
1755406544970,0.311067,0.087936,9.834501
1755406544971,0.270389,-0.022134,9.975977
1755406544973,0.334995,-0.043669,9.745967
1755406544975,0.27996,-0.038883,9.983155
1755406544977,0.289532,0.00658,9.803394
1755406544980,0.267996,-0.017348,10.059726
1755406544983,0.342174,0.008973,9.745967
1755406544987,0.227318,-0.043669,10.009477
1755406544988,0.33021,-0.010169,9.717253
1755406544990,0.272782,-0.026919,10.009477
1755406544992,0.344566,0.00658,9.777073
1755406544994,0.256032,-0.034098,9.947263
1755406544997,0.320638,-0.029312,9.851251
1755406544999,0.277567,-0.038883,9.870394
1755406545002,0.284746,-0.05324,9.891929
1755406545005,0.270389,0.001795,9.820144
1755406545006,0.272782,-0.019741,9.913465
1755406545008,0.27996,-0.010169,9.832108
1755406545011,0.287139,-0.017348,9.899107
1755406545013,0.284746,-0.019741,9.865608
1755406545016,0.284746,-0.017348,9.908679
1755406545018,0.291924,-0.002991,9.882358
1755406545021,0.275175,-0.046062,9.88475
1755406545023,0.270389,-0.029312,9.891929
1755406545026,0.289532,-0.014955,9.882358
1755406545028,0.265603,-0.005384,9.887143
1755406545030,0.27996,-0.041276,9.877572
1755406545033,0.308674,-0.019741,9.889536
1755406545035,0.294317,0.004187,9.868001
1755406545037,0.289532,-0.000598,9.877572
1755406545040,0.251246,-0.036491,9.915857
1755406545043,0.301496,-0.031705,9.877572
1755406545044,0.282353,-0.019741,9.846465
1755406545047,0.284746,0.001795,9.887143
1755406545049,0.306281,-0.010169,9.908679
1755406545052,0.287139,-0.005384,9.860822
1755406545054,0.27996,-0.007777,9.911072
1755406545057,0.308674,-0.034098,9.903893
1755406545059,0.267996,0.02333,9.817751
1755406545061,0.258425,-0.077169,9.80818
1755406545064,0.294317,-0.010169,9.999905
1755406545066,0.366102,0.054437,9.832108
1755406545069,0.215354,0.05683,10.064511
1755406545071,0.382852,-0.002991,9.595219
1755406545073,0.150449,-0.125025,10.083653
1755406545076,0.356531,0.008973,9.700503
1755406545078,0.212961,0.054437,10.086046
1755406545081,0.31346,-0.007777,9.640682
1755406545083,0.215354,-0.072383,10.078868
1755406545086,0.366102,0.042473,9.719646
1755406545089,0.188734,0.025723,10.014262
1755406545091,0.320638,-0.062812,9.777073
1755406545092,0.265603,-0.012562,10.016655
1755406545095,0.315853,0.035294,9.765109
1755406545097,0.229711,-0.038883,9.911072
1755406545100,0.351745,-0.05324,9.947263
1755406545102,0.284746,0.049651,9.812965
1755406545105,0.260818,-0.043669,9.908679
1755406545107,0.277567,-0.034098,9.839287
1755406545109,0.291924,-0.005384,9.944571
1755406545112,0.263211,0.028116,9.803394
1755406545114,0.246461,-0.014955,9.971191
1755406545116,0.337388,-0.007777,9.798609
1755406545120,0.265603,-0.031705,9.934999
1755406545124,0.332602,0.035294,9.832108
1755406545126,0.27996,-0.010169,9.863214
1755406545127,0.31346,-0.036491,9.925428
1755406545128,0.299103,-0.026919,9.829716
1755406545131,0.260818,-0.019741,9.911072
1755406545133,0.303888,-0.002991,9.865608
1755406545136,0.308674,-0.031705,9.887143
1755406545139,0.256032,-0.029312,9.860822
1755406545141,0.291924,-0.019741,9.903893
1755406545143,0.291924,-0.007777,9.894321
1755406545145,0.291924,-0.029312,9.889536
1755406545148,0.323031,-0.024526,9.875179
1755406545150,0.282353,-0.081954,9.877572
1755406545153,0.282353,-0.012562,9.860822
1755406545156,0.275175,-0.012562,9.903893
1755406545158,0.342174,-0.036491,9.887143
1755406545160,0.29671,-0.026919,9.870394
1755406545162,0.234497,-0.014955,9.889536
1755406545164,0.306281,-0.029312,9.889536
1755406545167,0.284746,-0.022134,9.891929
1755406545169,0.282353,-0.048455,9.848858
1755406545172,0.256032,-0.058026,9.877572
1755406545174,0.29671,-0.034098,9.870394
1755406545176,0.256032,-0.014955,9.805787
1755406545179,0.308674,-0.012562,9.827323
1755406545181,0.284746,-0.031705,9.952048
1755406545183,0.311067,-0.000598,9.872787
1755406545186,0.284746,-0.038883,9.913465
1755406545192,0.291924,0.008973,9.858429
1755406545193,0.311067,-0.048455,9.801002
1755406545195,0.291924,-0.038883,9.992726
1755406545196,0.308674,0.008973,9.844072
1755406545198,0.315853,-0.022134,9.848858
1755406545200,0.275175,-0.031705,9.927821
1755406545203,0.323031,-0.012562,9.745967
1755406545205,0.258425,-0.034098,9.9015
1755406545208,0.289532,-0.026919,9.896714
1755406545210,0.308674,-0.000598,9.968799
1755406545212,0.339781,0.02333,9.736395
1755406545215,0.282353,-0.072383,10.019048
1755406545217,0.332602,0.008973,9.700503
1755406545220,0.229711,-0.058026,9.942178
1755406545222,0.291924,0.018544,9.937392
1755406545224,0.342174,-0.002991,9.815358
1755406545227,0.212961,-0.058026,9.913465
1755406545230,0.349352,-0.05324,9.762716
1755406545231,0.265603,-0.012562,10.028619
1755406545234,0.318245,0.068794,9.779466
1755406545236,0.256032,-0.019741,10.069297
1755406545239,0.339781,-0.031705,9.702896
1755406545241,0.270389,-0.019741,10.033404
1755406545244,0.325424,0.04008,9.74836
1755406545246,0.267996,-0.022134,10.035797
1755406545248,0.342174,-0.034098,9.817751
1755406545250,0.241675,0.013759,9.973584
1755406545253,0.346959,0.00658,9.74836
1755406545255,0.284746,-0.038883,10.03819
1755406545258,0.308674,-0.014955,9.745967
1755406545261,0.232104,-0.017348,10.002297
1755406545263,0.323031,0.004187,9.734002
1755406545265,0.246461,-0.038883,9.971191
1755406545267,0.332602,-0.000598,9.906285
1755406545270,0.22014,0.004187,9.961619
1755406545273,0.308674,-0.050847,9.772287
1755406545275,0.272782,-0.043669,9.942178
1755406545277,0.349352,-0.012562,9.84168
1755406545279,0.215354,0.00658,9.848858
1755406545282,0.282353,-0.062812,9.860822
1755406545285,0.270389,-0.005384,9.887143
1755406545286,0.299103,-0.022134,9.927821
1755406545289,0.303888,-0.022134,9.810573
1755406545292,0.311067,-0.074776,9.949656
1755406545294,0.277567,0.075972,9.803394
1755406545296,0.275175,-0.022134,9.954441
1755406545298,0.342174,-0.031705,9.848858
1755406545301,0.253639,-0.029312,10.00469
1755406545303,0.299103,0.032901,9.77468
1755406545307,0.234497,-0.029312,10.014262
1755406545309,0.339781,-0.019741,9.769895
1755406545311,0.224925,0.028116,10.045368
1755406545313,0.337388,0.001795,9.722038
1755406545315,0.253639,-0.055633,9.980762
1755406545318,0.337388,-0.017348,9.779466
1755406545320,0.215354,0.037687,10.042975
1755406545324,0.349352,-0.007777,9.745967
1755406545326,0.212961,-0.067597,9.964012
1755406545328,0.334995,-0.060419,9.77468
1755406545331,0.239282,0.032901,10.047761
1755406545332,0.346959,-0.024526,9.726824
1755406545334,0.229711,-0.074776,9.999905
1755406545337,0.351745,-0.060419,9.693324
1755406545341,0.210568,0.00658,10.064511
1755406545343,0.378066,0.02333,9.676575
1755406545344,0.232104,-0.091525,10.035797
1755406545346,0.394816,-0.043669,9.645468
1755406545349,0.188734,0.004187,10.143475
1755406545352,0.413958,0.090329,9.65504
1755406545354,0.164806,-0.026919,10.076475
1755406545356,0.404387,-0.062812,9.571291
1755406545359,0.20339,-0.127418,10.074082
1755406545362,0.370888,0.0999,9.812965
1755406545364,0.263211,0.011366,10.00469
1755406545366,0.277567,0.035294,9.891929
1755406545368,0.358923,-0.132203,9.688539
1755406545370,0.169591,-0.05324,10.042975
1755406545373,0.418744,0.020937,9.614362
1755406545376,0.109771,0.00658,10.251151
1755406545378,0.421137,0.104686,9.68136
1755406545380,0.145663,-0.110668,10.011869
1755406545383,0.339781,-0.038883,9.738789
1755406545385,0.301496,-0.046062,9.891929
1755406545387,0.277567,0.030508,9.944571
1755406545390,0.33021,-0.022134,9.844072
1755406545393,0.234497,-0.002991,9.952048
1755406545395,0.315853,-0.031705,9.812965
1755406545397,0.253639,-0.019741,9.971191
1755406545399,0.337388,0.018544,9.817751
1755406545402,0.251246,-0.017348,9.903893
1755406545404,0.291924,0.013759,9.88475
1755406545406,0.27996,-0.012562,9.84168
1755406545409,0.263211,-0.058026,9.908679
1755406545412,0.327817,-0.000598,9.9015
1755406545414,0.277567,-0.005384,9.872787
1755406545416,0.253639,-0.046062,9.91825
1755406545418,0.315853,-0.007777,9.829716
1755406545421,0.248854,-0.048455,9.906285
1755406545423,0.31346,-0.026919,9.860822
1755406545426,0.354138,-0.007777,9.853643
1755406545428,0.251246,-0.05324,9.959227
1755406545431,0.327817,-0.012562,9.810573
1755406545433,0.284746,-0.017348,9.913465
1755406545435,0.258425,-0.043669,9.930214
1755406545438,0.344566,0.02333,9.801002
1755406545440,0.246461,-0.019741,9.947263
1755406545443,0.29671,0.001795,9.829716
1755406545445,0.270389,0.004187,9.851251
1755406545447,0.275175,-0.012562,9.875179
1755406545450,0.287139,0.013759,9.913465
1755406545452,0.31346,-0.000598,9.872787
1755406545455,0.289532,-0.060419,9.868001
1755406545457,0.294317,-0.041276,9.942178
1755406545459,0.311067,-0.043669,9.891929
1755406545462,0.306281,-0.048455,9.925428
1755406545464,0.299103,-0.026919,9.91825
1755406545467,0.267996,-0.002991,9.927821
1755406545469,0.284746,-0.031705,9.88475
1755406545471,0.27996,-0.031705,9.894321
1755406545474,0.263211,-0.017348,9.834501
1755406545477,0.289532,-0.043669,9.810573
1755406545478,0.323031,-0.034098,9.949656
1755406545481,0.339781,-0.05324,9.927821
1755406545483,0.270389,-0.002991,9.836894
1755406545485,0.29671,-0.010169,9.920643
1755406545488,0.277567,-0.012562,9.834501
1755406545490,0.323031,-0.036491,9.863214
1755406545494,0.289532,0.00658,9.899107
1755406545496,0.318245,-0.019741,9.9015
1755406545498,0.320638,-0.041276,9.853643
1755406545500,0.275175,-0.031705,9.853643
1755406545503,0.246461,-0.048455,9.899107
1755406545506,0.27996,-0.012562,9.834501
1755406545508,0.260818,0.001795,9.939785
1755406545513,0.256032,-0.022134,9.822537
1755406545514,0.239282,-0.012562,9.810573
1755406545516,0.291924,-0.022134,9.908679
1755406545518,0.299103,-0.038883,9.863214
1755406545519,0.27996,-0.014955,9.882358
1755406545521,0.308674,-0.014955,9.920643
1755406545524,0.325424,-0.010169,9.877572
1755406545529,0.258425,-0.010169,9.887143
1755406545530,0.311067,-0.026919,9.858429
1755406545531,0.277567,-0.038883,9.879965
1755406545534,0.272782,-0.010169,9.894321
1755406545536,0.306281,-0.012562,9.870394
1755406545538,0.27996,-0.005384,9.906285
1755406545540,0.299103,-0.050847,9.865608
1755406545544,0.277567,0.004187,9.848858
1755406545546,0.277567,-0.026919,9.868001
1755406545548,0.306281,-0.036491,9.77468
1755406545550,0.265603,-0.050847,9.971191
1755406545553,0.303888,0.030508,9.796216
1755406545555,0.27996,-0.014955,9.851251
1755406545557,0.239282,-0.022134,10.026226
1755406545560,0.356531,0.047258,9.734002
1755406545563,0.232104,-0.017348,10.00469
1755406545565,0.339781,-0.043669,9.717253
1755406545567,0.236889,-0.065204,10.062119
1755406545569,0.303888,0.078365,9.765109
1755406545572,0.248854,-0.022134,10.023833
1755406545574,0.31346,-0.024526,9.736395
1755406545577,0.241675,-0.115454,9.932607
1755406545579,0.306281,0.02333,9.810573
1755406545582,0.272782,0.02333,9.956834
1755406545584,0.318245,0.02333,9.772287
1755406545586,0.256032,-0.058026,10.016655
1755406545588,0.332602,0.052044,9.767502
1755406545591,0.215354,-0.026919,9.973584
1755406545593,0.306281,0.00658,9.846465
1755406545596,0.263211,0.001795,9.956834
1755406545598,0.287139,-0.014955,9.817751
1755406545600,0.270389,-0.029312,9.968799
1755406545603,0.31346,-0.007777,9.856036
1755406545605,0.267996,0.004187,9.882358
1755406545608,0.306281,-0.014955,9.911072
1755406545610,0.291924,-0.010169,9.760324
1755406545613,0.244068,-0.05324,9.973584
1755406545615,0.294317,0.001795,9.786645
1755406545617,0.282353,-0.036491,9.971191
1755406545620,0.289532,-0.017348,9.798609
1755406545622,0.263211,-0.041276,9.937392
1755406545624,0.306281,-0.017348,9.815358
1755406545627,0.256032,-0.026919,9.903893
1755406545630,0.287139,-0.036491,9.915857
1755406545632,0.275175,0.02333,9.817751
1755406545634,0.248854,-0.029312,9.959227
1755406545637,0.289532,-0.029312,9.851251
1755406545639,0.277567,-0.005384,9.937392
1755406545641,0.291924,-0.019741,9.80818
1755406545644,0.318245,-0.060419,9.944571
1755406545647,0.311067,0.00658,9.927821
1755406545648,0.267996,0.04008,9.870394
1755406545651,0.275175,-0.060419,9.827323
1755406545653,0.282353,-0.065204,9.930214
1755406545656,0.327817,0.00658,9.836894
1755406545658,0.260818,-0.010169,9.868001
1755406545661,0.303888,-0.067597,9.903893
1755406545665,0.308674,-0.017348,9.879965
1755406545666,0.275175,-0.019741,9.820144
1755406545668,0.29671,-0.024526,9.856036
1755406545671,0.323031,-0.031705,10.007083
1755406545672,0.299103,0.035294,9.767502
1755406545675,0.239282,-0.036491,9.97837
1755406545678,0.33021,0.001795,9.906285
1755406545682,0.287139,-0.000598,9.896714
1755406545683,0.260818,-0.074776,9.822537
1755406545685,0.311067,-0.060419,9.860822
1755406545687,0.282353,0.001795,9.79143
1755406545689,0.251246,-0.000598,9.889536
1755406545692,0.29671,0.004187,10.040583
1755406545694,0.308674,0.020937,9.750752
1755406545696,0.251246,-0.065204,9.987941
1755406545699,0.315853,-0.026919,9.875179
1755406545702,0.270389,-0.024526,9.829716
1755406545704,0.236889,-0.048455,9.887143
1755406545706,0.323031,-0.000598,9.894321
1755406545708,0.284746,0.013759,9.851251
1755406545711,0.277567,-0.012562,9.894321
1755406545713,0.291924,-0.026919,9.990334
1755406545717,0.272782,-0.002991,9.74836
1755406545721,0.227318,-0.062812,9.97837
1755406545721,0.337388,-0.014955,9.846465
1755406545723,0.241675,-0.005384,9.889536
1755406545725,0.263211,-0.062812,9.875179
1755406545728,0.31346,-0.007777,9.906285
1755406545730,0.299103,-0.012562,9.827323
1755406545733,0.236889,-0.012562,9.863214
1755406545735,0.291924,-0.041276,9.997512
1755406545737,0.31346,0.018544,9.82493
1755406545740,0.241675,-0.048455,9.961619
1755406545742,0.315853,-0.048455,9.762716
1755406545744,0.284746,-0.002991,10.023833
1755406545747,0.282353,0.001795,9.753145
1755406545750,0.256032,-0.036491,9.985548
1755406545753,0.351745,-0.007777,9.908679
1755406545755,0.260818,-0.012562,9.868001
1755406545756,0.265603,-0.034098,9.822537
1755406545759,0.270389,-0.065204,9.911072
1755406545761,0.287139,0.011366,9.84168
1755406545763,0.27996,0.011366,9.877572
1755406545767,0.282353,-0.065204,9.906285
1755406545769,0.267996,-0.046062,9.856036
1755406545771,0.27996,-0.012562,9.79143
1755406545773,0.287139,-0.05324,9.875179
1755406545775,0.27996,-0.019741,9.879965
1755406545778,0.275175,-0.005384,9.875179
1755406545780,0.251246,0.004187,9.899107
1755406545784,0.31346,0.013759,9.889536
1755406545785,0.267996,-0.031705,9.832108
1755406545787,0.272782,-0.022134,9.9015
1755406545790,0.291924,-0.019741,9.870394
1755406545792,0.272782,-0.043669,9.956834
1755406545795,0.282353,-0.005384,9.765109
1755406545797,0.289532,-0.036491,9.920643
1755406545801,0.289532,0.001795,9.91825
1755406545803,0.277567,-0.026919,9.975977
1755406545804,0.289532,-0.034098,9.722038
1755406545807,0.270389,0.008973,9.959227
1755406545809,0.294317,-0.022134,9.789038
1755406545811,0.291924,0.008973,9.997512
1755406545814,0.325424,-0.007777,9.934999
1755406545817,0.284746,0.00658,9.786645
1755406545819,0.253639,-0.036491,9.88475
1755406545821,0.306281,-0.014955,9.856036
1755406545823,0.260818,-0.012562,9.927821
1755406545826,0.263211,-0.022134,9.887143
1755406545828,0.311067,-0.005384,9.939785
1755406545831,0.275175,-0.010169,9.796216
1755406545834,0.265603,-0.005384,9.851251
1755406545836,0.306281,-0.024526,9.80818
1755406545838,0.287139,-0.026919,9.937392
1755406545841,0.287139,-0.019741,9.810573
1755406545843,0.282353,-0.029312,10.026226
1755406545845,0.327817,-0.002991,9.815358
1755406545847,0.246461,-0.010169,9.961619
1755406545851,0.327817,-0.005384,9.745967
1755406545852,0.236889,-0.034098,9.97837
1755406545855,0.299103,-0.022134,9.815358
1755406545857,0.258425,-0.010169,9.889536
1755406545859,0.294317,-0.062812,9.860822
1755406545862,0.260818,-0.005384,9.896714
1755406545864,0.315853,-0.002991,9.82493
1755406545869,0.256032,-0.010169,9.848858
1755406545870,0.303888,-0.043669,10.03819
1755406545871,0.277567,0.071186,9.798609
1755406545874,0.229711,-0.005384,9.947263
1755406545876,0.291924,-0.012562,9.834501
1755406545879,0.303888,-0.026919,9.980762
1755406545881,0.282353,0.025723,9.741181
1755406545883,0.265603,-0.036491,9.987941
1755406545886,0.315853,-0.000598,9.784252
1755406545888,0.256032,-0.012562,9.961619
1755406545890,0.282353,0.020937,9.877572
1755406545893,0.284746,0.004187,9.863214
1755406545895,0.229711,-0.050847,9.954441
1755406545897,0.323031,0.016152,9.832108
1755406545900,0.256032,-0.046062,9.891929
1755406545903,0.267996,-0.038883,9.908679
1755406545905,0.311067,-0.005384,9.879965
1755406545907,0.287139,-0.014955,9.908679
1755406545910,0.306281,-0.017348,9.853643
1755406545912,0.308674,-0.007777,9.891929
1755406545914,0.275175,-0.010169,9.899107
1755406545917,0.282353,-0.002991,9.915857
1755406545919,0.265603,-0.024526,9.865608
1755406545922,0.275175,-0.038883,9.870394
1755406545924,0.241675,-0.019741,9.82493
1755406545927,0.260818,-0.012562,9.915857
1755406545929,0.265603,-0.029312,9.834501
1755406545931,0.306281,-0.019741,9.879965
1755406545934,0.289532,-0.038883,9.834501
1755406545936,0.291924,-0.036491,9.887143
1755406545939,0.306281,-0.017348,9.846465
1755406545941,0.265603,0.030508,9.927821
1755406545943,0.301496,-0.007777,9.896714
1755406545946,0.31346,-0.019741,9.91825
1755406545948,0.272782,-0.031705,9.84168
1755406545951,0.256032,-0.014955,9.882358
1755406545954,0.275175,-0.029312,9.832108
1755406545956,0.27996,-0.031705,9.930214
1755406545957,0.27996,0.011366,9.908679
1755406545960,0.29671,-0.012562,9.805787
1755406545963,0.284746,-0.091525,9.829716
1755406545965,0.284746,-0.048455,9.913465
1755406545967,0.31346,0.047258,9.836894
1755406545970,0.222533,-0.002991,10.045368
1755406545972,0.39003,-0.007777,9.722038
1755406545975,0.263211,-0.084347,10.047761
1755406545977,0.334995,-0.019741,9.731609
1755406545979,0.267996,-0.012562,9.999905
1755406545981,0.320638,-0.029312,9.777073
1755406545984,0.301496,-0.091525,9.956834
1755406545987,0.31346,-0.046062,9.82493
1755406545990,0.260818,0.044865,9.956834
1755406545991,0.318245,-0.038883,9.777073
1755406545993,0.267996,-0.058026,9.966406
1755406545996,0.351745,-0.014955,9.798609
1755406545998,0.246461,-0.007777,9.908679
1755406546001,0.303888,-0.022134,9.913465
1755406546004,0.263211,0.001795,9.834501
1755406546006,0.267996,-0.012562,9.906285
1755406546008,0.289532,-0.029312,9.906285
1755406546011,0.275175,-0.036491,9.827323
1755406546013,0.256032,-0.017348,9.934999
1755406546015,0.291924,0.008973,9.834501
1755406546018,0.267996,-0.034098,9.879965
1755406546021,0.29671,-0.034098,9.879965
1755406546023,0.291924,-0.026919,9.896714
1755406546025,0.277567,-0.036491,9.860822
1755406546027,0.244068,0.00658,9.894321
1755406546030,0.277567,-0.026919,9.891929
1755406546032,0.272782,-0.031705,9.865608
1755406546034,0.294317,-0.041276,9.879965
1755406546038,0.256032,-0.019741,9.863214
1755406546040,0.277567,-0.043669,9.903893
1755406546042,0.275175,-0.029312,9.877572
1755406546044,0.277567,-0.050847,9.956834
1755406546046,0.325424,-0.036491,9.875179
1755406546048,0.289532,-0.012562,9.875179
1755406546051,0.239282,-0.029312,9.860822
1755406546055,0.27996,-0.012562,9.863214
1755406546056,0.265603,0.025723,9.851251
1755406546059,0.31346,-0.017348,9.896714
1755406546060,0.291924,-0.017348,9.872787
1755406546063,0.306281,-0.041276,9.906285
1755406546065,0.29671,-0.05324,9.908679
1755406546068,0.239282,0.00658,9.865608
1755406546072,0.289532,-0.048455,9.868001
1755406546074,0.263211,-0.024526,9.868001
1755406546075,0.246461,-0.005384,9.834501
1755406546078,0.301496,-0.024526,9.906285
1755406546080,0.27996,-0.031705,9.908679
1755406546082,0.289532,-0.022134,9.903893
1755406546085,0.308674,-0.017348,9.925428
1755406546087,0.327817,-0.055633,9.860822
1755406546089,0.311067,-0.036491,9.911072
1755406546092,0.256032,-0.012562,9.863214
1755406546094,0.265603,-0.029312,9.822537
1755406546097,0.306281,-0.019741,9.923036
1755406546099,0.29671,-0.012562,9.812965
1755406546101,0.29671,-0.041276,9.903893
1755406546104,0.265603,-0.034098,9.856036
1755406546106,0.282353,-0.014955,9.868001
1755406546108,0.272782,-0.012562,9.894321
1755406546111,0.275175,-0.002991,9.839287
1755406546113,0.265603,-0.060419,9.872787
1755406546115,0.263211,-0.036491,9.934999
1755406546118,0.299103,0.001795,9.853643
1755406546120,0.303888,-0.012562,9.906285
1755406546123,0.289532,-0.000598,9.911072
1755406546126,0.27996,-0.014955,9.875179
1755406546127,0.27996,-0.026919,9.925428
1755406546130,0.275175,-0.005384,9.872787
1755406546132,0.241675,-0.034098,9.863214
1755406546135,0.275175,-0.046062,9.923036
1755406546137,0.29671,-0.000598,9.896714
1755406546140,0.258425,0.047258,9.954441
1755406546142,0.308674,-0.034098,9.722038
1755406546145,0.229711,-0.077169,9.975977
1755406546147,0.334995,-0.002991,9.858429
1755406546149,0.265603,0.02333,9.894321
1755406546151,0.339781,-0.060419,9.772287
1755406546154,0.239282,-0.06999,9.985548
1755406546157,0.349352,0.004187,9.827323
1755406546159,0.212961,-0.010169,9.934999
1755406546161,0.332602,-0.067597,9.767502
1755406546164,0.200997,-0.084347,9.959227
1755406546166,0.349352,0.016152,9.84168
1755406546168,0.20339,0.028116,9.932607
1755406546171,0.349352,-0.041276,9.738789
1755406546173,0.224925,-0.058026,9.997512
1755406546176,0.327817,0.00658,9.753145
1755406546178,0.256032,0.011366,9.908679
1755406546181,0.318245,-0.096311,9.810573
1755406546183,0.284746,-0.019741,9.985548
1755406546185,0.33021,0.035294,9.777073
1755406546188,0.244068,-0.055633,9.887143
1755406546191,0.344566,-0.031705,9.937392
1755406546194,0.251246,0.032901,9.832108
1755406546195,0.258425,-0.026919,9.891929
1755406546197,0.284746,-0.041276,9.899107
1755406546199,0.323031,-0.038883,9.856036
1755406546202,0.188734,0.00658,9.913465
1755406546204,0.354138,-0.014955,9.856036
1755406546209,0.229711,-0.019741,9.879965
1755406546211,0.299103,-0.024526,9.858429
1755406546212,0.244068,0.001795,9.827323
1755406546214,0.22014,-0.034098,9.810573
1755406546216,0.260818,-0.031705,9.777073
1755406546218,0.241675,-0.022134,9.698111
1755406546221,0.315853,-0.031705,9.949656
1755406546224,0.282353,-0.005384,9.726824
1755406546226,0.299103,-0.05324,9.879965
1755406546228,0.222533,0.004187,9.836894
1755406546231,0.334995,-0.050847,10.014262
1755406546233,0.272782,0.004187,9.894321
1755406546235,0.210568,0.016152,9.690931
1755406546238,0.258425,-0.046062,9.803394
1755406546241,0.275175,-0.05324,9.834501
1755406546243,0.327817,-0.048455,10.014262
1755406546245,0.241675,0.04008,9.853643
1755406546248,0.246461,0.032901,9.896714
1755406546250,0.318245,-0.048455,9.942178
1755406546252,0.272782,0.028116,9.91825
1755406546254,0.282353,-0.000598,9.820144
1755406546257,0.31346,-0.074776,9.944571
1755406546259,0.27996,0.011366,9.815358
1755406546262,0.29671,-0.067597,9.961619
1755406546264,0.224925,0.008973,9.659825
1755406546266,0.244068,-0.012562,9.870394
1755406546269,0.263211,0.001795,9.9015
1755406546271,0.291924,-0.05324,9.908679
1755406546274,0.301496,-0.038883,9.937392
1755406546276,0.31346,-0.065204,9.932607
1755406546279,0.277567,-0.002991,9.942178
1755406546281,0.265603,-0.029312,9.858429
1755406546284,0.282353,-0.043669,9.832108
1755406546286,0.265603,-0.029312,9.925428
1755406546289,0.258425,-0.012562,9.834501
1755406546290,0.308674,-0.017348,9.923036
1755406546293,0.272782,-0.024526,9.860822
1755406546296,0.275175,-0.036491,9.908679
1755406546298,0.265603,-0.014955,9.939785
1755406546300,0.287139,0.047258,9.877572
1755406546302,0.291924,-0.048455,9.827323
1755406546305,0.284746,-0.041276,9.82493
1755406546307,0.275175,-0.029312,10.040583
1755406546310,0.308674,0.075972,9.812965
1755406546314,0.246461,0.008973,9.980762
1755406546316,0.299103,-0.024526,9.786645
1755406546317,0.275175,-0.072383,9.868001
1755406546319,0.244068,-0.000598,9.896714
1755406546322,0.287139,0.001795,9.894321
1755406546324,0.253639,-0.014955,9.947263
1755406546328,0.332602,-0.065204,9.789038
1755406546329,0.198604,-0.038883,9.911072
1755406546332,0.344566,-0.017348,9.817751
1755406546334,0.263211,-0.000598,9.966406
1755406546336,0.385244,-0.022134,9.745967
1755406546338,0.20339,-0.043669,9.91825
1755406546341,0.342174,-0.022134,9.784252
1755406546343,0.19352,-0.002991,10.074082
1755406546346,0.409173,0.02333,9.650253
1755406546348,0.222533,-0.101097,10.121939
1755406546350,0.399601,-0.010169,9.659825
1755406546353,0.140877,-0.05324,10.141082
1755406546355,0.337388,0.042473,9.662218
1755406546357,0.20339,-0.065204,10.076475
1755406546360,0.356531,0.020937,9.724431
1755406546364,0.244068,-0.062812,9.899107
1755406546365,0.27996,-0.014955,9.868001
1755406546367,0.339781,-0.05324,9.798609
1755406546370,0.253639,-0.007777,10.066904
1755406546372,0.394816,0.018544,9.65504
1755406546374,0.174377,-0.050847,10.141082
1755406546377,0.387637,0.016152,9.652647
1755406546379,0.19352,-0.093918,10.019048
1755406546382,0.334995,0.05683,9.789038
1755406546385,0.318245,-0.05324,9.863214
1755406546386,0.275175,-0.022134,9.992726
1755406546389,0.368495,0.00658,9.698111
1755406546391,0.217747,-0.110668,10.002297
1755406546394,0.299103,0.013759,9.911072
1755406546397,0.301496,0.020937,9.724431
1755406546398,0.191127,-0.101097,10.009477
1755406546401,0.378066,0.028116,9.9015
1755406546403,0.303888,0.001795,9.801002
1755406546405,0.241675,-0.067597,9.932607
1755406546408,0.334995,-0.05324,9.942178
1755406546412,0.263211,0.025723,9.846465
1755406546413,0.22014,0.008973,9.860822
1755406546415,0.325424,-0.113061,9.889536
1755406546417,0.33021,-0.002991,9.875179
1755406546420,0.251246,0.028116,9.942178
1755406546422,0.239282,-0.019741,9.789038
1755406546425,0.339781,-0.079561,9.863214
1755406546427,0.260818,-0.000598,10.021441
1755406546430,0.267996,0.042473,9.757931
1755406546433,0.267996,0.011366,9.925428
1755406546434,0.301496,-0.050847,9.894321
1755406546437,0.277567,-0.019741,9.77468
1755406546439,0.222533,-0.007777,10.026226
1755406546442,0.342174,-0.002991,9.815358
1755406546444,0.291924,-0.034098,9.920643
1755406546447,0.263211,-0.046062,9.896714
1755406546449,0.282353,-0.034098,9.822537
1755406546451,0.267996,-0.010169,9.971191
1755406546453,0.301496,-0.002991,9.801002
1755406546456,0.272782,-0.002991,9.925428
1755406546458,0.284746,-0.041276,9.9015
1755406546461,0.267996,-0.019741,9.820144
1755406546463,0.29671,-0.007777,9.934999
1755406546466,0.315853,-0.026919,9.82493
1755406546468,0.270389,-0.022134,9.911072
1755406546470,0.277567,-0.002991,9.903893
1755406546473,0.33021,-0.019741,9.834501
1755406546475,0.282353,-0.019741,9.944571
1755406546477,0.282353,-0.024526,9.829716
1755406546480,0.287139,-0.029312,9.903893
1755406546482,0.294317,-0.012562,9.915857
1755406546485,0.308674,-0.019741,9.856036
1755406546487,0.291924,-0.031705,9.894321
1755406546489,0.272782,0.013759,9.851251
1755406546492,0.277567,-0.014955,9.894321
1755406546494,0.265603,-0.007777,9.872787
1755406546497,0.284746,-0.024526,9.923036
1755406546499,0.27996,-0.007777,9.877572
1755406546501,0.294317,-0.017348,9.877572
1755406546504,0.284746,-0.010169,9.877572
1755406546506,0.275175,-0.014955,9.906285
1755406546509,0.272782,-0.031705,9.9015
1755406546511,0.306281,-0.014955,9.894321
1755406546513,0.260818,-0.036491,9.908679
1755406546516,0.27996,-0.036491,9.889536
1755406546518,0.263211,-0.012562,9.896714
1755406546520,0.320638,-0.007777,9.848858
1755406546523,0.267996,-0.029312,9.872787
1755406546525,0.291924,-0.019741,9.882358
1755406546528,0.303888,-0.041276,9.870394
1755406546530,0.265603,-0.034098,9.88475
1755406546533,0.248854,-0.034098,9.88475
1755406546535,0.251246,-0.000598,9.891929
1755406546537,0.282353,-0.022134,9.851251
1755406546540,0.258425,-0.043669,9.870394
1755406546542,0.289532,-0.007777,9.875179
1755406546545,0.294317,-0.017348,9.908679
1755406546547,0.270389,-0.010169,9.863214
1755406546551,0.256032,-0.050847,9.903893
1755406546552,0.291924,-0.012562,9.868001
1755406546554,0.267996,-0.014955,9.894321
1755406546556,0.272782,-0.007777,9.877572
1755406546559,0.294317,-0.019741,9.887143
1755406546561,0.291924,-0.000598,9.887143
1755406546564,0.287139,-0.014955,9.851251
1755406546567,0.246461,-0.019741,9.863214
1755406546568,0.318245,-0.031705,9.853643
1755406546571,0.291924,-0.005384,9.889536
1755406546574,0.294317,-0.012562,9.891929
1755406546576,0.284746,-0.026919,9.88475
1755406546578,0.294317,0.004187,9.872787
1755406546581,0.260818,-0.000598,9.88475
1755406546583,0.287139,-0.019741,9.872787
1755406546585,0.294317,-0.005384,9.903893
1755406546587,0.275175,-0.014955,9.896714
1755406546590,0.301496,-0.024526,9.872787
1755406546592,0.248854,-0.019741,9.870394
1755406546595,0.272782,-0.031705,9.868001
1755406546598,0.272782,0.001795,9.891929
1755406546603,0.29671,-0.034098,9.879965
1755406546604,0.287139,-0.055633,9.887143
1755406546605,0.270389,-0.019741,9.870394
1755406546607,0.306281,-0.036491,9.896714
1755406546609,0.303888,-0.026919,9.875179
1755406546611,0.315853,-0.010169,9.875179
1755406546616,0.270389,-0.005384,9.870394
1755406546617,0.27996,-0.038883,9.894321
1755406546619,0.284746,-0.036491,9.899107
1755406546621,0.291924,-0.012562,9.856036
1755406546624,0.253639,-0.046062,9.891929
1755406546626,0.287139,-0.038883,9.891929
1755406546628,0.29671,-0.026919,9.868001
1755406546631,0.277567,-0.031705,9.853643
