1755406299580,0.27996,-0.026919,9.911072
1755406299583,0.277567,-0.024526,9.863214
1755406299584,0.289532,-0.005384,9.872787
1755406299584,0.299103,-0.019741,9.896714
1755406299585,0.299103,-0.022134,9.88475
1755406299586,0.284746,-0.010169,9.853643
1755406299587,0.265603,-0.012562,9.875179
1755406299587,0.260818,-0.014955,9.894321
1755406299588,0.258425,-0.034098,9.887143
1755406299589,0.284746,-0.036491,9.865608
1755406299591,0.29671,-0.026919,9.891929
1755406299592,0.299103,-0.017348,9.870394
1755406299592,0.291924,-0.031705,9.894321
1755406299592,0.282353,-0.010169,9.896714
1755406299593,0.263211,-0.017348,9.882358
1755406299593,0.299103,-0.026919,9.860822
1755406299594,0.291924,-0.026919,9.860822
1755406299594,0.284746,-0.010169,9.882358
1755406299595,0.291924,-0.026919,9.896714
1755406299595,0.289532,-0.010169,9.875179
1755406299595,0.267996,-0.014955,9.894321
1755406299596,0.318245,-0.012562,9.879965
1755406299596,0.284746,-0.012562,9.889536
1755406299597,0.291924,-0.005384,9.903893
1755406299597,0.287139,0.008973,9.856036
1755406299597,0.277567,0.00658,9.911072
1755406299598,0.294317,-0.017348,9.88475
1755406299598,0.301496,-0.007777,9.872787
1755406299599,0.272782,-0.031705,9.863214
1755406299599,0.287139,-0.010169,9.875179
1755406299600,0.287139,-0.041276,9.896714
1755406299600,0.303888,-0.067597,9.889536
1755406299600,0.29671,-0.012562,9.896714
1755406299601,0.29671,-0.017348,9.879965
1755406299601,0.306281,-0.026919,9.894321
1755406299602,0.31346,-0.034098,9.889536
1755406299602,0.272782,-0.034098,9.882358
1755406299603,0.282353,-0.024526,9.899107
1755406299603,0.270389,-0.024526,9.865608
1755406299603,0.29671,-0.034098,9.896714
1755406299604,0.284746,-0.012562,9.870394
1755406299604,0.294317,-0.012562,9.870394
1755406299605,0.306281,0.008973,9.856036
1755406299605,0.287139,-0.014955,9.879965
1755406299605,0.263211,-0.000598,9.887143
1755406299606,0.287139,-0.026919,9.875179
1755406299606,0.291924,-0.048455,9.882358
1755406299607,0.287139,-0.029312,9.894321
1755406299607,0.265603,-0.022134,9.875179
1755406299607,0.294317,-0.000598,9.887143
1755406299608,0.263211,-0.014955,9.88475
1755406299608,0.289532,-0.043669,9.865608
1755406299608,0.272782,-0.038883,9.872787
1755406299612,0.287139,-0.019741,9.877572
1755406299615,0.272782,-0.007777,9.875179
1755406299616,0.327817,-0.034098,9.88475
1755406299620,0.344566,0.016152,9.882358
1755406299621,0.263211,-0.036491,9.882358
1755406299624,0.303888,-0.012562,9.879965
1755406299626,0.303888,-0.002991,9.9015
1755406299628,0.248854,0.004187,9.915857
1755406299630,0.289532,-0.000598,9.877572
1755406299632,0.294317,-0.010169,9.870394
1755406299635,0.272782,0.008973,9.889536
1755406299637,0.265603,0.013759,9.865608
1755406299640,0.270389,0.004187,9.889536
1755406299642,0.27996,-0.036491,9.882358
1755406299644,0.282353,0.001795,9.882358
1755406299647,0.256032,-0.007777,9.896714
1755406299648,0.294317,-0.041276,9.887143
1755406299651,0.270389,-0.041276,9.894321
1755406299653,0.27996,-0.031705,9.879965
1755406299656,0.294317,-0.002991,9.891929
1755406299663,0.260818,0.008973,9.899107
1755406299664,0.27996,-0.041276,9.889536
1755406299665,0.282353,-0.024526,9.889536
1755406299666,0.272782,-0.038883,9.860822
1755406299668,0.301496,-0.010169,9.894321
1755406299670,0.260818,-0.010169,9.879965
1755406299673,0.253639,-0.014955,9.868001
1755406299675,0.289532,-0.019741,9.88475
1755406299677,0.263211,0.001795,9.9015
1755406299680,0.294317,-0.022134,9.911072
1755406299682,0.287139,-0.017348,9.872787
1755406299684,0.303888,0.004187,9.875179
1755406299688,0.284746,-0.012562,9.872787
1755406299690,0.31346,-0.022134,9.889536
1755406299692,0.284746,0.001795,9.877572
1755406299695,0.315853,-0.000598,9.882358
1755406299697,0.284746,-0.041276,9.889536
1755406299699,0.263211,-0.029312,9.899107
1755406299702,0.291924,-0.017348,9.879965
1755406299709,0.289532,-0.041276,9.865608
1755406299710,0.287139,-0.000598,9.887143
1755406299711,0.256032,-0.019741,9.868001
1755406299712,0.291924,-0.029312,9.889536
1755406299714,0.284746,-0.010169,9.894321
1755406299716,0.248854,-0.019741,9.887143
1755406299718,0.263211,-0.029312,9.889536
1755406299722,0.315853,-0.043669,9.899107
1755406299723,0.260818,-0.024526,9.879965
1755406299726,0.332602,-0.031705,9.872787
1755406299729,0.29671,-0.002991,9.887143
1755406299730,0.291924,-0.017348,9.860822
1755406299733,0.265603,-0.022134,9.868001
1755406299735,0.267996,-0.017348,9.879965
1755406299739,0.272782,0.001795,9.877572
1755406299740,0.284746,-0.005384,9.877572
1755406299743,0.291924,-0.002991,9.896714
1755406299745,0.277567,-0.019741,9.877572
1755406299747,0.282353,-0.031705,9.882358
1755406299750,0.236889,-0.019741,9.882358
1755406299752,0.27996,-0.034098,9.899107
1755406299756,0.291924,-0.029312,9.875179
1755406299758,0.275175,-0.019741,9.887143
1755406299759,0.282353,-0.031705,9.872787
1755406299762,0.291924,-0.043669,9.877572
1755406299764,0.289532,-0.024526,9.882358
1755406299766,0.294317,-0.019741,9.856036
1755406299770,0.258425,-0.017348,9.887143
1755406299772,0.29671,-0.024526,9.882358
1755406299774,0.31346,-0.026919,9.88475
1755406299776,0.318245,-0.029312,9.875179
1755406299778,0.270389,0.001795,9.887143
1755406299781,0.256032,-0.041276,9.88475
1755406299783,0.282353,-0.065204,9.875179
1755406299785,0.267996,-0.038883,9.88475
1755406299789,0.277567,-0.029312,9.863214
1755406299790,0.315853,-0.002991,9.875179
1755406299793,0.301496,-0.002991,9.860822
1755406299795,0.291924,0.028116,9.868001
1755406299797,0.291924,-0.029312,9.877572
1755406299800,0.267996,-0.022134,9.88475
1755406299802,0.287139,-0.024526,9.879965
1755406299804,0.287139,-0.017348,9.882358
1755406299807,0.31346,0.001795,9.877572
1755406299810,0.332602,-0.012562,9.889536
1755406299812,0.301496,-0.005384,9.879965
1755406299814,0.289532,-0.017348,9.88475
1755406299816,0.29671,-0.017348,9.889536
1755406299819,0.299103,0.004187,9.882358
1755406299821,0.272782,-0.002991,9.887143
1755406299825,0.241675,-0.005384,9.887143
1755406299826,0.282353,-0.007777,9.882358
1755406299829,0.284746,-0.012562,9.870394
1755406299831,0.277567,-0.031705,9.887143
1755406299833,0.272782,-0.014955,9.877572
1755406299835,0.270389,-0.002991,9.894321
1755406299838,0.299103,-0.002991,9.870394
1755406299842,0.287139,-0.019741,9.889536
1755406299843,0.275175,-0.019741,9.879965
1755406299846,0.272782,-0.029312,9.896714
1755406299848,0.306281,-0.019741,9.853643
1755406299850,0.31346,-0.036491,9.899107
1755406299852,0.251246,-0.010169,9.879965
1755406299855,0.287139,-0.026919,9.879965
1755406299858,0.275175,-0.019741,9.887143
1755406299860,0.265603,-0.038883,9.875179
1755406299862,0.270389,-0.043669,9.875179
1755406299864,0.332602,-0.017348,9.896714
1755406299867,0.282353,-0.024526,9.865608
1755406299869,0.303888,-0.007777,9.88475
1755406299871,0.260818,-0.019741,9.872787
1755406299874,0.256032,-0.007777,9.879965
1755406299877,0.29671,-0.005384,9.88475
1755406299879,0.306281,-0.017348,9.891929
1755406299881,0.260818,-0.034098,9.865608
1755406299884,0.256032,-0.007777,9.899107
1755406299886,0.272782,0.001795,9.860822
1755406299888,0.27996,-0.029312,9.868001
1755406299892,0.289532,-0.038883,9.915857
1755406299893,0.29671,-0.014955,9.903893
1755406299896,0.306281,-0.024526,9.875179
1755406299898,0.29671,-0.022134,9.856036
1755406299900,0.29671,-0.005384,9.88475
1755406299903,0.27996,-0.034098,9.860822
1755406299905,0.291924,-0.019741,9.834501
1755406299909,0.29671,-0.014955,9.903893
1755406299911,0.272782,-0.019741,9.891929
1755406299912,0.306281,0.001795,9.863214
1755406299915,0.267996,-0.019741,9.827323
1755406299917,0.289532,-0.022134,9.860822
1755406299919,0.27996,-0.038883,9.88475
1755406299922,0.289532,-0.019741,9.903893
1755406299925,0.275175,-0.019741,9.870394
1755406299928,0.29671,-0.014955,9.863214
1755406299930,0.282353,-0.014955,9.894321
1755406299932,0.287139,0.004187,9.868001
1755406299934,0.315853,-0.012562,9.927821
1755406299937,0.301496,-0.010169,9.894321
1755406299939,0.289532,-0.002991,9.851251
1755406299942,0.275175,-0.026919,9.908679
1755406299945,0.27996,-0.014955,9.896714
1755406299946,0.311067,-0.012562,9.891929
1755406299948,0.282353,-0.000598,9.875179
1755406299951,0.265603,0.001795,9.896714
1755406299953,0.256032,-0.007777,9.894321
1755406299955,0.306281,-0.010169,9.863214
1755406299958,0.301496,0.001795,9.872787
1755406299960,0.270389,-0.026919,9.91825
1755406299963,0.299103,-0.026919,9.882358
1755406299965,0.277567,-0.017348,9.863214
1755406299967,0.29671,-0.034098,9.853643
1755406299970,0.291924,-0.024526,9.891929
1755406299973,0.327817,-0.048455,9.906285
1755406299975,0.315853,-0.034098,9.858429
1755406299978,0.232104,-0.038883,9.834501
1755406299980,0.244068,-0.014955,9.891929
1755406299982,0.308674,-0.034098,9.877572
1755406299984,0.301496,-0.017348,9.903893
1755406299987,0.301496,0.004187,9.882358
1755406299989,0.284746,-0.038883,9.858429
1755406299991,0.29671,-0.072383,9.908679
1755406299994,0.282353,-0.012562,9.865608
1755406299997,0.287139,-0.050847,9.870394
1755406299999,0.270389,0.00658,9.891929
1755406300001,0.318245,-0.026919,9.879965
1755406300003,0.287139,-0.024526,9.88475
1755406300006,0.291924,-0.005384,9.88475
1755406300008,0.291924,-0.000598,9.891929
1755406300011,0.303888,0.001795,9.836894
1755406300013,0.27996,-0.007777,9.887143
1755406300015,0.277567,-0.007777,9.877572
1755406300018,0.267996,-0.012562,9.875179
1755406300020,0.277567,-0.019741,9.860822
1755406300023,0.294317,-0.024526,9.91825
1755406300025,0.291924,-0.026919,9.879965
1755406300030,0.291924,-0.010169,9.891929
1755406300031,0.308674,0.011366,9.887143
1755406300032,0.29671,-0.010169,9.891929
1755406300035,0.299103,-0.010169,9.887143
1755406300037,0.294317,-0.041276,9.903893
1755406300039,0.291924,-0.036491,9.896714
1755406300042,0.272782,-0.014955,9.88475
1755406300045,0.277567,-0.038883,9.896714
1755406300047,0.311067,0.001795,9.877572
1755406300049,0.260818,-0.010169,9.860822
1755406300051,0.29671,-0.017348,9.875179
1755406300054,0.275175,-0.019741,9.875179
1755406300056,0.270389,-0.012562,9.88475
1755406300059,0.277567,-0.010169,9.896714
1755406300062,0.282353,-0.005384,9.889536
1755406300064,0.29671,0.004187,9.875179
1755406300066,0.291924,-0.005384,9.877572
1755406300068,0.287139,-0.012562,9.911072
1755406300070,0.311067,0.016152,9.88475
1755406300073,0.291924,-0.010169,9.88475
1755406300075,0.294317,-0.017348,9.891929
1755406300078,0.306281,-0.022134,9.899107
1755406300080,0.284746,-0.000598,9.863214
1755406300083,0.291924,-0.007777,9.870394
1755406300085,0.263211,-0.000598,9.887143
1755406300087,0.289532,-0.024526,9.858429
1755406300090,0.275175,-0.014955,9.868001
1755406300092,0.29671,-0.026919,9.872787
1755406300096,0.299103,-0.014955,9.899107
1755406300097,0.306281,-0.048455,9.875179
1755406300099,0.308674,-0.036491,9.882358
1755406300102,0.303888,-0.041276,9.899107
1755406300104,0.267996,-0.036491,9.88475
1755406300107,0.267996,-0.012562,9.9015
1755406300109,0.289532,0.00658,9.889536
1755406300112,0.306281,-0.017348,9.872787
1755406300114,0.287139,-0.024526,9.908679
1755406300116,0.27996,0.001795,9.882358
1755406300119,0.282353,-0.019741,9.882358
1755406300121,0.320638,-0.010169,9.894321
1755406300123,0.282353,-0.002991,9.872787
1755406300126,0.291924,-0.017348,9.870394
1755406300129,0.291924,-0.022134,9.872787
1755406300132,0.275175,0.001795,9.887143
1755406300133,0.267996,0.001795,9.875179
1755406300136,0.29671,0.004187,9.879965
1755406300137,0.31346,-0.017348,9.863214
1755406300140,0.308674,-0.024526,9.868001
1755406300143,0.291924,-0.010169,9.879965
1755406300146,0.275175,-0.031705,9.896714
1755406300148,0.29671,-0.034098,9.865608
1755406300149,0.301496,0.008973,9.882358
1755406300152,0.246461,-0.024526,9.879965
1755406300154,0.258425,-0.022134,9.891929
1755406300157,0.291924,-0.012562,9.88475
1755406300159,0.289532,-0.031705,9.877572
1755406300163,0.291924,-0.010169,9.891929
1755406300164,0.282353,-0.043669,9.882358
1755406300167,0.282353,-0.017348,9.863214
1755406300169,0.263211,-0.010169,9.877572
1755406300171,0.270389,-0.017348,9.879965
1755406300173,0.27996,-0.026919,9.872787
1755406300176,0.287139,-0.007777,9.891929
1755406300179,0.253639,-0.022134,9.872787
1755406300182,0.270389,-0.010169,9.875179
1755406300184,0.258425,-0.014955,9.887143
1755406300186,0.27996,-0.005384,9.858429
1755406300188,0.299103,-0.005384,9.887143
1755406300190,0.267996,-0.014955,9.860822
1755406300193,0.287139,-0.041276,9.923036
1755406300197,0.282353,-0.043669,9.879965
1755406300199,0.275175,-0.026919,9.911072
1755406300200,0.301496,-0.012562,9.903893
1755406300202,0.267996,-0.022134,9.875179
1755406300204,0.320638,-0.022134,9.868001
1755406300207,0.282353,-0.010169,9.894321
1755406300209,0.287139,-0.031705,9.882358
1755406300212,0.299103,-0.007777,9.911072
1755406300215,0.258425,0.020937,9.894321
1755406300217,0.282353,-0.022134,9.856036
1755406300219,0.29671,-0.050847,9.997512
1755406300221,0.303888,0.020937,9.798609
1755406300224,0.234497,-0.048455,9.853643
1755406300226,0.289532,-0.029312,9.853643
1755406300229,0.306281,-0.000598,9.934999
1755406300232,0.20339,-0.036491,9.959227
1755406300236,0.351745,0.02333,9.762716
1755406300237,0.265603,-0.046062,10.059726
1755406300239,0.29671,0.011366,9.640682
1755406300240,0.289532,-0.06999,9.915857
1755406300243,0.260818,0.004187,9.915857
1755406300245,0.315853,0.061615,9.860822
1755406300249,0.246461,-0.034098,9.934999
1755406300252,0.323031,-0.036491,9.834501
1755406300253,0.275175,-0.060419,9.971191
1755406300255,0.349352,0.001795,9.705289
1755406300258,0.246461,-0.002991,10.124331
1755406300260,0.325424,-0.012562,9.659825
1755406300262,0.246461,-0.050847,10.03819
1755406300265,0.344566,-0.010169,9.717253
1755406300267,0.188734,-0.022134,10.141082
1755406300269,0.354138,-0.014955,9.633504
1755406300272,0.191127,-0.067597,10.141082
1755406300274,0.368495,0.02333,9.597611
1755406300277,0.253639,-0.029312,10.083653
1755406300279,0.342174,-0.002991,9.686146
1755406300282,0.258425,-0.081954,10.150653
1755406300284,0.337388,0.044865,9.626326
1755406300287,0.227318,-0.034098,10.050154
1755406300288,0.334995,0.008973,9.693324
1755406300291,0.224925,-0.077169,10.112368
1755406300293,0.354138,0.04008,9.662218
1755406300296,0.217747,0.008973,10.076475
1755406300299,0.342174,-0.000598,9.736395
1755406300301,0.227318,-0.050847,10.052547
1755406300303,0.354138,-0.000598,9.690931
1755406300305,0.217747,-0.029312,10.066904
1755406300308,0.354138,-0.038883,9.724431
1755406300310,0.181555,-0.065204,10.074082
1755406300313,0.366102,0.011366,9.705289
1755406300316,0.205783,-0.007777,10.011869
1755406300318,0.323031,0.001795,9.757931
1755406300320,0.19352,-0.067597,10.045368
1755406300322,0.375673,0.02333,9.690931
1755406300325,0.217747,0.025723,10.062119
1755406300327,0.397209,-0.012562,9.662218
1755406300330,0.217747,-0.115454,10.076475
1755406300333,0.387637,0.004187,9.68136
1755406300334,0.152842,0.030508,10.07169
1755406300336,0.325424,0.013759,9.561719
1755406300339,0.181555,-0.096311,10.105189
1755406300341,0.363709,0.008973,9.669396
1755406300344,0.191127,0.008973,10.100404
1755406300346,0.397209,0.013759,9.633504
1755406300350,0.222533,-0.089133,10.074082
1755406300353,0.368495,-0.017348,9.671789
1755406300354,0.191127,0.061615,10.112368
1755406300356,0.378066,0.042473,9.803394
1755406300358,0.205783,-0.117847,10.007083
1755406300360,0.399601,-0.031705,9.719646
1755406300363,0.152842,0.013759,10.13151
1755406300365,0.40678,0.035294,9.669396
1755406300368,0.212961,-0.115454,10.074082
1755406300370,0.363709,-0.077169,9.633504
1755406300372,0.195912,-0.05324,10.095618
1755406300375,0.375673,0.126221,9.784252
1755406300377,0.265603,-0.007777,10.021441
1755406300380,0.337388,-0.024526,9.71486
1755406300382,0.246461,-0.105882,9.903893
1755406300384,0.315853,0.02333,9.853643
1755406300387,0.308674,0.025723,9.920643
1755406300389,0.270389,0.037687,9.983155
1755406300391,0.337388,-0.081954,9.659825
1755406300394,0.152842,-0.074776,10.05494
1755406300396,0.409173,0.011366,9.669396
1755406300399,0.116949,0.013759,10.196116
1755406300401,0.416351,0.008973,9.54497
1755406300403,0.102592,-0.127418,10.18176
1755406300406,0.478565,-0.019741,9.475577
1755406300408,0.124128,-0.043669,10.303793
1755406300411,0.442672,0.107079,9.559326
1755406300413,0.124128,-0.096311,10.212866
1755406300415,0.447458,-0.002991,9.52822
1755406300418,0.171984,-0.165703,10.109975
1755406300421,0.361316,0.064008,9.729217
1755406300423,0.267996,-0.022134,10.088439
1755406300425,0.33021,0.054437,9.829716
1755406300427,0.289532,-0.113061,9.80818
1755406300430,0.222533,-0.050847,9.896714
1755406300432,0.368495,-0.038883,9.786645
1755406300435,0.152842,0.054437,10.162617
1755406300437,0.39003,0.035294,9.650253
1755406300439,0.157627,-0.06999,10.083653
1755406300442,0.392423,-0.08674,9.530613
1755406300444,0.131306,-0.081954,10.20808
1755406300447,0.418744,0.0999,9.669396
1755406300449,0.186341,-0.036491,10.129117
1755406300452,0.385244,-0.048455,9.607183
1755406300456,0.229711,-0.127418,10.119546
1755406300457,0.399601,0.064008,9.65504
1755406300459,0.198604,-0.012562,10.047761
1755406300461,0.339781,-0.029312,9.738789
1755406300463,0.236889,-0.031705,10.031012
1755406300466,0.325424,-0.005384,9.722038
1755406300469,0.236889,-0.048455,9.999905
1755406300471,0.363709,-0.019741,9.801002
1755406300473,0.239282,0.011366,10.028619
1755406300475,0.315853,0.013759,9.74836
1755406300478,0.239282,-0.034098,9.97837
1755406300480,0.342174,-0.031705,9.786645
1755406300483,0.212961,0.00658,9.97837
1755406300486,0.325424,-0.010169,9.77468
1755406300488,0.239282,-0.046062,10.028619
1755406300490,0.37328,-0.010169,9.664611
1755406300492,0.152842,-0.036491,10.119546
1755406300494,0.392423,0.049651,9.678967
1755406300497,0.191127,-0.08674,10.023833
1755406300499,0.294317,0.049651,9.858429
1755406300503,0.315853,-0.05324,9.796216
1755406300507,0.191127,-0.034098,10.090832
1755406300508,0.421137,0.013759,9.583255
1755406300510,0.124128,-0.10349,10.176973
1755406300511,0.411565,0.071186,9.659825
1755406300514,0.224925,-0.098704,9.97837
1755406300516,0.256032,0.05683,9.959227
1755406300520,0.382852,-0.012562,9.662218
1755406300523,0.12652,-0.105882,10.186545
1755406300525,0.433101,0.028116,9.547362
1755406300526,0.112164,-0.091525,10.138689
1755406300528,0.380459,0.059222,9.724431
1755406300531,0.260818,-0.098704,9.932607
1755406300533,0.256032,0.032901,9.937392
1755406300535,0.399601,-0.019741,9.676575
1755406300538,0.152842,-0.048455,10.141082
1755406300540,0.418744,0.00658,9.566504
1755406300543,0.088235,-0.05324,10.227223
1755406300545,0.447458,0.044865,9.568898
1755406300547,0.133699,-0.098704,10.179367
1755406300550,0.366102,0.049651,9.669396
1755406300552,0.239282,-0.110668,9.995119
1755406300557,0.289532,0.035294,9.877572
1755406300559,0.368495,-0.005384,9.836894
1755406300560,0.200997,0.018544,10.040583
1755406300561,0.404387,-0.046062,9.595219
1755406300564,0.157627,-0.093918,10.162617
1755406300566,0.452243,0.025723,9.554541
1755406300569,0.16002,-0.101097,10.172188
1755406300571,0.411565,0.111864,9.712467
1755406300574,0.212961,-0.10349,9.934999
1755406300576,0.256032,0.00658,9.968799
1755406300578,0.425922,-0.017348,9.674182
1755406300581,0.131306,-0.098704,10.150653
1755406300583,0.457029,0.037687,9.669396
1755406300586,0.210568,-0.122632,9.937392
1755406300588,0.267996,0.032901,9.932607
1755406300590,0.370888,-0.038883,9.688539
1755406300593,0.136092,-0.062812,10.150653
1755406300595,0.428315,0.097508,9.645468
1755406300598,0.181555,-0.122632,9.990334
1755406300600,0.265603,0.016152,9.927821
1755406300602,0.413958,0.001795,9.614362
1755406300605,0.090628,-0.101097,10.236794
1755406300607,0.4666,0.097508,9.583255
1755406300610,0.191127,-0.139382,10.019048
1755406300612,0.294317,0.054437,9.894321
1755406300614,0.416351,-0.046062,9.750752
1755406300617,0.131306,-0.024526,10.088439
1755406300619,0.454636,0.066401,9.602397
1755406300622,0.145663,-0.110668,10.143475
1755406300624,0.392423,0.035294,9.753145
1755406300626,0.251246,-0.024526,9.913465
1755406300629,0.248854,-0.014955,10.074082
1755406300631,0.437887,0.001795,9.657433
1755406300634,0.145663,-0.065204,10.150653
1755406300636,0.394816,0.044865,9.702896
1755406300639,0.241675,-0.041276,10.042975
1755406300641,0.248854,0.013759,9.781859
1755406300643,0.251246,-0.024526,9.745967
1755406300645,0.20339,-0.026919,10.011869
1755406300648,0.387637,-0.022134,9.664611
1755406300650,0.198604,-0.079561,10.081261
1755406300653,0.346959,0.05683,9.777073
1755406300656,0.241675,-0.058026,9.930214
1755406300659,0.251246,0.001795,10.007083
1755406300660,0.397209,0.02333,9.724431
1755406300662,0.19352,-0.091525,10.059726
1755406300665,0.380459,0.00658,9.784252
1755406300667,0.263211,-0.074776,9.79143
1755406300670,0.227318,-0.017348,10.014262
1755406300673,0.411565,0.00658,9.671789
1755406300676,0.152842,-0.098704,10.035797
1755406300677,0.399601,0.052044,9.812965
1755406300679,0.258425,-0.060419,9.848858
1755406300682,0.171984,-0.050847,10.00469
1755406300684,0.428315,0.066401,9.762716
1755406300686,0.136092,-0.06999,10.009477
1755406300690,0.332602,0.059222,9.870394
1755406300694,0.320638,-0.043669,9.750752
1755406300695,0.174377,-0.048455,10.074082
1755406300696,0.421137,-0.000598,9.640682
1755406300699,0.162413,-0.156132,10.021441
1755406300700,0.375673,0.044865,9.786645
1755406300703,0.275175,-0.062812,9.903893
1755406300707,0.20339,0.047258,10.031012
1755406300709,0.387637,0.05683,9.705289
1755406300710,0.107378,-0.058026,10.100404
1755406300712,0.385244,0.011366,9.638289
1755406300715,0.253639,-0.113061,9.959227
1755406300717,0.291924,0.028116,9.920643
1755406300720,0.332602,0.054437,9.872787
1755406300722,0.227318,0.013759,9.97837
1755406300725,0.332602,-0.043669,9.674182
1755406300727,0.208176,-0.096311,9.896714
1755406300731,0.346959,0.008973,9.79143
1755406300732,0.282353,0.008973,10.069297
1755406300734,0.332602,-0.024526,9.851251
1755406300736,0.246461,-0.019741,9.834501
1755406300739,0.29671,-0.024526,9.779466
1755406300742,0.174377,0.028116,9.726824
1755406300744,0.227318,-0.007777,9.729217
1755406300747,0.368495,-0.046062,10.162617
1755406300749,0.287139,-0.041276,9.848858
1755406300751,0.248854,-0.005384,9.836894
1755406300753,0.244068,0.020937,9.812965
1755406300756,0.253639,-0.026919,9.887143
1755406300759,0.198604,-0.007777,9.832108
1755406300761,0.258425,0.011366,9.920643
1755406300763,0.253639,-0.017348,9.891929
1755406300765,0.246461,-0.007777,9.805787
1755406300768,0.289532,-0.050847,9.956834
1755406300770,0.253639,0.011366,9.829716
1755406300772,0.263211,-0.022134,9.640682
1755406300775,0.277567,-0.005384,9.913465
1755406300779,0.325424,-0.065204,9.949656
1755406300780,0.27996,-0.019741,9.944571
1755406300782,0.217747,0.00658,9.812965
1755406300785,0.299103,-0.019741,9.899107
1755406300788,0.325424,-0.046062,9.906285
1755406300789,0.291924,0.016152,9.88475
1755406300792,0.291924,-0.010169,9.942178
1755406300794,0.253639,-0.000598,9.803394
1755406300796,0.31346,-0.019741,9.894321
1755406300799,0.246461,-0.005384,9.868001
1755406300801,0.258425,-0.06999,9.975977
1755406300804,0.323031,-0.007777,9.801002
1755406300806,0.299103,-0.036491,9.927821
1755406300808,0.253639,-0.034098,9.84168
1755406300812,0.320638,-0.002991,9.832108
1755406300813,0.212961,-0.031705,9.939785
1755406300815,0.289532,-0.012562,9.868001
1755406300818,0.301496,0.011366,9.832108
1755406300820,0.308674,-0.048455,9.868001
1755406300823,0.263211,-0.007777,9.961619
1755406300826,0.311067,0.035294,9.925428
1755406300828,0.282353,0.00658,9.789038
1755406300830,0.258425,-0.110668,9.961619
1755406300832,0.349352,-0.002991,9.724431
1755406300835,0.284746,-0.05324,9.91825
1755406300837,0.222533,-0.034098,10.026226
1755406300840,0.454636,-0.026919,9.71486
1755406300842,0.136092,-0.050847,10.121939
1755406300844,0.39003,0.028116,9.674182
1755406300847,0.217747,-0.067597,9.959227
1755406300849,0.31346,0.00658,9.877572
1755406300851,0.337388,-0.06999,9.853643
1755406300854,0.198604,0.020937,9.927821
1755406300856,0.40678,-0.024526,9.722038
1755406300860,0.181555,-0.043669,10.160224
1755406300862,0.42353,-0.007777,9.556933
1755406300864,0.188734,-0.098704,10.11476
1755406300866,0.394816,0.052044,9.693324
1755406300869,0.241675,-0.055633,10.016655
1755406300870,0.339781,0.001795,9.820144
1755406300873,0.275175,-0.043669,9.820144
1755406300875,0.260818,0.001795,9.937392
1755406300878,0.311067,-0.019741,9.77468
1755406300881,0.260818,0.004187,10.050154
1755406300883,0.387637,-0.050847,9.726824
1755406300885,0.205783,-0.034098,10.031012
1755406300887,0.399601,-0.022134,9.659825
1755406300890,0.104985,-0.024526,10.143475
1755406300892,0.425922,0.00658,9.592826
1755406300895,0.112164,-0.041276,10.112368
1755406300897,0.397209,-0.002991,9.652647
1755406300900,0.148056,-0.002991,10.145867
1755406300902,0.382852,0.00658,9.600004
1755406300904,0.183948,-0.06999,10.136296
1755406300907,0.399601,-0.000598,9.614362
1755406300910,0.179163,-0.046062,10.186545
1755406300912,0.404387,0.049651,9.556933
1755406300914,0.162413,-0.072383,10.198509
1755406300917,0.409173,0.030508,9.566504
1755406300919,0.181555,-0.026919,10.198509
1755406300921,0.418744,0.032901,9.561719
1755406300924,0.224925,-0.110668,10.176973
1755406300926,0.418744,0.004187,9.564112
1755406300930,0.188734,-0.065204,10.212866
1755406300932,0.413958,0.073579,9.595219
1755406300933,0.179163,-0.074776,10.124331
1755406300935,0.392423,-0.000598,9.592826
1755406300938,0.195912,-0.041276,10.138689
1755406300940,0.363709,0.064008,9.664611
1755406300943,0.236889,-0.079561,10.042975
1755406300946,0.337388,-0.022134,9.719646
1755406300947,0.270389,-0.031705,10.05494
1755406300951,0.325424,0.04008,9.719646
1755406300952,0.270389,-0.067597,9.995119
1755406300955,0.284746,-0.031705,9.762716
1755406300957,0.267996,-0.024526,10.045368
1755406300960,0.272782,0.00658,9.750752
1755406300962,0.260818,-0.06999,9.987941
1755406300964,0.291924,-0.043669,9.757931
1755406300967,0.29671,-0.010169,10.031012
1755406300969,0.301496,0.013759,9.700503
1755406300971,0.284746,-0.065204,10.064511
1755406300974,0.33021,-0.012562,9.729217
1755406300976,0.200997,0.00658,10.009477
1755406300979,0.342174,0.018544,9.710074
1755406300981,0.253639,-0.038883,9.97837
1755406300983,0.327817,-0.022134,9.762716
1755406300986,0.260818,-0.048455,9.997512
1755406300988,0.318245,0.066401,9.882358
1755406300991,0.289532,0.025723,9.959227
1755406300993,0.195912,0.030508,9.829716
1755406300996,0.287139,-0.077169,9.793823
1755406300999,0.270389,-0.065204,9.915857
1755406301000,0.332602,-0.000598,9.887143
1755406301003,0.248854,0.008973,9.920643
1755406301005,0.318245,-0.038883,9.810573
1755406301007,0.265603,-0.041276,9.894321
1755406301010,0.342174,-0.022134,9.779466
1755406301013,0.246461,-0.005384,10.016655
1755406301015,0.339781,-0.007777,9.755538
1755406301017,0.22014,-0.038883,9.954441
1755406301019,0.39003,-0.065204,9.767502
1755406301022,0.200997,-0.019741,10.069297
1755406301024,0.380459,0.018544,9.667004
1755406301026,0.157627,-0.017348,10.07169
1755406301029,0.351745,-0.036491,9.640682
1755406301032,0.181555,-0.031705,10.095618
1755406301034,0.392423,0.044865,9.700503
1755406301037,0.191127,-0.012562,10.109975
1755406301039,0.375673,0.066401,9.683753
1755406301041,0.215354,-0.067597,9.97837
1755406301043,0.33021,-0.014955,9.793823
1755406301047,0.27996,-0.058026,9.882358
1755406301049,0.215354,0.032901,9.964012
1755406301051,0.31346,0.020937,9.767502
1755406301053,0.167198,-0.038883,10.062119
1755406301055,0.361316,0.008973,9.676575
1755406301057,0.17677,-0.074776,10.042975
1755406301060,0.385244,0.020937,9.729217
1755406301064,0.236889,-0.048455,9.942178
1755406301066,0.289532,0.037687,9.903893
1755406301068,0.332602,-0.041276,9.777073
1755406301070,0.20339,-0.048455,10.031012
1755406301072,0.382852,0.008973,9.738789
1755406301074,0.222533,-0.081954,9.925428
1755406301077,0.332602,0.004187,9.827323
1755406301079,0.320638,-0.036491,9.772287
1755406301083,0.181555,-0.036491,10.042975
1755406301084,0.397209,0.008973,9.750752
1755406301087,0.174377,-0.084347,9.987941
1755406301089,0.303888,0.037687,9.829716
1755406301091,0.299103,-0.074776,9.789038
1755406301094,0.236889,-0.031705,10.050154
1755406301096,0.411565,-0.010169,9.781859
1755406301099,0.224925,-0.079561,9.863214
1755406301102,0.270389,-0.002991,9.846465
1755406301104,0.337388,-0.019741,9.801002
1755406301106,0.171984,-0.072383,9.997512
1755406301108,0.411565,0.052044,9.815358
1755406301110,0.22014,-0.058026,9.939785
1755406301113,0.253639,-0.012562,9.903893
1755406301116,0.361316,-0.007777,9.801002
1755406301118,0.210568,-0.06999,9.968799
1755406301120,0.33021,-0.036491,9.798609
1755406301122,0.267996,-0.031705,9.949656
1755406301125,0.323031,0.018544,9.875179
1755406301127,0.265603,-0.036491,9.91825
1755406301129,0.315853,-0.026919,9.779466
1755406301132,0.258425,-0.017348,9.911072
1755406301135,0.227318,-0.019741,9.812965
1755406301136,0.346959,-0.000598,9.949656
1755406301139,0.346959,-0.014955,10.069297
1755406301142,0.299103,-0.036491,9.719646
1755406301144,0.270389,-0.026919,9.937392
1755406301146,0.299103,-0.019741,9.896714
1755406301149,0.265603,0.025723,9.932607
1755406301151,0.260818,-0.022134,9.858429
1755406301154,0.215354,0.032901,9.784252
1755406301156,0.263211,-0.017348,9.961619
1755406301158,0.282353,-0.022134,9.844072
1755406301161,0.325424,-0.05324,9.889536
1755406301163,0.241675,-0.026919,9.853643
1755406301166,0.320638,-0.007777,9.84168
1755406301168,0.256032,-0.010169,9.80818
1755406301171,0.236889,0.011366,9.777073
1755406301172,0.256032,-0.046062,9.810573
1755406301175,0.265603,-0.029312,9.844072
1755406301177,0.358923,-0.050847,10.083653
1755406301180,0.205783,0.028116,9.80818
1755406301183,0.294317,-0.041276,9.987941
1755406301185,0.19352,0.066401,9.726824
1755406301187,0.287139,-0.002991,9.930214
1755406301190,0.263211,-0.007777,9.889536
1755406301192,0.258425,-0.012562,9.858429
1755406301195,0.361316,-0.031705,9.844072
1755406301197,0.239282,-0.022134,9.839287
1755406301200,0.258425,-0.029312,9.846465
1755406301202,0.246461,0.016152,9.834501
1755406301204,0.251246,-0.029312,9.853643
1755406301206,0.323031,-0.048455,10.009477
1755406301208,0.205783,0.016152,9.722038
1755406301211,0.284746,-0.019741,9.827323
1755406301213,0.29671,-0.024526,9.891929
1755406301217,0.272782,0.00658,9.803394
1755406301220,0.270389,-0.026919,9.903893
1755406301221,0.318245,0.001795,9.848858
1755406301223,0.275175,-0.029312,9.899107
1755406301225,0.260818,-0.022134,9.894321
1755406301228,0.270389,0.008973,9.9015
1755406301230,0.258425,0.016152,9.925428
1755406301234,0.265603,-0.024526,9.82493
1755406301238,0.224925,-0.038883,9.860822
1755406301239,0.277567,-0.014955,9.853643
1755406301241,0.29671,-0.019741,9.896714
1755406301242,0.299103,-0.005384,9.844072
1755406301245,0.299103,0.004187,9.949656
1755406301247,0.31346,0.001795,9.786645
1755406301251,0.229711,-0.060419,9.995119
1755406301253,0.411565,-0.000598,9.779466
1755406301254,0.241675,-0.050847,9.88475
1755406301256,0.308674,0.035294,9.762716
1755406301259,0.272782,-0.060419,9.911072
1755406301261,0.284746,0.001795,9.980762
1755406301264,0.320638,-0.019741,9.779466
1755406301266,0.256032,-0.041276,10.05494
1755406301269,0.366102,-0.05324,9.753145
1755406301271,0.188734,0.078365,9.944571
1755406301274,0.358923,0.011366,9.750752
1755406301276,0.232104,-0.034098,10.045368
1755406301278,0.378066,-0.077169,9.781859
1755406301281,0.186341,-0.017348,9.975977
1755406301283,0.351745,-0.017348,9.731609
1755406301286,0.236889,-0.029312,9.971191
1755406301288,0.33021,-0.038883,9.750752
1755406301291,0.265603,0.030508,10.011869
1755406301292,0.361316,-0.034098,9.793823
1755406301295,0.244068,-0.034098,9.927821
1755406301297,0.337388,-0.043669,9.815358
1755406301299,0.251246,-0.017348,10.066904
1755406301302,0.332602,0.001795,9.693324
1755406301305,0.299103,-0.046062,10.019048
1755406301307,0.241675,0.032901,9.717253
1755406301309,0.256032,-0.048455,9.832108
1755406301312,0.291924,-0.065204,9.997512
1755406301314,0.267996,-0.012562,9.877572
1755406301317,0.267996,0.001795,9.992726
1755406301320,0.301496,-0.000598,9.810573
1755406301321,0.29671,-0.050847,9.944571
1755406301324,0.325424,0.035294,9.726824
1755406301326,0.29671,-0.024526,9.990334
1755406301328,0.315853,-0.019741,9.834501
1755406301331,0.272782,0.008973,9.903893
1755406301333,0.29671,-0.019741,9.846465
1755406301336,0.256032,-0.038883,9.961619
1755406301338,0.366102,-0.058026,9.757931
1755406301340,0.270389,-0.05324,10.03819
1755406301343,0.287139,0.008973,9.772287
1755406301345,0.241675,-0.046062,9.947263
1755406301347,0.320638,0.00658,9.920643
1755406301350,0.289532,0.004187,9.793823
1755406301353,0.287139,-0.05324,9.942178
1755406301355,0.275175,0.032901,9.805787
1755406301357,0.275175,-0.005384,9.927821
1755406301360,0.29671,-0.010169,9.810573
1755406301362,0.301496,-0.029312,9.939785
1755406301364,0.315853,-0.007777,9.834501
1755406301367,0.251246,-0.022134,9.923036
1755406301370,0.325424,-0.038883,9.767502
1755406301372,0.272782,-0.005384,9.990334
1755406301375,0.31346,0.049651,9.805787
1755406301377,0.27996,0.004187,10.057333
1755406301379,0.358923,-0.014955,9.856036
1755406301381,0.287139,-0.007777,9.944571
1755406301384,0.306281,-0.026919,9.777073
1755406301388,0.263211,-0.05324,9.937392
1755406301389,0.303888,-0.041276,9.848858
1755406301391,0.282353,0.004187,9.966406
1755406301393,0.291924,-0.062812,9.829716
1755406301395,0.301496,-0.038883,9.863214
1755406301399,0.323031,-0.029312,9.856036
1755406301400,0.212961,-0.002991,9.91825
1755406301404,0.315853,-0.000598,9.879965
1755406301406,0.275175,-0.043669,9.865608
1755406301408,0.251246,-0.024526,9.932607
1755406301410,0.299103,-0.017348,9.767502
1755406301412,0.253639,-0.034098,9.987941
1755406301414,0.346959,-0.007777,9.741181
1755406301417,0.210568,-0.041276,10.00469
1755406301420,0.301496,-0.002991,9.731609
1755406301423,0.258425,-0.026919,9.999905
1755406301424,0.334995,-0.012562,9.769895
1755406301426,0.236889,-0.000598,9.973584
1755406301430,0.311067,0.004187,9.796216
1755406301431,0.241675,-0.022134,9.934999
1755406301434,0.325424,-0.029312,9.80818
1755406301438,0.234497,-0.012562,9.925428
1755406301439,0.332602,-0.019741,9.80818
1755406301442,0.256032,-0.031705,9.913465
1755406301444,0.299103,-0.058026,9.851251
1755406301446,0.270389,0.030508,9.942178
1755406301448,0.301496,-0.002991,9.865608
1755406301451,0.244068,0.008973,9.923036
1755406301455,0.342174,-0.05324,9.779466
1755406301456,0.22014,-0.022134,10.00469
1755406301458,0.33021,-0.000598,9.798609
1755406301460,0.188734,0.018544,10.026226
1755406301463,0.327817,-0.019741,9.667004
1755406301465,0.232104,-0.096311,10.05494
1755406301467,0.346959,0.00658,9.710074
1755406301470,0.200997,0.028116,10.126724
1755406301473,0.351745,0.030508,9.645468
1755406301475,0.224925,-0.10349,10.011869
1755406301478,0.351745,-0.038883,9.734002
1755406301480,0.217747,0.00658,10.138689
1755406301482,0.342174,0.075972,9.664611
1755406301484,0.234497,-0.096311,9.973584
1755406301487,0.334995,-0.060419,9.724431
1755406301489,0.232104,-0.034098,10.088439
1755406301492,0.354138,0.090329,9.736395
1755406301494,0.246461,-0.026919,10.033404
1755406301496,0.323031,-0.074776,9.68136
1755406301498,0.256032,-0.091525,10.019048
1755406301501,0.318245,0.064008,9.769895
1755406301503,0.265603,-0.010169,10.011869
1755406301506,0.325424,-0.048455,9.726824
1755406301509,0.263211,-0.127418,9.944571
1755406301511,0.334995,0.013759,9.79143
1755406301513,0.256032,0.028116,9.990334
1755406301515,0.323031,-0.007777,9.777073
1755406301518,0.234497,-0.06999,9.983155
1755406301521,0.272782,0.035294,9.80818
1755406301524,0.27996,-0.007777,9.985548
1755406301525,0.308674,-0.041276,9.755538
1755406301527,0.289532,-0.05324,10.019048
1755406301530,0.303888,0.028116,9.767502
1755406301532,0.22014,-0.041276,10.002297
1755406301534,0.308674,-0.048455,9.784252
1755406301537,0.260818,-0.034098,10.028619
1755406301541,0.29671,0.049651,9.717253
1755406301544,0.229711,-0.055633,10.00469
1755406301545,0.327817,-0.031705,9.834501
1755406301546,0.267996,0.011366,9.915857
1755406301549,0.263211,-0.036491,9.79143
1755406301551,0.311067,-0.043669,9.964012
1755406301554,0.31346,-0.017348,9.865608
1755406301557,0.244068,0.025723,9.923036
1755406301563,0.301496,-0.007777,9.848858
1755406301564,0.284746,-0.038883,9.896714
1755406301564,0.275175,-0.005384,9.887143
1755406301565,0.327817,0.008973,9.882358
1755406301568,0.284746,0.004187,9.889536
1755406301571,0.303888,-0.022134,9.891929
1755406301573,0.239282,-0.002991,9.868001
1755406301575,0.270389,0.008973,9.80818
1755406301578,0.246461,-0.041276,9.925428
1755406301581,0.267996,0.020937,9.879965
1755406301582,0.270389,-0.024526,9.870394
1755406301585,0.318245,-0.029312,9.925428
1755406301587,0.284746,-0.012562,9.889536
1755406301591,0.244068,0.013759,9.805787
1755406301592,0.234497,0.011366,9.844072
1755406301594,0.272782,-0.034098,9.812965
1755406301597,0.287139,-0.055633,9.846465
1755406301599,0.303888,-0.022134,9.858429
1755406301602,0.275175,-0.010169,9.908679
1755406301604,0.294317,-0.029312,9.750752
1755406301609,0.303888,-0.010169,9.920643
1755406301610,0.256032,-0.012562,9.812965
1755406301613,0.258425,-0.007777,9.882358
1755406301614,0.287139,-0.017348,9.858429
1755406301616,0.323031,-0.058026,9.966406
1755406301618,0.246461,-0.017348,9.846465
1755406301621,0.289532,-0.002991,9.863214
1755406301625,0.287139,-0.024526,9.9015
1755406301626,0.354138,-0.06999,9.903893
1755406301630,0.301496,-0.065204,9.896714
1755406301632,0.267996,-0.026919,9.879965
1755406301633,0.29671,-0.017348,9.803394
1755406301635,0.380459,-0.046062,9.975977
1755406301638,0.318245,-0.050847,9.949656
1755406301640,0.277567,-0.000598,9.930214
1755406301643,0.282353,0.032901,9.853643
1755406301645,0.306281,0.00658,9.915857
1755406301647,0.306281,-0.043669,9.899107
1755406301649,0.368495,-0.036491,9.91825
1755406301652,0.246461,0.00658,9.860822
1755406301655,0.339781,-0.019741,9.879965
1755406301657,0.289532,-0.046062,9.860822
1755406301660,0.287139,-0.017348,9.903893
1755406301662,0.260818,-0.012562,9.82493
1755406301664,0.27996,-0.024526,9.899107
1755406301667,0.27996,-0.022134,9.877572
1755406301669,0.29671,-0.019741,9.906285
1755406301671,0.284746,-0.026919,9.860822
1755406301673,0.284746,-0.041276,9.894321
1755406301676,0.27996,-0.043669,9.911072
1755406301678,0.287139,0.001795,9.810573
1755406301681,0.275175,-0.084347,9.856036
1755406301684,0.29671,-0.043669,9.911072
1755406301685,0.301496,0.00658,9.839287
1755406301688,0.217747,0.004187,10.03819
1755406301690,0.39003,-0.005384,9.710074
1755406301693,0.208176,-0.034098,10.064511
1755406301695,0.349352,0.047258,9.736395
1755406301697,0.229711,-0.065204,10.007083
1755406301700,0.332602,0.035294,9.77468
1755406301702,0.234497,-0.036491,9.971191
1755406301705,0.332602,0.02333,9.798609
1755406301707,0.251246,-0.08674,9.992726
1755406301710,0.33021,0.004187,9.760324
1755406301712,0.277567,-0.029312,9.987941
1755406301714,0.380459,0.030508,9.803394
1755406301717,0.239282,-0.055633,9.964012
1755406301719,0.291924,-0.005384,9.805787
1755406301721,0.284746,-0.041276,9.939785
1755406301724,0.299103,-0.007777,9.810573
1755406301727,0.294317,-0.055633,10.00469
1755406301729,0.289532,0.035294,9.860822
1755406301731,0.260818,-0.005384,9.91825
1755406301734,0.275175,0.001795,9.875179
1755406301736,0.299103,-0.046062,9.865608
1755406301738,0.246461,-0.010169,9.913465
1755406301741,0.27996,-0.043669,9.834501
1755406301744,0.258425,-0.029312,9.956834
1755406301746,0.299103,-0.007777,9.817751
1755406301748,0.301496,-0.024526,9.91825
1755406301751,0.291924,-0.010169,9.865608
1755406301753,0.289532,-0.034098,9.896714
1755406301755,0.258425,0.008973,9.872787
1755406301757,0.272782,-0.046062,9.887143
1755406301761,0.282353,-0.002991,9.877572
1755406301763,0.275175,0.001795,9.875179
1755406301766,0.267996,-0.017348,9.820144
1755406301767,0.325424,-0.026919,9.980762
1755406301770,0.323031,-0.000598,9.872787
1755406301772,0.251246,0.008973,9.932607
1755406301774,0.289532,-0.036491,9.872787
1755406301778,0.267996,0.00658,9.9015
1755406301779,0.284746,-0.031705,9.829716
1755406301781,0.325424,-0.048455,9.913465
1755406301784,0.291924,-0.014955,9.860822
1755406301786,0.277567,-0.014955,9.848858
1755406301789,0.294317,0.008973,9.920643
1755406301791,0.287139,-0.022134,9.84168
1755406301796,0.287139,-0.026919,9.875179
1755406301798,0.31346,-0.012562,9.863214
1755406301799,0.270389,-0.050847,9.877572
1755406301800,0.31346,-0.031705,9.796216
1755406301803,0.258425,-0.031705,10.042975
1755406301806,0.320638,0.028116,9.724431
1755406301808,0.265603,-0.10349,9.891929
1755406301810,0.282353,-0.034098,10.016655
1755406301813,0.358923,0.025723,9.724431
1755406301815,0.200997,-0.010169,10.064511
1755406301817,0.394816,0.004187,9.822537
1755406301820,0.222533,-0.108275,9.875179
1755406301822,0.287139,-0.031705,9.812965
1755406301825,0.318245,-0.034098,9.889536
1755406301827,0.256032,0.008973,9.952048
1755406301829,0.378066,0.020937,9.769895
1755406301832,0.191127,-0.036491,10.105189
1755406301834,0.399601,-0.012562,9.671789
1755406301836,0.229711,-0.105882,9.908679
1755406301839,0.337388,-0.000598,9.836894
1755406301841,0.315853,-0.065204,9.889536
1755406301844,0.260818,-0.000598,9.920643
1755406301847,0.323031,0.016152,9.779466
1755406301849,0.239282,-0.043669,9.932607
1755406301851,0.349352,-0.019741,9.755538
1755406301854,0.208176,-0.024526,10.095618
1755406301856,0.368495,0.028116,9.753145
1755406301858,0.183948,-0.043669,10.162617
1755406301860,0.370888,-0.005384,9.700503
1755406301863,0.198604,-0.08674,9.956834
1755406301866,0.378066,0.004187,9.779466
1755406301868,0.224925,-0.017348,9.968799
1755406301870,0.337388,-0.010169,9.834501
1755406301873,0.253639,-0.072383,9.891929
1755406301875,0.29671,-0.041276,9.820144
1755406301877,0.267996,-0.043669,9.959227
1755406301880,0.301496,0.016152,9.911072
1755406301882,0.272782,-0.05324,9.829716
1755406301884,0.258425,-0.050847,9.908679
1755406301888,0.351745,-0.012562,9.899107
1755406301889,0.263211,0.028116,9.923036
1755406301892,0.289532,-0.014955,9.82493
1755406301894,0.287139,-0.062812,9.882358
1755406301897,0.308674,-0.046062,9.863214
1755406301899,0.311067,-0.046062,9.822537
1755406301901,0.277567,-0.029312,9.947263
1755406301903,0.306281,-0.029312,9.832108
1755406301906,0.284746,0.018544,9.906285
1755406301908,0.325424,-0.029312,9.832108
1755406301911,0.294317,-0.029312,9.920643
1755406301915,0.256032,-0.007777,9.853643
1755406301916,0.277567,-0.022134,9.906285
1755406301918,0.275175,-0.034098,9.868001
1755406301920,0.301496,-0.058026,9.846465
1755406301923,0.275175,-0.038883,9.906285
1755406301925,0.311067,-0.046062,9.858429
1755406301928,0.263211,-0.050847,9.908679
1755406301931,0.294317,-0.041276,9.882358
1755406301932,0.299103,-0.041276,9.879965
1755406301935,0.29671,-0.012562,9.879965
1755406301937,0.284746,-0.014955,9.856036
1755406301940,0.270389,0.004187,9.882358
1755406301943,0.294317,-0.010169,9.875179
1755406301944,0.29671,-0.046062,9.882358
1755406301949,0.263211,-0.031705,9.872787
1755406301950,0.289532,0.011366,9.887143
1755406301953,0.287139,-0.019741,9.889536
1755406301954,0.29671,-0.014955,9.899107
1755406301957,0.260818,-0.000598,9.882358
1755406301958,0.265603,-0.014955,9.868001
1755406301961,0.282353,-0.024526,9.911072
1755406301964,0.263211,-0.034098,9.9015
1755406301966,0.270389,-0.031705,9.863214
1755406301969,0.248854,-0.012562,9.899107
1755406301971,0.284746,-0.026919,9.920643
1755406301973,0.284746,-0.043669,9.863214
1755406301975,0.299103,-0.019741,9.870394
1755406301978,0.294317,-0.017348,9.875179
1755406301980,0.272782,-0.007777,9.856036
1755406301983,0.284746,0.001795,9.863214
1755406301985,0.270389,-0.038883,9.906285
1755406301988,0.263211,-0.014955,9.889536
1755406301990,0.263211,-0.002991,9.894321
1755406301992,0.301496,-0.038883,9.88475
1755406301995,0.301496,-0.005384,9.872787
1755406301997,0.272782,-0.019741,9.896714
1755406301999,0.29671,-0.002991,9.891929
1755406302002,0.306281,-0.019741,9.891929
1755406302005,0.337388,-0.031705,9.856036
1755406302007,0.289532,-0.024526,9.882358
1755406302010,0.303888,0.001795,9.877572
1755406302011,0.272782,0.028116,9.944571
1755406302015,0.277567,-0.002991,9.913465
1755406302016,0.289532,-0.000598,9.810573
1755406302019,0.287139,-0.08674,9.839287
1755406302021,0.258425,-0.022134,9.865608
1755406302024,0.344566,-0.007777,9.937392
1755406302026,0.232104,-0.012562,9.980762
1755406302028,0.392423,-0.000598,9.734002
1755406302031,0.210568,-0.050847,10.076475
1755406302035,0.368495,0.020937,9.669396
1755406302036,0.224925,-0.110668,10.026226
1755406302038,0.332602,0.00658,9.796216
1755406302040,0.258425,-0.007777,9.956834
1755406302042,0.291924,0.004187,9.781859
1755406302045,0.303888,-0.060419,9.961619
1755406302047,0.299103,0.008973,9.810573
1755406302051,0.289532,-0.019741,9.956834
1755406302053,0.311067,-0.007777,9.789038
1755406302055,0.239282,-0.067597,10.011869
1755406302057,0.318245,0.04008,9.796216
1755406302059,0.282353,-0.06999,9.968799
1755406302061,0.253639,0.00658,9.80818
1755406302064,0.323031,-0.091525,9.887143
1755406302067,0.198604,0.032901,9.908679
1755406302069,0.315853,-0.019741,9.865608
1755406302071,0.229711,-0.022134,9.891929
1755406302074,0.315853,-0.065204,9.860822
1755406302076,0.236889,0.032901,9.920643
1755406302078,0.332602,-0.007777,9.84168
1755406302081,0.246461,-0.026919,9.860822
1755406302084,0.33021,-0.038883,9.908679
1755406302086,0.265603,0.02333,9.856036
1755406302088,0.332602,-0.043669,9.879965
1755406302093,0.260818,-0.026919,9.82493
1755406302094,0.315853,-0.038883,9.956834
1755406302095,0.267996,0.02333,9.79143
1755406302098,0.301496,-0.055633,9.949656
1755406302102,0.318245,-0.022134,9.784252
1755406302103,0.287139,-0.017348,10.035797
1755406302105,0.308674,0.004187,9.702896
1755406302108,0.256032,-0.05324,10.031012
1755406302110,0.332602,-0.002991,9.74836
1755406302112,0.263211,-0.014955,10.047761
1755406302114,0.301496,0.001795,9.671789
1755406302118,0.236889,-0.05324,10.083653
1755406302120,0.382852,0.011366,9.678967
1755406302122,0.227318,-0.019741,9.987941
1755406302124,0.332602,-0.046062,9.724431
1755406302126,0.270389,-0.022134,10.047761
1755406302129,0.306281,0.008973,9.738789
1755406302131,0.229711,0.011366,9.999905
1755406302136,0.385244,-0.043669,9.693324
1755406302138,0.198604,-0.050847,10.040583
1755406302139,0.315853,-0.002991,9.717253
1755406302141,0.200997,0.008973,9.973584
1755406302143,0.315853,-0.036491,9.793823
1755406302145,0.256032,-0.024526,9.980762
1755406302148,0.29671,-0.031705,9.868001
1755406302152,0.246461,-0.012562,9.882358
1755406302154,0.351745,-0.041276,9.839287
1755406302155,0.277567,-0.024526,9.856036
1755406302157,0.301496,-0.043669,9.91825
1755406302160,0.282353,-0.050847,9.784252
1755406302162,0.299103,-0.050847,9.937392
1755406302164,0.291924,0.018544,9.820144
1755406302167,0.287139,0.008973,9.959227
1755406302169,0.291924,-0.005384,9.829716
1755406302172,0.277567,-0.034098,9.863214
1755406302174,0.265603,-0.031705,9.908679
1755406302176,0.368495,0.011366,9.793823
1755406302179,0.234497,-0.050847,9.944571
1755406302181,0.291924,-0.005384,9.812965
1755406302184,0.287139,-0.012562,9.966406
1755406302187,0.311067,-0.022134,9.765109
1755406302189,0.315853,-0.048455,10.033404
1755406302191,0.306281,-0.014955,9.750752
1755406302194,0.246461,-0.043669,9.995119
1755406302196,0.291924,-0.022134,9.812965
1755406302198,0.272782,0.004187,9.872787
1755406302200,0.29671,-0.031705,9.906285
1755406302203,0.308674,-0.000598,9.860822
1755406302205,0.272782,-0.012562,9.9015
1755406302208,0.263211,-0.048455,9.863214
1755406302210,0.27996,-0.014955,9.961619
1755406302213,0.291924,-0.012562,9.798609
1755406302215,0.253639,-0.017348,9.964012
1755406302217,0.327817,0.018544,9.860822
1755406302220,0.253639,-0.065204,9.827323
1755406302222,0.270389,-0.043669,10.007083
1755406302225,0.351745,0.011366,9.767502
1755406302227,0.241675,-0.031705,9.942178
1755406302229,0.308674,0.044865,9.851251
1755406302232,0.270389,-0.000598,9.872787
1755406302234,0.260818,-0.017348,9.906285
1755406302237,0.301496,-0.019741,9.868001
1755406302239,0.291924,-0.017348,9.920643
1755406302242,0.299103,0.011366,9.84168
1755406302243,0.275175,-0.041276,10.009477
1755406302246,0.339781,-0.024526,9.762716
1755406302248,0.301496,-0.034098,9.853643
1755406302251,0.277567,0.02333,9.894321
1755406302254,0.29671,0.011366,10.011869
1755406302256,0.325424,-0.017348,9.767502
1755406302259,0.282353,-0.074776,9.848858
1755406302261,0.299103,-0.010169,9.889536
1755406302263,0.265603,-0.034098,9.887143
1755406302265,0.332602,0.020937,9.844072
1755406302268,0.253639,-0.058026,9.939785
1755406302270,0.339781,-0.026919,9.817751
1755406302273,0.265603,-0.014955,9.906285
1755406302276,0.284746,-0.079561,9.829716
1755406302277,0.227318,-0.000598,9.959227
1755406302280,0.301496,-0.029312,9.738789
1755406302282,0.241675,-0.017348,10.007083
1755406302284,0.315853,-0.041276,9.789038
1755406302288,0.251246,-0.007777,9.997512
1755406302293,0.327817,0.00658,9.74836
1755406302295,0.258425,-0.043669,9.930214
1755406302296,0.287139,-0.036491,9.722038
1755406302297,0.251246,-0.005384,9.990334
1755406302299,0.306281,-0.002991,9.817751
1755406302301,0.258425,-0.055633,9.959227
1755406302305,0.306281,-0.048455,9.738789
1755406302307,0.258425,-0.024526,9.959227
1755406302309,0.29671,0.025723,9.868001
1755406302311,0.311067,-0.026919,9.911072
1755406302313,0.291924,-0.002991,9.793823
1755406302315,0.236889,-0.026919,9.899107
1755406302318,0.277567,-0.019741,9.877572
1755406302320,0.263211,-0.043669,9.894321
1755406302324,0.346959,-0.036491,9.851251
1755406302325,0.284746,-0.026919,9.915857
1755406302327,0.31346,-0.036491,9.868001
1755406302330,0.287139,-0.034098,9.868001
1755406302332,0.303888,-0.022134,9.829716
1755406302335,0.258425,-0.029312,9.956834
1755406302339,0.311067,-0.007777,9.84168
1755406302340,0.244068,-0.002991,9.925428
1755406302343,0.356531,-0.050847,9.810573
1755406302344,0.236889,0.00658,9.952048
1755406302347,0.370888,0.030508,9.822537
1755406302349,0.227318,-0.036491,9.992726
1755406302351,0.327817,0.011366,9.698111
1755406302354,0.195912,-0.072383,10.019048
1755406302356,0.368495,0.00658,9.757931
1755406302359,0.256032,0.013759,10.023833
1755406302361,0.327817,-0.007777,9.79143
1755406302363,0.265603,-0.096311,9.877572
1755406302366,0.253639,-0.024526,9.868001
1755406302368,0.272782,-0.012562,9.91825
1755406302371,0.267996,0.042473,9.91825
1755406302374,0.327817,-0.029312,9.793823
1755406302377,0.234497,-0.074776,9.930214
1755406302378,0.356531,-0.029312,9.80818
1755406302380,0.258425,-0.007777,9.927821
1755406302383,0.332602,-0.019741,9.798609
1755406302385,0.282353,-0.065204,9.987941
1755406302388,0.323031,-0.038883,9.827323
1755406302392,0.253639,-0.041276,9.887143
1755406302393,0.339781,-0.002991,9.88475
1755406302395,0.258425,-0.031705,9.899107
1755406302398,0.260818,0.00658,9.836894
1755406302400,0.291924,-0.000598,9.896714
1755406302402,0.287139,-0.031705,9.870394
1755406302404,0.294317,-0.017348,9.879965
1755406302407,0.284746,0.004187,9.877572
1755406302409,0.265603,-0.029312,9.896714
1755406302412,0.29671,-0.038883,9.887143
1755406302414,0.287139,-0.022134,9.911072
1755406302416,0.306281,-0.034098,9.875179
1755406302419,0.287139,-0.026919,9.894321
1755406302421,0.282353,-0.026919,9.865608
1755406302424,0.299103,-0.017348,9.865608
1755406302426,0.263211,-0.014955,9.875179
1755406302428,0.27996,-0.022134,9.889536
1755406302431,0.299103,-0.022134,9.872787
1755406302433,0.29671,-0.012562,9.889536
1755406302435,0.277567,-0.014955,9.872787
1755406302438,0.291924,0.00658,9.906285
1755406302440,0.239282,0.016152,9.853643
1755406302443,0.394816,-0.022134,10.062119
1755406302445,0.267996,-0.014955,9.812965
1755406302447,0.291924,-0.058026,9.829716
1755406302450,0.212961,0.030508,9.899107
1755406302452,0.284746,0.00658,9.805787
1755406302455,0.227318,0.020937,9.84168
1755406302458,0.315853,-0.019741,10.002297
1755406302460,0.299103,-0.022134,9.836894
1755406302462,0.258425,-0.034098,9.848858
1755406302464,0.282353,-0.012562,9.856036
1755406302466,0.320638,-0.034098,9.88475
1755406302469,0.277567,-0.031705,9.887143
1755406302472,0.287139,-0.043669,9.848858
1755406302475,0.277567,-0.055633,9.877572
1755406302477,0.251246,-0.036491,9.868001
1755406302479,0.272782,-0.017348,9.88475
1755406302481,0.294317,-0.024526,9.875179
1755406302483,0.284746,-0.05324,9.753145
1755406302486,0.267996,-0.05324,10.028619
1755406302488,0.315853,0.068794,9.803394
1755406302492,0.248854,-0.050847,9.903893
1755406302493,0.272782,-0.058026,9.980762
1755406302495,0.361316,-0.014955,9.734002
1755406302498,0.171984,-0.067597,10.033404
1755406302500,0.320638,-0.046062,9.693324
1755406302503,0.215354,-0.065204,10.042975
1755406302505,0.327817,0.037687,9.805787
1755406302507,0.241675,-0.029312,9.832108
1755406302512,0.267996,-0.055633,9.961619
1755406302513,0.361316,0.004187,9.860822
1755406302515,0.234497,-0.005384,9.920643
1755406302517,0.308674,-0.000598,9.894321
1755406302519,0.349352,-0.010169,9.79143
1755406302521,0.241675,-0.091525,9.980762
1755406302524,0.311067,0.02333,9.817751
1755406302527,0.29671,-0.007777,9.834501
1755406302529,0.244068,-0.065204,10.021441
1755406302531,0.37328,0.028116,9.79143
1755406302534,0.239282,0.00658,9.990334
1755406302536,0.282353,-0.010169,9.856036
1755406302539,0.327817,-0.007777,9.839287
1755406302541,0.267996,-0.038883,9.913465
1755406302544,0.289532,-0.005384,9.801002
1755406302545,0.258425,-0.036491,9.925428
1755406302548,0.29671,-0.007777,9.879965
1755406302550,0.282353,0.008973,9.899107
1755406302553,0.301496,-0.036491,9.851251
1755406302555,0.263211,-0.034098,9.937392
1755406302557,0.291924,-0.019741,9.84168
1755406302560,0.272782,-0.038883,9.882358
1755406302562,0.256032,-0.017348,9.875179
1755406302565,0.291924,-0.002991,9.872787
1755406302567,0.246461,-0.029312,9.899107
1755406302569,0.325424,-0.002991,9.856036
1755406302572,0.303888,-0.005384,9.889536
1755406302574,0.289532,-0.024526,9.856036
1755406302577,0.318245,-0.036491,9.894321
1755406302579,0.308674,-0.005384,9.865608
1755406302582,0.282353,-0.029312,9.891929
1755406302584,0.301496,-0.019741,9.896714
1755406302586,0.27996,-0.031705,9.891929
1755406302588,0.291924,-0.034098,9.863214
1755406302591,0.303888,-0.010169,9.875179
1755406302594,0.311067,-0.000598,9.872787
1755406302596,0.29671,-0.031705,9.887143
1755406302598,0.244068,-0.002991,9.9015
1755406302601,0.289532,-0.036491,9.887143
1755406302604,0.294317,-0.034098,9.872787
1755406302605,0.29671,-0.036491,9.872787
1755406302608,0.301496,-0.029312,9.810573
1755406302614,0.267996,-0.005384,10.007083
1755406302615,0.267996,-0.022134,9.882358
1755406302616,0.275175,-0.017348,9.860822
1755406302617,0.308674,0.004187,9.872787
1755406302620,0.306281,-0.026919,9.872787
1755406302622,0.267996,-0.005384,9.882358
1755406302625,0.315853,-0.017348,9.877572
1755406302628,0.31346,-0.010169,9.891929
1755406302630,0.239282,-0.043669,9.875179
1755406302632,0.294317,-0.019741,9.908679
1755406302634,0.323031,0.001795,9.932607
1755406302637,0.260818,-0.022134,9.851251
1755406302639,0.253639,-0.017348,9.9015
1755406302642,0.29671,0.00658,9.858429
1755406302644,0.244068,-0.019741,9.882358
1755406302647,0.272782,-0.014955,9.894321
1755406302649,0.291924,-0.024526,9.882358
1755406302651,0.282353,-0.017348,9.870394
1755406302653,0.294317,-0.007777,9.879965
1755406302656,0.27996,-0.005384,9.870394
1755406302658,0.29671,-0.026919,9.851251
1755406302661,0.299103,-0.019741,9.812965
1755406302665,0.270389,-0.026919,9.908679
1755406302666,0.256032,-0.007777,10.019048
1755406302668,0.332602,0.049651,9.80818
1755406302670,0.265603,-0.038883,9.923036
1755406302672,0.332602,-0.043669,9.77468
1755406302675,0.294317,-0.036491,9.997512
1755406302679,0.308674,0.042473,9.875179
1755406302683,0.294317,0.004187,9.956834
1755406302684,0.246461,-0.012562,9.882358
1755406302685,0.323031,-0.06999,9.805787
1755406302687,0.267996,-0.050847,9.906285
1755406302689,0.308674,-0.017348,9.870394
1755406302692,0.27996,-0.000598,9.925428
1755406302696,0.27996,-0.062812,9.899107
1755406302697,0.299103,-0.022134,9.789038
1755406302699,0.256032,-0.038883,9.932607
1755406302702,0.267996,-0.010169,9.820144
1755406302704,0.267996,-0.072383,9.975977
1755406302706,0.318245,0.013759,9.781859
1755406302708,0.227318,-0.026919,9.882358
1755406302712,0.291924,-0.002991,9.815358
1755406302716,0.244068,-0.036491,9.997512
1755406302717,0.311067,0.016152,9.815358
1755406302718,0.260818,-0.024526,9.913465
1755406302721,0.308674,-0.036491,9.784252
1755406302723,0.289532,-0.022134,9.990334
1755406302725,0.289532,-0.010169,9.822537
1755406302728,0.232104,-0.043669,9.992726
1755406302731,0.303888,-0.074776,9.834501
1755406302735,0.263211,0.00658,9.939785
1755406302736,0.289532,-0.029312,9.796216
1755406302737,0.258425,-0.031705,9.944571
1755406302740,0.306281,-0.024526,9.875179
1755406302743,0.294317,0.008973,9.872787
1755406302745,0.306281,-0.038883,9.834501
1755406302747,0.272782,-0.036491,9.882358
1755406302749,0.318245,-0.031705,9.865608
1755406302751,0.258425,-0.031705,9.80818
1755406302754,0.294317,-0.043669,9.959227
1755406302756,0.306281,0.020937,9.856036
1755406302759,0.275175,-0.019741,9.956834
1755406302761,0.267996,-0.007777,9.856036
1755406302764,0.303888,-0.012562,9.894321
1755406302766,0.253639,-0.043669,9.793823
1755406302768,0.325424,-0.041276,9.971191
1755406302771,0.349352,-0.017348,9.848858
1755406302773,0.256032,0.001795,9.879965
1755406302776,0.282353,-0.036491,9.903893
1755406302778,0.277567,0.011366,9.834501
1755406302781,0.277567,-0.036491,9.927821
1755406302784,0.29671,-0.012562,9.84168
1755406302786,0.263211,-0.026919,9.980762
1755406302788,0.284746,0.018544,9.777073
1755406302790,0.256032,-0.046062,9.985548
1755406302792,0.31346,-0.007777,9.80818
1755406302795,0.251246,-0.012562,9.966406
1755406302799,0.31346,-0.002991,9.757931
1755406302801,0.277567,-0.029312,9.973584
1755406302802,0.299103,-0.017348,9.820144
1755406302805,0.248854,0.020937,9.927821
1755406302808,0.301496,-0.046062,9.779466
1755406302809,0.267996,-0.043669,9.937392
1755406302812,0.327817,-0.041276,9.781859
1755406302815,0.227318,-0.041276,9.858429
1755406302819,0.327817,0.001795,9.952048
1755406302820,0.277567,0.004187,9.820144
1755406302821,0.258425,-0.043669,9.887143
1755406302824,0.334995,0.02333,10.155438
1755406302826,0.320638,0.011366,9.731609
1755406302828,0.239282,0.011366,9.9015
1755406302832,0.299103,-0.024526,9.796216
1755406302833,0.282353,-0.048455,9.820144
1755406302836,0.251246,-0.041276,10.023833
1755406302838,0.318245,0.02333,9.896714
1755406302840,0.267996,-0.012562,9.891929
1755406302843,0.287139,-0.022134,9.937392
1755406302845,0.346959,-0.043669,9.798609
1755406302848,0.270389,-0.043669,9.911072
1755406302850,0.308674,-0.055633,9.829716
1755406302853,0.260818,-0.031705,9.829716
1755406302855,0.251246,-0.046062,9.932607
1755406302857,0.27996,0.020937,9.812965
1755406302859,0.265603,-0.026919,9.947263
1755406302862,0.308674,-0.017348,9.779466
1755406302866,0.287139,-0.014955,10.023833
1755406302869,0.311067,0.068794,9.77468
1755406302871,0.241675,-0.05324,10.009477
1755406302872,0.327817,-0.048455,9.812965
1755406302874,0.277567,-0.031705,9.877572
1755406302876,0.246461,-0.058026,9.91825
1755406302879,0.327817,0.00658,9.832108
1755406302883,0.275175,-0.031705,9.915857
1755406302884,0.27996,-0.014955,9.865608
1755406302886,0.27996,-0.019741,9.875179
1755406302888,0.239282,-0.043669,9.887143
1755406302891,0.311067,-0.007777,9.882358
1755406302893,0.277567,-0.014955,9.894321
1755406302895,0.282353,-0.031705,9.870394
1755406302898,0.31346,-0.014955,9.872787
1755406302901,0.289532,-0.031705,9.911072
1755406302903,0.337388,-0.048455,9.930214
1755406302905,0.258425,-0.010169,9.891929
1755406302907,0.275175,-0.038883,9.868001
1755406302910,0.301496,-0.036491,9.954441
1755406302913,0.318245,-0.043669,9.810573
1755406302915,0.299103,-0.029312,9.930214
1755406302918,0.29671,0.001795,9.858429
1755406302920,0.253639,-0.014955,9.875179
1755406302922,0.306281,-0.029312,9.889536
1755406302925,0.306281,-0.026919,9.827323
1755406302927,0.299103,-0.005384,9.891929
1755406302929,0.265603,-0.029312,9.906285
1755406302931,0.27996,-0.007777,10.014262
1755406302934,0.282353,-0.031705,9.796216
1755406302936,0.289532,-0.000598,9.856036
1755406302939,0.311067,-0.055633,9.860822
1755406302941,0.299103,-0.022134,9.915857
1755406302943,0.265603,0.00658,9.803394
1755406302946,0.265603,0.013759,9.882358
1755406302948,0.294317,-0.024526,9.911072
1755406302951,0.306281,-0.031705,9.805787
1755406302953,0.301496,-0.038883,9.870394
1755406302956,0.294317,0.008973,9.851251
1755406302958,0.282353,-0.019741,9.848858
1755406302961,0.301496,-0.06999,9.84168
1755406302963,0.282353,-0.029312,9.812965
1755406302965,0.275175,-0.005384,9.896714
1755406302968,0.272782,0.001795,9.856036
1755406302973,0.287139,-0.031705,9.879965
1755406302975,0.270389,-0.034098,9.913465
1755406302977,0.256032,-0.060419,9.860822
1755406302978,0.270389,-0.022134,9.88475
1755406302980,0.277567,-0.036491,9.796216
1755406302982,0.306281,-0.024526,9.899107
1755406302985,0.306281,0.011366,9.952048
1755406302989,0.277567,0.028116,9.80818
1755406302990,0.267996,-0.048455,9.97837
1755406302992,0.366102,-0.050847,9.779466
1755406302994,0.277567,-0.079561,9.91825
1755406302996,0.27996,0.061615,9.844072
1755406302998,0.308674,-0.024526,9.920643
1755406303001,0.27996,-0.017348,9.822537
1755406303003,0.327817,-0.091525,9.88475
1755406303006,0.27996,-0.000598,9.846465
1755406303008,0.311067,-0.014955,9.91825
1755406303011,0.303888,-0.002991,9.877572
1755406303013,0.334995,-0.077169,9.870394
1755406303015,0.241675,-0.010169,9.903893
1755406303019,0.323031,-0.005384,9.906285
1755406303020,0.272782,-0.019741,9.88475
1755406303022,0.315853,-0.06999,9.851251
1755406303025,0.229711,0.008973,9.908679
1755406303028,0.299103,0.001795,9.899107
1755406303030,0.275175,-0.031705,9.863214
1755406303032,0.325424,-0.084347,9.875179
1755406303036,0.241675,0.030508,9.853643
1755406303038,0.301496,-0.017348,9.9015
1755406303039,0.251246,-0.022134,9.853643
1755406303042,0.303888,-0.062812,9.899107
1755406303044,0.263211,0.04008,9.877572
1755406303047,0.29671,-0.036491,9.906285
1755406303049,0.270389,-0.029312,9.851251
1755406303052,0.332602,-0.072383,9.9015
1755406303054,0.253639,0.02333,9.865608
1755406303057,0.267996,-0.012562,9.903893
1755406303058,0.256032,-0.041276,9.827323
1755406303061,0.284746,-0.058026,9.906285
1755406303063,0.263211,0.020937,9.836894
1755406303065,0.308674,-0.005384,9.882358
1755406303069,0.29671,-0.012562,9.829716
1755406303071,0.308674,-0.05324,9.975977
1755406303073,0.265603,0.00658,9.815358
1755406303075,0.27996,-0.060419,9.937392
1755406303077,0.294317,-0.017348,9.80818
1755406303080,0.282353,-0.06999,9.995119
1755406303082,0.287139,0.030508,9.767502
1755406303085,0.258425,-0.022134,9.944571
1755406303088,0.289532,-0.002991,9.820144
1755406303090,0.248854,-0.017348,10.007083
1755406303092,0.31346,0.018544,9.743574
1755406303095,0.284746,-0.046062,9.961619
1755406303097,0.325424,-0.034098,9.760324
1755406303099,0.260818,-0.019741,10.028619
1755406303101,0.332602,0.016152,9.738789
1755406303105,0.236889,-0.058026,10.021441
1755406303107,0.33021,-0.005384,9.760324
1755406303109,0.244068,-0.007777,9.990334
1755406303111,0.299103,-0.029312,9.757931
1755406303115,0.236889,-0.062812,9.995119
1755406303116,0.29671,-0.014955,9.793823
1755406303118,0.241675,0.00658,9.896714
1755406303121,0.29671,-0.06999,9.868001
1755406303123,0.282353,-0.010169,9.908679
1755406303125,0.287139,-0.026919,9.863214
1755406303128,0.258425,-0.026919,9.858429
1755406303131,0.31346,-0.058026,9.942178
1755406303133,0.248854,0.016152,9.77468
1755406303135,0.248854,-0.048455,10.019048
1755406303138,0.323031,0.011366,9.781859
1755406303140,0.275175,-0.019741,9.932607
1755406303143,0.291924,-0.029312,9.803394
1755406303145,0.303888,-0.019741,9.985548
1755406303147,0.318245,-0.010169,9.779466
1755406303150,0.270389,-0.031705,9.899107
1755406303152,0.31346,0.001795,9.889536
1755406303155,0.229711,0.001795,9.858429
1755406303159,0.272782,-0.034098,9.913465
1755406303160,0.301496,-0.000598,9.82493
1755406303162,0.294317,-0.038883,9.915857
1755406303164,0.308674,-0.026919,9.834501
1755406303166,0.303888,-0.050847,9.934999
1755406303168,0.294317,-0.017348,9.844072
1755406303172,0.275175,-0.060419,9.915857
1755406303174,0.323031,-0.026919,9.856036
1755406303176,0.308674,-0.043669,9.920643
1755406303178,0.272782,-0.017348,9.853643
1755406303181,0.270389,-0.019741,9.923036
1755406303183,0.306281,0.001795,9.832108
1755406303185,0.241675,-0.048455,9.937392
1755406303188,0.327817,-0.005384,9.832108
1755406303191,0.284746,-0.014955,9.966406
1755406303193,0.289532,-0.007777,9.817751
1755406303195,0.253639,-0.026919,9.947263
1755406303198,0.303888,0.008973,9.827323
1755406303200,0.275175,-0.014955,9.91825
1755406303202,0.301496,-0.024526,9.856036
1755406303205,0.248854,-0.034098,9.903893
1755406303208,0.284746,-0.002991,9.832108
1755406303210,0.294317,-0.029312,9.889536
1755406303212,0.267996,-0.019741,9.875179
1755406303214,0.284746,-0.034098,9.9015
1755406303217,0.272782,-0.024526,9.868001
1755406303219,0.320638,-0.010169,9.863214
1755406303223,0.318245,-0.029312,9.899107
1755406303227,0.289532,-0.010169,9.858429
1755406303229,0.301496,-0.012562,9.908679
1755406303230,0.277567,-0.010169,9.858429
1755406303231,0.291924,-0.060419,9.858429
1755406303233,0.251246,-0.034098,9.870394
1755406303235,0.253639,-0.017348,9.860822
1755406303240,0.27996,-0.043669,9.82493
1755406303242,0.258425,0.011366,10.069297
1755406303243,0.351745,0.018544,9.705289
1755406303245,0.205783,-0.043669,9.971191
1755406303248,0.349352,-0.077169,9.686146
1755406303252,0.246461,-0.079561,10.023833
1755406303253,0.33021,0.025723,9.786645
1755406303255,0.258425,-0.002991,10.062119
1755406303258,0.315853,-0.014955,9.762716
1755406303262,0.232104,-0.060419,9.91825
1755406303263,0.284746,0.020937,9.829716
1755406303265,0.267996,-0.012562,9.927821
1755406303267,0.320638,-0.019741,9.71486
1755406303269,0.251246,0.011366,10.00469
1755406303272,0.303888,0.013759,9.801002
1755406303274,0.246461,-0.041276,9.937392
1755406303276,0.325424,-0.024526,9.801002
1755406303279,0.246461,-0.000598,10.007083
1755406303281,0.339781,-0.002991,9.801002
1755406303283,0.256032,-0.043669,9.992726
1755406303286,0.334995,-0.010169,9.88475
1755406303288,0.284746,-0.041276,9.930214
1755406303291,0.301496,-0.014955,9.772287
1755406303293,0.258425,0.001795,9.992726
1755406303296,0.323031,-0.012562,9.832108
1755406303298,0.277567,-0.002991,9.865608
1755406303300,0.318245,-0.058026,9.846465
1755406303303,0.260818,-0.019741,9.875179
1755406303305,0.251246,0.004187,9.903893
1755406303308,0.275175,0.025723,9.853643
1755406303310,0.277567,-0.046062,9.872787
1755406303313,0.27996,0.011366,9.832108
1755406303315,0.289532,0.00658,9.923036
1755406303318,0.315853,0.00658,9.887143
1755406303320,0.325424,-0.046062,9.942178
1755406303322,0.31346,-0.002991,9.781859
1755406303326,0.284746,-0.024526,9.968799
1755406303330,0.265603,0.030508,9.798609
1755406303331,0.239282,-0.046062,9.944571
1755406303332,0.29671,0.025723,9.796216
1755406303334,0.265603,-0.041276,9.932607
1755406303336,0.308674,-0.012562,9.803394
1755406303338,0.263211,-0.041276,9.973584
1755406303341,0.315853,0.008973,9.767502
1755406303343,0.263211,-0.026919,9.959227
1755406303346,0.29671,-0.043669,9.798609
1755406303348,0.27996,-0.017348,10.031012
1755406303351,0.351745,0.020937,9.676575
1755406303353,0.239282,-0.065204,10.066904
1755406303355,0.366102,0.011366,9.683753
1755406303358,0.205783,-0.050847,10.107582
1755406303361,0.337388,0.035294,9.736395
1755406303362,0.260818,-0.084347,9.997512
1755406303366,0.31346,0.025723,9.801002
1755406303367,0.29671,-0.050847,9.860822
1755406303370,0.244068,0.004187,9.980762
1755406303372,0.370888,-0.031705,9.731609
1755406303375,0.181555,-0.026919,10.136296
1755406303379,0.39003,0.018544,9.530613
1755406303380,0.119342,-0.072383,10.212866
1755406303382,0.440279,0.032901,9.542577
1755406303384,0.148056,-0.08674,10.215259
1755406303386,0.418744,0.075972,9.631111
1755406303389,0.224925,-0.093918,10.098011
1755406303392,0.349352,0.035294,9.74836
1755406303397,0.318245,-0.091525,9.863214
1755406303399,0.212961,0.001795,9.968799
1755406303400,0.375673,-0.022134,9.724431
1755406303402,0.148056,0.004187,10.145867
1755406303404,0.440279,-0.019741,9.576077
1755406303406,0.133699,-0.101097,10.220045
1755406303410,0.480957,0.042473,9.489935
1755406303412,0.152842,-0.072383,10.191331
1755406303414,0.425922,0.083151,9.640682
1755406303415,0.164806,-0.098704,10.093225
1755406303418,0.351745,0.049651,9.688539
1755406303421,0.284746,-0.091525,9.990334
1755406303423,0.311067,0.066401,9.865608
1755406303425,0.311067,-0.05324,9.815358
1755406303428,0.208176,0.011366,9.973584
1755406303430,0.387637,-0.036491,9.664611
1755406303432,0.121735,-0.036491,10.138689
1755406303435,0.468993,0.00658,9.571291
1755406303437,0.128913,-0.026919,10.203295
1755406303439,0.447458,-0.014955,9.51147
1755406303443,0.112164,-0.081954,10.251151
1755406303444,0.435494,0.016152,9.525827
1755406303446,0.109771,-0.026919,10.215259
1755406303449,0.413958,0.030508,9.51147
1755406303451,0.164806,-0.120239,10.234402
1755406303454,0.404387,0.066401,9.542577
1755406303456,0.164806,-0.046062,10.217651
1755406303458,0.404387,0.04008,9.561719
1755406303461,0.164806,-0.101097,10.20808
1755406303463,0.413958,0.00658,9.602397
1755406303466,0.167198,-0.017348,10.14826
1755406303468,0.37328,0.016152,9.590433
1755406303471,0.205783,-0.074776,10.11476
1755406303473,0.378066,0.008973,9.609575
1755406303475,0.215354,-0.048455,10.105189
1755406303478,0.378066,-0.019741,9.736395
1755406303482,0.241675,-0.060419,10.052547
1755406303483,0.332602,-0.017348,9.722038
1755406303485,0.253639,0.001795,10.009477
1755406303487,0.334995,-0.050847,9.803394
1755406303489,0.29671,-0.026919,9.956834
1755406303492,0.308674,-0.010169,9.82493
1755406303494,0.303888,-0.017348,9.947263
1755406303497,0.267996,-0.046062,9.853643
1755406303499,0.284746,-0.019741,9.817751
1755406303502,0.284746,-0.067597,10.126724
1755406303504,0.270389,0.008973,9.530613
1755406303506,0.277567,-0.05324,10.145867
1755406303509,0.327817,0.011366,9.757931
1755406303511,0.248854,-0.046062,9.968799
1755406303514,0.337388,-0.043669,9.753145
1755406303517,0.251246,0.011366,9.964012
1755406303519,0.277567,-0.000598,9.908679
1755406303521,0.301496,-0.043669,9.913465
1755406303524,0.315853,0.013759,9.772287
1755406303526,0.277567,-0.046062,9.844072
1755406303529,0.303888,-0.048455,9.889536
1755406303531,0.277567,0.008973,9.920643
1755406303533,0.301496,-0.058026,9.865608
1755406303535,0.282353,-0.005384,9.820144
1755406303538,0.27996,-0.029312,9.995119
1755406303540,0.282353,-0.014955,9.777073
1755406303543,0.256032,-0.034098,9.983155
1755406303546,0.284746,-0.034098,9.882358
1755406303547,0.29671,-0.017348,9.829716
1755406303550,0.265603,-0.010169,9.891929
1755406303552,0.277567,-0.036491,9.906285
1755406303554,0.277567,-0.005384,9.836894
1755406303557,0.248854,-0.017348,9.937392
1755406303559,0.275175,-0.043669,9.82493
1755406303562,0.299103,-0.012562,9.789038
1755406303564,0.320638,-0.019741,9.796216
1755406303567,0.277567,0.004187,10.090832
1755406303569,0.318245,-0.046062,9.757931
1755406303571,0.291924,-0.065204,9.983155
1755406303573,0.291924,-0.014955,9.865608
1755406303576,0.256032,-0.050847,9.844072
1755406303579,0.294317,0.001795,9.959227
1755406303581,0.289532,-0.029312,9.853643
1755406303583,0.263211,-0.012562,9.949656
1755406303586,0.337388,-0.029312,9.769895
1755406303588,0.275175,-0.022134,9.911072
1755406303590,0.294317,-0.022134,9.822537
1755406303593,0.284746,-0.002991,9.923036
1755406303596,0.267996,-0.031705,9.829716
1755406303600,0.299103,-0.046062,9.887143
1755406303601,0.267996,0.001795,9.896714
1755406303603,0.294317,-0.041276,9.870394
1755406303605,0.287139,-0.029312,9.815358
1755406303607,0.270389,-0.000598,9.932607
1755406303610,0.318245,0.028116,9.736395
1755406303612,0.224925,-0.026919,9.964012
1755406303615,0.318245,-0.007777,9.844072
1755406303617,0.253639,-0.019741,9.887143
1755406303619,0.299103,-0.002991,9.872787
1755406303622,0.299103,-0.005384,9.846465
1755406303624,0.299103,-0.038883,9.932607
1755406303626,0.29671,0.011366,9.853643
1755406303628,0.258425,-0.041276,9.91825
1755406303631,0.318245,0.016152,9.801002
1755406303633,0.284746,-0.026919,9.961619
1755406303636,0.267996,-0.026919,9.836894
1755406303639,0.301496,-0.043669,9.889536
1755406303641,0.301496,-0.007777,9.865608
1755406303643,0.306281,-0.014955,9.887143
1755406303645,0.277567,0.004187,9.836894
1755406303648,0.299103,-0.014955,9.913465
1755406303650,0.306281,0.00658,9.858429
1755406303652,0.275175,-0.043669,9.872787
1755406303655,0.265603,-0.017348,9.887143
1755406303657,0.265603,-0.000598,9.868001
1755406303660,0.289532,-0.002991,9.923036
1755406303662,0.320638,-0.026919,9.863214
1755406303665,0.282353,-0.022134,9.91825
1755406303667,0.303888,-0.010169,9.853643
1755406303669,0.282353,-0.012562,9.896714
1755406303672,0.299103,0.016152,9.88475
1755406303674,0.301496,-0.038883,9.903893
1755406303677,0.275175,-0.031705,9.879965
1755406303679,0.263211,-0.036491,9.896714
1755406303682,0.270389,-0.029312,9.887143
1755406303684,0.291924,-0.043669,9.860822
1755406303686,0.248854,-0.005384,9.882358
1755406303689,0.289532,-0.019741,9.875179
1755406303691,0.291924,-0.031705,9.88475
1755406303693,0.263211,-0.024526,9.887143
1755406303696,0.267996,-0.002991,9.899107
1755406303699,0.311067,-0.000598,9.870394
1755406303701,0.270389,-0.024526,9.875179
1755406303704,0.29671,-0.031705,9.875179
1755406303705,0.308674,-0.012562,9.875179
1755406303708,0.267996,-0.022134,9.879965
1755406303710,0.291924,-0.026919,9.877572
1755406303713,0.299103,-0.017348,9.903893
1755406303715,0.282353,-0.034098,9.891929
1755406303717,0.256032,-0.014955,9.896714
1755406303720,0.301496,-0.014955,9.891929
1755406303722,0.275175,-0.022134,9.879965
1755406303725,0.29671,-0.007777,9.860822
1755406303727,0.291924,-0.031705,9.865608
1755406303729,0.287139,-0.019741,9.887143
1755406303732,0.277567,0.004187,9.868001
1755406303735,0.311067,-0.000598,9.891929
1755406303736,0.308674,-0.034098,9.851251
1755406303739,0.241675,-0.005384,9.891929
1755406303741,0.277567,-0.038883,9.875179
1755406303744,0.294317,-0.002991,9.913465
1755406303746,0.323031,-0.031705,9.865608
1755406303749,0.256032,-0.026919,9.856036
1755406303752,0.256032,-0.010169,9.856036
1755406303753,0.284746,-0.024526,9.815358
1755406303756,0.299103,-0.024526,9.930214
1755406303758,0.303888,-0.007777,9.947263
1755406303761,0.270389,-0.038883,9.736395
1755406303763,0.251246,-0.007777,10.052547
1755406303767,0.33021,-0.048455,9.678967
1755406303769,0.246461,-0.067597,9.983155
1755406303771,0.318245,0.004187,9.839287
1755406303772,0.215354,-0.017348,9.906285
1755406303775,0.31346,0.030508,9.84168
1755406303777,0.253639,0.001795,9.949656
1755406303780,0.294317,-0.014955,9.74836
1755406303782,0.275175,-0.093918,9.879965
1755406303785,0.306281,0.018544,9.894321
1755406303787,0.27996,-0.012562,9.894321
1755406303789,0.282353,-0.010169,9.870394
1755406303791,0.325424,-0.058026,9.803394
1755406303794,0.239282,-0.014955,9.836894
1755406303796,0.327817,0.011366,9.767502
1755406303799,0.229711,-0.005384,10.033404
1755406303802,0.358923,0.020937,9.726824
1755406303804,0.212961,-0.062812,10.078868
1755406303806,0.385244,-0.038883,9.710074
1755406303808,0.224925,-0.010169,10.081261
1755406303811,0.349352,0.042473,9.722038
1755406303813,0.246461,-0.091525,10.011869
1755406303815,0.351745,-0.046062,9.77468
1755406303818,0.217747,0.016152,9.956834
1755406303822,0.318245,0.004187,9.745967
1755406303824,0.291924,-0.093918,9.956834
1755406303825,0.344566,-0.010169,9.853643
1755406303827,0.260818,-0.002991,9.889536
1755406303830,0.282353,-0.014955,9.896714
1755406303832,0.29671,-0.024526,9.865608
1755406303835,0.323031,-0.017348,9.889536
1755406303838,0.315853,-0.024526,9.899107
1755406303839,0.294317,-0.043669,9.939785
1755406303843,0.272782,-0.026919,9.820144
1755406303844,0.263211,-0.017348,9.834501
1755406303846,0.301496,-0.022134,9.829716
1755406303849,0.301496,-0.007777,9.952048
1755406303852,0.267996,-0.005384,9.920643
1755406303854,0.311067,-0.026919,9.882358
1755406303856,0.289532,-0.010169,9.927821
1755406303858,0.289532,-0.038883,9.853643
1755406303861,0.325424,-0.05324,9.88475
1755406303863,0.315853,-0.046062,9.863214
1755406303866,0.224925,-0.036491,9.812965
1755406303868,0.232104,-0.050847,9.827323
1755406303871,0.241675,-0.014955,9.781859
1755406303873,0.22014,-0.000598,9.784252
1755406303876,0.256032,-0.022134,9.836894
1755406303878,0.239282,-0.041276,9.872787
1755406303880,0.260818,0.001795,9.829716
1755406303883,0.315853,-0.034098,9.88475
1755406303885,0.342174,-0.034098,9.908679
1755406303887,0.311067,-0.026919,9.911072
1755406303890,0.284746,-0.019741,9.858429
1755406303892,0.287139,-0.022134,9.882358
1755406303894,0.270389,-0.007777,9.851251
1755406303897,0.294317,-0.031705,9.882358
1755406303899,0.282353,0.004187,9.937392
1755406303902,0.303888,-0.022134,9.863214
1755406303904,0.306281,-0.012562,9.836894
1755406303906,0.303888,-0.034098,9.899107
1755406303909,0.289532,-0.036491,9.891929
1755406303911,0.27996,-0.022134,9.846465
1755406303914,0.299103,-0.017348,9.908679
1755406303916,0.311067,-0.014955,9.870394
1755406303919,0.29671,-0.036491,9.915857
1755406303921,0.299103,-0.014955,9.896714
1755406303924,0.287139,-0.000598,9.870394
1755406303926,0.27996,-0.026919,9.906285
1755406303928,0.284746,-0.000598,9.853643
1755406303931,0.318245,-0.002991,9.915857
1755406303933,0.315853,-0.010169,9.817751
1755406303936,0.253639,-0.024526,9.968799
1755406303940,0.320638,0.011366,9.812965
1755406303941,0.253639,0.030508,9.903893
1755406303943,0.27996,-0.108275,9.736395
1755406303945,0.27996,-0.017348,9.990334
1755406303947,0.33021,0.013759,9.77468
1755406303950,0.152842,0.047258,10.141082
1755406303954,0.461815,0.00658,9.554541
1755406303955,0.140877,-0.141775,10.133903
1755406303957,0.454636,-0.000598,9.509077
1755406303959,0.186341,-0.05324,10.138689
1755406303962,0.387637,0.145364,9.705289
1755406303964,0.22014,-0.062812,10.050154
1755406303966,0.349352,-0.055633,9.693324
1755406303970,0.256032,-0.168096,9.930214
1755406303972,0.277567,0.059222,9.915857
1755406303974,0.308674,0.028116,9.88475
1755406303976,0.244068,0.011366,9.954441
1755406303979,0.323031,-0.144168,9.726824
1755406303981,0.210568,-0.034098,10.062119
1755406303983,0.387637,0.064008,9.786645
1755406303986,0.20339,0.030508,10.026226
1755406303989,0.375673,-0.120239,9.597611
1755406303990,0.181555,-0.072383,10.133903
1755406303993,0.418744,0.095115,9.729217
1755406303995,0.155234,0.037687,10.102797
1755406303997,0.440279,-0.048455,9.578469
1755406304000,0.145663,-0.139382,10.109975
1755406304002,0.40678,0.073579,9.705289
1755406304005,0.19352,0.037687,10.13151
1755406304007,0.375673,-0.055633,9.58804
1755406304010,0.186341,-0.151346,10.069297
1755406304012,0.368495,0.049651,9.719646
1755406304014,0.171984,0.083151,10.062119
1755406304017,0.387637,-0.019741,9.712467
1755406304019,0.205783,-0.108275,10.011869
1755406304022,0.320638,0.008973,9.738789
1755406304024,0.241675,0.032901,9.934999
1755406304026,0.303888,-0.046062,9.846465
1755406304029,0.253639,-0.019741,9.925428
1755406304031,0.294317,0.00658,9.923036
1755406304034,0.287139,-0.002991,9.781859
1755406304036,0.311067,-0.05324,9.961619
1755406304039,0.299103,0.02333,9.80818
1755406304043,0.246461,-0.017348,9.911072
1755406304044,0.327817,-0.029312,9.858429
1755406304046,0.291924,-0.012562,9.954441
1755406304048,0.337388,0.037687,9.786645
1755406304050,0.299103,-0.034098,10.019048
1755406304053,0.344566,-0.029312,9.745967
1755406304056,0.246461,-0.019741,9.937392
1755406304057,0.277567,-0.024526,9.872787
1755406304060,0.284746,-0.017348,9.875179
1755406304062,0.29671,-0.007777,9.942178
1755406304065,0.282353,-0.012562,9.82493
1755406304067,0.282353,-0.065204,9.896714
1755406304069,0.323031,0.001795,9.894321
1755406304073,0.301496,-0.022134,9.858429
1755406304075,0.289532,-0.058026,9.891929
1755406304077,0.289532,0.001795,9.927821
1755406304079,0.267996,0.004187,9.812965
1755406304082,0.215354,-0.041276,9.84168
1755406304084,0.294317,-0.038883,9.820144
1755406304087,0.287139,0.004187,9.997512
1755406304090,0.291924,-0.012562,9.736395
1755406304092,0.258425,-0.041276,9.992726
1755406304094,0.301496,-0.002991,9.839287
1755406304096,0.282353,-0.026919,9.82493
1755406304098,0.272782,-0.034098,9.966406
1755406304101,0.289532,-0.012562,9.846465
1755406304103,0.291924,-0.041276,9.908679
1755406304106,0.270389,0.013759,9.705289
1755406304108,0.270389,-0.072383,10.102797
1755406304110,0.303888,0.016152,9.702896
1755406304113,0.251246,-0.024526,9.995119
1755406304115,0.294317,-0.012562,9.726824
1755406304117,0.275175,-0.091525,10.035797
1755406304120,0.306281,0.02333,9.724431
1755406304124,0.234497,-0.036491,9.964012
1755406304125,0.33021,-0.014955,9.870394
1755406304127,0.253639,-0.072383,9.985548
1755406304130,0.337388,0.05683,9.77468
1755406304132,0.208176,-0.034098,9.923036
1755406304134,0.358923,-0.014955,9.856036
1755406304137,0.241675,0.02333,9.959227
1755406304140,0.332602,0.028116,9.77468
1755406304143,0.215354,-0.055633,9.915857
1755406304144,0.361316,-0.05324,9.801002
1755406304146,0.22014,-0.014955,10.009477
1755406304148,0.332602,0.032901,9.700503
1755406304151,0.22014,-0.029312,9.983155
1755406304153,0.378066,-0.017348,9.757931
1755406304156,0.208176,-0.031705,10.042975
1755406304159,0.344566,0.032901,9.738789
1755406304162,0.256032,-0.034098,10.095618
1755406304163,0.361316,0.001795,9.676575
1755406304165,0.241675,-0.10349,10.009477
1755406304168,0.327817,0.013759,9.793823
1755406304170,0.232104,-0.002991,9.975977
1755406304172,0.294317,0.011366,9.793823
1755406304175,0.270389,-0.081954,9.875179
1755406304177,0.265603,-0.024526,9.844072
1755406304180,0.291924,0.001795,9.911072
1755406304183,0.246461,0.054437,9.956834
1755406304184,0.332602,-0.029312,9.767502
1755406304187,0.227318,-0.060419,9.966406
1755406304189,0.351745,-0.026919,9.719646
1755406304192,0.20339,0.02333,10.057333
1755406304194,0.387637,0.032901,9.736395
1755406304196,0.195912,-0.067597,9.999905
1755406304199,0.387637,-0.060419,9.678967
1755406304201,0.169591,-0.05324,10.095618
1755406304204,0.378066,0.111864,9.769895
1755406304206,0.224925,-0.031705,10.11476
1755406304209,0.351745,0.008973,9.683753
1755406304211,0.208176,-0.132203,9.923036
1755406304213,0.320638,0.016152,9.793823
1755406304216,0.289532,-0.014955,9.97837
1755406304218,0.275175,-0.010169,9.882358
1755406304220,0.31346,-0.000598,9.695718
1755406304223,0.248854,-0.074776,10.03819
1755406304226,0.363709,-0.034098,9.719646
1755406304228,0.20339,0.04008,10.019048
1755406304230,0.344566,0.020937,9.757931
1755406304232,0.212961,-0.065204,9.980762
1755406304235,0.37328,0.018544,9.68136
1755406304237,0.186341,-0.072383,10.064511
1755406304240,0.382852,0.047258,9.750752
1755406304242,0.236889,-0.034098,10.121939
1755406304244,0.361316,0.013759,9.645468
1755406304247,0.22014,-0.072383,10.016655
1755406304250,0.337388,0.04008,9.760324
1755406304251,0.241675,-0.002991,10.05494
1755406304255,0.308674,-0.014955,9.777073
1755406304256,0.287139,-0.101097,9.899107
1755406304259,0.27996,-0.036491,9.815358
1755406304262,0.270389,-0.034098,9.853643
1755406304263,0.236889,0.008973,9.959227
1755406304266,0.334995,-0.005384,9.789038
1755406304268,0.256032,-0.029312,10.016655
1755406304271,0.327817,-0.024526,9.707682
1755406304274,0.215354,-0.000598,10.05494
1755406304277,0.40678,0.011366,9.707682
1755406304279,0.198604,-0.074776,10.033404
1755406304282,0.39003,-0.046062,9.686146
1755406304283,0.191127,-0.043669,10.141082
1755406304286,0.404387,0.028116,9.667004
1755406304288,0.186341,-0.019741,10.057333
1755406304290,0.387637,-0.010169,9.674182
1755406304299,0.205783,-0.077169,10.081261
1755406304300,0.399601,0.004187,9.683753
1755406304301,0.208176,-0.024526,10.052547
1755406304301,0.351745,0.018544,9.731609
1755406304303,0.215354,-0.084347,9.997512
1755406304304,0.351745,-0.000598,9.836894
1755406304307,0.275175,-0.002991,9.949656
1755406304309,0.323031,0.030508,9.82493
1755406304312,0.270389,-0.060419,9.899107
1755406304314,0.265603,-0.038883,9.827323
1755406304316,0.358923,-0.043669,9.913465
1755406304319,0.248854,0.035294,9.952048
1755406304321,0.31346,-0.012562,9.781859
1755406304323,0.239282,-0.065204,9.947263
1755406304327,0.349352,-0.050847,9.743574
1755406304329,0.248854,-0.002991,10.098011
1755406304332,0.380459,0.018544,9.712467
1755406304333,0.239282,-0.060419,10.00469
1755406304335,0.361316,-0.06999,9.734002
1755406304338,0.22014,-0.000598,10.009477
1755406304341,0.368495,0.047258,9.724431
1755406304344,0.200997,-0.043669,10.047761
1755406304346,0.361316,-0.041276,9.635897
1755406304348,0.198604,-0.06999,10.086046
1755406304350,0.349352,0.042473,9.71486
1755406304352,0.224925,-0.05324,10.045368
1755406304355,0.346959,-0.062812,9.652647
1755406304357,0.210568,-0.060419,10.117153
1755406304359,0.382852,0.030508,9.695718
1755406304362,0.188734,-0.050847,10.023833
1755406304364,0.361316,-0.05324,9.659825
1755406304367,0.186341,-0.05324,10.105189
1755406304369,0.382852,0.042473,9.731609
1755406304372,0.241675,0.00658,10.069297
1755406304374,0.375673,-0.029312,9.705289
1755406304376,0.208176,-0.048455,10.045368
1755406304379,0.349352,0.035294,9.722038
1755406304381,0.227318,-0.007777,10.026226
1755406304383,0.358923,-0.041276,9.750752
1755406304386,0.229711,-0.029312,10.05494
1755406304389,0.361316,0.001795,9.762716
1755406304391,0.244068,-0.010169,9.971191
1755406304393,0.301496,0.004187,9.851251
1755406304397,0.267996,0.02333,9.872787
1755406304398,0.284746,-0.038883,9.844072
1755406304400,0.294317,0.018544,9.872787
1755406304403,0.287139,-0.007777,9.91825
1755406304405,0.289532,-0.000598,9.817751
1755406304407,0.291924,-0.036491,9.944571
1755406304410,0.299103,-0.005384,9.815358
1755406304413,0.287139,-0.019741,9.944571
1755406304415,0.315853,0.001795,9.803394
1755406304417,0.29671,-0.038883,9.939785
1755406304419,0.301496,-0.024526,9.820144
1755406304422,0.258425,-0.024526,9.925428
1755406304424,0.289532,0.004187,9.848858
1755406304427,0.248854,-0.024526,9.920643
1755406304430,0.311067,-0.029312,9.88475
1755406304431,0.267996,-0.041276,9.872787
1755406304434,0.284746,-0.017348,9.887143
1755406304436,0.287139,-0.014955,9.853643
1755406304439,0.294317,-0.043669,9.934999
1755406304441,0.294317,-0.007777,9.834501
1755406304444,0.27996,-0.038883,9.927821
1755406304447,0.270389,-0.005384,9.810573
1755406304448,0.27996,-0.036491,9.927821
1755406304450,0.27996,-0.010169,9.829716
1755406304453,0.284746,-0.005384,9.937392
1755406304455,0.275175,-0.000598,9.822537
1755406304458,0.272782,-0.026919,9.927821
1755406304460,0.306281,-0.050847,9.834501
1755406304464,0.258425,-0.005384,9.913465
1755406304465,0.323031,-0.055633,9.839287
1755406304467,0.29671,-0.019741,9.983155
1755406304470,0.318245,-0.012562,9.820144
1755406304472,0.270389,-0.026919,9.944571
1755406304474,0.289532,-0.036491,9.798609
1755406304477,0.251246,-0.012562,9.949656
1755406304481,0.275175,-0.010169,9.731609
1755406304482,0.236889,-0.022134,9.975977
1755406304484,0.306281,-0.038883,9.805787
1755406304487,0.289532,-0.038883,10.026226
1755406304489,0.315853,0.020937,9.832108
1755406304491,0.277567,-0.002991,9.964012
1755406304494,0.323031,0.004187,9.781859
1755406304496,0.260818,-0.081954,9.836894
1755406304501,0.308674,-0.034098,9.88475
1755406304502,0.323031,0.028116,9.927821
1755406304503,0.246461,-0.014955,9.848858
1755406304506,0.306281,-0.10349,9.820144
1755406304508,0.272782,-0.022134,9.934999
1755406304510,0.325424,0.013759,9.896714
1755406304513,0.267996,0.064008,9.899107
1755406304515,0.339781,-0.105882,9.786645
1755406304518,0.275175,-0.017348,9.975977
1755406304520,0.358923,0.049651,9.829716
1755406304523,0.20339,0.049651,9.913465
1755406304525,0.325424,-0.084347,9.772287
1755406304527,0.198604,-0.031705,9.990334
1755406304530,0.342174,0.037687,9.781859
1755406304533,0.208176,0.013759,9.959227
1755406304536,0.370888,-0.08674,9.753145
1755406304537,0.244068,-0.000598,10.009477
1755406304539,0.349352,0.047258,9.755538
1755406304542,0.210568,-0.002991,9.956834
1755406304544,0.37328,-0.101097,9.79143
1755406304547,0.217747,-0.002991,9.987941
1755406304549,0.344566,-0.022134,9.760324
1755406304552,0.222533,-0.036491,9.915857
1755406304553,0.337388,-0.038883,9.870394
1755406304556,0.246461,0.025723,9.911072
1755406304558,0.327817,-0.043669,9.834501
1755406304561,0.282353,-0.05324,9.858429
1755406304563,0.306281,-0.048455,9.927821
1755406304566,0.258425,0.030508,9.817751
1755406304568,0.29671,-0.060419,9.932607
1755406304570,0.289532,-0.043669,9.793823
1755406304573,0.248854,-0.031705,10.03819
1755406304575,0.311067,0.04008,9.755538
1755406304577,0.272782,-0.072383,9.992726
1755406304580,0.31346,-0.034098,9.765109
1755406304582,0.217747,-0.002991,10.102797
1755406304585,0.349352,0.037687,9.671789
1755406304587,0.236889,-0.089133,10.042975
1755406304590,0.334995,-0.019741,9.695718
1755406304592,0.253639,0.008973,10.105189
1755406304594,0.334995,0.035294,9.652647
1755406304597,0.210568,-0.062812,10.052547
1755406304600,0.380459,-0.043669,9.698111
1755406304603,0.212961,0.047258,10.093225
1755406304604,0.351745,0.008973,9.647861
1755406304606,0.222533,-0.127418,10.03819
1755406304608,0.315853,-0.041276,9.743574
1755406304611,0.251246,0.004187,10.00469
1755406304613,0.301496,-0.012562,9.731609
1755406304616,0.236889,-0.05324,9.990334
1755406304619,0.299103,0.004187,9.80818
1755406304621,0.251246,0.004187,9.846465
1755406304623,0.306281,-0.098704,9.891929
1755406304625,0.311067,0.00658,9.889536
1755406304628,0.294317,0.020937,9.870394
1755406304630,0.272782,-0.014955,9.769895
1755406304633,0.27996,-0.055633,10.021441
1755406304636,0.289532,0.018544,9.796216
1755406304638,0.260818,-0.017348,9.980762
1755406304640,0.33021,-0.022134,9.820144
1755406304643,0.265603,-0.014955,9.947263
1755406304645,0.248854,-0.010169,9.810573
1755406304648,0.260818,-0.019741,9.937392
1755406304651,0.306281,-0.017348,9.865608
1755406304652,0.248854,-0.024526,9.899107
1755406304655,0.289532,-0.007777,9.966406
1755406304657,0.299103,0.02333,9.839287
1755406304659,0.270389,-0.074776,9.942178
1755406304661,0.299103,-0.022134,9.77468
1755406304664,0.289532,-0.079561,9.930214
1755406304666,0.301496,0.037687,9.877572
1755406304669,0.320638,-0.058026,9.868001
1755406304671,0.256032,-0.019741,9.879965
1755406304673,0.337388,-0.012562,9.997512
1755406304676,0.27996,-0.002991,9.702896
1755406304678,0.244068,-0.091525,10.033404
1755406304681,0.366102,0.030508,9.769895
1755406304684,0.227318,-0.017348,10.009477
1755406304686,0.29671,0.013759,9.671789
1755406304688,0.246461,-0.060419,10.031012
1755406304690,0.334995,-0.005384,9.781859
1755406304692,0.217747,0.001795,10.050154
1755406304695,0.344566,0.008973,9.717253
1755406304698,0.248854,-0.065204,9.999905
1755406304700,0.342174,-0.05324,9.750752
1755406304702,0.253639,0.00658,10.086046
1755406304705,0.356531,-0.007777,9.693324
1755406304707,0.244068,-0.046062,10.133903
1755406304709,0.349352,-0.017348,9.659825
1755406304712,0.227318,-0.005384,10.05494
1755406304714,0.332602,-0.050847,9.722038
1755406304716,0.224925,-0.038883,10.095618
1755406304720,0.323031,0.011366,9.722038
1755406304722,0.241675,0.028116,9.990334
1755406304724,0.31346,-0.038883,9.741181
1755406304726,0.217747,-0.029312,9.949656
1755406304728,0.306281,-0.005384,9.834501
1755406304731,0.208176,0.013759,9.947263
1755406304733,0.291924,-0.036491,9.796216
1755406304736,0.236889,-0.022134,9.961619
1755406304739,0.315853,-0.019741,9.839287
1755406304741,0.246461,0.004187,9.927821
1755406304743,0.29671,-0.048455,9.832108
1755406304745,0.246461,-0.036491,9.949656
1755406304748,0.311067,0.004187,9.856036
1755406304751,0.260818,-0.010169,9.863214
1755406304754,0.308674,-0.058026,9.858429
1755406304755,0.244068,-0.012562,9.889536
1755406304758,0.315853,0.001795,9.952048
1755406304759,0.277567,-0.017348,9.781859
1755406304762,0.303888,-0.062812,9.889536
1755406304764,0.299103,-0.014955,9.853643
1755406304767,0.277567,0.001795,9.964012
1755406304769,0.294317,-0.000598,9.817751
1755406304772,0.29671,-0.058026,9.908679
1755406304775,0.294317,-0.000598,9.810573
1755406304776,0.258425,-0.038883,9.908679
1755406304780,0.265603,-0.007777,9.851251
1755406304781,0.299103,-0.038883,9.952048
1755406304783,0.287139,-0.031705,9.79143
1755406304786,0.289532,-0.048455,9.999905
1755406304789,0.339781,0.025723,9.79143
1755406304791,0.270389,-0.010169,9.954441
1755406304793,0.289532,-0.041276,9.82493
1755406304795,0.275175,-0.002991,9.952048
1755406304798,0.289532,-0.036491,9.84168
1755406304800,0.234497,-0.019741,9.927821
1755406304804,0.31346,-0.026919,9.860822
1755406304809,0.263211,-0.005384,9.891929
1755406304810,0.299103,-0.05324,9.844072
1755406304812,0.251246,-0.024526,9.877572
1755406304813,0.318245,-0.012562,9.872787
1755406304815,0.232104,0.008973,9.844072
1755406304817,0.301496,-0.046062,9.913465
1755406304821,0.251246,0.016152,9.872787
1755406304823,0.287139,-0.060419,9.853643
1755406304824,0.232104,-0.012562,9.949656
1755406304826,0.334995,-0.038883,9.803394
1755406304829,0.22014,-0.036491,9.863214
1755406304831,0.318245,-0.091525,9.870394
1755406304834,0.253639,-0.031705,9.915857
1755406304837,0.301496,-0.014955,9.77468
1755406304841,0.212961,-0.041276,10.023833
1755406304842,0.327817,0.011366,9.757931
1755406304844,0.212961,0.00658,10.026226
1755406304846,0.325424,0.018544,9.803394
1755406304848,0.303888,-0.062812,9.84168
1755406304851,0.27996,-0.077169,9.877572
1755406304854,0.287139,0.00658,9.856036
1755406304856,0.325424,-0.002991,9.858429
1755406304859,0.222533,-0.002991,10.047761
1755406304861,0.363709,0.008973,9.724431
1755406304863,0.234497,-0.074776,9.997512
1755406304865,0.31346,-0.055633,9.789038
1755406304868,0.272782,-0.022134,9.913465
1755406304871,0.29671,0.028116,9.891929
1755406304873,0.253639,-0.010169,9.844072
1755406304875,0.294317,-0.043669,9.920643
1755406304877,0.299103,-0.024526,9.832108
1755406304879,0.246461,-0.014955,9.937392
1755406304882,0.342174,-0.031705,9.779466
1755406304884,0.284746,-0.031705,10.033404
1755406304887,0.320638,-0.014955,9.74836
1755406304890,0.256032,-0.014955,9.961619
1755406304892,0.334995,-0.005384,9.822537
1755406304894,0.258425,-0.014955,9.875179
1755406304896,0.29671,-0.036491,9.879965
1755406304898,0.260818,-0.029312,9.870394
1755406304901,0.275175,-0.062812,9.9015
1755406304903,0.284746,-0.026919,9.879965
1755406304906,0.282353,-0.055633,9.860822
1755406304908,0.294317,-0.034098,9.865608
1755406304910,0.303888,-0.038883,9.882358
1755406304913,0.270389,-0.017348,9.891929
1755406304915,0.263211,-0.012562,9.868001
1755406304918,0.260818,-0.055633,9.865608
1755406304920,0.267996,-0.031705,9.872787
1755406304923,0.31346,-0.000598,9.88475
1755406304927,0.318245,-0.002991,9.899107
1755406304928,0.284746,-0.026919,9.879965
1755406304930,0.294317,-0.022134,9.877572
1755406304932,0.258425,-0.026919,9.877572
1755406304934,0.282353,-0.026919,9.865608
1755406304937,0.270389,-0.010169,9.865608
1755406304939,0.27996,-0.017348,9.853643
1755406304943,0.272782,-0.024526,9.872787
1755406304944,0.289532,-0.026919,9.877572
1755406304946,0.299103,-0.012562,9.913465
1755406304949,0.277567,-0.010169,9.832108
1755406304951,0.270389,-0.019741,9.915857
1755406304954,0.291924,0.004187,9.79143
1755406304956,0.318245,-0.024526,9.913465
1755406304959,0.303888,-0.019741,9.889536
1755406304961,0.277567,-0.000598,9.839287
1755406304963,0.246461,0.004187,9.822537
1755406304966,0.256032,-0.017348,9.80818
1755406304968,0.308674,-0.017348,9.868001
1755406304971,0.236889,0.00658,9.877572
1755406304974,0.27996,-0.012562,9.903893
1755406304975,0.277567,-0.010169,9.846465
1755406304978,0.277567,0.00658,9.872787
1755406304980,0.267996,-0.017348,9.872787
1755406304983,0.253639,-0.019741,9.954441
1755406304985,0.299103,-0.012562,9.872787
1755406304987,0.267996,-0.024526,9.879965
1755406304990,0.294317,-0.024526,9.829716
1755406304992,0.284746,-0.029312,9.908679
1755406304994,0.342174,-0.002991,9.875179
1755406304997,0.27996,0.035294,9.877572
1755406304999,0.299103,-0.026919,9.839287
1755406305002,0.301496,-0.022134,9.956834
1755406305004,0.318245,-0.010169,9.736395
1755406305007,0.224925,0.032901,10.05494
1755406305009,0.346959,0.001795,9.710074
1755406305011,0.232104,-0.058026,10.047761
1755406305014,0.327817,-0.012562,9.738789
1755406305016,0.236889,-0.000598,10.028619
1755406305018,0.344566,-0.012562,9.803394
1755406305021,0.236889,-0.031705,9.88475
1755406305024,0.346959,-0.005384,9.868001
1755406305026,0.241675,-0.046062,9.934999
1755406305028,0.327817,0.02333,9.755538
1755406305030,0.210568,-0.024526,10.052547
1755406305033,0.320638,0.032901,9.683753
1755406305035,0.229711,-0.074776,10.035797
1755406305037,0.318245,0.037687,9.734002
1755406305043,0.236889,-0.005384,9.944571
1755406305045,0.318245,-0.041276,9.80818
1755406305046,0.263211,-0.05324,9.961619
1755406305047,0.334995,-0.005384,9.805787
1755406305049,0.299103,-0.019741,9.975977
1755406305052,0.277567,-0.007777,9.911072
1755406305054,0.334995,-0.012562,9.77468
1755406305058,0.251246,-0.041276,9.966406
1755406305060,0.334995,-0.050847,9.700503
1755406305061,0.248854,0.016152,10.00469
1755406305064,0.33021,-0.002991,9.786645
1755406305066,0.210568,-0.062812,9.992726
1755406305069,0.378066,-0.005384,9.781859
1755406305071,0.232104,-0.077169,9.973584
1755406305073,0.375673,0.00658,9.743574
1755406305076,0.224925,-0.029312,9.995119
1755406305078,0.337388,-0.005384,9.789038
1755406305080,0.246461,-0.067597,9.990334
1755406305083,0.31346,-0.002991,9.810573
1755406305085,0.258425,-0.024526,9.975977
1755406305088,0.301496,-0.012562,9.84168
1755406305090,0.251246,-0.046062,9.894321
1755406305093,0.272782,-0.026919,9.872787
1755406305095,0.291924,-0.055633,9.856036
1755406305097,0.260818,0.02333,9.939785
1755406305100,0.344566,-0.031705,9.810573
1755406305102,0.248854,-0.029312,9.997512
1755406305105,0.363709,-0.031705,9.690931
1755406305107,0.222533,-0.034098,10.083653
1755406305109,0.387637,0.05683,9.664611
1755406305112,0.198604,-0.077169,10.107582
1755406305114,0.37328,0.042473,9.674182
1755406305117,0.248854,-0.06999,9.997512
1755406305119,0.294317,0.004187,9.817751
1755406305121,0.306281,-0.06999,9.846465
1755406305124,0.244068,0.008973,10.045368
1755406305126,0.392423,-0.005384,9.659825
1755406305128,0.186341,-0.041276,10.133903
1755406305131,0.399601,0.020937,9.595219
1755406305134,0.16002,-0.089133,10.107582
1755406305136,0.356531,0.025723,9.729217
1755406305138,0.287139,-0.048455,9.954441
1755406305141,0.232104,0.030508,9.956834
1755406305144,0.354138,-0.012562,9.753145
1755406305147,0.174377,-0.048455,10.05494
1755406305149,0.378066,0.008973,9.638289
1755406305150,0.181555,-0.077169,10.109975
1755406305153,0.346959,0.030508,9.745967
1755406305155,0.217747,-0.062812,9.973584
1755406305157,0.342174,0.00658,9.815358
1755406305160,0.311067,-0.060419,9.834501
1755406305162,0.253639,-0.012562,9.942178
1755406305164,0.363709,-0.022134,9.755538
1755406305167,0.208176,-0.005384,10.07169
1755406305169,0.366102,0.047258,9.698111
1755406305171,0.195912,-0.048455,10.05494
1755406305174,0.368495,-0.038883,9.700503
1755406305177,0.217747,-0.026919,10.109975
1755406305179,0.356531,0.044865,9.686146
1755406305181,0.191127,-0.060419,10.102797
1755406305184,0.416351,-0.000598,9.623933
1755406305187,0.171984,-0.060419,10.124331
1755406305188,0.361316,0.059222,9.597611
1755406305191,0.208176,-0.084347,10.076475
1755406305194,0.306281,0.049651,9.717253
1755406305196,0.260818,-0.022134,9.966406
1755406305199,0.272782,-0.007777,9.829716
1755406305200,0.272782,-0.038883,9.937392
1755406305203,0.256032,-0.026919,9.853643
1755406305205,0.294317,-0.031705,9.88475
1755406305208,0.294317,-0.019741,9.84168
1755406305212,0.291924,-0.007777,9.887143
1755406305213,0.291924,-0.000598,9.832108
1755406305215,0.270389,-0.010169,9.903893
1755406305217,0.275175,-0.024526,9.903893
1755406305220,0.282353,-0.026919,9.844072
1755406305222,0.244068,-0.007777,9.927821
1755406305224,0.308674,-0.000598,9.84168
1755406305228,0.246461,-0.019741,9.889536
1755406305230,0.272782,0.016152,9.858429
1755406305232,0.282353,-0.024526,9.920643
1755406305234,0.244068,-0.014955,9.793823
1755406305236,0.275175,-0.014955,9.865608
1755406305239,0.239282,0.020937,9.755538
1755406305241,0.253639,0.001795,9.863214
1755406305245,0.370888,-0.10349,10.035797
1755406305247,0.344566,-0.08674,9.992726
1755406305248,0.270389,-0.019741,9.79143
1755406305251,0.308674,-0.026919,9.877572
1755406305253,0.332602,-0.067597,9.990334
1755406305255,0.236889,0.020937,9.80818
1755406305258,0.399601,-0.043669,9.9015
1755406305262,0.282353,-0.050847,9.82493
1755406305263,0.294317,-0.050847,9.952048
1755406305266,0.256032,-0.010169,9.896714
1755406305268,0.248854,-0.019741,9.760324
1755406305270,0.344566,-0.019741,10.045368
1755406305272,0.251246,0.001795,9.863214
1755406305275,0.236889,-0.024526,9.750752
1755406305277,0.323031,-0.062812,9.954441
1755406305279,0.287139,-0.005384,9.875179
1755406305282,0.301496,-0.014955,9.868001
1755406305285,0.339781,-0.050847,9.966406
1755406305287,0.224925,0.020937,9.844072
1755406305289,0.294317,-0.010169,9.947263
1755406305291,0.239282,-0.048455,9.839287
1755406305294,0.258425,-0.031705,9.906285
1755406305297,0.277567,-0.007777,9.868001
1755406305299,0.267996,0.011366,9.899107
1755406305301,0.311067,-0.007777,9.877572
1755406305303,0.267996,-0.019741,9.872787
1755406305306,0.299103,-0.005384,9.827323
1755406305309,0.270389,-0.038883,9.966406
1755406305311,0.320638,0.030508,9.801002
1755406305314,0.275175,-0.077169,9.887143
1755406305315,0.299103,0.004187,9.882358
1755406305318,0.308674,-0.005384,9.772287
1755406305320,0.217747,-0.031705,10.086046
1755406305322,0.361316,0.042473,9.772287
1755406305325,0.212961,-0.031705,10.019048
1755406305327,0.272782,0.020937,9.801002
1755406305330,0.282353,-0.089133,9.875179
1755406305333,0.27996,-0.067597,9.853643
1755406305335,0.308674,0.001795,9.887143
1755406305337,0.308674,0.008973,9.805787
1755406305339,0.289532,-0.000598,10.047761
1755406305343,0.301496,-0.000598,9.84168
1755406305344,0.248854,-0.048455,9.894321
1755406305347,0.291924,-0.002991,9.925428
1755406305349,0.334995,-0.014955,9.784252
1755406305351,0.251246,-0.041276,9.9015
1755406305354,0.351745,-0.014955,9.868001
1755406305356,0.294317,-0.026919,9.88475
1755406305358,0.277567,0.025723,9.980762
1755406305361,0.332602,0.02333,9.798609
1755406305364,0.260818,-0.062812,9.944571
1755406305366,0.232104,-0.041276,9.863214
1755406305368,0.291924,-0.048455,9.839287
1755406305371,0.29671,-0.022134,9.839287
1755406305373,0.318245,-0.031705,9.956834
1755406305375,0.301496,-0.002991,9.865608
1755406305378,0.291924,0.030508,9.956834
1755406305381,0.299103,-0.022134,9.803394
1755406305383,0.241675,-0.043669,9.927821
1755406305386,0.332602,-0.000598,9.765109
1755406305388,0.241675,-0.058026,9.934999
1755406305390,0.339781,0.008973,9.812965
1755406305392,0.301496,0.00658,9.959227
1755406305395,0.29671,-0.002991,9.801002
1755406305398,0.337388,-0.048455,9.801002
1755406305400,0.256032,-0.072383,9.913465
1755406305402,0.323031,0.016152,9.853643
1755406305406,0.275175,-0.007777,9.856036
1755406305408,0.267996,-0.014955,10.028619
1755406305409,0.37328,0.016152,9.74836
1755406305411,0.244068,-0.026919,9.992726
1755406305415,0.318245,-0.007777,9.801002
1755406305417,0.282353,-0.036491,9.891929
1755406305418,0.253639,-0.005384,9.891929
1755406305421,0.284746,-0.046062,9.834501
1755406305423,0.299103,-0.029312,9.889536
1755406305425,0.294317,-0.012562,9.882358
1755406305428,0.299103,0.001795,9.9015
1755406305432,0.275175,-0.012562,9.865608
1755406305433,0.272782,-0.014955,9.937392
1755406305435,0.270389,-0.007777,9.815358
1755406305437,0.263211,-0.017348,9.868001
1755406305440,0.253639,-0.043669,9.865608
1755406305442,0.291924,-0.010169,9.879965
1755406305445,0.265603,0.001795,9.949656
1755406305447,0.289532,-0.000598,9.889536
1755406305450,0.308674,-0.019741,9.865608
1755406305453,0.291924,-0.046062,9.920643
1755406305455,0.263211,-0.000598,9.875179
1755406305457,0.303888,-0.034098,9.894321
1755406305459,0.289532,-0.022134,9.836894
1755406305462,0.294317,-0.043669,9.906285
1755406305464,0.284746,-0.036491,9.9015
1755406305467,0.275175,0.00658,9.820144
1755406305469,0.320638,-0.017348,9.836894
1755406305472,0.284746,-0.017348,9.868001
1755406305474,0.282353,-0.010169,9.889536
1755406305476,0.253639,-0.017348,9.889536
1755406305479,0.265603,-0.002991,9.851251
1755406305481,0.270389,-0.005384,9.865608
1755406305484,0.284746,-0.019741,9.903893
1755406305486,0.258425,-0.019741,9.846465
1755406305488,0.251246,-0.014955,9.860822
1755406305491,0.272782,-0.010169,9.879965
1755406305493,0.284746,-0.024526,9.891929
1755406305496,0.287139,-0.036491,9.872787
1755406305497,0.284746,-0.034098,9.913465
1755406305500,0.284746,-0.005384,9.865608
1755406305504,0.306281,-0.031705,9.879965
1755406305506,0.291924,-0.029312,9.865608
1755406305507,0.284746,-0.005384,9.870394
1755406305510,0.27996,-0.029312,9.88475
1755406305513,0.282353,-0.010169,9.863214
1755406305515,0.267996,-0.012562,9.879965
1755406305517,0.294317,-0.005384,9.875179
1755406305520,0.284746,-0.007777,9.91825
1755406305522,0.303888,-0.007777,9.877572
1755406305524,0.306281,-0.024526,9.879965
1755406305527,0.27996,-0.024526,9.887143
1755406305529,0.29671,-0.031705,9.875179
1755406305531,0.275175,-0.038883,9.896714
1755406305534,0.301496,-0.022134,9.891929
1755406305536,0.323031,-0.031705,9.894321
1755406305539,0.303888,-0.005384,9.894321
1755406305541,0.275175,-0.026919,9.879965
1755406305543,0.299103,-0.038883,9.865608
1755406305546,0.289532,-0.041276,9.877572
1755406305548,0.284746,-0.014955,9.853643
1755406305551,0.270389,-0.024526,9.875179
1755406305553,0.282353,-0.014955,9.906285
1755406305555,0.301496,-0.019741,9.863214
1755406305557,0.275175,-0.012562,9.889536
1755406305560,0.277567,-0.026919,9.875179
1755406305562,0.308674,-0.026919,9.903893
1755406305565,0.339781,-0.038883,9.870394
1755406305568,0.299103,-0.031705,9.887143
1755406305572,0.308674,-0.017348,9.879965
1755406305574,0.303888,-0.036491,9.908679
1755406305576,0.270389,-0.022134,9.860822
1755406305577,0.31346,-0.036491,9.9015
1755406305579,0.289532,-0.024526,9.903893
1755406305581,0.299103,0.008973,9.889536
1755406305584,0.272782,-0.002991,9.889536
1755406305587,0.303888,-0.010169,9.868001
1755406305589,0.289532,-0.017348,9.860822
1755406305591,0.289532,-0.017348,9.865608
1755406305594,0.291924,-0.026919,9.863214
1755406305596,0.263211,-0.031705,9.851251
1755406305598,0.258425,-0.024526,9.836894
1755406305602,0.277567,-0.014955,9.88475
1755406305604,0.289532,-0.029312,9.872787
1755406305605,0.277567,-0.002991,9.870394
1755406305608,0.301496,-0.017348,9.858429
1755406305610,0.27996,-0.046062,9.877572
1755406305613,0.291924,-0.007777,9.894321
1755406305615,0.284746,-0.022134,9.879965
1755406305617,0.294317,-0.026919,9.875179
1755406305620,0.27996,-0.007777,9.872787
1755406305624,0.299103,-0.026919,9.9015
1755406305625,0.265603,-0.014955,9.882358
1755406305627,0.275175,-0.007777,9.870394
1755406305630,0.291924,-0.017348,9.858429
1755406305632,0.31346,-0.000598,9.879965
1755406305634,0.311067,-0.024526,9.877572
1755406305637,0.291924,-0.022134,9.872787
1755406305639,0.306281,-0.022134,9.88475
1755406305641,0.284746,-0.012562,9.846465
1755406305644,0.294317,-0.046062,9.879965
1755406305646,0.291924,-0.005384,9.875179
1755406305648,0.282353,0.025723,9.879965
1755406305651,0.277567,0.001795,9.860822
1755406305654,0.284746,0.008973,9.889536
1755406305656,0.311067,-0.024526,9.889536
1755406305658,0.27996,-0.031705,9.872787
1755406305661,0.325424,-0.031705,9.872787
1755406305663,0.263211,-0.05324,9.875179
1755406305665,0.256032,-0.007777,9.865608
1755406305668,0.289532,-0.007777,9.875179
1755406305671,0.287139,-0.000598,9.882358
1755406305672,0.289532,-0.029312,9.865608
1755406305675,0.275175,-0.014955,9.88475
1755406305678,0.303888,-0.024526,9.870394
1755406305680,0.284746,-0.048455,9.889536
1755406305682,0.308674,-0.031705,9.877572
1755406305684,0.299103,-0.005384,9.868001
1755406305687,0.287139,-0.007777,9.872787
1755406305689,0.306281,-0.019741,9.875179
1755406305692,0.299103,-0.031705,9.879965
1755406305695,0.27996,-0.012562,9.858429
1755406305697,0.265603,-0.036491,9.88475
1755406305699,0.277567,-0.022134,9.882358
1755406305701,0.253639,-0.024526,9.894321
1755406305704,0.284746,-0.014955,9.879965
1755406305706,0.294317,0.001795,9.911072
1755406305708,0.251246,-0.026919,9.877572
1755406305711,0.248854,-0.026919,9.903893
1755406305714,0.27996,-0.010169,9.879965
1755406305716,0.267996,-0.029312,9.903893
1755406305718,0.270389,0.00658,9.863214
1755406305721,0.29671,-0.017348,9.908679
1755406305724,0.275175,-0.002991,9.91825
1755406305725,0.260818,-0.010169,9.875179
1755406305728,0.27996,-0.041276,9.836894
1755406305731,0.299103,-0.026919,9.860822
1755406305732,0.299103,-0.022134,9.908679
1755406305735,0.299103,0.011366,9.894321
1755406305737,0.318245,0.013759,9.875179
1755406305741,0.291924,0.00658,9.868001
1755406305742,0.303888,-0.022134,9.865608
1755406305744,0.306281,-0.048455,9.860822
1755406305747,0.284746,-0.05324,9.851251
1755406305749,0.294317,-0.031705,9.879965
1755406305751,0.303888,0.001795,9.856036
1755406305755,0.253639,-0.017348,9.879965
1755406305757,0.260818,-0.038883,9.856036
1755406305759,0.251246,-0.043669,9.836894
1755406305761,0.265603,-0.043669,9.891929
1755406305764,0.260818,-0.022134,9.889536
1755406305766,0.277567,-0.005384,9.863214
1755406305768,0.267996,-0.019741,9.889536
1755406305771,0.31346,-0.031705,9.875179
1755406305774,0.282353,-0.029312,9.856036
1755406305775,0.277567,-0.036491,9.896714
1755406305778,0.294317,0.02333,9.863214
1755406305781,0.287139,0.013759,9.930214
1755406305783,0.277567,-0.000598,9.844072
1755406305785,0.284746,-0.081954,9.801002
1755406305787,0.256032,-0.024526,9.915857
1755406305790,0.351745,-0.005384,9.863214
1755406305792,0.258425,-0.024526,9.896714
1755406305795,0.284746,-0.014955,9.930214
1755406305799,0.284746,0.011366,9.848858
1755406305800,0.27996,-0.043669,9.887143
1755406305802,0.287139,-0.036491,9.868001
1755406305804,0.327817,-0.017348,9.879965
1755406305807,0.248854,-0.002991,9.865608
1755406305809,0.303888,0.001795,9.891929
1755406305812,0.291924,-0.022134,9.865608
1755406305814,0.287139,-0.010169,9.889536
1755406305816,0.303888,-0.000598,9.879965
1755406305818,0.294317,-0.010169,9.872787
1755406305821,0.29671,-0.000598,9.844072
1755406305823,0.246461,0.016152,9.88475
1755406305826,0.289532,-0.026919,9.860822
1755406305829,0.323031,-0.034098,9.879965
1755406305831,0.299103,-0.012562,9.891929
1755406305833,0.299103,-0.024526,9.870394
1755406305835,0.277567,-0.031705,9.851251
1755406305838,0.311067,-0.029312,9.868001
1755406305840,0.270389,0.001795,9.872787
1755406305844,0.265603,-0.026919,9.865608
1755406305846,0.29671,-0.000598,9.882358
1755406305847,0.282353,-0.007777,9.860822
1755406305850,0.299103,-0.026919,9.911072
1755406305852,0.27996,0.008973,9.872787
1755406305854,0.303888,-0.014955,9.879965
1755406305857,0.272782,-0.034098,9.882358
1755406305859,0.294317,-0.005384,9.875179
1755406305862,0.299103,-0.005384,9.88475
1755406305864,0.294317,0.001795,9.870394
1755406305866,0.270389,-0.048455,9.868001
1755406305869,0.272782,-0.041276,9.882358
1755406305871,0.277567,-0.022134,9.88475
1755406305874,0.282353,-0.000598,9.882358
1755406305876,0.311067,-0.031705,9.896714
1755406305879,0.284746,-0.017348,9.865608
1755406305881,0.299103,-0.014955,9.891929
1755406305883,0.299103,-0.022134,9.872787
1755406305886,0.267996,-0.014955,9.872787
1755406305888,0.263211,-0.019741,9.899107
1755406305891,0.27996,0.008973,9.906285
1755406305893,0.277567,-0.010169,9.891929
1755406305895,0.299103,-0.026919,9.860822
1755406305898,0.260818,-0.029312,9.908679
1755406305900,0.253639,-0.026919,9.784252
1755406305902,0.256032,-0.014955,9.848858
1755406305905,0.265603,-0.017348,9.822537
1755406305908,0.351745,-0.06999,10.007083
1755406305910,0.320638,-0.010169,9.899107
1755406305912,0.277567,-0.005384,9.882358
1755406305915,0.29671,0.004187,9.848858
1755406305917,0.284746,0.004187,9.903893
1755406305920,0.334995,-0.005384,9.882358
1755406305922,0.248854,-0.022134,9.908679
1755406305925,0.308674,-0.026919,9.839287
1755406305927,0.275175,-0.034098,9.872787
1755406305929,0.267996,-0.060419,9.896714
1755406305931,0.289532,0.018544,9.932607
1755406305934,0.284746,-0.014955,9.879965
1755406305936,0.311067,-0.038883,9.865608
1755406305938,0.318245,-0.036491,9.872787
1755406305942,0.277567,0.011366,9.856036
1755406305945,0.267996,-0.019741,9.88475
1755406305947,0.275175,-0.034098,9.836894
1755406305948,0.263211,-0.06999,9.915857
1755406305951,0.299103,0.001795,9.934999
1755406305953,0.263211,0.075972,9.971191
1755406305955,0.282353,-0.017348,9.652647
1755406305959,0.205783,-0.108275,9.934999
1755406305963,0.339781,-0.014955,9.777073
1755406305964,0.179163,0.018544,10.03819
1755406305965,0.382852,0.080758,9.767502
1755406305967,0.208176,-0.074776,10.167402
1755406305970,0.325424,-0.002991,9.559326
1755406305972,0.222533,-0.048455,10.074082
1755406305974,0.337388,0.037687,9.836894
1755406305977,0.217747,0.028116,9.851251
1755406305979,0.342174,0.013759,9.858429
1755406305982,0.263211,-0.132203,9.894321
1755406305984,0.320638,-0.046062,9.80818
1755406305986,0.289532,-0.007777,9.88475
1755406305988,0.277567,0.011366,9.954441
1755406305991,0.272782,-0.058026,9.856036
1755406305993,0.267996,-0.043669,9.877572
1755406305996,0.311067,-0.024526,9.853643
1755406305999,0.267996,-0.012562,9.939785
1755406306001,0.31346,-0.060419,9.836894
1755406306003,0.270389,-0.017348,9.906285
1755406306005,0.327817,0.016152,9.882358
1755406306008,0.248854,0.013759,9.947263
1755406306011,0.308674,-0.019741,9.812965
1755406306013,0.265603,-0.034098,9.875179
1755406306015,0.275175,-0.000598,9.822537
1755406306018,0.241675,0.037687,9.915857
1755406306020,0.289532,-0.022134,9.853643
1755406306022,0.263211,-0.024526,9.872787
1755406306025,0.320638,-0.024526,9.889536
1755406306027,0.291924,-0.002991,9.877572
1755406306029,0.284746,-0.058026,9.879965
1755406306032,0.260818,-0.050847,9.84168
1755406306034,0.27996,0.001795,9.899107
1755406306037,0.270389,0.001795,9.84168
1755406306039,0.282353,-0.062812,9.896714
1755406306042,0.291924,-0.026919,9.810573
1755406306045,0.303888,-0.024526,9.913465
1755406306048,0.284746,0.001795,9.829716
1755406306049,0.289532,-0.079561,9.927821
1755406306051,0.311067,-0.010169,9.79143
1755406306054,0.253639,0.016152,9.956834
1755406306056,0.284746,0.011366,9.810573
1755406306058,0.277567,-0.072383,9.97837
1755406306061,0.31346,-0.002991,9.801002
1755406306063,0.277567,0.018544,9.975977
1755406306065,0.29671,-0.026919,9.736395
1755406306068,0.251246,-0.041276,9.990334
1755406306070,0.29671,0.037687,9.798609
1755406306073,0.275175,-0.012562,9.937392
1755406306075,0.299103,-0.010169,9.844072
1755406306078,0.306281,-0.007777,9.944571
1755406306080,0.289532,-0.010169,9.817751
1755406306083,0.239282,-0.038883,9.913465
1755406306085,0.299103,0.013759,9.865608
1755406306087,0.263211,0.011366,9.882358
1755406306090,0.232104,-0.022134,9.853643
1755406306092,0.301496,-0.031705,9.925428
1755406306095,0.301496,-0.019741,9.899107
1755406306097,0.258425,-0.022134,9.870394
1755406306099,0.265603,-0.034098,9.719646
1755406306101,0.308674,-0.041276,9.97837
1755406306103,0.282353,-0.017348,9.992726
1755406306106,0.33021,0.013759,10.083653
1755406306108,0.332602,-0.048455,9.97837
1755406306111,0.267996,-0.038883,9.879965
1755406306114,0.215354,-0.007777,9.767502
1755406306116,0.301496,-0.046062,9.927821
1755406306118,0.342174,-0.010169,10.078868
1755406306120,0.198604,0.090329,9.939785
1755406306123,0.253639,0.028116,9.879965
1755406306125,0.253639,-0.031705,9.698111
1755406306128,0.368495,-0.026919,9.968799
1755406306131,0.306281,-0.041276,10.021441
1755406306133,0.251246,0.013759,9.820144
1755406306135,0.263211,0.004187,9.860822
1755406306137,0.246461,-0.031705,9.722038
1755406306139,0.27996,-0.041276,9.870394
1755406306143,0.301496,-0.024526,9.882358
1755406306144,0.232104,-0.010169,9.772287
1755406306147,0.308674,-0.036491,9.903893
1755406306150,0.320638,-0.014955,9.868001
1755406306151,0.260818,0.008973,9.851251
1755406306154,0.277567,0.004187,9.844072
1755406306156,0.289532,-0.026919,9.851251
1755406306159,0.299103,-0.038883,9.925428
1755406306161,0.270389,0.004187,9.815358
1755406306164,0.265603,-0.014955,9.942178
1755406306167,0.301496,-0.026919,9.872787
1755406306168,0.282353,0.004187,9.872787
1755406306171,0.315853,-0.034098,9.908679
1755406306173,0.33021,-0.005384,9.9015
1755406306176,0.287139,0.011366,9.851251
1755406306178,0.301496,-0.022134,9.889536
1755406306180,0.263211,-0.000598,9.875179
1755406306183,0.29671,-0.031705,9.903893
1755406306185,0.303888,-0.022134,9.848858
1755406306187,0.275175,-0.007777,9.906285
1755406306190,0.282353,-0.046062,9.879965
1755406306192,0.315853,-0.007777,9.868001
1755406306195,0.256032,-0.012562,9.846465
1755406306197,0.308674,-0.012562,9.889536
1755406306200,0.315853,0.00658,9.911072
1755406306203,0.291924,-0.005384,9.894321
1755406306205,0.299103,-0.019741,9.899107
1755406306207,0.287139,-0.005384,9.870394
1755406306209,0.318245,0.004187,9.844072
1755406306211,0.265603,-0.041276,9.932607
1755406306215,0.323031,-0.002991,9.882358
1755406306217,0.270389,0.025723,9.937392
1755406306219,0.270389,-0.007777,9.726824
1755406306221,0.334995,-0.093918,9.906285
1755406306223,0.31346,0.025723,10.021441
1755406306226,0.303888,0.037687,9.80818
1755406306228,0.27996,-0.036491,9.915857
1755406306231,0.327817,-0.041276,9.839287
1755406306233,0.284746,-0.10349,9.738789
1755406306236,0.234497,-0.029312,10.031012
1755406306238,0.363709,0.035294,9.836894
1755406306240,0.246461,-0.007777,10.00469
1755406306243,0.327817,-0.022134,9.839287
1755406306245,0.323031,-0.031705,9.911072
1755406306248,0.299103,-0.017348,9.868001
1755406306252,0.260818,-0.005384,9.896714
1755406306253,0.308674,-0.031705,9.80818
1755406306255,0.232104,-0.046062,9.999905
1755406306257,0.308674,0.02333,9.815358
1755406306259,0.270389,-0.014955,9.947263
1755406306262,0.282353,0.001795,9.781859
1755406306266,0.253639,-0.005384,9.844072
1755406306269,0.277567,-0.019741,9.84168
1755406306270,0.349352,-0.022134,9.875179
1755406306271,0.327817,-0.029312,9.980762
1755406306274,0.344566,-0.048455,10.021441
1755406306276,0.191127,0.008973,9.717253
1755406306278,0.306281,0.004187,9.891929
1755406306282,0.167198,-0.002991,9.705289
1755406306285,0.344566,-0.007777,9.925428
1755406306287,0.272782,-0.038883,9.942178
1755406306288,0.311067,-0.005384,9.894321
1755406306291,0.210568,0.037687,9.860822
1755406306293,0.29671,-0.019741,9.789038
1755406306295,0.323031,-0.012562,9.975977
1755406306298,0.31346,-0.041276,9.832108
1755406306301,0.344566,-0.038883,10.014262
1755406306303,0.354138,-0.017348,9.985548
1755406306305,0.332602,-0.022134,9.949656
1755406306307,0.382852,-0.041276,10.040583
1755406306310,0.318245,-0.019741,9.954441
1755406306312,0.188734,-0.026919,9.446864
1755406306315,0.174377,0.052044,9.712467
1755406306318,0.320638,-0.024526,9.964012
1755406306321,0.270389,-0.031705,9.899107
1755406306322,0.315853,-0.067597,9.829716
1755406306324,0.337388,-0.072383,9.889536
1755406306327,0.303888,-0.010169,10.021441
1755406306329,0.349352,-0.026919,9.985548
1755406306331,0.260818,-0.029312,9.848858
1755406306334,0.358923,-0.017348,10.014262
1755406306336,0.392423,-0.105882,9.947263
1755406306339,0.356531,-0.029312,9.992726
1755406306341,0.375673,-0.026919,10.047761
1755406306344,0.148056,0.047258,9.698111
1755406306346,0.183948,0.032901,9.822537
1755406306348,0.224925,0.00658,9.793823
1755406306351,0.315853,-0.067597,9.820144
1755406306353,0.258425,-0.010169,9.865608
1755406306355,0.232104,0.016152,9.753145
1755406306358,0.267996,-0.026919,9.755538
1755406306360,0.289532,-0.031705,9.91825
1755406306363,0.287139,0.00658,9.915857
1755406306365,0.311067,0.004187,9.949656
1755406306368,0.356531,-0.072383,9.91825
1755406306370,0.349352,-0.05324,9.865608
1755406306372,0.320638,-0.024526,9.920643
1755406306374,0.323031,-0.024526,9.870394
1755406306377,0.325424,-0.002991,9.88475
1755406306379,0.287139,-0.029312,9.872787
1755406306382,0.272782,-0.038883,9.875179
1755406306385,0.265603,-0.010169,9.954441
1755406306388,0.239282,-0.014955,9.913465
1755406306389,0.272782,0.001795,9.832108
1755406306391,0.284746,-0.10349,9.810573
1755406306394,0.294317,-0.036491,9.971191
1755406306396,0.337388,0.001795,9.822537
1755406306399,0.164806,-0.017348,9.968799
1755406306401,0.382852,0.02333,9.705289
1755406306404,0.200997,-0.043669,10.007083
1755406306405,0.289532,0.00658,9.705289
1755406306409,0.277567,-0.034098,9.959227
1755406306410,0.289532,0.00658,9.834501
1755406306413,0.29671,-0.043669,9.877572
1755406306415,0.253639,-0.019741,9.932607
1755406306418,0.332602,-0.026919,9.79143
1755406306420,0.224925,-0.05324,10.040583
1755406306422,0.308674,-0.062812,9.674182
1755406306425,0.232104,0.001795,10.023833
1755406306427,0.318245,-0.000598,9.683753
1755406306429,0.222533,-0.065204,10.081261
1755406306432,0.358923,0.011366,9.633504
1755406306435,0.234497,-0.002991,10.033404
1755406306438,0.354138,-0.041276,9.729217
1755406306440,0.222533,-0.058026,10.059726
1755406306442,0.366102,-0.017348,9.662218
1755406306444,0.19352,0.001795,10.016655
1755406306447,0.368495,-0.014955,9.712467
1755406306449,0.232104,-0.048455,10.059726
1755406306452,0.363709,-0.019741,9.712467
1755406306456,0.224925,0.008973,9.999905
1755406306457,0.354138,-0.005384,9.777073
1755406306458,0.22014,-0.05324,10.019048
1755406306461,0.337388,-0.031705,9.734002
1755406306463,0.224925,0.02333,9.992726
1755406306465,0.344566,-0.036491,9.729217
1755406306468,0.210568,-0.074776,10.033404
1755406306471,0.351745,-0.012562,9.762716
1755406306473,0.232104,0.011366,9.971191
1755406306475,0.380459,-0.010169,9.743574
1755406306477,0.239282,-0.038883,9.966406
1755406306480,0.392423,0.008973,9.803394
1755406306482,0.212961,0.020937,9.925428
1755406306485,0.358923,-0.019741,9.798609
1755406306488,0.227318,-0.06999,10.05494
1755406306491,0.337388,-0.002991,9.805787
1755406306493,0.232104,0.016152,9.911072
1755406306494,0.349352,-0.000598,9.753145
1755406306497,0.208176,-0.077169,10.069297
1755406306499,0.37328,-0.046062,9.858429
1755406306503,0.234497,-0.007777,9.9015
1755406306505,0.368495,-0.034098,9.74836
1755406306506,0.212961,-0.050847,10.028619
1755406306509,0.346959,-0.014955,9.815358
1755406306511,0.224925,-0.000598,9.815358
1755406306513,0.320638,-0.019741,9.781859
1755406306516,0.253639,-0.06999,10.081261
1755406306520,0.323031,-0.000598,9.700503
1755406306521,0.217747,0.008973,9.913465
1755406306523,0.342174,-0.026919,9.889536
1755406306525,0.222533,-0.034098,9.932607
1755406306528,0.282353,-0.014955,9.755538
1755406306531,0.258425,-0.000598,10.03819
1755406306532,0.308674,-0.046062,9.767502
1755406306535,0.258425,-0.007777,9.959227
1755406306538,0.308674,0.00658,9.793823
1755406306540,0.248854,-0.031705,9.927821
1755406306543,0.29671,-0.065204,9.856036
1755406306544,0.284746,-0.000598,9.868001
1755406306547,0.272782,-0.038883,10.031012
1755406306549,0.272782,-0.017348,9.638289
1755406306552,0.29671,-0.029312,10.047761
1755406306555,0.31346,0.018544,9.736395
1755406306557,0.256032,-0.043669,9.877572
1755406306559,0.320638,-0.019741,9.889536
1755406306561,0.267996,-0.024526,9.980762
1755406306564,0.294317,-0.019741,9.729217
1755406306566,0.267996,-0.036491,9.879965
1755406306569,0.308674,-0.024526,9.906285
1755406306571,0.265603,-0.010169,9.961619
1755406306574,0.315853,-0.031705,9.820144
1755406306576,0.289532,-0.036491,9.920643
1755406306579,0.277567,-0.005384,9.911072
1755406306580,0.256032,-0.007777,9.803394
1755406306583,0.277567,-0.031705,9.961619
1755406306585,0.308674,0.013759,9.805787
1755406306588,0.251246,-0.043669,9.868001
1755406306591,0.320638,-0.014955,9.82493
1755406306593,0.308674,-0.050847,9.896714
1755406306595,0.272782,-0.041276,9.882358
1755406306597,0.27996,-0.007777,9.889536
1755406306600,0.265603,-0.007777,9.971191
1755406306602,0.294317,-0.019741,9.789038
1755406306605,0.282353,-0.034098,9.920643
1755406306609,0.282353,0.011366,9.865608
1755406306610,0.270389,-0.029312,9.863214
1755406306612,0.277567,0.020937,9.903893
1755406306614,0.308674,-0.031705,9.801002
1755406306616,0.232104,-0.029312,9.944571
1755406306619,0.334995,-0.014955,9.836894
1755406306623,0.284746,-0.012562,9.868001
1755406306626,0.284746,0.001795,9.968799
1755406306627,0.287139,-0.010169,9.755538
1755406306629,0.258425,-0.065204,9.956834
1755406306631,0.29671,-0.017348,9.839287
1755406306633,0.277567,-0.019741,9.891929
1755406306636,0.241675,-0.005384,9.913465
1755406306639,0.315853,-0.017348,9.856036
1755406306641,0.291924,-0.026919,9.903893
1755406306643,0.301496,-0.026919,9.803394
1755406306646,0.306281,-0.031705,9.956834
1755406306648,0.323031,0.00658,9.815358
1755406306650,0.27996,-0.041276,9.954441
1755406306653,0.320638,-0.002991,9.836894
1755406306657,0.31346,-0.022134,9.865608
1755406306658,0.287139,-0.010169,9.995119
1755406306660,0.332602,0.004187,9.757931
1755406306662,0.267996,-0.043669,10.019048
1755406306664,0.301496,0.001795,9.803394
1755406306667,0.258425,-0.017348,9.879965
1755406306669,0.287139,-0.029312,9.88475
1755406306673,0.320638,0.00658,9.88475
1755406306675,0.27996,0.004187,9.889536
1755406306677,0.251246,-0.002991,9.887143
1755406306679,0.301496,-0.017348,9.877572
1755406306682,0.253639,-0.034098,9.903893
1755406306684,0.311067,0.013759,9.846465
1755406306687,0.275175,-0.043669,9.913465
1755406306690,0.275175,-0.041276,9.870394
1755406306691,0.29671,-0.005384,9.879965
1755406306695,0.277567,0.028116,9.875179
1755406306696,0.265603,-0.014955,9.868001
1755406306698,0.260818,-0.029312,9.923036
1755406306700,0.303888,-0.012562,9.846465
1755406306703,0.260818,-0.007777,9.899107
1755406306705,0.284746,-0.024526,9.882358
1755406306710,0.289532,-0.002991,9.88475
1755406306711,0.267996,-0.010169,9.903893
1755406306713,0.31346,-0.002991,9.913465
1755406306715,0.27996,-0.022134,9.915857
1755406306717,0.270389,-0.034098,9.856036
1755406306720,0.272782,-0.026919,9.834501
1755406306722,0.263211,-0.041276,9.887143
1755406306725,0.272782,-0.029312,9.875179
1755406306727,0.27996,-0.010169,9.911072
1755406306729,0.291924,-0.029312,9.872787
1755406306732,0.275175,-0.007777,9.88475
1755406306735,0.301496,-0.036491,9.868001
1755406306736,0.275175,-0.024526,9.896714
1755406306739,0.284746,-0.034098,9.846465
1755406306742,0.291924,-0.005384,9.891929
1755406306744,0.306281,-0.029312,9.877572
1755406306746,0.311067,-0.007777,9.875179
1755406306748,0.27996,-0.002991,9.88475
1755406306751,0.294317,-0.019741,9.88475
1755406306753,0.291924,-0.014955,9.875179
1755406306755,0.311067,0.004187,9.875179
1755406306759,0.287139,-0.034098,9.9015
1755406306761,0.267996,-0.031705,9.891929
1755406306763,0.311067,-0.043669,9.891929
1755406306765,0.289532,-0.036491,9.865608
1755406306767,0.291924,-0.010169,9.891929
1755406306770,0.29671,-0.022134,9.860822
1755406306772,0.272782,-0.031705,9.887143
1755406306777,0.287139,-0.031705,9.853643
1755406306778,0.320638,-0.017348,9.887143
1755406306780,0.308674,-0.024526,9.882358
1755406306782,0.287139,-0.031705,9.875179
1755406306784,0.256032,-0.024526,9.88475
1755406306787,0.270389,-0.022134,9.839287
1755406306789,0.239282,-0.031705,9.887143
1755406306793,0.277567,-0.036491,9.868001
1755406306794,0.306281,-0.024526,9.877572
1755406306797,0.287139,-0.038883,9.88475
1755406306799,0.327817,-0.019741,9.872787
1755406306801,0.29671,-0.007777,9.88475
1755406306804,0.294317,0.00658,9.870394
1755406306806,0.275175,0.004187,9.889536
1755406306810,0.258425,-0.012562,9.875179
1755406306812,0.303888,-0.024526,9.872787
1755406306814,0.327817,-0.012562,9.863214
1755406306816,0.289532,0.008973,9.870394
1755406306818,0.306281,-0.000598,9.889536
1755406306820,0.287139,-0.043669,9.879965
1755406306823,0.260818,-0.043669,9.891929
1755406306827,0.275175,-0.026919,9.887143
1755406306828,0.267996,-0.046062,9.913465
1755406306830,0.287139,-0.041276,9.891929
1755406306832,0.31346,0.004187,9.891929
1755406306834,0.315853,-0.005384,9.860822
1755406306837,0.289532,-0.019741,9.913465
1755406306839,0.277567,-0.024526,9.860822
1755406306844,0.270389,-0.014955,9.877572
1755406306845,0.263211,-0.029312,9.879965
1755406306847,0.253639,-0.034098,9.879965
1755406306849,0.287139,0.008973,9.868001
1755406306851,0.299103,0.018544,9.877572
1755406306854,0.287139,-0.000598,9.872787
1755406306857,0.284746,-0.019741,9.877572
1755406306859,0.291924,-0.036491,9.872787
1755406306862,0.258425,-0.005384,9.894321
1755406306864,0.306281,-0.024526,9.891929
1755406306866,0.291924,-0.038883,9.879965
1755406306868,0.270389,-0.034098,9.875179
1755406306871,0.246461,-0.014955,9.860822
1755406306873,0.258425,-0.017348,9.887143
1755406306875,0.284746,0.02333,9.877572
1755406306878,0.277567,-0.002991,9.877572
1755406306880,0.282353,0.001795,9.875179
1755406306882,0.308674,-0.012562,9.887143
1755406306885,0.267996,-0.010169,9.882358
1755406306887,0.294317,-0.000598,9.875179
1755406306890,0.29671,-0.026919,9.863214
1755406306892,0.287139,-0.036491,9.889536
1755406306895,0.311067,0.001795,9.889536
1755406306900,0.282353,-0.019741,9.88475
1755406306901,0.289532,-0.019741,9.868001
1755406306902,0.299103,-0.022134,9.894321
1755406306904,0.277567,-0.000598,9.877572
1755406306906,0.272782,-0.005384,9.877572
1755406306909,0.277567,-0.022134,9.882358
1755406306912,0.318245,-0.036491,9.877572
1755406306914,0.27996,-0.010169,9.863214
1755406306917,0.253639,-0.026919,9.879965
1755406306919,0.27996,-0.026919,9.879965
1755406306922,0.289532,-0.024526,9.887143
1755406306923,0.284746,0.001795,9.858429
1755406306926,0.263211,-0.002991,9.877572
1755406306930,0.277567,-0.026919,9.889536
1755406306933,0.308674,-0.031705,9.891929
1755406306934,0.289532,-0.022134,9.915857
1755406306935,0.291924,-0.034098,9.868001
1755406306939,0.315853,-0.046062,9.872787
1755406306940,0.256032,-0.041276,9.856036
1755406306944,0.29671,-0.046062,9.856036
1755406306948,0.294317,-0.024526,9.872787
1755406306949,0.267996,-0.036491,9.870394
1755406306950,0.294317,-0.019741,9.860822
1755406306952,0.287139,0.001795,9.896714
1755406306955,0.299103,-0.036491,9.911072
1755406306957,0.272782,-0.022134,9.889536
1755406306959,0.284746,-0.010169,9.903893
1755406306961,0.265603,-0.007777,9.875179
1755406306965,0.284746,-0.017348,9.877572
1755406306967,0.27996,0.018544,9.887143
1755406306969,0.263211,-0.017348,9.882358
1755406306971,0.311067,-0.026919,9.889536
1755406306974,0.287139,-0.041276,9.88475
1755406306976,0.299103,-0.017348,9.868001
1755406306979,0.294317,-0.007777,9.872787
1755406306981,0.291924,-0.050847,9.889536
1755406306983,0.277567,-0.007777,9.865608
1755406306986,0.275175,-0.007777,9.868001
1755406306988,0.287139,-0.041276,9.88475
1755406306991,0.299103,-0.000598,9.882358
1755406306993,0.270389,-0.019741,9.875179
1755406306996,0.299103,-0.012562,9.877572
1755406306999,0.294317,-0.010169,9.894321
1755406307001,0.29671,-0.026919,9.887143
1755406307002,0.311067,-0.041276,9.868001
1755406307005,0.301496,-0.036491,9.868001
1755406307007,0.291924,-0.029312,9.868001
1755406307010,0.308674,-0.017348,9.88475
1755406307013,0.311067,-0.043669,9.899107
1755406307015,0.294317,-0.029312,9.872787
1755406307017,0.318245,-0.002991,9.868001
1755406307020,0.270389,0.00658,9.877572
1755406307022,0.29671,-0.036491,9.870394
1755406307024,0.287139,-0.038883,9.865608
1755406307027,0.299103,-0.036491,9.911072
1755406307029,0.311067,-0.024526,9.88475
1755406307031,0.284746,-0.002991,9.858429
1755406307034,0.263211,0.013759,9.877572
1755406307036,0.263211,-0.002991,9.891929
1755406307039,0.27996,-0.017348,9.860822
1755406307041,0.270389,-0.017348,9.863214
1755406307043,0.270389,-0.017348,9.877572
1755406307046,0.301496,-0.014955,9.863214
1755406307049,0.311067,-0.002991,9.860822
1755406307052,0.294317,-0.036491,9.882358
1755406307053,0.303888,-0.029312,9.891929
1755406307055,0.277567,-0.026919,9.879965
1755406307058,0.306281,-0.012562,9.887143
1755406307060,0.275175,-0.024526,9.894321
1755406307062,0.270389,-0.024526,9.891929
1755406307065,0.244068,-0.017348,9.860822
1755406307067,0.29671,-0.007777,9.872787
1755406307069,0.287139,-0.022134,9.875179
1755406307072,0.27996,-0.031705,9.889536
1755406307074,0.287139,-0.031705,9.894321
1755406307076,0.291924,-0.005384,9.879965
1755406307079,0.265603,-0.048455,9.875179
1755406307082,0.272782,-0.031705,9.88475
1755406307084,0.287139,-0.031705,9.9015
1755406307086,0.294317,-0.043669,9.894321
1755406307089,0.284746,-0.002991,9.875179
1755406307091,0.256032,-0.014955,9.894321
1755406307093,0.29671,0.008973,9.88475
1755406307096,0.308674,-0.031705,9.877572
1755406307099,0.289532,-0.024526,9.856036
1755406307101,0.294317,-0.007777,9.868001
1755406307103,0.299103,-0.029312,9.894321
1755406307105,0.311067,-0.029312,9.856036
1755406307108,0.277567,-0.058026,9.875179
1755406307110,0.270389,-0.014955,9.870394
1755406307113,0.301496,-0.012562,9.865608
1755406307116,0.260818,-0.043669,9.856036
1755406307118,0.308674,-0.046062,9.913465
1755406307120,0.29671,-0.017348,9.889536
1755406307123,0.315853,-0.024526,9.887143
1755406307125,0.289532,0.013759,9.870394
1755406307127,0.275175,-0.022134,9.875179
1755406307129,0.318245,-0.005384,9.875179
1755406307133,0.303888,-0.010169,9.903893
1755406307134,0.263211,-0.034098,9.891929
1755406307136,0.270389,-0.010169,9.894321
1755406307139,0.287139,-0.022134,9.891929
1755406307143,0.260818,-0.022134,9.870394
1755406307144,0.251246,-0.014955,9.913465
1755406307146,0.289532,-0.012562,9.79143
1755406307150,0.301496,-0.055633,9.887143
1755406307151,0.301496,-0.029312,9.949656
1755406307153,0.332602,0.001795,9.839287
1755406307156,0.253639,-0.029312,9.844072
1755406307158,0.306281,-0.002991,9.952048
1755406307160,0.325424,-0.005384,9.760324
1755406307163,0.222533,-0.038883,10.066904
1755406307167,0.306281,0.018544,9.801002
1755406307169,0.248854,-0.012562,9.877572
1755406307170,0.270389,-0.029312,9.870394
1755406307173,0.275175,-0.012562,9.923036
1755406307175,0.275175,0.008973,9.848858
1755406307177,0.265603,0.013759,9.829716
1755406307180,0.334995,-0.089133,9.949656
1755406307183,0.289532,0.00658,9.9015
1755406307185,0.323031,0.001795,9.856036
1755406307187,0.244068,-0.048455,9.836894
1755406307190,0.33021,-0.055633,9.983155
1755406307192,0.272782,0.044865,9.822537
1755406307194,0.248854,0.008973,9.927821
1755406307197,0.325424,-0.034098,9.82493
1755406307200,0.325424,-0.026919,9.987941
1755406307201,0.275175,0.016152,9.738789
1755406307204,0.251246,-0.055633,9.971191
1755406307207,0.361316,-0.024526,9.865608
1755406307208,0.294317,0.004187,9.920643
1755406307211,0.258425,-0.046062,9.860822
1755406307213,0.291924,0.004187,9.927821
1755406307215,0.306281,0.011366,9.925428
1755406307218,0.236889,0.011366,9.887143
1755406307221,0.31346,-0.029312,9.896714
1755406307223,0.251246,-0.012562,9.906285
1755406307226,0.282353,-0.012562,9.882358
1755406307227,0.270389,0.013759,9.879965
1755406307230,0.282353,-0.026919,9.896714
1755406307232,0.258425,-0.002991,9.853643
1755406307235,0.301496,-0.026919,9.865608
1755406307238,0.265603,-0.014955,9.872787
1755406307240,0.301496,-0.034098,9.88475
1755406307242,0.346959,-0.058026,9.889536
1755406307245,0.275175,-0.010169,9.88475
1755406307247,0.282353,0.013759,9.810573
1755406307249,0.325424,-0.010169,9.822537
1755406307252,0.337388,-0.043669,9.915857
1755406307254,0.327817,-0.019741,9.944571
1755406307256,0.315853,-0.046062,9.911072
1755406307259,0.349352,-0.074776,9.875179
1755406307261,0.265603,-0.026919,9.88475
1755406307264,0.291924,-0.055633,9.903893
1755406307266,0.337388,-0.014955,9.863214
1755406307269,0.284746,0.004187,9.9015
1755406307271,0.291924,-0.017348,9.968799
1755406307273,0.282353,-0.019741,9.848858
1755406307275,0.229711,-0.036491,9.781859
1755406307278,0.263211,0.011366,9.846465
1755406307280,0.275175,0.013759,9.908679
1755406307283,0.323031,-0.034098,9.848858
1755406307286,0.239282,-0.038883,9.887143
1755406307287,0.270389,-0.014955,9.856036
1755406307290,0.29671,-0.019741,9.906285
1755406307292,0.294317,-0.026919,9.820144
1755406307295,0.253639,-0.036491,9.870394
1755406307297,0.337388,-0.046062,9.889536
1755406307300,0.287139,-0.031705,9.966406
1755406307303,0.325424,0.001795,9.793823
1755406307305,0.248854,-0.050847,9.894321
1755406307307,0.31346,-0.010169,9.815358
1755406307309,0.267996,-0.072383,9.930214
1755406307312,0.275175,0.001795,9.789038
1755406307314,0.318245,-0.005384,9.911072
1755406307316,0.241675,0.00658,9.949656
1755406307320,0.320638,-0.031705,9.719646
1755406307322,0.181555,-0.06999,10.040583
1755406307323,0.337388,-0.012562,9.705289
1755406307326,0.241675,0.030508,10.011869
1755406307328,0.351745,0.013759,9.74836
1755406307331,0.282353,-0.026919,10.059726
1755406307333,0.37328,-0.022134,9.676575
1755406307337,0.208176,0.016152,10.03819
1755406307338,0.361316,-0.012562,9.753145
1755406307340,0.191127,-0.026919,10.047761
1755406307343,0.327817,-0.017348,9.753145
1755406307346,0.256032,-0.005384,9.937392
1755406307347,0.318245,-0.072383,9.801002
1755406307350,0.256032,-0.024526,9.990334
1755406307354,0.299103,-0.026919,9.812965
1755406307356,0.241675,-0.002991,9.966406
1755406307358,0.337388,-0.060419,9.793823
1755406307359,0.22014,0.001795,10.00469
1755406307362,0.382852,0.028116,9.789038
1755406307365,0.210568,0.004187,9.937392
1755406307367,0.375673,-0.079561,9.789038
1755406307371,0.229711,-0.012562,9.959227
1755406307372,0.370888,0.001795,9.784252
1755406307374,0.260818,0.001795,9.939785
1755406307376,0.344566,-0.060419,9.853643
1755406307379,0.244068,0.008973,9.934999
1755406307381,0.370888,-0.026919,9.836894
1755406307383,0.248854,-0.050847,9.932607
1755406307387,0.342174,-0.060419,9.868001
1755406307388,0.272782,0.016152,9.920643
1755406307391,0.334995,-0.014955,9.865608
1755406307393,0.270389,-0.029312,9.846465
1755406307395,0.318245,-0.043669,9.915857
1755406307398,0.260818,0.025723,9.812965
1755406307400,0.282353,-0.05324,9.891929
1755406307403,0.256032,-0.065204,9.812965
1755406307405,0.29671,-0.041276,10.007083
1755406307408,0.301496,0.068794,9.762716
1755406307411,0.277567,-0.060419,10.014262
1755406307412,0.303888,-0.012562,9.769895
1755406307415,0.208176,-0.019741,10.045368
1755406307417,0.29671,-0.002991,9.686146
1755406307419,0.251246,-0.067597,9.964012
1755406307422,0.33021,-0.029312,9.743574
1755406307424,0.246461,-0.022134,10.07169
1755406307427,0.337388,0.02333,9.700503
1755406307429,0.241675,-0.072383,10.064511
1755406307431,0.354138,-0.022134,9.707682
1755406307433,0.263211,0.018544,9.985548
1755406307436,0.339781,-0.034098,9.707682
1755406307439,0.275175,-0.031705,10.074082
1755406307441,0.320638,0.00658,9.772287
1755406307443,0.208176,-0.029312,9.865608
1755406307446,0.267996,-0.058026,9.832108
1755406307448,0.27996,0.008973,9.877572
1755406307451,0.263211,-0.024526,9.848858
1755406307453,0.287139,-0.017348,9.846465
1755406307457,0.289532,-0.012562,9.949656
1755406307459,0.29671,0.02333,9.722038
1755406307461,0.232104,-0.05324,10.035797
1755406307462,0.363709,-0.005384,9.834501
1755406307465,0.282353,0.028116,9.844072
1755406307467,0.239282,-0.077169,9.870394
1755406307469,0.31346,0.008973,9.968799
1755406307472,0.303888,0.013759,9.769895
1755406307474,0.210568,-0.050847,9.91825
1755406307477,0.370888,-0.050847,9.899107
1755406307479,0.253639,0.02333,9.817751
1755406307481,0.263211,-0.048455,9.911072
1755406307484,0.29671,-0.002991,9.863214
1755406307487,0.284746,-0.034098,9.999905
1755406307493,0.277567,-0.000598,9.710074
1755406307494,0.256032,-0.062812,10.069297
1755406307495,0.323031,0.05683,9.74836
1755406307496,0.229711,-0.019741,9.954441
1755406307499,0.342174,-0.046062,9.796216
1755406307501,0.29671,-0.000598,10.016655
1755406307503,0.29671,0.00658,9.793823
1755406307506,0.229711,-0.05324,9.896714
1755406307509,0.351745,-0.024526,9.915857
1755406307511,0.284746,0.025723,9.798609
1755406307513,0.272782,-0.067597,9.973584
1755406307515,0.346959,0.004187,9.815358
1755406307517,0.267996,0.001795,9.983155
1755406307520,0.294317,-0.029312,9.762716
1755406307523,0.308674,-0.029312,10.057333
1755406307525,0.334995,0.013759,9.750752
1755406307527,0.227318,-0.046062,9.9015
1755406307529,0.334995,-0.055633,9.858429
1755406307532,0.275175,0.018544,9.944571
1755406307534,0.265603,-0.005384,9.88475
1755406307537,0.282353,-0.048455,9.812965
1755406307540,0.327817,-0.062812,9.894321
1755406307543,0.258425,0.020937,9.851251
1755406307544,0.256032,-0.036491,9.882358
1755406307546,0.299103,-0.019741,9.899107
1755406307549,0.258425,-0.038883,9.934999
1755406307551,0.306281,-0.022134,9.769895
1755406307554,0.277567,-0.024526,10.050154
1755406307556,0.339781,-0.024526,9.707682
1755406307559,0.27996,-0.043669,9.980762
1755406307561,0.306281,-0.017348,9.805787
1755406307563,0.260818,-0.026919,10.019048
1755406307565,0.308674,0.004187,9.836894
1755406307568,0.241675,0.004187,9.815358
1755406307570,0.289532,-0.026919,9.872787
1755406307572,0.294317,0.032901,9.853643
1755406307575,0.272782,-0.019741,9.88475
1755406307577,0.287139,-0.046062,9.844072
1755406307580,0.263211,-0.026919,10.009477
1755406307582,0.287139,-0.000598,9.753145
1755406307584,0.22014,-0.007777,10.033404
1755406307587,0.323031,0.020937,9.77468
1755406307591,0.282353,-0.005384,9.992726
1755406307593,0.318245,-0.024526,9.74836
1755406307594,0.241675,-0.046062,9.947263
1755406307597,0.301496,-0.041276,9.817751
1755406307599,0.263211,-0.06999,9.846465
1755406307601,0.31346,-0.012562,9.995119
1755406307604,0.284746,0.028116,9.801002
1755406307606,0.267996,-0.046062,9.964012
1755406307612,0.320638,-0.031705,9.817751
1755406307613,0.287139,0.008973,9.954441
1755406307615,0.282353,-0.014955,9.743574
1755406307616,0.258425,-0.041276,9.983155
1755406307618,0.311067,-0.014955,9.896714
1755406307620,0.272782,0.04008,9.870394
1755406307623,0.260818,-0.055633,9.810573
1755406307625,0.272782,-0.048455,9.925428
1755406307628,0.33021,-0.005384,9.82493
1755406307630,0.251246,-0.010169,9.820144
1755406307633,0.27996,-0.055633,9.915857
1755406307635,0.320638,-0.005384,9.863214
1755406307637,0.229711,-0.012562,9.911072
1755406307640,0.325424,-0.038883,9.784252
1755406307643,0.303888,-0.038883,10.007083
1755406307644,0.287139,0.004187,9.760324
1755406307647,0.241675,-0.014955,10.047761
1755406307649,0.339781,-0.058026,9.789038
1755406307652,0.272782,-0.002991,9.956834
1755406307654,0.327817,0.00658,9.769895
1755406307656,0.272782,-0.017348,9.952048
1755406307659,0.325424,-0.012562,9.856036
1755406307661,0.289532,-0.002991,9.848858
1755406307664,0.287139,-0.036491,9.911072
1755406307666,0.284746,0.020937,9.863214
1755406307669,0.275175,0.00658,9.863214
1755406307671,0.244068,-0.019741,9.858429
1755406307673,0.267996,0.020937,9.985548
1755406307676,0.287139,-0.014955,9.769895
1755406307679,0.248854,-0.058026,9.949656
1755406307680,0.334995,-0.034098,9.789038
1755406307683,0.294317,-0.038883,9.891929
1755406307685,0.265603,-0.043669,9.937392
1755406307687,0.315853,0.032901,9.844072
1755406307690,0.270389,-0.031705,9.949656
1755406307693,0.31346,-0.046062,9.827323
1755406307695,0.33021,-0.046062,9.906285
1755406307697,0.306281,0.001795,9.913465
1755406307699,0.33021,-0.017348,9.858429
1755406307702,0.263211,0.004187,9.923036
1755406307704,0.287139,-0.019741,9.832108
1755406307707,0.294317,-0.019741,9.877572
1755406307710,0.318245,-0.000598,9.844072
1755406307714,0.291924,-0.010169,9.879965
1755406307715,0.27996,-0.005384,9.889536
1755406307717,0.282353,-0.029312,9.896714
1755406307719,0.284746,-0.000598,9.856036
1755406307721,0.265603,-0.029312,9.88475
1755406307723,0.299103,-0.029312,9.887143
1755406307727,0.315853,0.013759,9.88475
1755406307731,0.306281,-0.038883,9.896714
1755406307733,0.299103,-0.019741,9.856036
1755406307734,0.270389,-0.014955,9.894321
1755406307735,0.27996,-0.005384,9.906285
1755406307738,0.248854,-0.000598,9.80818
1755406307740,0.263211,0.00658,9.887143
1755406307744,0.239282,-0.019741,9.882358
1755406307746,0.275175,-0.029312,9.868001
1755406307748,0.275175,-0.010169,9.856036
1755406307750,0.253639,-0.038883,9.882358
1755406307753,0.308674,-0.012562,9.829716
1755406307755,0.306281,-0.026919,9.934999
1755406307757,0.29671,-0.017348,9.877572
1755406307761,0.301496,-0.007777,9.899107
1755406307763,0.258425,-0.007777,9.908679
1755406307764,0.289532,-0.000598,9.863214
1755406307767,0.265603,-0.002991,9.865608
1755406307769,0.299103,-0.012562,9.925428
1755406307771,0.294317,0.001795,9.832108
1755406307774,0.27996,-0.022134,9.882358
1755406307778,0.337388,-0.024526,9.879965
1755406307779,0.260818,0.016152,9.860822
1755406307781,0.239282,0.00658,9.932607
1755406307783,0.282353,-0.029312,9.879965
1755406307786,0.327817,-0.048455,9.853643
1755406307788,0.241675,-0.017348,9.856036
1755406307790,0.282353,-0.026919,9.868001
1755406307795,0.267996,-0.017348,9.937392
1755406307796,0.291924,-0.010169,9.865608
1755406307798,0.272782,-0.031705,9.863214
1755406307801,0.301496,-0.038883,9.860822
1755406307803,0.282353,-0.022134,9.908679
1755406307805,0.284746,-0.007777,9.906285
1755406307807,0.275175,-0.000598,9.851251
1755406307810,0.33021,-0.031705,9.889536
1755406307812,0.282353,-0.019741,9.882358
1755406307815,0.263211,-0.002991,9.903893
1755406307817,0.282353,0.020937,9.896714
1755406307819,0.287139,-0.034098,9.84168
1755406307822,0.272782,-0.046062,9.91825
1755406307824,0.284746,-0.029312,9.822537
1755406307827,0.27996,-0.060419,9.779466
1755406307829,0.272782,-0.050847,9.997512
1755406307833,0.33021,0.061615,9.84168
1755406307834,0.195912,0.018544,9.906285
1755406307836,0.306281,-0.055633,9.810573
1755406307839,0.277567,-0.096311,9.896714
1755406307841,0.248854,-0.010169,9.839287
1755406307843,0.246461,-0.022134,9.896714
1755406307846,0.282353,-0.022134,9.844072
1755406307848,0.239282,-0.026919,10.031012
1755406307851,0.287139,0.018544,9.760324
1755406307853,0.236889,-0.010169,10.057333
1755406307855,0.315853,-0.022134,9.731609
1755406307858,0.265603,0.004187,10.019048
1755406307860,0.308674,0.016152,9.757931
1755406307863,0.253639,-0.036491,9.973584
1755406307865,0.315853,0.001795,9.952048
1755406307867,0.227318,0.025723,9.846465
1755406307870,0.29671,-0.026919,9.762716
1755406307872,0.289532,-0.017348,9.865608
1755406307875,0.29671,-0.026919,9.856036
1755406307877,0.248854,-0.022134,9.860822
1755406307880,0.289532,-0.050847,9.930214
1755406307882,0.291924,-0.007777,9.810573
1755406307884,0.256032,-0.019741,9.827323
1755406307886,0.31346,-0.041276,9.822537
1755406307889,0.308674,-0.046062,9.992726
1755406307891,0.308674,0.004187,9.817751
1755406307894,0.244068,-0.017348,9.995119
1755406307897,0.325424,-0.005384,9.74836
1755406307900,0.272782,0.004187,10.007083
1755406307901,0.260818,-0.046062,9.812965
1755406307903,0.248854,-0.029312,9.903893
1755406307906,0.287139,0.008973,9.889536
1755406307908,0.263211,0.011366,9.836894
1755406307910,0.258425,-0.041276,9.906285
1755406307914,0.315853,-0.000598,9.829716
1755406307916,0.282353,-0.024526,9.930214
1755406307918,0.291924,-0.026919,9.817751
1755406307921,0.301496,-0.058026,10.002297
1755406307922,0.318245,-0.007777,9.762716
1755406307925,0.236889,-0.034098,9.961619
1755406307927,0.337388,-0.019741,9.745967
1755406307931,0.260818,-0.031705,10.028619
1755406307933,0.291924,0.030508,9.760324
1755406307935,0.244068,-0.048455,10.023833
1755406307937,0.318245,-0.010169,9.745967
1755406307939,0.210568,-0.041276,10.052547
1755406307942,0.306281,0.064008,9.77468
1755406307944,0.267996,-0.026919,10.00469
1755406307946,0.299103,0.016152,9.844072
1755406307949,0.258425,-0.074776,9.827323
1755406307951,0.208176,0.032901,9.88475
1755406307954,0.308674,-0.022134,9.812965
1755406307956,0.215354,0.020937,10.081261
1755406307958,0.413958,0.001795,9.645468
1755406307961,0.183948,-0.084347,10.117153
1755406307963,0.404387,0.044865,9.635897
1755406307965,0.162413,-0.115454,10.045368
1755406307968,0.346959,0.042473,9.80818
1755406307970,0.246461,-0.060419,9.851251
1755406307973,0.198604,0.013759,10.050154
1755406307975,0.442672,-0.000598,9.702896
1755406307978,0.152842,-0.10349,10.090832
1755406307980,0.37328,0.064008,9.815358
1755406307983,0.272782,-0.050847,9.803394
1755406307985,0.19352,-0.038883,10.078868
1755406307987,0.425922,0.090329,9.669396
1755406307989,0.155234,-0.113061,9.925428
1755406307992,0.294317,0.028116,9.964012
1755406307995,0.349352,0.054437,9.734002
1755406307997,0.136092,-0.129811,10.014262
1755406308000,0.430708,0.061615,9.817751
1755406308002,0.263211,-0.029312,9.796216
1755406308004,0.198604,-0.098704,10.019048
1755406308006,0.437887,0.037687,9.745967
1755406308009,0.164806,-0.038883,9.856036
1755406308011,0.248854,-0.072383,10.016655
1755406308013,0.428315,0.080758,9.705289
1755406308016,0.179163,-0.113061,9.971191
1755406308019,0.320638,-0.036491,9.990334
1755406308021,0.437887,0.035294,9.664611
1755406308023,0.138485,-0.089133,10.042975
1755406308025,0.361316,0.02333,9.899107
1755406308028,0.37328,-0.005384,9.643075
1755406308030,0.121735,-0.098704,10.133903
1755406308033,0.437887,0.104686,9.815358
1755406308036,0.227318,-0.048455,9.719646
1755406308038,0.200997,-0.084347,10.145867
1755406308040,0.449851,0.097508,9.719646
1755406308042,0.210568,-0.10349,9.810573
1755406308045,0.29671,-0.024526,10.052547
1755406308047,0.392423,0.02333,9.664611
1755406308050,0.152842,-0.134596,9.942178
1755406308055,0.356531,0.052044,9.930214
1755406308057,0.31346,-0.036491,9.74836
1755406308058,0.17677,-0.093918,10.074082
1755406308059,0.433101,0.071186,9.700503
1755406308061,0.179163,-0.134596,9.944571
1755406308064,0.260818,0.018544,9.968799
1755406308067,0.433101,0.042473,9.650253
1755406308069,0.093021,-0.08674,10.220045
1755406308071,0.478565,0.102293,9.62154
1755406308073,0.208176,-0.129811,9.983155
1755406308076,0.227318,-0.000598,9.961619
1755406308079,0.404387,-0.014955,9.662218
1755406308080,0.119342,-0.067597,10.179367
1755406308084,0.4666,0.054437,9.564112
1755406308086,0.136092,-0.108275,10.121939
1755406308088,0.361316,0.044865,9.722038
1755406308090,0.236889,-0.096311,9.88475
1755406308093,0.227318,-0.000598,9.980762
1755406308095,0.421137,-0.024526,9.693324
1755406308097,0.148056,-0.017348,10.167402
1755406308100,0.449851,0.018544,9.578469
1755406308103,0.198604,-0.079561,10.153046
1755406308104,0.39003,-0.000598,9.616755
1755406308107,0.198604,0.016152,10.18176
1755406308109,0.385244,0.011366,9.583255
1755406308112,0.174377,-0.077169,10.136296
1755406308114,0.409173,-0.010169,9.640682
1755406308117,0.164806,-0.022134,10.198509
1755406308120,0.416351,0.030508,9.607183
1755406308122,0.169591,-0.067597,10.126724
1755406308124,0.404387,0.008973,9.652647
1755406308126,0.17677,-0.014955,10.086046
1755406308129,0.354138,0.018544,9.647861
1755406308131,0.229711,-0.050847,10.145867
1755406308133,0.361316,0.02333,9.745967
1755406308136,0.284746,0.008973,9.990334
1755406308138,0.356531,-0.058026,9.757931
1755406308141,0.270389,-0.05324,9.983155
1755406308143,0.315853,0.02333,9.844072
1755406308145,0.234497,-0.024526,9.858429
1755406308147,0.385244,-0.06999,9.906285
1755406308150,0.239282,0.030508,9.793823
1755406308153,0.315853,-0.038883,9.906285
1755406308155,0.256032,-0.005384,9.812965
1755406308157,0.287139,-0.048455,10.016655
1755406308160,0.277567,0.035294,9.705289
1755406308162,0.232104,-0.062812,9.971191
1755406308164,0.37328,-0.029312,9.779466
1755406308167,0.267996,-0.007777,9.980762
1755406308170,0.287139,-0.029312,9.796216
1755406308173,0.267996,-0.043669,10.028619
1755406308174,0.29671,0.004187,9.84168
1755406308177,0.22014,-0.000598,9.863214
1755406308179,0.339781,-0.074776,9.906285
1755406308181,0.31346,0.008973,9.812965
1755406308183,0.267996,-0.043669,9.889536
1755406308186,0.327817,-0.029312,9.82493
1755406308188,0.29671,-0.019741,9.995119
1755406308191,0.277567,-0.005384,9.745967
1755406308193,0.251246,-0.019741,10.021441
1755406308196,0.318245,0.018544,9.79143
1755406308198,0.227318,-0.029312,9.88475
1755406308201,0.253639,-0.08674,9.908679
1755406308204,0.323031,-0.002991,9.801002
1755406308205,0.256032,-0.062812,9.930214
1755406308208,0.332602,-0.017348,9.789038
1755406308211,0.284746,-0.022134,10.045368
1755406308213,0.282353,0.025723,9.686146
1755406308215,0.277567,-0.08674,10.021441
1755406308217,0.378066,-0.019741,9.726824
1755406308220,0.229711,-0.014955,10.062119
1755406308223,0.33021,0.018544,9.671789
1755406308224,0.284746,-0.060419,10.057333
1755406308227,0.334995,0.018544,9.719646
1755406308229,0.210568,-0.026919,10.074082
1755406308231,0.332602,-0.002991,9.688539
1755406308234,0.212961,-0.034098,10.05494
1755406308237,0.334995,-0.010169,9.657433
1755406308240,0.217747,-0.058026,10.074082
1755406308242,0.354138,0.049651,9.71486
1755406308244,0.275175,-0.081954,10.031012
1755406308246,0.315853,0.001795,9.750752
1755406308248,0.265603,-0.108275,9.891929
1755406308251,0.234497,0.004187,9.949656
1755406308255,0.306281,-0.000598,9.719646
1755406308256,0.186341,-0.10349,10.095618
1755406308258,0.411565,0.05683,9.74836
1755406308260,0.212961,-0.081954,10.007083
1755406308263,0.306281,0.00658,9.793823
1755406308265,0.334995,-0.05324,9.903893
1755406308267,0.258425,-0.012562,9.942178
1755406308270,0.301496,0.011366,9.856036
1755406308273,0.229711,-0.043669,9.836894
1755406308275,0.260818,-0.058026,9.980762
1755406308278,0.337388,-0.012562,9.762716
1755406308280,0.239282,-0.012562,9.997512
1755406308282,0.306281,0.020937,9.810573
1755406308284,0.253639,-0.046062,9.91825
1755406308286,0.251246,-0.014955,9.875179
1755406308289,0.315853,-0.010169,9.848858
1755406308291,0.251246,-0.026919,9.954441
1755406308294,0.303888,0.00658,9.781859
1755406308296,0.251246,-0.022134,9.920643
1755406308298,0.287139,-0.026919,9.879965
1755406308301,0.275175,-0.007777,9.84168
1755406308303,0.282353,-0.029312,9.91825
1755406308306,0.294317,-0.019741,9.889536
1755406308308,0.272782,-0.034098,9.868001
1755406308311,0.272782,0.001795,9.896714
1755406308313,0.294317,-0.014955,9.894321
1755406308315,0.246461,-0.010169,9.863214
1755406308318,0.272782,-0.012562,9.858429
1755406308322,0.277567,-0.022134,9.9015
1755406308323,0.287139,0.004187,9.868001
1755406308325,0.265603,0.00658,9.860822
1755406308327,0.27996,-0.034098,9.860822
1755406308331,0.308674,-0.022134,9.877572
1755406308332,0.272782,-0.012562,9.870394
1755406308334,0.315853,-0.010169,9.877572
1755406308337,0.260818,-0.007777,9.889536
1755406308339,0.301496,-0.010169,9.899107
1755406308343,0.311067,-0.007777,9.872787
1755406308344,0.291924,-0.017348,9.88475
1755406308347,0.318245,0.001795,9.891929
1755406308349,0.31346,-0.012562,9.899107
1755406308351,0.306281,-0.005384,9.863214
1755406308353,0.258425,-0.034098,9.872787
1755406308356,0.265603,-0.029312,9.88475
1755406308359,0.291924,-0.017348,9.894321
1755406308361,0.294317,-0.010169,9.911072
1755406308364,0.294317,-0.010169,9.882358
1755406308366,0.306281,0.00658,9.860822
1755406308368,0.284746,-0.000598,9.868001
1755406308371,0.289532,-0.029312,9.875179
1755406308373,0.29671,-0.000598,9.868001
1755406308375,0.289532,-0.024526,9.870394
1755406308378,0.301496,-0.026919,9.889536
1755406308380,0.27996,-0.000598,9.875179
1755406308382,0.282353,-0.024526,9.868001
1755406308385,0.282353,-0.024526,9.896714
1755406308387,0.303888,-0.022134,9.870394
1755406308390,0.27996,-0.019741,9.894321
1755406308392,0.275175,-0.000598,9.899107
1755406308395,0.29671,-0.007777,9.896714
1755406308397,0.275175,-0.012562,9.9015
1755406308399,0.277567,-0.019741,9.88475
1755406308401,0.27996,-0.029312,9.860822
1755406308404,0.29671,0.011366,9.863214
1755406308407,0.272782,-0.019741,9.88475
1755406308409,0.289532,-0.007777,9.872787
1755406308411,0.311067,-0.010169,9.863214
1755406308414,0.267996,-0.031705,9.891929
1755406308416,0.27996,-0.026919,9.868001
1755406308418,0.342174,-0.024526,9.879965
1755406308421,0.277567,-0.012562,9.887143
1755406308424,0.260818,-0.012562,9.848858
1755406308427,0.294317,-0.019741,9.891929
1755406308428,0.263211,-0.014955,9.860822
1755406308431,0.311067,-0.002991,9.906285
1755406308433,0.263211,-0.007777,9.868001
1755406308435,0.263211,-0.017348,9.872787
1755406308437,0.315853,-0.022134,9.863214
1755406308441,0.260818,-0.041276,9.88475
1755406308443,0.287139,-0.012562,9.889536
1755406308445,0.31346,-0.029312,9.882358
1755406308447,0.31346,-0.022134,9.879965
1755406308450,0.275175,-0.029312,9.865608
1755406308452,0.289532,-0.010169,9.88475
1755406308454,0.289532,-0.024526,9.877572
1755406308458,0.308674,-0.026919,9.870394
1755406308459,0.272782,-0.026919,9.853643
1755406308461,0.284746,-0.002991,9.887143
1755406308464,0.260818,-0.031705,9.906285
1755406308466,0.27996,-0.014955,9.887143
1755406308468,0.29671,-0.026919,9.851251
1755406308471,0.27996,-0.041276,9.882358
1755406308473,0.299103,-0.022134,9.865608
1755406308476,0.303888,-0.017348,9.894321
1755406308479,0.306281,-0.041276,9.844072
1755406308481,0.289532,-0.017348,9.868001
1755406308483,0.323031,-0.014955,9.856036
1755406308486,0.291924,-0.031705,9.863214
1755406308488,0.260818,-0.041276,9.899107
1755406308490,0.272782,0.011366,9.851251
1755406308493,0.241675,-0.017348,9.899107
1755406308495,0.325424,-0.024526,9.906285
1755406308498,0.303888,-0.038883,9.877572
1755406308500,0.282353,-0.036491,9.858429
1755406308502,0.325424,-0.029312,9.903893
1755406308505,0.325424,-0.002991,9.88475
1755406308507,0.287139,-0.022134,9.848858
1755406308511,0.267996,-0.024526,9.877572
1755406308512,0.299103,-0.019741,9.877572
1755406308515,0.308674,-0.019741,9.88475
1755406308517,0.301496,0.001795,9.846465
1755406308519,0.294317,-0.029312,9.863214
1755406308521,0.289532,-0.043669,9.860822
1755406308524,0.289532,-0.014955,9.887143
1755406308528,0.33021,-0.005384,9.877572
1755406308530,0.315853,-0.012562,9.865608
1755406308532,0.301496,-0.010169,9.891929
1755406308534,0.318245,0.001795,9.879965
1755406308536,0.306281,-0.029312,9.887143
1755406308539,0.284746,-0.034098,9.851251
1755406308540,0.272782,-0.041276,9.865608
1755406308543,0.318245,-0.05324,9.887143
1755406308545,0.27996,-0.036491,9.863214
1755406308548,0.27996,-0.022134,9.88475
1755406308550,0.299103,-0.029312,9.906285
1755406308553,0.29671,-0.014955,9.88475
1755406308555,0.303888,-0.029312,9.877572
1755406308557,0.236889,-0.010169,9.908679
1755406308560,0.294317,-0.050847,9.877572
1755406308562,0.282353,-0.031705,9.937392
1755406308565,0.27996,-0.034098,9.903893
1755406308567,0.265603,-0.024526,9.860822
1755406308569,0.301496,-0.029312,9.889536
1755406308572,0.291924,-0.029312,9.887143
1755406308574,0.265603,-0.012562,9.879965
1755406308577,0.301496,-0.024526,9.860822
1755406308579,0.303888,-0.041276,9.877572
1755406308581,0.294317,-0.026919,9.889536
1755406308584,0.284746,-0.005384,9.887143
1755406308586,0.303888,-0.007777,9.906285
1755406308588,0.315853,-0.017348,9.88475
1755406308591,0.315853,-0.05324,9.875179
1755406308594,0.239282,-0.022134,9.879965
1755406308596,0.287139,-0.017348,9.868001
1755406308598,0.275175,-0.050847,9.887143
1755406308600,0.27996,-0.038883,9.889536
1755406308603,0.267996,-0.026919,9.91825
1755406308605,0.265603,-0.017348,9.863214
1755406308608,0.275175,-0.029312,9.856036
1755406308611,0.303888,-0.043669,9.865608
1755406308613,0.327817,-0.017348,9.846465
1755406308616,0.287139,-0.062812,9.875179
1755406308617,0.323031,-0.012562,9.868001
1755406308619,0.318245,-0.007777,9.868001
1755406308622,0.327817,-0.017348,9.889536
1755406308625,0.303888,-0.000598,9.896714
1755406308628,0.270389,-0.022134,9.882358
1755406308631,0.27996,-0.007777,9.853643
1755406308632,0.291924,-0.046062,9.863214
1755406308634,0.256032,-0.036491,9.877572
1755406308637,0.265603,-0.014955,9.887143
1755406308639,0.27996,-0.007777,9.891929
1755406308642,0.284746,-0.014955,9.896714
1755406308645,0.289532,-0.010169,9.856036
1755406308646,0.284746,-0.014955,9.891929
1755406308649,0.277567,0.004187,9.853643
1755406308651,0.275175,0.004187,9.853643
1755406308653,0.299103,-0.024526,9.894321
1755406308655,0.323031,-0.048455,9.868001
1755406308658,0.270389,-0.034098,9.870394
1755406308660,0.251246,-0.022134,9.88475
1755406308663,0.258425,-0.029312,9.872787
1755406308666,0.287139,-0.026919,9.868001
1755406308667,0.29671,-0.034098,9.865608
1755406308670,0.284746,-0.005384,9.889536
1755406308672,0.29671,-0.000598,9.875179
1755406308675,0.311067,-0.000598,9.891929
1755406308677,0.282353,-0.012562,9.872787
1755406308680,0.299103,-0.029312,9.868001
1755406308682,0.282353,-0.010169,9.848858
1755406308684,0.277567,-0.048455,9.88475
1755406308687,0.299103,-0.062812,9.877572
1755406308690,0.327817,-0.024526,9.891929
1755406308691,0.320638,-0.000598,9.88475
1755406308694,0.318245,-0.019741,9.858429
1755406308697,0.287139,-0.029312,9.853643
1755406308699,0.337388,-0.017348,9.870394
1755406308701,0.311067,-0.024526,9.868001
1755406308703,0.284746,-0.012562,9.882358
1755406308706,0.289532,-0.022134,9.863214
1755406308708,0.27996,0.001795,9.88475
1755406308711,0.260818,-0.019741,9.899107
1755406308713,0.272782,-0.005384,9.891929
1755406308716,0.275175,0.001795,9.903893
1755406308718,0.308674,-0.002991,9.887143
1755406308720,0.327817,-0.029312,9.899107
1755406308724,0.272782,-0.036491,9.88475
1755406308725,0.301496,-0.036491,9.853643
1755406308727,0.299103,-0.010169,9.877572
1755406308732,0.253639,-0.010169,9.870394
1755406308734,0.284746,-0.050847,9.882358
1755406308735,0.291924,-0.014955,9.860822
1755406308737,0.291924,-0.038883,9.889536
1755406308740,0.270389,-0.024526,9.882358
1755406308742,0.284746,0.001795,9.865608
1755406308744,0.277567,-0.026919,9.882358
1755406308747,0.282353,-0.005384,9.863214
1755406308749,0.311067,0.001795,9.889536
1755406308752,0.284746,-0.014955,9.870394
1755406308754,0.27996,-0.019741,9.882358
1755406308756,0.303888,-0.031705,9.877572
1755406308759,0.289532,-0.019741,9.896714
1755406308761,0.277567,-0.046062,9.896714
1755406308764,0.282353,-0.046062,9.942178
1755406308766,0.306281,-0.014955,9.839287
1755406308768,0.301496,-0.017348,9.882358
1755406308772,0.334995,-0.024526,9.781859
1755406308773,0.301496,-0.038883,9.911072
1755406308775,0.27996,-0.000598,9.937392
1755406308778,0.334995,0.052044,9.829716
1755406308781,0.251246,-0.058026,10.023833
1755406308783,0.263211,-0.019741,9.729217
1755406308785,0.308674,-0.058026,9.927821
1755406308787,0.289532,0.032901,9.932607
1755406308790,0.301496,0.018544,9.911072
1755406308792,0.294317,0.016152,9.832108
1755406308795,0.270389,-0.101097,9.88475
1755406308798,0.284746,-0.002991,9.896714
1755406308800,0.31346,0.037687,9.870394
1755406308802,0.277567,-0.005384,9.865608
1755406308804,0.294317,-0.062812,9.827323
1755406308806,0.267996,-0.038883,9.865608
1755406308809,0.29671,-0.007777,9.846465
1755406308812,0.272782,0.001795,9.942178
1755406308815,0.301496,-0.041276,9.889536
1755406308817,0.277567,-0.024526,9.815358
1755406308818,0.294317,-0.010169,9.896714
1755406308821,0.308674,-0.005384,9.834501
1755406308823,0.332602,-0.055633,9.923036
1755406308826,0.320638,-0.017348,9.77468
1755406308828,0.299103,-0.014955,9.870394
1755406308832,0.315853,-0.017348,9.968799
1755406308834,0.267996,-0.043669,9.851251
1755406308837,0.282353,-0.000598,9.839287
1755406308838,0.256032,0.011366,9.911072
1755406308841,0.301496,-0.026919,9.820144
1755406308842,0.236889,-0.007777,9.930214
1755406308845,0.291924,-0.002991,9.865608
1755406308847,0.258425,-0.024526,9.954441
1755406308851,0.339781,0.018544,9.79143
1755406308852,0.248854,-0.058026,9.954441
1755406308855,0.289532,-0.000598,9.805787
1755406308857,0.258425,-0.043669,9.91825
1755406308859,0.301496,-0.007777,9.834501
1755406308862,0.27996,-0.019741,9.896714
1755406308864,0.323031,-0.024526,9.863214
1755406308867,0.232104,-0.048455,9.932607
1755406308869,0.325424,0.032901,9.82493
1755406308871,0.258425,-0.081954,9.961619
1755406308874,0.33021,0.035294,9.796216
1755406308876,0.251246,-0.019741,10.028619
1755406308878,0.332602,-0.036491,9.743574
1755406308881,0.236889,-0.005384,9.91825
1755406308883,0.299103,-0.036491,9.832108
1755406308885,0.270389,0.013759,9.954441
1755406308888,0.339781,-0.026919,9.805787
1755406308890,0.263211,0.011366,9.952048
1755406308893,0.291924,-0.055633,9.777073
1755406308895,0.260818,-0.002991,9.966406
1755406308897,0.299103,-0.014955,9.719646
1755406308900,0.270389,-0.036491,9.894321
1755406308903,0.282353,0.00658,9.796216
1755406308905,0.267996,-0.007777,9.913465
1755406308907,0.284746,-0.000598,9.920643
1755406308910,0.27996,-0.014955,9.810573
1755406308912,0.277567,-0.048455,9.985548
1755406308914,0.27996,0.016152,9.805787
1755406308917,0.258425,-0.048455,9.908679
1755406308920,0.318245,-0.005384,9.84168
1755406308922,0.325424,-0.022134,9.894321
1755406308924,0.334995,-0.000598,9.875179
1755406308927,0.272782,-0.014955,9.9015
1755406308929,0.342174,-0.038883,9.879965
1755406308931,0.27996,0.00658,9.939785
1755406308935,0.342174,0.004187,9.757931
1755406308936,0.260818,-0.041276,9.899107
1755406308938,0.294317,-0.060419,9.80818
1755406308941,0.227318,0.001795,10.016655
1755406308945,0.327817,0.011366,9.762716
1755406308946,0.258425,-0.067597,9.999905
1755406308948,0.351745,-0.046062,9.738789
1755406308951,0.183948,-0.041276,10.052547
1755406308955,0.346959,0.018544,9.79143
1755406308956,0.256032,-0.026919,9.985548
1755406308957,0.306281,-0.005384,9.822537
1755406308960,0.284746,-0.010169,9.865608
1755406308962,0.256032,-0.034098,9.934999
1755406308965,0.327817,0.02333,9.796216
1755406308968,0.244068,-0.041276,9.961619
1755406308969,0.327817,-0.012562,9.801002
1755406308972,0.287139,-0.014955,9.966406
1755406308975,0.315853,-0.022134,9.77468
1755406308977,0.272782,-0.029312,10.014262
1755406308979,0.332602,0.025723,9.793823
1755406308982,0.258425,-0.031705,9.932607
1755406308985,0.301496,-0.036491,9.827323
1755406308986,0.29671,-0.002991,9.939785
1755406308989,0.301496,-0.019741,9.844072
1755406308991,0.277567,-0.022134,9.877572
1755406308993,0.287139,-0.000598,9.875179
1755406308996,0.267996,0.004187,9.887143
1755406308998,0.311067,-0.036491,9.872787
1755406309002,0.303888,-0.014955,9.882358
1755406309004,0.294317,-0.034098,9.844072
1755406309006,0.248854,-0.005384,9.923036
1755406309008,0.287139,-0.036491,9.882358
1755406309010,0.253639,-0.036491,9.908679
1755406309012,0.323031,-0.065204,9.810573
1755406309016,0.272782,-0.072383,9.952048
1755406309019,0.289532,-0.012562,9.772287
1755406309021,0.272782,-0.029312,10.00469
1755406309022,0.275175,0.018544,9.77468
1755406309025,0.22014,-0.072383,9.952048
1755406309027,0.308674,-0.012562,9.796216
1755406309029,0.342174,-0.089133,9.829716
1755406309032,0.248854,0.008973,9.983155
1755406309034,0.39003,0.018544,9.731609
1755406309037,0.183948,0.004187,10.109975
1755406309039,0.433101,-0.029312,9.564112
1755406309042,0.116949,-0.096311,10.200902
1755406309044,0.425922,0.028116,9.556933
1755406309046,0.133699,0.011366,10.246366
1755406309049,0.440279,0.061615,9.537791
1755406309051,0.133699,-0.08674,10.18176
1755406309054,0.397209,0.004187,9.600004
1755406309058,0.205783,-0.065204,10.153046
1755406309059,0.385244,0.090329,9.712467
1755406309060,0.215354,-0.067597,9.999905
1755406309063,0.29671,0.013759,9.686146
1755406309065,0.289532,-0.079561,9.983155
1755406309068,0.303888,0.052044,9.887143
1755406309070,0.325424,-0.036491,9.9015
1755406309072,0.22014,-0.048455,9.777073
1755406309075,0.311067,-0.105882,9.899107
1755406309077,0.227318,-0.000598,9.949656
1755406309080,0.337388,-0.014955,9.786645
1755406309082,0.272782,-0.029312,9.817751
1755406309085,0.315853,-0.05324,9.973584
1755406309087,0.265603,0.037687,9.9015
1755406309090,0.277567,0.001795,9.82493
1755406309092,0.27996,-0.019741,9.894321
1755406309094,0.320638,-0.050847,9.956834
1755406309097,0.291924,-0.007777,9.784252
1755406309099,0.29671,-0.067597,10.002297
1755406309102,0.318245,-0.043669,9.822537
1755406309104,0.301496,-0.048455,9.91825
1755406309106,0.303888,0.028116,9.745967
1755406309109,0.289532,-0.024526,10.047761
1755406309111,0.303888,-0.031705,9.712467
1755406309113,0.260818,-0.024526,10.002297
1755406309115,0.308674,0.02333,9.767502
1755406309118,0.277567,-0.062812,9.947263
1755406309121,0.308674,-0.038883,9.74836
1755406309123,0.222533,-0.034098,10.083653
1755406309125,0.332602,0.001795,9.712467
1755406309128,0.217747,-0.067597,9.887143
1755406309131,0.346959,-0.000598,9.891929
1755406309132,0.195912,0.020937,9.959227
1755406309135,0.323031,0.016152,9.724431
1755406309138,0.236889,-0.062812,10.095618
1755406309140,0.323031,-0.026919,9.650253
1755406309143,0.246461,0.00658,10.119546
1755406309145,0.349352,-0.005384,9.695718
1755406309149,0.229711,-0.060419,10.007083
1755406309150,0.332602,-0.029312,9.817751
1755406309152,0.248854,0.02333,9.968799
1755406309155,0.299103,-0.046062,9.79143
1755406309156,0.263211,-0.067597,10.009477
1755406309159,0.303888,0.011366,9.753145
1755406309161,0.244068,-0.050847,9.927821
1755406309163,0.301496,-0.081954,9.870394
1755406309166,0.31346,-0.014955,9.879965
1755406309168,0.294317,-0.043669,9.968799
1755406309172,0.287139,0.008973,9.829716
1755406309175,0.318245,-0.06999,9.925428
1755406309177,0.275175,0.00658,9.786645
1755406309178,0.263211,-0.019741,9.934999
1755406309180,0.291924,-0.041276,9.784252
1755406309183,0.287139,0.008973,9.983155
1755406309185,0.291924,0.013759,9.796216
1755406309187,0.260818,-0.019741,10.040583
1755406309190,0.318245,-0.034098,9.851251
1755406309192,0.244068,-0.022134,9.820144
1755406309195,0.241675,-0.048455,9.875179
1755406309197,0.306281,-0.019741,9.887143
1755406309199,0.29671,-0.019741,9.846465
1755406309202,0.246461,-0.031705,9.923036
1755406309204,0.299103,-0.031705,9.990334
1755406309207,0.29671,0.001795,9.779466
1755406309209,0.246461,-0.014955,9.964012
1755406309211,0.31346,-0.029312,9.836894
1755406309214,0.344566,-0.019741,9.891929
1755406309216,0.287139,-0.036491,9.858429
1755406309219,0.31346,-0.007777,9.889536
1755406309221,0.323031,-0.022134,9.920643
1755406309223,0.289532,-0.031705,9.820144
1755406309226,0.299103,-0.012562,9.927821
1755406309228,0.311067,0.001795,9.822537
1755406309231,0.270389,-0.024526,9.889536
1755406309233,0.284746,-0.017348,9.84168
1755406309235,0.291924,-0.012562,9.983155
1755406309238,0.299103,0.030508,9.820144
1755406309241,0.253639,0.016152,9.891929
1755406309243,0.299103,-0.067597,9.927821
1755406309245,0.287139,-0.026919,9.947263
1755406309247,0.270389,-0.000598,9.786645
1755406309250,0.275175,-0.010169,9.971191
1755406309252,0.301496,-0.079561,9.798609
1755406309255,0.27996,0.020937,9.966406
1755406309258,0.277567,-0.012562,9.731609
1755406309260,0.253639,-0.048455,9.954441
1755406309262,0.368495,-0.043669,9.779466
1755406309264,0.244068,-0.000598,10.076475
1755406309267,0.327817,-0.017348,9.712467
1755406309269,0.234497,-0.072383,10.00469
1755406309271,0.339781,-0.014955,9.765109
1755406309275,0.191127,0.018544,10.023833
1755406309279,0.320638,-0.007777,9.719646
1755406309280,0.222533,-0.036491,10.028619
1755406309282,0.334995,0.004187,9.724431
1755406309283,0.205783,-0.000598,10.019048
1755406309286,0.315853,-0.029312,9.717253
1755406309288,0.272782,-0.048455,10.100404
1755406309292,0.332602,-0.005384,9.71486
1755406309296,0.256032,-0.026919,10.026226
1755406309297,0.318245,-0.043669,9.724431
1755406309298,0.215354,-0.036491,9.947263
1755406309301,0.320638,-0.010169,9.74836
1755406309303,0.263211,0.011366,9.992726
1755406309305,0.289532,-0.031705,9.79143
1755406309308,0.253639,-0.031705,9.987941
1755406309310,0.303888,0.011366,9.870394
1755406309312,0.291924,-0.058026,9.832108
1755406309315,0.303888,-0.005384,9.9015
1755406309317,0.299103,-0.012562,9.844072
1755406309319,0.251246,0.001795,9.894321
1755406309322,0.277567,0.00658,9.846465
1755406309325,0.294317,-0.041276,10.016655
1755406309327,0.287139,0.037687,9.74836
1755406309329,0.27996,-0.058026,10.033404
1755406309331,0.311067,0.00658,9.810573
1755406309334,0.270389,-0.036491,9.968799
1755406309337,0.346959,0.020937,9.702896
1755406309339,0.210568,-0.046062,9.999905
1755406309342,0.320638,-0.036491,9.741181
1755406309344,0.241675,0.013759,10.033404
1755406309346,0.31346,-0.007777,9.722038
1755406309348,0.227318,-0.043669,10.050154
1755406309351,0.311067,-0.005384,9.812965
1755406309353,0.20339,0.004187,9.899107
1755406309355,0.256032,-0.074776,9.844072
1755406309359,0.289532,-0.019741,9.954441
1755406309361,0.308674,-0.002991,9.829716
1755406309362,0.251246,-0.007777,9.925428
1755406309365,0.354138,-0.089133,9.844072
1755406309367,0.236889,-0.002991,9.906285
1755406309370,0.303888,-0.012562,9.868001
1755406309372,0.263211,-0.024526,9.846465
1755406309374,0.284746,-0.062812,9.959227
1755406309377,0.275175,0.054437,9.834501
1755406309379,0.260818,-0.050847,9.911072
1755406309382,0.272782,-0.022134,9.784252
1755406309384,0.294317,-0.079561,10.007083
1755406309386,0.263211,0.016152,9.762716
1755406309389,0.258425,-0.034098,9.971191
1755406309391,0.29671,-0.022134,9.745967
1755406309394,0.287139,-0.067597,10.042975
1755406309397,0.323031,0.030508,9.724431
1755406309398,0.232104,-0.043669,10.042975
1755406309401,0.325424,-0.041276,9.74836
1755406309403,0.244068,-0.007777,10.05494
1755406309405,0.311067,0.028116,9.664611
1755406309408,0.246461,-0.038883,10.098011
1755406309411,0.325424,-0.012562,9.712467
1755406309413,0.236889,-0.014955,9.997512
1755406309415,0.325424,-0.041276,9.724431
1755406309418,0.277567,-0.014955,10.05494
1755406309420,0.33021,0.020937,9.693324
1755406309423,0.215354,-0.072383,9.954441
1755406309425,0.354138,-0.026919,9.908679
1755406309428,0.277567,0.020937,9.836894
1755406309430,0.253639,-0.065204,9.927821
1755406309432,0.289532,-0.005384,9.829716
1755406309435,0.29671,-0.019741,9.947263
1755406309437,0.277567,-0.043669,9.798609
1755406309439,0.311067,-0.017348,9.983155
1755406309442,0.31346,-0.002991,9.753145
1755406309445,0.263211,-0.058026,9.952048
1755406309446,0.287139,-0.010169,9.875179
1755406309449,0.241675,-0.000598,9.887143
1755406309451,0.248854,-0.031705,9.927821
1755406309454,0.299103,0.008973,9.80818
1755406309456,0.303888,-0.036491,9.932607
1755406309458,0.260818,-0.010169,9.865608
1755406309461,0.289532,-0.036491,9.889536
1755406309463,0.27996,-0.026919,9.832108
1755406309465,0.241675,0.044865,9.9015
1755406309468,0.320638,-0.010169,9.705289
1755406309470,0.241675,-0.084347,10.00469
1755406309472,0.358923,0.011366,9.817751
1755406309475,0.291924,0.030508,9.896714
1755406309478,0.282353,-0.10349,9.789038
1755406309480,0.260818,-0.043669,9.975977
1755406309482,0.303888,0.052044,9.827323
1755406309485,0.22014,0.016152,9.882358
1755406309487,0.344566,-0.079561,9.812965
1755406309489,0.272782,-0.043669,9.923036
1755406309492,0.265603,0.047258,9.77468
1755406309495,0.258425,-0.000598,9.860822
1755406309498,0.334995,-0.058026,9.995119
1755406309499,0.282353,0.052044,9.801002
1755406309503,0.270389,-0.014955,9.939785
1755406309504,0.349352,-0.05324,9.908679
1755406309506,0.284746,0.020937,9.961619
1755406309509,0.277567,-0.005384,9.822537
1755406309512,0.299103,-0.067597,9.911072
1755406309513,0.306281,-0.062812,9.80818
1755406309516,0.270389,-0.000598,9.865608
1755406309518,0.287139,-0.05324,9.868001
1755406309521,0.29671,-0.014955,9.834501
1755406309523,0.253639,-0.029312,9.853643
1755406309525,0.299103,-0.036491,9.798609
1755406309529,0.31346,-0.038883,9.947263
1755406309532,0.29671,-0.007777,9.798609
1755406309534,0.244068,-0.036491,9.973584
1755406309536,0.318245,-0.031705,9.810573
1755406309538,0.267996,-0.017348,10.026226
1755406309540,0.277567,0.011366,9.750752
1755406309544,0.263211,-0.041276,10.059726
1755406309546,0.346959,-0.041276,9.793823
1755406309548,0.260818,0.008973,9.959227
1755406309549,0.332602,-0.041276,9.777073
1755406309554,0.232104,-0.024526,9.920643
1755406309556,0.320638,-0.014955,9.84168
1755406309557,0.251246,0.020937,9.942178
1755406309559,0.301496,-0.019741,9.812965
1755406309562,0.248854,-0.029312,9.891929
1755406309564,0.320638,-0.007777,9.906285
1755406309566,0.260818,0.035294,9.911072
1755406309568,0.294317,-0.081954,9.810573
1755406309571,0.27996,-0.079561,9.927821
1755406309573,0.334995,-0.036491,9.815358
1755406309576,0.212961,0.037687,9.968799
1755406309578,0.320638,-0.000598,9.779466
1755406309581,0.217747,-0.050847,9.964012
1755406309583,0.387637,-0.062812,9.741181
1755406309586,0.217747,0.025723,10.066904
1755406309588,0.385244,0.032901,9.71486
1755406309590,0.174377,-0.077169,10.023833
1755406309592,0.409173,-0.06999,9.583255
1755406309595,0.17677,-0.062812,10.157831
1755406309597,0.361316,0.097508,9.676575
1755406309600,0.169591,-0.041276,10.138689
1755406309602,0.363709,-0.014955,9.669396
1755406309605,0.236889,-0.182453,9.927821
1755406309607,0.318245,0.016152,9.860822
1755406309609,0.29671,0.00658,9.915857
1755406309612,0.244068,0.044865,9.973584
1755406309615,0.385244,-0.031705,9.690931
1755406309617,0.198604,-0.074776,9.971191
1755406309619,0.358923,-0.072383,9.671789
1755406309622,0.210568,0.00658,10.124331
1755406309624,0.392423,0.095115,9.65504
1755406309626,0.138485,-0.065204,10.136296
1755406309629,0.368495,-0.002991,9.657433
1755406309632,0.20339,-0.127418,9.942178
1755406309634,0.334995,0.047258,9.810573
1755406309636,0.287139,-0.036491,9.949656
1755406309638,0.241675,0.030508,9.973584
1755406309641,0.382852,-0.017348,9.707682
1755406309643,0.222533,-0.08674,9.999905
1755406309645,0.404387,-0.043669,9.643075
1755406309649,0.181555,-0.031705,10.145867
1755406309651,0.404387,0.066401,9.755538
1755406309652,0.19352,-0.007777,10.107582
1755406309655,0.370888,-0.022134,9.652647
1755406309657,0.229711,-0.115454,9.959227
1755406309660,0.323031,0.001795,9.820144
1755406309662,0.272782,-0.007777,9.959227
1755406309666,0.234497,0.059222,9.913465
1755406309668,0.323031,-0.074776,9.810573
1755406309670,0.227318,-0.084347,9.899107
1755406309672,0.368495,-0.072383,9.767502
1755406309674,0.208176,0.052044,10.059726
1755406309677,0.428315,0.020937,9.710074
1755406309679,0.20339,-0.046062,10.011869
1755406309683,0.433101,-0.043669,9.683753
1755406309684,0.183948,-0.012562,10.138689
1755406309686,0.375673,0.054437,9.690931
1755406309689,0.167198,-0.041276,10.119546
1755406309691,0.382852,-0.026919,9.628718
1755406309693,0.167198,-0.074776,10.109975
1755406309695,0.375673,0.013759,9.678967
1755406309700,0.186341,-0.055633,10.095618
1755406309701,0.361316,0.00658,9.645468
1755406309703,0.20339,-0.058026,10.07169
1755406309705,0.361316,0.028116,9.700503
1755406309708,0.244068,-0.024526,10.03819
1755406309710,0.363709,-0.034098,9.729217
1755406309713,0.232104,-0.007777,10.062119
1755406309717,0.33021,0.018544,9.717253
1755406309718,0.241675,-0.036491,9.961619
1755406309719,0.337388,-0.036491,9.798609
1755406309722,0.282353,0.018544,10.064511
1755406309724,0.31346,-0.012562,9.772287
1755406309727,0.224925,-0.048455,9.973584
1755406309729,0.325424,-0.041276,9.820144
1755406309733,0.248854,0.011366,9.908679
1755406309735,0.29671,-0.022134,9.82493
1755406309737,0.299103,-0.05324,9.923036
1755406309739,0.284746,-0.043669,9.88475
1755406309741,0.270389,-0.034098,9.84168
1755406309744,0.320638,-0.041276,9.983155
1755406309746,0.33021,-0.007777,9.796216
1755406309751,0.246461,-0.029312,9.975977
1755406309752,0.299103,0.00658,9.810573
1755406309753,0.277567,-0.022134,9.887143
1755406309756,0.215354,-0.043669,9.879965
1755406309758,0.315853,0.02333,9.844072
1755406309761,0.27996,-0.024526,9.887143
1755406309763,0.287139,-0.055633,9.882358
1755406309765,0.308674,-0.012562,9.944571
1755406309768,0.289532,-0.043669,9.753145
1755406309770,0.236889,-0.046062,10.069297
1755406309773,0.385244,0.008973,9.743574
1755406309775,0.251246,-0.024526,9.920643
1755406309777,0.325424,-0.058026,9.784252
1755406309779,0.277567,-0.026919,9.968799
1755406309782,0.246461,-0.000598,9.80818
1755406309784,0.256032,-0.067597,9.889536
1755406309788,0.308674,-0.043669,9.947263
1755406309790,0.272782,0.054437,9.750752
1755406309791,0.256032,-0.014955,9.949656
1755406309794,0.346959,-0.036491,9.793823
1755406309796,0.27996,-0.024526,10.021441
1755406309799,0.289532,0.052044,9.688539
1755406309801,0.272782,-0.055633,9.997512
1755406309803,0.327817,-0.010169,9.753145
1755406309806,0.232104,-0.024526,10.064511
1755406309808,0.311067,-0.002991,9.71486
1755406309811,0.258425,-0.060419,10.078868
1755406309813,0.320638,-0.012562,9.745967
1755406309815,0.241675,0.004187,9.995119
1755406309819,0.318245,-0.005384,9.722038
1755406309820,0.277567,-0.08674,10.021441
1755406309823,0.308674,-0.002991,9.765109
1755406309825,0.236889,-0.002991,9.992726
1755406309828,0.334995,-0.029312,9.753145
1755406309830,0.241675,-0.043669,10.023833
1755406309832,0.349352,0.004187,9.74836
1755406309836,0.208176,0.001795,10.002297
1755406309838,0.37328,-0.014955,9.700503
1755406309840,0.234497,-0.10349,10.064511
1755406309842,0.332602,0.020937,9.717253
1755406309844,0.215354,-0.043669,10.042975
1755406309846,0.349352,-0.002991,9.743574
1755406309849,0.227318,-0.031705,9.995119
1755406309853,0.325424,-0.000598,9.755538
1755406309854,0.244068,-0.010169,9.997512
1755406309857,0.33021,0.013759,9.82493
1755406309859,0.260818,-0.034098,9.932607
1755406309861,0.299103,0.001795,9.844072
1755406309864,0.270389,-0.050847,9.896714
1755406309866,0.267996,-0.022134,9.868001
1755406309869,0.301496,-0.017348,9.846465
1755406309871,0.260818,-0.019741,9.925428
1755406309873,0.315853,-0.031705,9.822537
1755406309875,0.258425,-0.041276,9.942178
1755406309878,0.301496,-0.002991,9.817751
1755406309880,0.258425,-0.022134,9.942178
1755406309882,0.263211,0.016152,9.817751
1755406309887,0.244068,-0.014955,9.930214
1755406309888,0.287139,-0.000598,9.829716
1755406309890,0.287139,-0.043669,9.915857
1755406309892,0.282353,-0.017348,9.856036
1755406309895,0.282353,-0.043669,9.903893
1755406309897,0.291924,-0.022134,9.858429
1755406309899,0.27996,-0.036491,9.894321
1755406309904,0.318245,-0.019741,9.899107
1755406309905,0.320638,-0.017348,9.875179
1755406309907,0.29671,-0.029312,9.863214
1755406309909,0.260818,-0.026919,9.856036
1755406309912,0.284746,-0.014955,9.872787
1755406309913,0.308674,0.004187,9.856036
1755406309916,0.260818,-0.019741,9.882358
1755406309918,0.320638,-0.019741,9.882358
1755406309921,0.301496,-0.010169,9.887143
1755406309923,0.311067,-0.002991,9.882358
1755406309926,0.31346,-0.017348,9.911072
1755406309928,0.260818,0.004187,9.894321
1755406309930,0.287139,0.001795,9.899107
1755406309933,0.272782,-0.000598,9.868001
1755406309935,0.282353,-0.002991,9.870394
1755406309938,0.29671,-0.036491,9.877572
1755406309940,0.282353,-0.012562,9.889536
1755406309943,0.29671,-0.017348,9.870394
1755406309945,0.282353,-0.010169,9.882358
1755406309947,0.253639,-0.007777,9.870394
1755406309949,0.256032,-0.012562,9.88475
1755406309952,0.294317,-0.012562,9.872787
1755406309954,0.294317,-0.007777,9.877572
1755406309957,0.303888,-0.012562,9.872787
1755406309959,0.284746,-0.017348,9.879965
1755406309962,0.275175,-0.007777,9.863214
1755406309964,0.277567,-0.022134,9.875179
1755406309967,0.265603,-0.041276,9.870394
1755406309969,0.272782,-0.017348,9.851251
1755406309971,0.294317,0.008973,9.896714
1755406309974,0.337388,-0.000598,9.863214
1755406309976,0.260818,-0.024526,9.872787
1755406309979,0.299103,-0.000598,9.863214
1755406309981,0.263211,-0.014955,9.896714
1755406309983,0.282353,-0.019741,9.868001
1755406309985,0.306281,-0.010169,9.894321
1755406309988,0.284746,-0.034098,9.879965
1755406309991,0.275175,-0.029312,9.868001
1755406309993,0.318245,-0.036491,9.868001
1755406309995,0.251246,-0.012562,9.889536
1755406309997,0.267996,-0.048455,9.868001
1755406310000,0.294317,-0.029312,9.865608
1755406310002,0.301496,-0.024526,9.894321
1755406310005,0.291924,-0.002991,9.889536
1755406310008,0.275175,-0.010169,9.887143
1755406310009,0.277567,-0.019741,9.875179
1755406310012,0.267996,-0.019741,9.906285
1755406310014,0.306281,-0.029312,9.879965
1755406310016,0.270389,-0.038883,9.906285
1755406310019,0.299103,-0.029312,9.882358
1755406310023,0.284746,-0.031705,9.899107
1755406310024,0.33021,-0.031705,9.872787
1755406310026,0.29671,-0.029312,9.863214
1755406310029,0.253639,-0.034098,9.906285
1755406310031,0.294317,-0.017348,9.923036
1755406310034,0.299103,-0.014955,9.875179
1755406310036,0.282353,-0.024526,9.875179
1755406310040,0.334995,-0.041276,9.887143
1755406310041,0.272782,-0.007777,9.846465
