1755406965163,0.294317,-0.029312,9.88475
1755406965165,0.275175,-0.002991,9.865608
1755406965166,0.294317,-0.007777,9.856036
1755406965166,0.29671,-0.007777,9.882358
1755406965167,0.291924,-0.014955,9.896714
1755406965168,0.327817,-0.017348,9.879965
1755406965168,0.289532,-0.005384,9.879965
1755406965169,0.275175,-0.017348,9.860822
1755406965170,0.272782,-0.010169,9.868001
1755406965171,0.287139,-0.014955,9.903893
1755406965171,0.265603,-0.029312,9.882358
1755406965172,0.332602,-0.010169,9.88475
1755406965173,0.291924,-0.024526,9.872787
1755406965174,0.272782,-0.005384,9.872787
1755406965175,0.282353,-0.034098,9.891929
1755406965175,0.277567,0.00658,9.920643
1755406965176,0.260818,-0.012562,9.882358
1755406965176,0.287139,-0.036491,9.891929
1755406965177,0.263211,-0.046062,9.882358
1755406965178,0.31346,0.011366,9.865608
1755406965179,0.294317,-0.036491,9.863214
1755406965179,0.303888,-0.031705,9.882358
1755406965180,0.265603,-0.026919,9.870394
1755406965180,0.282353,-0.024526,9.856036
1755406965181,0.260818,-0.012562,9.894321
1755406965182,0.263211,-0.026919,9.877572
1755406965182,0.303888,-0.029312,9.877572
1755406965183,0.291924,-0.017348,9.865608
1755406965184,0.291924,-0.005384,9.858429
1755406965184,0.263211,-0.005384,9.882358
1755406965185,0.260818,-0.012562,9.88475
1755406965186,0.272782,-0.014955,9.913465
1755406965186,0.267996,-0.019741,9.88475
1755406965187,0.265603,-0.010169,9.908679
1755406965187,0.294317,-0.024526,9.865608
1755406965188,0.289532,-0.017348,9.891929
1755406965189,0.282353,-0.005384,9.88475
1755406965189,0.263211,-0.012562,9.853643
1755406965190,0.258425,-0.022134,9.875179
1755406965191,0.284746,0.008973,9.894321
1755406965191,0.265603,-0.014955,9.899107
1755406965191,0.284746,0.00658,9.865608
1755406965192,0.284746,-0.005384,9.889536
1755406965192,0.299103,-0.010169,9.846465
1755406965192,0.29671,-0.002991,9.889536
1755406965193,0.291924,-0.014955,9.875179
1755406965193,0.267996,-0.026919,9.872787
1755406965193,0.289532,-0.000598,9.877572
1755406965194,0.284746,-0.034098,9.870394
1755406965194,0.301496,-0.022134,9.872787
1755406965195,0.325424,-0.024526,9.903893
1755406965195,0.29671,-0.031705,9.889536
1755406965195,0.299103,-0.014955,9.858429
1755406965196,0.256032,-0.026919,9.870394
1755406965196,0.294317,-0.029312,9.877572
1755406965196,0.308674,-0.031705,9.88475
1755406965197,0.31346,-0.017348,9.870394
1755406965197,0.272782,-0.019741,9.903893
1755406965198,0.282353,-0.041276,9.903893
1755406965198,0.241675,-0.017348,9.868001
1755406965201,0.267996,-0.010169,9.872787
1755406965204,0.263211,-0.024526,9.860822
1755406965205,0.29671,-0.017348,9.889536
1755406965207,0.311067,-0.002991,9.870394
1755406965209,0.289532,-0.041276,9.860822
1755406965212,0.323031,-0.036491,9.894321
1755406965214,0.31346,-0.019741,9.882358
1755406965216,0.299103,-0.022134,9.91825
1755406965219,0.299103,-0.010169,9.887143
1755406965222,0.320638,-0.010169,9.877572
1755406965224,0.291924,0.004187,9.870394
1755406965227,0.27996,-0.000598,9.882358
1755406965229,0.29671,-0.010169,9.875179
1755406965232,0.267996,-0.000598,9.891929
1755406965233,0.301496,-0.000598,9.848858
1755406965237,0.311067,-0.024526,9.887143
1755406965239,0.287139,-0.036491,9.88475
1755406965241,0.260818,-0.019741,9.911072
1755406965243,0.275175,-0.038883,9.879965
1755406965245,0.256032,-0.005384,9.882358
1755406965248,0.272782,-0.036491,9.877572
1755406965250,0.306281,-0.041276,9.877572
1755406965253,0.260818,-0.000598,9.88475
1755406965256,0.263211,-0.048455,9.879965
1755406965258,0.301496,-0.007777,9.889536
1755406965260,0.294317,-0.017348,9.894321
1755406965263,0.282353,-0.007777,9.872787
1755406965265,0.287139,-0.041276,9.88475
1755406965267,0.289532,-0.036491,9.882358
1755406965269,0.303888,-0.002991,9.891929
1755406965272,0.289532,-0.014955,9.877572
1755406965274,0.29671,-0.014955,9.875179
1755406965277,0.260818,-0.010169,9.887143
1755406965279,0.289532,-0.062812,9.887143
1755406965281,0.277567,-0.019741,9.868001
1755406965284,0.27996,-0.024526,9.887143
1755406965287,0.29671,-0.000598,9.889536
1755406965290,0.294317,0.008973,9.882358
1755406965291,0.29671,-0.036491,9.9015
1755406965297,0.301496,-0.014955,9.896714
1755406965298,0.265603,-0.017348,9.899107
1755406965299,0.311067,-0.036491,9.9015
1755406965301,0.29671,-0.026919,9.875179
1755406965303,0.31346,-0.077169,9.863214
1755406965305,0.320638,-0.029312,9.877572
1755406965308,0.33021,-0.014955,9.868001
1755406965310,0.284746,-0.014955,9.887143
1755406965313,0.299103,-0.022134,9.903893
1755406965315,0.291924,-0.017348,9.877572
1755406965318,0.260818,-0.000598,9.875179
1755406965320,0.277567,0.004187,9.894321
1755406965322,0.289532,-0.031705,9.889536
1755406965325,0.27996,-0.022134,9.860822
1755406965327,0.277567,-0.022134,9.891929
1755406965330,0.284746,-0.029312,9.891929
1755406965332,0.318245,-0.024526,9.877572
1755406965334,0.315853,-0.046062,9.882358
1755406965337,0.291924,-0.031705,9.891929
1755406965339,0.303888,-0.017348,9.877572
1755406965343,0.289532,-0.038883,9.896714
1755406965344,0.265603,-0.031705,9.903893
1755406965346,0.299103,-0.022134,9.908679
1755406965349,0.272782,-0.041276,9.896714
1755406965351,0.263211,-0.014955,9.870394
1755406965353,0.272782,-0.007777,9.906285
1755406965356,0.270389,-0.007777,9.863214
1755406965359,0.267996,-0.019741,9.875179
1755406965360,0.287139,-0.046062,9.887143
1755406965363,0.294317,-0.014955,9.9015
1755406965365,0.299103,-0.036491,9.894321
1755406965368,0.303888,-0.000598,9.868001
1755406965370,0.306281,-0.019741,9.877572
1755406965372,0.308674,-0.014955,9.863214
1755406965375,0.327817,0.016152,9.865608
1755406965377,0.294317,-0.024526,9.872787
1755406965380,0.275175,-0.034098,9.891929
1755406965382,0.291924,-0.007777,9.889536
1755406965384,0.294317,0.004187,9.877572
1755406965387,0.277567,-0.012562,9.9015
1755406965389,0.270389,-0.029312,9.863214
1755406965392,0.270389,-0.029312,9.872787
1755406965394,0.294317,-0.010169,9.879965
1755406965396,0.260818,-0.002991,9.91825
1755406965399,0.284746,-0.000598,9.879965
1755406965401,0.27996,-0.002991,9.903893
1755406965404,0.308674,-0.062812,9.868001
1755406965406,0.287139,-0.038883,9.865608
1755406965409,0.289532,-0.031705,9.879965
1755406965411,0.301496,0.004187,9.865608
1755406965413,0.299103,-0.055633,9.868001
1755406965415,0.301496,-0.002991,9.870394
1755406965418,0.29671,-0.000598,9.88475
1755406965421,0.301496,-0.022134,9.872787
1755406965423,0.306281,-0.043669,9.889536
1755406965427,0.303888,-0.007777,9.872787
1755406965428,0.318245,-0.026919,9.860822
1755406965431,0.267996,-0.026919,9.887143
1755406965432,0.282353,-0.026919,9.88475
1755406965435,0.258425,0.001795,9.872787
1755406965437,0.277567,-0.058026,9.882358
1755406965440,0.258425,-0.026919,9.896714
1755406965443,0.282353,-0.019741,9.896714
1755406965444,0.253639,-0.038883,9.868001
1755406965447,0.291924,-0.029312,9.908679
1755406965449,0.299103,-0.007777,9.88475
1755406965451,0.265603,-0.002991,9.875179
1755406965454,0.270389,-0.055633,9.860822
1755406965456,0.289532,-0.024526,9.879965
1755406965461,0.289532,-0.046062,9.887143
1755406965463,0.260818,-0.014955,9.894321
1755406965464,0.272782,-0.029312,9.872787
1755406965466,0.291924,0.001795,9.889536
1755406965469,0.299103,-0.012562,9.879965
1755406965471,0.299103,-0.022134,9.877572
1755406965473,0.287139,-0.034098,9.906285
1755406965477,0.29671,-0.026919,9.865608
1755406965478,0.308674,-0.034098,9.870394
1755406965481,0.301496,-0.029312,9.896714
1755406965483,0.303888,-0.031705,9.899107
1755406965485,0.287139,-0.022134,9.877572
1755406965488,0.27996,-0.026919,9.887143
1755406965490,0.320638,-0.012562,9.891929
1755406965494,0.308674,-0.017348,9.868001
1755406965496,0.284746,-0.022134,9.879965
1755406965497,0.258425,0.008973,9.88475
1755406965500,0.289532,-0.012562,9.879965
1755406965503,0.277567,-0.010169,9.875179
1755406965505,0.282353,-0.019741,9.903893
1755406965507,0.265603,0.00658,9.894321
1755406965511,0.287139,-0.014955,9.894321
1755406965512,0.277567,-0.017348,9.891929
1755406965514,0.315853,-0.036491,9.891929
1755406965517,0.272782,-0.010169,9.896714
1755406965519,0.275175,-0.026919,9.879965
1755406965522,0.287139,-0.024526,9.896714
1755406965523,0.294317,-0.036491,9.896714
1755406965526,0.275175,-0.043669,9.879965
1755406965529,0.291924,0.001795,9.887143
1755406965531,0.29671,-0.043669,9.865608
1755406965534,0.287139,-0.019741,9.894321
1755406965535,0.265603,-0.029312,9.858429
1755406965538,0.253639,-0.036491,9.903893
1755406965540,0.308674,-0.012562,9.9015
1755406965543,0.306281,0.016152,9.863214
1755406965546,0.306281,-0.034098,9.908679
1755406965547,0.301496,-0.005384,9.879965
1755406965550,0.306281,-0.012562,9.911072
1755406965552,0.260818,-0.034098,9.858429
1755406965555,0.270389,-0.019741,9.865608
1755406965557,0.27996,-0.012562,9.894321
1755406965560,0.282353,-0.019741,9.899107
1755406965563,0.29671,-0.014955,9.870394
1755406965564,0.277567,-0.048455,9.856036
1755406965567,0.265603,-0.034098,9.877572
1755406965569,0.260818,-0.010169,9.882358
1755406965572,0.287139,-0.034098,9.889536
1755406965574,0.301496,-0.026919,9.913465
1755406965576,0.272782,-0.007777,9.882358
1755406965579,0.291924,-0.012562,9.858429
1755406965581,0.277567,-0.005384,9.856036
1755406965583,0.267996,-0.026919,9.877572
1755406965586,0.253639,-0.014955,9.88475
1755406965588,0.294317,-0.000598,9.875179
1755406965591,0.27996,0.011366,9.88475
1755406965593,0.291924,0.008973,9.877572
1755406965597,0.289532,-0.002991,9.865608
1755406965598,0.299103,-0.026919,9.863214
1755406965600,0.275175,-0.034098,9.851251
1755406965603,0.267996,-0.026919,9.870394
1755406965605,0.275175,-0.014955,9.891929
1755406965607,0.267996,-0.022134,9.889536
1755406965610,0.29671,-0.022134,9.88475
1755406965614,0.270389,-0.024526,9.887143
1755406965615,0.260818,-0.007777,9.872787
1755406965617,0.294317,-0.017348,9.913465
1755406965619,0.299103,-0.010169,9.903893
1755406965622,0.299103,-0.014955,9.870394
1755406965624,0.291924,-0.022134,9.870394
1755406965626,0.275175,-0.014955,9.870394
1755406965630,0.265603,-0.017348,9.899107
1755406965632,0.303888,-0.007777,9.891929
1755406965634,0.33021,-0.065204,9.906285
1755406965637,0.299103,-0.024526,9.88475
1755406965638,0.315853,-0.012562,9.84168
1755406965641,0.291924,-0.014955,9.906285
1755406965644,0.284746,-0.005384,9.930214
1755406965646,0.294317,-0.000598,9.757931
1755406965649,0.272782,-0.08674,9.999905
1755406965650,0.253639,0.011366,9.846465
1755406965653,0.275175,-0.002991,9.856036
1755406965656,0.263211,-0.05324,9.882358
1755406965657,0.294317,-0.048455,9.987941
1755406965660,0.308674,0.032901,9.726824
1755406965664,0.256032,-0.017348,10.064511
1755406965665,0.31346,-0.002991,9.798609
1755406965667,0.311067,-0.000598,9.865608
1755406965670,0.256032,-0.019741,9.891929
1755406965672,0.323031,-0.026919,9.812965
1755406965675,0.253639,-0.034098,9.937392
1755406965677,0.306281,0.037687,9.870394
1755406965679,0.251246,-0.024526,9.894321
1755406965681,0.299103,-0.029312,9.875179
1755406965684,0.289532,-0.055633,9.882358
1755406965687,0.260818,0.018544,9.858429
1755406965689,0.282353,-0.026919,9.79143
1755406965691,0.299103,-0.041276,9.968799
1755406965694,0.27996,-0.043669,9.839287
1755406965696,0.27996,0.025723,9.848858
1755406965699,0.265603,-0.043669,9.851251
1755406965701,0.289532,-0.062812,9.913465
1755406965703,0.289532,-0.010169,9.949656
1755406965706,0.301496,0.028116,9.829716
1755406965708,0.323031,-0.050847,9.920643
1755406965710,0.308674,-0.050847,9.879965
1755406965712,0.263211,-0.019741,9.913465
1755406965715,0.263211,-0.036491,9.836894
1755406965717,0.263211,-0.029312,9.937392
1755406965721,0.323031,-0.010169,9.836894
1755406965722,0.253639,-0.005384,9.877572
1755406965725,0.306281,-0.072383,9.863214
1755406965728,0.284746,0.013759,9.944571
1755406965729,0.275175,-0.014955,9.77468
1755406965732,0.22014,-0.029312,9.9015
1755406965734,0.351745,-0.043669,9.944571
1755406965737,0.265603,0.025723,9.846465
1755406965739,0.258425,-0.026919,9.879965
1755406965742,0.311067,-0.022134,9.932607
1755406965744,0.320638,-0.002991,9.863214
1755406965746,0.227318,-0.014955,9.817751
1755406965748,0.303888,-0.048455,9.939785
1755406965752,0.33021,-0.017348,9.84168
1755406965754,0.248854,-0.019741,9.925428
1755406965756,0.267996,-0.038883,9.865608
1755406965758,0.31346,-0.034098,9.882358
1755406965761,0.287139,-0.036491,9.894321
1755406965763,0.299103,-0.017348,9.834501
1755406965767,0.282353,-0.036491,9.903893
1755406965768,0.301496,-0.034098,9.894321
1755406965770,0.282353,-0.041276,9.846465
1755406965773,0.282353,-0.029312,9.856036
1755406965775,0.311067,-0.029312,9.925428
1755406965777,0.282353,-0.007777,9.9015
1755406965780,0.246461,-0.014955,9.664611
1755406965783,0.349352,-0.060419,9.899107
1755406965785,0.234497,-0.012562,9.734002
1755406965787,0.282353,-0.017348,9.834501
1755406965789,0.212961,0.028116,9.858429
1755406965792,0.256032,0.042473,9.846465
1755406965794,0.315853,-0.012562,9.848858
1755406965796,0.303888,-0.000598,9.891929
1755406965801,0.308674,-0.024526,9.899107
1755406965802,0.263211,-0.031705,9.896714
1755406965804,0.299103,0.016152,9.942178
1755406965807,0.320638,-0.017348,9.889536
1755406965809,0.308674,-0.041276,9.879965
1755406965811,0.306281,-0.002991,9.937392
1755406965813,0.272782,-0.029312,9.913465
1755406965817,0.267996,-0.007777,9.836894
1755406965819,0.284746,-0.022134,9.925428
1755406965821,0.301496,-0.010169,9.863214
1755406965823,0.272782,-0.026919,9.832108
1755406965825,0.277567,-0.024526,9.887143
1755406965828,0.291924,-0.034098,9.865608
1755406965830,0.294317,-0.002991,9.896714
1755406965834,0.31346,-0.022134,9.911072
1755406965835,0.265603,-0.029312,9.879965
1755406965837,0.287139,-0.014955,9.894321
1755406965840,0.284746,-0.024526,9.858429
1755406965842,0.291924,-0.012562,9.863214
1755406965844,0.267996,-0.024526,9.927821
1755406965847,0.27996,-0.022134,9.856036
1755406965849,0.258425,-0.055633,9.908679
1755406965853,0.263211,-0.058026,9.836894
1755406965854,0.270389,0.001795,9.877572
1755406965857,0.270389,0.004187,9.968799
1755406965859,0.287139,-0.010169,9.77468
1755406965861,0.306281,-0.10349,9.91825
1755406965863,0.265603,-0.005384,9.865608
1755406965866,0.29671,-0.012562,9.911072
1755406965868,0.308674,-0.002991,9.820144
1755406965871,0.311067,-0.026919,10.033404
1755406965873,0.299103,0.04008,9.757931
1755406965875,0.289532,-0.062812,9.956834
1755406965878,0.31346,-0.034098,9.769895
1755406965880,0.306281,-0.072383,9.964012
1755406965883,0.244068,0.044865,9.805787
1755406965885,0.260818,-0.038883,9.971191
1755406965888,0.282353,-0.012562,9.798609
1755406965890,0.320638,-0.050847,9.956834
1755406965892,0.246461,0.054437,9.851251
1755406965895,0.282353,-0.010169,9.934999
1755406965897,0.284746,-0.014955,9.822537
1755406965899,0.306281,-0.043669,9.980762
1755406965902,0.282353,0.02333,9.796216
1755406965904,0.263211,-0.062812,9.934999
1755406965907,0.27996,-0.029312,9.820144
1755406965909,0.325424,-0.036491,9.999905
1755406965911,0.303888,0.032901,9.729217
1755406965914,0.301496,-0.101097,10.040583
1755406965916,0.351745,-0.022134,9.803394
1755406965919,0.241675,0.004187,9.980762
1755406965921,0.289532,-0.031705,9.743574
1755406965924,0.284746,-0.031705,10.045368
1755406965926,0.337388,-0.000598,9.765109
1755406965929,0.251246,-0.012562,9.939785
1755406965930,0.346959,-0.062812,9.872787
1755406965933,0.267996,-0.002991,9.865608
1755406965936,0.284746,-0.041276,9.834501
1755406965938,0.301496,-0.007777,9.846465
1755406965941,0.311067,-0.048455,9.964012
1755406965944,0.294317,-0.019741,9.772287
1755406965945,0.325424,-0.060419,10.066904
1755406965947,0.354138,-0.002991,9.777073
1755406965950,0.253639,0.013759,9.944571
1755406965953,0.275175,-0.031705,9.755538
1755406965955,0.289532,-0.024526,9.990334
1755406965957,0.320638,-0.014955,9.839287
1755406965960,0.234497,-0.007777,9.853643
1755406965962,0.294317,-0.062812,9.927821
1755406965964,0.318245,0.032901,9.839287
1755406965967,0.265603,-0.000598,9.947263
1755406965970,0.294317,0.018544,9.911072
1755406965973,0.320638,0.016152,9.906285
1755406965975,0.236889,-0.046062,9.767502
1755406965976,0.289532,-0.08674,9.894321
1755406965978,0.332602,-0.012562,9.84168
1755406965981,0.27996,-0.012562,9.908679
1755406965983,0.284746,0.001795,9.891929
1755406965987,0.325424,-0.024526,9.872787
1755406965991,0.29671,-0.055633,9.882358
1755406965992,0.301496,-0.041276,9.872787
1755406965993,0.291924,-0.031705,9.887143
1755406965995,0.263211,0.013759,9.834501
1755406965998,0.337388,-0.022134,9.959227
1755406966001,0.337388,-0.065204,9.906285
1755406966004,0.282353,0.004187,9.891929
1755406966005,0.284746,-0.017348,9.934999
1755406966007,0.287139,0.001795,9.832108
1755406966010,0.325424,-0.002991,10.052547
1755406966012,0.191127,0.054437,9.700503
1755406966014,0.287139,-0.005384,9.934999
1755406966017,0.318245,-0.010169,10.050154
1755406966020,0.332602,-0.050847,10.00469
1755406966022,0.232104,0.008973,9.793823
1755406966024,0.301496,0.004187,9.88475
1755406966026,0.263211,0.02333,9.942178
1755406966029,0.282353,0.028116,10.052547
1755406966031,0.27996,-0.05324,9.77468
1755406966034,0.325424,-0.029312,10.019048
1755406966036,0.260818,-0.031705,9.777073
1755406966039,0.258425,-0.014955,9.793823
1755406966041,0.318245,0.016152,9.937392
1755406966044,0.265603,-0.036491,9.908679
1755406966046,0.356531,0.008973,10.040583
1755406966048,0.318245,-0.002991,9.923036
1755406966051,0.267996,-0.017348,9.952048
1755406966053,0.210568,0.037687,9.887143
1755406966056,0.253639,-0.007777,9.872787
1755406966058,0.20339,0.042473,9.724431
1755406966060,0.320638,-0.019741,9.927821
1755406966063,0.351745,-0.050847,10.002297
1755406966065,0.217747,0.008973,9.812965
1755406966067,0.349352,-0.031705,10.138689
1755406966070,0.339781,-0.010169,9.985548
1755406966072,0.234497,-0.014955,9.77468
1755406966076,0.234497,0.049651,10.007083
1755406966077,0.301496,-0.012562,9.865608
1755406966079,0.291924,-0.050847,9.667004
1755406966082,0.409173,-0.08674,10.138689
1755406966084,0.284746,-0.014955,9.834501
1755406966086,0.289532,-0.08674,9.707682
1755406966089,0.332602,-0.058026,9.997512
1755406966092,0.289532,-0.029312,10.045368
1755406966094,0.33021,-0.026919,9.995119
1755406966096,0.267996,0.032901,9.856036
1755406966098,0.284746,0.001795,9.889536
1755406966101,0.299103,-0.046062,9.82493
1755406966103,0.299103,-0.017348,9.860822
1755406966106,0.284746,0.008973,9.896714
1755406966108,0.306281,-0.010169,9.906285
1755406966110,0.31346,-0.026919,9.923036
1755406966113,0.311067,-0.038883,9.872787
1755406966115,0.291924,-0.026919,9.882358
1755406966117,0.27996,-0.024526,9.9015
1755406966120,0.294317,0.008973,9.882358
1755406966123,0.287139,-0.026919,9.872787
1755406966125,0.287139,-0.022134,9.882358
1755406966127,0.308674,-0.022134,9.868001
1755406966130,0.303888,-0.029312,9.875179
1755406966132,0.291924,-0.000598,9.903893
1755406966134,0.311067,0.001795,9.872787
1755406966137,0.275175,-0.012562,9.863214
1755406966140,0.29671,-0.005384,9.879965
1755406966142,0.320638,-0.019741,9.856036
1755406966144,0.31346,-0.038883,9.860822
1755406966147,0.325424,-0.031705,9.9015
1755406966148,0.299103,-0.029312,9.887143
1755406966151,0.289532,-0.022134,9.889536
1755406966154,0.275175,-0.029312,9.882358
1755406966157,0.306281,-0.000598,9.894321
1755406966158,0.299103,-0.034098,9.894321
1755406966161,0.248854,-0.026919,9.894321
1755406966163,0.284746,-0.019741,9.887143
1755406966166,0.284746,-0.034098,9.891929
1755406966168,0.306281,-0.036491,9.875179
1755406966171,0.311067,-0.007777,9.877572
1755406966174,0.267996,-0.005384,9.868001
1755406966178,0.27996,-0.019741,9.891929
1755406966179,0.277567,-0.017348,9.875179
1755406966180,0.27996,-0.022134,9.872787
1755406966182,0.277567,-0.019741,9.865608
1755406966184,0.315853,-0.000598,9.908679
1755406966187,0.287139,0.001795,9.872787
1755406966191,0.301496,-0.014955,9.858429
1755406966193,0.318245,-0.031705,9.975977
1755406966195,0.303888,-0.026919,9.872787
1755406966196,0.263211,0.020937,9.927821
1755406966199,0.294317,0.013759,9.829716
1755406966201,0.256032,-0.036491,9.879965
1755406966204,0.287139,-0.019741,9.801002
1755406966208,0.29671,-0.05324,9.942178
1755406966209,0.334995,-0.019741,9.798609
1755406966211,0.251246,-0.010169,9.968799
1755406966214,0.311067,0.004187,9.84168
1755406966216,0.291924,-0.038883,9.822537
1755406966218,0.282353,-0.084347,9.891929
1755406966221,0.332602,0.090329,9.983155
1755406966223,0.282353,0.032901,9.882358
1755406966226,0.212961,0.011366,9.939785
1755406966228,0.392423,-0.120239,9.652647
1755406966230,0.16002,-0.079561,10.093225
1755406966233,0.368495,0.042473,9.729217
1755406966235,0.152842,0.083151,10.176973
1755406966237,0.397209,0.020937,9.659825
1755406966240,0.179163,-0.139382,10.021441
1755406966243,0.392423,-0.050847,9.623933
1755406966245,0.200997,0.02333,10.210473
1755406966247,0.413958,0.085543,9.65504
1755406966250,0.152842,-0.098704,10.076475
1755406966252,0.394816,-0.089133,9.614362
1755406966254,0.167198,-0.079561,10.136296
1755406966256,0.445065,0.068794,9.650253
1755406966259,0.186341,-0.036491,10.129117
1755406966261,0.394816,-0.029312,9.607183
1755406966264,0.174377,-0.108275,10.026226
1755406966266,0.334995,0.075972,9.77468
1755406966268,0.227318,0.020937,10.062119
1755406966271,0.342174,0.032901,9.729217
1755406966273,0.248854,-0.10349,9.899107
1755406966276,0.27996,-0.055633,9.834501
1755406966278,0.308674,-0.010169,9.939785
1755406966281,0.272782,0.066401,9.899107
1755406966283,0.327817,-0.031705,9.815358
1755406966285,0.236889,-0.048455,9.913465
1755406966288,0.327817,-0.050847,9.82493
1755406966290,0.236889,0.004187,10.021441
1755406966293,0.375673,-0.019741,9.729217
1755406966297,0.19352,-0.046062,10.035797
1755406966299,0.378066,-0.019741,9.664611
1755406966300,0.19352,-0.031705,10.117153
1755406966302,0.380459,0.035294,9.659825
1755406966305,0.195912,-0.06999,10.126724
1755406966307,0.39003,0.011366,9.638289
1755406966310,0.186341,-0.074776,10.098011
1755406966314,0.366102,0.054437,9.753145
1755406966316,0.210568,-0.05324,10.066904
1755406966317,0.289532,0.035294,9.844072
1755406966319,0.339781,-0.105882,9.801002
1755406966321,0.265603,-0.05324,9.942178
1755406966323,0.366102,-0.014955,9.698111
1755406966326,0.186341,-0.031705,10.13151
1755406966328,0.416351,0.049651,9.676575
1755406966331,0.181555,-0.074776,10.107582
1755406966334,0.361316,0.013759,9.705289
1755406966336,0.222533,-0.067597,9.923036
1755406966338,0.272782,-0.017348,9.865608
1755406966340,0.308674,-0.031705,9.757931
1755406966344,0.200997,-0.038883,10.064511
1755406966346,0.404387,0.028116,9.698111
1755406966348,0.210568,-0.041276,10.03819
1755406966351,0.346959,0.025723,9.781859
1755406966352,0.287139,-0.048455,9.839287
1755406966355,0.258425,-0.019741,10.031012
1755406966357,0.401994,0.020937,9.688539
1755406966361,0.188734,-0.074776,10.026226
1755406966363,0.39003,0.075972,9.77468
1755406966365,0.234497,-0.060419,9.891929
1755406966367,0.260818,0.011366,9.961619
1755406966369,0.387637,0.001795,9.765109
1755406966371,0.208176,-0.024526,10.102797
1755406966374,0.40678,0.04008,9.657433
1755406966378,0.217747,-0.101097,10.03819
1755406966379,0.299103,0.020937,9.77468
1755406966381,0.311067,-0.050847,9.875179
1755406966384,0.22014,-0.002991,10.019048
1755406966386,0.380459,0.008973,9.71486
1755406966388,0.174377,-0.048455,10.14826
1755406966391,0.404387,0.028116,9.643075
1755406966393,0.210568,-0.084347,10.028619
1755406966396,0.294317,0.02333,9.79143
1755406966398,0.308674,-0.050847,9.889536
1755406966400,0.246461,0.001795,10.00469
1755406966403,0.361316,-0.005384,9.710074
1755406966405,0.229711,-0.046062,10.121939
1755406966407,0.39003,0.032901,9.616755
1755406966410,0.169591,-0.074776,10.074082
1755406966413,0.337388,0.044865,9.734002
1755406966416,0.246461,-0.017348,10.007083
1755406966417,0.315853,0.018544,9.812965
1755406966419,0.323031,-0.081954,9.88475
1755406966422,0.241675,-0.019741,9.911072
1755406966424,0.31346,-0.031705,9.839287
1755406966427,0.260818,0.004187,10.045368
1755406966430,0.356531,-0.000598,9.662218
1755406966431,0.195912,-0.050847,10.119546
1755406966434,0.435494,-0.000598,9.592826
1755406966436,0.181555,-0.079561,10.150653
1755406966439,0.368495,0.087936,9.650253
1755406966441,0.232104,-0.065204,10.066904
1755406966443,0.332602,0.013759,9.729217
1755406966446,0.29671,-0.091525,9.9015
1755406966448,0.251246,0.008973,9.911072
1755406966450,0.351745,-0.007777,9.829716
1755406966454,0.22014,-0.041276,9.949656
1755406966456,0.368495,-0.046062,9.796216
1755406966459,0.224925,-0.010169,9.954441
1755406966460,0.33021,0.025723,9.760324
1755406966463,0.275175,-0.029312,9.949656
1755406966467,0.344566,-0.022134,9.820144
1755406966468,0.27996,-0.019741,9.889536
1755406966470,0.311067,-0.010169,9.863214
1755406966472,0.284746,-0.002991,9.903893
1755406966475,0.284746,-0.007777,9.882358
1755406966477,0.287139,-0.034098,9.875179
1755406966480,0.277567,-0.024526,9.899107
1755406966482,0.289532,-0.031705,9.887143
1755406966484,0.260818,-0.024526,9.870394
1755406966487,0.29671,-0.010169,9.88475
1755406966489,0.260818,0.00658,9.887143
1755406966492,0.303888,-0.036491,9.911072
1755406966494,0.325424,-0.024526,9.856036
1755406966496,0.282353,-0.048455,9.887143
1755406966499,0.287139,-0.029312,9.889536
1755406966501,0.275175,-0.017348,9.927821
1755406966503,0.325424,0.001795,9.844072
1755406966506,0.303888,-0.041276,9.903893
1755406966508,0.291924,-0.034098,9.891929
1755406966511,0.267996,-0.036491,9.868001
1755406966514,0.284746,-0.026919,9.870394
1755406966516,0.291924,-0.010169,9.829716
1755406966518,0.275175,-0.024526,9.949656
1755406966520,0.291924,0.004187,9.810573
1755406966522,0.277567,-0.058026,9.872787
1755406966525,0.31346,-0.014955,9.882358
1755406966527,0.270389,-0.046062,9.836894
1755406966530,0.289532,-0.017348,9.944571
1755406966533,0.265603,0.018544,9.942178
1755406966535,0.301496,0.011366,9.839287
1755406966537,0.299103,-0.048455,9.875179
1755406966539,0.275175,-0.046062,9.952048
1755406966543,0.308674,-0.005384,9.836894
1755406966544,0.267996,-0.036491,9.882358
1755406966548,0.289532,-0.000598,9.88475
1755406966551,0.323031,0.00658,9.858429
1755406966552,0.258425,-0.050847,9.923036
1755406966553,0.301496,-0.012562,9.906285
1755406966557,0.253639,0.008973,9.810573
1755406966558,0.291924,-0.017348,9.896714
1755406966561,0.277567,-0.031705,9.836894
1755406966563,0.260818,-0.019741,9.937392
1755406966567,0.27996,-0.014955,9.848858
1755406966568,0.267996,-0.029312,9.851251
1755406966571,0.272782,-0.024526,9.870394
1755406966573,0.277567,0.004187,9.999905
1755406966575,0.311067,0.008973,9.846465
1755406966578,0.263211,-0.074776,9.84168
1755406966582,0.299103,-0.019741,9.899107
1755406966583,0.311067,0.049651,9.84168
1755406966585,0.265603,-0.046062,9.906285
1755406966587,0.294317,-0.058026,9.906285
1755406966590,0.294317,-0.000598,9.846465
1755406966592,0.188734,-0.06999,9.937392
1755406966595,0.349352,0.025723,9.870394
1755406966597,0.303888,0.013759,9.942178
1755406966599,0.239282,-0.058026,9.829716
1755406966602,0.368495,-0.029312,9.798609
1755406966604,0.282353,-0.029312,9.927821
1755406966606,0.270389,-0.062812,9.925428
1755406966609,0.39003,0.028116,9.753145
1755406966611,0.232104,-0.050847,9.934999
1755406966613,0.263211,-0.019741,9.932607
1755406966617,0.346959,-0.012562,9.736395
1755406966618,0.267996,-0.077169,9.908679
1755406966622,0.318245,-0.007777,9.968799
1755406966623,0.351745,0.020937,9.736395
1755406966625,0.253639,-0.036491,9.911072
1755406966628,0.244068,-0.058026,9.997512
1755406966630,0.387637,0.016152,9.738789
1755406966633,0.229711,-0.067597,9.920643
1755406966637,0.256032,-0.034098,9.952048
1755406966638,0.356531,0.020937,9.817751
1755406966640,0.232104,-0.058026,9.870394
1755406966642,0.246461,-0.058026,9.966406
1755406966645,0.37328,0.028116,9.741181
1755406966647,0.232104,-0.05324,9.9015
1755406966650,0.258425,-0.041276,9.995119
1755406966652,0.370888,0.042473,9.712467
1755406966655,0.234497,-0.055633,9.920643
1755406966657,0.239282,-0.014955,10.009477
1755406966659,0.380459,0.018544,9.736395
1755406966662,0.232104,-0.048455,9.894321
1755406966664,0.260818,0.008973,10.021441
1755406966667,0.361316,0.02333,9.724431
1755406966669,0.17677,-0.048455,10.047761
1755406966671,0.327817,0.00658,9.868001
1755406966674,0.306281,-0.048455,9.79143
1755406966676,0.22014,-0.019741,10.028619
1755406966679,0.385244,0.049651,9.820144
1755406966681,0.244068,-0.084347,9.899107
1755406966684,0.361316,-0.026919,9.844072
1755406966686,0.31346,-0.062812,9.810573
1755406966688,0.229711,-0.012562,9.997512
1755406966690,0.380459,0.020937,9.757931
1755406966693,0.186341,-0.000598,10.07169
1755406966695,0.325424,0.044865,9.822537
1755406966697,0.272782,-0.058026,9.815358
1755406966701,0.232104,-0.058026,9.896714
1755406966703,0.342174,-0.055633,9.707682
1755406966705,0.212961,-0.036491,10.062119
1755406966707,0.404387,0.078365,9.755538
1755406966709,0.198604,-0.010169,10.112368
1755406966713,0.339781,0.001795,9.690931
1755406966714,0.236889,-0.125025,9.980762
1755406966718,0.339781,0.00658,9.793823
1755406966720,0.263211,0.052044,9.954441
1755406966722,0.334995,0.054437,9.889536
1755406966724,0.29671,-0.08674,9.875179
1755406966727,0.260818,-0.074776,9.812965
1755406966729,0.263211,-0.019741,9.959227
1755406966731,0.27996,0.037687,9.896714
1755406966735,0.289532,-0.046062,9.803394
1755406966736,0.291924,-0.031705,9.870394
1755406966739,0.325424,-0.012562,9.899107
1755406966740,0.244068,0.018544,9.801002
1755406966744,0.272782,-0.055633,9.923036
1755406966746,0.267996,0.00658,9.879965
1755406966748,0.306281,-0.010169,9.956834
1755406966752,0.244068,-0.036491,9.829716
1755406966753,0.291924,-0.031705,9.983155
1755406966756,0.287139,-0.012562,9.789038
1755406966758,0.253639,-0.000598,9.932607
1755406966760,0.301496,0.018544,9.834501
1755406966762,0.275175,-0.024526,9.899107
1755406966764,0.282353,-0.007777,9.91825
1755406966767,0.308674,0.011366,9.822537
1755406966769,0.277567,-0.034098,9.949656
1755406966772,0.27996,0.028116,9.82493
1755406966774,0.256032,-0.019741,9.942178
1755406966776,0.31346,-0.010169,9.779466
1755406966779,0.263211,-0.036491,9.973584
1755406966781,0.299103,-0.005384,9.820144
1755406966786,0.27996,-0.022134,9.939785
1755406966787,0.275175,-0.007777,9.865608
1755406966789,0.303888,0.00658,9.872787
1755406966791,0.301496,-0.048455,9.894321
1755406966793,0.289532,-0.014955,9.860822
1755406966796,0.239282,-0.029312,9.908679
1755406966798,0.303888,0.00658,9.863214
1755406966800,0.27996,-0.014955,9.9015
1755406966804,0.299103,-0.017348,9.863214
1755406966806,0.277567,-0.034098,9.9015
1755406966808,0.287139,0.011366,9.882358
1755406966810,0.301496,-0.019741,9.887143
1755406966814,0.306281,-0.005384,9.899107
1755406966815,0.303888,-0.029312,9.887143
1755406966817,0.260818,-0.043669,9.868001
1755406966821,0.291924,-0.036491,9.870394
1755406966822,0.294317,-0.022134,9.872787
1755406966826,0.277567,-0.022134,9.836894
1755406966827,0.303888,-0.019741,9.915857
1755406966830,0.265603,-0.022134,9.846465
1755406966832,0.289532,-0.024526,9.882358
1755406966834,0.299103,0.001795,9.863214
1755406966837,0.265603,0.001795,9.865608
1755406966840,0.311067,-0.029312,9.879965
1755406966841,0.342174,-0.000598,9.899107
1755406966844,0.33021,-0.060419,9.911072
1755406966847,0.291924,0.016152,9.891929
1755406966848,0.258425,0.016152,9.860822
1755406966851,0.31346,-0.007777,9.879965
1755406966860,0.284746,-0.005384,9.786645
1755406966862,0.275175,-0.041276,9.848858
1755406966863,0.294317,-0.012562,9.920643
1755406966864,0.29671,-0.012562,9.961619
1755406966865,0.315853,-0.000598,9.896714
1755406966867,0.272782,-0.026919,9.930214
1755406966868,0.272782,0.004187,9.798609
1755406966871,0.287139,-0.012562,9.832108
1755406966873,0.282353,0.011366,9.877572
1755406966875,0.301496,-0.007777,9.870394
1755406966877,0.303888,-0.036491,9.961619
1755406966879,0.27996,-0.029312,9.911072
1755406966882,0.284746,-0.038883,9.863214
1755406966884,0.265603,0.004187,9.815358
1755406966888,0.299103,-0.022134,9.868001
1755406966890,0.294317,-0.002991,9.964012
1755406966891,0.299103,-0.012562,9.863214
1755406966894,0.29671,-0.022134,9.870394
1755406966896,0.275175,-0.058026,9.903893
1755406966899,0.294317,-0.048455,9.879965
1755406966901,0.256032,-0.036491,9.812965
1755406966905,0.294317,-0.017348,9.934999
1755406966907,0.303888,-0.012562,9.810573
1755406966908,0.311067,-0.014955,9.930214
1755406966911,0.289532,-0.029312,9.879965
1755406966913,0.311067,0.008973,9.872787
1755406966915,0.299103,-0.000598,9.903893
1755406966918,0.258425,-0.014955,9.84168
1755406966922,0.27996,-0.026919,9.911072
1755406966923,0.282353,-0.014955,9.868001
1755406966925,0.291924,-0.024526,9.860822
1755406966927,0.29671,-0.058026,9.882358
1755406966930,0.299103,-0.014955,9.887143
1755406966932,0.294317,-0.050847,9.846465
1755406966935,0.277567,-0.005384,9.887143
1755406966937,0.277567,-0.026919,9.88475
1755406966940,0.260818,-0.012562,9.889536
1755406966942,0.248854,-0.017348,9.903893
1755406966944,0.294317,-0.002991,9.868001
1755406966947,0.311067,-0.034098,9.853643
1755406966949,0.29671,-0.060419,9.870394
1755406966952,0.315853,-0.050847,9.803394
1755406966954,0.301496,-0.050847,9.956834
1755406966956,0.332602,0.080758,9.88475
1755406966959,0.277567,0.02333,9.927821
1755406966961,0.244068,-0.038883,9.827323
1755406966964,0.291924,-0.074776,9.882358
1755406966966,0.253639,-0.017348,9.980762
1755406966968,0.277567,0.028116,9.760324
1755406966970,0.282353,-0.06999,9.879965
1755406966973,0.349352,-0.026919,9.863214
1755406966977,0.27996,-0.017348,9.913465
1755406966978,0.289532,-0.024526,9.793823
1755406966980,0.272782,-0.072383,10.059726
1755406966983,0.301496,0.04008,9.79143
1755406966985,0.234497,-0.043669,9.911072
1755406966988,0.323031,-0.05324,9.789038
1755406966990,0.275175,-0.034098,10.031012
1755406966992,0.306281,0.049651,9.772287
1755406966995,0.248854,-0.024526,9.927821
1755406966997,0.320638,-0.024526,9.789038
1755406966999,0.294317,-0.029312,9.999905
1755406967002,0.263211,0.104686,9.803394
1755406967004,0.301496,-0.029312,9.908679
1755406967007,0.256032,-0.046062,9.863214
1755406967009,0.325424,-0.014955,9.906285
1755406967011,0.251246,0.001795,9.796216
1755406967014,0.267996,-0.05324,9.952048
1755406967016,0.277567,-0.031705,9.810573
1755406967019,0.275175,-0.010169,9.894321
1755406967021,0.29671,-0.036491,9.851251
1755406967024,0.306281,-0.046062,9.896714
1755406967026,0.265603,-0.058026,9.891929
1755406967029,0.263211,-0.010169,9.844072
1755406967031,0.29671,-0.029312,9.911072
1755406967033,0.311067,-0.017348,9.834501
1755406967035,0.260818,-0.024526,9.91825
1755406967038,0.289532,-0.010169,9.836894
1755406967041,0.291924,-0.041276,9.863214
1755406967044,0.258425,-0.012562,9.882358
1755406967045,0.289532,0.001795,9.9015
1755406967047,0.303888,-0.017348,9.906285
1755406967050,0.291924,-0.034098,9.889536
1755406967052,0.299103,-0.026919,9.875179
1755406967054,0.311067,-0.022134,9.879965
1755406967058,0.291924,-0.041276,9.882358
1755406967060,0.277567,-0.029312,9.896714
1755406967062,0.294317,-0.017348,9.856036
1755406967064,0.284746,0.001795,9.875179
1755406967067,0.31346,-0.024526,9.88475
1755406967069,0.291924,-0.014955,9.889536
1755406967071,0.291924,-0.019741,9.88475
1755406967075,0.277567,0.001795,9.889536
1755406967078,0.303888,-0.019741,9.853643
1755406967080,0.263211,-0.005384,9.88475
1755406967081,0.239282,0.011366,9.858429
1755406967083,0.263211,-0.031705,9.896714
1755406967086,0.308674,-0.012562,9.877572
1755406967088,0.267996,-0.010169,9.853643
1755406967092,0.282353,-0.043669,9.834501
1755406967093,0.291924,-0.024526,9.853643
1755406967096,0.265603,-0.000598,9.887143
1755406967098,0.325424,-0.017348,9.846465
1755406967100,0.265603,-0.058026,9.949656
1755406967102,0.303888,-0.022134,9.846465
1755406967105,0.265603,0.004187,9.906285
1755406967109,0.315853,0.013759,9.865608
1755406967111,0.267996,-0.026919,9.887143
1755406967112,0.291924,0.013759,9.903893
1755406967114,0.306281,-0.050847,9.925428
1755406967117,0.275175,-0.002991,9.858429
1755406967119,0.270389,0.011366,9.88475
1755406967122,0.277567,0.001795,9.868001
1755406967124,0.282353,-0.024526,9.906285
1755406967127,0.301496,0.037687,9.848858
1755406967129,0.308674,-0.000598,9.889536
1755406967131,0.275175,-0.036491,9.877572
1755406967133,0.299103,-0.041276,9.896714
1755406967136,0.308674,-0.024526,9.853643
1755406967140,0.27996,-0.014955,9.891929
1755406967141,0.318245,-0.017348,9.887143
1755406967144,0.291924,-0.036491,9.810573
1755406967146,0.270389,-0.046062,9.952048
1755406967148,0.287139,0.004187,9.997512
1755406967151,0.318245,0.032901,9.745967
1755406967153,0.212961,-0.079561,9.997512
1755406967155,0.366102,-0.041276,9.698111
1755406967157,0.256032,-0.036491,10.059726
1755406967160,0.301496,0.102293,9.765109
1755406967162,0.251246,-0.041276,9.999905
1755406967165,0.289532,-0.022134,9.726824
1755406967167,0.289532,-0.06999,9.956834
1755406967170,0.277567,0.064008,9.844072
1755406967172,0.294317,-0.002991,9.942178
1755406967174,0.315853,-0.017348,9.827323
1755406967177,0.31346,-0.108275,9.879965
1755406967179,0.277567,-0.005384,9.923036
1755406967182,0.303888,0.013759,9.923036
1755406967184,0.258425,-0.019741,9.9015
1755406967187,0.320638,-0.079561,9.80818
1755406967189,0.200997,-0.046062,9.947263
1755406967191,0.308674,0.02333,9.860822
1755406967194,0.272782,0.008973,9.887143
1755406967197,0.344566,-0.067597,9.832108
1755406967199,0.263211,-0.010169,9.879965
1755406967201,0.337388,0.008973,9.865608
1755406967203,0.277567,0.016152,9.860822
1755406967205,0.325424,-0.079561,9.858429
1755406967208,0.258425,-0.005384,9.911072
1755406967211,0.291924,0.02333,9.9015
1755406967214,0.263211,-0.000598,9.82493
1755406967216,0.327817,-0.10349,9.88475
1755406967217,0.258425,-0.029312,9.88475
1755406967220,0.303888,-0.005384,9.942178
1755406967222,0.289532,0.011366,9.827323
1755406967225,0.325424,-0.098704,9.882358
1755406967228,0.272782,-0.005384,9.887143
1755406967231,0.289532,0.004187,9.932607
1755406967232,0.287139,0.018544,9.877572
1755406967234,0.320638,-0.089133,9.879965
1755406967237,0.287139,-0.046062,9.868001
1755406967239,0.270389,-0.010169,9.868001
1755406967242,0.248854,0.066401,9.956834
1755406967245,0.320638,-0.036491,9.786645
1755406967246,0.246461,-0.08674,9.875179
1755406967250,0.315853,-0.067597,9.848858
1755406967251,0.244068,0.020937,9.932607
1755406967254,0.339781,-0.005384,9.812965
1755406967256,0.229711,-0.072383,9.947263
1755406967258,0.299103,-0.022134,9.839287
1755406967261,0.234497,-0.000598,9.879965
1755406967263,0.301496,-0.012562,9.930214
1755406967266,0.299103,0.013759,9.827323
1755406967268,0.272782,-0.026919,9.930214
1755406967271,0.31346,-0.029312,9.82493
1755406967273,0.308674,-0.019741,9.9015
1755406967275,0.311067,-0.034098,9.875179
1755406967278,0.275175,0.00658,9.856036
1755406967280,0.267996,-0.007777,9.877572
1755406967283,0.27996,-0.029312,9.868001
1755406967284,0.291924,0.013759,9.844072
1755406967287,0.272782,-0.038883,9.949656
1755406967289,0.323031,-0.036491,9.856036
1755406967291,0.251246,-0.012562,9.88475
1755406967296,0.277567,-0.005384,9.858429
1755406967297,0.337388,-0.029312,9.891929
1755406967299,0.291924,-0.010169,9.923036
1755406967302,0.291924,-0.034098,9.889536
1755406967304,0.267996,-0.012562,9.887143
1755406967306,0.29671,-0.050847,9.887143
1755406967308,0.323031,-0.041276,9.844072
1755406967311,0.212961,-0.019741,9.870394
1755406967314,0.234497,-0.022134,9.815358
1755406967316,0.265603,0.008973,9.856036
1755406967319,0.29671,-0.065204,9.932607
1755406967321,0.284746,-0.055633,10.007083
1755406967323,0.282353,-0.007777,9.870394
1755406967325,0.308674,-0.034098,9.971191
1755406967327,0.294317,-0.007777,9.757931
1755406967330,0.356531,-0.108275,9.992726
1755406967332,0.299103,-0.026919,9.846465
1755406967335,0.306281,-0.010169,9.987941
1755406967337,0.29671,-0.05324,9.860822
1755406967339,0.325424,-0.026919,9.966406
1755406967343,0.301496,-0.002991,9.934999
1755406967344,0.318245,-0.050847,9.796216
1755406967347,0.337388,-0.038883,9.882358
1755406967349,0.308674,-0.024526,9.942178
1755406967352,0.29671,0.020937,9.863214
1755406967355,0.248854,0.008973,9.899107
1755406967356,0.272782,0.008973,9.944571
1755406967359,0.303888,-0.022134,9.856036
1755406967361,0.31346,-0.024526,9.91825
1755406967364,0.258425,0.004187,9.815358
1755406967366,0.299103,-0.019741,9.908679
1755406967368,0.239282,0.00658,9.865608
1755406967371,0.29671,-0.046062,9.942178
1755406967373,0.267996,-0.012562,9.865608
1755406967375,0.291924,-0.031705,9.911072
1755406967378,0.282353,0.001795,9.848858
1755406967381,0.258425,-0.007777,9.836894
1755406967383,0.270389,-0.048455,9.853643
1755406967385,0.308674,-0.041276,9.932607
1755406967387,0.325424,-0.029312,9.930214
1755406967390,0.272782,0.001795,9.875179
1755406967393,0.291924,-0.036491,9.88475
1755406967395,0.308674,-0.041276,9.863214
1755406967398,0.289532,-0.036491,9.879965
1755406967400,0.284746,-0.012562,9.875179
1755406967402,0.27996,-0.031705,9.896714
1755406967405,0.291924,-0.022134,9.870394
1755406967407,0.282353,-0.019741,9.889536
1755406967409,0.282353,-0.002991,9.894321
1755406967411,0.299103,-0.029312,9.860822
1755406967415,0.253639,-0.031705,9.872787
1755406967418,0.303888,-0.024526,9.894321
1755406967420,0.320638,-0.029312,9.851251
1755406967421,0.277567,-0.029312,9.889536
1755406967423,0.29671,-0.005384,9.777073
1755406967426,0.236889,-0.022134,10.083653
1755406967428,0.325424,0.083151,9.710074
1755406967432,0.265603,-0.074776,9.903893
1755406967435,0.277567,-0.029312,10.026226
1755406967436,0.358923,0.001795,9.566504
1755406967438,0.12652,-0.101097,10.217651
1755406967440,0.454636,0.035294,9.58804
1755406967442,0.152842,-0.067597,10.188938
1755406967445,0.368495,0.068794,9.683753
1755406967447,0.232104,-0.098704,10.028619
1755406967453,0.318245,0.001795,9.760324
1755406967454,0.256032,-0.084347,9.879965
1755406967455,0.253639,0.011366,9.987941
1755406967457,0.361316,-0.005384,9.74836
1755406967459,0.217747,-0.005384,10.074082
1755406967462,0.413958,-0.043669,9.576077
1755406967464,0.14327,-0.098704,10.153046
1755406967467,0.42353,0.049651,9.585648
1755406967469,0.145663,-0.038883,10.236794
1755406967471,0.413958,0.075972,9.590433
1755406967474,0.179163,-0.105882,10.117153
1755406967477,0.37328,-0.026919,9.600004
1755406967479,0.234497,-0.113061,10.023833
1755406967481,0.299103,0.092722,9.851251
1755406967484,0.308674,-0.010169,9.882358
1755406967486,0.227318,0.016152,9.882358
1755406967488,0.378066,-0.110668,9.674182
1755406967490,0.181555,-0.029312,10.081261
1755406967493,0.440279,0.037687,9.702896
1755406967496,0.138485,-0.002991,10.215259
1755406967498,0.430708,0.049651,9.552148
1755406967501,0.114556,-0.160917,10.088439
1755406967502,0.428315,-0.012562,9.578469
1755406967507,0.167198,-0.022134,10.188938
1755406967508,0.378066,0.131007,9.772287
1755406967510,0.248854,-0.038883,10.03819
1755406967512,0.308674,-0.034098,9.729217
1755406967514,0.308674,-0.160917,9.810573
1755406967517,0.272782,0.001795,9.980762
1755406967520,0.351745,0.061615,9.865608
1755406967522,0.179163,0.075972,9.999905
1755406967524,0.39003,-0.062812,9.683753
1755406967527,0.188734,-0.160917,9.934999
1755406967529,0.358923,-0.036491,9.686146
1755406967531,0.186341,0.073579,10.18176
1755406967534,0.392423,0.0999,9.693324
1755406967536,0.157627,-0.08674,10.00469
1755406967539,0.354138,-0.089133,9.583255
1755406967541,0.212961,-0.067597,10.172188
1755406967544,0.334995,0.111864,9.700503
1755406967545,0.181555,-0.041276,10.040583
1755406967548,0.392423,-0.043669,9.650253
1755406967552,0.205783,-0.081954,10.133903
1755406967554,0.351745,0.0999,9.717253
1755406967555,0.236889,-0.026919,10.040583
1755406967559,0.318245,-0.026919,9.812965
1755406967560,0.287139,-0.034098,9.920643
1755406967562,0.246461,-0.000598,9.856036
1755406967565,0.320638,-0.010169,9.889536
1755406967568,0.282353,-0.014955,9.870394
1755406967570,0.275175,-0.014955,9.896714
1755406967572,0.29671,-0.043669,9.860822
1755406967574,0.301496,-0.022134,9.920643
1755406967578,0.27996,-0.029312,9.882358
1755406967579,0.253639,-0.024526,9.894321
1755406967582,0.31346,-0.046062,9.882358
1755406967584,0.287139,-0.026919,9.863214
1755406967587,0.272782,-0.010169,9.865608
1755406967589,0.258425,0.018544,9.839287
1755406967591,0.301496,-0.041276,9.903893
1755406967594,0.287139,-0.005384,9.860822
1755406967596,0.291924,-0.010169,9.875179
1755406967599,0.258425,-0.005384,9.863214
1755406967602,0.315853,-0.036491,9.906285
1755406967604,0.289532,-0.005384,9.882358
1755406967607,0.275175,-0.012562,9.911072
1755406967608,0.29671,-0.031705,9.882358
1755406967610,0.265603,-0.017348,9.899107
1755406967613,0.284746,-0.017348,9.870394
1755406967615,0.291924,0.001795,9.839287
1755406967619,0.272782,0.013759,9.879965
1755406967622,0.241675,0.001795,9.805787
1755406967623,0.284746,-0.048455,9.829716
1755406967625,0.306281,-0.067597,9.877572
1755406967628,0.318245,-0.029312,9.887143
1755406967629,0.222533,-0.005384,9.757931
1755406967632,0.315853,0.013759,9.927821
1755406967636,0.306281,-0.024526,9.947263
1755406967637,0.308674,-0.029312,9.848858
1755406967639,0.315853,-0.046062,9.879965
1755406967642,0.282353,-0.017348,9.84168
1755406967644,0.33021,-0.074776,9.923036
1755406967646,0.33021,-0.007777,9.834501
1755406967649,0.265603,-0.007777,9.913465
1755406967651,0.294317,-0.007777,9.949656
1755406967656,0.272782,-0.036491,9.903893
1755406967657,0.349352,-0.067597,9.954441
1755406967658,0.222533,0.001795,9.760324
1755406967661,0.289532,-0.048455,9.88475
1755406967663,0.303888,0.001795,9.927821
1755406967665,0.334995,-0.055633,10.040583
1755406967668,0.311067,-0.012562,9.877572
1755406967670,0.287139,-0.007777,9.908679
1755406967673,0.265603,0.008973,9.88475
1755406967675,0.31346,-0.046062,9.947263
1755406967677,0.270389,-0.029312,9.803394
1755406967681,0.289532,-0.036491,9.894321
1755406967682,0.289532,-0.043669,9.851251
1755406967685,0.303888,-0.017348,9.848858
1755406967687,0.265603,-0.067597,9.906285
1755406967690,0.311067,-0.005384,9.822537
1755406967692,0.27996,-0.000598,9.865608
1755406967694,0.299103,-0.002991,9.894321
1755406967697,0.320638,-0.002991,9.882358
1755406967699,0.301496,-0.038883,9.863214
1755406967702,0.275175,-0.058026,9.891929
1755406967704,0.289532,-0.007777,9.832108
1755406967707,0.248854,-0.024526,9.894321
1755406967709,0.277567,-0.038883,9.911072
1755406967711,0.282353,-0.031705,9.896714
1755406967714,0.277567,-0.041276,9.942178
1755406967716,0.308674,0.011366,9.801002
1755406967718,0.244068,-0.062812,9.966406
1755406967722,0.346959,-0.014955,9.722038
1755406967724,0.224925,-0.026919,10.14826
1755406967726,0.354138,0.085543,9.645468
1755406967728,0.248854,-0.132203,9.923036
1755406967731,0.29671,-0.041276,10.059726
1755406967732,0.366102,0.068794,9.60479
1755406967736,0.155234,-0.098704,10.03819
1755406967739,0.356531,0.028116,10.016655
1755406967741,0.363709,0.059222,9.564112
1755406967743,0.14327,-0.108275,10.145867
1755406967745,0.435494,0.068794,9.913465
1755406967747,0.291924,-0.031705,9.683753
1755406967749,0.138485,-0.117847,10.155438
1755406967752,0.48335,0.092722,9.710074
1755406967755,0.162413,-0.091525,9.82493
1755406967758,0.267996,-0.036491,10.033404
1755406967759,0.411565,0.032901,9.688539
1755406967763,0.124128,-0.10349,9.997512
1755406967764,0.344566,0.061615,9.911072
1755406967767,0.327817,-0.010169,9.762716
1755406967769,0.152842,-0.110668,10.05494
1755406967773,0.461815,0.090329,9.676575
1755406967775,0.164806,-0.134596,10.00469
1755406967776,0.270389,0.020937,9.949656
1755406967778,0.425922,0.008973,9.640682
1755406967781,0.100199,-0.129811,10.172188
1755406967783,0.447458,0.090329,9.678967
1755406967785,0.253639,-0.101097,9.822537
1755406967789,0.239282,-0.012562,10.081261
1755406967791,0.435494,-0.000598,9.573684
1755406967792,0.097807,-0.132203,10.129117
1755406967795,0.392423,0.047258,9.762716
1755406967798,0.27996,-0.08674,9.877572
1755406967800,0.212961,-0.010169,10.009477
1755406967803,0.442672,-0.000598,9.609575
1755406967806,0.140877,-0.127418,10.14826
1755406967807,0.440279,0.066401,9.600004
1755406967809,0.183948,-0.08674,9.990334
1755406967812,0.248854,0.05683,9.954441
1755406967815,0.37328,-0.012562,9.767502
1755406967816,0.150449,-0.034098,10.098011
1755406967819,0.411565,-0.005384,9.638289
1755406967825,0.208176,-0.096311,10.074082
1755406967826,0.37328,0.011366,9.68136
1755406967827,0.253639,-0.007777,10.03819
1755406967829,0.31346,0.016152,9.820144
1755406967831,0.299103,-0.036491,9.915857
1755406967833,0.291924,-0.024526,9.815358
1755406967836,0.270389,-0.048455,9.88475
1755406967838,0.272782,-0.029312,9.877572
1755406967841,0.306281,-0.007777,9.877572
1755406967843,0.308674,-0.036491,9.903893
1755406967846,0.284746,-0.031705,9.915857
1755406967848,0.301496,-0.019741,9.851251
1755406967850,0.301496,-0.060419,9.925428
1755406967853,0.284746,-0.029312,9.879965
1755406967855,0.303888,-0.012562,9.899107
1755406967857,0.260818,-0.024526,9.865608
1755406967860,0.303888,-0.031705,9.896714
1755406967863,0.294317,-0.055633,9.903893
1755406967864,0.289532,-0.017348,9.882358
1755406967867,0.265603,-0.005384,9.887143
1755406967869,0.260818,-0.019741,9.872787
1755406967871,0.294317,0.011366,9.877572
1755406967875,0.256032,-0.010169,9.915857
1755406967876,0.287139,-0.007777,9.879965
1755406967879,0.303888,-0.036491,9.944571
1755406967882,0.260818,-0.007777,9.896714
1755406967885,0.29671,0.025723,9.822537
1755406967886,0.241675,0.004187,9.870394
1755406967888,0.239282,0.04008,9.810573
1755406967891,0.263211,-0.026919,9.875179
1755406967894,0.251246,-0.002991,9.798609
1755406967896,0.29671,-0.034098,9.891929
1755406967898,0.318245,-0.026919,9.920643
1755406967900,0.29671,-0.041276,9.834501
1755406967903,0.291924,-0.000598,9.899107
1755406967905,0.339781,-0.014955,9.856036
1755406967908,0.277567,-0.005384,9.889536
1755406967910,0.234497,-0.005384,9.844072
1755406967912,0.284746,-0.014955,9.899107
1755406967915,0.267996,-0.014955,9.856036
1755406967917,0.29671,-0.029312,9.903893
1755406967920,0.308674,-0.026919,9.865608
1755406967922,0.275175,-0.010169,9.879965
1755406967925,0.27996,-0.041276,9.899107
1755406967927,0.320638,-0.022134,9.889536
1755406967929,0.29671,-0.000598,9.798609
1755406967932,0.251246,0.001795,10.040583
1755406967934,0.323031,0.064008,9.736395
1755406967936,0.289532,-0.077169,9.786645
1755406967939,0.217747,-0.153739,10.076475
1755406967942,0.404387,0.0999,9.717253
1755406967944,0.222533,-0.012562,10.00469
1755406967946,0.263211,0.037687,10.016655
1755406967948,0.440279,-0.010169,9.568898
1755406967951,0.095414,-0.113061,10.136296
1755406967953,0.437887,0.071186,9.676575
1755406967956,0.236889,-0.091525,9.923036
1755406967959,0.265603,0.011366,10.00469
1755406967961,0.368495,-0.010169,9.726824
1755406967963,0.19352,-0.062812,10.143475
1755406967966,0.4666,0.0999,9.724431
1755406967967,0.20339,-0.077169,10.00469
1755406967970,0.31346,0.016152,9.789038
1755406967972,0.332602,-0.074776,9.700503
1755406967977,0.171984,-0.058026,10.062119
1755406967979,0.457029,0.044865,9.65504
1755406967980,0.157627,-0.026919,10.155438
1755406967982,0.358923,0.092722,9.722038
1755406967984,0.195912,-0.117847,9.983155
1755406967987,0.27996,-0.036491,9.741181
1755406967989,0.270389,-0.120239,9.834501
1755406967992,0.270389,0.02333,9.985548
1755406967994,0.354138,0.052044,9.832108
1755406967996,0.200997,0.020937,9.997512
1755406967999,0.368495,-0.034098,9.688539
1755406968001,0.227318,-0.113061,9.964012
1755406968004,0.346959,0.00658,9.745967
1755406968006,0.222533,0.049651,10.069297
1755406968008,0.349352,0.071186,9.762716
1755406968011,0.222533,-0.08674,9.952048
1755406968013,0.277567,-0.072383,9.688539
1755406968015,0.287139,-0.091525,9.983155
1755406968018,0.31346,0.075972,9.899107
1755406968020,0.260818,0.018544,10.00469
1755406968023,0.31346,-0.005384,9.793823
1755406968025,0.287139,-0.08674,9.743574
1755406968028,0.253639,-0.074776,9.975977
1755406968030,0.325424,0.018544,9.822537
1755406968032,0.179163,0.037687,10.11476
1755406968035,0.356531,0.037687,9.662218
1755406968037,0.174377,-0.122632,9.992726
1755406968039,0.358923,-0.072383,9.633504
1755406968043,0.244068,-0.06999,9.987941
1755406968045,0.291924,0.068794,9.947263
1755406968047,0.294317,0.028116,9.88475
1755406968049,0.208176,0.016152,10.033404
1755406968051,0.354138,-0.024526,9.643075
1755406968054,0.171984,-0.08674,10.066904
1755406968056,0.382852,0.032901,9.695718
1755406968058,0.224925,-0.046062,9.944571
1755406968061,0.327817,0.04008,9.846465
1755406968063,0.306281,-0.019741,9.781859
1755406968066,0.162413,-0.014955,10.031012
1755406968068,0.399601,0.032901,9.741181
1755406968071,0.188734,-0.055633,10.035797
1755406968073,0.320638,0.037687,9.846465
1755406968075,0.27996,-0.022134,9.769895
1755406968078,0.186341,-0.060419,10.026226
1755406968081,0.428315,0.016152,9.683753
1755406968083,0.183948,-0.077169,10.045368
1755406968085,0.385244,0.016152,9.757931
1755406968089,0.256032,-0.06999,9.906285
1755406968090,0.248854,0.016152,9.949656
1755406968092,0.387637,0.008973,9.717253
1755406968094,0.191127,-0.077169,10.093225
1755406968097,0.440279,0.044865,9.674182
1755406968099,0.215354,-0.074776,9.964012
1755406968102,0.282353,0.018544,9.810573
1755406968105,0.349352,-0.019741,9.875179
1755406968106,0.198604,-0.026919,10.074082
1755406968109,0.399601,0.030508,9.659825
1755406968111,0.200997,-0.062812,10.052547
1755406968114,0.356531,0.04008,9.745967
1755406968116,0.294317,-0.038883,9.891929
1755406968119,0.186341,0.001795,10.002297
1755406968121,0.385244,-0.010169,9.698111
1755406968123,0.131306,-0.079561,10.100404
1755406968126,0.378066,0.020937,9.719646
1755406968129,0.186341,-0.079561,9.959227
1755406968130,0.301496,0.020937,9.877572
1755406968133,0.325424,-0.046062,9.793823
1755406968135,0.212961,-0.074776,10.05494
1755406968138,0.404387,0.016152,9.650253
1755406968140,0.181555,-0.058026,10.083653
1755406968143,0.387637,0.032901,9.700503
1755406968146,0.222533,-0.036491,9.968799
1755406968147,0.299103,-0.010169,9.865608
1755406968150,0.327817,-0.048455,9.846465
1755406968152,0.198604,-0.034098,10.019048
1755406968154,0.392423,0.004187,9.741181
1755406968157,0.167198,-0.034098,10.07169
1755406968159,0.378066,0.018544,9.729217
1755406968163,0.195912,-0.010169,9.999905
1755406968165,0.311067,0.020937,9.781859
1755406968166,0.291924,-0.08674,9.899107
1755406968169,0.263211,0.020937,9.82493
1755406968171,0.315853,-0.058026,9.863214
1755406968173,0.222533,-0.000598,9.985548
1755406968176,0.323031,-0.034098,9.74836
1755406968178,0.234497,-0.055633,9.937392
1755406968183,0.346959,-0.036491,9.786645
1755406968184,0.186341,-0.002991,10.031012
1755406968185,0.378066,0.020937,9.662218
1755406968189,0.200997,-0.041276,10.126724
1755406968191,0.385244,0.016152,9.647861
1755406968193,0.186341,-0.050847,10.117153
1755406968195,0.382852,0.00658,9.662218
1755406968198,0.232104,-0.029312,10.100404
1755406968200,0.356531,-0.000598,9.712467
1755406968202,0.239282,-0.043669,10.03819
1755406968205,0.315853,0.018544,9.729217
1755406968207,0.239282,-0.019741,9.947263
1755406968210,0.289532,-0.029312,9.765109
1755406968212,0.236889,-0.019741,10.014262
1755406968215,0.294317,-0.000598,9.793823
1755406968217,0.260818,-0.058026,9.987941
1755406968219,0.320638,-0.019741,9.729217
1755406968222,0.263211,0.00658,9.999905
1755406968224,0.327817,-0.007777,9.784252
1755406968226,0.229711,-0.043669,9.997512
1755406968229,0.318245,-0.022134,9.805787
1755406968231,0.270389,0.004187,9.899107
1755406968234,0.299103,-0.041276,9.923036
1755406968236,0.311067,0.02333,9.856036
1755406968238,0.239282,-0.024526,9.930214
1755406968240,0.308674,0.004187,9.815358
1755406968243,0.263211,-0.000598,9.930214
1755406968245,0.294317,-0.043669,9.762716
1755406968248,0.27996,-0.05324,9.97837
1755406968250,0.332602,-0.005384,9.772287
1755406968253,0.229711,-0.026919,9.947263
1755406968255,0.29671,-0.026919,9.891929
1755406968257,0.27996,-0.005384,9.846465
1755406968260,0.27996,-0.05324,9.930214
1755406968262,0.325424,-0.034098,9.829716
1755406968265,0.308674,0.008973,9.920643
1755406968268,0.294317,-0.041276,9.82493
1755406968269,0.311067,-0.012562,9.939785
1755406968272,0.308674,0.011366,9.805787
1755406968274,0.241675,-0.029312,9.908679
1755406968276,0.318245,-0.014955,9.925428
1755406968279,0.325424,0.020937,9.820144
1755406968282,0.246461,-0.067597,9.968799
1755406968284,0.306281,0.016152,9.834501
1755406968286,0.272782,-0.005384,9.915857
1755406968289,0.267996,-0.031705,9.822537
1755406968291,0.251246,-0.034098,9.992726
1755406968294,0.299103,-0.019741,9.793823
1755406968296,0.227318,-0.038883,9.906285
1755406968299,0.33021,-0.022134,9.915857
1755406968301,0.291924,0.030508,9.779466
1755406968304,0.251246,-0.048455,9.992726
1755406968306,0.334995,0.011366,9.805787
1755406968307,0.275175,-0.034098,9.899107
1755406968310,0.27996,-0.050847,9.836894
1755406968312,0.294317,-0.012562,9.942178
1755406968315,0.272782,0.011366,9.810573
1755406968317,0.270389,-0.031705,9.920643
1755406968320,0.337388,-0.007777,9.925428
1755406968322,0.246461,0.001795,9.803394
1755406968324,0.232104,-0.043669,10.011869
1755406968327,0.311067,0.011366,9.74836
1755406968329,0.277567,-0.029312,9.925428
1755406968332,0.27996,-0.010169,9.91825
1755406968334,0.337388,0.013759,9.832108
1755406968336,0.232104,-0.014955,9.915857
1755406968339,0.284746,-0.010169,9.860822
1755406968341,0.299103,-0.002991,9.856036
1755406968343,0.22014,-0.019741,9.891929
1755406968346,0.277567,-0.002991,9.915857
1755406968348,0.287139,-0.002991,9.872787
1755406968352,0.263211,-0.046062,9.903893
1755406968353,0.289532,0.001795,9.899107
1755406968356,0.270389,-0.014955,9.894321
1755406968358,0.282353,-0.017348,9.875179
1755406968360,0.282353,-0.036491,9.815358
1755406968363,0.260818,-0.077169,9.961619
1755406968365,0.354138,0.02333,9.863214
1755406968368,0.282353,-0.010169,9.853643
1755406968370,0.277567,-0.036491,9.829716
1755406968373,0.31346,-0.031705,9.997512
1755406968374,0.287139,0.032901,9.82493
1755406968377,0.258425,-0.024526,9.927821
1755406968379,0.337388,-0.05324,9.834501
1755406968382,0.289532,-0.017348,9.97837
1755406968384,0.277567,0.011366,9.755538
1755406968387,0.272782,-0.034098,9.975977
1755406968389,0.337388,-0.060419,9.817751
1755406968391,0.239282,-0.005384,9.856036
1755406968394,0.277567,-0.058026,9.88475
1755406968397,0.291924,-0.031705,9.846465
1755406968399,0.294317,-0.046062,9.9015
1755406968401,0.256032,-0.029312,9.793823
1755406968403,0.294317,-0.074776,9.877572
1755406968406,0.303888,-0.046062,9.896714
1755406968408,0.265603,0.001795,9.980762
1755406968411,0.284746,0.047258,9.827323
1755406968414,0.315853,-0.036491,9.939785
1755406968415,0.29671,-0.096311,9.812965
1755406968418,0.277567,-0.024526,9.934999
1755406968421,0.29671,0.02333,9.887143
1755406968423,0.275175,0.016152,9.891929
1755406968426,0.289532,-0.041276,9.906285
1755406968427,0.260818,-0.002991,9.798609
1755406968430,0.246461,-0.036491,9.961619
1755406968432,0.308674,0.030508,9.798609
1755406968435,0.267996,-0.007777,9.971191
1755406968437,0.306281,-0.046062,9.793823
1755406968440,0.258425,-0.010169,9.956834
1755406968442,0.265603,-0.012562,9.829716
1755406968444,0.270389,-0.034098,9.932607
1755406968447,0.29671,-0.022134,9.932607
1755406968449,0.323031,0.008973,9.789038
1755406968451,0.251246,-0.067597,9.97837
1755406968455,0.303888,0.00658,9.815358
1755406968456,0.253639,-0.024526,9.983155
1755406968459,0.308674,-0.019741,9.777073
1755406968461,0.308674,-0.019741,10.007083
1755406968463,0.33021,0.035294,9.734002
1755406968466,0.256032,-0.026919,9.952048
1755406968469,0.323031,-0.046062,9.844072
1755406968471,0.275175,-0.007777,9.915857
1755406968473,0.272782,-0.048455,9.887143
1755406968475,0.284746,-0.019741,9.879965
1755406968478,0.306281,-0.041276,9.944571
1755406968480,0.306281,-0.000598,9.796216
1755406968483,0.258425,-0.043669,10.023833
1755406968486,0.320638,0.030508,9.745967
1755406968488,0.258425,-0.019741,9.985548
1755406968490,0.272782,-0.024526,9.772287
1755406968492,0.289532,-0.022134,9.964012
1755406968495,0.289532,0.001795,9.879965
1755406968497,0.289532,0.032901,9.9015
1755406968500,0.301496,-0.036491,9.793823
1755406968503,0.31346,-0.058026,9.88475
1755406968505,0.294317,-0.043669,9.863214
1755406968507,0.275175,-0.031705,9.863214
1755406968509,0.308674,-0.031705,9.863214
1755406968511,0.265603,-0.043669,9.906285
1755406968513,0.284746,-0.062812,9.944571
1755406968516,0.303888,0.004187,9.80818
1755406968520,0.248854,-0.017348,9.91825
1755406968521,0.315853,-0.022134,9.872787
1755406968523,0.31346,-0.022134,9.872787
1755406968526,0.294317,-0.014955,9.891929
1755406968528,0.315853,-0.038883,9.9015
1755406968530,0.299103,-0.017348,9.9015
1755406968533,0.291924,-0.029312,9.84168
1755406968537,0.277567,-0.026919,9.911072
1755406968538,0.256032,-0.002991,9.853643
1755406968541,0.291924,0.001795,9.879965
1755406968543,0.275175,-0.010169,9.903893
1755406968545,0.284746,0.008973,9.84168
1755406968547,0.267996,-0.019741,9.865608
1755406968549,0.277567,-0.005384,9.868001
1755406968552,0.306281,-0.024526,9.848858
1755406968555,0.306281,-0.022134,9.882358
1755406968557,0.294317,-0.017348,9.937392
1755406968559,0.289532,-0.005384,9.927821
1755406968561,0.299103,-0.007777,9.879965
1755406968564,0.306281,-0.036491,9.913465
1755406968566,0.291924,-0.022134,9.832108
1755406968569,0.301496,-0.038883,9.891929
1755406968572,0.277567,-0.024526,9.875179
1755406968574,0.263211,-0.036491,9.927821
1755406968576,0.284746,-0.022134,9.865608
1755406968578,0.270389,-0.036491,9.891929
1755406968581,0.27996,-0.014955,9.879965
1755406968583,0.272782,-0.005384,9.88475
1755406968586,0.289532,-0.038883,9.903893
1755406968588,0.282353,-0.019741,9.9015
1755406968590,0.282353,-0.007777,9.827323
1755406968593,0.29671,-0.014955,9.853643
1755406968595,0.27996,-0.002991,9.899107
1755406968598,0.291924,-0.007777,9.817751
1755406968601,0.241675,-0.038883,9.872787
1755406968602,0.289532,-0.024526,9.858429
1755406968605,0.287139,-0.010169,9.930214
1755406968607,0.263211,-0.043669,9.846465
1755406968609,0.320638,-0.084347,9.927821
1755406968612,0.325424,-0.038883,9.872787
1755406968615,0.315853,-0.046062,9.88475
1755406968617,0.29671,0.004187,9.868001
1755406968619,0.315853,0.013759,9.856036
1755406968622,0.299103,0.013759,9.894321
1755406968624,0.267996,-0.019741,9.836894
1755406968627,0.289532,-0.043669,9.937392
1755406968629,0.301496,0.004187,9.923036
1755406968631,0.27996,-0.031705,9.860822
1755406968634,0.277567,-0.005384,9.875179
1755406968636,0.282353,-0.043669,9.923036
1755406968639,0.315853,-0.036491,9.882358
1755406968641,0.291924,-0.065204,9.915857
1755406968645,0.294317,-0.043669,9.887143
1755406968646,0.306281,-0.029312,9.877572
1755406968648,0.294317,-0.026919,9.887143
1755406968650,0.301496,-0.002991,9.877572
1755406968653,0.29671,-0.043669,9.882358
1755406968656,0.311067,0.001795,9.844072
1755406968658,0.263211,-0.005384,9.952048
1755406968660,0.263211,-0.007777,9.829716
1755406968662,0.272782,-0.08674,9.863214
1755406968665,0.277567,-0.002991,9.932607
1755406968667,0.282353,0.011366,9.899107
1755406968669,0.267996,0.016152,9.949656
1755406968672,0.308674,-0.038883,9.805787
1755406968675,0.224925,-0.062812,9.952048
1755406968677,0.306281,-0.024526,9.834501
1755406968679,0.320638,0.018544,9.925428
1755406968681,0.277567,-0.024526,9.822537
1755406968684,0.253639,-0.043669,9.9015
1755406968686,0.320638,-0.024526,9.815358
1755406968689,0.253639,0.001795,9.903893
1755406968693,0.31346,-0.067597,9.810573
1755406968694,0.27996,-0.046062,9.887143
1755406968696,0.303888,0.00658,9.858429
1755406968699,0.258425,-0.031705,9.870394
1755406968700,0.284746,-0.062812,9.891929
1755406968704,0.275175,-0.002991,9.889536
1755406968707,0.27996,0.001795,9.88475
1755406968709,0.275175,-0.005384,9.832108
1755406968710,0.308674,-0.043669,9.971191
1755406968712,0.303888,0.00658,9.856036
1755406968715,0.272782,0.004187,9.944571
1755406968717,0.306281,-0.065204,9.757931
1755406968720,0.265603,-0.067597,10.033404
1755406968722,0.289532,0.049651,9.777073
1755406968725,0.227318,-0.022134,9.952048
1755406968727,0.299103,-0.041276,9.755538
1755406968729,0.224925,-0.022134,10.069297
1755406968732,0.289532,0.047258,9.71486
1755406968734,0.253639,-0.062812,9.959227
1755406968736,0.342174,-0.072383,9.789038
1755406968741,0.241675,0.00658,10.095618
1755406968742,0.337388,0.052044,9.700503
1755406968744,0.265603,-0.08674,10.028619
1755406968746,0.368495,-0.043669,9.789038
1755406968749,0.270389,0.020937,10.00469
1755406968751,0.327817,-0.010169,9.652647
1755406968753,0.244068,-0.098704,10.069297
1755406968756,0.356531,-0.007777,9.827323
1755406968759,0.205783,0.020937,9.913465
1755406968762,0.308674,-0.048455,9.745967
1755406968764,0.29671,-0.055633,9.964012
1755406968765,0.299103,0.018544,9.777073
1755406968768,0.234497,-0.026919,9.971191
1755406968770,0.361316,-0.002991,9.846465
1755406968773,0.246461,-0.022134,9.868001
1755406968776,0.270389,-0.002991,9.872787
1755406968777,0.277567,-0.000598,9.920643
1755406968781,0.294317,-0.038883,9.851251
1755406968782,0.277567,-0.046062,9.925428
1755406968785,0.323031,-0.062812,9.927821
1755406968787,0.275175,-0.05324,9.80818
1755406968789,0.318245,-0.074776,9.851251
1755406968792,0.289532,-0.024526,9.923036
1755406968794,0.208176,0.008973,9.820144
1755406968796,0.366102,-0.031705,9.920643
1755406968799,0.258425,0.00658,9.820144
1755406968801,0.200997,-0.007777,9.750752
1755406968804,0.27996,-0.05324,9.829716
1755406968806,0.229711,0.001795,9.860822
1755406968809,0.246461,0.02333,9.920643
1755406968811,0.272782,-0.031705,9.860822
1755406968813,0.188734,0.028116,9.659825
1755406968816,0.239282,-0.000598,9.784252
1755406968818,0.272782,-0.007777,9.860822
1755406968821,0.306281,-0.036491,9.911072
1755406968823,0.323031,-0.014955,9.934999
1755406968826,0.275175,0.016152,9.868001
1755406968827,0.284746,0.011366,9.801002
1755406968830,0.342174,-0.055633,9.934999
1755406968832,0.306281,-0.014955,9.863214
1755406968835,0.349352,-0.050847,9.911072
1755406968837,0.289532,-0.024526,9.913465
1755406968839,0.267996,-0.010169,9.9015
1755406968843,0.327817,-0.019741,9.896714
1755406968844,0.311067,-0.043669,9.870394
1755406968847,0.33021,-0.046062,9.856036
1755406968850,0.265603,-0.005384,9.915857
1755406968852,0.294317,-0.010169,9.853643
1755406968854,0.284746,-0.031705,9.911072
1755406968857,0.303888,-0.036491,9.877572
1755406968860,0.282353,-0.012562,9.870394
1755406968862,0.289532,-0.007777,9.856036
1755406968863,0.284746,-0.026919,9.870394
1755406968866,0.315853,-0.019741,9.879965
1755406968868,0.267996,-0.041276,9.882358
1755406968871,0.294317,-0.014955,9.887143
1755406968873,0.289532,-0.022134,9.889536
1755406968876,0.315853,-0.010169,9.872787
1755406968879,0.29671,0.008973,9.860822
1755406968880,0.301496,0.011366,9.858429
1755406968883,0.311067,-0.010169,9.889536
1755406968885,0.284746,-0.017348,9.899107
1755406968887,0.294317,0.001795,9.889536
1755406968890,0.294317,-0.000598,9.872787
1755406968893,0.272782,-0.017348,9.882358
1755406968895,0.301496,-0.034098,9.872787
1755406968897,0.27996,-0.014955,9.872787
1755406968899,0.306281,-0.007777,9.911072
1755406968902,0.287139,-0.002991,9.882358
1755406968904,0.294317,-0.034098,9.860822
1755406968907,0.256032,-0.007777,9.853643
1755406968909,0.260818,0.016152,9.875179
1755406968912,0.267996,-0.012562,9.865608
1755406968914,0.263211,-0.005384,9.865608
1755406968916,0.277567,-0.019741,9.868001
1755406968919,0.299103,-0.017348,9.865608
1755406968921,0.289532,-0.029312,9.894321
1755406968923,0.287139,0.001795,9.865608
1755406968926,0.263211,-0.017348,9.882358
1755406968928,0.299103,-0.031705,9.877572
1755406968931,0.272782,-0.046062,9.877572
1755406968933,0.272782,-0.029312,9.896714
1755406968936,0.301496,-0.029312,9.84168
1755406968938,0.299103,-0.038883,9.858429
1755406968940,0.29671,-0.002991,9.863214
1755406968944,0.275175,-0.000598,9.872787
1755406968946,0.270389,-0.017348,9.954441
1755406968948,0.267996,-0.005384,9.71486
1755406968950,0.308674,-0.031705,9.947263
1755406968952,0.232104,0.008973,9.952048
1755406968955,0.327817,-0.019741,9.779466
1755406968957,0.27996,-0.034098,9.973584
1755406968962,0.284746,-0.062812,9.82493
1755406968964,0.287139,-0.034098,9.908679
1755406968966,0.311067,-0.012562,9.908679
1755406968968,0.282353,-0.031705,9.868001
1755406968969,0.299103,0.008973,9.887143
1755406968971,0.275175,-0.002991,9.875179
1755406968974,0.320638,-0.012562,9.853643
1755406968976,0.323031,-0.026919,9.894321
1755406968979,0.277567,-0.038883,9.844072
1755406968982,0.27996,-0.038883,10.019048
1755406968984,0.301496,-0.014955,9.827323
1755406968986,0.27996,-0.05324,9.934999
1755406968988,0.311067,0.001795,9.860822
1755406968991,0.265603,-0.005384,9.868001
1755406968993,0.27996,-0.043669,9.865608
1755406968996,0.320638,-0.007777,9.868001
1755406968998,0.27996,-0.026919,9.836894
1755406969000,0.308674,-0.012562,9.865608
1755406969002,0.31346,-0.024526,9.930214
1755406969005,0.277567,-0.050847,9.903893
1755406969007,0.299103,-0.014955,9.865608
1755406969010,0.248854,-0.007777,9.839287
1755406969013,0.325424,0.001795,9.896714
1755406969015,0.275175,-0.050847,9.9015
1755406969017,0.299103,-0.031705,9.868001
1755406969019,0.287139,0.013759,9.923036
1755406969022,0.306281,-0.012562,9.84168
1755406969024,0.299103,-0.060419,9.9015
1755406969027,0.306281,0.008973,10.002297
1755406969029,0.325424,0.018544,9.741181
1755406969032,0.27996,-0.048455,9.939785
1755406969034,0.27996,-0.055633,9.84168
1755406969036,0.265603,-0.005384,9.947263
1755406969039,0.311067,0.035294,9.779466
1755406969041,0.251246,-0.022134,9.961619
1755406969043,0.327817,-0.034098,9.784252
1755406969047,0.253639,-0.017348,9.91825
1755406969049,0.289532,-0.036491,9.820144
1755406969051,0.291924,-0.026919,9.908679
1755406969053,0.275175,-0.012562,9.810573
1755406969055,0.282353,-0.007777,9.88475
1755406969057,0.267996,-0.019741,9.896714
1755406969060,0.289532,-0.029312,9.844072
1755406969064,0.306281,-0.026919,9.911072
1755406969067,0.301496,-0.029312,9.875179
1755406969068,0.301496,-0.017348,9.875179
1755406969069,0.289532,-0.005384,9.915857
1755406969072,0.327817,-0.007777,9.88475
1755406969074,0.251246,-0.031705,9.858429
1755406969077,0.311067,-0.041276,9.851251
1755406969079,0.29671,-0.024526,9.875179
1755406969082,0.275175,-0.050847,9.860822
1755406969086,0.299103,-0.019741,9.879965
1755406969087,0.284746,-0.019741,9.887143
1755406969089,0.299103,-0.012562,9.860822
1755406969091,0.294317,-0.026919,9.88475
1755406969094,0.282353,-0.007777,9.896714
1755406969096,0.301496,-0.000598,9.882358
1755406969099,0.323031,-0.017348,9.9015
1755406969101,0.258425,-0.017348,9.91825
1755406969103,0.270389,-0.007777,9.903893
1755406969106,0.282353,-0.007777,9.906285
1755406969108,0.315853,-0.024526,9.834501
1755406969111,0.277567,-0.010169,9.899107
1755406969113,0.289532,-0.014955,9.868001
1755406969116,0.265603,-0.014955,9.911072
1755406969117,0.354138,-0.024526,9.894321
1755406969120,0.315853,-0.050847,9.856036
1755406969123,0.323031,-0.05324,9.932607
1755406969125,0.253639,-0.022134,9.77468
1755406969127,0.270389,-0.026919,9.870394
1755406969129,0.287139,-0.026919,9.827323
1755406969132,0.308674,-0.055633,9.915857
1755406969134,0.291924,-0.014955,9.937392
1755406969136,0.29671,-0.010169,9.903893
1755406969139,0.246461,0.032901,9.789038
1755406969142,0.318245,-0.031705,9.832108
1755406969144,0.272782,-0.022134,9.872787
1755406969147,0.239282,-0.012562,9.805787
1755406969149,0.31346,-0.026919,9.942178
1755406969151,0.344566,-0.060419,9.930214
1755406969153,0.308674,-0.038883,9.875179
1755406969156,0.275175,-0.019741,9.815358
1755406969158,0.289532,-0.067597,9.88475
1755406969161,0.294317,-0.058026,9.858429
1755406969163,0.308674,-0.026919,9.964012
1755406969166,0.315853,-0.014955,9.856036
1755406969169,0.320638,-0.034098,9.968799
1755406969170,0.227318,-0.002991,9.77468
1755406969172,0.315853,-0.002991,9.932607
1755406969175,0.29671,-0.022134,9.856036
1755406969177,0.303888,-0.029312,9.798609
1755406969180,0.270389,-0.036491,9.891929
1755406969183,0.311067,0.011366,9.906285
1755406969185,0.303888,-0.026919,9.870394
1755406969187,0.294317,-0.017348,9.920643
1755406969189,0.267996,-0.010169,9.879965
1755406969192,0.294317,-0.038883,9.88475
1755406969194,0.282353,0.001795,9.896714
1755406969196,0.282353,-0.017348,9.894321
1755406969199,0.318245,-0.024526,9.863214
1755406969203,0.31346,-0.010169,9.906285
1755406969204,0.291924,-0.010169,9.894321
1755406969206,0.306281,-0.036491,9.868001
1755406969209,0.260818,0.013759,9.84168
1755406969211,0.31346,-0.034098,9.879965
1755406969214,0.282353,-0.007777,9.750752
1755406969217,0.260818,0.018544,9.872787
1755406969219,0.303888,0.001795,9.856036
1755406969221,0.217747,0.02333,9.74836
1755406969223,0.267996,-0.010169,9.82493
1755406969226,0.31346,-0.036491,9.939785
1755406969228,0.263211,0.020937,9.920643
1755406969230,0.301496,-0.05324,9.868001
1755406969233,0.234497,-0.026919,9.944571
1755406969235,0.284746,-0.002991,9.80818
1755406969238,0.291924,-0.050847,9.906285
1755406969240,0.320638,-0.036491,9.915857
1755406969242,0.27996,-0.022134,9.896714
1755406969245,0.289532,-0.010169,9.870394
1755406969247,0.265603,-0.062812,9.872787
1755406969251,0.325424,-0.062812,9.722038
1755406969252,0.20339,-0.05324,10.088439
1755406969254,0.346959,0.095115,9.772287
1755406969256,0.289532,-0.065204,9.810573
1755406969259,0.229711,-0.074776,10.093225
1755406969262,0.385244,0.068794,9.657433
1755406969263,0.210568,-0.062812,10.033404
1755406969266,0.318245,-0.038883,9.757931
1755406969269,0.308674,-0.105882,9.834501
1755406969271,0.275175,0.001795,9.947263
1755406969273,0.33021,-0.014955,9.863214
1755406969275,0.282353,0.013759,9.937392
1755406969278,0.327817,-0.029312,9.793823
1755406969280,0.251246,-0.072383,9.966406
1755406969283,0.320638,-0.005384,9.753145
1755406969285,0.253639,-0.007777,9.999905
1755406969288,0.325424,0.018544,9.844072
1755406969290,0.29671,-0.041276,9.923036
1755406969292,0.33021,-0.022134,9.817751
1755406969295,0.251246,-0.029312,9.956834
1755406969297,0.303888,-0.000598,9.834501
1755406969300,0.277567,-0.010169,9.932607
1755406969302,0.303888,0.004187,9.865608
1755406969306,0.277567,-0.031705,9.894321
1755406969307,0.263211,-0.065204,9.891929
1755406969310,0.27996,-0.014955,9.875179
1755406969312,0.282353,-0.005384,9.879965
1755406969314,0.301496,-0.034098,9.875179
1755406969317,0.256032,-0.012562,9.9015
1755406969320,0.287139,-0.012562,9.891929
1755406969322,0.244068,-0.038883,9.891929
1755406969324,0.284746,-0.026919,9.865608
1755406969327,0.299103,0.008973,9.920643
1755406969328,0.270389,-0.002991,9.844072
1755406969331,0.289532,-0.000598,9.822537
1755406969333,0.284746,-0.012562,9.894321
1755406969335,0.311067,-0.012562,9.870394
1755406969338,0.303888,0.035294,9.875179
1755406969340,0.294317,-0.029312,9.856036
1755406969344,0.320638,-0.029312,9.88475
1755406969345,0.308674,-0.005384,9.875179
1755406969348,0.287139,-0.007777,9.834501
1755406969351,0.289532,-0.048455,9.906285
1755406969355,0.294317,-0.014955,9.82493
1755406969356,0.267996,-0.038883,9.947263
1755406969358,0.311067,-0.017348,9.944571
1755406969360,0.301496,0.025723,9.856036
1755406969362,0.256032,-0.060419,9.899107
1755406969365,0.339781,0.008973,9.829716
1755406969367,0.275175,-0.031705,9.868001
1755406969369,0.272782,0.00658,9.956834
1755406969372,0.370888,-0.002991,9.755538
1755406969374,0.188734,-0.029312,10.098011
1755406969377,0.308674,0.011366,9.686146
1755406969379,0.239282,-0.084347,9.925428
1755406969381,0.291924,0.011366,9.858429
1755406969383,0.275175,-0.024526,9.810573
1755406969386,0.246461,0.037687,9.964012
1755406969388,0.318245,0.028116,9.789038
1755406969391,0.241675,-0.065204,10.074082
1755406969393,0.368495,-0.029312,9.717253
1755406969396,0.253639,-0.101097,9.925428
1755406969398,0.294317,-0.014955,9.858429
1755406969401,0.303888,-0.014955,9.82493
1755406969404,0.258425,0.013759,9.961619
1755406969406,0.339781,0.02333,9.781859
1755406969407,0.246461,-0.029312,10.090832
1755406969410,0.351745,-0.000598,9.71486
1755406969413,0.272782,-0.096311,9.889536
1755406969415,0.282353,-0.010169,9.848858
1755406969418,0.29671,-0.022134,9.836894
1755406969421,0.224925,0.02333,9.961619
1755406969423,0.33021,0.032901,9.781859
1755406969425,0.248854,-0.046062,10.059726
1755406969427,0.337388,-0.041276,9.726824
1755406969429,0.270389,-0.089133,9.88475
1755406969432,0.27996,-0.012562,9.853643
1755406969434,0.291924,-0.034098,9.836894
1755406969436,0.224925,-0.005384,9.975977
1755406969439,0.327817,-0.002991,9.757931
1755406969441,0.227318,-0.05324,10.057333
1755406969443,0.320638,-0.022134,9.762716
1755406969446,0.294317,-0.120239,9.858429
1755406969448,0.282353,-0.029312,9.84168
1755406969451,0.339781,0.018544,9.796216
1755406969453,0.236889,-0.012562,10.023833
1755406969455,0.337388,0.042473,9.832108
1755406969458,0.253639,-0.041276,9.980762
1755406969460,0.27996,0.001795,9.915857
1755406969463,0.318245,-0.048455,9.757931
1755406969465,0.208176,-0.067597,9.999905
1755406969467,0.337388,-0.005384,9.717253
1755406969470,0.22014,-0.048455,10.021441
1755406969473,0.318245,0.068794,9.856036
1755406969475,0.282353,0.013759,9.932607
1755406969477,0.251246,0.013759,9.968799
1755406969479,0.342174,-0.017348,9.690931
1755406969482,0.232104,-0.096311,9.932607
1755406969484,0.370888,-0.010169,9.738789
1755406969486,0.253639,-0.036491,9.983155
1755406969489,0.325424,0.037687,9.91825
1755406969491,0.308674,0.011366,9.939785
1755406969494,0.301496,-0.050847,9.882358
1755406969496,0.263211,0.001795,9.77468
1755406969498,0.299103,-0.022134,9.925428
1755406969501,0.294317,0.004187,9.729217
1755406969503,0.229711,-0.000598,9.734002
1755406969507,0.241675,-0.019741,9.839287
1755406969509,0.258425,-0.002991,9.829716
1755406969511,0.275175,-0.012562,9.942178
1755406969513,0.248854,0.001795,9.846465
1755406969515,0.368495,-0.036491,10.074082
1755406969518,0.174377,0.066401,9.872787
1755406969520,0.363709,-0.010169,9.906285
1755406969523,0.234497,0.025723,9.91825
1755406969525,0.325424,-0.017348,9.844072
1755406969527,0.195912,0.013759,9.781859
1755406969530,0.382852,-0.058026,9.88475
1755406969532,0.342174,-0.05324,9.891929
1755406969534,0.294317,-0.038883,9.832108
1755406969537,0.337388,0.011366,9.990334
1755406969540,0.256032,-0.041276,9.851251
1755406969543,0.246461,0.044865,9.959227
1755406969544,0.346959,-0.041276,10.007083
1755406969547,0.394816,-0.079561,9.947263
1755406969549,0.265603,-0.050847,9.779466
1755406969551,0.306281,-0.019741,9.930214
1755406969554,0.349352,-0.067597,9.923036
1755406969557,0.363709,-0.060419,10.05494
1755406969559,0.263211,-0.022134,9.801002
1755406969561,0.270389,-0.014955,9.875179
1755406969563,0.275175,-0.029312,9.79143
1755406969566,0.306281,-0.048455,9.894321
1755406969568,0.303888,0.001795,9.889536
1755406969571,0.29671,-0.043669,9.875179
1755406969574,0.294317,-0.036491,9.856036
1755406969577,0.291924,-0.017348,9.906285
1755406969578,0.270389,-0.046062,9.844072
1755406969580,0.29671,-0.041276,9.925428
1755406969583,0.301496,0.001795,9.920643
1755406969585,0.287139,0.035294,9.839287
1755406969588,0.284746,-0.046062,9.975977
1755406969591,0.29671,-0.043669,9.784252
1755406969593,0.260818,-0.06999,9.908679
1755406969595,0.294317,-0.012562,9.949656
1755406969597,0.291924,0.011366,9.834501
1755406969599,0.244068,-0.067597,9.858429
1755406969601,0.301496,-0.034098,9.817751
1755406969604,0.229711,-0.012562,9.999905
1755406969608,0.299103,-0.019741,9.851251
1755406969610,0.282353,-0.019741,9.839287
1755406969611,0.308674,-0.046062,9.903893
1755406969614,0.299103,-0.024526,9.891929
1755406969616,0.284746,-0.017348,9.865608
1755406969618,0.284746,0.035294,9.899107
1755406969621,0.294317,-0.014955,9.872787
1755406969625,0.311067,-0.002991,9.889536
1755406969627,0.289532,0.02333,9.877572
1755406969629,0.260818,0.025723,9.879965
1755406969630,0.277567,-0.012562,9.872787
1755406969633,0.265603,-0.041276,9.877572
1755406969635,0.270389,-0.024526,9.879965
1755406969637,0.299103,-0.017348,9.865608
1755406969640,0.265603,-0.024526,9.899107
1755406969643,0.267996,-0.034098,9.877572
1755406969645,0.275175,-0.017348,9.875179
1755406969648,0.282353,-0.046062,9.889536
1755406969649,0.27996,-0.022134,9.872787
1755406969652,0.29671,-0.000598,9.887143
1755406969654,0.275175,-0.017348,9.856036
1755406969657,0.284746,-0.019741,9.894321
1755406969659,0.308674,-0.031705,9.91825
1755406969662,0.301496,-0.041276,9.810573
1755406969664,0.284746,-0.048455,9.920643
1755406969666,0.277567,-0.029312,9.870394
1755406969668,0.284746,-0.010169,9.899107
1755406969671,0.275175,0.016152,9.894321
1755406969673,0.265603,-0.017348,9.980762
1755406969676,0.320638,-0.024526,9.690931
1755406969678,0.275175,-0.077169,9.956834
1755406969681,0.315853,-0.029312,9.82493
1755406969683,0.291924,0.020937,10.045368
1755406969685,0.284746,0.020937,9.772287
1755406969688,0.265603,-0.034098,9.942178
1755406969690,0.339781,0.008973,9.844072
1755406969693,0.258425,-0.058026,9.932607
1755406969695,0.282353,0.052044,9.827323
1755406969697,0.27996,0.004187,9.973584
1755406969700,0.244068,-0.012562,9.848858
1755406969703,0.284746,-0.041276,9.829716
1755406969705,0.27996,-0.036491,9.968799
1755406969707,0.301496,-0.005384,9.745967
1755406969710,0.217747,-0.002991,10.009477
1755406969712,0.318245,-0.012562,9.753145
1755406969715,0.272782,-0.096311,9.983155
1755406969718,0.334995,-0.002991,9.731609
1755406969719,0.236889,-0.029312,10.016655
1755406969721,0.342174,-0.031705,9.757931
1755406969724,0.287139,-0.067597,10.014262
1755406969727,0.363709,0.028116,9.789038
1755406969729,0.260818,-0.026919,9.82493
1755406969731,0.323031,-0.050847,9.944571
1755406969733,0.301496,-0.055633,9.877572
1755406969736,0.270389,-0.014955,9.947263
1755406969738,0.253639,-0.010169,9.769895
1755406969741,0.303888,-0.074776,9.942178
1755406969744,0.27996,0.001795,9.872787
1755406969747,0.260818,-0.026919,9.760324
1755406969748,0.303888,-0.010169,10.026226
1755406969750,0.275175,-0.046062,9.868001
1755406969752,0.289532,0.004187,9.834501
1755406969755,0.234497,-0.029312,9.858429
1755406969759,0.325424,-0.062812,9.836894
1755406969760,0.284746,-0.017348,9.985548
1755406969763,0.282353,-0.002991,9.741181
1755406969765,0.282353,-0.029312,9.956834
1755406969767,0.349352,0.020937,9.853643
1755406969770,0.232104,-0.002991,9.887143
1755406969771,0.29671,-0.012562,9.829716
1755406969774,0.315853,-0.046062,9.88475
1755406969777,0.275175,-0.017348,9.860822
1755406969779,0.217747,0.001795,9.868001
1755406969781,0.294317,-0.022134,10.00469
1755406969784,0.332602,0.016152,9.745967
1755406969786,0.244068,-0.048455,10.014262
1755406969788,0.334995,-0.043669,9.767502
1755406969791,0.27996,-0.041276,10.021441
1755406969793,0.320638,-0.024526,9.741181
1755406969796,0.248854,-0.031705,10.050154
1755406969799,0.31346,0.025723,9.738789
1755406969800,0.232104,-0.017348,10.002297
1755406969803,0.325424,-0.017348,9.772287
1755406969805,0.215354,-0.024526,10.011869
1755406969807,0.31346,0.025723,9.769895
1755406969810,0.210568,0.001795,9.920643
1755406969812,0.299103,-0.017348,9.844072
1755406969815,0.239282,0.02333,9.920643
1755406969817,0.337388,-0.014955,9.829716
1755406969820,0.303888,-0.000598,9.870394
1755406969822,0.358923,-0.038883,9.947263
1755406969824,0.265603,0.013759,9.798609
1755406969829,0.299103,-0.036491,9.949656
1755406969830,0.327817,-0.031705,9.820144
1755406969832,0.318245,-0.038883,9.997512
1755406969834,0.318245,0.004187,9.71486
1755406969837,0.289532,-0.05324,10.047761
1755406969839,0.327817,-0.000598,9.762716
1755406969841,0.217747,-0.029312,9.975977
1755406969843,0.320638,-0.007777,9.74836
1755406969847,0.246461,-0.034098,10.03819
1755406969849,0.334995,-0.007777,9.755538
1755406969851,0.248854,-0.010169,9.927821
1755406969853,0.311067,-0.036491,9.88475
1755406969855,0.27996,0.001795,9.911072
1755406969858,0.284746,-0.043669,9.851251
1755406969860,0.246461,-0.029312,9.887143
1755406969863,0.311067,-0.029312,9.91825
1755406969866,0.287139,-0.010169,9.760324
1755406969867,0.303888,-0.05324,9.97837
1755406969870,0.31346,-0.017348,9.79143
1755406969872,0.244068,-0.031705,9.923036
1755406969875,0.263211,-0.055633,9.870394
1755406969877,0.29671,0.008973,9.899107
1755406969880,0.253639,-0.024526,9.915857
1755406969883,0.248854,-0.002991,9.877572
1755406969884,0.294317,-0.012562,9.91825
1755406969887,0.282353,-0.007777,9.851251
1755406969889,0.291924,-0.014955,9.923036
1755406969891,0.320638,0.008973,9.863214
1755406969894,0.306281,-0.010169,9.913465
1755406969897,0.275175,-0.010169,9.853643
1755406969899,0.27996,-0.036491,9.891929
1755406969901,0.27996,-0.029312,9.863214
1755406969903,0.270389,0.00658,9.860822
1755406969906,0.270389,-0.017348,9.882358
1755406969908,0.303888,-0.026919,9.889536
1755406969911,0.282353,-0.024526,9.848858
1755406969914,0.267996,-0.019741,9.877572
1755406969918,0.260818,0.004187,9.896714
1755406969919,0.267996,-0.010169,9.882358
1755406969920,0.284746,-0.002991,9.868001
1755406969922,0.267996,-0.014955,9.875179
1755406969925,0.289532,-0.022134,9.868001
1755406969927,0.284746,-0.019741,9.853643
1755406969931,0.308674,0.00658,9.966406
1755406969932,0.29671,0.001795,9.84168
1755406969935,0.27996,-0.022134,9.894321
1755406969937,0.263211,-0.019741,9.856036
1755406969939,0.287139,-0.007777,9.851251
1755406969942,0.270389,-0.043669,9.896714
1755406969944,0.31346,-0.002991,9.877572
1755406969948,0.267996,-0.036491,9.887143
1755406969950,0.258425,-0.019741,9.896714
1755406969951,0.308674,-0.005384,9.798609
1755406969954,0.222533,-0.048455,9.954441
1755406969956,0.337388,0.035294,9.879965
1755406969958,0.284746,0.008973,9.932607
1755406969961,0.267996,0.016152,9.942178
1755406969965,0.378066,-0.055633,9.738789
1755406969967,0.19352,-0.050847,9.954441
1755406969968,0.303888,-0.046062,9.726824
1755406969971,0.217747,0.001795,10.052547
1755406969973,0.368495,0.068794,9.760324
1755406969975,0.246461,-0.058026,10.00469
1755406969979,0.361316,-0.089133,9.659825
1755406969980,0.215354,-0.043669,10.095618
1755406969983,0.37328,0.047258,9.71486
1755406969986,0.215354,-0.065204,9.999905
1755406969987,0.320638,-0.062812,9.765109
1755406969990,0.244068,-0.046062,9.992726
1755406969993,0.323031,0.030508,9.798609
1755406969994,0.22014,-0.034098,9.968799
1755406969997,0.299103,-0.024526,9.815358
1755406970000,0.270389,-0.022134,9.9015
1755406970002,0.27996,-0.005384,9.865608
1755406970004,0.318245,-0.048455,9.877572
1755406970007,0.284746,-0.043669,9.870394
1755406970009,0.27996,-0.024526,9.836894
1755406970012,0.294317,-0.019741,9.920643
1755406970014,0.272782,-0.029312,9.734002
1755406970016,0.22014,-0.024526,9.817751
1755406970019,0.27996,-0.012562,9.820144
1755406970021,0.327817,-0.019741,9.91825
1755406970023,0.270389,-0.034098,9.863214
1755406970026,0.277567,-0.041276,9.942178
1755406970028,0.306281,-0.000598,9.887143
1755406970031,0.306281,-0.022134,9.937392
1755406970034,0.265603,-0.019741,9.872787
1755406970036,0.284746,-0.024526,9.829716
1755406970038,0.325424,-0.022134,9.913465
1755406970040,0.275175,0.004187,9.9015
1755406970043,0.277567,-0.029312,9.84168
1755406970045,0.291924,-0.031705,9.856036
1755406970047,0.315853,-0.014955,9.911072
1755406970050,0.344566,-0.05324,9.966406
1755406970052,0.253639,-0.005384,9.688539
1755406970054,0.27996,-0.041276,9.734002
1755406970057,0.277567,-0.038883,9.812965
1755406970059,0.311067,-0.026919,9.939785
1755406970061,0.277567,-0.024526,9.805787
1755406970064,0.267996,-0.012562,9.779466
1755406970067,0.277567,-0.012562,9.91825
1755406970069,0.327817,-0.007777,9.879965
1755406970071,0.282353,-0.024526,9.939785
1755406970074,0.253639,-0.024526,9.870394
1755406970076,0.287139,-0.012562,9.829716
1755406970078,0.258425,0.001795,9.896714
1755406970081,0.306281,-0.010169,9.848858
1755406970084,0.315853,-0.017348,9.903893
1755406970086,0.287139,-0.024526,9.860822
1755406970088,0.294317,-0.024526,9.877572
1755406970090,0.31346,-0.043669,9.820144
1755406970093,0.270389,-0.046062,9.934999
1755406970095,0.301496,0.008973,9.865608
1755406970098,0.301496,-0.017348,9.899107
1755406970101,0.29671,-0.058026,9.729217
1755406970104,0.27996,-0.093918,10.009477
1755406970105,0.320638,0.066401,9.9015
1755406970107,0.287139,0.016152,9.801002
1755406970110,0.248854,-0.125025,10.014262
1755406970112,0.354138,0.032901,9.767502
1755406970114,0.227318,-0.026919,9.961619
1755406970118,0.256032,0.016152,10.007083
1755406970119,0.397209,0.02333,9.695718
1755406970122,0.16002,-0.113061,10.014262
1755406970124,0.33021,-0.036491,9.702896
1755406970126,0.267996,-0.002991,10.016655
1755406970129,0.31346,0.042473,9.839287
1755406970131,0.227318,0.004187,9.975977
1755406970135,0.303888,-0.002991,9.757931
1755406970137,0.272782,-0.065204,9.975977
1755406970138,0.29671,0.037687,9.786645
1755406970141,0.311067,-0.014955,9.915857
1755406970144,0.29671,-0.010169,9.832108
1755406970146,0.277567,-0.041276,9.91825
1755406970148,0.294317,0.018544,9.820144
1755406970153,0.306281,-0.017348,9.915857
1755406970154,0.294317,-0.002991,9.88475
1755406970155,0.315853,-0.010169,9.848858
1755406970157,0.291924,-0.010169,9.877572
1755406970160,0.31346,-0.000598,9.865608
1755406970162,0.289532,-0.029312,9.887143
1755406970165,0.299103,-0.019741,9.875179
1755406970167,0.258425,-0.041276,9.875179
1755406970171,0.287139,-0.022134,9.870394
1755406970173,0.275175,-0.022134,9.887143
1755406970174,0.277567,-0.007777,9.891929
1755406970177,0.327817,-0.010169,9.903893
1755406970179,0.29671,-0.002991,9.858429
1755406970181,0.287139,-0.026919,9.891929
1755406970184,0.277567,-0.012562,9.853643
1755406970191,0.301496,-0.05324,9.891929
1755406970193,0.275175,0.013759,9.870394
1755406970194,0.294317,-0.007777,9.851251
1755406970195,0.303888,-0.029312,9.887143
1755406970196,0.29671,-0.029312,9.879965
1755406970199,0.303888,-0.048455,9.891929
1755406970201,0.287139,-0.012562,9.875179
1755406970203,0.294317,-0.017348,9.877572
1755406970206,0.325424,-0.010169,9.875179
1755406970208,0.337388,-0.036491,9.887143
1755406970210,0.289532,-0.017348,9.882358
1755406970213,0.291924,-0.031705,9.908679
1755406970215,0.308674,-0.012562,9.896714
1755406970217,0.267996,-0.010169,9.868001
1755406970220,0.299103,-0.010169,9.889536
1755406970223,0.275175,-0.007777,9.853643
1755406970224,0.29671,-0.012562,9.899107
1755406970227,0.287139,-0.014955,9.863214
1755406970230,0.294317,-0.026919,9.872787
1755406970232,0.270389,-0.010169,9.865608
1755406970234,0.320638,-0.017348,9.896714
1755406970238,0.284746,-0.022134,9.875179
1755406970240,0.339781,-0.012562,9.896714
1755406970241,0.299103,0.004187,9.906285
1755406970244,0.318245,-0.024526,9.870394
1755406970246,0.303888,-0.002991,9.906285
1755406970249,0.299103,-0.029312,9.879965
1755406970251,0.289532,-0.012562,9.937392
1755406970253,0.311067,0.013759,9.872787
1755406970256,0.291924,-0.007777,9.777073
1755406970258,0.265603,-0.074776,9.947263
1755406970261,0.282353,-0.014955,9.827323
1755406970263,0.282353,0.083151,9.992726
1755406970265,0.275175,-0.000598,9.74836
1755406970268,0.275175,-0.10349,9.932607
1755406970271,0.306281,-0.041276,9.82493
1755406970273,0.248854,0.064008,9.964012
1755406970276,0.29671,-0.017348,9.796216
1755406970277,0.272782,-0.08674,9.990334
1755406970280,0.327817,-0.022134,9.844072
1755406970282,0.232104,0.035294,9.88475
1755406970285,0.291924,-0.06999,9.827323
1755406970289,0.306281,-0.05324,9.930214
1755406970290,0.306281,0.001795,9.820144
1755406970292,0.222533,-0.000598,9.877572
1755406970295,0.356531,-0.036491,9.932607
1755406970296,0.311067,-0.012562,9.834501
1755406970299,0.251246,-0.022134,9.88475
1755406970302,0.289532,-0.034098,9.82493
1755406970305,0.299103,-0.058026,9.894321
1755406970308,0.275175,-0.005384,9.903893
1755406970309,0.318245,-0.031705,9.860822
1755406970311,0.287139,-0.022134,9.879965
1755406970314,0.277567,-0.046062,9.870394
1755406970316,0.287139,-0.010169,9.860822
1755406970318,0.270389,0.011366,9.88475
1755406970321,0.267996,0.00658,9.863214
1755406970324,0.260818,-0.046062,9.889536
1755406970326,0.258425,-0.014955,9.875179
1755406970328,0.306281,-0.034098,9.870394
1755406970330,0.277567,-0.014955,9.856036
1755406970333,0.275175,-0.022134,9.903893
1755406970335,0.29671,-0.012562,9.932607
1755406970337,0.332602,-0.029312,9.9015
1755406970340,0.270389,-0.036491,9.865608
1755406970343,0.253639,-0.002991,9.865608
1755406970344,0.282353,-0.000598,9.896714
1755406970347,0.306281,-0.019741,9.834501
1755406970349,0.277567,-0.005384,9.858429
1755406970352,0.248854,-0.024526,9.848858
1755406970354,0.258425,-0.062812,9.856036
1755406970356,0.277567,0.020937,9.899107
1755406970359,0.289532,0.008973,9.887143
1755406970361,0.265603,0.004187,9.923036
1755406970364,0.282353,0.00658,9.860822
1755406970366,0.284746,-0.024526,9.865608
1755406970369,0.282353,-0.024526,9.848858
1755406970371,0.301496,-0.007777,9.915857
1755406970373,0.282353,-0.005384,9.870394
1755406970376,0.267996,-0.055633,9.858429
1755406970378,0.272782,-0.05324,9.925428
1755406970381,0.308674,0.008973,9.858429
1755406970383,0.299103,-0.024526,9.875179
1755406970385,0.301496,-0.017348,9.865608
1755406970387,0.287139,-0.022134,9.88475
1755406970390,0.289532,-0.022134,9.9015
1755406970392,0.265603,-0.007777,9.858429
1755406970395,0.291924,-0.002991,9.887143
1755406970397,0.306281,-0.043669,9.899107
1755406970399,0.306281,-0.024526,9.851251
1755406970402,0.258425,-0.038883,9.865608
1755406970404,0.287139,-0.060419,9.942178
1755406970407,0.306281,0.025723,9.903893
1755406970410,0.251246,-0.005384,9.913465
1755406970412,0.287139,-0.026919,9.79143
1755406970414,0.29671,-0.101097,9.80818
1755406970416,0.277567,-0.014955,10.062119
1755406970419,0.325424,0.059222,9.765109
1755406970421,0.19352,-0.031705,9.934999
1755406970424,0.323031,-0.098704,9.772287
1755406970427,0.265603,-0.046062,10.00469
1755406970428,0.337388,0.049651,9.762716
1755406970431,0.244068,0.02333,10.05494
1755406970433,0.378066,-0.058026,9.664611
1755406970436,0.22014,-0.120239,9.954441
1755406970438,0.320638,0.001795,9.836894
1755406970441,0.270389,0.02333,9.896714
1755406970444,0.291924,0.016152,10.007083
1755406970445,0.320638,0.004187,9.719646
1755406970448,0.256032,-0.079561,9.91825
1755406970451,0.275175,-0.005384,9.784252
1755406970452,0.277567,0.037687,10.031012
1755406970455,0.27996,0.064008,9.772287
1755406970458,0.294317,-0.031705,9.944571
1755406970460,0.33021,-0.065204,9.734002
1755406970462,0.27996,-0.060419,9.942178
1755406970464,0.315853,0.008973,9.906285
1755406970467,0.277567,0.080758,9.858429
1755406970469,0.282353,-0.050847,9.865608
1755406970471,0.241675,-0.084347,9.810573
1755406970475,0.289532,-0.046062,9.942178
1755406970477,0.258425,0.042473,9.868001
1755406970479,0.253639,-0.014955,9.973584
1755406970481,0.303888,-0.024526,9.755538
1755406970484,0.301496,-0.084347,9.879965
1755406970486,0.289532,-0.067597,9.848858
1755406970488,0.301496,0.054437,9.959227
1755406970492,0.256032,0.030508,9.870394
1755406970494,0.282353,-0.079561,9.839287
1755406970495,0.29671,-0.101097,9.923036
1755406970499,0.308674,0.020937,9.879965
1755406970500,0.232104,0.020937,10.00469
1755406970503,0.301496,0.035294,9.812965
1755406970505,0.291924,-0.098704,9.834501
1755406970509,0.29671,-0.08674,9.817751
1755406970510,0.306281,0.016152,10.021441
1755406970513,0.282353,0.090329,9.844072
1755406970515,0.267996,-0.036491,9.844072
1755406970517,0.315853,-0.089133,9.923036
1755406970519,0.320638,0.025723,9.863214
1755406970522,0.270389,0.044865,9.915857
1755406970526,0.306281,0.035294,9.863214
1755406970528,0.291924,-0.038883,9.858429
1755406970530,0.246461,-0.067597,9.851251
1755406970532,0.332602,-0.022134,9.937392
1755406970534,0.29671,0.035294,9.942178
1755406970536,0.303888,-0.012562,9.836894
1755406970538,0.287139,-0.074776,9.870394
1755406970541,0.306281,-0.062812,9.877572
1755406970546,0.248854,-0.000598,9.870394
1755406970547,0.299103,0.00658,9.906285
1755406970548,0.332602,-0.034098,9.887143
1755406970551,0.248854,-0.022134,9.894321
1755406970553,0.282353,-0.022134,9.875179
1755406970555,0.282353,0.00658,9.903893
1755406970557,0.301496,0.00658,9.767502
1755406970560,0.306281,-0.038883,9.913465
1755406970563,0.294317,-0.050847,9.894321
1755406970565,0.277567,-0.050847,9.760324
1755406970567,0.311067,-0.024526,9.913465
1755406970570,0.289532,-0.000598,9.82493
1755406970572,0.299103,-0.017348,9.856036
1755406970574,0.282353,0.004187,9.796216
1755406970577,0.267996,-0.034098,9.79143
1755406970580,0.277567,-0.029312,9.930214
1755406970582,0.33021,-0.043669,9.990334
1755406970584,0.227318,0.011366,9.805787
1755406970587,0.217747,-0.010169,9.836894
1755406970589,0.315853,-0.050847,9.834501
1755406970591,0.272782,-0.014955,9.832108
1755406970594,0.308674,-0.034098,9.942178
1755406970596,0.263211,-0.026919,9.934999
1755406970599,0.301496,-0.050847,9.894321
1755406970601,0.282353,-0.002991,9.913465
1755406970603,0.282353,-0.031705,9.834501
1755406970606,0.267996,-0.036491,9.923036
1755406970608,0.301496,-0.036491,9.887143
1755406970611,0.267996,0.001795,9.839287
1755406970614,0.239282,0.013759,9.839287
1755406970615,0.232104,0.00658,9.793823
1755406970618,0.253639,-0.017348,9.894321
1755406970620,0.325424,-0.022134,9.961619
1755406970622,0.291924,-0.034098,9.834501
1755406970625,0.265603,-0.002991,9.82493
1755406970628,0.265603,-0.012562,9.80818
1755406970631,0.265603,0.025723,9.894321
1755406970632,0.258425,-0.026919,9.908679
1755406970635,0.291924,0.00658,9.836894
1755406970637,0.29671,-0.022134,9.860822
1755406970639,0.284746,-0.012562,9.877572
1755406970642,0.275175,-0.002991,9.846465
1755406970645,0.267996,-0.017348,9.88475
1755406970647,0.301496,-0.019741,9.899107
1755406970649,0.301496,-0.010169,9.891929
1755406970651,0.284746,-0.036491,9.860822
1755406970654,0.270389,-0.029312,9.930214
1755406970656,0.327817,-0.017348,9.879965
1755406970658,0.27996,-0.022134,9.844072
1755406970663,0.325424,-0.012562,9.923036
1755406970664,0.327817,-0.034098,9.872787
1755406970666,0.272782,-0.041276,9.9015
1755406970668,0.263211,-0.034098,9.815358
1755406970670,0.303888,-0.046062,9.887143
1755406970673,0.301496,0.001795,9.868001
1755406970675,0.287139,-0.017348,9.896714
1755406970677,0.27996,-0.012562,9.865608
1755406970682,0.306281,-0.036491,9.870394
1755406970684,0.282353,-0.058026,9.865608
1755406970685,0.265603,-0.000598,9.877572
1755406970687,0.325424,-0.005384,9.875179
1755406970690,0.289532,-0.029312,9.860822
1755406970692,0.267996,-0.050847,9.851251
1755406970696,0.291924,-0.062812,9.934999
1755406970698,0.294317,0.004187,9.836894
1755406970699,0.246461,-0.031705,9.877572
1755406970701,0.294317,-0.046062,9.959227
1755406970704,0.334995,0.001795,9.805787
1755406970706,0.217747,0.04008,9.952048
1755406970708,0.311067,-0.005384,9.822537
1755406970711,0.256032,-0.024526,9.870394
1755406970714,0.323031,-0.060419,9.865608
1755406970716,0.287139,0.032901,9.899107
1755406970718,0.334995,0.028116,9.834501
1755406970721,0.246461,-0.010169,9.934999
1755406970723,0.299103,-0.041276,9.846465
1755406970725,0.270389,-0.043669,9.858429
1755406970728,0.275175,0.001795,9.9015
1755406970731,0.289532,-0.005384,9.911072
1755406970735,0.323031,-0.017348,9.817751
1755406970736,0.251246,-0.093918,9.829716
1755406970738,0.318245,-0.05324,9.964012
1755406970740,0.291924,0.020937,9.796216
1755406970743,0.246461,-0.007777,9.920643
1755406970744,0.291924,-0.029312,9.983155
1755406970748,0.303888,0.032901,9.858429
1755406970750,0.239282,-0.036491,9.829716
1755406970752,0.248854,-0.084347,9.848858
1755406970754,0.332602,-0.06999,9.877572
1755406970756,0.258425,-0.005384,9.899107
1755406970759,0.327817,0.008973,9.875179
1755406970761,0.303888,-0.019741,9.908679
1755406970764,0.258425,-0.034098,9.870394
1755406970766,0.256032,-0.010169,9.875179
1755406970768,0.320638,-0.036491,9.875179
1755406970771,0.303888,-0.026919,9.88475
1755406970773,0.260818,-0.007777,9.858429
1755406970777,0.275175,-0.010169,9.875179
1755406970778,0.27996,-0.014955,9.82493
1755406970781,0.291924,-0.029312,9.947263
1755406970783,0.287139,-0.041276,9.9015
1755406970786,0.354138,-0.043669,9.9015
1755406970788,0.299103,-0.043669,9.908679
1755406970790,0.277567,-0.026919,9.781859
1755406970793,0.332602,-0.026919,9.975977
1755406970795,0.265603,0.004187,9.815358
1755406970797,0.284746,-0.026919,9.801002
1755406970800,0.303888,-0.046062,9.882358
1755406970802,0.366102,-0.077169,10.040583
1755406970805,0.301496,0.020937,9.927821
1755406970807,0.342174,-0.029312,10.086046
1755406970809,0.265603,-0.012562,9.896714
1755406970812,0.291924,-0.012562,10.045368
1755406970814,0.229711,0.008973,9.765109
1755406970817,0.20339,0.054437,9.839287
1755406970819,0.320638,0.025723,10.03819
1755406970821,0.308674,-0.038883,9.879965
1755406970823,0.277567,-0.029312,9.942178
1755406970826,0.277567,-0.046062,9.769895
1755406970829,0.131306,0.018544,9.683753
1755406970832,0.385244,-0.022134,10.124331
1755406970833,0.358923,-0.067597,9.97837
1755406970835,0.270389,-0.034098,9.817751
1755406970838,0.282353,-0.05324,9.896714
1755406970840,0.265603,0.008973,9.868001
1755406970843,0.289532,-0.007777,9.851251
1755406970845,0.308674,-0.036491,9.906285
1755406970848,0.303888,-0.024526,9.949656
1755406970852,0.253639,-0.060419,9.863214
1755406970853,0.282353,-0.012562,9.891929
1755406970855,0.232104,0.016152,9.77468
1755406970857,0.265603,-0.043669,9.889536
1755406970859,0.289532,-0.036491,9.829716
1755406970862,0.320638,-0.024526,9.939785
1755406970865,0.301496,-0.024526,9.822537
1755406970867,0.260818,0.018544,9.88475
1755406970869,0.253639,0.00658,9.906285
1755406970872,0.311067,-0.029312,9.915857
1755406970874,0.287139,-0.000598,9.872787
1755406970876,0.251246,0.011366,9.868001
1755406970879,0.315853,-0.014955,9.879965
1755406970883,0.318245,-0.012562,9.891929
1755406970884,0.287139,-0.007777,9.848858
1755406970886,0.265603,-0.024526,9.9015
1755406970888,0.287139,-0.038883,9.879965
1755406970891,0.284746,-0.002991,9.870394
1755406970893,0.294317,-0.024526,9.930214
1755406970896,0.287139,0.020937,9.844072
1755406970900,0.256032,-0.002991,9.966406
1755406970901,0.287139,0.00658,9.891929
1755406970903,0.236889,-0.000598,9.870394
1755406970905,0.248854,-0.077169,9.79143
1755406970907,0.275175,-0.043669,10.002297
1755406970910,0.332602,-0.000598,9.834501
1755406970913,0.20339,0.020937,9.944571
1755406970915,0.363709,-0.062812,9.760324
1755406970918,0.265603,-0.081954,10.035797
1755406970919,0.334995,-0.022134,9.755538
1755406970922,0.267996,0.047258,9.934999
1755406970925,0.339781,-0.062812,9.82493
1755406970927,0.260818,-0.005384,9.915857
1755406970929,0.334995,0.00658,9.839287
1755406970931,0.244068,-0.012562,9.887143
1755406970934,0.33021,-0.050847,9.899107
1755406970936,0.272782,0.016152,9.889536
1755406970939,0.301496,-0.019741,9.889536
1755406970941,0.303888,-0.005384,9.803394
1755406970944,0.349352,-0.031705,9.961619
1755406970946,0.272782,0.008973,9.786645
1755406970948,0.315853,-0.026919,9.949656
1755406970951,0.325424,-0.005384,9.79143
1755406970955,0.282353,-0.024526,10.033404
1755406970957,0.260818,0.020937,9.734002
1755406970958,0.277567,-0.036491,10.002297
1755406970960,0.342174,0.001795,9.789038
1755406970963,0.224925,0.011366,9.999905
1755406970965,0.277567,-0.022134,9.74836
1755406970968,0.265603,-0.06999,10.05494
1755406970970,0.299103,-0.007777,9.77468
1755406970972,0.234497,-0.024526,9.91825
1755406970974,0.27996,-0.067597,9.829716
1755406970977,0.251246,-0.029312,9.915857
1755406970980,0.29671,-0.022134,9.827323
1755406970982,0.244068,-0.012562,9.891929
1755406970984,0.303888,-0.038883,9.973584
1755406970987,0.270389,0.02333,9.801002
1755406970989,0.256032,-0.043669,9.968799
1755406970991,0.299103,0.011366,9.810573
1755406970993,0.272782,-0.017348,9.97837
1755406970996,0.272782,-0.041276,9.736395
1755406970999,0.284746,-0.038883,10.031012
1755406971002,0.320638,0.008973,9.741181
1755406971004,0.181555,-0.026919,9.959227
1755406971006,0.29671,-0.062812,9.805787
1755406971008,0.260818,-0.000598,9.949656
1755406971010,0.291924,-0.038883,9.851251
1755406971013,0.253639,-0.007777,9.846465
1755406971015,0.303888,-0.036491,9.954441
1755406971018,0.260818,-0.014955,9.784252
1755406971022,0.284746,-0.072383,9.995119
1755406971023,0.275175,0.004187,9.74836
1755406971025,0.267996,-0.014955,10.026226
1755406971027,0.27996,-0.012562,9.710074
1755406971029,0.210568,-0.05324,10.057333
1755406971032,0.306281,0.00658,9.726824
1755406971036,0.232104,0.001795,10.002297
1755406971038,0.306281,-0.029312,9.765109
1755406971040,0.258425,-0.012562,9.990334
1755406971043,0.332602,-0.019741,9.769895
1755406971044,0.248854,-0.026919,9.913465
1755406971047,0.315853,-0.029312,9.906285
1755406971049,0.284746,0.020937,9.88475
1755406971051,0.289532,-0.036491,9.887143
1755406971054,0.284746,-0.002991,9.832108
1755406971057,0.325424,-0.048455,9.937392
1755406971058,0.224925,0.013759,9.705289
1755406971061,0.265603,-0.050847,10.033404
1755406971063,0.337388,0.02333,9.760324
1755406971065,0.272782,-0.019741,9.954441
1755406971068,0.272782,-0.017348,9.829716
1755406971071,0.287139,-0.007777,9.913465
1755406971074,0.267996,-0.000598,9.894321
1755406971075,0.267996,-0.000598,9.882358
1755406971078,0.284746,-0.038883,9.891929
1755406971080,0.263211,-0.000598,9.891929
1755406971082,0.299103,-0.014955,9.887143
1755406971085,0.256032,-0.007777,9.846465
1755406971087,0.334995,-0.022134,9.891929
1755406971090,0.289532,0.016152,9.865608
1755406971092,0.270389,-0.014955,9.915857
1755406971095,0.277567,-0.012562,9.844072
1755406971097,0.323031,-0.007777,9.891929
1755406971099,0.275175,-0.026919,9.877572
1755406971102,0.294317,-0.038883,9.908679
1755406971105,0.294317,-0.017348,9.891929
1755406971107,0.287139,-0.002991,9.961619
1755406971109,0.311067,0.016152,9.829716
1755406971111,0.251246,-0.05324,9.870394
1755406971113,0.294317,-0.062812,9.844072
1755406971116,0.306281,-0.050847,9.891929
1755406971118,0.251246,-0.000598,9.887143
1755406971121,0.303888,0.004187,9.896714
1755406971123,0.282353,-0.026919,9.887143
1755406971125,0.270389,-0.017348,9.834501
1755406971128,0.267996,-0.034098,9.882358
1755406971130,0.29671,-0.038883,9.889536
1755406971133,0.301496,-0.017348,9.877572
1755406971135,0.311067,-0.019741,9.868001
1755406971138,0.260818,-0.062812,9.894321
1755406971140,0.301496,-0.034098,9.875179
1755406971143,0.303888,-0.014955,9.877572
1755406971145,0.291924,0.020937,9.872787
1755406971147,0.299103,0.001795,9.889536
1755406971149,0.251246,-0.017348,9.879965
1755406971152,0.287139,-0.036491,9.853643
1755406971154,0.265603,-0.019741,9.882358
1755406971158,0.265603,-0.014955,9.889536
1755406971159,0.263211,-0.036491,9.872787
1755406971161,0.282353,-0.012562,9.896714
1755406971164,0.294317,-0.017348,9.877572
1755406971166,0.267996,-0.000598,9.872787
1755406971168,0.267996,-0.007777,9.88475
1755406971172,0.275175,-0.034098,9.868001
1755406971177,0.31346,-0.022134,9.846465
1755406971178,0.284746,-0.000598,9.844072
1755406971179,0.267996,-0.012562,9.865608
1755406971181,0.294317,-0.034098,9.872787
1755406971183,0.270389,-0.010169,9.870394
1755406971186,0.289532,-0.036491,9.915857
1755406971189,0.294317,-0.048455,9.887143
1755406971191,0.31346,-0.002991,9.887143
1755406971193,0.270389,0.011366,9.870394
1755406971195,0.289532,-0.022134,9.925428
1755406971198,0.275175,-0.041276,9.856036
1755406971200,0.306281,-0.050847,9.868001
1755406971202,0.282353,-0.000598,9.911072
1755406971205,0.294317,-0.010169,9.913465
1755406971207,0.270389,0.004187,9.865608
1755406971209,0.303888,-0.019741,9.844072
1755406971212,0.275175,-0.05324,9.868001
1755406971215,0.275175,0.028116,9.908679
1755406971216,0.234497,0.032901,9.803394
1755406971219,0.241675,-0.065204,9.952048
1755406971223,0.301496,-0.029312,9.769895
1755406971225,0.234497,-0.077169,9.944571
1755406971227,0.311067,0.068794,9.82493
1755406971228,0.256032,-0.017348,9.97837
1755406971231,0.256032,0.025723,9.762716
1755406971233,0.258425,-0.072383,9.903893
1755406971236,0.253639,0.016152,9.906285
1755406971238,0.284746,-0.000598,9.860822
1755406971241,0.256032,-0.014955,9.84168
1755406971243,0.267996,-0.046062,9.913465
1755406971245,0.263211,-0.012562,9.84168
1755406971248,0.31346,-0.055633,9.889536
1755406971250,0.287139,-0.031705,9.868001
1755406971253,0.284746,-0.012562,9.980762
1755406971255,0.275175,0.025723,9.760324
1755406971258,0.263211,-0.050847,9.992726
1755406971260,0.325424,-0.024526,9.856036
1755406971262,0.291924,0.008973,9.980762
1755406971265,0.267996,-0.002991,9.741181
1755406971267,0.27996,-0.072383,10.00469
1755406971269,0.318245,-0.000598,9.805787
1755406971271,0.217747,0.008973,9.908679
1755406971274,0.308674,-0.05324,9.79143
1755406971276,0.299103,-0.034098,10.040583
1755406971279,0.308674,0.032901,9.793823
1755406971281,0.234497,-0.024526,9.88475
1755406971283,0.318245,-0.079561,9.899107
1755406971286,0.272782,-0.002991,9.913465
1755406971288,0.291924,-0.005384,9.860822
1755406971291,0.289532,-0.029312,9.844072
1755406971295,0.33021,-0.065204,9.954441
1755406971296,0.246461,0.02333,9.805787
1755406971298,0.260818,-0.048455,9.882358
1755406971300,0.308674,-0.036491,9.805787
1755406971303,0.311067,-0.05324,10.007083
1755406971306,0.299103,0.035294,9.755538
1755406971308,0.311067,-0.034098,9.947263
1755406971310,0.315853,-0.029312,9.805787
1755406971312,0.291924,-0.029312,9.973584
1755406971315,0.260818,0.020937,9.753145
1755406971317,0.275175,-0.074776,9.966406
1755406971319,0.311067,-0.038883,9.786645
1755406971322,0.251246,-0.000598,9.959227
1755406971324,0.301496,0.02333,9.805787
1755406971327,0.306281,-0.031705,9.961619
1755406971329,0.251246,-0.022134,9.863214
1755406971331,0.224925,-0.005384,9.77468
1755406971334,0.265603,-0.041276,9.920643
1755406971336,0.284746,-0.005384,9.810573
1755406971339,0.232104,-0.014955,9.947263
1755406971342,0.332602,-0.022134,9.810573
1755406971344,0.289532,-0.041276,10.002297
1755406971346,0.294317,-0.000598,9.762716
1755406971348,0.303888,-0.077169,9.949656
1755406971351,0.284746,0.001795,9.877572
1755406971353,0.272782,-0.024526,9.894321
1755406971355,0.244068,0.020937,9.939785
1755406971358,0.29671,-0.060419,9.891929
1755406971361,0.275175,-0.019741,9.939785
1755406971363,0.320638,-0.05324,9.836894
1755406971365,0.248854,-0.000598,9.79143
1755406971367,0.301496,-0.034098,9.906285
1755406971370,0.263211,-0.034098,9.879965
1755406971372,0.289532,-0.034098,9.975977
1755406971375,0.253639,-0.026919,9.769895
1755406971377,0.31346,-0.081954,9.932607
1755406971379,0.301496,-0.041276,9.9015
1755406971382,0.334995,-0.06999,9.923036
1755406971384,0.282353,-0.019741,9.875179
1755406971387,0.246461,-0.002991,9.930214
1755406971389,0.306281,-0.036491,9.903893
1755406971393,0.284746,-0.05324,9.798609
1755406971395,0.308674,-0.062812,9.932607
1755406971397,0.294317,-0.031705,9.882358
1755406971399,0.272782,0.001795,9.74836
1755406971401,0.29671,-0.010169,9.836894
1755406971403,0.315853,-0.043669,9.942178
1755406971406,0.315853,-0.010169,9.906285
1755406971410,0.272782,0.008973,9.920643
1755406971412,0.301496,-0.005384,9.882358
1755406971414,0.334995,-0.038883,9.863214
1755406971415,0.27996,-0.043669,9.872787
1755406971418,0.29671,-0.022134,9.863214
1755406971420,0.265603,-0.031705,9.906285
1755406971422,0.263211,0.008973,9.889536
1755406971426,0.289532,-0.048455,9.894321
1755406971428,0.282353,-0.007777,9.923036
1755406971430,0.320638,-0.036491,9.815358
1755406971432,0.241675,-0.060419,9.964012
1755406971434,0.311067,-0.019741,9.822537
1755406971437,0.244068,0.025723,9.973584
1755406971439,0.272782,-0.005384,9.767502
1755406971444,0.234497,-0.062812,9.97837
1755406971445,0.358923,-0.014955,9.762716
1755406971447,0.195912,-0.05324,9.973584
1755406971449,0.346959,0.004187,9.836894
1755406971451,0.284746,-0.031705,9.964012
1755406971454,0.29671,0.037687,9.836894
1755406971456,0.306281,-0.065204,9.803394
1755406971460,0.248854,-0.074776,9.932607
1755406971462,0.334995,-0.046062,9.755538
1755406971464,0.200997,-0.043669,10.028619
1755406971466,0.354138,0.008973,9.762716
1755406971469,0.253639,-0.005384,10.076475
1755406971471,0.351745,0.016152,9.686146
1755406971473,0.222533,-0.072383,10.031012
1755406971475,0.354138,0.035294,9.722038
1755406971478,0.191127,-0.007777,9.997512
1755406971480,0.306281,0.020937,9.731609
1755406971482,0.260818,-0.034098,10.074082
1755406971485,0.363709,0.044865,9.638289
1755406971487,0.227318,-0.072383,10.07169
1755406971490,0.368495,0.016152,9.678967
1755406971492,0.246461,-0.041276,10.088439
1755406971495,0.327817,0.04008,9.662218
1755406971497,0.260818,-0.067597,10.03819
1755406971500,0.327817,-0.012562,9.745967
1755406971502,0.251246,-0.036491,10.07169
1755406971504,0.327817,0.020937,9.702896
1755406971507,0.232104,-0.034098,10.03819
1755406971509,0.308674,0.008973,9.722038
1755406971512,0.241675,-0.000598,10.064511
1755406971514,0.351745,0.013759,9.707682
1755406971516,0.246461,-0.050847,10.03819
1755406971519,0.332602,0.020937,9.779466
1755406971521,0.258425,0.001795,9.966406
1755406971523,0.282353,-0.029312,9.762716
1755406971526,0.315853,-0.060419,9.999905
1755406971529,0.337388,-0.036491,9.784252
1755406971532,0.241675,0.00658,9.932607
1755406971534,0.311067,-0.038883,9.877572
1755406971535,0.248854,0.013759,9.879965
1755406971538,0.301496,-0.005384,9.896714
1755406971540,0.291924,-0.007777,9.84168
1755406971543,0.299103,-0.014955,10.021441
1755406971546,0.287139,0.049651,9.724431
1755406971550,0.258425,-0.038883,10.03819
1755406971551,0.320638,0.004187,9.77468
1755406971552,0.284746,-0.058026,9.944571
1755406971554,0.303888,0.042473,9.817751
1755406971556,0.267996,-0.048455,9.810573
1755406971559,0.303888,-0.014955,9.966406
1755406971562,0.287139,-0.026919,9.879965
1755406971564,0.318245,-0.012562,9.781859
1755406971567,0.253639,-0.05324,10.007083
1755406971569,0.323031,-0.050847,9.731609
1755406971571,0.224925,0.004187,10.002297
1755406971573,0.33021,-0.024526,9.745967
1755406971576,0.239282,-0.024526,10.045368
1755406971580,0.308674,-0.007777,9.738789
1755406971581,0.248854,0.030508,9.987941
1755406971583,0.33021,-0.007777,9.743574
1755406971585,0.244068,-0.050847,10.057333
1755406971588,0.356531,-0.036491,9.765109
1755406971591,0.229711,0.059222,9.947263
1755406971593,0.37328,-0.031705,9.769895
1755406971595,0.229711,-0.060419,9.956834
1755406971597,0.351745,-0.031705,9.829716
1755406971600,0.232104,0.011366,9.987941
1755406971602,0.368495,-0.002991,9.79143
1755406971604,0.208176,-0.055633,9.964012
1755406971607,0.334995,0.008973,9.750752
1755406971609,0.195912,-0.055633,9.995119
1755406971612,0.342174,0.004187,9.738789
1755406971615,0.258425,-0.036491,10.083653
1755406971617,0.349352,-0.019741,9.707682
1755406971619,0.241675,-0.065204,10.002297
1755406971622,0.320638,0.030508,9.74836
1755406971624,0.267996,-0.077169,9.964012
1755406971626,0.277567,-0.014955,9.834501
1755406971628,0.33021,-0.022134,9.846465
1755406971632,0.260818,-0.043669,9.925428
1755406971635,0.334995,-0.041276,9.889536
1755406971636,0.232104,-0.014955,9.959227
1755406971639,0.370888,0.001795,9.767502
1755406971640,0.22014,0.004187,10.090832
1755406971643,0.40678,0.011366,9.722038
1755406971645,0.253639,-0.065204,9.999905
1755406971648,0.311067,0.047258,9.798609
1755406971650,0.277567,-0.029312,9.920643
1755406971652,0.263211,0.037687,9.923036
1755406971655,0.325424,-0.024526,9.769895
1755406971657,0.224925,-0.010169,9.980762
1755406971660,0.344566,-0.014955,9.719646
1755406971662,0.227318,-0.026919,10.098011
1755406971665,0.39003,0.030508,9.707682
1755406971667,0.22014,-0.060419,10.047761
1755406971670,0.342174,0.025723,9.760324
1755406971672,0.258425,-0.067597,9.882358
1755406971675,0.236889,-0.041276,9.959227
1755406971677,0.339781,-0.000598,9.734002
1755406971679,0.169591,-0.058026,10.078868
1755406971682,0.358923,0.028116,9.676575
1755406971684,0.198604,-0.079561,10.050154
1755406971686,0.334995,0.030508,9.789038
1755406971689,0.29671,-0.005384,9.863214
1755406971691,0.236889,-0.019741,9.959227
1755406971693,0.29671,0.013759,9.796216
1755406971696,0.215354,-0.017348,9.964012
1755406971699,0.29671,0.04008,9.872787
1755406971700,0.287139,-0.005384,9.860822
1755406971703,0.277567,-0.000598,9.903893
1755406971705,0.334995,0.025723,9.84168
1755406971708,0.27996,-0.007777,9.932607
1755406971710,0.277567,0.001795,9.858429
1755406971713,0.27996,-0.034098,9.879965
1755406971716,0.263211,-0.022134,9.906285
1755406971718,0.291924,0.013759,9.88475
1755406971720,0.294317,-0.019741,9.868001
1755406971723,0.303888,-0.007777,9.882358
1755406971725,0.303888,-0.031705,9.853643
1755406971727,0.282353,-0.029312,9.889536
1755406971729,0.31346,-0.019741,9.817751
1755406971733,0.318245,-0.029312,9.906285
1755406971735,0.301496,-0.019741,9.820144
1755406971736,0.291924,-0.022134,9.927821
1755406971739,0.232104,-0.005384,9.822537
1755406971742,0.311067,-0.010169,9.865608
1755406971744,0.282353,-0.029312,9.891929
1755406971746,0.291924,-0.029312,9.868001
1755406971749,0.253639,-0.019741,9.908679
1755406971753,0.229711,-0.055633,9.860822
1755406971754,0.29671,-0.046062,9.927821
1755406971755,0.277567,-0.029312,9.848858
1755406971758,0.275175,-0.012562,9.887143
1755406971761,0.27996,-0.007777,9.91825
1755406971763,0.282353,-0.014955,9.84168
1755406971767,0.263211,-0.019741,9.858429
1755406971768,0.284746,-0.005384,9.911072
1755406971771,0.267996,-0.014955,9.923036
1755406971773,0.270389,-0.034098,9.860822
1755406971775,0.282353,0.004187,9.927821
1755406971777,0.301496,-0.058026,9.753145
1755406971780,0.253639,-0.024526,9.980762
1755406971782,0.363709,-0.038883,9.817751
1755406971786,0.270389,0.00658,9.899107
1755406971788,0.306281,-0.048455,9.84168
1755406971789,0.251246,-0.005384,9.932607
1755406971792,0.342174,-0.041276,9.815358
1755406971795,0.282353,0.001795,9.868001
1755406971796,0.327817,-0.05324,9.872787
1755406971800,0.27996,-0.010169,9.923036
1755406971802,0.320638,-0.038883,9.846465
1755406971804,0.267996,0.011366,9.899107
1755406971806,0.33021,-0.06999,9.882358
1755406971808,0.236889,-0.036491,9.896714
1755406971811,0.29671,-0.034098,9.858429
1755406971813,0.267996,-0.000598,9.832108
1755406971815,0.306281,-0.043669,9.956834
1755406971818,0.260818,-0.005384,9.820144
1755406971820,0.27996,-0.038883,9.937392
1755406971823,0.260818,0.016152,9.856036
1755406971825,0.315853,-0.000598,9.908679
1755406971828,0.241675,0.001795,9.844072
1755406971830,0.344566,-0.017348,9.868001
1755406971832,0.267996,-0.014955,9.844072
1755406971835,0.289532,-0.007777,9.91825
1755406971837,0.306281,0.025723,9.817751
1755406971839,0.277567,-0.014955,9.964012
1755406971842,0.301496,-0.005384,9.810573
1755406971844,0.291924,-0.026919,9.932607
1755406971847,0.251246,-0.022134,9.870394
1755406971849,0.289532,-0.022134,9.851251
1755406971852,0.270389,-0.019741,9.872787
1755406971855,0.258425,-0.010169,9.968799
1755406971856,0.294317,0.018544,9.815358
1755406971859,0.236889,-0.002991,9.911072
1755406971861,0.284746,-0.005384,9.753145
1755406971863,0.263211,-0.036491,9.961619
1755406971866,0.265603,0.016152,9.915857
1755406971868,0.265603,0.00658,9.971191
1755406971870,0.27996,-0.024526,9.812965
1755406971873,0.294317,-0.046062,9.856036
1755406971876,0.287139,-0.019741,9.834501
1755406971879,0.287139,0.016152,9.887143
1755406971880,0.311067,-0.026919,9.920643
1755406971882,0.301496,-0.010169,9.851251
1755406971886,0.294317,-0.017348,9.913465
1755406971889,0.29671,-0.031705,9.889536
1755406971890,0.294317,-0.058026,9.887143
1755406971893,0.306281,-0.000598,9.891929
1755406971895,0.289532,-0.050847,9.961619
1755406971897,0.323031,-0.010169,9.832108
1755406971899,0.27996,0.004187,9.944571
1755406971903,0.253639,-0.010169,9.77468
1755406971904,0.299103,-0.024526,9.913465
1755406971907,0.27996,-0.019741,9.913465
1755406971909,0.29671,-0.024526,9.894321
1755406971911,0.315853,-0.022134,9.779466
1755406971914,0.291924,0.004187,9.97837
1755406971916,0.29671,0.00658,9.815358
1755406971919,0.284746,-0.055633,9.987941
1755406971921,0.332602,-0.010169,9.82493
1755406971923,0.244068,-0.005384,9.903893
1755406971926,0.27996,-0.002991,9.870394
1755406971928,0.275175,-0.012562,9.887143
1755406971931,0.267996,-0.031705,9.877572
1755406971933,0.33021,-0.012562,9.863214
1755406971936,0.277567,-0.024526,9.865608
1755406971938,0.299103,-0.029312,9.872787
1755406971940,0.253639,-0.034098,9.891929
1755406971943,0.275175,0.004187,9.875179
1755406971945,0.306281,-0.036491,9.863214
1755406971947,0.33021,-0.036491,9.839287
1755406971950,0.308674,-0.022134,9.942178
1755406971952,0.320638,-0.000598,9.863214
1755406971955,0.301496,-0.026919,9.882358
1755406971959,0.27996,-0.024526,9.820144
1755406971960,0.289532,-0.017348,9.934999
1755406971962,0.320638,0.013759,9.834501
1755406971964,0.291924,-0.019741,9.9015
1755406971966,0.303888,-0.010169,9.891929
1755406971969,0.301496,-0.048455,9.865608
1755406971971,0.306281,-0.029312,9.891929
1755406971974,0.308674,-0.010169,9.872787
1755406971976,0.315853,-0.010169,9.870394
1755406971978,0.284746,-0.024526,9.891929
1755406971981,0.260818,-0.000598,9.887143
1755406971983,0.311067,-0.012562,9.891929
1755406971985,0.291924,-0.034098,9.889536
1755406971988,0.308674,-0.012562,9.889536
1755406971991,0.27996,-0.002991,9.9015
1755406971993,0.27996,-0.012562,9.844072
1755406971995,0.270389,-0.014955,9.896714
1755406971998,0.31346,-0.014955,9.889536
1755406972000,0.287139,-0.017348,9.927821
1755406972002,0.27996,-0.000598,9.851251
1755406972005,0.289532,-0.017348,9.877572
1755406972008,0.251246,0.02333,9.875179
1755406972010,0.248854,-0.034098,9.889536
1755406972012,0.251246,-0.010169,9.875179
1755406972015,0.253639,-0.022134,9.911072
1755406972017,0.27996,-0.007777,9.887143
1755406972019,0.284746,-0.019741,9.865608
1755406972022,0.27996,-0.019741,9.858429
1755406972024,0.289532,-0.036491,9.879965
1755406972026,0.282353,-0.050847,9.872787
1755406972029,0.301496,-0.017348,9.877572
1755406972031,0.29671,-0.031705,9.889536
1755406972033,0.301496,-0.031705,9.88475
1755406972036,0.299103,0.008973,9.882358
1755406972039,0.299103,-0.026919,9.868001
1755406972041,0.287139,-0.007777,9.853643
1755406972043,0.277567,-0.026919,9.863214
1755406972046,0.29671,-0.014955,9.844072
1755406972048,0.287139,-0.031705,9.882358
1755406972050,0.282353,-0.034098,9.896714
1755406972053,0.289532,-0.036491,9.882358
1755406972056,0.289532,-0.055633,9.894321
1755406972058,0.291924,-0.024526,9.858429
1755406972060,0.263211,0.001795,9.856036
1755406972062,0.267996,0.008973,9.877572
1755406972065,0.294317,-0.012562,9.894321
1755406972067,0.320638,-0.007777,9.877572
1755406972069,0.299103,-0.041276,9.88475
1755406972073,0.303888,-0.026919,9.868001
1755406972076,0.270389,-0.002991,9.875179
1755406972078,0.277567,-0.019741,9.875179
1755406972080,0.272782,-0.017348,9.872787
1755406972081,0.289532,-0.031705,9.877572
1755406972084,0.29671,0.001795,9.877572
1755406972087,0.287139,-0.024526,9.879965
1755406972090,0.301496,-0.031705,9.891929
1755406972094,0.289532,-0.046062,9.896714
1755406972095,0.284746,0.004187,9.856036
1755406972096,0.294317,-0.029312,9.875179
1755406972098,0.289532,-0.012562,9.879965
1755406972100,0.263211,-0.026919,9.872787
1755406972103,0.272782,-0.026919,9.853643
1755406972106,0.282353,0.008973,9.872787
1755406972108,0.270389,-0.043669,9.889536
1755406972110,0.282353,-0.007777,9.875179
1755406972113,0.282353,-0.022134,9.872787
1755406972115,0.291924,-0.058026,9.879965
1755406972117,0.277567,-0.024526,9.875179
1755406972120,0.27996,0.001795,9.882358
1755406972124,0.275175,-0.038883,9.877572
1755406972125,0.291924,-0.017348,9.887143
1755406972127,0.275175,-0.012562,9.868001
1755406972130,0.287139,-0.026919,9.863214
1755406972132,0.282353,-0.038883,9.875179
1755406972134,0.294317,-0.017348,9.868001
1755406972136,0.308674,-0.046062,9.891929
1755406972139,0.291924,-0.019741,9.88475
1755406972142,0.294317,-0.005384,9.908679
1755406972144,0.299103,-0.014955,9.882358
1755406972147,0.289532,-0.017348,9.879965
1755406972148,0.320638,-0.036491,9.894321
1755406972151,0.294317,-0.024526,9.879965
1755406972153,0.303888,0.008973,9.865608
1755406972156,0.294317,0.004187,9.877572
1755406972158,0.275175,-0.012562,9.858429
1755406972161,0.270389,-0.034098,9.882358
1755406972163,0.301496,-0.014955,9.88475
1755406972165,0.311067,-0.017348,9.875179
1755406972168,0.315853,-0.019741,9.879965
1755406972170,0.31346,-0.000598,9.882358
1755406972173,0.291924,-0.024526,9.899107
1755406972175,0.284746,-0.038883,9.891929
1755406972179,0.265603,-0.019741,9.899107
1755406972181,0.258425,0.00658,9.858429
1755406972182,0.270389,-0.012562,9.870394
1755406972185,0.29671,-0.019741,9.894321
1755406972187,0.277567,-0.012562,9.899107
1755406972189,0.291924,-0.026919,9.868001
1755406972192,0.263211,-0.012562,9.863214
1755406972194,0.294317,-0.005384,9.891929
1755406972196,0.301496,-0.024526,9.882358
1755406972199,0.284746,-0.031705,9.882358
1755406972202,0.275175,-0.014955,9.882358
1755406972204,0.291924,-0.029312,9.879965
1755406972206,0.303888,-0.026919,9.863214
1755406972209,0.303888,-0.043669,9.875179
1755406972211,0.260818,-0.019741,9.870394
1755406972213,0.277567,-0.029312,9.88475
1755406972216,0.291924,-0.026919,9.891929
1755406972218,0.289532,-0.024526,9.879965
1755406972220,0.294317,-0.026919,9.889536
1755406972223,0.308674,-0.017348,9.870394
1755406972225,0.282353,-0.014955,9.863214
1755406972228,0.284746,-0.005384,9.870394
1755406972231,0.299103,-0.043669,9.899107
1755406972232,0.289532,-0.022134,9.851251
1755406972235,0.287139,-0.043669,9.896714
1755406972237,0.284746,-0.024526,9.88475
1755406972240,0.272782,-0.043669,9.894321
1755406972243,0.282353,-0.029312,9.9015
1755406972244,0.260818,-0.005384,9.88475
1755406972248,0.284746,-0.012562,9.906285
1755406972249,0.248854,-0.007777,9.865608
1755406972252,0.277567,-0.005384,9.870394
1755406972254,0.265603,-0.024526,9.899107
1755406972256,0.294317,-0.024526,9.868001
1755406972260,0.315853,-0.005384,9.875179
1755406972263,0.277567,0.00658,9.882358
1755406972264,0.308674,-0.024526,9.868001
1755406972266,0.270389,-0.026919,9.88475
1755406972268,0.301496,-0.012562,9.870394
1755406972271,0.289532,-0.024526,9.879965
1755406972273,0.289532,-0.029312,9.891929
1755406972277,0.260818,-0.024526,9.877572
1755406972279,0.289532,-0.026919,9.896714
1755406972281,0.291924,-0.034098,9.860822
1755406972284,0.267996,-0.017348,9.865608
1755406972285,0.251246,-0.010169,9.860822
1755406972287,0.289532,0.004187,9.879965
1755406972290,0.303888,-0.010169,9.848858
1755406972294,0.287139,-0.050847,9.882358
1755406972297,0.284746,-0.024526,9.879965
1755406972299,0.287139,-0.005384,9.863214
1755406972300,0.289532,-0.014955,9.88475
1755406972302,0.31346,0.004187,9.889536
1755406972304,0.260818,-0.007777,9.894321
1755406972307,0.301496,-0.026919,9.860822
1755406972311,0.282353,-0.010169,9.887143
1755406972312,0.29671,-0.017348,9.879965
1755406972314,0.265603,-0.036491,9.889536
1755406972316,0.291924,-0.022134,9.879965
1755406972319,0.284746,-0.012562,9.877572
1755406972321,0.31346,-0.010169,9.879965
1755406972324,0.306281,-0.000598,9.870394
1755406972327,0.272782,-0.024526,9.856036
1755406972329,0.282353,-0.038883,9.877572
1755406972331,0.308674,-0.031705,9.9015
1755406972333,0.289532,-0.026919,9.865608
1755406972335,0.29671,-0.036491,9.882358
1755406972338,0.315853,-0.007777,9.889536
1755406972340,0.282353,-0.012562,9.877572
1755406972343,0.272782,-0.043669,9.889536
1755406972346,0.294317,-0.014955,9.889536
1755406972348,0.306281,-0.012562,9.860822
1755406972350,0.263211,-0.036491,9.875179
1755406972352,0.277567,-0.019741,9.872787
1755406972355,0.277567,-0.05324,9.891929
1755406972357,0.27996,-0.014955,9.88475
1755406972359,0.29671,-0.014955,9.899107
1755406972362,0.299103,-0.005384,9.887143
1755406972366,0.253639,-0.014955,9.889536
1755406972367,0.27996,-0.048455,9.879965
1755406972369,0.263211,-0.022134,9.879965
1755406972371,0.272782,-0.036491,9.851251
1755406972374,0.275175,-0.022134,9.877572
1755406972376,0.282353,-0.007777,9.88475
1755406972379,0.311067,-0.019741,9.879965
1755406972381,0.277567,-0.002991,9.894321
1755406972384,0.248854,-0.014955,9.889536
1755406972386,0.248854,-0.019741,9.870394
1755406972388,0.27996,-0.036491,9.860822
1755406972391,0.287139,-0.012562,9.858429
1755406972393,0.323031,-0.010169,9.865608
1755406972396,0.299103,-0.041276,9.865608
1755406972398,0.277567,-0.031705,9.865608
1755406972400,0.267996,-0.022134,9.872787
1755406972403,0.267996,-0.012562,9.860822
1755406972405,0.303888,-0.022134,9.875179
1755406972407,0.306281,-0.007777,9.889536
1755406972410,0.265603,-0.012562,9.872787
1755406972413,0.270389,-0.012562,9.879965
1755406972417,0.306281,-0.022134,9.875179
1755406972418,0.287139,-0.055633,9.858429
1755406972419,0.277567,-0.024526,9.903893
1755406972422,0.294317,-0.002991,9.882358
1755406972424,0.265603,-0.024526,9.879965
1755406972426,0.289532,-0.010169,9.889536
1755406972430,0.320638,-0.017348,9.860822
1755406972432,0.301496,0.00658,9.906285
1755406972434,0.27996,-0.026919,9.891929
1755406972436,0.29671,-0.019741,9.858429
1755406972439,0.265603,-0.043669,9.863214
1755406972441,0.287139,-0.012562,9.870394
1755406972443,0.272782,-0.031705,9.903893
1755406972447,0.294317,0.004187,9.894321
1755406972448,0.303888,-0.024526,9.903893
1755406972451,0.272782,-0.002991,9.858429
1755406972453,0.27996,-0.007777,9.899107
1755406972455,0.318245,-0.019741,9.858429
1755406972458,0.289532,-0.019741,9.868001
1755406972460,0.303888,-0.026919,9.865608
1755406972464,0.311067,-0.000598,9.872787
1755406972466,0.301496,-0.019741,9.88475
1755406972468,0.287139,-0.012562,9.891929
1755406972470,0.299103,-0.038883,9.879965
1755406972473,0.29671,-0.024526,9.872787
1755406972474,0.270389,-0.034098,9.877572
1755406972477,0.301496,-0.034098,9.875179
1755406972479,0.275175,-0.002991,9.88475
1755406972482,0.289532,-0.031705,9.877572
1755406972484,0.265603,-0.024526,9.891929
1755406972488,0.284746,-0.048455,9.882358
1755406972489,0.287139,-0.012562,9.903893
1755406972491,0.27996,-0.022134,9.889536
1755406972493,0.246461,-0.017348,9.875179
1755406972496,0.284746,-0.012562,9.877572
1755406972499,0.277567,-0.038883,9.853643
1755406972501,0.291924,-0.002991,9.882358
1755406972503,0.260818,-0.026919,9.879965
1755406972506,0.287139,-0.038883,9.868001
1755406972508,0.308674,-0.029312,9.887143
1755406972511,0.27996,-0.043669,9.865608
1755406972513,0.287139,-0.034098,9.877572
1755406972515,0.27996,-0.036491,9.877572
1755406972519,0.291924,-0.050847,9.887143
1755406972520,0.289532,-0.041276,9.870394
1755406972523,0.299103,-0.034098,9.875179
1755406972525,0.275175,-0.029312,9.88475
1755406972527,0.287139,-0.014955,9.887143
1755406972529,0.27996,-0.022134,9.875179
1755406972532,0.277567,-0.041276,9.9015
1755406972534,0.258425,-0.024526,9.899107
1755406972537,0.267996,-0.036491,9.911072
1755406972539,0.291924,-0.043669,9.870394
1755406972542,0.311067,-0.014955,9.846465
1755406972544,0.294317,-0.017348,9.88475
1755406972546,0.289532,-0.024526,9.877572
1755406972549,0.282353,-0.029312,9.863214
1755406972551,0.289532,-0.014955,9.872787
1755406972553,0.291924,-0.007777,9.853643
1755406972556,0.270389,-0.031705,9.9015
1755406972558,0.265603,-0.024526,9.879965
1755406972561,0.272782,-0.022134,9.882358
1755406972563,0.275175,-0.000598,9.88475
1755406972566,0.270389,-0.010169,9.868001
1755406972568,0.289532,-0.005384,9.856036
1755406972570,0.301496,-0.024526,9.88475
1755406972573,0.308674,-0.019741,9.891929
1755406972576,0.303888,-0.022134,9.870394
1755406972577,0.33021,-0.029312,9.875179
1755406972580,0.284746,-0.024526,9.88475
1755406972583,0.282353,-0.024526,9.879965
1755406972588,0.306281,-0.002991,9.877572
1755406972589,0.289532,-0.017348,9.889536
1755406972590,0.284746,-0.022134,9.875179
1755406972592,0.287139,-0.014955,9.870394
1755406972595,0.251246,-0.007777,9.9015
1755406972597,0.282353,-0.012562,9.856036
1755406972600,0.311067,-0.019741,9.870394
1755406972602,0.27996,-0.034098,9.879965
1755406972604,0.29671,-0.024526,9.868001
1755406972606,0.260818,0.004187,9.868001
1755406972609,0.287139,-0.005384,9.903893
1755406972611,0.284746,-0.034098,9.894321
1755406972613,0.294317,-0.007777,9.872787
1755406972616,0.303888,-0.031705,9.877572
1755406972619,0.27996,0.001795,9.868001
1755406972621,0.294317,-0.031705,9.877572
1755406972623,0.267996,-0.024526,9.891929
1755406972625,0.291924,-0.055633,9.882358
1755406972628,0.282353,-0.031705,9.875179
1755406972631,0.267996,-0.036491,9.879965
1755406972633,0.282353,-0.019741,9.923036
1755406972637,0.27996,-0.014955,9.906285
1755406972638,0.275175,-0.034098,9.815358
1755406972640,0.241675,-0.048455,9.877572
1755406972642,0.299103,0.00658,9.846465
1755406972644,0.27996,-0.022134,9.906285
1755406972647,0.311067,-0.010169,9.877572
1755406972650,0.27996,-0.010169,9.887143
1755406972652,0.251246,0.004187,9.796216
1755406972654,0.303888,-0.065204,9.894321
1755406972657,0.284746,-0.012562,9.964012
1755406972659,0.315853,0.028116,9.899107
1755406972661,0.291924,-0.062812,9.856036
1755406972664,0.260818,-0.000598,9.97837
1755406972667,0.325424,-0.005384,9.710074
1755406972669,0.205783,-0.038883,9.968799
1755406972672,0.318245,0.008973,9.722038
1755406972673,0.299103,-0.024526,10.019048
1755406972676,0.284746,-0.014955,9.879965
1755406972678,0.260818,-0.038883,9.887143
1755406972680,0.315853,0.011366,9.822537
1755406972684,0.260818,-0.043669,9.937392
1755406972687,0.318245,-0.012562,9.896714
1755406972688,0.267996,-0.024526,9.923036
1755406972693,0.306281,-0.058026,9.820144
1755406972695,0.267996,-0.012562,9.980762
1755406972697,0.318245,0.013759,9.848858
1755406972698,0.284746,-0.029312,9.920643
1755406972700,0.29671,-0.029312,9.894321
1755406972704,0.251246,0.013759,9.836894
1755406972706,0.277567,-0.034098,9.891929
1755406972707,0.306281,-0.046062,9.834501
1755406972709,0.282353,-0.014955,9.932607
1755406972711,0.29671,-0.010169,9.839287
1755406972714,0.270389,-0.007777,9.913465
1755406972717,0.284746,-0.031705,9.899107
1755406972719,0.287139,0.001795,9.870394
1755406972721,0.267996,-0.036491,9.872787
1755406972723,0.291924,-0.007777,9.911072
1755406972726,0.311067,-0.019741,9.82493
1755406972728,0.263211,0.011366,9.944571
1755406972732,0.320638,-0.024526,9.815358
1755406972733,0.282353,-0.055633,9.925428
1755406972736,0.294317,-0.014955,9.848858
1755406972739,0.224925,-0.014955,9.911072
1755406972741,0.270389,0.008973,9.875179
1755406972743,0.327817,-0.043669,9.915857
1755406972746,0.323031,-0.012562,9.899107
1755406972748,0.282353,-0.000598,9.887143
1755406972751,0.311067,-0.055633,9.882358
1755406972754,0.306281,-0.007777,9.865608
1755406972755,0.256032,-0.010169,9.894321
1755406972757,0.265603,0.00658,9.88475
1755406972759,0.282353,-0.034098,9.870394
1755406972764,0.263211,-0.038883,9.868001
1755406972765,0.267996,-0.034098,9.870394
1755406972767,0.229711,-0.055633,9.844072
1755406972769,0.244068,-0.026919,9.896714
1755406972773,0.272782,-0.031705,9.863214
1755406972774,0.236889,0.018544,9.846465
1755406972777,0.287139,0.004187,9.891929
1755406972779,0.270389,-0.031705,9.879965
1755406972781,0.303888,-0.014955,9.870394
1755406972784,0.301496,0.004187,9.925428
1755406972786,0.253639,-0.024526,9.872787
1755406972788,0.282353,-0.007777,9.911072
1755406972791,0.265603,-0.019741,9.930214
1755406972794,0.265603,0.011366,9.868001
1755406972795,0.270389,-0.019741,9.88475
1755406972798,0.318245,-0.017348,10.011869
1755406972800,0.323031,-0.017348,9.915857
1755406972805,0.284746,0.001795,9.882358
1755406972807,0.263211,-0.005384,9.856036
1755406972808,0.275175,-0.029312,9.923036
1755406972810,0.327817,-0.036491,9.949656
1755406972813,0.291924,-0.050847,9.875179
1755406972815,0.27996,-0.031705,9.860822
1755406972817,0.320638,-0.026919,9.879965
1755406972820,0.323031,-0.022134,9.903893
1755406972822,0.272782,-0.026919,9.88475
1755406972825,0.342174,-0.031705,9.939785
1755406972827,0.294317,-0.046062,9.848858
1755406972829,0.260818,-0.046062,9.856036
1755406972831,0.289532,-0.029312,9.887143
1755406972834,0.308674,-0.019741,9.915857
1755406972837,0.299103,0.008973,9.856036
1755406972839,0.260818,0.004187,9.891929
1755406972841,0.299103,-0.000598,9.84168
1755406972844,0.272782,-0.019741,9.949656
1755406972846,0.253639,-0.024526,9.879965
1755406972848,0.284746,-0.010169,9.889536
1755406972851,0.260818,-0.038883,9.877572
1755406972854,0.275175,-0.038883,9.872787
1755406972856,0.294317,-0.022134,9.91825
1755406972859,0.282353,-0.010169,9.803394
1755406972860,0.277567,-0.036491,9.920643
1755406972863,0.31346,-0.026919,9.882358
1755406972865,0.303888,0.02333,9.944571
1755406972868,0.294317,-0.048455,9.810573
1755406972870,0.253639,-0.043669,9.88475
1755406972872,0.337388,-0.043669,9.793823
1755406972875,0.195912,-0.036491,10.016655
1755406972877,0.37328,0.061615,9.781859
1755406972879,0.239282,-0.014955,10.090832
1755406972882,0.33021,0.042473,9.736395
1755406972885,0.29671,-0.105882,9.827323
1755406972887,0.270389,-0.041276,9.887143
1755406972890,0.339781,0.042473,9.889536
1755406972892,0.244068,0.049651,10.002297
1755406972895,0.354138,-0.019741,9.745967
1755406972897,0.244068,-0.101097,9.980762
1755406972899,0.354138,-0.043669,9.671789
1755406972902,0.167198,-0.007777,10.109975
1755406972903,0.334995,0.090329,9.717253
1755406972906,0.198604,-0.029312,10.026226
1755406972908,0.306281,-0.041276,9.662218
1755406972911,0.260818,-0.115454,9.995119
1755406972913,0.354138,0.008973,9.846465
1755406972915,0.289532,0.001795,9.990334
1755406972918,0.244068,0.013759,9.832108
1755406972920,0.263211,-0.093918,9.84168
1755406972923,0.272782,-0.043669,9.903893
1755406972925,0.366102,0.035294,9.832108
1755406972927,0.258425,0.035294,10.028619
1755406972930,0.363709,0.011366,9.68136
1755406972932,0.188734,-0.08674,9.975977
1755406972935,0.385244,-0.031705,9.671789
1755406972937,0.229711,-0.074776,10.081261
1755406972941,0.361316,0.083151,9.844072
1755406972943,0.265603,-0.010169,10.009477
1755406972944,0.258425,0.008973,9.839287
1755406972946,0.320638,-0.108275,9.789038
1755406972949,0.263211,-0.067597,9.949656
1755406972952,0.349352,-0.007777,9.82493
1755406972954,0.217747,0.083151,10.040583
1755406972957,0.342174,-0.007777,9.712467
1755406972959,0.183948,-0.108275,10.050154
1755406972961,0.358923,-0.022134,9.698111
1755406972963,0.210568,0.032901,10.069297
1755406972966,0.382852,0.011366,9.678967
1755406972968,0.236889,-0.062812,10.028619
1755406972970,0.351745,-0.000598,9.760324
1755406972974,0.253639,-0.031705,9.952048
1755406972977,0.29671,-0.010169,9.858429
1755406972979,0.291924,-0.024526,9.836894
1755406972980,0.275175,-0.022134,9.899107
1755406972983,0.277567,0.001795,9.872787
1755406972985,0.289532,-0.034098,9.879965
1755406972987,0.318245,-0.000598,9.88475
1755406972991,0.303888,-0.002991,9.879965
1755406972993,0.282353,-0.019741,9.879965
1755406972995,0.315853,-0.000598,9.870394
1755406972998,0.277567,-0.002991,9.894321
1755406972999,0.282353,-0.005384,9.877572
1755406973002,0.29671,-0.036491,9.863214
1755406973004,0.287139,-0.012562,9.856036
1755406973008,0.29671,0.001795,9.868001
1755406973009,0.311067,-0.005384,9.868001
1755406973012,0.315853,0.004187,9.872787
1755406973014,0.303888,-0.031705,9.88475
1755406973016,0.289532,0.004187,9.882358
1755406973019,0.301496,-0.036491,9.868001
1755406973021,0.263211,-0.038883,9.860822
1755406973026,0.294317,-0.010169,9.868001
1755406973027,0.289532,0.018544,9.84168
1755406973028,0.299103,-0.000598,9.903893
1755406973031,0.29671,-0.029312,9.899107
1755406973033,0.282353,-0.043669,9.980762
1755406973035,0.291924,-0.019741,9.899107
1755406973037,0.272782,-0.014955,9.832108
1755406973040,0.275175,-0.029312,9.839287
1755406973043,0.287139,-0.046062,9.827323
1755406973045,0.272782,-0.019741,9.863214
1755406973047,0.267996,-0.065204,9.772287
1755406973049,0.291924,-0.007777,9.961619
1755406973052,0.29671,0.035294,9.952048
1755406973055,0.272782,-0.010169,9.827323
1755406973058,0.284746,-0.017348,9.987941
1755406973060,0.301496,-0.074776,9.71486
1755406973062,0.260818,-0.036491,9.908679
1755406973064,0.308674,-0.002991,9.865608
1755406973066,0.284746,-0.022134,9.932607
1755406973069,0.299103,-0.046062,9.903893
1755406973071,0.277567,-0.024526,9.860822
1755406973073,0.284746,-0.022134,9.891929
1755406973076,0.275175,-0.041276,9.839287
1755406973079,0.241675,-0.031705,9.894321
1755406973081,0.29671,-0.031705,9.889536
1755406973083,0.299103,-0.034098,9.889536
1755406973086,0.29671,0.001795,9.911072
1755406973088,0.267996,0.013759,9.877572
1755406973090,0.287139,-0.012562,9.882358
1755406973093,0.277567,-0.034098,9.913465
1755406973095,0.299103,-0.031705,9.836894
1755406973098,0.308674,-0.014955,9.875179
1755406973100,0.272782,-0.010169,9.863214
1755406973103,0.270389,-0.062812,9.803394
1755406973105,0.311067,-0.060419,9.810573
1755406973107,0.267996,-0.05324,10.023833
1755406973111,0.31346,0.078365,9.836894
1755406973112,0.272782,-0.036491,9.932607
1755406973115,0.277567,-0.019741,9.947263
1755406973117,0.342174,-0.046062,9.741181
1755406973119,0.210568,-0.077169,9.91825
1755406973121,0.346959,-0.014955,9.738789
1755406973124,0.171984,-0.034098,10.069297
1755406973127,0.311067,0.052044,9.793823
1755406973129,0.229711,-0.050847,10.009477
1755406973131,0.311067,0.02333,9.772287
1755406973134,0.260818,-0.060419,9.915857
1755406973136,0.287139,-0.000598,9.848858
1755406973139,0.301496,-0.017348,9.79143
1755406973141,0.251246,0.008973,10.011869
1755406973145,0.337388,0.001795,9.829716
1755406973147,0.210568,-0.077169,10.045368
1755406973148,0.346959,-0.043669,9.717253
1755406973150,0.188734,-0.067597,10.009477
1755406973153,0.368495,0.025723,9.757931
1755406973155,0.22014,-0.012562,10.009477
1755406973158,0.332602,0.016152,9.789038
1755406973161,0.256032,-0.062812,9.923036
1755406973163,0.33021,-0.034098,9.851251
1755406973165,0.339781,-0.065204,9.786645
1755406973167,0.251246,0.042473,9.937392
1755406973170,0.342174,0.020937,9.815358
1755406973172,0.229711,-0.043669,9.997512
1755406973174,0.366102,-0.024526,9.678967
1755406973178,0.205783,-0.029312,10.107582
1755406973180,0.387637,0.037687,9.741181
1755406973182,0.195912,-0.029312,10.064511
1755406973184,0.366102,0.025723,9.690931
1755406973186,0.224925,-0.091525,10.026226
1755406973189,0.33021,0.018544,9.769895
1755406973191,0.256032,0.013759,9.968799
1755406973194,0.289532,0.00658,9.79143
1755406973196,0.270389,-0.074776,9.964012
1755406973199,0.282353,-0.002991,9.84168
1755406973200,0.275175,0.004187,9.875179
1755406973203,0.275175,-0.007777,9.913465
1755406973205,0.354138,-0.043669,9.877572
1755406973208,0.22014,0.00658,9.913465
1755406973211,0.31346,0.016152,9.856036
1755406973213,0.287139,0.011366,9.942178
1755406973215,0.320638,0.004187,9.817751
1755406973217,0.260818,-0.000598,9.961619
1755406973220,0.284746,0.004187,9.856036
1755406973222,0.258425,0.011366,9.915857
1755406973224,0.308674,-0.010169,9.856036
1755406973227,0.205783,0.047258,9.834501
1755406973230,0.222533,0.035294,9.801002
1755406973232,0.27996,-0.046062,9.836894
1755406973234,0.358923,-0.043669,9.959227
1755406973237,0.248854,-0.017348,9.872787
1755406973239,0.275175,0.00658,9.810573
1755406973241,0.251246,-0.007777,9.856036
1755406973244,0.253639,-0.005384,9.865608
1755406973246,0.267996,-0.014955,9.743574
1755406973249,0.308674,-0.029312,9.944571
1755406973251,0.323031,-0.050847,9.798609
1755406973254,0.289532,-0.038883,9.777073
1755406973255,0.349352,-0.048455,10.117153
1755406973258,0.236889,0.013759,9.858429
1755406973261,0.397209,-0.074776,10.100404
1755406973263,0.234497,0.00658,9.753145
1755406973265,0.253639,-0.010169,9.937392
1755406973268,0.404387,-0.113061,9.932607
1755406973271,0.183948,0.073579,9.934999
1755406973272,0.349352,-0.043669,9.954441
1755406973275,0.387637,-0.084347,10.095618
1755406973277,0.351745,-0.120239,9.743574
1755406973280,0.253639,-0.036491,9.817751
1755406973282,0.248854,-0.002991,9.887143
1755406973284,0.29671,-0.019741,9.870394
1755406973287,0.234497,-0.005384,9.911072
1755406973289,0.306281,-0.036491,9.796216
1755406973292,0.253639,0.018544,9.80818
1755406973294,0.256032,-0.017348,9.934999
1755406973297,0.294317,-0.007777,9.870394
1755406973300,0.294317,-0.038883,9.877572
1755406973302,0.282353,-0.019741,9.875179
1755406973305,0.29671,-0.010169,9.868001
1755406973307,0.294317,-0.026919,9.863214
1755406973308,0.31346,-0.017348,9.820144
1755406973311,0.253639,-0.005384,10.033404
1755406973315,0.289532,0.047258,9.79143
1755406973317,0.251246,-0.091525,9.952048
1755406973318,0.315853,-0.05324,9.899107
1755406973320,0.277567,-0.060419,9.738789
1755406973323,0.232104,-0.038883,9.97837
1755406973325,0.337388,0.008973,9.84168
1755406973327,0.265603,0.030508,9.923036
1755406973330,0.33021,-0.026919,9.786645
1755406973332,0.236889,-0.058026,9.911072
1755406973334,0.332602,-0.017348,9.832108
1755406973337,0.195912,0.075972,10.026226
1755406973340,0.33021,-0.034098,9.71486
1755406973343,0.248854,-0.096311,9.997512
1755406973344,0.363709,-0.022134,9.74836
1755406973348,0.210568,0.011366,10.031012
1755406973349,0.356531,-0.000598,9.702896
1755406973352,0.256032,-0.043669,10.035797
1755406973354,0.346959,-0.019741,9.750752
1755406973356,0.205783,-0.036491,9.925428
1755406973358,0.325424,-0.026919,9.891929
1755406973361,0.246461,0.00658,9.889536
1755406973364,0.31346,-0.014955,9.899107
1755406973367,0.265603,-0.022134,9.817751
1755406973369,0.277567,-0.074776,9.920643
1755406973371,0.253639,0.00658,9.872787
1755406973373,0.289532,-0.029312,9.891929
1755406973375,0.289532,-0.007777,9.84168
1755406973378,0.308674,-0.050847,9.875179
1755406973381,0.253639,-0.005384,9.853643
1755406973383,0.325424,-0.012562,9.927821
1755406973385,0.253639,-0.012562,9.860822
1755406973387,0.294317,-0.017348,9.891929
1755406973390,0.258425,-0.019741,9.877572
1755406973392,0.31346,-0.007777,9.911072
1755406973394,0.291924,-0.019741,9.894321
1755406973397,0.315853,-0.019741,9.879965
1755406973400,0.248854,0.004187,9.920643
1755406973402,0.301496,-0.024526,9.836894
1755406973404,0.256032,-0.048455,9.930214
1755406973407,0.318245,-0.012562,9.851251
1755406973409,0.267996,-0.038883,9.906285
1755406973411,0.315853,0.013759,9.834501
1755406973414,0.275175,-0.014955,9.903893
1755406973417,0.31346,-0.014955,9.832108
1755406973419,0.284746,-0.017348,9.899107
1755406973421,0.277567,-0.000598,9.877572
1755406973424,0.27996,0.013759,9.903893
1755406973426,0.29671,-0.031705,9.832108
1755406973428,0.267996,-0.029312,9.844072
1755406973430,0.267996,-0.043669,9.971191
1755406973433,0.311067,0.016152,9.829716
1755406973435,0.246461,-0.041276,9.865608
1755406973438,0.277567,0.028116,9.961619
1755406973440,0.301496,0.025723,9.803394
1755406973443,0.258425,-0.084347,9.868001
1755406973445,0.323031,-0.031705,9.851251
1755406973447,0.334995,-0.019741,9.868001
1755406973450,0.22014,0.008973,10.023833
1755406973452,0.318245,0.037687,9.741181
1755406973455,0.195912,-0.05324,10.007083
1755406973457,0.315853,-0.055633,9.710074
1755406973459,0.198604,-0.005384,10.019048
1755406973462,0.332602,0.054437,9.777073
1755406973464,0.246461,-0.005384,10.093225
1755406973468,0.380459,0.013759,9.698111
1755406973469,0.212961,-0.067597,10.035797
1755406973472,0.301496,0.001795,9.690931
1755406973474,0.217747,-0.007777,10.102797
1755406973476,0.351745,0.028116,9.731609
1755406973478,0.239282,-0.074776,9.966406
1755406973481,0.325424,-0.014955,9.688539
1755406973483,0.224925,-0.026919,10.102797
1755406973486,0.339781,0.011366,9.738789
1755406973488,0.217747,-0.08674,9.975977
1755406973490,0.299103,0.001795,9.77468
1755406973493,0.256032,-0.019741,10.023833
1755406973495,0.33021,0.02333,9.712467
1755406973497,0.229711,-0.05324,10.007083
1755406973500,0.33021,0.001795,9.755538
1755406973503,0.267996,-0.019741,10.00469
1755406973506,0.320638,0.016152,9.74836
1755406973507,0.270389,-0.041276,9.968799
1755406973510,0.318245,-0.012562,9.784252
1755406973512,0.251246,-0.050847,9.992726
1755406973514,0.315853,-0.010169,9.745967
1755406973517,0.308674,-0.079561,9.997512
1755406973521,0.291924,-0.017348,9.80818
1755406973523,0.265603,0.02333,9.942178
1755406973524,0.270389,-0.007777,9.772287
1755406973526,0.291924,-0.041276,9.990334
1755406973529,0.342174,0.008973,9.755538
1755406973531,0.22014,-0.036491,10.016655
1755406973534,0.342174,-0.014955,9.719646
1755406973536,0.258425,-0.038883,10.074082
1755406973538,0.299103,0.028116,9.695718
1755406973541,0.251246,-0.038883,10.026226
1755406973543,0.346959,-0.060419,9.712467
1755406973546,0.217747,-0.036491,10.076475
1755406973548,0.334995,0.042473,9.750752
1755406973551,0.236889,-0.002991,9.939785
1755406973553,0.327817,-0.065204,9.789038
1755406973555,0.27996,-0.031705,10.057333
1755406973557,0.320638,0.044865,9.760324
1755406973560,0.258425,-0.024526,9.939785
1755406973562,0.334995,-0.048455,9.84168
1755406973565,0.282353,0.00658,10.019048
1755406973567,0.318245,0.054437,9.741181
1755406973570,0.265603,-0.034098,9.990334
1755406973572,0.315853,-0.067597,9.789038
1755406973574,0.253639,-0.014955,9.968799
1755406973577,0.29671,0.061615,9.750752
1755406973579,0.258425,-0.06999,9.980762
1755406973581,0.311067,-0.048455,9.777073
1755406973584,0.253639,0.02333,9.983155
1755406973587,0.294317,0.047258,9.784252
1755406973590,0.270389,-0.05324,9.990334
1755406973591,0.344566,-0.062812,9.755538
1755406973594,0.267996,0.001795,9.973584
1755406973596,0.306281,-0.010169,9.812965
1755406973598,0.236889,-0.048455,9.971191
1755406973601,0.33021,-0.029312,9.79143
1755406973603,0.246461,0.02333,9.949656
1755406973606,0.315853,-0.026919,9.798609
1755406973608,0.239282,-0.08674,9.947263
1755406973611,0.303888,-0.036491,9.839287
1755406973613,0.234497,0.030508,9.964012
1755406973615,0.303888,-0.024526,9.772287
1755406973617,0.248854,-0.058026,9.934999
1755406973620,0.306281,0.001795,9.894321
1755406973625,0.232104,0.035294,9.896714
1755406973626,0.29671,-0.06999,9.805787
1755406973628,0.265603,-0.067597,9.934999
1755406973629,0.323031,0.028116,9.9015
1755406973632,0.222533,0.016152,9.836894
1755406973634,0.291924,-0.096311,9.851251
1755406973637,0.263211,-0.055633,9.932607
1755406973639,0.275175,0.030508,9.927821
1755406973642,0.241675,0.00658,9.779466
1755406973644,0.339781,-0.096311,9.925428
1755406973646,0.284746,-0.002991,9.870394
1755406973649,0.265603,0.030508,9.947263
1755406973651,0.282353,0.020937,9.789038
1755406973653,0.294317,-0.101097,9.964012
1755406973656,0.241675,-0.000598,9.851251
1755406973658,0.275175,0.00658,9.889536
1755406973661,0.263211,-0.022134,9.858429
1755406973663,0.356531,-0.041276,9.934999
1755406973665,0.272782,0.001795,9.82493
1755406973668,0.272782,-0.019741,9.906285
1755406973671,0.337388,-0.05324,9.796216
1755406973673,0.275175,-0.041276,9.985548
1755406973675,0.327817,-0.002991,9.789038
1755406973678,0.27996,-0.010169,9.959227
1755406973680,0.303888,-0.019741,9.827323
1755406973682,0.291924,-0.026919,9.91825
1755406973684,0.27996,-0.022134,9.812965
1755406973688,0.287139,-0.022134,9.908679
1755406973690,0.301496,-0.031705,9.865608
1755406973691,0.244068,0.001795,9.9015
1755406973694,0.265603,0.001795,9.844072
1755406973696,0.256032,-0.012562,9.959227
1755406973699,0.318245,-0.010169,9.812965
1755406973701,0.248854,-0.022134,9.925428
1755406973705,0.299103,-0.026919,9.839287
1755406973707,0.277567,-0.029312,9.925428
1755406973709,0.303888,-0.031705,9.846465
1755406973711,0.303888,-0.017348,9.91825
1755406973714,0.311067,-0.010169,9.856036
1755406973716,0.27996,-0.031705,9.920643
1755406973718,0.291924,-0.007777,9.820144
1755406973721,0.289532,-0.005384,9.877572
1755406973723,0.315853,-0.017348,9.848858
1755406973725,0.306281,-0.019741,9.88475
1755406973728,0.294317,-0.002991,9.879965
1755406973730,0.294317,-0.024526,9.839287
1755406973733,0.311067,-0.031705,9.889536
1755406973735,0.291924,0.028116,10.002297
1755406973739,0.31346,-0.002991,9.674182
1755406973740,0.208176,-0.115454,10.009477
1755406973743,0.375673,-0.041276,9.674182
1755406973745,0.179163,0.001795,10.138689
1755406973747,0.363709,0.078365,9.690931
1755406973750,0.244068,-0.091525,10.045368
1755406973751,0.368495,-0.072383,9.626326
1755406973755,0.227318,-0.081954,10.031012
1755406973757,0.315853,0.0999,9.882358
1755406973759,0.260818,0.008973,9.947263
1755406973761,0.308674,-0.019741,9.820144
1755406973763,0.31346,-0.182453,9.796216
1755406973766,0.232104,0.004187,10.021441
1755406973768,0.354138,0.047258,9.834501
1755406973771,0.20339,0.047258,10.066904
1755406973774,0.404387,-0.108275,9.597611
1755406973775,0.162413,-0.110668,10.102797
1755406973778,0.433101,0.05683,9.667004
1755406973780,0.152842,0.030508,10.270294
1755406973783,0.473779,0.016152,9.487542
1755406973785,0.128913,-0.125025,10.248758
1755406973787,0.449851,0.032901,9.501899
1755406973792,0.124128,-0.017348,10.267901
1755406973793,0.42353,0.085543,9.566504
1755406973795,0.179163,-0.098704,10.186545
1755406973797,0.416351,0.025723,9.602397
1755406973799,0.20339,-0.110668,10.107582
1755406973802,0.33021,0.092722,9.769895
1755406973804,0.282353,-0.060419,9.949656
1755406973807,0.294317,-0.024526,9.80818
1755406973809,0.284746,-0.132203,9.84168
1755406973811,0.246461,0.001795,9.980762
1755406973814,0.387637,0.035294,9.803394
1755406973816,0.179163,0.018544,10.062119
1755406973819,0.413958,-0.026919,9.635897
1755406973821,0.152842,-0.077169,10.174581
1755406973824,0.442672,0.052044,9.60479
1755406973826,0.136092,-0.017348,10.27508
1755406973829,0.430708,0.047258,9.54497
1755406973831,0.145663,-0.165703,10.095618
1755406973834,0.361316,-0.024526,9.616755
1755406973835,0.20339,-0.084347,10.093225
1755406973838,0.346959,0.097508,9.793823
1755406973841,0.246461,-0.034098,9.975977
1755406973843,0.323031,-0.029312,9.750752
1755406973845,0.275175,-0.122632,9.879965
1755406973847,0.265603,0.008973,9.942178
1755406973850,0.327817,0.035294,9.781859
1755406973852,0.169591,-0.007777,10.109975
1755406973854,0.409173,-0.002991,9.576077
1755406973857,0.131306,-0.120239,10.136296
1755406973861,0.42353,-0.017348,9.58804
1755406973863,0.174377,-0.060419,10.095618
1755406973865,0.380459,0.087936,9.779466
1755406973867,0.263211,-0.034098,9.990334
1755406973869,0.306281,-0.014955,9.817751
1755406973872,0.318245,-0.067597,9.779466
1755406973875,0.217747,-0.022134,9.923036
1755406973876,0.368495,-0.014955,9.724431
1755406973879,0.20339,0.028116,10.136296
1755406973881,0.413958,0.02333,9.645468
1755406973884,0.16002,-0.089133,10.117153
1755406973886,0.411565,-0.034098,9.590433
1755406973889,0.181555,-0.093918,10.157831
1755406973892,0.418744,0.075972,9.702896
1755406973893,0.17677,-0.026919,10.100404
1755406973896,0.354138,0.016152,9.738789
1755406973898,0.265603,-0.096311,9.899107
1755406973900,0.27996,-0.029312,9.829716
1755406973902,0.339781,-0.038883,9.829716
1755406973905,0.265603,0.025723,9.995119
1755406973908,0.385244,-0.026919,9.743574
1755406973911,0.19352,-0.050847,10.009477
1755406973913,0.433101,-0.058026,9.686146
1755406973914,0.169591,-0.067597,10.157831
1755406973918,0.409173,0.020937,9.635897
1755406973919,0.155234,-0.05324,10.157831
1755406973922,0.394816,-0.007777,9.600004
1755406973926,0.157627,-0.058026,10.191331
1755406973928,0.428315,0.025723,9.616755
1755406973930,0.17677,-0.058026,10.121939
1755406973932,0.358923,-0.000598,9.652647
1755406973934,0.179163,-0.05324,10.141082
1755406973936,0.332602,0.047258,9.664611
1755406973939,0.251246,-0.065204,10.062119
1755406973943,0.334995,0.013759,9.695718
1755406973944,0.258425,-0.031705,10.081261
1755406973946,0.303888,0.02333,9.702896
1755406973948,0.241675,-0.031705,10.031012
1755406973951,0.344566,0.00658,9.717253
1755406973953,0.27996,-0.081954,10.047761
1755406973955,0.308674,0.061615,9.729217
1755406973958,0.251246,-0.072383,10.009477
1755406973961,0.323031,-0.022134,9.757931
1755406973962,0.270389,-0.06999,9.975977
1755406973965,0.258425,0.047258,9.839287
1755406973967,0.332602,-0.036491,9.954441
1755406973969,0.294317,-0.012562,9.820144
1755406973972,0.334995,-0.06999,9.952048
1755406973975,0.253639,0.020937,9.858429
1755406973977,0.325424,-0.007777,9.896714
1755406973979,0.260818,0.018544,9.846465
1755406973981,0.325424,-0.062812,9.9015
1755406973984,0.260818,0.044865,9.865608
1755406973986,0.323031,-0.000598,9.911072
1755406973989,0.212961,-0.005384,9.860822
1755406973991,0.323031,-0.077169,9.88475
1755406973994,0.260818,0.018544,9.856036
1755406973996,0.320638,-0.019741,9.911072
1755406973998,0.289532,-0.038883,9.863214
1755406974001,0.31346,-0.043669,9.894321
1755406974003,0.244068,0.018544,9.848858
1755406974005,0.31346,0.013759,9.908679
1755406974008,0.256032,-0.026919,9.88475
1755406974011,0.344566,-0.048455,9.853643
1755406974013,0.253639,-0.046062,9.934999
1755406974015,0.318245,0.004187,9.891929
1755406974018,0.241675,-0.012562,9.877572
1755406974020,0.31346,-0.067597,9.860822
1755406974022,0.244068,-0.007777,9.88475
1755406974025,0.294317,0.020937,9.896714
1755406974028,0.258425,-0.007777,9.80818
1755406974030,0.301496,-0.043669,9.944571
1755406974032,0.258425,-0.031705,9.793823
1755406974035,0.301496,-0.036491,9.906285
1755406974037,0.29671,-0.041276,9.769895
1755406974039,0.306281,-0.026919,10.021441
1755406974042,0.33021,-0.000598,9.717253
1755406974045,0.229711,-0.034098,10.035797
1755406974048,0.308674,-0.005384,9.798609
1755406974049,0.284746,-0.019741,9.920643
1755406974051,0.31346,-0.046062,9.805787
1755406974053,0.287139,-0.026919,9.983155
1755406974056,0.323031,-0.024526,9.834501
1755406974058,0.22014,0.008973,9.896714
1755406974061,0.332602,-0.050847,9.798609
1755406974064,0.234497,-0.000598,9.954441
1755406974065,0.327817,-0.000598,9.827323
1755406974068,0.234497,-0.000598,9.891929
1755406974070,0.31346,-0.06999,9.91825
1755406974073,0.270389,0.016152,9.832108
1755406974076,0.282353,-0.031705,9.915857
1755406974079,0.289532,0.011366,9.815358
1755406974081,0.301496,-0.026919,10.011869
1755406974085,0.301496,0.020937,9.717253
1755406974086,0.256032,-0.072383,10.057333
1755406974087,0.325424,0.011366,9.731609
1755406974089,0.256032,-0.029312,9.939785
1755406974092,0.289532,-0.029312,9.796216
1755406974094,0.332602,-0.002991,9.975977
1755406974097,0.299103,0.001795,9.781859
1755406974099,0.248854,-0.007777,9.995119
1755406974101,0.339781,0.011366,9.80818
1755406974104,0.251246,-0.055633,9.879965
1755406974106,0.306281,-0.024526,9.844072
1755406974109,0.270389,-0.002991,9.872787
1755406974111,0.277567,-0.050847,9.934999
1755406974113,0.308674,0.032901,9.84168
1755406974116,0.241675,-0.038883,9.939785
1755406974118,0.265603,-0.012562,9.84168
1755406974120,0.33021,-0.074776,9.911072
1755406974123,0.306281,0.013759,9.903893
1755406974125,0.277567,-0.031705,10.023833
1755406974128,0.277567,-0.002991,9.899107
1755406974130,0.270389,-0.022134,9.868001
1755406974132,0.282353,0.013759,9.84168
1755406974135,0.289532,-0.034098,9.968799
1755406974137,0.27996,0.004187,9.832108
1755406974140,0.260818,-0.007777,9.875179
1755406974142,0.306281,-0.029312,9.793823
1755406974145,0.303888,-0.034098,9.915857
1755406974148,0.265603,0.018544,9.777073
1755406974150,0.311067,-0.010169,10.00469
1755406974152,0.246461,0.020937,9.820144
1755406974154,0.291924,-0.024526,9.858429
1755406974157,0.287139,-0.038883,9.927821
1755406974159,0.31346,-0.038883,9.88475
1755406974161,0.344566,-0.067597,9.899107
1755406974164,0.291924,-0.014955,9.891929
1755406974166,0.234497,0.018544,9.743574
1755406974168,0.282353,-0.034098,9.827323
1755406974171,0.267996,-0.046062,9.801002
1755406974173,0.311067,0.008973,9.930214
1755406974176,0.272782,-0.010169,9.882358
1755406974178,0.267996,-0.041276,9.827323
1755406974181,0.287139,0.016152,9.925428
1755406974183,0.299103,-0.010169,9.79143
1755406974186,0.232104,-0.012562,9.920643
1755406974187,0.306281,-0.002991,9.82493
1755406974190,0.284746,-0.038883,9.906285
1755406974193,0.27996,-0.019741,9.705289
1755406974195,0.27996,-0.026919,9.88475
1755406974198,0.294317,-0.017348,9.863214
1755406974201,0.282353,-0.012562,9.920643
1755406974203,0.318245,-0.029312,9.834501
1755406974205,0.29671,-0.024526,9.930214
1755406974207,0.29671,-0.041276,9.836894
1755406974209,0.299103,-0.010169,9.872787
1755406974212,0.270389,0.00658,9.887143
1755406974215,0.315853,0.00658,9.846465
1755406974216,0.263211,-0.058026,9.865608
1755406974219,0.287139,-0.017348,9.894321
1755406974221,0.272782,-0.000598,9.872787
1755406974225,0.306281,-0.024526,9.877572
1755406974226,0.284746,-0.029312,9.875179
1755406974228,0.33021,-0.031705,9.812965
1755406974231,0.27996,0.032901,10.009477
1755406974233,0.349352,0.025723,9.777073
1755406974235,0.258425,-0.05324,9.913465
1755406974239,0.267996,-0.007777,10.002297
1755406974240,0.299103,-0.000598,9.635897
1755406974244,0.174377,-0.136989,10.023833
1755406974245,0.397209,-0.038883,9.750752
1755406974248,0.227318,0.004187,10.081261
1755406974251,0.33021,0.037687,9.729217
1755406974252,0.275175,-0.046062,9.968799
1755406974255,0.339781,-0.058026,9.734002
1755406974257,0.275175,-0.048455,9.964012
1755406974260,0.308674,0.004187,9.865608
1755406974262,0.289532,-0.041276,9.915857
1755406974266,0.31346,0.004187,9.848858
1755406974268,0.270389,-0.072383,9.865608
1755406974270,0.256032,-0.029312,9.88475
1755406974271,0.337388,-0.017348,9.834501
1755406974274,0.256032,-0.019741,9.942178
1755406974276,0.311067,0.013759,9.836894
1755406974279,0.284746,-0.024526,9.887143
1755406974282,0.291924,-0.005384,9.853643
1755406974284,0.289532,-0.014955,9.906285
1755406974286,0.332602,0.001795,9.872787
1755406974289,0.284746,-0.002991,9.894321
1755406974291,0.291924,-0.024526,9.853643
1755406974293,0.301496,-0.024526,9.887143
1755406974296,0.315853,0.018544,9.908679
1755406974298,0.291924,-0.029312,9.889536
1755406974301,0.256032,-0.002991,9.877572
1755406974303,0.291924,-0.012562,9.868001
1755406974307,0.27996,-0.036491,9.879965
1755406974308,0.29671,-0.038883,9.887143
1755406974310,0.303888,-0.022134,9.836894
1755406974312,0.291924,-0.046062,9.925428
1755406974314,0.308674,-0.060419,9.865608
1755406974317,0.260818,0.016152,9.887143
1755406974320,0.311067,0.004187,9.820144
1755406974322,0.294317,-0.055633,9.903893
1755406974324,0.265603,-0.022134,9.820144
1755406974327,0.244068,0.013759,9.851251
1755406974329,0.258425,-0.024526,9.856036
1755406974331,0.327817,-0.019741,9.903893
1755406974334,0.289532,-0.014955,9.891929
1755406974336,0.241675,-0.029312,9.9015
1755406974339,0.318245,-0.043669,9.860822
1755406974341,0.311067,-0.058026,9.889536
1755406974343,0.267996,-0.019741,9.832108
1755406974346,0.294317,-0.010169,9.865608
1755406974348,0.27996,-0.019741,9.91825
1755406974351,0.27996,-0.031705,9.863214
1755406974353,0.270389,-0.024526,9.891929
1755406974355,0.275175,-0.014955,9.925428
1755406974358,0.282353,0.008973,9.836894
1755406974361,0.277567,-0.007777,9.906285
1755406974363,0.323031,-0.05324,9.863214
1755406974365,0.282353,0.013759,9.992726
1755406974368,0.315853,0.030508,9.817751
1755406974370,0.291924,-0.072383,9.846465
1755406974372,0.291924,0.025723,9.9015
1755406974374,0.349352,-0.012562,9.74836
1755406974377,0.236889,0.011366,10.007083
1755406974379,0.397209,-0.014955,9.71486
1755406974382,0.183948,-0.048455,10.069297
1755406974384,0.37328,0.018544,9.659825
1755406974387,0.179163,-0.022134,10.155438
1755406974390,0.401994,0.049651,9.695718
1755406974391,0.210568,-0.084347,9.961619
1755406974394,0.311067,0.004187,9.765109
1755406974396,0.311067,-0.067597,9.848858
1755406974398,0.253639,-0.012562,10.00469
1755406974401,0.387637,-0.005384,9.760324
1755406974403,0.17677,-0.012562,10.126724
1755406974406,0.394816,0.013759,9.65504
1755406974408,0.208176,-0.08674,10.028619
1755406974411,0.33021,0.042473,9.743574
1755406974413,0.265603,-0.038883,9.923036
1755406974415,0.258425,0.02333,9.975977
1755406974418,0.380459,0.016152,9.741181
1755406974421,0.188734,-0.048455,10.119546
1755406974423,0.401994,0.020937,9.724431
1755406974425,0.227318,-0.089133,9.937392
1755406974427,0.265603,0.008973,9.91825
1755406974430,0.349352,-0.019741,9.726824
1755406974432,0.179163,-0.077169,10.076475
1755406974435,0.387637,0.047258,9.678967
1755406974437,0.244068,-0.08674,9.942178
1755406974439,0.267996,0.018544,9.973584
1755406974443,0.437887,0.042473,9.657433
1755406974444,0.152842,-0.115454,10.088439
1755406974447,0.356531,0.066401,9.82493
1755406974449,0.287139,-0.05324,9.789038
1755406974452,0.191127,-0.043669,10.031012
1755406974455,0.421137,0.073579,9.77468
1755406974456,0.195912,-0.05324,9.896714
1755406974459,0.291924,-0.014955,9.952048
1755406974461,0.356531,0.025723,9.80818
1755406974463,0.183948,-0.079561,9.891929
1755406974466,0.346959,0.008973,9.860822
1755406974468,0.299103,-0.005384,9.853643
1755406974471,0.212961,-0.067597,9.937392
1755406974473,0.387637,0.04008,9.82493
1755406974475,0.236889,-0.05324,9.894321
1755406974478,0.265603,-0.060419,9.899107
1755406974480,0.342174,0.037687,9.834501
1755406974483,0.224925,-0.036491,9.868001
1755406974486,0.234497,-0.08674,9.990334
1755406974488,0.361316,0.042473,9.779466
1755406974490,0.17677,-0.046062,9.920643
1755406974492,0.318245,-0.055633,9.956834
1755406974494,0.349352,0.073579,9.822537
1755406974497,0.208176,-0.055633,9.875179
1755406974499,0.275175,-0.050847,9.985548
1755406974501,0.358923,0.052044,9.734002
1755406974504,0.188734,-0.091525,9.903893
1755406974507,0.318245,-0.038883,9.968799
1755406974509,0.39003,0.047258,9.662218
1755406974511,0.186341,-0.101097,10.057333
1755406974513,0.385244,0.02333,9.908679
1755406974516,0.332602,0.00658,9.674182
1755406974518,0.164806,-0.072383,10.141082
1755406974521,0.380459,0.066401,9.810573
1755406974525,0.251246,-0.014955,9.693324
1755406974526,0.188734,-0.058026,10.112368
1755406974528,0.380459,0.042473,9.767502
1755406974531,0.208176,-0.050847,9.844072
1755406974533,0.284746,0.001795,10.033404
1755406974535,0.39003,0.018544,9.719646
1755406974538,0.164806,-0.098704,9.934999
1755406974540,0.315853,0.037687,9.887143
1755406974543,0.306281,-0.024526,9.786645
1755406974545,0.191127,-0.036491,10.050154
1755406974547,0.430708,0.02333,9.707682
1755406974550,0.19352,-0.072383,10.105189
1755406974552,0.344566,0.075972,9.741181
1755406974555,0.256032,-0.101097,9.894321
1755406974557,0.256032,-0.060419,9.959227
1755406974559,0.382852,-0.014955,9.738789
1755406974562,0.155234,-0.048455,10.102797
1755406974564,0.418744,0.054437,9.652647
1755406974566,0.191127,-0.034098,10.105189
1755406974569,0.366102,-0.014955,9.623933
1755406974572,0.246461,-0.089133,10.083653
1755406974574,0.349352,0.030508,9.700503
1755406974576,0.256032,0.001795,10.083653
1755406974579,0.334995,0.030508,9.717253
1755406974581,0.277567,-0.084347,9.937392
1755406974583,0.277567,0.028116,9.820144
1755406974585,0.29671,-0.014955,9.97837
1755406974589,0.301496,-0.002991,9.779466
1755406974590,0.299103,-0.101097,9.91825
1755406974593,0.27996,-0.014955,9.872787
1755406974595,0.277567,-0.034098,9.88475
1755406974598,0.303888,0.00658,9.858429
1755406974600,0.334995,-0.041276,9.925428
1755406974602,0.27996,0.011366,9.860822
1755406974606,0.263211,-0.034098,9.908679
1755406974607,0.289532,-0.029312,9.765109
1755406974609,0.287139,-0.029312,10.009477
1755406974613,0.265603,0.02333,9.745967
1755406974614,0.236889,-0.029312,9.980762
1755406974617,0.320638,-0.022134,9.796216
1755406974619,0.291924,-0.014955,10.00469
1755406974623,0.306281,-0.007777,9.698111
1755406974624,0.272782,-0.06999,10.019048
1755406974627,0.33021,-0.019741,9.810573
1755406974629,0.227318,0.028116,9.846465
1755406974631,0.287139,-0.067597,9.853643
1755406974634,0.337388,-0.034098,9.930214
1755406974636,0.27996,0.004187,9.853643
1755406974638,0.227318,0.00658,9.784252
1755406974642,0.339781,-0.084347,10.00469
1755406974643,0.272782,0.025723,9.79143
1755406974646,0.236889,-0.010169,9.947263
1755406974648,0.323031,-0.065204,9.793823
1755406974650,0.289532,-0.014955,10.045368
1755406974653,0.282353,0.00658,9.71486
1755406974656,0.251246,-0.079561,9.995119
1755406974658,0.370888,-0.017348,9.863214
1755406974660,0.27996,0.047258,9.934999
1755406974663,0.303888,-0.060419,9.729217
1755406974665,0.284746,-0.06999,10.031012
1755406974667,0.318245,-0.000598,9.836894
1755406974669,0.22014,0.025723,9.832108
1755406974672,0.299103,-0.101097,9.894321
1755406974674,0.327817,-0.017348,9.88475
1755406974676,0.244068,0.013759,9.829716
1755406974679,0.270389,-0.038883,9.848858
1755406974681,0.311067,-0.019741,10.069297
1755406974684,0.33021,0.054437,9.743574
1755406974687,0.229711,-0.043669,9.961619
1755406974688,0.358923,-0.002991,9.846465
1755406974691,0.31346,0.030508,9.903893
1755406974693,0.256032,-0.038883,9.741181
1755406974696,0.29671,-0.036491,10.009477
1755406974699,0.311067,0.013759,9.77468
1755406974700,0.205783,-0.014955,9.932607
1755406974703,0.315853,-0.014955,9.9015
1755406974705,0.289532,-0.024526,9.829716
1755406974708,0.251246,-0.024526,9.973584
1755406974710,0.33021,-0.000598,9.781859
1755406974713,0.282353,-0.036491,9.906285
1755406974715,0.289532,-0.007777,9.942178
1755406974717,0.334995,0.011366,9.798609
1755406974719,0.227318,-0.031705,9.980762
1755406974722,0.311067,-0.005384,9.82493
1755406974725,0.284746,-0.010169,9.927821
1755406974727,0.260818,-0.000598,9.844072
1755406974730,0.311067,-0.036491,9.944571
1755406974732,0.282353,-0.034098,9.832108
1755406974734,0.253639,-0.031705,9.896714
1755406974737,0.27996,-0.019741,9.913465
1755406974739,0.323031,-0.017348,9.827323
1755406974742,0.248854,-0.019741,9.959227
1755406974744,0.318245,0.011366,9.817751
1755406974747,0.265603,-0.000598,9.934999
1755406974748,0.337388,-0.026919,9.865608
1755406974751,0.306281,0.001795,9.870394
1755406974753,0.248854,-0.046062,9.872787
1755406974755,0.308674,-0.041276,9.875179
1755406974759,0.287139,-0.034098,9.913465
1755406974760,0.318245,-0.026919,9.872787
1755406974763,0.299103,-0.024526,9.9015
1755406974765,0.282353,-0.005384,9.863214
1755406974769,0.277567,-0.048455,9.879965
1755406974770,0.287139,-0.034098,9.9015
1755406974772,0.27996,0.00658,9.856036
1755406974775,0.263211,-0.002991,9.906285
1755406974777,0.282353,-0.074776,9.903893
1755406974780,0.29671,-0.012562,9.810573
1755406974782,0.303888,-0.019741,9.781859
1755406974784,0.287139,-0.029312,9.887143
1755406974787,0.31346,0.013759,10.016655
1755406974789,0.301496,0.001795,9.781859
1755406974792,0.287139,-0.022134,9.973584
1755406974794,0.320638,0.016152,9.964012
1755406974797,0.282353,-0.048455,9.772287
1755406974799,0.258425,-0.062812,9.827323
1755406974801,0.33021,0.00658,9.860822
1755406974803,0.253639,-0.036491,9.812965
1755406974806,0.277567,-0.065204,9.882358
1755406974809,0.275175,-0.005384,10.07169
1755406974811,0.308674,0.004187,9.717253
1755406974813,0.275175,-0.038883,10.007083
1755406974815,0.308674,0.001795,9.932607
1755406974818,0.282353,-0.017348,9.736395
1755406974820,0.291924,-0.043669,9.875179
1755406974823,0.337388,-0.000598,9.84168
1755406974825,0.248854,-0.055633,9.832108
1755406974828,0.27996,-0.017348,9.908679
1755406974830,0.303888,-0.022134,9.990334
1755406974832,0.303888,-0.007777,9.798609
1755406974835,0.244068,-0.034098,9.932607
1755406974838,0.272782,0.004187,9.839287
1755406974839,0.294317,0.02333,9.947263
1755406974843,0.301496,-0.031705,9.779466
1755406974845,0.267996,-0.017348,9.915857
1755406974847,0.301496,-0.024526,9.875179
1755406974849,0.277567,-0.026919,9.822537
1755406974851,0.294317,-0.026919,9.956834
1755406974854,0.311067,-0.010169,9.820144
1755406974856,0.248854,-0.041276,9.949656
1755406974859,0.282353,-0.014955,9.779466
1755406974861,0.270389,0.004187,9.961619
1755406974865,0.289532,0.020937,9.779466
1755406974867,0.29671,-0.026919,9.973584
1755406974868,0.311067,-0.022134,9.844072
1755406974870,0.287139,-0.007777,9.88475
1755406974873,0.256032,-0.065204,9.84168
1755406974875,0.260818,-0.017348,9.872787
1755406974878,0.287139,-0.005384,9.839287
1755406974880,0.248854,-0.060419,9.88475
1755406974882,0.31346,-0.029312,10.03819
1755406974885,0.299103,0.04008,9.769895
1755406974887,0.229711,-0.058026,9.964012
1755406974890,0.320638,-0.034098,9.853643
1755406974892,0.323031,0.00658,9.872787
1755406974895,0.263211,-0.06999,9.834501
1755406974897,0.301496,-0.024526,9.987941
1755406974900,0.260818,-0.010169,9.786645
1755406974902,0.246461,-0.038883,9.84168
1755406974904,0.320638,-0.079561,10.031012
1755406974906,0.31346,0.05683,9.803394
1755406974909,0.232104,-0.031705,9.891929
1755406974912,0.344566,-0.055633,9.877572
1755406974914,0.346959,0.028116,9.949656
1755406974916,0.253639,-0.000598,9.717253
1755406974918,0.241675,-0.077169,10.028619
1755406974921,0.382852,0.00658,9.844072
1755406974923,0.244068,0.016152,9.832108
1755406974926,0.287139,-0.091525,9.84168
1755406974929,0.318245,-0.036491,9.915857
1755406974931,0.258425,0.030508,9.84168
1755406974933,0.256032,-0.017348,9.817751
1755406974935,0.337388,-0.065204,10.028619
1755406974938,0.325424,0.064008,9.836894
1755406974940,0.212961,-0.022134,9.915857
1755406974942,0.327817,-0.055633,9.810573
1755406974946,0.282353,-0.019741,9.932607
1755406974947,0.270389,0.04008,9.738789
1755406974950,0.263211,-0.038883,9.944571
1755406974952,0.327817,-0.024526,9.865608
1755406974955,0.244068,0.035294,9.908679
1755406974957,0.282353,-0.055633,9.779466
1755406974959,0.299103,-0.072383,9.942178
1755406974963,0.320638,-0.005384,9.906285
1755406974965,0.258425,0.052044,9.80818
1755406974967,0.272782,-0.043669,9.894321
1755406974969,0.277567,-0.055633,9.858429
1755406974972,0.315853,-0.002991,9.939785
1755406974973,0.31346,0.004187,9.767502
1755406974976,0.29671,-0.038883,10.059726
1755406974979,0.332602,0.028116,9.875179
1755406974983,0.239282,0.016152,9.913465
1755406974984,0.270389,-0.050847,9.865608
1755406974986,0.332602,-0.079561,9.846465
1755406974988,0.272782,-0.06999,9.894321
1755406974990,0.260818,0.047258,9.894321
1755406974993,0.320638,0.00658,9.879965
1755406974996,0.256032,-0.046062,9.896714
1755406974998,0.31346,-0.055633,9.805787
1755406975000,0.287139,-0.034098,9.911072
1755406975003,0.315853,-0.014955,9.856036
1755406975005,0.301496,-0.026919,9.896714
1755406975007,0.277567,0.00658,9.882358
1755406975010,0.291924,-0.019741,9.839287
1755406975014,0.301496,-0.005384,9.891929
1755406975017,0.282353,-0.014955,9.848858
1755406975019,0.275175,-0.048455,9.891929
1755406975020,0.27996,-0.038883,9.860822
1755406975022,0.267996,-0.026919,9.875179
1755406975024,0.291924,-0.007777,9.848858
1755406975026,0.287139,-0.026919,9.889536
1755406975029,0.256032,-0.043669,9.896714
1755406975032,0.272782,-0.010169,9.848858
1755406975033,0.29671,0.011366,9.870394
1755406975036,0.299103,-0.000598,9.887143
1755406975038,0.303888,-0.05324,9.927821
1755406975041,0.301496,-0.017348,9.889536
1755406975045,0.315853,-0.050847,9.889536
1755406975046,0.334995,-0.060419,9.980762
1755406975049,0.265603,-0.046062,9.851251
1755406975051,0.332602,0.013759,9.877572
1755406975053,0.303888,0.016152,9.937392
1755406975055,0.323031,-0.026919,9.999905
1755406975058,0.294317,-0.050847,9.853643
1755406975060,0.344566,-0.079561,9.911072
1755406975062,0.277567,-0.038883,9.810573
1755406975065,0.299103,-0.017348,9.923036
1755406975067,0.208176,0.047258,9.829716
1755406975070,0.29671,-0.029312,9.863214
1755406975072,0.277567,-0.036491,9.853643
1755406975074,0.265603,-0.000598,10.00469
1755406975076,0.265603,0.018544,9.836894
1755406975079,0.31346,-0.022134,9.875179
1755406975082,0.356531,-0.022134,9.975977
1755406975086,0.29671,-0.002991,10.03819
1755406975087,0.241675,-0.017348,9.772287
1755406975088,0.294317,-0.019741,9.858429
1755406975091,0.320638,0.004187,9.995119
1755406975094,0.275175,-0.041276,9.908679
1755406975096,0.31346,-0.041276,9.956834
1755406975099,0.260818,-0.024526,9.927821
1755406975101,0.31346,-0.012562,9.872787
1755406975103,0.251246,0.008973,9.860822
1755406975105,0.265603,0.00658,9.860822
1755406975108,0.303888,-0.031705,9.872787
1755406975110,0.277567,-0.046062,9.899107
1755406975112,0.287139,-0.019741,9.82493
1755406975115,0.289532,-0.017348,9.920643
1755406975118,0.339781,-0.024526,9.865608
1755406975120,0.287139,-0.031705,9.872787
1755406975122,0.267996,0.001795,9.848858
1755406975124,0.239282,-0.002991,9.848858
1755406975127,0.282353,-0.036491,9.879965
1755406975129,0.284746,-0.036491,9.872787
1755406975132,0.272782,-0.007777,9.889536
1755406975134,0.29671,-0.036491,9.9015
1755406975137,0.320638,0.02333,9.877572
1755406975139,0.308674,-0.019741,9.789038
1755406975142,0.29671,-0.081954,9.887143
1755406975144,0.265603,0.016152,10.021441
1755406975146,0.325424,-0.000598,9.635897
1755406975149,0.212961,-0.096311,10.112368
1755406975152,0.40678,-0.007777,9.659825
1755406975154,0.19352,-0.055633,10.11476
1755406975156,0.351745,0.030508,9.702896
1755406975158,0.265603,-0.093918,10.052547
1755406975160,0.308674,-0.010169,9.722038
1755406975163,0.260818,-0.08674,9.906285
1755406975166,0.260818,0.018544,9.954441
1755406975167,0.339781,0.001795,9.798609
1755406975170,0.188734,-0.017348,10.040583
1755406975172,0.392423,-0.046062,9.65504
1755406975175,0.186341,-0.065204,10.102797
1755406975177,0.387637,0.032901,9.736395
1755406975180,0.188734,-0.002991,10.047761
1755406975183,0.356531,-0.007777,9.743574
1755406975184,0.248854,-0.038883,9.971191
1755406975187,0.311067,-0.007777,9.793823
1755406975190,0.263211,-0.007777,9.971191
1755406975193,0.320638,-0.012562,9.829716
1755406975194,0.258425,-0.019741,9.942178
1755406975196,0.294317,0.004187,9.832108
1755406975200,0.294317,-0.024526,9.911072
1755406975201,0.323031,-0.012562,9.88475
1755406975205,0.282353,-0.031705,9.887143
1755406975206,0.301496,-0.029312,9.872787
1755406975208,0.27996,-0.002991,9.879965
1755406975212,0.270389,0.008973,9.891929
1755406975213,0.272782,-0.007777,9.863214
1755406975218,0.29671,-0.034098,9.865608
1755406975219,0.277567,-0.014955,9.923036
1755406975221,0.303888,-0.014955,9.860822
1755406975223,0.277567,-0.041276,9.88475
1755406975225,0.299103,-0.050847,9.882358
1755406975228,0.27996,-0.034098,9.879965
1755406975231,0.284746,-0.036491,9.834501
1755406975233,0.275175,-0.007777,9.9015
1755406975236,0.299103,-0.014955,9.903893
1755406975238,0.282353,-0.017348,9.820144
1755406975240,0.239282,0.001795,9.911072
1755406975243,0.346959,-0.024526,9.822537
1755406975244,0.301496,-0.031705,10.028619
1755406975247,0.334995,0.011366,9.923036
1755406975249,0.277567,-0.014955,9.734002
1755406975252,0.232104,-0.007777,9.822537
1755406975255,0.258425,-0.000598,9.750752
1755406975257,0.265603,-0.034098,9.870394
1755406975259,0.263211,0.008973,9.829716
1755406975261,0.263211,0.00658,9.803394
1755406975263,0.256032,-0.031705,9.856036
1755406975266,0.284746,-0.038883,9.877572
1755406975268,0.239282,-0.017348,9.822537
1755406975271,0.306281,-0.058026,9.908679
1755406975274,0.256032,-0.038883,9.812965
1755406975276,0.267996,-0.024526,9.920643
1755406975279,0.303888,0.004187,9.781859
1755406975281,0.301496,-0.024526,9.853643
1755406975283,0.291924,-0.005384,9.91825
1755406975286,0.260818,0.004187,9.872787
1755406975288,0.27996,0.001795,9.877572
1755406975290,0.294317,-0.038883,9.834501
1755406975293,0.258425,-0.022134,9.956834
1755406975295,0.303888,-0.002991,9.872787
1755406975298,0.248854,-0.043669,9.9015
1755406975300,0.31346,-0.005384,9.891929
1755406975303,0.246461,-0.031705,9.932607
1755406975305,0.287139,-0.017348,9.839287
1755406975307,0.267996,-0.010169,9.899107
1755406975309,0.320638,-0.029312,9.889536
1755406975312,0.287139,-0.038883,9.860822
1755406975314,0.277567,-0.022134,9.856036
1755406975317,0.251246,-0.014955,9.865608
1755406975319,0.318245,-0.036491,9.858429
1755406975321,0.270389,-0.014955,9.959227
1755406975323,0.306281,0.018544,9.832108
1755406975326,0.318245,-0.005384,9.827323
1755406975328,0.27996,-0.055633,10.002297
1755406975331,0.334995,0.030508,9.71486
1755406975333,0.210568,-0.050847,9.923036
1755406975336,0.339781,0.025723,9.997512
1755406975339,0.327817,-0.031705,9.74836
1755406975340,0.212961,-0.041276,9.964012
1755406975343,0.33021,-0.002991,9.77468
1755406975346,0.229711,-0.041276,9.853643
1755406975347,0.31346,-0.007777,10.002297
1755406975351,0.311067,0.004187,9.757931
1755406975354,0.217747,-0.024526,9.887143
1755406975356,0.315853,0.037687,9.707682
1755406975357,0.287139,-0.058026,10.112368
1755406975359,0.270389,-0.000598,9.815358
1755406975362,0.366102,-0.002991,9.745967
1755406975364,0.241675,-0.062812,9.971191
1755406975367,0.349352,-0.019741,9.990334
1755406975369,0.291924,-0.048455,9.765109
1755406975372,0.212961,-0.007777,9.91825
1755406975375,0.332602,-0.005384,9.734002
1755406975376,0.239282,-0.05324,10.021441
1755406975379,0.308674,0.00658,9.647861
1755406975381,0.277567,-0.046062,9.995119
1755406975383,0.256032,-0.002991,9.906285
1755406975386,0.349352,0.018544,9.772287
1755406975388,0.222533,-0.074776,9.980762
1755406975391,0.325424,0.016152,9.932607
1755406975393,0.253639,-0.058026,9.796216
1755406975395,0.270389,-0.058026,10.090832
1755406975398,0.344566,0.011366,9.669396
1755406975400,0.236889,-0.074776,9.995119
1755406975403,0.375673,0.05683,9.729217
1755406975409,0.260818,-0.084347,9.937392
1755406975411,0.287139,0.059222,9.894321
1755406975412,0.318245,-0.019741,9.769895
1755406975413,0.217747,-0.017348,10.026226
1755406975415,0.382852,0.008973,9.695718
1755406975417,0.210568,-0.08674,10.076475
1755406975420,0.361316,0.037687,9.717253
1755406975422,0.244068,-0.055633,9.961619
1755406975424,0.248854,0.044865,9.944571
1755406975426,0.356531,-0.029312,9.772287
1755406975429,0.241675,-0.024526,10.076475
1755406975431,0.375673,0.008973,9.657433
1755406975434,0.205783,-0.077169,10.03819
1755406975436,0.325424,0.037687,9.74836
1755406975438,0.291924,-0.05324,9.925428
1755406975441,0.253639,0.054437,9.990334
1755406975444,0.346959,-0.034098,9.743574
1755406975446,0.229711,-0.072383,10.093225
1755406975448,0.375673,-0.017348,9.657433
1755406975451,0.210568,-0.081954,10.009477
1755406975453,0.368495,0.05683,9.77468
1755406975456,0.253639,-0.043669,9.920643
1755406975458,0.265603,0.008973,9.846465
1755406975460,0.332602,-0.012562,9.844072
1755406975463,0.215354,-0.046062,9.944571
1755406975465,0.320638,-0.014955,9.762716
1755406975467,0.224925,0.001795,10.064511
1755406975470,0.356531,-0.007777,9.726824
1755406975472,0.227318,-0.046062,10.102797
1755406975475,0.399601,-0.024526,9.678967
1755406975477,0.183948,-0.06999,10.050154
1755406975479,0.351745,0.018544,9.674182
1755406975481,0.232104,-0.024526,10.088439
1755406975484,0.346959,0.020937,9.710074
1755406975486,0.212961,-0.058026,10.033404
1755406975489,0.346959,0.04008,9.693324
1755406975492,0.236889,-0.014955,9.961619
1755406975494,0.323031,0.00658,9.839287
1755406975496,0.253639,-0.002991,10.007083
1755406975498,0.287139,-0.002991,9.74836
1755406975501,0.267996,-0.022134,9.942178
1755406975503,0.289532,-0.048455,9.832108
1755406975507,0.303888,-0.017348,9.997512
1755406975509,0.299103,0.020937,9.789038
1755406975511,0.265603,-0.010169,9.980762
1755406975513,0.289532,0.016152,9.870394
1755406975515,0.22014,-0.005384,9.779466
1755406975518,0.303888,-0.031705,9.848858
1755406975520,0.272782,0.028116,9.887143
1755406975524,0.263211,-0.055633,9.82493
1755406975525,0.265603,-0.036491,9.903893
1755406975528,0.306281,-0.014955,10.011869
1755406975529,0.270389,-0.019741,9.717253
1755406975532,0.263211,-0.029312,10.033404
1755406975534,0.342174,0.013759,9.860822
1755406975537,0.270389,-0.026919,9.812965
1755406975539,0.275175,-0.062812,9.899107
1755406975543,0.294317,0.025723,9.896714
1755406975544,0.263211,-0.046062,9.896714
1755406975547,0.287139,-0.007777,9.820144
1755406975549,0.306281,-0.019741,9.9015
1755406975551,0.29671,-0.017348,9.91825
1755406975554,0.31346,-0.000598,9.875179
1755406975556,0.29671,0.013759,9.738789
1755406975559,0.253639,-0.026919,9.999905
1755406975561,0.327817,-0.012562,9.966406
1755406975563,0.27996,-0.055633,9.762716
1755406975566,0.256032,-0.038883,9.997512
1755406975568,0.342174,-0.014955,9.851251
1755406975571,0.267996,-0.046062,9.920643
1755406975573,0.287139,-0.046062,9.812965
1755406975575,0.311067,0.001795,9.870394
1755406975578,0.275175,-0.026919,9.925428
1755406975580,0.318245,-0.000598,9.844072
1755406975583,0.282353,-0.017348,9.836894
1755406975586,0.253639,-0.031705,9.877572
1755406975587,0.325424,-0.012562,9.894321
1755406975589,0.303888,-0.019741,9.868001
1755406975592,0.260818,-0.002991,9.856036
1755406975595,0.301496,-0.002991,9.891929
1755406975597,0.282353,-0.005384,9.793823
1755406975599,0.258425,-0.031705,9.863214
1755406975602,0.325424,-0.010169,9.879965
1755406975604,0.267996,-0.017348,9.968799
1755406975606,0.320638,0.001795,9.801002
1755406975609,0.270389,-0.024526,9.968799
1755406975611,0.299103,-0.007777,9.827323
1755406975614,0.287139,-0.017348,9.899107
1755406975616,0.294317,-0.002991,9.875179
1755406975618,0.272782,-0.024526,9.920643
1755406975620,0.289532,0.013759,9.779466
1755406975623,0.215354,-0.029312,9.992726
1755406975626,0.306281,0.02333,9.762716
1755406975628,0.232104,-0.026919,9.971191
1755406975630,0.294317,0.004187,9.832108
1755406975633,0.31346,-0.014955,9.899107
1755406975635,0.270389,-0.031705,9.872787
1755406975637,0.294317,-0.017348,9.858429
1755406975640,0.291924,0.00658,9.894321
1755406975643,0.315853,-0.022134,9.882358
1755406975645,0.267996,-0.000598,9.853643
1755406975647,0.256032,-0.017348,9.879965
1755406975650,0.287139,-0.017348,9.896714
1755406975652,0.277567,-0.046062,9.877572
1755406975654,0.325424,-0.002991,9.923036
1755406975657,0.31346,0.013759,9.879965
1755406975660,0.29671,-0.012562,9.872787
1755406975662,0.294317,-0.043669,9.906285
1755406975664,0.287139,-0.014955,9.858429
1755406975666,0.244068,-0.022134,9.872787
1755406975669,0.275175,-0.019741,9.882358
1755406975671,0.299103,-0.012562,9.858429
1755406975673,0.263211,-0.058026,9.872787
1755406975676,0.299103,-0.012562,9.870394
1755406975679,0.284746,-0.029312,9.903893
1755406975681,0.284746,0.011366,9.863214
1755406975683,0.275175,-0.019741,9.877572
1755406975686,0.258425,-0.014955,9.836894
1755406975688,0.287139,-0.010169,9.891929
1755406975690,0.318245,0.018544,9.865608
1755406975693,0.265603,-0.010169,9.891929
1755406975695,0.270389,0.00658,9.9015
1755406975697,0.299103,0.008973,9.879965
1755406975700,0.289532,-0.026919,9.877572
1755406975703,0.308674,-0.019741,9.894321
1755406975707,0.29671,-0.029312,9.906285
1755406975707,0.287139,-0.026919,9.863214
1755406975710,0.287139,-0.029312,9.872787
1755406975712,0.251246,-0.002991,9.891929
1755406975714,0.308674,-0.005384,9.891929
1755406975717,0.275175,-0.036491,9.877572
1755406975719,0.270389,-0.012562,9.889536
1755406975721,0.301496,-0.024526,9.872787
1755406975724,0.275175,-0.002991,9.868001
1755406975729,0.275175,-0.012562,9.882358
1755406975730,0.267996,0.001795,9.88475
1755406975731,0.265603,0.011366,9.894321
1755406975734,0.270389,-0.014955,9.882358
1755406975736,0.275175,-0.026919,9.891929
1755406975738,0.275175,-0.038883,9.894321
1755406975740,0.29671,-0.046062,9.899107
1755406975743,0.294317,-0.002991,9.9015
1755406975748,0.265603,-0.012562,9.889536
1755406975749,0.263211,-0.022134,9.879965
1755406975750,0.282353,-0.050847,9.891929
1755406975753,0.291924,-0.005384,9.882358
1755406975755,0.311067,-0.024526,9.870394
1755406975758,0.270389,-0.017348,9.875179
1755406975761,0.308674,-0.019741,9.889536
1755406975762,0.29671,-0.014955,9.908679
1755406975765,0.299103,-0.034098,9.848858
1755406975767,0.29671,-0.043669,9.868001
1755406975769,0.301496,-0.031705,9.875179
1755406975772,0.315853,-0.036491,9.875179
1755406975774,0.256032,-0.043669,9.889536
1755406975777,0.284746,-0.019741,9.879965
1755406975780,0.291924,-0.002991,9.889536
1755406975782,0.320638,-0.029312,9.872787
1755406975784,0.287139,-0.031705,9.879965
1755406975787,0.301496,-0.031705,9.875179
1755406975788,0.260818,-0.031705,9.863214
1755406975791,0.287139,-0.024526,9.88475
1755406975793,0.275175,-0.007777,9.882358
1755406975796,0.263211,-0.012562,9.889536
1755406975799,0.320638,-0.005384,9.872787
1755406975800,0.256032,-0.019741,9.899107
1755406975803,0.294317,0.004187,9.894321
1755406975805,0.27996,0.00658,9.877572
1755406975807,0.267996,-0.007777,9.887143
1755406975810,0.299103,0.008973,9.865608
1755406975813,0.287139,-0.010169,9.891929
1755406975815,0.265603,-0.026919,9.896714
1755406975817,0.294317,-0.014955,9.882358
1755406975820,0.284746,-0.007777,9.882358
1755406975822,0.289532,-0.024526,9.875179
1755406975824,0.263211,0.00658,9.858429
1755406975827,0.272782,-0.012562,9.887143
1755406975830,0.277567,-0.036491,9.868001
1755406975832,0.265603,-0.022134,9.887143
1755406975834,0.275175,-0.012562,9.858429
1755406975837,0.275175,-0.024526,9.88475
1755406975839,0.301496,-0.022134,9.865608
1755406975841,0.272782,-0.007777,9.877572
1755406975844,0.27996,-0.034098,9.906285
1755406975847,0.27996,-0.005384,9.891929
1755406975850,0.289532,-0.002991,9.868001
1755406975851,0.260818,-0.007777,9.877572
1755406975853,0.284746,-0.002991,9.88475
1755406975855,0.323031,-0.012562,9.851251
1755406975858,0.306281,-0.048455,9.889536
1755406975861,0.299103,-0.014955,9.877572
1755406975864,0.277567,0.00658,9.879965
1755406975866,0.284746,-0.012562,9.865608
1755406975868,0.289532,0.001795,9.889536
1755406975870,0.287139,-0.010169,9.872787
1755406975872,0.308674,-0.005384,9.877572
1755406975875,0.27996,0.001795,9.882358
1755406975877,0.272782,-0.029312,9.889536
1755406975881,0.270389,-0.058026,9.877572
1755406975882,0.27996,-0.022134,9.875179
1755406975885,0.287139,-0.012562,9.868001
1755406975887,0.29671,-0.012562,9.889536
1755406975889,0.289532,-0.019741,9.891929
1755406975891,0.27996,-0.017348,9.865608
1755406975894,0.289532,-0.034098,9.868001
1755406975898,0.272782,-0.019741,9.853643
1755406975899,0.31346,-0.010169,9.896714
1755406975902,0.306281,0.016152,9.882358
1755406975903,0.287139,-0.010169,9.879965
1755406975906,0.306281,-0.017348,9.879965
1755406975908,0.327817,-0.026919,9.868001
1755406975910,0.291924,-0.026919,9.865608
1755406975913,0.282353,-0.014955,9.875179
1755406975917,0.282353,-0.017348,9.856036
1755406975920,0.282353,-0.012562,9.887143
1755406975921,0.291924,0.004187,9.865608
1755406975923,0.251246,-0.022134,9.882358
1755406975925,0.303888,-0.014955,9.882358
1755406975927,0.299103,0.011366,9.856036
1755406975930,0.270389,-0.010169,9.865608
1755406975932,0.260818,0.004187,9.856036
1755406975935,0.289532,0.013759,9.858429
1755406975937,0.270389,0.001795,9.889536
1755406975939,0.27996,-0.031705,9.865608
1755406975942,0.27996,-0.050847,9.868001
1755406975944,0.256032,-0.019741,9.925428
1755406975947,0.29671,-0.002991,9.88475
1755406975951,0.251246,-0.029312,9.872787
1755406975953,0.289532,-0.029312,9.853643
1755406975954,0.289532,-0.024526,9.872787
1755406975956,0.325424,-0.007777,9.863214
1755406975958,0.27996,-0.029312,9.9015
1755406975961,0.284746,0.001795,9.870394
1755406975964,0.272782,-0.019741,9.877572
1755406975966,0.267996,-0.041276,9.903893
1755406975970,0.294317,-0.022134,9.851251
1755406975971,0.289532,-0.010169,9.877572
1755406975973,0.291924,-0.000598,9.887143
1755406975975,0.303888,-0.034098,9.875179
1755406975977,0.265603,-0.043669,9.9015
1755406975980,0.272782,-0.019741,9.899107
1755406975982,0.299103,-0.029312,9.882358
1755406975985,0.256032,-0.034098,9.889536
1755406975987,0.287139,-0.058026,9.870394
1755406975990,0.277567,-0.036491,9.903893
1755406975992,0.282353,-0.046062,9.889536
1755406975994,0.29671,-0.031705,9.903893
1755406975997,0.308674,-0.024526,9.887143
1755406976000,0.289532,-0.043669,9.877572
1755406976004,0.267996,-0.002991,9.887143
1755406976006,0.299103,-0.022134,9.879965
1755406976007,0.272782,-0.043669,9.894321
1755406976009,0.315853,-0.005384,9.896714
1755406976011,0.282353,-0.024526,9.870394
1755406976014,0.272782,-0.026919,9.877572
1755406976017,0.282353,0.00658,9.877572
1755406976021,0.291924,-0.010169,9.872787
1755406976023,0.294317,-0.014955,9.875179
1755406976024,0.258425,-0.007777,9.896714
1755406976026,0.270389,-0.041276,9.887143
1755406976028,0.306281,-0.022134,9.887143
1755406976031,0.306281,-0.014955,9.88475
1755406976034,0.294317,-0.010169,9.875179
1755406976035,0.287139,-0.019741,9.882358
1755406976038,0.284746,-0.026919,9.889536
1755406976040,0.284746,-0.014955,9.865608
1755406976043,0.29671,-0.005384,9.882358
1755406976045,0.291924,-0.017348,9.88475
1755406976047,0.270389,-0.050847,9.875179
1755406976050,0.29671,-0.036491,9.882358
1755406976054,0.275175,-0.026919,9.870394
1755406976056,0.287139,-0.014955,9.882358
1755406976057,0.27996,-0.022134,9.858429
1755406976059,0.320638,-0.031705,9.877572
1755406976061,0.253639,-0.029312,9.853643
1755406976064,0.282353,-0.014955,9.906285
1755406976068,0.291924,-0.007777,9.868001
1755406976069,0.299103,-0.012562,9.891929
1755406976072,0.318245,-0.007777,9.889536
1755406976073,0.318245,-0.012562,9.894321
1755406976076,0.272782,-0.022134,9.877572
1755406976078,0.308674,-0.038883,9.877572
1755406976080,0.282353,-0.019741,9.863214
1755406976083,0.282353,-0.000598,9.858429
1755406976086,0.277567,-0.026919,9.894321
1755406976088,0.315853,-0.034098,9.860822
1755406976090,0.284746,-0.002991,9.896714
1755406976092,0.299103,-0.031705,9.865608
1755406976095,0.260818,-0.019741,9.879965
1755406976097,0.287139,0.001795,9.887143
1755406976100,0.31346,-0.010169,9.891929
1755406976103,0.284746,-0.014955,9.894321
1755406976106,0.27996,0.004187,9.879965
1755406976107,0.277567,-0.019741,9.877572
1755406976109,0.284746,-0.010169,9.872787
1755406976112,0.263211,-0.041276,9.894321
1755406976114,0.301496,-0.034098,9.875179
1755406976116,0.315853,-0.010169,9.88475
1755406976119,0.27996,-0.036491,9.879965
1755406976123,0.260818,-0.024526,9.891929
1755406976124,0.275175,-0.05324,9.872787
1755406976126,0.287139,-0.036491,9.870394
1755406976129,0.31346,-0.012562,9.903893
1755406976131,0.287139,0.00658,9.891929
1755406976133,0.277567,-0.046062,9.887143
1755406976136,0.270389,-0.014955,9.887143
1755406976139,0.306281,-0.014955,9.853643
1755406976141,0.265603,-0.038883,9.906285
1755406976143,0.284746,-0.019741,9.882358
1755406976145,0.29671,-0.010169,9.891929
1755406976148,0.315853,-0.029312,9.894321
1755406976150,0.303888,-0.005384,9.856036
1755406976153,0.272782,0.025723,10.023833
1755406976157,0.294317,-0.000598,9.710074
1755406976158,0.224925,-0.093918,9.947263
1755406976160,0.349352,-0.041276,9.769895
1755406976163,0.244068,-0.014955,10.057333
1755406976164,0.327817,0.059222,9.750752
1755406976167,0.22014,-0.046062,9.985548
1755406976170,0.332602,-0.055633,9.717253
1755406976172,0.284746,-0.048455,10.03819
1755406976174,0.354138,0.080758,9.801002
1755406976176,0.260818,-0.048455,9.939785
1755406976179,0.334995,-0.046062,9.765109
1755406976181,0.270389,-0.038883,10.002297
1755406976184,0.308674,0.02333,9.803394
1755406976186,0.289532,-0.012562,9.956834
1755406976189,0.303888,-0.048455,9.817751
1755406976191,0.29671,-0.010169,9.937392
1755406976194,0.284746,0.02333,9.793823
1755406976196,0.258425,-0.041276,9.983155
1755406976198,0.306281,0.004187,9.913465
1755406976201,0.246461,-0.019741,9.879965
1755406976204,0.265603,-0.065204,9.836894
1755406976205,0.308674,-0.017348,9.915857
1755406976208,0.308674,-0.014955,9.827323
1755406976210,0.270389,-0.022134,9.896714
1755406976213,0.308674,-0.034098,9.954441
1755406976215,0.301496,0.004187,9.836894
1755406976217,0.258425,-0.010169,9.942178
1755406976220,0.291924,0.00658,9.781859
1755406976222,0.263211,-0.012562,9.887143
1755406976224,0.275175,-0.022134,9.865608
1755406976227,0.289532,-0.014955,9.964012
1755406976229,0.272782,-0.010169,9.930214
1755406976231,0.256032,-0.014955,9.920643
1755406976235,0.294317,-0.043669,9.820144
1755406976238,0.29671,-0.000598,9.872787
1755406976239,0.277567,-0.024526,9.944571
1755406976241,0.311067,-0.026919,9.760324
1755406976244,0.299103,-0.019741,9.911072
1755406976246,0.27996,-0.010169,9.88475
1755406976248,0.294317,-0.043669,9.964012
1755406976251,0.291924,-0.005384,9.952048
1755406976254,0.217747,-0.029312,9.793823
1755406976256,0.277567,-0.046062,9.868001
1755406976258,0.344566,0.013759,9.812965
1755406976260,0.244068,-0.036491,9.872787
1755406976262,0.284746,-0.072383,9.932607
1755406976265,0.301496,-0.000598,9.975977
1755406976267,0.272782,0.008973,9.781859
1755406976271,0.263211,-0.05324,9.954441
1755406976272,0.325424,0.004187,9.755538
1755406976275,0.263211,-0.026919,9.944571
1755406976277,0.315853,-0.010169,9.834501
1755406976279,0.318245,-0.031705,9.973584
1755406976282,0.311067,-0.012562,9.891929
1755406976284,0.267996,0.001795,9.829716
1755406976287,0.282353,-0.055633,9.983155
1755406976289,0.311067,0.04008,9.743574
1755406976291,0.291924,-0.048455,9.983155
1755406976294,0.334995,-0.019741,9.801002
1755406976296,0.27996,-0.050847,10.057333
1755406976298,0.301496,0.016152,9.719646
1755406976301,0.208176,-0.058026,9.868001
1755406976303,0.334995,-0.058026,9.789038
1755406976306,0.251246,-0.005384,10.081261
1755406976308,0.311067,0.00658,9.678967
1755406976311,0.246461,-0.06999,10.007083
1755406976313,0.356531,-0.031705,9.765109
1755406976316,0.186341,0.030508,10.03819
1755406976318,0.349352,0.013759,9.664611
1755406976320,0.20339,-0.041276,10.090832
1755406976323,0.385244,-0.019741,9.729217
1755406976325,0.215354,0.028116,10.062119
1755406976327,0.356531,-0.010169,9.657433
1755406976330,0.210568,-0.072383,10.083653
1755406976332,0.370888,-0.019741,9.724431
1755406976335,0.179163,-0.002991,10.074082
1755406976337,0.37328,-0.017348,9.659825
1755406976340,0.188734,-0.036491,10.107582
1755406976342,0.342174,0.001795,9.650253
1755406976344,0.200997,-0.031705,10.162617
1755406976347,0.401994,0.011366,9.60479
1755406976349,0.171984,-0.072383,10.105189
1755406976351,0.370888,-0.012562,9.688539
1755406976354,0.208176,-0.098704,10.105189
1755406976357,0.358923,0.071186,9.686146
1755406976359,0.267996,-0.077169,9.999905
1755406976361,0.299103,0.028116,9.870394
1755406976363,0.311067,-0.065204,9.781859
1755406976366,0.210568,-0.022134,10.03819
1755406976368,0.411565,-0.026919,9.631111
1755406976371,0.104985,-0.072383,10.172188
1755406976374,0.437887,0.05683,9.609575
1755406976376,0.14327,-0.055633,10.167402
1755406976379,0.399601,0.061615,9.726824
1755406976382,0.232104,-0.08674,9.906285
1755406976384,0.267996,-0.000598,9.875179
1755406976385,0.361316,-0.058026,9.690931
1755406976387,0.183948,-0.043669,10.098011
1755406976391,0.397209,0.064008,9.657433
1755406976395,0.188734,-0.060419,10.066904
1755406976396,0.346959,0.052044,9.810573
1755406976397,0.315853,-0.058026,9.784252
1755406976399,0.215354,-0.074776,10.059726
1755406976401,0.411565,0.030508,9.600004
1755406976404,0.164806,-0.077169,10.093225
1755406976407,0.37328,0.073579,9.765109
1755406976411,0.275175,-0.050847,9.891929
1755406976412,0.200997,-0.022134,10.028619
1755406976414,0.42353,0.018544,9.631111
1755406976416,0.133699,-0.120239,10.105189
1755406976418,0.378066,0.020937,9.683753
1755406976421,0.246461,-0.046062,9.987941
1755406976424,0.232104,0.052044,9.860822
1755406976427,0.323031,-0.029312,9.865608
1755406976429,0.200997,0.008973,9.908679
1755406976430,0.311067,-0.012562,9.803394
1755406976433,0.251246,-0.031705,9.954441
1755406976435,0.299103,-0.010169,9.79143
1755406976439,0.270389,-0.050847,9.961619
1755406976441,0.303888,0.001795,9.853643
1755406976443,0.270389,-0.019741,9.882358
1755406976446,0.251246,-0.000598,9.923036
1755406976447,0.315853,-0.026919,9.820144
1755406976449,0.277567,-0.055633,9.956834
1755406976452,0.289532,-0.000598,9.812965
1755406976455,0.272782,-0.031705,9.88475
1755406976457,0.277567,0.013759,9.865608
1755406976460,0.337388,-0.002991,9.817751
1755406976462,0.248854,-0.005384,9.999905
1755406976465,0.31346,0.018544,9.853643
1755406976466,0.265603,-0.000598,9.891929
1755406976469,0.291924,-0.117847,9.827323
1755406976471,0.318245,-0.05324,9.939785
1755406976475,0.33021,0.059222,9.77468
1755406976477,0.224925,-0.038883,9.966406
1755406976479,0.358923,0.030508,9.870394
1755406976481,0.287139,-0.060419,9.863214
1755406976483,0.198604,-0.007777,10.002297
1755406976485,0.399601,0.032901,9.757931
1755406976488,0.215354,-0.031705,10.083653
1755406976491,0.342174,0.028116,9.757931
1755406976494,0.315853,-0.089133,9.858429
1755406976495,0.244068,-0.043669,9.908679
1755406976498,0.342174,0.020937,9.820144
1755406976500,0.215354,0.008973,9.999905
1755406976502,0.327817,0.016152,9.779466
1755406976505,0.251246,-0.06999,9.971191
1755406976507,0.320638,-0.055633,9.772287
1755406976510,0.29671,-0.022134,9.930214
1755406976512,0.27996,0.025723,9.851251
1755406976514,0.289532,-0.014955,9.930214
1755406976517,0.33021,-0.019741,9.79143
1755406976519,0.248854,-0.046062,9.903893
1755406976521,0.334995,-0.012562,9.870394
1755406976524,0.267996,0.028116,9.925428
1755406976527,0.29671,0.013759,9.887143
1755406976529,0.303888,-0.005384,9.836894
1755406976531,0.260818,-0.024526,9.827323
1755406976533,0.306281,-0.029312,9.810573
1755406976536,0.227318,-0.000598,9.82493
1755406976538,0.327817,0.001795,9.899107
1755406976541,0.275175,-0.036491,9.911072
1755406976544,0.29671,-0.055633,9.827323
1755406976545,0.275175,-0.007777,9.877572
1755406976548,0.299103,-0.007777,9.923036
1755406976550,0.29671,-0.050847,9.939785
1755406976553,0.311067,-0.012562,9.903893
1755406976555,0.256032,-0.005384,9.810573
1755406976558,0.258425,-0.000598,9.872787
1755406976561,0.275175,-0.000598,9.923036
1755406976563,0.241675,-0.022134,9.887143
1755406976564,0.308674,-0.026919,9.877572
1755406976567,0.244068,-0.014955,9.863214
1755406976570,0.323031,-0.024526,9.882358
1755406976572,0.31346,-0.046062,9.858429
1755406976575,0.287139,-0.022134,9.839287
1755406976577,0.31346,-0.065204,9.810573
1755406976580,0.306281,-0.026919,10.009477
1755406976581,0.327817,-0.005384,10.014262
1755406976585,0.325424,-0.031705,9.9015
1755406976586,0.299103,-0.014955,9.975977
1755406976589,0.308674,-0.024526,9.896714
1755406976591,0.287139,-0.029312,10.009477
1755406976594,0.303888,-0.048455,9.887143
1755406976596,0.323031,-0.019741,9.858429
1755406976598,0.289532,-0.024526,9.9015
1755406976601,0.291924,-0.043669,9.844072
1755406976603,0.294317,-0.017348,9.91825
1755406976605,0.323031,0.020937,9.848858
1755406976608,0.258425,-0.029312,9.879965
1755406976612,0.270389,-0.012562,9.927821
1755406976615,0.251246,-0.002991,9.84168
1755406976616,0.272782,-0.014955,9.822537
1755406976617,0.318245,-0.05324,9.803394
1755406976620,0.22014,0.004187,10.042975
1755406976622,0.323031,0.073579,9.856036
1755406976625,0.287139,-0.010169,9.84168
1755406976627,0.229711,-0.074776,10.009477
1755406976630,0.337388,-0.010169,9.693324
1755406976632,0.222533,-0.077169,9.947263
1755406976634,0.253639,0.035294,9.971191
1755406976636,0.385244,-0.014955,9.717253
1755406976639,0.179163,-0.06999,10.064511
1755406976644,0.37328,0.047258,9.848858
1755406976645,0.248854,-0.036491,9.834501
1755406976646,0.241675,-0.002991,10.007083
1755406976649,0.351745,0.00658,9.722038
1755406976651,0.17677,-0.098704,10.00469
1755406976653,0.385244,0.02333,9.717253
1755406976655,0.241675,-0.101097,10.002297
1755406976658,0.277567,0.049651,9.925428
1755406976660,0.361316,0.013759,9.738789
1755406976663,0.188734,-0.048455,10.133903
1755406976665,0.404387,0.035294,9.645468
1755406976668,0.179163,-0.096311,9.964012
1755406976670,0.349352,0.037687,9.796216
1755406976672,0.327817,-0.050847,9.856036
1755406976675,0.239282,0.016152,9.997512
1755406976677,0.409173,0.00658,9.719646
1755406976681,0.181555,-0.034098,10.121939
1755406976683,0.433101,0.035294,9.678967
1755406976685,0.234497,-0.089133,9.964012
1755406976687,0.332602,0.037687,9.772287
1755406976689,0.318245,-0.05324,9.834501
1755406976692,0.248854,-0.022134,9.983155
1755406976694,0.370888,0.028116,9.731609
1755406976697,0.181555,-0.036491,10.059726
1755406976699,0.368495,-0.024526,9.667004
1755406976702,0.198604,-0.048455,10.05494
1755406976703,0.334995,0.016152,9.729217
1755406976706,0.277567,-0.058026,9.954441
1755406976709,0.27996,0.018544,9.906285
1755406976711,0.344566,-0.050847,9.74836
1755406976714,0.186341,-0.060419,10.047761
1755406976718,0.368495,0.047258,9.688539
1755406976719,0.227318,-0.079561,10.014262
1755406976721,0.342174,0.044865,9.815358
1755406976723,0.327817,-0.029312,9.860822
1755406976725,0.239282,-0.019741,10.002297
1755406976727,0.334995,0.00658,9.738789
1755406976730,0.20339,-0.060419,10.03819
1755406976732,0.342174,0.020937,9.760324
1755406976735,0.270389,-0.036491,9.932607
1755406976738,0.306281,-0.005384,9.899107
1755406976739,0.282353,0.008973,9.875179
1755406976743,0.248854,-0.017348,9.920643
1755406976744,0.306281,-0.005384,9.879965
1755406976747,0.392423,-0.067597,10.031012
1755406976749,0.303888,-0.026919,9.971191
1755406976752,0.275175,0.004187,9.736395
1755406976754,0.308674,-0.005384,9.947263
1755406976756,0.263211,0.018544,9.865608
1755406976759,0.320638,-0.022134,9.815358
1755406976761,0.27996,-0.024526,9.836894
1755406976765,0.378066,-0.043669,9.990334
1755406976766,0.215354,-0.012562,9.839287
1755406976769,0.306281,-0.031705,9.868001
1755406976771,0.248854,-0.002991,9.79143
1755406976773,0.320638,-0.050847,9.956834
1755406976776,0.29671,-0.034098,9.743574
1755406976778,0.306281,-0.017348,10.009477
1755406976781,0.241675,-0.062812,9.556933
1755406976783,0.198604,0.02333,10.059726
1755406976785,0.337388,0.016152,10.179367
1755406976787,0.251246,-0.019741,9.80818
1755406976790,0.236889,-0.010169,9.879965
1755406976793,0.334995,-0.048455,9.937392
1755406976795,0.37328,-0.05324,10.045368
1755406976798,0.339781,-0.022134,9.915857
1755406976799,0.236889,-0.031705,9.71486
1755406976802,0.289532,-0.019741,9.848858
1755406976805,0.299103,-0.067597,9.827323
1755406976807,0.339781,-0.101097,9.736395
1755406976809,0.282353,-0.029312,9.906285
1755406976811,0.239282,-0.010169,9.882358
1755406976814,0.289532,-0.036491,9.851251
1755406976816,0.215354,-0.017348,9.860822
1755406976819,0.334995,-0.046062,9.949656
1755406976821,0.342174,-0.031705,9.937392
1755406976823,0.327817,-0.036491,9.88475
1755406976826,0.267996,0.02333,9.875179
1755406976828,0.334995,-0.043669,9.959227
1755406976830,0.315853,-0.038883,9.925428
1755406976835,0.323031,-0.019741,9.920643
1755406976836,0.275175,-0.024526,9.803394
1755406976838,0.260818,-0.022134,9.889536
1755406976840,0.287139,-0.012562,9.779466
1755406976843,0.282353,-0.005384,9.975977
1755406976845,0.301496,-0.005384,9.889536
1755406976847,0.29671,-0.019741,9.903893
1755406976850,0.267996,-0.007777,9.88475
1755406976852,0.31346,-0.000598,9.908679
1755406976855,0.31346,-0.024526,9.939785
1755406976858,0.272782,-0.012562,9.899107
1755406976859,0.270389,-0.005384,9.889536
1755406976862,0.270389,-0.002991,9.889536
1755406976864,0.258425,-0.036491,9.865608
1755406976867,0.31346,-0.048455,9.896714
1755406976869,0.275175,-0.050847,9.853643
1755406976871,0.241675,-0.000598,9.959227
1755406976874,0.291924,0.016152,9.848858
1755406976877,0.253639,0.025723,9.927821
1755406976879,0.275175,-0.041276,9.798609
1755406976881,0.246461,-0.089133,9.889536
1755406976884,0.315853,0.018544,9.913465
1755406976886,0.246461,-0.022134,9.860822
1755406976888,0.284746,-0.038883,9.875179
1755406976891,0.356531,-0.034098,9.858429
1755406976893,0.275175,-0.031705,9.911072
1755406976895,0.299103,0.008973,9.851251
1755406976898,0.291924,0.054437,10.019048
1755406976900,0.284746,-0.014955,9.79143
1755406976902,0.263211,-0.048455,9.851251
1755406976905,0.289532,-0.081954,9.872787
1755406976907,0.284746,0.013759,9.896714
1755406976910,0.301496,-0.010169,9.827323
1755406976912,0.251246,-0.034098,9.930214
1755406976914,0.308674,-0.031705,9.877572
1755406976917,0.248854,-0.029312,9.868001
1755406976920,0.27996,0.00658,9.896714
1755406976922,0.29671,-0.022134,9.934999
1755406976924,0.318245,-0.007777,9.803394
1755406976927,0.267996,-0.017348,9.934999
1755406976929,0.301496,-0.007777,9.887143
1755406976931,0.318245,-0.031705,9.832108
1755406976934,0.253639,-0.010169,9.927821
1755406976936,0.294317,-0.005384,9.829716
1755406976940,0.287139,-0.022134,9.879965
1755406976941,0.294317,-0.046062,9.915857
1755406976943,0.31346,-0.012562,9.865608
1755406976946,0.275175,0.004187,9.894321
1755406976948,0.282353,-0.036491,9.877572
1755406976952,0.277567,-0.024526,9.868001
1755406976954,0.27996,-0.024526,9.851251
1755406976956,0.265603,-0.012562,9.891929
1755406976957,0.267996,-0.010169,9.887143
1755406976960,0.308674,-0.002991,9.88475
1755406976962,0.27996,-0.007777,9.882358
1755406976965,0.318245,-0.014955,9.889536
1755406976968,0.265603,-0.012562,9.872787
1755406976970,0.244068,-0.017348,9.863214
1755406976972,0.277567,-0.002991,9.891929
1755406976974,0.265603,-0.014955,9.875179
1755406976977,0.299103,-0.005384,9.877572
1755406976979,0.299103,-0.012562,9.872787
1755406976981,0.291924,-0.041276,9.84168
1755406976985,0.263211,-0.007777,9.88475
1755406976987,0.303888,0.00658,9.891929
1755406976989,0.31346,-0.034098,9.868001
1755406976991,0.265603,0.004187,9.891929
1755406976994,0.294317,-0.010169,9.915857
1755406976996,0.294317,-0.038883,9.875179
1755406976998,0.294317,-0.031705,9.856036
1755406977001,0.284746,-0.024526,9.879965
1755406977003,0.311067,-0.036491,9.9015
1755406977005,0.323031,-0.017348,9.930214
1755406977009,0.289532,-0.029312,9.915857
1755406977011,0.29671,-0.036491,9.870394
1755406977013,0.299103,-0.017348,9.832108
1755406977015,0.251246,-0.05324,9.925428
1755406977017,0.339781,-0.014955,9.734002
1755406977020,0.258425,-0.067597,10.069297
1755406977022,0.325424,0.049651,9.669396
1755406977025,0.275175,-0.077169,9.968799
1755406977027,0.27996,-0.002991,9.997512
1755406977029,0.332602,0.025723,9.702896
1755406977032,0.191127,-0.050847,10.069297
1755406977034,0.380459,-0.005384,9.662218
1755406977037,0.229711,-0.098704,10.069297
1755406977039,0.301496,0.064008,9.753145
1755406977042,0.251246,-0.060419,9.949656
1755406977044,0.263211,0.028116,9.949656
1755406977046,0.378066,-0.014955,9.674182
1755406977049,0.145663,-0.084347,10.191331
1755406977051,0.375673,0.080758,9.62154
1755406977054,0.22014,-0.125025,9.995119
1755406977057,0.263211,0.008973,9.911072
1755406977059,0.354138,-0.031705,9.702896
1755406977061,0.164806,-0.058026,10.141082
1755406977063,0.437887,0.05683,9.578469
1755406977065,0.183948,-0.093918,10.11476
1755406977068,0.354138,0.047258,9.765109
1755406977070,0.270389,-0.058026,9.812965
1755406977072,0.183948,-0.014955,10.062119
1755406977075,0.401994,0.004187,9.600004
1755406977078,0.16002,-0.096311,10.174581
1755406977080,0.378066,0.059222,9.657433
1755406977082,0.222533,-0.091525,10.026226
1755406977084,0.272782,0.008973,9.84168
1755406977087,0.344566,-0.050847,9.784252
1755406977090,0.191127,-0.029312,10.064511
1755406977091,0.399601,0.02333,9.626326
1755406977095,0.200997,-0.077169,10.086046
1755406977097,0.311067,0.05683,9.74836
1755406977099,0.287139,-0.084347,9.877572
1755406977101,0.260818,-0.005384,10.007083
1755406977104,0.385244,0.02333,9.710074
1755406977106,0.195912,-0.08674,9.956834
1755406977109,0.320638,-0.024526,9.980762
1755406977111,0.382852,0.049651,9.678967
1755406977113,0.100199,-0.074776,10.074082
1755406977116,0.461815,0.016152,9.693324
1755406977118,0.244068,-0.117847,9.872787
1755406977121,0.258425,0.030508,9.975977
1755406977124,0.461815,0.028116,9.695718
1755406977125,0.148056,-0.067597,10.162617
1755406977128,0.425922,0.078365,9.662218
1755406977131,0.16002,-0.089133,10.026226
1755406977132,0.287139,0.035294,9.920643
1755406977135,0.344566,0.001795,9.71486
1755406977138,0.12652,-0.072383,10.059726
1755406977140,0.380459,0.035294,9.695718
1755406977142,0.210568,-0.115454,9.906285
1755406977145,0.27996,-0.000598,9.879965
1755406977147,0.375673,0.016152,9.772287
1755406977149,0.152842,-0.065204,10.057333
1755406977151,0.392423,0.064008,9.789038
1755406977154,0.260818,-0.062812,9.937392
1755406977157,0.289532,-0.007777,9.952048
1755406977160,0.366102,0.016152,9.762716
1755406977162,0.191127,-0.041276,10.045368
1755406977164,0.346959,0.013759,9.753145
1755406977166,0.272782,-0.098704,9.856036
1755406977168,0.277567,-0.002991,9.848858
1755406977171,0.363709,-0.012562,9.79143
1755406977174,0.157627,-0.055633,10.05494
1755406977176,0.399601,0.013759,9.829716
1755406977179,0.22014,-0.06999,9.872787
1755406977181,0.289532,0.011366,9.959227
1755406977183,0.332602,-0.012562,9.815358
1755406977185,0.188734,-0.026919,10.088439
1755406977187,0.351745,-0.000598,9.693324
1755406977191,0.241675,-0.091525,9.942178
1755406977193,0.308674,0.004187,9.743574
1755406977195,0.303888,-0.017348,9.913465
1755406977198,0.227318,-0.041276,9.903893
1755406977200,0.351745,-0.002991,9.822537
1755406977202,0.246461,-0.041276,9.975977
1755406977204,0.308674,-0.012562,9.856036
1755406977207,0.244068,-0.026919,9.767502
1755406977209,0.22014,-0.036491,10.117153
1755406977212,0.33021,0.066401,9.626326
1755406977215,0.253639,-0.091525,10.078868
1755406977216,0.361316,0.032901,9.760324
1755406977219,0.258425,-0.06999,9.877572
1755406977221,0.270389,0.052044,9.97837
1755406977224,0.327817,-0.031705,9.796216
1755406977226,0.229711,-0.010169,9.91825
1755406977229,0.339781,-0.010169,9.865608
1755406977231,0.270389,-0.034098,9.899107
1755406977234,0.263211,-0.034098,9.801002
1755406977235,0.311067,-0.031705,9.937392
1755406977238,0.217747,-0.022134,9.942178
1755406977240,0.33021,-0.019741,9.80818
1755406977243,0.232104,-0.036491,9.908679
1755406977245,0.306281,-0.010169,9.97837
1755406977247,0.265603,-0.026919,9.765109
1755406977255,0.277567,-0.026919,9.903893
1755406977257,0.320638,-0.005384,9.88475
1755406977259,0.232104,-0.024526,9.959227
1755406977263,0.344566,0.013759,9.801002
1755406977276,0.22014,-0.000598,9.968799
1755406977282,0.339781,-0.017348,9.772287
1755406977284,0.253639,-0.043669,9.973584
1755406977284,0.27996,0.013759,9.856036
1755406977285,0.239282,-0.038883,9.954441
1755406977285,0.234497,0.04008,9.894321
1755406977286,0.325424,-0.026919,9.834501
1755406977287,0.251246,-0.058026,9.923036
1755406977287,0.349352,-0.031705,9.772287
1755406977287,0.263211,-0.014955,9.934999
1755406977288,0.339781,-0.012562,9.812965
1755406977288,0.229711,-0.007777,9.882358
1755406977289,0.363709,-0.019741,9.798609
1755406977292,0.241675,-0.074776,10.00469
1755406977295,0.325424,0.025723,9.77468
1755406977296,0.234497,-0.017348,10.026226
1755406977298,0.339781,-0.017348,9.738789
1755406977300,0.22014,-0.000598,9.877572
1755406977303,0.363709,0.028116,9.781859
1755406977305,0.215354,-0.074776,10.021441
1755406977308,0.31346,0.00658,9.82493
1755406977310,0.251246,-0.017348,9.882358
1755406977313,0.306281,-0.005384,9.860822
1755406977315,0.306281,-0.014955,9.860822
1755406977317,0.282353,-0.010169,9.889536
1755406977319,0.31346,0.011366,9.846465
1755406977322,0.260818,0.00658,9.858429
1755406977325,0.29671,-0.046062,9.894321
1755406977327,0.275175,-0.012562,9.88475
1755406977329,0.284746,-0.031705,9.908679
1755406977331,0.265603,-0.019741,9.882358
1755406977335,0.27996,-0.002991,9.870394
1755406977336,0.315853,-0.022134,9.923036
1755406977339,0.33021,0.016152,9.877572
1755406977343,0.301496,-0.005384,9.882358
1755406977344,0.294317,-0.012562,9.875179
1755406977347,0.301496,-0.024526,9.863214
1755406977348,0.294317,-0.024526,9.889536
1755406977351,0.315853,-0.017348,9.879965
1755406977353,0.301496,-0.029312,9.889536
1755406977355,0.291924,-0.012562,9.887143
1755406977359,0.258425,-0.012562,9.844072
1755406977360,0.308674,0.008973,9.934999
1755406977363,0.301496,0.008973,9.856036
1755406977365,0.308674,-0.019741,9.932607
1755406977367,0.277567,0.00658,9.817751
1755406977370,0.260818,-0.012562,9.84168
1755406977372,0.311067,-0.046062,9.860822
1755406977376,0.270389,-0.029312,9.930214
1755406977377,0.270389,-0.007777,9.860822
1755406977380,0.284746,-0.005384,9.896714
1755406977382,0.258425,-0.024526,9.860822
1755406977384,0.299103,-0.043669,9.925428
1755406977387,0.244068,0.008973,9.853643
1755406977389,0.287139,-0.002991,9.899107
1755406977391,0.272782,-0.036491,9.923036
1755406977395,0.258425,-0.043669,9.858429
1755406977397,0.267996,-0.024526,9.882358
1755406977399,0.284746,-0.005384,9.899107
1755406977401,0.256032,-0.000598,9.877572
1755406977403,0.301496,-0.017348,9.846465
1755406977406,0.244068,0.00658,9.906285
1755406977408,0.320638,-0.036491,9.896714
1755406977412,0.294317,-0.007777,9.872787
1755406977414,0.306281,-0.014955,9.915857
1755406977416,0.272782,0.004187,9.879965
1755406977418,0.301496,-0.017348,9.882358
1755406977420,0.301496,-0.024526,9.858429
1755406977422,0.287139,-0.007777,9.995119
1755406977425,0.301496,0.013759,9.853643
1755406977427,0.294317,-0.058026,9.865608
1755406977430,0.27996,-0.031705,9.832108
1755406977432,0.299103,-0.014955,9.947263
1755406977435,0.287139,0.004187,9.812965
1755406977437,0.334995,-0.079561,9.853643
1755406977439,0.277567,-0.048455,9.952048
1755406977442,0.303888,0.008973,9.786645
1755406977445,0.272782,-0.048455,9.944571
1755406977447,0.325424,0.00658,9.810573
1755406977449,0.275175,0.018544,9.925428
1755406977451,0.311067,-0.017348,9.781859
1755406977454,0.294317,-0.062812,9.887143
1755406977456,0.265603,-0.041276,9.966406
1755406977458,0.287139,0.035294,9.750752
1755406977462,0.270389,-0.024526,9.848858
1755406977464,0.263211,-0.029312,9.975977
1755406977466,0.287139,-0.000598,9.812965
1755406977468,0.253639,-0.022134,9.944571
1755406977471,0.294317,-0.024526,9.848858
1755406977473,0.282353,0.004187,9.91825
1755406977475,0.256032,0.020937,9.896714
1755406977479,0.248854,-0.019741,9.820144
1755406977481,0.287139,-0.043669,9.983155
1755406977483,0.27996,-0.012562,9.820144
1755406977485,0.229711,-0.010169,9.848858
1755406977487,0.301496,-0.031705,9.856036
1755406977489,0.318245,-0.010169,9.927821
1755406977492,0.291924,-0.022134,9.789038
1755406977496,0.29671,-0.041276,9.88475
1755406977499,0.267996,-0.000598,9.942178
1755406977500,0.27996,0.02333,9.769895
1755406977502,0.272782,-0.05324,9.956834
1755406977505,0.284746,-0.007777,9.97837
1755406977506,0.301496,0.035294,9.793823
1755406977509,0.227318,-0.048455,9.925428
1755406977513,0.33021,-0.05324,9.836894
1755406977515,0.287139,-0.031705,9.925428
1755406977516,0.306281,0.001795,9.856036
1755406977518,0.301496,-0.034098,9.817751
1755406977521,0.294317,-0.048455,9.896714
1755406977523,0.303888,-0.017348,9.839287
1755406977526,0.270389,-0.036491,9.868001
1755406977528,0.301496,0.004187,9.829716
1755406977531,0.270389,-0.012562,9.939785
1755406977533,0.260818,-0.007777,9.798609
1755406977535,0.327817,-0.038883,9.879965
1755406977538,0.244068,-0.043669,9.913465
1755406977540,0.287139,0.018544,9.839287
1755406977543,0.272782,-0.029312,9.923036
1755406977545,0.258425,-0.024526,9.942178
1755406977547,0.332602,-0.019741,9.810573
1755406977550,0.265603,-0.022134,9.997512
1755406977552,0.344566,0.008973,9.784252
1755406977554,0.265603,-0.041276,9.964012
1755406977557,0.308674,-0.005384,9.834501
1755406977559,0.289532,-0.026919,9.870394
1755406977561,0.299103,-0.019741,9.911072
1755406977565,0.325424,0.001795,9.865608
1755406977566,0.31346,-0.007777,9.872787
1755406977569,0.318245,-0.026919,9.872787
1755406977571,0.306281,-0.024526,9.891929
1755406977573,0.251246,0.001795,9.91825
1755406977576,0.291924,-0.007777,9.846465
1755406977579,0.301496,-0.050847,9.817751
1755406977581,0.29671,-0.022134,9.927821
1755406977583,0.301496,0.020937,9.848858
1755406977585,0.260818,-0.017348,9.908679
1755406977588,0.308674,-0.007777,9.815358
1755406977590,0.272782,-0.043669,9.896714
1755406977593,0.232104,-0.031705,9.844072
1755406977595,0.308674,-0.024526,9.913465
1755406977598,0.289532,0.004187,9.882358
1755406977601,0.272782,-0.007777,9.88475
1755406977602,0.301496,-0.017348,9.856036
1755406977604,0.277567,-0.036491,9.899107
1755406977607,0.289532,0.020937,9.863214
1755406977610,0.318245,-0.002991,9.887143
1755406977612,0.277567,-0.002991,9.882358
1755406977614,0.325424,-0.034098,9.887143
1755406977617,0.291924,-0.036491,9.889536
1755406977619,0.270389,-0.005384,9.894321
1755406977622,0.275175,-0.024526,9.875179
1755406977624,0.282353,-0.036491,9.870394
1755406977626,0.299103,-0.038883,9.860822
1755406977629,0.291924,-0.026919,9.856036
1755406977632,0.282353,-0.038883,9.877572
1755406977634,0.284746,-0.038883,9.877572
1755406977636,0.29671,-0.041276,9.882358
1755406977638,0.282353,-0.029312,9.875179
1755406977641,0.277567,-0.038883,9.88475
1755406977643,0.27996,-0.005384,9.875179
1755406977645,0.294317,-0.005384,9.879965
1755406977648,0.294317,-0.010169,9.88475
1755406977650,0.27996,-0.002991,9.894321
1755406977653,0.270389,0.011366,9.894321
1755406977655,0.306281,-0.024526,9.870394
1755406977657,0.315853,-0.017348,9.882358
1755406977660,0.294317,-0.019741,9.868001
1755406977662,0.311067,-0.024526,9.860822
1755406977666,0.29671,-0.024526,9.870394
1755406977667,0.289532,-0.022134,9.896714
1755406977669,0.299103,-0.010169,9.879965
1755406977672,0.311067,-0.029312,9.891929
1755406977674,0.287139,-0.014955,9.887143
1755406977676,0.256032,-0.005384,9.894321
1755406977679,0.301496,-0.017348,9.877572
1755406977683,0.303888,-0.010169,9.903893
1755406977685,0.303888,0.004187,9.853643
1755406977686,0.289532,0.008973,9.899107
1755406977689,0.311067,-0.022134,9.9015
1755406977691,0.275175,-0.010169,9.875179
1755406977693,0.287139,-0.019741,9.879965
1755406977696,0.289532,-0.031705,9.882358
1755406977699,0.251246,-0.019741,9.858429
1755406977703,0.272782,-0.022134,9.863214
1755406977704,0.275175,0.001795,9.877572
1755406977707,0.251246,-0.022134,9.882358
1755406977708,0.27996,-0.038883,9.877572
1755406977710,0.258425,-0.017348,9.906285
1755406977712,0.282353,-0.019741,9.858429
1755406977715,0.294317,-0.026919,9.875179
1755406977718,0.291924,-0.024526,9.891929
1755406977720,0.287139,0.00658,9.88475
1755406977722,0.294317,-0.024526,9.870394
1755406977724,0.284746,-0.022134,9.889536
1755406977727,0.308674,-0.022134,9.860822
1755406977729,0.291924,-0.005384,9.896714
1755406977732,0.311067,-0.036491,9.879965
1755406977734,0.303888,-0.024526,9.865608
1755406977736,0.287139,-0.029312,9.899107
1755406977739,0.294317,-0.002991,9.856036
1755406977742,0.29671,-0.012562,9.858429
1755406977744,0.284746,0.013759,9.882358
1755406977746,0.275175,-0.010169,9.872787
1755406977748,0.311067,-0.017348,9.84168
1755406977751,0.272782,-0.036491,9.903893
1755406977753,0.315853,-0.010169,9.872787
1755406977755,0.294317,-0.002991,9.872787
1755406977758,0.258425,-0.014955,9.88475
1755406977761,0.272782,-0.024526,9.875179
1755406977763,0.282353,-0.024526,9.870394
1755406977765,0.318245,-0.034098,9.868001
1755406977769,0.270389,-0.026919,9.894321
1755406977771,0.311067,-0.012562,9.915857
1755406977772,0.315853,-0.036491,9.875179
1755406977775,0.277567,-0.002991,9.870394
1755406977777,0.287139,-0.014955,9.903893
1755406977779,0.294317,0.008973,9.88475
1755406977785,0.270389,-0.046062,9.896714
1755406977787,0.289532,-0.031705,9.915857
1755406977789,0.275175,-0.012562,9.887143
1755406977790,0.265603,-0.029312,9.870394
1755406977792,0.272782,-0.062812,9.88475
1755406977794,0.287139,-0.010169,9.88475
1755406977796,0.275175,-0.002991,9.870394
1755406977799,0.282353,-0.012562,9.879965
1755406977802,0.29671,-0.031705,9.882358
1755406977805,0.287139,-0.029312,9.875179
1755406977806,0.282353,-0.019741,9.870394
1755406977808,0.323031,-0.029312,9.870394
1755406977811,0.291924,-0.029312,9.870394
1755406977813,0.294317,-0.046062,9.882358
1755406977815,0.315853,-0.022134,9.896714
1755406977818,0.303888,-0.014955,9.853643
1755406977821,0.275175,-0.024526,9.877572
1755406977823,0.29671,-0.026919,9.848858
1755406977826,0.294317,-0.010169,9.879965
1755406977828,0.277567,-0.041276,9.868001
1755406977830,0.287139,-0.024526,9.863214
1755406977832,0.27996,0.008973,9.887143
1755406977835,0.27996,-0.034098,9.875179
1755406977837,0.287139,-0.038883,9.868001
1755406977839,0.287139,-0.022134,9.875179
1755406977843,0.303888,-0.038883,9.889536
1755406977844,0.311067,0.016152,9.875179
1755406977846,0.289532,0.013759,9.863214
1755406977849,0.277567,-0.022134,9.882358
1755406977852,0.27996,-0.041276,9.896714
1755406977854,0.287139,-0.010169,9.877572
1755406977856,0.29671,-0.014955,9.875179
1755406977859,0.29671,-0.038883,9.870394
1755406977861,0.289532,-0.024526,9.899107
1755406977864,0.287139,-0.010169,9.889536
1755406977867,0.318245,0.00658,9.868001
1755406977870,0.294317,0.001795,9.882358
1755406977871,0.272782,-0.014955,9.887143
1755406977873,0.272782,-0.012562,9.875179
1755406977875,0.282353,-0.046062,9.870394
1755406977878,0.263211,-0.019741,9.875179
1755406977880,0.267996,-0.010169,9.887143
1755406977883,0.282353,-0.010169,9.870394
1755406977886,0.29671,-0.017348,9.894321
1755406977888,0.275175,0.035294,9.875179
1755406977890,0.260818,-0.010169,9.896714
1755406977893,0.291924,0.018544,9.891929
1755406977895,0.272782,-0.031705,9.882358
1755406977897,0.291924,-0.041276,9.894321
1755406977899,0.299103,-0.014955,9.899107
1755406977902,0.267996,-0.041276,9.887143
1755406977907,0.246461,-0.048455,9.877572
1755406977909,0.258425,-0.005384,9.88475
1755406977910,0.291924,0.030508,9.887143
1755406977911,0.282353,-0.012562,9.870394
1755406977913,0.277567,-0.031705,9.891929
1755406977916,0.29671,-0.010169,9.877572
1755406977918,0.320638,-0.019741,9.868001
1755406977921,0.303888,-0.012562,9.887143
1755406977923,0.287139,-0.022134,9.887143
1755406977926,0.287139,-0.017348,9.875179
1755406977928,0.270389,-0.010169,9.889536
1755406977930,0.260818,-0.019741,9.863214
1755406977933,0.29671,0.004187,9.872787
1755406977935,0.253639,-0.019741,9.858429
1755406977938,0.275175,-0.010169,9.863214
1755406977940,0.287139,-0.026919,9.879965
1755406977943,0.318245,-0.002991,9.875179
1755406977946,0.267996,-0.024526,9.887143
1755406977948,0.294317,-0.012562,9.906285
1755406977950,0.294317,-0.034098,9.887143
1755406977952,0.303888,-0.038883,9.863214
1755406977955,0.244068,-0.024526,9.870394
1755406977957,0.265603,-0.024526,9.868001
1755406977959,0.31346,-0.017348,9.865608
1755406977962,0.320638,-0.024526,9.894321
1755406977964,0.294317,-0.026919,9.868001
1755406977966,0.263211,-0.000598,9.870394
1755406977969,0.294317,-0.014955,9.894321
1755406977971,0.287139,-0.031705,9.899107
1755406977974,0.284746,-0.043669,9.908679
1755406977976,0.299103,0.004187,9.868001
1755406977979,0.263211,-0.019741,9.865608
1755406977981,0.299103,-0.005384,9.887143
1755406977983,0.29671,-0.005384,9.906285
1755406977986,0.282353,-0.012562,9.891929
1755406977989,0.282353,0.008973,9.889536
1755406977991,0.287139,-0.046062,9.896714
1755406977993,0.265603,-0.014955,9.894321
1755406977995,0.253639,-0.038883,9.896714
1755406977998,0.270389,-0.002991,9.896714
1755406978000,0.263211,0.00658,9.846465
1755406978002,0.275175,-0.010169,9.894321
1755406978006,0.29671,0.004187,9.836894
1755406978008,0.251246,-0.081954,9.858429
1755406978010,0.320638,0.044865,9.915857
1755406978012,0.272782,0.032901,9.930214
1755406978014,0.282353,-0.007777,9.731609
1755406978017,0.344566,-0.093918,10.021441
1755406978019,0.320638,-0.000598,9.911072
1755406978022,0.277567,-0.010169,9.856036
1755406978025,0.253639,-0.041276,9.848858
1755406978027,0.260818,-0.026919,9.997512
1755406978029,0.251246,0.035294,9.779466
1755406978031,0.222533,-0.014955,9.908679
1755406978033,0.337388,-0.065204,9.942178
1755406978036,0.287139,0.02333,9.84168
1755406978040,0.272782,-0.026919,9.952048
1755406978041,0.325424,-0.014955,9.810573
1755406978043,0.327817,-0.024526,9.983155
1755406978046,0.232104,0.001795,9.760324
1755406978048,0.265603,-0.038883,9.887143
1755406978050,0.323031,-0.043669,9.966406
1755406978052,0.380459,-0.072383,9.942178
1755406978057,0.222533,0.018544,9.829716
1755406978058,0.311067,-0.05324,9.903893
1755406978060,0.239282,-0.043669,9.765109
1755406978062,0.272782,0.001795,9.769895
1755406978067,0.174377,-0.010169,9.566504
1755406978068,0.315853,0.013759,10.00469
1755406978069,0.22014,0.00658,9.700503
1755406978072,0.29671,-0.031705,9.913465
1755406978079,0.275175,0.016152,9.990334
1755406978080,0.232104,-0.007777,9.74836
1755406978080,0.227318,0.061615,9.882358
1755406978082,0.251246,-0.043669,9.65504
1755406978084,0.356531,-0.06999,10.074082
1755406978086,0.521635,-0.113061,10.193724
1755406978088,0.416351,-0.113061,9.966406
1755406978096,0.20339,0.020937,9.710074
1755406978097,0.404387,-0.089133,10.081261
1755406978097,0.200997,-0.029312,9.609575
1755406978098,0.31346,-0.007777,10.105189
1755406978101,0.339781,-0.041276,10.138689
1755406978103,0.265603,-0.024526,9.810573
1755406978105,0.16002,0.011366,9.623933
1755406978110,0.282353,-0.024526,9.846465
1755406978111,0.303888,-0.002991,9.889536
1755406978112,0.299103,0.001795,9.906285
1755406978115,0.306281,0.00658,9.848858
1755406978117,0.282353,-0.019741,9.836894
1755406978120,0.325424,-0.029312,9.889536
1755406978122,0.27996,-0.002991,9.930214
1755406978125,0.291924,-0.010169,9.899107
1755406978127,0.27996,-0.046062,9.865608
1755406978129,0.270389,-0.019741,9.858429
1755406978132,0.308674,-0.022134,9.932607
1755406978134,0.308674,-0.024526,9.91825
1755406978136,0.289532,0.016152,9.836894
1755406978139,0.260818,-0.067597,9.903893
1755406978142,0.31346,-0.007777,9.793823
1755406978144,0.303888,-0.022134,9.959227
1755406978146,0.267996,0.00658,9.839287
1755406978149,0.31346,-0.029312,9.891929
1755406978151,0.260818,-0.012562,9.868001
1755406978153,0.301496,-0.000598,9.798609
1755406978156,0.212961,-0.043669,9.999905
1755406978158,0.363709,-0.002991,9.745967
1755406978161,0.224925,-0.014955,10.028619
1755406978163,0.267996,-0.010169,9.769895
1755406978165,0.258425,-0.043669,9.956834
1755406978168,0.270389,-0.041276,9.839287
1755406978170,0.248854,-0.05324,9.992726
1755406978173,0.308674,0.011366,9.801002
1755406978175,0.212961,-0.058026,9.879965
1755406978177,0.311067,-0.029312,9.772287
1755406978180,0.275175,-0.014955,9.939785
1755406978182,0.265603,-0.010169,9.870394
1755406978185,0.325424,0.001795,9.863214
1755406978187,0.294317,-0.067597,9.865608
1755406978190,0.301496,-0.043669,9.805787
1755406978193,0.267996,0.013759,9.956834
1755406978194,0.265603,0.028116,9.815358
1755406978196,0.244068,-0.041276,9.937392
1755406978199,0.33021,-0.041276,9.858429
1755406978201,0.251246,-0.038883,9.863214
1755406978203,0.275175,0.001795,9.875179
1755406978206,0.277567,-0.026919,9.882358
1755406978209,0.256032,-0.026919,9.865608
1755406978211,0.246461,-0.017348,9.868001
1755406978213,0.299103,-0.031705,9.887143
1755406978216,0.306281,-0.029312,9.848858
1755406978218,0.258425,-0.024526,9.937392
1755406978220,0.303888,0.00658,9.815358
1755406978223,0.31346,0.00658,9.923036
1755406978226,0.272782,0.001795,9.858429
1755406978230,0.301496,-0.029312,9.889536
1755406978231,0.287139,-0.000598,9.848858
1755406978232,0.291924,-0.007777,9.863214
1755406978235,0.27996,0.001795,9.848858
1755406978237,0.275175,-0.010169,9.877572
1755406978239,0.287139,-0.029312,9.868001
1755406978243,0.311067,-0.000598,9.882358
1755406978244,0.284746,-0.012562,9.903893
1755406978247,0.287139,-0.05324,9.88475
1755406978249,0.301496,-0.007777,9.870394
1755406978252,0.299103,-0.002991,9.877572
1755406978254,0.299103,0.018544,9.856036
1755406978256,0.308674,-0.010169,9.879965
1755406978259,0.294317,-0.038883,9.889536
1755406978261,0.265603,-0.014955,9.856036
1755406978264,0.275175,-0.002991,9.832108
1755406978266,0.306281,-0.043669,9.894321
1755406978269,0.287139,-0.010169,9.84168
1755406978271,0.265603,-0.014955,9.853643
1755406978273,0.253639,0.001795,9.896714
1755406978275,0.275175,0.018544,9.868001
1755406978278,0.282353,-0.014955,9.88475
1755406978281,0.29671,-0.005384,9.879965
1755406978283,0.306281,0.032901,9.891929
1755406978286,0.303888,-0.036491,9.868001
1755406978288,0.246461,-0.048455,9.870394
1755406978290,0.337388,-0.041276,9.767502
1755406978292,0.215354,-0.05324,9.947263
1755406978295,0.323031,0.016152,9.80818
1755406978298,0.260818,0.025723,9.968799
1755406978299,0.318245,0.00658,9.810573
1755406978302,0.260818,-0.050847,9.923036
1755406978305,0.31346,-0.05324,9.832108
1755406978307,0.270389,0.020937,9.947263
1755406978309,0.315853,0.025723,9.803394
1755406978312,0.253639,-0.012562,9.966406
1755406978315,0.29671,-0.031705,9.801002
1755406978317,0.232104,-0.043669,9.865608
1755406978319,0.306281,-0.019741,9.896714
1755406978321,0.265603,-0.002991,9.875179
1755406978323,0.284746,-0.007777,9.882358
1755406978326,0.267996,-0.010169,9.899107
1755406978329,0.342174,-0.000598,9.836894
1755406978331,0.299103,-0.026919,9.932607
1755406978334,0.311067,-0.007777,9.839287
1755406978336,0.272782,-0.000598,9.88475
1755406978338,0.277567,-0.012562,9.9015
1755406978340,0.289532,-0.012562,9.870394
1755406978343,0.253639,0.004187,9.879965
1755406978346,0.294317,-0.017348,9.887143
1755406978348,0.291924,-0.041276,9.875179
1755406978350,0.27996,-0.000598,9.846465
1755406978353,0.260818,-0.05324,9.879965
1755406978354,0.320638,-0.000598,9.860822
1755406978357,0.277567,0.00658,9.906285
1755406978359,0.277567,0.011366,9.868001
1755406978362,0.27996,-0.010169,9.889536
1755406978364,0.289532,-0.005384,9.851251
1755406978367,0.311067,-0.022134,9.899107
1755406978369,0.325424,0.004187,9.879965
1755406978372,0.291924,-0.019741,9.894321
1755406978374,0.260818,0.004187,9.877572
1755406978376,0.246461,-0.012562,9.891929
1755406978379,0.267996,-0.012562,9.872787
1755406978381,0.265603,-0.002991,9.934999
1755406978384,0.265603,0.011366,9.868001
1755406978386,0.27996,-0.002991,9.848858
1755406978388,0.282353,-0.050847,9.870394
1755406978391,0.29671,-0.048455,9.923036
1755406978393,0.33021,-0.048455,9.911072
1755406978396,0.287139,-0.010169,9.875179
1755406978398,0.308674,-0.05324,9.915857
1755406978400,0.267996,0.004187,9.805787
1755406978403,0.251246,-0.029312,9.875179
1755406978405,0.291924,-0.019741,9.860822
1755406978407,0.318245,-0.062812,9.882358
1755406978410,0.311067,-0.029312,9.920643
1755406978413,0.327817,0.001795,9.894321
1755406978414,0.282353,-0.014955,9.896714
1755406978418,0.267996,-0.029312,9.911072
1755406978419,0.275175,-0.048455,9.829716
1755406978422,0.270389,-0.036491,9.891929
1755406978424,0.320638,-0.000598,9.903893
1755406978426,0.289532,-0.014955,9.877572
1755406978429,0.294317,-0.014955,9.863214
1755406978432,0.303888,-0.022134,9.920643
1755406978435,0.299103,-0.022134,9.88475
1755406978436,0.301496,-0.014955,9.858429
1755406978439,0.263211,-0.055633,9.789038
1755406978441,0.284746,-0.065204,9.992726
1755406978443,0.282353,-0.014955,9.937392
1755406978445,0.272782,0.004187,9.784252
1755406978448,0.253639,-0.050847,9.971191
1755406978451,0.306281,-0.046062,9.769895
1755406978453,0.291924,-0.060419,9.879965
1755406978455,0.31346,0.047258,9.942178
1755406978457,0.267996,-0.014955,9.952048
1755406978460,0.29671,-0.019741,9.741181
1755406978462,0.272782,-0.065204,9.939785
1755406978465,0.289532,-0.022134,9.772287
1755406978468,0.289532,-0.017348,9.930214
1755406978470,0.265603,-0.002991,9.858429
1755406978473,0.272782,0.00658,9.954441
1755406978475,0.277567,-0.029312,9.777073
1755406978477,0.282353,-0.038883,9.908679
1755406978479,0.318245,-0.014955,9.925428
1755406978482,0.260818,0.016152,9.923036
1755406978484,0.284746,-0.024526,9.743574
1755406978487,0.258425,-0.036491,9.964012
1755406978489,0.303888,-0.012562,9.832108
1755406978491,0.277567,-0.026919,9.88475
1755406978494,0.301496,-0.05324,9.920643
1755406978496,0.318245,0.02333,9.851251
1755406978499,0.27996,-0.031705,9.911072
1755406978501,0.31346,-0.014955,9.815358
1755406978503,0.29671,-0.065204,9.915857
1755406978505,0.291924,0.001795,9.822537
1755406978508,0.284746,-0.017348,9.939785
1755406978511,0.31346,0.004187,9.772287
1755406978513,0.27996,-0.019741,9.975977
1755406978516,0.289532,-0.017348,9.836894
1755406978518,0.270389,-0.043669,9.954441
1755406978521,0.358923,-0.05324,9.745967
1755406978522,0.277567,-0.026919,10.050154
1755406978525,0.354138,0.013759,9.726824
1755406978527,0.27996,-0.019741,10.021441
1755406978530,0.358923,-0.000598,9.820144
1755406978533,0.287139,0.004187,9.858429
1755406978535,0.267996,-0.038883,9.934999
1755406978537,0.301496,0.004187,9.839287
1755406978539,0.315853,-0.019741,9.894321
1755406978542,0.246461,0.035294,9.925428
1755406978544,0.342174,-0.036491,9.769895
1755406978546,0.145663,-0.019741,9.983155
1755406978550,0.366102,-0.005384,9.74836
1755406978551,0.234497,-0.026919,9.97837
1755406978554,0.327817,-0.002991,9.801002
1755406978557,0.244068,-0.010169,9.925428
1755406978558,0.277567,-0.014955,9.832108
1755406978560,0.244068,-0.036491,9.896714
1755406978563,0.287139,-0.026919,9.863214
1755406978567,0.275175,-0.012562,9.870394
1755406978568,0.31346,-0.026919,9.887143
1755406978571,0.272782,-0.022134,9.839287
1755406978573,0.303888,-0.038883,9.961619
1755406978575,0.27996,-0.026919,9.834501
1755406978577,0.239282,-0.038883,9.705289
1755406978580,0.215354,0.025723,9.781859
1755406978584,0.270389,-0.017348,9.860822
1755406978586,0.378066,-0.029312,10.03819
1755406978588,0.380459,-0.074776,9.925428
1755406978589,0.236889,0.02333,9.832108
1755406978592,0.282353,0.016152,9.990334
1755406978594,0.289532,-0.034098,9.734002
1755406978597,0.294317,-0.038883,10.009477
1755406978599,0.303888,0.016152,9.97837
1755406978602,0.339781,-0.048455,9.966406
1755406978604,0.342174,-0.038883,9.959227
1755406978606,0.256032,-0.014955,9.889536
1755406978608,0.212961,-0.026919,9.954441
1755406978611,0.363709,-0.036491,9.860822
1755406978613,0.267996,-0.002991,9.906285
1755406978616,0.234497,-0.002991,9.777073
1755406978618,0.301496,-0.024526,9.913465
1755406978621,0.308674,-0.010169,9.937392
1755406978623,0.299103,-0.014955,9.870394
1755406978625,0.306281,-0.046062,9.934999
1755406978628,0.318245,-0.046062,9.875179
1755406978630,0.301496,-0.022134,9.896714
1755406978632,0.29671,-0.022134,9.858429
1755406978635,0.289532,0.001795,9.882358
1755406978638,0.301496,-0.031705,9.915857
1755406978640,0.272782,0.016152,9.856036
1755406978643,0.253639,0.020937,9.968799
1755406978644,0.299103,0.004187,9.781859
1755406978647,0.275175,-0.079561,9.930214
1755406978649,0.289532,-0.048455,9.803394
1755406978652,0.267996,0.047258,9.999905
1755406978655,0.265603,-0.010169,9.822537
1755406978656,0.277567,-0.06999,9.956834
1755406978659,0.339781,-0.043669,9.750752
1755406978661,0.229711,-0.060419,9.959227
1755406978664,0.37328,0.016152,9.836894
1755406978666,0.248854,-0.029312,9.920643
1755406978669,0.287139,0.001795,9.930214
1755406978673,0.323031,-0.010169,9.781859
1755406978674,0.205783,-0.043669,10.033404
1755406978676,0.311067,0.016152,9.722038
1755406978679,0.236889,-0.079561,9.934999
1755406978680,0.291924,0.011366,9.84168
1755406978683,0.327817,-0.010169,9.889536
1755406978686,0.222533,0.011366,9.961619
1755406978688,0.308674,0.001795,9.74836
1755406978690,0.205783,-0.098704,9.959227
1755406978692,0.361316,-0.058026,9.786645
1755406978695,0.260818,0.04008,9.952048
1755406978697,0.299103,0.016152,9.798609
1755406978699,0.227318,-0.014955,9.995119
1755406978702,0.306281,-0.012562,9.726824
1755406978704,0.224925,-0.058026,10.045368
1755406978707,0.37328,0.011366,9.724431
1755406978710,0.241675,-0.046062,10.057333
1755406978711,0.299103,0.028116,9.736395
1755406978714,0.260818,-0.036491,9.992726
1755406978716,0.308674,-0.017348,9.817751
1755406978719,0.289532,-0.005384,9.932607
1755406978721,0.267996,-0.024526,9.839287
1755406978724,0.320638,-0.007777,9.877572
1755406978727,0.275175,-0.017348,9.894321
1755406978728,0.306281,-0.005384,9.848858
1755406978731,0.260818,-0.031705,9.906285
1755406978733,0.299103,-0.031705,9.863214
1755406978736,0.277567,-0.041276,9.927821
1755406978738,0.289532,-0.041276,9.865608
1755406978740,0.287139,-0.026919,9.908679
1755406978743,0.256032,-0.031705,9.877572
1755406978745,0.27996,-0.012562,9.865608
1755406978748,0.253639,-0.019741,9.870394
1755406978750,0.282353,-0.007777,9.903893
1755406978753,0.291924,0.004187,9.865608
1755406978755,0.241675,-0.000598,9.911072
1755406978757,0.31346,-0.034098,9.894321
1755406978760,0.29671,-0.038883,9.920643
1755406978762,0.267996,-0.031705,9.868001
1755406978764,0.303888,-0.031705,9.908679
1755406978767,0.306281,-0.010169,9.870394
1755406978770,0.311067,-0.034098,9.868001
1755406978772,0.289532,-0.048455,9.879965
1755406978774,0.282353,-0.026919,9.896714
1755406978776,0.289532,0.02333,9.927821
1755406978779,0.246461,0.011366,9.84168
1755406978781,0.294317,-0.024526,9.9015
1755406978783,0.260818,-0.043669,9.906285
1755406978787,0.253639,-0.034098,9.851251
1755406978789,0.287139,-0.005384,9.887143
1755406978792,0.272782,0.011366,9.848858
1755406978793,0.263211,-0.036491,9.920643
1755406978796,0.284746,-0.034098,9.865608
1755406978798,0.282353,-0.017348,9.872787
1755406978801,0.303888,-0.046062,9.801002
1755406978802,0.263211,-0.017348,10.076475
1755406978805,0.344566,0.02333,9.765109
1755406978807,0.272782,-0.08674,9.920643
1755406978810,0.301496,0.008973,9.925428
1755406978812,0.327817,-0.022134,9.753145
1755406978814,0.227318,-0.024526,10.078868
1755406978817,0.392423,0.013759,9.738789
1755406978819,0.200997,-0.055633,9.975977
1755406978822,0.351745,0.025723,9.731609
1755406978824,0.246461,-0.062812,9.985548
1755406978827,0.260818,0.004187,9.944571
1755406978829,0.401994,-0.000598,9.731609
1755406978831,0.17677,-0.048455,10.007083
1755406978834,0.370888,0.049651,9.762716
1755406978836,0.267996,-0.038883,9.872787
1755406978840,0.241675,-0.014955,10.014262
1755406978842,0.334995,0.037687,9.738789
1755406978844,0.188734,-0.072383,10.031012
1755406978846,0.401994,0.028116,9.705289
1755406978848,0.239282,-0.065204,9.923036
1755406978850,0.27996,0.02333,9.952048
1755406978853,0.380459,0.016152,9.731609
1755406978856,0.205783,-0.048455,10.121939
1755406978858,0.378066,0.04008,9.700503
1755406978860,0.229711,-0.081954,9.932607
1755406978862,0.27996,-0.010169,9.887143
1755406978865,0.368495,-0.000598,9.765109
1755406978867,0.162413,-0.026919,10.035797
1755406978870,0.351745,0.025723,9.707682
1755406978873,0.191127,-0.036491,10.074082
1755406978875,0.31346,0.025723,9.796216
1755406978877,0.299103,-0.050847,9.822537
1755406978879,0.22014,-0.036491,10.026226
1755406978882,0.380459,0.037687,9.707682
1755406978884,0.215354,-0.072383,9.968799
1755406978886,0.332602,0.001795,9.903893
1755406978889,0.339781,-0.024526,9.777073
1755406978891,0.229711,-0.10349,10.009477
1755406978894,0.399601,0.028116,9.820144
1755406978896,0.227318,-0.072383,9.868001
1755406978899,0.246461,-0.026919,9.97837
1755406978901,0.418744,0.05683,9.686146
1755406978903,0.183948,-0.074776,10.016655
1755406978907,0.318245,0.030508,9.875179
1755406978908,0.37328,0.004187,9.74836
1755406978911,0.212961,-0.062812,10.100404
1755406978913,0.366102,0.028116,9.719646
1755406978915,0.248854,-0.065204,9.894321
1755406978917,0.258425,-0.034098,9.920643
1755406978920,0.332602,-0.029312,9.772287
1755406978923,0.234497,-0.026919,9.983155
1755406978925,0.315853,0.030508,9.801002
1755406978928,0.234497,-0.046062,9.952048
1755406978930,0.337388,-0.012562,9.82493
1755406978932,0.308674,-0.060419,9.954441
1755406978934,0.270389,-0.022134,9.877572
1755406978937,0.287139,-0.002991,9.829716
1755406978940,0.282353,-0.017348,9.913465
1755406978942,0.253639,-0.036491,9.930214
1755406978944,0.306281,-0.007777,9.856036
1755406978946,0.323031,-0.06999,9.942178
1755406978949,0.332602,-0.031705,9.966406
1755406978951,0.258425,0.004187,9.79143
1755406978953,0.31346,-0.031705,9.983155
1755406978958,0.301496,-0.024526,9.82493
1755406978959,0.263211,-0.031705,9.796216
1755406978961,0.258425,0.02333,9.762716
1755406978964,0.275175,0.011366,9.882358
1755406978966,0.232104,-0.014955,9.820144
1755406978968,0.325424,-0.05324,9.863214
1755406978970,0.289532,-0.019741,9.805787
1755406978973,0.354138,-0.019741,9.894321
1755406978976,0.195912,0.028116,9.798609
1755406978978,0.325424,-0.024526,9.827323
1755406978980,0.152842,0.064008,9.68136
1755406978983,0.318245,-0.012562,9.894321
1755406978985,0.265603,-0.029312,9.858429
1755406978987,0.315853,-0.048455,9.983155
1755406978990,0.332602,-0.043669,9.954441
1755406978992,0.267996,-0.000598,9.84168
1755406978994,0.253639,0.008973,9.84168
1755406978997,0.289532,0.018544,9.959227
1755406978999,0.248854,-0.002991,9.817751
1755406979001,0.22014,-0.012562,9.820144
1755406979004,0.318245,-0.041276,9.906285
1755406979006,0.275175,-0.058026,9.887143
1755406979009,0.294317,-0.002991,9.865608
1755406979011,0.282353,-0.022134,9.868001
1755406979014,0.318245,-0.022134,9.865608
1755406979016,0.277567,-0.038883,9.827323
1755406979018,0.306281,-0.05324,9.834501
1755406979020,0.27996,-0.014955,9.879965
1755406979023,0.282353,-0.002991,9.9015
1755406979028,0.287139,-0.031705,9.889536
1755406979030,0.270389,-0.022134,9.875179
1755406979031,0.275175,-0.002991,9.891929
1755406979032,0.332602,0.004187,9.863214
1755406979035,0.265603,0.004187,9.863214
1755406979038,0.29671,-0.010169,9.88475
1755406979040,0.308674,-0.005384,9.894321
1755406979043,0.27996,-0.031705,9.9015
1755406979045,0.284746,-0.029312,9.801002
1755406979047,0.282353,-0.029312,10.035797
1755406979049,0.306281,0.059222,9.82493
1755406979052,0.263211,-0.010169,9.84168
1755406979054,0.267996,-0.091525,9.939785
1755406979057,0.33021,-0.000598,9.784252
1755406979059,0.229711,-0.026919,9.971191
1755406979061,0.308674,0.008973,9.731609
1755406979064,0.270389,-0.089133,9.947263
1755406979066,0.272782,0.018544,9.853643
1755406979069,0.282353,-0.012562,9.908679
1755406979071,0.241675,0.020937,9.91825
1755406979073,0.318245,-0.041276,9.815358
1755406979076,0.217747,-0.000598,9.971191
1755406979078,0.361316,-0.010169,9.77468
1755406979080,0.174377,-0.002991,10.047761
1755406979083,0.380459,-0.034098,9.707682
1755406979086,0.198604,-0.022134,10.059726
1755406979088,0.401994,0.013759,9.652647
1755406979090,0.191127,-0.041276,10.112368
1755406979093,0.416351,0.013759,9.626326
1755406979095,0.191127,-0.067597,10.047761
1755406979097,0.37328,0.004187,9.68136
1755406979100,0.164806,-0.024526,10.107582
1755406979102,0.363709,0.047258,9.635897
1755406979105,0.205783,-0.019741,10.057333
1755406979107,0.351745,-0.014955,9.686146
1755406979110,0.224925,-0.019741,10.069297
1755406979112,0.346959,0.02333,9.784252
1755406979114,0.251246,-0.046062,10.028619
1755406979117,0.342174,-0.031705,9.734002
1755406979119,0.236889,-0.007777,9.987941
1755406979121,0.361316,-0.019741,9.769895
1755406979124,0.270389,-0.026919,10.002297
1755406979127,0.346959,0.004187,9.786645
1755406979129,0.270389,-0.010169,9.925428
1755406979131,0.31346,-0.058026,9.848858
1755406979135,0.301496,0.008973,9.91825
1755406979136,0.299103,-0.019741,9.915857
1755406979138,0.287139,-0.012562,9.836894
1755406979141,0.284746,-0.079561,9.952048
1755406979144,0.320638,0.008973,9.772287
1755406979148,0.251246,0.004187,9.911072
1755406979150,0.282353,-0.017348,9.851251
1755406979151,0.265603,-0.034098,10.031012
1755406979152,0.315853,0.013759,9.753145
1755406979155,0.260818,-0.048455,10.047761
1755406979157,0.301496,-0.014955,9.700503
1755406979159,0.253639,-0.024526,9.968799
1755406979162,0.306281,-0.007777,9.812965
1755406979164,0.270389,-0.019741,9.956834
1755406979167,0.299103,-0.007777,9.899107
1755406979170,0.248854,-0.014955,9.796216
1755406979171,0.306281,-0.065204,9.88475
1755406979174,0.294317,-0.005384,9.868001
1755406979176,0.303888,-0.034098,9.891929
1755406979180,0.311067,-0.002991,9.913465
1755406979181,0.323031,-0.05324,9.959227
1755406979183,0.308674,-0.007777,9.796216
1755406979186,0.232104,-0.060419,9.959227
1755406979188,0.311067,-0.031705,9.705289
1755406979191,0.289532,0.016152,9.971191
1755406979193,0.301496,0.004187,9.860822
1755406979196,0.241675,-0.031705,9.973584
1755406979198,0.29671,-0.014955,9.882358
1755406979201,0.287139,-0.029312,9.812965
1755406979203,0.294317,-0.041276,9.853643
1755406979205,0.33021,0.028116,9.856036
1755406979208,0.263211,-0.005384,9.863214
1755406979210,0.270389,-0.000598,9.812965
1755406979212,0.272782,-0.050847,9.942178
1755406979215,0.299103,0.00658,9.844072
1755406979217,0.241675,0.008973,9.997512
1755406979219,0.337388,-0.014955,9.765109
1755406979222,0.299103,-0.029312,9.961619
1755406979225,0.299103,-0.031705,9.801002
1755406979227,0.222533,-0.012562,9.971191
1755406979230,0.303888,-0.010169,9.896714
1755406979231,0.291924,0.011366,9.877572
1755406979235,0.306281,-0.055633,9.887143
1755406979236,0.27996,-0.010169,9.848858
1755406979239,0.267996,-0.022134,9.9015
1755406979242,0.282353,-0.022134,9.801002
1755406979244,0.265603,-0.038883,9.995119
1755406979246,0.289532,0.008973,9.810573
1755406979249,0.282353,-0.017348,10.00469
1755406979251,0.29671,-0.010169,9.805787
1755406979254,0.256032,0.013759,9.983155
1755406979255,0.282353,-0.014955,9.77468
1755406979259,0.248854,-0.058026,9.971191
1755406979260,0.334995,-0.048455,9.882358
1755406979263,0.248854,-0.022134,9.84168
1755406979268,0.29671,-0.046062,9.872787
1755406979269,0.320638,-0.017348,9.863214
1755406979270,0.294317,-0.014955,9.882358
1755406979272,0.270389,-0.010169,9.796216
1755406979275,0.306281,-0.096311,9.973584
1755406979277,0.27996,0.013759,9.827323
1755406979280,0.256032,-0.038883,9.954441
1755406979282,0.346959,-0.046062,9.844072
1755406979285,0.303888,-0.041276,9.999905
1755406979287,0.277567,-0.014955,9.765109
1755406979289,0.256032,-0.038883,9.925428
1755406979292,0.334995,-0.050847,9.899107
1755406979294,0.27996,0.008973,9.865608
1755406979297,0.291924,-0.058026,9.796216
1755406979299,0.282353,-0.055633,9.913465
1755406979301,0.31346,-0.031705,9.856036
1755406979303,0.241675,-0.012562,9.82493
1755406979306,0.303888,-0.048455,9.987941
1755406979308,0.342174,-0.000598,9.82493
1755406979310,0.270389,-0.024526,9.906285
1755406979315,0.311067,-0.055633,9.846465
1755406979316,0.287139,-0.026919,10.035797
1755406979318,0.315853,0.04008,9.781859
1755406979320,0.234497,-0.024526,9.990334
1755406979323,0.306281,-0.041276,9.812965
1755406979325,0.29671,-0.012562,9.906285
1755406979327,0.251246,-0.046062,9.765109
1755406979331,0.239282,-0.041276,9.961619
1755406979333,0.342174,-0.012562,9.786645
1755406979335,0.256032,-0.000598,9.882358
1755406979338,0.325424,-0.034098,9.937392
1755406979339,0.342174,0.02333,9.887143
1755406979342,0.272782,-0.010169,9.908679
1755406979344,0.265603,-0.022134,9.887143
1755406979346,0.29671,-0.019741,9.863214
1755406979349,0.236889,-0.050847,9.903893
1755406979352,0.306281,0.030508,9.858429
1755406979354,0.272782,0.011366,9.925428
1755406979356,0.258425,-0.041276,9.865608
1755406979359,0.301496,-0.043669,9.899107
1755406979361,0.29671,-0.014955,9.879965
1755406979363,0.256032,-0.010169,9.896714
1755406979366,0.294317,-0.007777,9.860822
1755406979368,0.291924,-0.007777,9.858429
1755406979371,0.282353,-0.029312,9.891929
1755406979373,0.301496,-0.012562,9.875179
1755406979375,0.301496,-0.010169,9.865608
1755406979378,0.303888,-0.022134,9.875179
1755406979380,0.267996,-0.048455,9.899107
1755406979383,0.29671,-0.031705,9.875179
1755406979385,0.299103,-0.017348,9.858429
1755406979387,0.294317,-0.012562,9.887143
1755406979390,0.291924,-0.019741,9.875179
1755406979392,0.275175,-0.026919,9.891929
1755406979395,0.265603,-0.014955,9.877572
1755406979397,0.277567,-0.029312,9.856036
1755406979399,0.299103,-0.002991,9.872787
1755406979402,0.294317,-0.010169,9.872787
1755406979404,0.277567,-0.024526,9.882358
1755406979407,0.251246,-0.002991,9.851251
1755406979409,0.291924,0.004187,9.889536
1755406979411,0.306281,-0.022134,9.896714
1755406979413,0.299103,-0.031705,9.870394
1755406979417,0.311067,-0.034098,9.875179
1755406979419,0.256032,-0.029312,9.882358
1755406979421,0.294317,-0.019741,9.868001
1755406979423,0.282353,-0.019741,9.891929
1755406979426,0.303888,-0.017348,9.846465
1755406979428,0.289532,-0.002991,9.865608
1755406979430,0.306281,-0.014955,9.860822
1755406979433,0.291924,-0.012562,9.877572
