1755401600895,0.325424,-0.031705,9.879965
1755401600898,0.287139,-0.024526,9.872787
1755401600899,0.287139,-0.014955,9.875179
1755401600900,0.260818,-0.043669,9.896714
1755401600901,0.277567,-0.022134,9.887143
1755401600902,0.306281,-0.005384,9.891929
1755401600903,0.260818,-0.036491,9.877572
1755401600904,0.27996,-0.036491,9.882358
1755401600905,0.284746,-0.058026,9.853643
1755401600906,0.270389,-0.002991,9.891929
1755401600907,0.260818,-0.024526,9.877572
1755401600908,0.308674,0.001795,9.879965
1755401600909,0.301496,0.004187,9.882358
1755401600910,0.29671,-0.014955,9.894321
1755401600911,0.272782,-0.010169,9.887143
1755401600912,0.284746,-0.017348,9.891929
1755401600913,0.260818,-0.010169,9.865608
1755401600914,0.301496,-0.024526,9.896714
1755401600915,0.244068,-0.026919,9.896714
1755401600916,0.265603,0.020937,9.891929
1755401600916,0.263211,-0.024526,9.894321
1755401600917,0.275175,-0.026919,9.879965
1755401600919,0.267996,-0.031705,9.875179
1755401600919,0.284746,0.001795,9.887143
1755401600920,0.253639,-0.010169,9.887143
1755401600920,0.270389,-0.034098,9.872787
1755401600920,0.253639,-0.002991,9.872787
1755401600921,0.282353,-0.010169,9.887143
1755401600921,0.294317,-0.026919,9.877572
1755401600921,0.27996,-0.026919,9.863214
1755401600922,0.260818,-0.031705,9.863214
1755401600922,0.270389,-0.005384,9.877572
1755401600922,0.282353,-0.036491,9.882358
1755401600922,0.294317,-0.012562,9.870394
1755401600923,0.27996,-0.002991,9.9015
1755401600923,0.256032,-0.019741,9.894321
1755401600923,0.267996,-0.017348,9.899107
1755401600924,0.256032,-0.017348,9.896714
1755401600924,0.236889,-0.034098,9.887143
1755401600924,0.282353,0.013759,9.882358
1755401600925,0.282353,-0.029312,9.882358
1755401600925,0.282353,-0.022134,9.899107
1755401600925,0.248854,-0.012562,9.891929
1755401600926,0.303888,-0.019741,9.865608
1755401600929,0.265603,-0.002991,9.879965
1755401600931,0.294317,-0.017348,9.865608
1755401600932,0.272782,0.00658,9.889536
1755401600935,0.27996,-0.022134,9.870394
1755401600937,0.270389,-0.014955,9.868001
1755401600941,0.260818,-0.005384,9.863214
1755401600941,0.27996,-0.026919,9.88475
1755401600944,0.282353,-0.041276,9.865608
1755401600947,0.27996,-0.019741,9.896714
1755401600949,0.260818,-0.005384,9.894321
1755401600951,0.272782,-0.024526,9.889536
1755401600953,0.256032,-0.041276,9.858429
1755401600956,0.277567,-0.017348,9.88475
1755401600958,0.282353,-0.031705,9.877572
1755401600960,0.301496,-0.007777,9.894321
1755401600963,0.246461,-0.024526,9.88475
1755401600965,0.236889,-0.007777,9.848858
1755401600968,0.265603,-0.005384,9.868001
1755401600970,0.277567,0.008973,9.868001
1755401600972,0.29671,0.004187,9.863214
1755401600976,0.270389,-0.007777,9.896714
1755401600977,0.263211,-0.012562,9.894321
1755401600979,0.31346,-0.036491,9.889536
1755401600982,0.277567,-0.041276,9.896714
1755401600984,0.263211,-0.017348,9.875179
1755401600987,0.291924,-0.029312,9.88475
1755401600990,0.289532,-0.022134,9.9015
1755401600991,0.260818,-0.007777,9.879965
1755401600994,0.239282,-0.005384,9.853643
1755401600996,0.248854,0.013759,9.88475
1755401601002,0.263211,-0.012562,9.887143
1755401601003,0.303888,0.030508,9.88475
1755401601004,0.27996,-0.029312,9.889536
1755401601006,0.299103,-0.017348,9.84168
1755401601013,0.275175,-0.019741,9.88475
1755401601015,0.287139,-0.026919,9.894321
1755401601015,0.270389,-0.036491,9.863214
1755401601016,0.260818,-0.022134,9.875179
1755401601018,0.303888,-0.036491,9.906285
1755401601020,0.27996,-0.007777,9.879965
1755401601024,0.287139,-0.007777,9.896714
1755401601026,0.27996,0.001795,9.88475
1755401601027,0.246461,-0.010169,9.877572
1755401601030,0.29671,-0.041276,9.875179
1755401601032,0.260818,-0.031705,9.889536
1755401601034,0.289532,-0.029312,9.858429
1755401601037,0.22014,-0.034098,9.870394
1755401601039,0.256032,-0.05324,9.872787
1755401601043,0.299103,-0.029312,9.88475
1755401601044,0.287139,-0.029312,9.896714
1755401601047,0.267996,-0.034098,9.891929
1755401601049,0.27996,0.004187,9.863214
1755401601051,0.267996,0.004187,9.856036
1755401601054,0.263211,-0.019741,9.891929
1755401601056,0.256032,0.00658,9.879965
1755401601059,0.263211,0.001795,9.860822
1755401601061,0.248854,-0.005384,9.872787
1755401601063,0.277567,-0.024526,9.853643
1755401601066,0.251246,-0.017348,9.889536
1755401601068,0.289532,-0.010169,9.887143
1755401601071,0.284746,-0.017348,9.879965
1755401601073,0.303888,-0.014955,9.872787
1755401601075,0.284746,-0.022134,9.877572
1755401601078,0.277567,-0.019741,9.877572
1755401601080,0.27996,-0.010169,9.872787
1755401601082,0.282353,-0.031705,9.911072
1755401601085,0.284746,-0.012562,9.882358
1755401601087,0.284746,-0.000598,9.88475
1755401601090,0.265603,-0.002991,9.856036
1755401601092,0.265603,-0.017348,9.882358
1755401601095,0.253639,-0.007777,9.877572
1755401601097,0.291924,-0.029312,9.858429
1755401601100,0.267996,-0.000598,9.875179
1755401601102,0.282353,-0.017348,9.875179
1755401601104,0.267996,-0.026919,9.887143
1755401601106,0.267996,-0.022134,9.891929
1755401601110,0.277567,0.008973,9.9015
1755401601112,0.289532,-0.029312,9.877572
1755401601114,0.291924,-0.010169,9.877572
1755401601116,0.277567,-0.000598,9.879965
1755401601119,0.270389,-0.012562,9.856036
1755401601121,0.287139,0.004187,9.870394
1755401601123,0.287139,-0.012562,9.877572
1755401601127,0.277567,-0.029312,9.875179
1755401601128,0.267996,-0.022134,9.853643
1755401601130,0.265603,0.00658,9.889536
1755401601133,0.246461,-0.043669,9.899107
1755401601135,0.315853,-0.043669,9.896714
1755401601138,0.267996,-0.005384,9.896714
1755401601141,0.256032,-0.031705,9.872787
1755401601144,0.284746,-0.012562,9.889536
1755401601146,0.27996,-0.000598,9.879965
1755401601148,0.29671,-0.038883,9.894321
1755401601150,0.236889,-0.026919,9.875179
1755401601152,0.263211,-0.043669,9.868001
1755401601154,0.260818,-0.031705,9.887143
1755401601157,0.270389,-0.024526,9.889536
1755401601160,0.289532,-0.010169,9.894321
1755401601162,0.234497,-0.036491,9.896714
1755401601164,0.232104,-0.017348,9.868001
1755401601166,0.27996,0.00658,9.887143
1755401601169,0.287139,-0.022134,9.896714
1755401601171,0.277567,-0.010169,9.870394
1755401601174,0.291924,-0.017348,9.875179
1755401601177,0.287139,-0.043669,9.870394
1755401601178,0.291924,-0.005384,9.889536
1755401601181,0.291924,-0.014955,9.868001
1755401601183,0.270389,-0.026919,9.88475
1755401601186,0.272782,-0.010169,9.872787
1755401601188,0.251246,-0.014955,9.877572
1755401601190,0.251246,-0.048455,9.872787
1755401601194,0.267996,-0.026919,9.891929
1755401601195,0.265603,-0.05324,9.875179
1755401601198,0.253639,-0.041276,9.870394
1755401601200,0.301496,-0.024526,9.891929
1755401601202,0.282353,-0.041276,9.894321
1755401601205,0.277567,-0.012562,9.877572
1755401601207,0.272782,-0.005384,9.860822
1755401601210,0.287139,-0.038883,9.891929
1755401601212,0.289532,-0.043669,9.88475
1755401601215,0.258425,-0.019741,9.877572
1755401601217,0.256032,-0.012562,9.9015
1755401601219,0.272782,-0.029312,9.875179
1755401601222,0.272782,-0.038883,9.865608
1755401601224,0.253639,-0.031705,9.879965
1755401601226,0.287139,-0.017348,9.894321
1755401601229,0.289532,-0.005384,9.891929
1755401601231,0.287139,-0.012562,9.891929
1755401601234,0.294317,-0.010169,9.875179
1755401601236,0.248854,-0.010169,9.872787
1755401601238,0.251246,-0.041276,9.868001
1755401601240,0.275175,-0.014955,9.896714
1755401601243,0.265603,-0.005384,9.882358
1755401601245,0.253639,-0.005384,9.891929
1755401601248,0.287139,-0.026919,9.889536
1755401601250,0.294317,-0.002991,9.889536
1755401601252,0.258425,0.011366,9.870394
1755401601255,0.287139,-0.014955,9.872787
1755401601257,0.272782,0.001795,9.882358
1755401601260,0.27996,-0.014955,9.879965
1755401601263,0.289532,-0.019741,9.889536
1755401601266,0.267996,-0.005384,9.879965
1755401601267,0.267996,-0.026919,9.865608
1755401601270,0.282353,-0.024526,9.872787
1755401601272,0.294317,-0.019741,9.879965
1755401601274,0.284746,0.004187,9.875179
1755401601277,0.239282,-0.024526,9.865608
1755401601279,0.301496,-0.007777,9.846465
1755401601282,0.265603,-0.034098,9.865608
1755401601284,0.263211,-0.046062,9.882358
1755401601286,0.265603,-0.024526,9.853643
1755401601289,0.239282,-0.038883,9.891929
1755401601291,0.248854,-0.024526,9.879965
1755401601293,0.287139,-0.031705,9.877572
1755401601296,0.272782,-0.014955,9.877572
1755401601298,0.284746,-0.007777,9.894321
1755401601300,0.239282,0.008973,9.879965
1755401601303,0.265603,0.004187,9.899107
1755401601306,0.277567,-0.022134,9.882358
1755401601308,0.272782,-0.007777,9.894321
1755401601310,0.275175,-0.014955,9.903893
1755401601313,0.251246,-0.029312,9.899107
1755401601315,0.251246,-0.022134,9.906285
1755401601317,0.27996,-0.010169,9.894321
1755401601320,0.294317,-0.012562,9.887143
1755401601322,0.27996,-0.012562,9.887143
1755401601324,0.251246,0.011366,9.889536
1755401601327,0.236889,0.004187,9.879965
1755401601331,0.275175,-0.024526,9.879965
1755401601332,0.284746,-0.043669,9.848858
1755401601334,0.306281,-0.038883,9.875179
1755401601336,0.284746,-0.038883,9.879965
1755401601339,0.270389,-0.026919,9.879965
1755401601342,0.289532,-0.041276,9.860822
1755401601344,0.256032,-0.022134,9.88475
1755401601347,0.258425,-0.022134,9.903893
1755401601349,0.253639,0.020937,9.870394
1755401601351,0.258425,0.008973,9.882358
1755401601353,0.260818,-0.005384,9.882358
1755401601356,0.265603,-0.017348,9.851251
1755401601358,0.260818,-0.024526,9.877572
1755401601360,0.253639,-0.010169,9.870394
1755401601365,0.267996,-0.019741,9.860822
1755401601366,0.294317,-0.017348,9.894321
1755401601369,0.270389,-0.050847,9.860822
1755401601370,0.289532,-0.022134,9.875179
1755401601373,0.289532,-0.019741,9.889536
1755401601375,0.260818,-0.012562,9.9015
1755401601377,0.284746,0.001795,9.889536
1755401601381,0.301496,0.001795,9.865608
1755401601383,0.311067,0.030508,9.891929
1755401601385,0.289532,-0.005384,9.872787
1755401601387,0.323031,-0.019741,9.860822
1755401601389,0.323031,-0.038883,9.906285
1755401601392,0.332602,-0.019741,9.891929
1755401601394,0.311067,-0.019741,9.908679
1755401601399,0.287139,-0.043669,9.853643
1755401601400,0.287139,-0.026919,9.887143
1755401601401,0.289532,-0.041276,9.88475
1755401601404,0.258425,-0.014955,9.872787
1755401601406,0.277567,-0.005384,9.891929
1755401601409,0.258425,-0.005384,9.879965
1755401601411,0.267996,-0.012562,9.887143
1755401601413,0.265603,-0.007777,9.870394
1755401601416,0.260818,0.00658,9.872787
1755401601418,0.265603,-0.012562,9.875179
1755401601420,0.287139,-0.031705,9.872787
1755401601423,0.289532,-0.010169,9.891929
1755401601425,0.260818,-0.002991,9.88475
1755401601428,0.272782,-0.038883,9.88475
1755401601430,0.275175,-0.005384,9.899107
1755401601432,0.318245,-0.034098,9.882358
1755401601435,0.256032,0.00658,9.856036
1755401601437,0.258425,-0.017348,9.891929
1755401601440,0.272782,-0.017348,9.865608
1755401601442,0.256032,-0.022134,9.875179
1755401601444,0.270389,-0.024526,9.887143
1755401601447,0.275175,-0.019741,9.872787
1755401601450,0.275175,-0.002991,9.877572
1755401601452,0.282353,0.008973,9.875179
1755401601454,0.232104,-0.005384,9.911072
1755401601456,0.260818,-0.000598,9.887143
1755401601459,0.291924,-0.012562,9.879965
1755401601462,0.248854,-0.024526,9.877572
1755401601464,0.294317,-0.014955,9.889536
1755401601469,0.270389,-0.010169,9.877572
1755401601471,0.27996,-0.022134,9.877572
1755401601472,0.260818,-0.026919,9.887143
1755401601473,0.256032,-0.034098,9.899107
1755401601476,0.270389,-0.036491,9.903893
1755401601478,0.263211,-0.014955,9.870394
1755401601480,0.299103,-0.010169,9.877572
1755401601482,0.27996,0.001795,9.88475
1755401601485,0.265603,-0.019741,9.899107
1755401601487,0.27996,-0.000598,9.856036
1755401601490,0.265603,-0.000598,9.858429
1755401601492,0.275175,-0.014955,9.865608
1755401601495,0.272782,-0.014955,9.891929
1755401601497,0.27996,-0.010169,9.870394
1755401601500,0.263211,0.004187,9.882358
1755401601502,0.275175,-0.029312,9.899107
1755401601504,0.236889,-0.024526,9.856036
1755401601507,0.267996,-0.022134,9.877572
1755401601509,0.277567,-0.007777,9.872787
1755401601512,0.275175,-0.000598,9.894321
1755401601514,0.263211,-0.010169,9.9015
1755401601517,0.265603,-0.014955,9.891929
1755401601519,0.267996,-0.010169,9.887143
1755401601521,0.275175,-0.017348,9.872787
1755401601523,0.284746,-0.010169,9.870394
1755401601526,0.251246,-0.002991,9.9015
1755401601528,0.275175,-0.007777,9.88475
1755401601530,0.241675,-0.019741,9.889536
1755401601533,0.272782,0.001795,9.903893
1755401601536,0.306281,-0.014955,9.894321
1755401601538,0.289532,0.001795,9.896714
1755401601540,0.289532,-0.019741,9.882358
1755401601543,0.306281,-0.002991,9.875179
1755401601545,0.284746,-0.014955,9.879965
1755401601547,0.27996,-0.010169,9.875179
1755401601551,0.299103,-0.019741,9.848858
1755401601552,0.27996,-0.038883,9.887143
1755401601554,0.311067,-0.036491,9.877572
1755401601557,0.282353,-0.010169,9.88475
1755401601559,0.275175,-0.022134,9.896714
1755401601562,0.277567,-0.038883,9.877572
1755401601564,0.258425,-0.017348,9.872787
1755401601568,0.265603,-0.024526,9.868001
1755401601570,0.227318,-0.041276,9.875179
1755401601572,0.265603,-0.014955,9.879965
1755401601574,0.306281,-0.019741,9.872787
1755401601576,0.260818,-0.022134,9.879965
1755401601579,0.241675,-0.05324,9.868001
1755401601582,0.270389,-0.014955,9.88475
1755401601583,0.258425,-0.019741,9.88475
1755401601586,0.272782,-0.034098,9.894321
1755401601589,0.320638,-0.05324,9.868001
1755401601591,0.260818,-0.017348,9.879965
1755401601593,0.284746,-0.019741,9.865608
1755401601595,0.263211,-0.005384,9.899107
1755401601598,0.306281,-0.024526,9.882358
1755401601600,0.303888,-0.014955,9.887143
1755401601603,0.272782,-0.031705,9.875179
1755401601605,0.291924,-0.034098,9.832108
1755401601607,0.265603,-0.060419,9.853643
1755401601609,0.31346,-0.007777,9.899107
1755401601613,0.323031,-0.005384,9.798609
1755401601614,0.270389,-0.017348,9.971191
1755401601617,0.31346,0.035294,9.853643
1755401601619,0.246461,-0.05324,9.949656
1755401601622,0.294317,-0.000598,9.894321
1755401601624,0.29671,0.00658,9.767502
1755401601626,0.282353,-0.058026,9.968799
1755401601629,0.27996,0.044865,9.906285
1755401601631,0.258425,-0.05324,9.760324
1755401601633,0.263211,-0.029312,9.952048
1755401601636,0.306281,0.018544,9.805787
1755401601638,0.248854,-0.038883,9.889536
1755401601641,0.256032,-0.019741,9.930214
1755401601643,0.294317,-0.007777,9.939785
1755401601645,0.272782,-0.036491,9.944571
1755401601648,0.325424,0.02333,9.743574
1755401601650,0.253639,-0.002991,9.779466
1755401601653,0.270389,-0.036491,9.889536
1755401601655,0.303888,-0.010169,9.896714
1755401601658,0.253639,-0.046062,10.109975
1755401601660,0.29671,0.071186,9.832108
1755401601663,0.258425,-0.022134,9.741181
1755401601665,0.241675,-0.043669,9.961619
1755401601667,0.332602,0.061615,9.839287
1755401601670,0.234497,-0.046062,9.777073
1755401601672,0.282353,-0.046062,9.939785
1755401601675,0.315853,0.025723,9.937392
1755401601677,0.227318,-0.031705,9.741181
1755401601679,0.277567,-0.050847,9.911072
1755401601681,0.284746,0.05683,9.992726
1755401601684,0.256032,-0.012562,9.779466
1755401601687,0.277567,-0.036491,9.865608
1755401601689,0.306281,0.042473,9.973584
1755401601691,0.244068,-0.041276,9.801002
1755401601694,0.29671,-0.050847,9.865608
1755401601696,0.299103,0.035294,9.973584
1755401601698,0.212961,0.004187,9.820144
1755401601701,0.311067,-0.046062,9.812965
1755401601704,0.320638,0.00658,9.992726
1755401601707,0.253639,-0.029312,9.798609
1755401601708,0.294317,-0.093918,9.863214
1755401601710,0.284746,0.001795,9.997512
1755401601713,0.229711,-0.002991,9.755538
1755401601715,0.256032,-0.101097,9.877572
1755401601717,0.303888,0.02333,9.985548
1755401601720,0.239282,0.042473,9.74836
1755401601722,0.251246,-0.084347,9.868001
1755401601725,0.318245,-0.000598,9.997512
1755401601727,0.256032,0.00658,9.741181
1755401601729,0.256032,-0.067597,9.863214
1755401601732,0.339781,0.028116,10.014262
1755401601734,0.253639,0.013759,9.734002
1755401601738,0.227318,-0.074776,9.860822
1755401601739,0.351745,0.042473,10.028619
1755401601742,0.244068,0.030508,9.750752
1755401601744,0.241675,-0.058026,9.870394
1755401601746,0.363709,-0.012562,10.040583
1755401601748,0.258425,0.028116,9.755538
1755401601751,0.256032,-0.091525,9.88475
1755401601755,0.358923,0.00658,10.014262
1755401601756,0.241675,0.037687,9.798609
1755401601758,0.229711,-0.067597,9.872787
1755401601760,0.356531,0.00658,9.959227
1755401601763,0.234497,0.016152,9.846465
1755401601765,0.241675,-0.062812,9.865608
1755401601767,0.358923,0.008973,9.856036
1755401601770,0.215354,-0.007777,9.913465
1755401601772,0.256032,-0.048455,9.9015
1755401601775,0.311067,0.035294,9.77468
1755401601777,0.208176,-0.048455,9.925428
1755401601780,0.256032,0.004187,10.026226
1755401601782,0.272782,0.025723,9.786645
1755401601784,0.227318,-0.065204,9.846465
1755401601787,0.301496,0.008973,9.88475
1755401601789,0.29671,-0.005384,9.930214
1755401601793,0.239282,-0.014955,9.937392
1755401601795,0.29671,0.035294,9.745967
1755401601797,0.282353,-0.014955,9.856036
1755401601799,0.31346,0.011366,9.911072
1755401601801,0.284746,-0.000598,9.887143
1755401601804,0.256032,-0.024526,9.944571
1755401601807,0.289532,-0.005384,9.753145
1755401601810,0.272782,-0.046062,9.879965
1755401601812,0.272782,-0.019741,9.894321
1755401601813,0.282353,-0.019741,9.889536
1755401601815,0.232104,-0.010169,9.971191
1755401601818,0.306281,0.013759,9.77468
1755401601820,0.248854,-0.036491,9.887143
1755401601823,0.311067,0.008973,9.80818
1755401601825,0.248854,-0.041276,9.894321
1755401601827,0.27996,0.004187,9.934999
1755401601830,0.318245,-0.010169,9.836894
1755401601833,0.241675,-0.048455,9.954441
1755401601835,0.332602,0.013759,9.796216
1755401601837,0.234497,-0.043669,9.97837
1755401601840,0.267996,0.032901,9.815358
1755401601843,0.272782,-0.019741,9.906285
1755401601844,0.303888,0.028116,9.827323
1755401601847,0.234497,-0.060419,9.899107
1755401601849,0.270389,0.013759,9.832108
1755401601852,0.267996,-0.043669,9.863214
1755401601854,0.251246,0.013759,9.858429
1755401601857,0.294317,-0.034098,9.863214
1755401601859,0.265603,-0.019741,9.920643
1755401601862,0.320638,0.013759,9.836894
1755401601863,0.251246,-0.024526,10.028619
1755401601866,0.342174,-0.005384,9.77468
1755401601868,0.246461,-0.043669,9.973584
1755401601871,0.337388,0.00658,9.779466
1755401601874,0.256032,-0.034098,9.875179
1755401601877,0.318245,-0.002991,9.88475
1755401601879,0.248854,-0.074776,9.879965
1755401601880,0.323031,-0.029312,9.853643
1755401601883,0.294317,-0.046062,9.925428
1755401601885,0.299103,-0.029312,9.872787
1755401601887,0.323031,-0.014955,9.877572
1755401601891,0.236889,-0.019741,9.937392
1755401601893,0.31346,-0.002991,9.750752
1755401601895,0.234497,-0.000598,10.031012
1755401601897,0.289532,0.001795,9.674182
1755401601899,0.232104,-0.031705,9.999905
1755401601902,0.284746,-0.002991,9.810573
1755401601904,0.253639,-0.038883,9.865608
1755401601908,0.337388,-0.000598,9.894321
1755401601909,0.234497,-0.041276,9.80818
1755401601911,0.267996,0.025723,9.920643
1755401601914,0.284746,-0.022134,9.846465
1755401601916,0.251246,-0.000598,9.872787
1755401601919,0.263211,-0.022134,9.913465
1755401601921,0.244068,-0.012562,9.812965
1755401601925,0.308674,-0.010169,9.949656
1755401601929,0.258425,-0.012562,9.844072
1755401601930,0.303888,0.02333,9.91825
1755401601931,0.256032,-0.017348,9.932607
1755401601933,0.323031,-0.002991,9.805787
1755401601935,0.205783,-0.065204,9.971191
1755401601938,0.289532,0.00658,9.796216
1755401601942,0.232104,-0.024526,9.959227
1755401601947,0.308674,-0.002991,9.77468
1755401601948,0.244068,-0.048455,9.997512
1755401601949,0.31346,-0.041276,9.755538
1755401601950,0.244068,-0.074776,10.007083
1755401601952,0.287139,0.011366,9.772287
1755401601955,0.208176,-0.014955,9.987941
1755401601957,0.299103,0.037687,9.784252
1755401601960,0.232104,-0.034098,9.97837
1755401601962,0.323031,0.004187,9.772287
1755401601964,0.241675,-0.060419,9.961619
1755401601966,0.299103,0.025723,9.801002
1755401601969,0.244068,-0.038883,9.97837
1755401601971,0.294317,0.011366,9.784252
1755401601974,0.265603,-0.043669,9.971191
1755401601976,0.287139,-0.014955,9.798609
1755401601978,0.227318,-0.010169,9.971191
1755401601981,0.291924,0.020937,9.80818
1755401601983,0.265603,-0.022134,9.971191
1755401601986,0.277567,0.00658,9.801002
1755401601988,0.246461,-0.034098,9.920643
1755401601990,0.272782,0.008973,9.829716
1755401601993,0.251246,-0.029312,9.887143
1755401601996,0.272782,-0.048455,9.860822
1755401601998,0.246461,-0.014955,9.870394
1755401602000,0.299103,0.001795,9.891929
1755401602002,0.272782,0.004187,9.853643
1755401602005,0.260818,-0.010169,9.858429
1755401602007,0.263211,-0.019741,9.932607
1755401602010,0.289532,-0.022134,9.789038
1755401602012,0.275175,-0.012562,10.002297
1755401602014,0.301496,-0.019741,9.753145
1755401602017,0.236889,-0.005384,9.987941
1755401602019,0.277567,-0.000598,9.767502
1755401602022,0.291924,-0.002991,9.985548
1755401602024,0.29671,-0.005384,9.753145
1755401602027,0.270389,-0.017348,10.047761
1755401602031,0.248854,-0.010169,9.71486
1755401602032,0.258425,-0.014955,10.040583
1755401602034,0.275175,-0.026919,9.669396
1755401602036,0.277567,-0.010169,10.042975
1755401602038,0.29671,-0.022134,9.693324
1755401602041,0.253639,-0.002991,10.002297
1755401602044,0.246461,-0.050847,9.717253
1755401602046,0.27996,-0.012562,10.021441
1755401602048,0.282353,-0.046062,9.745967
1755401602050,0.277567,-0.005384,9.990334
1755401602053,0.277567,0.001795,9.743574
1755401602055,0.277567,-0.026919,10.009477
1755401602058,0.267996,-0.024526,9.750752
1755401602060,0.253639,-0.002991,10.035797
1755401602063,0.294317,-0.031705,9.789038
1755401602065,0.282353,-0.005384,10.014262
1755401602067,0.303888,-0.048455,9.729217
1755401602069,0.272782,-0.007777,9.992726
1755401602072,0.263211,-0.024526,9.769895
1755401602074,0.256032,-0.022134,9.973584
1755401602078,0.282353,-0.026919,9.779466
1755401602080,0.258425,-0.010169,9.980762
1755401602082,0.27996,-0.007777,9.777073
1755401602084,0.29671,-0.000598,9.947263
1755401602086,0.260818,-0.038883,9.79143
1755401602089,0.272782,0.004187,9.990334
1755401602091,0.263211,-0.014955,9.772287
1755401602095,0.306281,0.011366,9.980762
1755401602096,0.253639,-0.019741,9.80818
1755401602098,0.31346,-0.010169,9.91825
1755401602101,0.265603,-0.026919,9.817751
1755401602103,0.303888,-0.010169,9.939785
1755401602105,0.258425,-0.024526,9.801002
1755401602108,0.291924,0.008973,9.896714
1755401602112,0.222533,-0.014955,9.856036
1755401602113,0.265603,-0.000598,9.9015
1755401602115,0.251246,-0.026919,9.944571
1755401602118,0.318245,-0.010169,9.839287
1755401602120,0.267996,0.008973,10.011869
1755401602122,0.303888,-0.019741,9.781859
1755401602125,0.272782,-0.024526,9.999905
1755401602127,0.299103,-0.007777,9.707682
1755401602130,0.289532,-0.034098,9.997512
1755401602133,0.282353,-0.029312,9.753145
1755401602134,0.270389,-0.012562,9.932607
1755401602136,0.299103,-0.014955,9.820144
1755401602139,0.256032,-0.022134,9.812965
1755401602142,0.27996,-0.010169,9.913465
1755401602144,0.244068,0.004187,9.844072
1755401602146,0.27996,-0.012562,9.915857
1755401602149,0.244068,-0.017348,10.03819
1755401602151,0.260818,-0.022134,9.789038
1755401602153,0.265603,-0.024526,9.939785
1755401602156,0.251246,-0.022134,9.827323
1755401602159,0.253639,0.018544,9.784252
1755401602161,0.275175,-0.002991,9.944571
1755401602163,0.287139,-0.012562,9.872787
1755401602165,0.253639,-0.014955,9.896714
1755401602168,0.303888,0.008973,9.870394
1755401602170,0.272782,-0.024526,9.832108
1755401602173,0.289532,-0.041276,9.934999
1755401602175,0.294317,-0.024526,9.868001
1755401602178,0.275175,-0.022134,9.899107
1755401602181,0.251246,-0.034098,9.971191
1755401602183,0.27996,0.008973,9.712467
1755401602185,0.287139,-0.029312,9.889536
1755401602187,0.265603,-0.014955,9.767502
1755401602190,0.270389,-0.026919,9.980762
1755401602192,0.308674,-0.010169,9.987941
1755401602194,0.236889,-0.010169,9.820144
1755401602197,0.275175,-0.012562,9.868001
1755401602200,0.251246,-0.026919,9.865608
1755401602202,0.287139,-0.036491,9.829716
1755401602204,0.265603,0.004187,9.987941
1755401602206,0.275175,-0.024526,9.887143
1755401602208,0.256032,-0.038883,9.836894
1755401602211,0.301496,-0.046062,9.829716
1755401602214,0.289532,-0.019741,9.851251
1755401602216,0.258425,0.001795,9.846465
1755401602218,0.311067,-0.005384,9.858429
1755401602221,0.260818,-0.034098,9.959227
1755401602223,0.244068,-0.024526,9.844072
1755401602225,0.291924,-0.036491,9.966406
1755401602228,0.306281,0.020937,9.82493
1755401602231,0.253639,-0.000598,9.868001
1755401602233,0.299103,-0.026919,9.923036
1755401602235,0.301496,-0.038883,9.844072
1755401602237,0.265603,-0.017348,10.00469
1755401602240,0.299103,-0.029312,9.734002
1755401602242,0.277567,-0.060419,9.968799
1755401602245,0.29671,-0.019741,9.798609
1755401602248,0.303888,-0.058026,9.868001
1755401602251,0.27996,-0.038883,9.925428
1755401602252,0.272782,-0.012562,9.906285
1755401602254,0.291924,0.001795,9.82493
1755401602256,0.265603,-0.010169,9.930214
1755401602259,0.248854,-0.017348,9.949656
1755401602261,0.277567,-0.007777,9.798609
1755401602265,0.244068,-0.041276,9.899107
1755401602267,0.248854,0.016152,9.872787
1755401602268,0.244068,-0.010169,9.870394
1755401602271,0.308674,-0.034098,9.851251
1755401602273,0.248854,-0.017348,9.942178
1755401602275,0.299103,-0.002991,9.84168
1755401602278,0.265603,-0.031705,9.894321
1755401602282,0.263211,0.00658,9.879965
1755401602284,0.244068,-0.024526,9.870394
1755401602285,0.301496,-0.026919,9.88475
1755401602287,0.299103,-0.024526,9.865608
1755401602290,0.289532,-0.029312,9.882358
1755401602292,0.325424,-0.022134,9.875179
1755401602295,0.306281,-0.036491,9.899107
1755401602297,0.282353,-0.031705,9.839287
1755401602300,0.270389,-0.017348,9.877572
1755401602302,0.270389,-0.000598,9.877572
1755401602304,0.287139,-0.014955,9.894321
1755401602307,0.246461,-0.034098,9.896714
1755401602309,0.301496,-0.038883,9.879965
1755401602312,0.270389,0.001795,9.882358
1755401602314,0.303888,-0.019741,9.877572
1755401602316,0.311067,-0.014955,9.846465
1755401602319,0.258425,-0.031705,9.851251
1755401602322,0.287139,-0.017348,9.889536
1755401602323,0.291924,-0.010169,9.872787
1755401602326,0.287139,-0.029312,9.856036
1755401602329,0.265603,-0.007777,9.899107
1755401602331,0.27996,-0.010169,9.887143
1755401602334,0.308674,-0.014955,9.887143
1755401602336,0.284746,-0.012562,9.872787
1755401602338,0.260818,-0.007777,9.882358
1755401602341,0.270389,-0.026919,9.868001
1755401602343,0.258425,-0.026919,9.879965
1755401602345,0.291924,-0.029312,9.891929
1755401602347,0.267996,-0.026919,9.879965
1755401602350,0.284746,-0.026919,9.875179
1755401602354,0.301496,-0.038883,9.875179
1755401602355,0.248854,-0.034098,9.877572
1755401602357,0.256032,-0.029312,9.863214
1755401602359,0.232104,-0.046062,9.887143
1755401602363,0.282353,-0.065204,9.889536
1755401602364,0.299103,-0.017348,9.906285
1755401602367,0.284746,-0.019741,9.891929
1755401602369,0.308674,-0.017348,9.891929
1755401602371,0.27996,-0.012562,9.865608
1755401602374,0.260818,-0.017348,9.889536
1755401602376,0.277567,-0.007777,9.882358
1755401602379,0.27996,-0.019741,9.889536
1755401602381,0.256032,-0.022134,9.891929
1755401602384,0.222533,-0.002991,9.868001
1755401602387,0.287139,-0.034098,9.887143
1755401602389,0.263211,-0.046062,9.868001
1755401602390,0.253639,-0.029312,9.887143
1755401602393,0.282353,-0.026919,9.844072
1755401602396,0.258425,-0.026919,9.9015
1755401602398,0.263211,-0.005384,9.856036
1755401602401,0.272782,-0.022134,9.899107
1755401602403,0.246461,-0.005384,9.913465
1755401602405,0.291924,-0.024526,9.812965
1755401602407,0.270389,-0.041276,9.899107
1755401602410,0.308674,-0.048455,9.84168
1755401602412,0.27996,-0.038883,9.860822
1755401602415,0.27996,-0.019741,9.920643
1755401602418,0.260818,-0.005384,9.868001
1755401602420,0.258425,-0.046062,9.882358
1755401602422,0.27996,-0.048455,9.896714
1755401602424,0.294317,0.011366,9.868001
1755401602426,0.270389,0.008973,9.848858
1755401602429,0.275175,-0.048455,9.805787
1755401602432,0.294317,-0.062812,9.985548
1755401602435,0.260818,0.030508,9.949656
1755401602436,0.251246,0.049651,9.975977
1755401602438,0.241675,-0.041276,9.805787
1755401602441,0.258425,-0.081954,9.77468
1755401602444,0.275175,-0.022134,9.896714
1755401602446,0.260818,0.047258,9.980762
1755401602448,0.256032,-0.002991,9.875179
1755401602451,0.275175,-0.050847,9.860822
1755401602453,0.311067,-0.050847,9.829716
1755401602456,0.287139,0.04008,9.860822
1755401602458,0.284746,0.004187,9.879965
1755401602460,0.244068,-0.060419,9.858429
1755401602463,0.306281,-0.089133,9.88475
1755401602465,0.29671,0.02333,9.97837
1755401602467,0.289532,-0.012562,9.851251
1755401602470,0.258425,-0.084347,9.798609
1755401602472,0.303888,-0.093918,9.856036
1755401602475,0.311067,0.037687,9.985548
1755401602477,0.277567,0.016152,9.729217
1755401602479,0.311067,-0.074776,10.021441
1755401602481,0.294317,-0.046062,9.662218
1755401602485,0.260818,0.008973,9.968799
1755401602487,0.29671,-0.005384,9.772287
1755401602489,0.267996,-0.067597,10.016655
1755401602491,0.267996,-0.007777,9.851251
1755401602494,0.270389,0.025723,9.964012
1755401602496,0.246461,-0.036491,9.753145
1755401602498,0.294317,-0.058026,9.877572
1755401602501,0.265603,-0.005384,9.805787
1755401602505,0.294317,0.02333,9.952048
1755401602506,0.272782,-0.036491,9.853643
1755401602508,0.287139,-0.058026,9.856036
1755401602510,0.275175,0.049651,9.97837
1755401602513,0.265603,-0.007777,9.741181
1755401602515,0.284746,-0.038883,9.992726
1755401602518,0.289532,-0.043669,9.863214
1755401602520,0.260818,-0.005384,9.760324
1755401602522,0.301496,-0.010169,10.009477
1755401602525,0.325424,-0.014955,9.872787
1755401602527,0.253639,-0.031705,9.767502
1755401602529,0.277567,-0.024526,9.995119
1755401602532,0.291924,-0.031705,9.870394
1755401602535,0.251246,0.018544,9.829716
1755401602537,0.248854,-0.029312,9.908679
1755401602539,0.289532,-0.055633,9.879965
1755401602542,0.277567,-0.002991,9.908679
1755401602544,0.260818,0.00658,9.856036
1755401602546,0.303888,-0.038883,9.84168
1755401602549,0.303888,-0.024526,9.932607
1755401602551,0.265603,0.008973,9.846465
1755401602554,0.263211,-0.062812,9.832108
1755401602556,0.303888,-0.026919,9.961619
1755401602558,0.306281,-0.012562,9.853643
1755401602561,0.306281,-0.022134,9.84168
1755401602563,0.287139,-0.026919,9.879965
1755401602567,0.287139,0.004187,9.939785
1755401602568,0.284746,0.004187,9.88475
1755401602573,0.303888,-0.022134,9.863214
1755401602574,0.263211,-0.046062,9.88475
1755401602577,0.272782,-0.000598,9.856036
1755401602578,0.239282,0.02333,9.911072
1755401602580,0.27996,0.008973,9.863214
1755401602582,0.29671,-0.074776,9.851251
1755401602585,0.287139,-0.034098,9.88475
1755401602591,0.301496,-0.000598,9.899107
1755401602593,0.29671,0.028116,9.891929
1755401602593,0.263211,-0.012562,9.844072
1755401602594,0.267996,-0.060419,9.80818
1755401602597,0.248854,-0.014955,9.896714
1755401602599,0.251246,0.018544,9.88475
1755401602602,0.267996,-0.024526,9.798609
1755401602605,0.311067,-0.06999,9.932607
1755401602607,0.263211,-0.022134,9.860822
1755401602608,0.270389,-0.036491,9.877572
1755401602611,0.258425,-0.019741,9.959227
1755401602613,0.308674,-0.043669,9.913465
1755401602616,0.236889,-0.022134,9.781859
1755401602618,0.308674,-0.022134,9.815358
1755401602621,0.277567,0.008973,9.915857
1755401602624,0.195912,0.001795,9.734002
1755401602625,0.308674,-0.014955,9.934999
1755401602628,0.318245,-0.036491,9.959227
1755401602630,0.227318,-0.010169,9.927821
1755401602632,0.270389,0.011366,9.942178
1755401602635,0.311067,-0.029312,9.827323
1755401602639,0.282353,-0.019741,9.84168
1755401602640,0.284746,-0.041276,10.00469
1755401602642,0.267996,-0.017348,9.903893
1755401602645,0.258425,-0.002991,9.839287
1755401602648,0.275175,-0.005384,9.832108
1755401602649,0.294317,-0.007777,9.848858
1755401602652,0.248854,-0.034098,9.877572
1755401602654,0.284746,-0.031705,9.877572
1755401602657,0.239282,-0.012562,9.870394
1755401602659,0.270389,-0.012562,9.858429
1755401602662,0.284746,-0.065204,9.870394
1755401602664,0.27996,-0.019741,9.879965
1755401602666,0.27996,0.030508,9.961619
1755401602668,0.284746,0.032901,9.875179
1755401602671,0.289532,-0.005384,9.877572
1755401602673,0.282353,-0.034098,9.908679
1755401602676,0.275175,-0.036491,9.844072
1755401602678,0.294317,-0.017348,9.822537
1755401602681,0.263211,-0.007777,9.853643
1755401602683,0.241675,0.004187,9.932607
1755401602685,0.260818,-0.014955,9.887143
1755401602688,0.251246,-0.017348,9.88475
1755401602691,0.282353,-0.007777,9.877572
1755401602693,0.258425,-0.043669,9.879965
1755401602695,0.263211,-0.005384,9.911072
1755401602697,0.27996,0.011366,9.872787
1755401602700,0.291924,-0.010169,9.853643
1755401602702,0.294317,-0.022134,9.872787
1755401602704,0.260818,-0.000598,9.882358
1755401602707,0.267996,-0.002991,9.889536
1755401602710,0.27996,-0.041276,9.896714
1755401602712,0.299103,-0.007777,9.903893
1755401602714,0.260818,-0.029312,9.851251
1755401602716,0.27996,-0.022134,9.9015
1755401602719,0.294317,-0.002991,9.887143
1755401602721,0.253639,-0.024526,9.894321
1755401602724,0.267996,-0.012562,9.875179
1755401602727,0.272782,-0.022134,9.903893
1755401602729,0.284746,0.001795,9.906285
1755401602731,0.282353,-0.014955,9.894321
1755401602733,0.275175,-0.007777,9.877572
1755401602736,0.287139,-0.002991,9.882358
1755401602739,0.258425,-0.017348,9.891929
1755401602742,0.256032,-0.031705,9.896714
1755401602744,0.244068,-0.041276,9.88475
1755401602745,0.272782,-0.019741,9.836894
1755401602748,0.308674,-0.000598,9.903893
1755401602750,0.275175,0.008973,9.863214
1755401602752,0.27996,0.001795,9.88475
1755401602755,0.306281,0.00658,9.894321
1755401602759,0.267996,-0.010169,9.899107
1755401602760,0.27996,-0.007777,9.913465
1755401602762,0.263211,-0.022134,9.908679
1755401602765,0.275175,-0.036491,9.832108
1755401602767,0.267996,0.016152,9.894321
1755401602771,0.275175,0.013759,10.014262
1755401602772,0.282353,-0.046062,9.781859
1755401602776,0.306281,-0.012562,9.80818
1755401602777,0.308674,-0.022134,9.891929
1755401602779,0.289532,-0.010169,9.942178
1755401602781,0.270389,0.016152,9.856036
1755401602784,0.275175,-0.014955,9.923036
1755401602786,0.27996,-0.055633,9.860822
1755401602788,0.272782,-0.036491,9.872787
1755401602792,0.287139,-0.010169,9.9015
1755401602794,0.301496,-0.002991,9.844072
1755401602796,0.256032,-0.010169,9.875179
1755401602798,0.291924,-0.022134,9.851251
1755401602800,0.272782,-0.017348,9.88475
1755401602803,0.270389,-0.017348,9.894321
1755401602805,0.282353,-0.022134,9.872787
1755401602809,0.287139,-0.050847,9.853643
1755401602811,0.284746,-0.024526,9.877572
1755401602813,0.282353,-0.007777,9.915857
1755401602815,0.27996,-0.000598,9.882358
1755401602817,0.258425,-0.014955,9.868001
1755401602820,0.299103,-0.022134,9.899107
1755401602822,0.277567,0.025723,9.899107
1755401602824,0.284746,0.004187,9.882358
1755401602827,0.282353,0.00658,9.894321
1755401602830,0.299103,-0.002991,9.88475
1755401602832,0.294317,-0.000598,9.9015
1755401602834,0.272782,0.004187,9.863214
1755401602836,0.287139,-0.022134,9.88475
1755401602839,0.263211,-0.012562,9.899107
1755401602843,0.263211,-0.012562,9.891929
1755401602844,0.256032,-0.017348,9.891929
1755401602846,0.320638,-0.026919,9.889536
1755401602849,0.282353,-0.062812,9.77468
1755401602851,0.289532,0.035294,9.961619
1755401602853,0.267996,-0.017348,9.755538
1755401602856,0.27996,-0.031705,10.031012
1755401602858,0.260818,-0.012562,9.872787
1755401602862,0.263211,-0.019741,9.762716
1755401602863,0.265603,-0.038883,9.942178
1755401602865,0.303888,-0.05324,9.724431
1755401602867,0.294317,-0.031705,9.925428
1755401602870,0.303888,-0.012562,10.011869
1755401602872,0.277567,-0.034098,9.949656
1755401602875,0.246461,-0.017348,9.695718
1755401602878,0.248854,0.001795,9.934999
1755401602880,0.265603,-0.029312,9.899107
1755401602882,0.299103,-0.012562,9.923036
1755401602884,0.315853,-0.029312,9.91825
1755401602887,0.299103,-0.036491,9.695718
1755401602889,0.284746,-0.036491,9.767502
1755401602892,0.308674,-0.005384,10.057333
1755401602894,0.256032,-0.017348,9.846465
1755401602897,0.265603,-0.012562,9.789038
1755401602899,0.267996,-0.014955,9.964012
1755401602901,0.287139,-0.048455,9.932607
1755401602904,0.294317,-0.029312,9.803394
1755401602906,0.260818,-0.029312,9.827323
1755401602908,0.267996,-0.019741,9.968799
1755401602912,0.263211,-0.034098,9.879965
1755401602913,0.272782,0.013759,9.839287
1755401602916,0.267996,0.018544,9.930214
1755401602918,0.265603,-0.026919,9.966406
1755401602920,0.265603,-0.026919,9.798609
1755401602923,0.263211,-0.022134,9.786645
1755401602925,0.284746,0.016152,9.987941
1755401602929,0.267996,0.008973,9.875179
1755401602930,0.232104,-0.017348,9.784252
1755401602933,0.267996,-0.007777,9.944571
1755401602935,0.284746,-0.034098,9.932607
1755401602937,0.289532,-0.002991,9.77468
1755401602939,0.289532,-0.010169,9.985548
1755401602945,0.308674,0.020937,9.882358
1755401602947,0.246461,-0.005384,9.836894
1755401602948,0.289532,0.013759,9.887143
1755401602949,0.284746,-0.034098,9.891929
1755401602951,0.256032,-0.046062,9.793823
1755401602954,0.301496,-0.014955,9.923036
1755401602956,0.29671,0.011366,9.934999
1755401602958,0.294317,-0.002991,9.812965
1755401602963,0.277567,-0.022134,9.925428
1755401602964,0.263211,-0.055633,9.863214
1755401602966,0.270389,-0.046062,9.743574
1755401602968,0.29671,-0.014955,10.00469
1755401602971,0.294317,-0.012562,9.865608
1755401602973,0.303888,-0.012562,9.848858
1755401602975,0.289532,-0.022134,9.968799
1755401602978,0.287139,-0.031705,9.812965
1755401602981,0.265603,-0.034098,9.803394
1755401602983,0.27996,-0.026919,9.980762
1755401602985,0.267996,0.008973,9.863214
1755401602987,0.277567,-0.005384,9.887143
1755401602990,0.27996,-0.058026,9.891929
1755401602992,0.267996,-0.05324,9.793823
1755401602997,0.275175,-0.041276,9.903893
1755401602998,0.272782,0.013759,9.903893
1755401603000,0.284746,0.016152,9.891929
1755401603002,0.256032,-0.034098,9.827323
1755401603004,0.303888,-0.046062,9.858429
1755401603007,0.29671,-0.012562,9.887143
1755401603009,0.294317,-0.005384,9.932607
1755401603011,0.291924,0.00658,9.832108
1755401603014,0.236889,-0.019741,9.894321
1755401603016,0.248854,-0.05324,9.879965
1755401603018,0.287139,-0.046062,9.853643
1755401603021,0.284746,-0.019741,9.856036
1755401603023,0.282353,-0.019741,9.889536
1755401603025,0.282353,0.008973,9.911072
1755401603028,0.272782,0.001795,9.891929
1755401603031,0.263211,-0.014955,9.860822
1755401603033,0.241675,-0.043669,9.856036
1755401603035,0.29671,-0.031705,9.851251
1755401603037,0.29671,0.008973,9.88475
1755401603040,0.27996,-0.000598,9.848858
1755401603042,0.256032,-0.019741,9.868001
1755401603045,0.27996,-0.036491,9.872787
1755401603048,0.260818,-0.017348,9.88475
1755401603050,0.260818,-0.024526,9.9015
1755401603052,0.27996,-0.005384,9.84168
1755401603055,0.251246,0.001795,9.906285
1755401603057,0.27996,-0.043669,9.927821
1755401603059,0.315853,-0.046062,9.952048
1755401603061,0.294317,-0.005384,9.920643
1755401603065,0.248854,-0.002991,9.820144
1755401603067,0.260818,-0.029312,9.870394
1755401603069,0.251246,-0.000598,9.872787
1755401603071,0.287139,-0.002991,9.896714
1755401603074,0.253639,-0.010169,9.872787
1755401603076,0.301496,-0.024526,9.863214
1755401603078,0.284746,-0.005384,9.863214
1755401603081,0.275175,-0.014955,9.927821
1755401603083,0.270389,0.001795,9.896714
1755401603085,0.260818,-0.014955,9.913465
1755401603088,0.287139,-0.046062,9.875179
1755401603090,0.287139,-0.043669,9.834501
1755401603093,0.267996,-0.024526,9.865608
1755401603095,0.246461,-0.014955,9.865608
1755401603100,0.265603,-0.019741,9.952048
1755401603102,0.282353,-0.010169,9.899107
1755401603104,0.27996,-0.005384,9.923036
1755401603105,0.275175,-0.036491,9.875179
1755401603107,0.272782,-0.010169,9.836894
1755401603111,0.275175,-0.029312,9.822537
1755401603112,0.260818,0.004187,9.846465
1755401603115,0.275175,0.001795,9.942178
1755401603117,0.263211,0.028116,9.887143
1755401603119,0.263211,0.018544,9.939785
1755401603121,0.284746,-0.026919,9.911072
1755401603124,0.256032,-0.041276,9.846465
1755401603126,0.270389,-0.05324,9.834501
1755401603129,0.212961,-0.002991,9.894321
1755401603132,0.244068,-0.005384,9.932607
1755401603134,0.270389,0.04008,9.879965
1755401603136,0.263211,-0.014955,9.954441
1755401603138,0.232104,0.016152,9.908679
1755401603140,0.270389,-0.024526,9.84168
1755401603143,0.287139,-0.024526,9.834501
1755401603145,0.275175,-0.024526,9.827323
1755401603149,0.282353,-0.024526,9.860822
1755401603151,0.267996,-0.002991,9.868001
1755401603153,0.277567,0.004187,9.97837
1755401603155,0.27996,0.011366,9.889536
1755401603157,0.275175,-0.007777,9.882358
1755401603160,0.277567,-0.038883,9.91825
1755401603162,0.244068,-0.050847,9.810573
1755401603166,0.284746,-0.034098,9.834501
1755401603167,0.284746,-0.024526,9.88475
1755401603169,0.275175,-0.005384,9.937392
1755401603172,0.241675,-0.002991,9.853643
1755401603174,0.244068,0.011366,9.947263
1755401603177,0.275175,0.008973,9.920643
1755401603179,0.263211,-0.024526,9.858429
1755401603181,0.275175,-0.043669,9.844072
1755401603184,0.265603,-0.041276,9.836894
1755401603186,0.287139,-0.017348,9.925428
1755401603189,0.260818,0.00658,9.865608
1755401603191,0.277567,0.030508,9.920643
1755401603193,0.263211,-0.007777,9.896714
1755401603195,0.263211,-0.024526,9.836894
1755401603198,0.282353,-0.062812,9.817751
1755401603201,0.284746,-0.038883,9.887143
1755401603203,0.263211,0.00658,9.934999
1755401603205,0.291924,-0.019741,9.851251
1755401603208,0.265603,-0.005384,9.896714
1755401603210,0.272782,-0.024526,9.913465
1755401603212,0.289532,-0.010169,9.851251
1755401603215,0.260818,-0.014955,9.848858
1755401603218,0.289532,-0.019741,9.875179
1755401603220,0.27996,-0.029312,9.877572
1755401603223,0.265603,-0.007777,9.844072
1755401603224,0.284746,-0.019741,9.879965
1755401603227,0.272782,-0.043669,9.927821
1755401603229,0.244068,-0.06999,9.822537
1755401603231,0.272782,-0.036491,9.810573
1755401603234,0.289532,-0.031705,9.872787
1755401603236,0.265603,0.028116,9.975977
1755401603239,0.275175,-0.000598,9.812965
1755401603241,0.272782,-0.022134,9.937392
1755401603244,0.291924,-0.031705,10.002297
1755401603246,0.27996,-0.038883,9.626326
1755401603251,0.277567,-0.012562,9.923036
1755401603252,0.270389,-0.002991,10.095618
1755401603253,0.270389,-0.012562,9.765109
1755401603255,0.275175,-0.002991,9.803394
1755401603259,0.256032,-0.014955,9.952048
1755401603260,0.303888,-0.031705,9.971191
1755401603263,0.258425,-0.029312,9.734002
1755401603265,0.267996,-0.019741,9.722038
1755401603268,0.289532,0.001795,10.040583
1755401603270,0.263211,-0.019741,9.868001
1755401603272,0.265603,-0.031705,9.738789
1755401603275,0.263211,-0.029312,9.91825
1755401603277,0.284746,-0.038883,10.016655
1755401603279,0.294317,-0.022134,9.690931
1755401603282,0.294317,0.00658,9.968799
1755401603285,0.272782,-0.010169,9.934999
1755401603287,0.248854,-0.000598,9.79143
1755401603289,0.258425,-0.017348,9.889536
1755401603291,0.256032,-0.043669,9.889536
1755401603294,0.236889,-0.038883,9.743574
1755401603296,0.287139,-0.000598,9.925428
1755401603299,0.244068,-0.019741,9.927821
1755401603303,0.260818,-0.007777,9.781859
1755401603305,0.244068,-0.022134,9.956834
1755401603307,0.27996,-0.050847,9.896714
1755401603309,0.270389,-0.043669,9.836894
1755401603311,0.253639,0.008973,10.023833
1755401603313,0.256032,-0.000598,9.822537
1755401603315,0.27996,-0.002991,9.887143
1755401603320,0.263211,-0.010169,9.875179
1755401603321,0.253639,-0.022134,9.860822
1755401603323,0.224925,-0.012562,9.860822
1755401603325,0.246461,-0.010169,9.877572
1755401603327,0.287139,0.001795,9.947263
1755401603330,0.277567,-0.024526,9.853643
1755401603332,0.253639,-0.017348,9.88475
1755401603336,0.291924,-0.012562,9.896714
1755401603338,0.277567,-0.017348,9.844072
1755401603341,0.258425,-0.026919,9.863214
1755401603342,0.263211,-0.036491,9.889536
1755401603344,0.234497,-0.014955,9.934999
1755401603346,0.27996,-0.024526,9.870394
1755401603349,0.234497,-0.043669,9.9015
1755401603353,0.272782,-0.019741,9.863214
1755401603354,0.253639,-0.010169,9.856036
1755401603356,0.27996,-0.026919,9.877572
1755401603358,0.287139,0.00658,9.856036
1755401603361,0.289532,-0.010169,9.88475
1755401603363,0.265603,0.008973,9.863214
1755401603366,0.256032,-0.038883,9.879965
1755401603370,0.265603,-0.017348,9.860822
1755401603371,0.277567,-0.029312,9.872787
1755401603373,0.272782,-0.038883,9.899107
1755401603375,0.272782,-0.036491,9.846465
1755401603378,0.265603,-0.000598,9.887143
1755401603380,0.272782,0.001795,9.865608
1755401603383,0.272782,-0.000598,9.899107
1755401603385,0.260818,-0.019741,9.887143
1755401603388,0.277567,-0.026919,9.877572
1755401603390,0.265603,-0.012562,9.851251
1755401603392,0.318245,0.030508,9.832108
1755401603394,0.263211,0.011366,9.925428
1755401603397,0.270389,-0.002991,9.832108
1755401603399,0.29671,-0.012562,9.887143
1755401603402,0.294317,-0.002991,9.875179
1755401603404,0.253639,0.004187,9.887143
1755401603406,0.265603,-0.010169,9.88475
1755401603409,0.291924,-0.026919,9.872787
1755401603411,0.277567,-0.034098,9.88475
1755401603414,0.270389,-0.010169,9.894321
1755401603416,0.272782,0.016152,9.9015
1755401603419,0.303888,-0.017348,9.903893
1755401603422,0.256032,-0.026919,9.817751
1755401603424,0.287139,-0.031705,9.863214
1755401603426,0.289532,0.018544,9.942178
1755401603428,0.27996,0.001795,9.834501
1755401603431,0.272782,-0.002991,9.827323
1755401603433,0.275175,-0.014955,10.00469
1755401603435,0.301496,-0.002991,9.891929
1755401603439,0.256032,-0.007777,9.793823
1755401603440,0.272782,-0.010169,9.88475
1755401603443,0.263211,-0.022134,9.944571
1755401603445,0.265603,-0.024526,9.820144
1755401603447,0.282353,-0.005384,9.829716
1755401603450,0.263211,-0.002991,9.975977
1755401603452,0.272782,0.008973,9.911072
1755401603455,0.265603,-0.017348,9.832108
1755401603459,0.267996,-0.034098,9.887143
1755401603460,0.215354,-0.010169,9.858429
1755401603462,0.256032,0.001795,9.947263
1755401603464,0.287139,0.018544,9.805787
1755401603466,0.267996,-0.017348,9.954441
1755401603469,0.287139,-0.012562,9.899107
1755401603472,0.258425,-0.034098,9.80818
1755401603474,0.287139,-0.000598,9.91825
1755401603476,0.275175,0.02333,9.959227
1755401603478,0.256032,0.011366,9.84168
1755401603481,0.244068,-0.050847,9.863214
1755401603483,0.299103,-0.048455,9.856036
1755401603486,0.334995,0.004187,9.877572
1755401603489,0.277567,0.001795,9.875179
1755401603491,0.253639,-0.002991,9.858429
1755401603493,0.267996,-0.019741,9.875179
1755401603495,0.282353,-0.007777,9.863214
1755401603497,0.253639,-0.002991,9.894321
1755401603500,0.253639,-0.017348,9.851251
1755401603503,0.294317,-0.026919,9.891929
1755401603506,0.248854,-0.022134,9.863214
1755401603508,0.294317,0.016152,9.875179
1755401603510,0.275175,-0.024526,9.875179
1755401603512,0.258425,-0.036491,9.889536
1755401603514,0.253639,-0.024526,9.88475
1755401603517,0.246461,-0.034098,9.88475
1755401603520,0.277567,-0.036491,9.865608
1755401603523,0.282353,-0.031705,9.887143
1755401603525,0.291924,-0.019741,9.894321
1755401603527,0.267996,-0.012562,9.899107
1755401603529,0.267996,-0.022134,9.887143
1755401603531,0.234497,-0.034098,9.889536
1755401603533,0.258425,-0.026919,9.877572
1755401603536,0.272782,-0.043669,9.868001
1755401603541,0.265603,-0.014955,9.887143
1755401603543,0.248854,-0.014955,9.877572
1755401603544,0.253639,-0.019741,9.88475
1755401603546,0.277567,-0.026919,9.879965
1755401603548,0.299103,-0.029312,9.872787
1755401603550,0.29671,-0.022134,9.877572
1755401603553,0.275175,-0.017348,9.872787
1755401603557,0.267996,-0.005384,9.88475
1755401603558,0.253639,0.00658,9.879965
1755401603560,0.270389,-0.022134,9.875179
1755401603562,0.270389,-0.000598,9.882358
1755401603565,0.270389,-0.010169,9.868001
1755401603567,0.27996,-0.002991,9.887143
1755401603569,0.308674,-0.022134,9.889536
1755401603572,0.282353,-0.022134,9.899107
1755401603574,0.291924,-0.017348,9.879965
1755401603578,0.272782,-0.019741,9.889536
1755401603579,0.265603,-0.034098,9.875179
1755401603581,0.284746,0.004187,9.882358
1755401603584,0.27996,-0.050847,9.863214
1755401603586,0.282353,-0.017348,9.887143
1755401603588,0.258425,-0.041276,9.889536
1755401603591,0.263211,-0.005384,9.863214
1755401603593,0.294317,-0.000598,9.879965
1755401603596,0.277567,-0.038883,9.894321
1755401603598,0.282353,-0.002991,9.903893
1755401603600,0.282353,0.011366,9.877572
1755401603603,0.282353,-0.038883,9.879965
1755401603605,0.244068,-0.007777,9.887143
1755401603608,0.284746,0.00658,9.889536
1755401603610,0.270389,0.001795,9.872787
1755401603613,0.265603,-0.012562,9.868001
1755401603615,0.27996,0.001795,9.870394
1755401603617,0.265603,-0.029312,9.882358
1755401603620,0.282353,-0.019741,9.889536
1755401603622,0.289532,-0.017348,9.906285
1755401603625,0.253639,-0.012562,9.879965
1755401603627,0.282353,0.00658,9.875179
1755401603629,0.294317,-0.007777,9.877572
1755401603632,0.263211,-0.041276,9.875179
1755401603634,0.284746,-0.026919,9.865608
1755401603637,0.258425,-0.000598,9.877572
1755401603639,0.282353,-0.038883,9.872787
1755401603642,0.287139,-0.007777,9.889536
1755401603644,0.263211,-0.022134,9.879965
1755401603646,0.282353,-0.007777,9.88475
1755401603648,0.256032,-0.014955,9.887143
1755401603651,0.27996,-0.019741,9.875179
1755401603653,0.258425,-0.000598,9.863214
1755401603656,0.267996,-0.014955,9.889536
1755401603659,0.263211,-0.043669,9.879965
1755401603662,0.287139,-0.034098,9.877572
1755401603664,0.299103,-0.012562,9.879965
1755401603666,0.277567,-0.012562,9.88475
1755401603667,0.287139,0.00658,9.879965
1755401603670,0.289532,-0.036491,9.896714
1755401603672,0.27996,-0.014955,9.875179
1755401603676,0.29671,-0.010169,9.877572
1755401603678,0.265603,-0.036491,9.896714
1755401603680,0.275175,-0.031705,9.863214
1755401603682,0.301496,-0.034098,9.879965
1755401603684,0.291924,-0.031705,9.882358
1755401603687,0.308674,-0.014955,9.856036
1755401603689,0.270389,-0.014955,9.882358
1755401603693,0.282353,-0.000598,9.879965
1755401603695,0.291924,-0.031705,9.872787
1755401603697,0.294317,-0.010169,9.877572
1755401603699,0.311067,-0.031705,9.875179
1755401603701,0.263211,-0.012562,9.882358
1755401603704,0.272782,-0.002991,9.889536
1755401603706,0.289532,-0.014955,9.875179
1755401603708,0.234497,-0.002991,9.894321
1755401603712,0.270389,-0.036491,9.887143
1755401603714,0.287139,-0.007777,9.896714
1755401603715,0.256032,-0.005384,9.865608
1755401603718,0.284746,-0.017348,9.875179
1755401603720,0.291924,-0.007777,9.911072
1755401603723,0.265603,-0.022134,9.891929
1755401603725,0.282353,-0.019741,9.891929
1755401603727,0.277567,-0.014955,9.879965
1755401603730,0.282353,-0.010169,9.865608
1755401603732,0.275175,-0.014955,9.896714
1755401603735,0.27996,-0.019741,9.896714
1755401603737,0.282353,-0.034098,9.872787
1755401603739,0.263211,-0.019741,9.891929
1755401603744,0.272782,-0.048455,9.896714
1755401603745,0.282353,-0.002991,9.879965
1755401603747,0.294317,-0.031705,9.863214
1755401603749,0.284746,-0.031705,9.88475
1755401603751,0.275175,-0.031705,9.877572
1755401603754,0.265603,0.004187,9.872787
1755401603756,0.29671,-0.002991,9.877572
1755401603759,0.256032,-0.005384,9.887143
1755401603762,0.251246,-0.005384,9.889536
1755401603763,0.287139,-0.002991,9.88475
1755401603766,0.239282,-0.034098,9.88475
1755401603768,0.248854,-0.043669,9.88475
1755401603771,0.27996,-0.022134,9.903893
1755401603773,0.272782,-0.007777,9.896714
1755401603775,0.299103,0.001795,9.899107
1755401603778,0.284746,-0.000598,9.903893
1755401603781,0.303888,-0.002991,9.848858
1755401603783,0.29671,-0.024526,9.875179
1755401603785,0.267996,-0.026919,9.858429
1755401603790,0.251246,-0.019741,9.868001
1755401603791,0.287139,0.001795,9.875179
1755401603793,0.284746,-0.022134,9.851251
1755401603795,0.277567,-0.031705,9.860822
1755401603797,0.248854,-0.026919,9.88475
1755401603799,0.282353,-0.036491,9.896714
1755401603802,0.311067,-0.034098,9.88475
1755401603804,0.29671,-0.026919,9.877572
1755401603807,0.277567,0.004187,9.860822
1755401603809,0.27996,0.001795,9.887143
1755401603812,0.303888,-0.002991,9.894321
1755401603815,0.287139,-0.010169,9.889536
1755401603816,0.270389,0.004187,9.877572
1755401603818,0.306281,-0.005384,9.877572
1755401603821,0.263211,-0.024526,9.894321
1755401603823,0.265603,-0.019741,9.877572
1755401603826,0.248854,-0.026919,9.872787
1755401603829,0.258425,-0.024526,9.882358
1755401603831,0.277567,-0.000598,9.868001
1755401603833,0.291924,-0.005384,9.860822
1755401603835,0.277567,-0.017348,9.875179
1755401603838,0.294317,-0.022134,9.88475
1755401603840,0.263211,-0.019741,9.88475
1755401603842,0.256032,-0.022134,9.911072
1755401603846,0.258425,-0.014955,9.889536
1755401603848,0.258425,-0.029312,9.899107
1755401603850,0.265603,-0.029312,9.875179
1755401603852,0.303888,-0.029312,9.875179
1755401603854,0.29671,-0.029312,9.877572
1755401603857,0.301496,-0.002991,9.879965
1755401603859,0.282353,-0.014955,9.865608
1755401603863,0.265603,0.00658,9.860822
1755401603865,0.284746,-0.002991,9.872787
1755401603867,0.277567,0.00658,9.877572
1755401603869,0.277567,-0.007777,9.846465
1755401603871,0.265603,-0.026919,9.868001
1755401603874,0.282353,-0.041276,9.894321
1755401603876,0.31346,-0.019741,9.882358
1755401603878,0.282353,-0.005384,9.879965
1755401603881,0.284746,-0.000598,9.870394
1755401603883,0.270389,-0.022134,9.863214
1755401603886,0.299103,-0.019741,9.88475
1755401603888,0.27996,-0.010169,9.891929
1755401603890,0.289532,-0.014955,9.889536
1755401603893,0.287139,0.001795,9.899107
1755401603895,0.258425,-0.010169,9.872787
1755401603898,0.251246,-0.019741,9.882358
1755401603900,0.284746,-0.029312,9.875179
1755401603902,0.263211,-0.034098,9.894321
1755401603905,0.270389,-0.017348,9.891929
1755401603907,0.263211,-0.017348,9.875179
1755401603910,0.275175,-0.014955,9.894321
1755401603912,0.284746,-0.010169,9.879965
1755401603915,0.277567,-0.043669,9.868001
1755401603917,0.284746,0.001795,9.88475
1755401603920,0.301496,-0.017348,9.894321
1755401603922,0.287139,-0.010169,9.891929
1755401603924,0.253639,0.013759,9.868001
1755401603926,0.265603,-0.017348,9.882358
1755401603929,0.277567,-0.012562,9.868001
1755401603931,0.306281,0.004187,9.865608
1755401603933,0.282353,-0.019741,9.865608
1755401603936,0.299103,-0.014955,9.863214
1755401603938,0.267996,-0.019741,9.889536
1755401603941,0.270389,-0.022134,9.875179
1755401603943,0.277567,-0.012562,9.877572
1755401603945,0.260818,0.011366,9.879965
1755401603948,0.270389,-0.012562,9.9015
1755401603951,0.253639,-0.007777,9.877572
1755401603953,0.272782,0.004187,9.9015
1755401603955,0.248854,-0.002991,9.88475
1755401603958,0.267996,-0.010169,9.894321
1755401603960,0.272782,-0.014955,9.88475
1755401603962,0.265603,-0.017348,9.896714
1755401603965,0.263211,-0.036491,9.899107
1755401603970,0.301496,-0.024526,9.891929
1755401603972,0.294317,-0.010169,9.875179
1755401603973,0.299103,-0.012562,9.882358
1755401603975,0.260818,-0.012562,9.915857
1755401603977,0.315853,-0.012562,9.870394
1755401603979,0.303888,0.008973,9.879965
1755401603982,0.291924,-0.007777,9.908679
1755401603984,0.27996,-0.036491,9.9015
1755401603986,0.265603,-0.026919,9.882358
1755401603989,0.289532,-0.007777,9.88475
1755401603991,0.272782,-0.026919,9.887143
1755401603993,0.272782,-0.014955,9.868001
1755401603996,0.270389,0.011366,9.868001
1755401603999,0.27996,-0.048455,9.882358
1755401604002,0.29671,-0.048455,9.872787
1755401604003,0.291924,-0.024526,9.879965
1755401604006,0.306281,-0.007777,9.899107
1755401604008,0.270389,-0.005384,9.899107
1755401604010,0.287139,-0.017348,9.877572
1755401604013,0.248854,-0.038883,9.891929
1755401604016,0.256032,-0.031705,9.887143
1755401604018,0.291924,-0.005384,9.894321
1755401604020,0.287139,-0.022134,9.882358
1755401604023,0.248854,-0.019741,9.872787
1755401604024,0.284746,-0.005384,9.865608
1755401604027,0.308674,-0.012562,9.868001
1755401604029,0.277567,-0.005384,9.899107
1755401604033,0.239282,-0.022134,9.889536
1755401604036,0.260818,-0.014955,9.851251
1755401604037,0.306281,-0.012562,9.877572
1755401604039,0.256032,-0.000598,9.877572
1755401604042,0.256032,-0.000598,9.896714
1755401604044,0.260818,-0.010169,9.887143
1755401604046,0.263211,-0.026919,9.891929
1755401604049,0.315853,-0.024526,9.891929
1755401604051,0.303888,-0.007777,9.9015
1755401604053,0.306281,-0.022134,9.870394
1755401604056,0.282353,0.011366,9.882358
1755401604058,0.282353,-0.000598,9.872787
1755401604061,0.282353,-0.041276,9.870394
1755401604063,0.272782,-0.017348,9.889536
1755401604065,0.272782,-0.002991,9.877572
1755401604069,0.299103,-0.007777,9.868001
1755401604070,0.29671,-0.029312,9.865608
1755401604074,0.306281,-0.005384,9.879965
1755401604075,0.299103,-0.022134,9.877572
1755401604077,0.287139,-0.026919,9.870394
1755401604080,0.258425,-0.034098,9.896714
1755401604082,0.246461,-0.014955,9.877572
1755401604085,0.248854,-0.022134,9.887143
1755401604087,0.246461,-0.012562,9.872787
1755401604090,0.270389,-0.005384,9.863214
1755401604092,0.272782,-0.014955,9.891929
1755401604094,0.282353,-0.026919,9.882358
1755401604096,0.272782,-0.026919,9.853643
1755401604099,0.29671,-0.031705,9.877572
1755401604102,0.27996,-0.007777,9.891929
1755401604104,0.277567,-0.019741,9.887143
1755401604106,0.256032,-0.012562,9.891929
1755401604108,0.282353,-0.005384,9.891929
1755401604111,0.294317,-0.002991,9.887143
1755401604114,0.270389,0.004187,9.894321
1755401604116,0.277567,-0.005384,9.870394
1755401604119,0.263211,-0.007777,9.875179
1755401604121,0.289532,0.011366,9.88475
1755401604123,0.277567,-0.007777,9.877572
1755401604125,0.267996,-0.012562,9.887143
1755401604128,0.301496,-0.014955,9.877572
1755401604130,0.320638,-0.014955,9.887143
1755401604132,0.299103,-0.014955,9.865608
1755401604135,0.275175,-0.024526,9.887143
1755401604138,0.236889,-0.012562,9.882358
1755401604140,0.27996,-0.038883,9.868001
1755401604142,0.308674,-0.002991,9.875179
1755401604144,0.265603,-0.024526,9.887143
1755401604147,0.291924,-0.041276,9.875179
1755401604149,0.29671,-0.026919,9.896714
1755401604152,0.275175,-0.002991,9.88475
1755401604154,0.284746,-0.007777,9.860822
1755401604157,0.301496,-0.017348,9.889536
1755401604159,0.315853,-0.034098,9.88475
1755401604161,0.299103,-0.012562,9.872787
1755401604164,0.272782,-0.026919,9.882358
1755401604166,0.277567,-0.031705,9.877572
1755401604169,0.303888,-0.036491,9.879965
1755401604171,0.291924,-0.029312,9.879965
1755401604173,0.299103,-0.022134,9.882358
1755401604175,0.256032,-0.010169,9.88475
1755401604178,0.311067,-0.014955,9.887143
1755401604180,0.282353,0.008973,9.882358
1755401604183,0.311067,-0.000598,9.860822
1755401604186,0.275175,0.008973,9.891929
1755401604188,0.251246,-0.041276,9.870394
1755401604190,0.277567,-0.007777,9.882358
1755401604192,0.275175,0.011366,9.877572
1755401604195,0.29671,-0.026919,9.879965
1755401604197,0.260818,-0.010169,9.877572
1755401604200,0.270389,-0.012562,9.879965
1755401604203,0.294317,-0.000598,9.870394
1755401604205,0.272782,-0.031705,9.894321
1755401604207,0.311067,-0.026919,9.891929
1755401604209,0.277567,-0.012562,9.870394
1755401604211,0.275175,-0.022134,9.875179
1755401604214,0.256032,0.001795,9.877572
1755401604216,0.282353,-0.005384,9.887143
1755401604219,0.27996,0.011366,9.872787
1755401604221,0.265603,-0.034098,9.88475
1755401604224,0.260818,-0.060419,9.882358
1755401604226,0.263211,-0.043669,9.875179
1755401604228,0.270389,-0.031705,9.870394
1755401604231,0.256032,-0.029312,9.88475
1755401604233,0.284746,-0.026919,9.882358
1755401604237,0.253639,0.00658,9.891929
1755401604239,0.253639,-0.026919,9.9015
1755401604241,0.256032,-0.022134,9.872787
1755401604243,0.239282,-0.031705,9.88475
1755401604245,0.253639,-0.019741,9.870394
1755401604247,0.244068,-0.019741,9.877572
1755401604250,0.282353,-0.029312,9.903893
1755401604252,0.282353,0.02333,9.91825
1755401604255,0.265603,-0.010169,9.784252
1755401604259,0.227318,-0.074776,9.887143
1755401604260,0.31346,0.02333,9.947263
1755401604262,0.272782,0.018544,9.836894
1755401604264,0.294317,-0.079561,9.839287
1755401604267,0.315853,0.04008,9.911072
1755401604269,0.241675,-0.026919,9.9015
1755401604272,0.265603,-0.043669,9.839287
1755401604274,0.303888,0.025723,9.844072
1755401604276,0.241675,-0.034098,9.949656
1755401604278,0.246461,-0.036491,9.906285
1755401604281,0.315853,0.013759,9.784252
1755401604283,0.232104,-0.034098,9.920643
1755401604286,0.265603,-0.026919,9.966406
1755401604288,0.289532,0.004187,9.755538
1755401604291,0.251246,-0.055633,9.868001
1755401604293,0.282353,-0.000598,10.023833
1755401604295,0.27996,0.00658,9.77468
1755401604298,0.232104,-0.091525,9.872787
1755401604300,0.277567,-0.007777,9.973584
1755401604303,0.246461,-0.000598,9.846465
1755401604305,0.244068,-0.048455,9.844072
1755401604308,0.301496,0.013759,9.851251
1755401604310,0.244068,-0.010169,9.923036
1755401604312,0.244068,-0.038883,9.9015
1755401604315,0.320638,0.028116,9.765109
1755401604317,0.239282,-0.041276,9.920643
1755401604319,0.287139,-0.007777,9.97837
1755401604322,0.332602,0.044865,9.741181
1755401604324,0.248854,-0.096311,9.894321
1755401604327,0.289532,-0.012562,10.031012
1755401604329,0.339781,0.044865,9.815358
1755401604331,0.236889,-0.036491,9.896714
1755401604334,0.339781,-0.000598,9.911072
1755401604336,0.258425,-0.019741,9.858429
1755401604340,0.246461,-0.026919,9.913465
1755401604342,0.29671,0.001795,9.779466
1755401604344,0.244068,-0.026919,9.983155
1755401604346,0.284746,0.032901,9.846465
1755401604348,0.258425,-0.046062,9.875179
1755401604350,0.270389,0.001795,9.934999
1755401604353,0.299103,-0.012562,9.755538
1755401604357,0.188734,-0.072383,9.952048
1755401604359,0.303888,0.004187,9.817751
1755401604360,0.241675,-0.067597,9.896714
1755401604364,0.27996,0.001795,9.937392
1755401604365,0.301496,0.028116,9.743574
1755401604367,0.232104,-0.036491,9.949656
1755401604370,0.303888,0.025723,9.858429
1755401604373,0.263211,-0.055633,9.894321
1755401604375,0.270389,-0.002991,9.923036
1755401604377,0.318245,0.018544,9.719646
1755401604379,0.234497,-0.077169,9.942178
1755401604382,0.315853,0.018544,10.002297
1755401604384,0.260818,-0.024526,9.858429
1755401604387,0.229711,-0.074776,9.803394
1755401604390,0.289532,0.011366,9.925428
1755401604392,0.260818,-0.007777,9.894321
1755401604394,0.289532,-0.060419,9.77468
1755401604396,0.301496,-0.014955,9.911072
1755401604399,0.256032,-0.031705,9.906285
1755401604401,0.275175,-0.024526,9.82493
1755401604403,0.325424,-0.014955,9.820144
1755401604406,0.27996,-0.034098,10.021441
1755401604409,0.260818,-0.019741,9.832108
1755401604411,0.291924,-0.022134,9.911072
1755401604413,0.270389,-0.017348,9.851251
1755401604415,0.31346,0.00658,9.934999
1755401604417,0.275175,-0.007777,9.74836
1755401604420,0.260818,-0.019741,9.937392
1755401604422,0.323031,-0.012562,9.891929
1755401604425,0.270389,-0.050847,10.059726
1755401604427,0.294317,-0.017348,9.875179
1755401604429,0.29671,-0.036491,9.796216
1755401604432,0.287139,-0.031705,9.829716
1755401604434,0.272782,-0.031705,9.731609
1755401604437,0.248854,-0.026919,10.023833
1755401604441,0.272782,-0.014955,9.920643
1755401604442,0.272782,-0.014955,10.040583
1755401604444,0.291924,-0.014955,9.820144
1755401604446,0.29671,0.001795,9.789038
1755401604449,0.248854,-0.017348,9.815358
1755401604451,0.289532,-0.017348,9.856036
1755401604453,0.318245,0.008973,10.07169
1755401604456,0.265603,-0.048455,9.896714
1755401604459,0.284746,-0.043669,9.899107
1755401604461,0.258425,-0.046062,9.738789
1755401604463,0.256032,-0.005384,9.803394
1755401604465,0.289532,0.013759,10.009477
1755401604468,0.267996,-0.041276,9.934999
1755401604470,0.31346,-0.024526,9.913465
1755401604473,0.253639,-0.046062,9.693324
1755401604477,0.282353,0.025723,9.848858
1755401604479,0.323031,-0.007777,9.983155
1755401604480,0.253639,-0.034098,9.939785
1755401604482,0.294317,-0.000598,9.937392
1755401604485,0.253639,-0.041276,9.695718
1755401604487,0.260818,-0.017348,9.829716
1755401604489,0.299103,-0.012562,9.887143
1755401604492,0.27996,-0.029312,10.007083
1755401604494,0.29671,-0.005384,9.964012
1755401604497,0.260818,-0.050847,9.710074
1755401604499,0.27996,-0.002991,9.812965
1755401604502,0.267996,0.001795,9.750752
1755401604504,0.289532,-0.041276,10.081261
1755401604506,0.287139,-0.007777,9.966406
1755401604509,0.294317,-0.041276,9.879965
1755401604511,0.299103,-0.017348,9.810573
1755401604513,0.282353,0.016152,9.734002
1755401604516,0.227318,-0.050847,9.911072
1755401604518,0.311067,-0.014955,9.954441
1755401604521,0.270389,-0.026919,9.954441
1755401604523,0.267996,-0.043669,9.964012
1755401604526,0.303888,0.025723,9.860822
1755401604528,0.234497,-0.034098,9.772287
1755401604530,0.246461,-0.043669,9.851251
1755401604532,0.33021,-0.005384,9.82493
1755401604535,0.248854,-0.041276,9.983155
1755401604537,0.294317,-0.034098,9.934999
1755401604540,0.318245,-0.010169,9.82493
1755401604543,0.265603,-0.062812,9.9015
1755401604545,0.315853,0.004187,9.844072
1755401604547,0.229711,-0.060419,9.896714
1755401604549,0.277567,-0.034098,9.889536
1755401604552,0.291924,0.008973,9.863214
1755401604554,0.272782,-0.014955,9.927821
1755401604556,0.291924,0.011366,9.846465
1755401604560,0.299103,-0.029312,9.920643
1755401604562,0.31346,0.004187,9.863214
1755401604564,0.265603,-0.014955,9.858429
1755401604566,0.27996,-0.024526,9.856036
1755401604569,0.287139,-0.024526,9.868001
1755401604571,0.256032,-0.017348,9.899107
1755401604573,0.265603,0.004187,9.899107
1755401604577,0.308674,-0.017348,9.891929
1755401604581,0.267996,-0.017348,9.875179
1755401604582,0.258425,-0.026919,9.865608
1755401604583,0.284746,-0.019741,9.877572
1755401604585,0.27996,-0.005384,9.875179
1755401604588,0.265603,-0.029312,9.863214
1755401604590,0.263211,-0.022134,9.868001
1755401604594,0.270389,0.013759,9.88475
1755401604595,0.27996,-0.022134,9.851251
1755401604597,0.289532,-0.041276,9.889536
1755401604600,0.256032,-0.002991,9.882358
1755401604603,0.31346,-0.026919,9.856036
1755401604604,0.275175,-0.019741,9.91825
1755401604607,0.270389,-0.010169,9.817751
1755401604610,0.289532,-0.010169,9.877572
1755401604612,0.282353,-0.010169,9.911072
1755401604614,0.236889,-0.036491,9.863214
1755401604616,0.315853,0.00658,9.846465
1755401604619,0.263211,0.004187,9.882358
1755401604621,0.260818,-0.012562,9.968799
1755401604624,0.265603,-0.012562,9.793823
1755401604626,0.27996,-0.022134,9.839287
1755401604628,0.27996,-0.034098,9.915857
1755401604631,0.253639,-0.010169,9.84168
1755401604633,0.325424,-0.031705,9.932607
1755401604635,0.29671,-0.024526,9.891929
1755401604638,0.29671,-0.041276,9.903893
1755401604640,0.256032,-0.024526,9.879965
1755401604643,0.308674,-0.048455,9.88475
1755401604646,0.27996,-0.010169,9.899107
1755401604648,0.246461,-0.002991,9.88475
1755401604652,0.277567,-0.002991,9.875179
1755401604653,0.263211,0.004187,9.899107
1755401604655,0.267996,-0.041276,9.88475
1755401604657,0.272782,-0.022134,9.894321
1755401604660,0.303888,-0.031705,9.906285
1755401604663,0.289532,-0.026919,9.875179
1755401604665,0.272782,-0.012562,9.879965
1755401604667,0.291924,-0.014955,9.882358
1755401604669,0.291924,-0.005384,9.875179
1755401604672,0.289532,-0.010169,9.875179
1755401604674,0.291924,-0.024526,9.889536
1755401604676,0.258425,-0.026919,9.906285
1755401604679,0.277567,-0.010169,9.882358
1755401604683,0.311067,-0.026919,9.868001
1755401604685,0.299103,-0.024526,9.863214
1755401604686,0.267996,-0.041276,9.846465
1755401604689,0.265603,-0.026919,9.872787
1755401604691,0.277567,-0.022134,9.877572
1755401604693,0.289532,-0.019741,9.870394
1755401604696,0.256032,-0.019741,9.889536
1755401604698,0.272782,-0.010169,9.899107
1755401604700,0.256032,0.011366,9.896714
1755401604703,0.275175,-0.024526,9.872787
1755401604705,0.31346,-0.002991,9.894321
1755401604708,0.244068,-0.012562,9.865608
1755401604710,0.311067,-0.007777,9.868001
1755401604713,0.282353,-0.000598,9.889536
1755401604715,0.267996,0.004187,9.889536
1755401604717,0.291924,-0.029312,9.836894
1755401604719,0.315853,0.00658,9.899107
1755401604722,0.282353,0.008973,9.882358
1755401604725,0.303888,-0.014955,9.865608
1755401604727,0.270389,-0.017348,9.887143
1755401604730,0.291924,-0.024526,9.887143
1755401604732,0.275175,0.001795,9.903893
1755401604734,0.270389,-0.014955,9.891929
1755401604736,0.241675,-0.024526,9.891929
1755401604739,0.270389,-0.017348,9.88475
1755401604741,0.303888,-0.019741,9.896714
1755401604744,0.248854,-0.034098,9.908679
1755401604747,0.258425,0.00658,9.870394
1755401604749,0.270389,-0.024526,9.868001
1755401604751,0.29671,-0.031705,9.853643
1755401604753,0.267996,-0.005384,9.891929
1755401604755,0.260818,-0.034098,9.899107
1755401604758,0.291924,-0.029312,9.920643
1755401604760,0.256032,-0.041276,9.865608
1755401604763,0.344566,-0.031705,9.906285
1755401604767,0.368495,-0.031705,10.076475
1755401604768,0.27996,0.008973,9.956834
1755401604770,0.150449,0.008973,9.556933
1755401604772,0.351745,-0.077169,9.91825
1755401604774,0.311067,-0.031705,9.91825
1755401604777,0.272782,-0.002991,9.82493
1755401604781,0.392423,-0.050847,10.057333
1755401604783,0.229711,-0.000598,9.805787
1755401604784,0.356531,-0.067597,9.934999
1755401604787,0.265603,-0.010169,9.91825
1755401604789,0.27996,-0.024526,9.860822
1755401604791,0.289532,-0.036491,9.891929
1755401604794,0.287139,-0.038883,9.848858
1755401604796,0.291924,-0.010169,9.932607
1755401604798,0.239282,-0.012562,9.959227
1755401604801,0.260818,-0.014955,9.79143
1755401604803,0.236889,-0.062812,9.836894
1755401604806,0.318245,0.018544,9.913465
1755401604808,0.287139,-0.038883,9.971191
1755401604811,0.29671,-0.000598,9.729217
1755401604813,0.320638,-0.026919,9.944571
1755401604816,0.267996,-0.014955,10.035797
1755401604818,0.291924,-0.007777,9.683753
1755401604820,0.248854,0.013759,9.968799
1755401604823,0.270389,-0.036491,9.894321
1755401604825,0.22014,-0.050847,9.753145
1755401604828,0.272782,0.02333,9.887143
1755401604830,0.227318,-0.05324,9.932607
1755401604833,0.251246,-0.010169,9.836894
1755401604834,0.246461,-0.036491,9.968799
1755401604837,0.277567,0.00658,9.755538
1755401604839,0.282353,0.004187,9.942178
1755401604842,0.251246,-0.007777,9.734002
1755401604844,0.275175,-0.019741,9.913465
1755401604847,0.256032,-0.034098,9.975977
1755401604849,0.287139,-0.017348,9.801002
1755401604852,0.27996,-0.007777,10.093225
1755401604854,0.282353,-0.031705,9.74836
1755401604856,0.239282,-0.026919,9.973584
1755401604859,0.284746,0.00658,9.767502
1755401604861,0.239282,-0.022134,9.863214
1755401604863,0.294317,-0.010169,9.875179
1755401604866,0.260818,-0.048455,9.88475
1755401604868,0.334995,0.008973,9.903893
1755401604870,0.239282,-0.029312,9.875179
1755401604873,0.299103,-0.010169,9.820144
1755401604875,0.241675,-0.022134,9.920643
1755401604878,0.289532,0.013759,9.815358
1755401604880,0.272782,-0.038883,9.990334
1755401604883,0.29671,0.016152,9.812965
1755401604885,0.256032,-0.031705,9.985548
1755401604887,0.284746,0.001795,9.786645
1755401604889,0.246461,-0.055633,9.932607
1755401604892,0.251246,0.004187,9.822537
1755401604894,0.289532,-0.026919,9.911072
1755401604897,0.258425,-0.010169,9.82493
1755401604900,0.275175,-0.046062,9.899107
1755401604902,0.236889,-0.014955,9.875179
1755401604904,0.287139,-0.022134,9.872787
1755401604906,0.244068,-0.034098,9.920643
1755401604909,0.287139,-0.014955,9.827323
1755401604912,0.22014,-0.012562,9.899107
1755401604913,0.299103,-0.036491,9.851251
1755401604917,0.263211,-0.012562,9.9015
1755401604919,0.267996,-0.000598,9.839287
1755401604922,0.267996,-0.019741,9.908679
1755401604923,0.291924,-0.031705,9.836894
1755401604925,0.260818,-0.031705,9.882358
1755401604929,0.289532,-0.019741,9.860822
1755401604930,0.222533,-0.019741,9.88475
1755401604933,0.323031,-0.000598,9.882358
1755401604936,0.284746,-0.005384,9.868001
1755401604937,0.246461,-0.041276,9.860822
1755401604940,0.215354,-0.022134,9.88475
1755401604943,0.270389,-0.017348,9.896714
1755401604945,0.29671,-0.005384,9.865608
1755401604947,0.29671,-0.019741,9.877572
1755401604951,0.270389,-0.026919,9.887143
1755401604953,0.277567,-0.019741,9.875179
1755401604954,0.265603,-0.024526,9.877572
1755401604957,0.27996,-0.012562,9.865608
1755401604959,0.287139,0.004187,9.872787
1755401604962,0.299103,-0.014955,9.872787
1755401604964,0.29671,-0.000598,9.911072
1755401604968,0.282353,-0.002991,9.851251
1755401604969,0.275175,-0.017348,9.834501
1755401604971,0.318245,-0.022134,9.889536
1755401604973,0.27996,-0.010169,9.934999
1755401604976,0.284746,-0.012562,9.875179
1755401604978,0.263211,-0.022134,9.863214
1755401604981,0.253639,-0.022134,9.875179
1755401604983,0.303888,-0.026919,9.875179
1755401604986,0.291924,-0.029312,9.882358
1755401604988,0.277567,-0.024526,9.891929
1755401604990,0.246461,-0.036491,9.903893
1755401604993,0.272782,-0.031705,9.894321
1755401604995,0.251246,-0.031705,9.856036
1755401604997,0.272782,-0.014955,9.868001
1755401605000,0.267996,-0.019741,9.870394
1755401605003,0.27996,-0.024526,9.939785
1755401605005,0.303888,0.02333,9.82493
1755401605007,0.256032,-0.043669,9.930214
1755401605010,0.320638,-0.038883,9.820144
1755401605012,0.289532,-0.010169,9.930214
1755401605015,0.258425,-0.014955,9.789038
1755401605017,0.265603,-0.029312,9.954441
1755401605020,0.265603,-0.036491,9.781859
1755401605023,0.260818,-0.029312,9.942178
1755401605024,0.29671,-0.019741,9.810573
1755401605027,0.270389,-0.034098,9.915857
1755401605029,0.275175,0.004187,9.798609
1755401605031,0.275175,-0.024526,9.956834
1755401605033,0.267996,-0.007777,9.827323
1755401605036,0.282353,-0.031705,9.968799
1755401605039,0.275175,-0.048455,9.815358
1755401605040,0.270389,-0.038883,9.944571
1755401605044,0.267996,-0.014955,9.815358
1755401605045,0.270389,-0.026919,9.925428
1755401605048,0.29671,-0.007777,9.822537
1755401605051,0.260818,-0.031705,9.91825
1755401605054,0.251246,-0.034098,9.827323
1755401605055,0.277567,-0.019741,9.947263
1755401605057,0.256032,0.00658,9.805787
1755401605060,0.282353,-0.043669,9.927821
1755401605062,0.282353,-0.007777,9.856036
1755401605064,0.246461,-0.005384,9.889536
1755401605067,0.275175,0.004187,9.822537
1755401605071,0.270389,-0.017348,9.887143
1755401605073,0.270389,-0.017348,9.839287
1755401605075,0.303888,0.004187,9.927821
1755401605077,0.299103,-0.026919,9.856036
1755401605079,0.29671,-0.026919,9.894321
1755401605081,0.263211,-0.019741,9.853643
1755401605084,0.277567,-0.034098,9.91825
1755401605088,0.260818,-0.017348,9.848858
1755401605090,0.299103,-0.007777,9.925428
1755401605092,0.265603,-0.029312,9.836894
1755401605093,0.27996,-0.055633,9.920643
1755401605096,0.256032,-0.002991,9.848858
1755401605098,0.284746,-0.007777,9.915857
1755401605101,0.27996,-0.000598,9.846465
1755401605108,0.294317,-0.014955,9.911072
1755401605110,0.222533,-0.024526,9.853643
1755401605111,0.260818,-0.022134,9.868001
1755401605112,0.311067,-0.012562,9.889536
1755401605113,0.27996,-0.038883,9.882358
1755401605115,0.236889,-0.031705,9.894321
1755401605117,0.277567,-0.050847,9.848858
1755401605120,0.267996,0.016152,9.891929
1755401605122,0.306281,-0.010169,9.84168
1755401605124,0.277567,0.00658,9.903893
1755401605127,0.248854,-0.031705,9.846465
1755401605129,0.253639,-0.036491,9.908679
1755401605132,0.308674,-0.017348,9.839287
1755401605134,0.236889,-0.041276,9.930214
1755401605136,0.294317,-0.031705,9.846465
1755401605139,0.275175,-0.024526,9.927821
1755401605141,0.315853,-0.024526,9.834501
1755401605144,0.248854,-0.036491,9.899107
1755401605146,0.299103,-0.022134,9.872787
1755401605148,0.282353,-0.019741,9.896714
1755401605151,0.303888,-0.007777,9.853643
1755401605153,0.241675,0.00658,9.889536
1755401605156,0.270389,-0.002991,9.887143
1755401605158,0.289532,-0.005384,9.858429
1755401605160,0.284746,-0.026919,9.915857
1755401605163,0.258425,-0.017348,9.817751
1755401605165,0.294317,-0.017348,9.91825
1755401605168,0.256032,0.013759,9.803394
1755401605170,0.251246,-0.022134,9.899107
1755401605173,0.270389,-0.029312,9.853643
1755401605175,0.267996,-0.050847,9.875179
1755401605177,0.27996,-0.022134,9.856036
1755401605180,0.291924,-0.010169,9.82493
1755401605182,0.267996,0.028116,9.894321
1755401605185,0.282353,-0.031705,9.848858
1755401605187,0.248854,-0.029312,9.889536
1755401605190,0.227318,-0.014955,9.84168
1755401605192,0.284746,-0.007777,9.879965
1755401605194,0.253639,-0.005384,9.939785
1755401605196,0.29671,-0.005384,9.812965
1755401605199,0.251246,-0.000598,9.987941
1755401605201,0.256032,-0.000598,9.77468
1755401605203,0.260818,-0.029312,9.952048
1755401605207,0.241675,-0.026919,9.815358
1755401605209,0.248854,0.004187,9.973584
1755401605211,0.284746,-0.002991,9.868001
1755401605214,0.270389,-0.036491,9.894321
1755401605215,0.303888,-0.038883,9.932607
1755401605218,0.275175,-0.017348,9.865608
1755401605220,0.272782,-0.022134,9.91825
1755401605224,0.277567,-0.014955,9.851251
1755401605226,0.301496,-0.043669,9.879965
1755401605228,0.284746,-0.036491,9.839287
1755401605230,0.303888,-0.038883,9.820144
1755401605232,0.27996,0.001795,9.879965
1755401605235,0.239282,-0.034098,9.908679
1755401605237,0.272782,-0.038883,9.889536
1755401605241,0.27996,-0.026919,9.930214
1755401605243,0.275175,-0.012562,9.853643
1755401605244,0.241675,-0.000598,9.882358
1755401605247,0.303888,-0.026919,9.879965
1755401605249,0.315853,-0.007777,9.894321
1755401605251,0.277567,-0.024526,9.889536
1755401605254,0.277567,0.004187,9.903893
1755401605258,0.27996,-0.038883,9.908679
1755401605259,0.258425,-0.010169,9.882358
1755401605261,0.246461,-0.022134,9.9015
1755401605264,0.29671,-0.026919,9.882358
1755401605266,0.246461,-0.002991,9.856036
1755401605268,0.251246,-0.029312,9.872787
1755401605271,0.27996,-0.024526,9.882358
1755401605275,0.263211,-0.031705,9.865608
1755401605276,0.282353,-0.024526,9.879965
1755401605278,0.29671,-0.043669,9.956834
1755401605280,0.289532,-0.012562,9.80818
1755401605283,0.258425,0.00658,9.923036
1755401605285,0.272782,-0.036491,9.980762
1755401605287,0.263211,-0.05324,9.779466
1755401605290,0.308674,-0.031705,9.995119
1755401605292,0.284746,-0.012562,9.80818
1755401605296,0.263211,-0.043669,9.760324
1755401605297,0.258425,-0.024526,9.97837
1755401605299,0.241675,-0.005384,9.82493
1755401605302,0.267996,-0.005384,9.868001
1755401605304,0.263211,-0.034098,9.985548
1755401605306,0.258425,-0.041276,9.834501
1755401605310,0.232104,-0.022134,9.812965
1755401605312,0.303888,-0.017348,9.961619
1755401605314,0.294317,-0.005384,9.779466
1755401605316,0.275175,0.02333,9.971191
1755401605319,0.289532,-0.022134,9.999905
1755401605321,0.27996,-0.074776,9.60479
1755401605323,0.287139,-0.05324,10.07169
1755401605326,0.294317,0.001795,9.829716
1755401605328,0.234497,0.032901,9.822537
1755401605331,0.258425,-0.029312,10.083653
1755401605333,0.299103,-0.055633,9.614362
1755401605336,0.301496,-0.031705,10.021441
1755401605338,0.303888,0.02333,9.815358
1755401605340,0.277567,0.013759,9.870394
1755401605344,0.282353,-0.012562,10.028619
1755401605345,0.244068,-0.029312,9.640682
1755401605348,0.260818,-0.034098,10.042975
1755401605350,0.248854,-0.007777,9.729217
1755401605352,0.270389,0.035294,9.985548
1755401605354,0.263211,-0.041276,9.846465
1755401605357,0.267996,-0.043669,9.839287
1755401605360,0.270389,-0.036491,9.985548
1755401605362,0.27996,0.020937,9.844072
1755401605364,0.287139,-0.024526,9.925428
1755401605366,0.258425,-0.06999,9.829716
1755401605369,0.272782,-0.024526,9.925428
1755401605371,0.275175,-0.005384,9.848858
1755401605374,0.282353,-0.002991,9.954441
1755401605377,0.251246,-0.060419,9.743574
1755401605379,0.272782,-0.038883,9.954441
1755401605381,0.299103,-0.014955,9.846465
1755401605383,0.29671,-0.012562,9.961619
1755401605385,0.265603,-0.026919,9.781859
1755401605388,0.260818,-0.058026,9.925428
1755401605390,0.27996,0.00658,9.88475
1755401605394,0.301496,0.004187,9.944571
1755401605396,0.284746,-0.002991,9.822537
1755401605398,0.267996,-0.010169,9.88475
1755401605400,0.291924,-0.058026,9.856036
1755401605402,0.270389,0.025723,9.927821
1755401605405,0.299103,0.001795,9.88475
1755401605407,0.289532,-0.010169,9.829716
1755401605411,0.291924,-0.019741,9.9015
1755401605413,0.263211,0.008973,9.839287
1755401605415,0.267996,-0.014955,9.932607
1755401605417,0.248854,-0.036491,9.853643
1755401605419,0.244068,-0.05324,9.865608
1755401605421,0.263211,-0.041276,9.872787
1755401605424,0.301496,0.00658,9.865608
1755401605428,0.265603,0.020937,9.923036
1755401605429,0.239282,-0.026919,9.856036
1755401605431,0.289532,-0.046062,9.868001
1755401605433,0.291924,-0.026919,9.903893
1755401605436,0.244068,0.013759,9.88475
1755401605438,0.267996,0.011366,9.939785
1755401605441,0.256032,-0.019741,9.889536
1755401605445,0.258425,-0.024526,9.863214
1755401605447,0.29671,-0.031705,9.9015
1755401605448,0.265603,-0.019741,9.872787
1755401605451,0.248854,-0.000598,9.920643
1755401605453,0.265603,-0.036491,9.894321
1755401605455,0.299103,0.02333,9.868001
1755401605458,0.308674,-0.014955,9.860822
1755401605462,0.31346,-0.012562,9.875179
1755401605464,0.299103,-0.036491,9.896714
1755401605465,0.275175,-0.046062,9.829716
1755401605467,0.284746,-0.012562,9.911072
1755401605470,0.282353,-0.007777,9.860822
1755401605472,0.260818,0.011366,9.846465
1755401605474,0.258425,-0.007777,9.891929
1755401605477,0.282353,-0.014955,9.887143
1755401605480,0.318245,-0.014955,9.894321
1755401605482,0.27996,-0.010169,9.848858
1755401605484,0.270389,-0.031705,9.88475
1755401605486,0.244068,-0.014955,9.863214
1755401605489,0.260818,-0.014955,9.887143
1755401605491,0.256032,-0.002991,9.851251
1755401605493,0.263211,0.018544,9.894321
1755401605496,0.275175,-0.005384,9.863214
1755401605501,0.239282,0.011366,9.856036
1755401605502,0.239282,0.00658,9.879965
1755401605503,0.284746,0.00658,9.882358
1755401605505,0.270389,-0.024526,9.889536
1755401605508,0.272782,-0.010169,9.879965
1755401605510,0.258425,-0.014955,9.88475
1755401605513,0.267996,-0.026919,9.891929
1755401605515,0.270389,-0.05324,9.887143
1755401605517,0.27996,-0.026919,9.879965
1755401605520,0.272782,-0.019741,9.865608
1755401605522,0.306281,-0.000598,9.870394
1755401605525,0.258425,0.001795,9.903893
1755401605527,0.251246,-0.007777,9.889536
1755401605530,0.275175,-0.017348,9.868001
1755401605532,0.244068,-0.005384,9.875179
1755401605534,0.258425,-0.024526,9.891929
1755401605537,0.256032,-0.036491,9.889536
1755401605539,0.29671,-0.031705,9.9015
1755401605542,0.263211,-0.007777,9.879965
1755401605544,0.27996,0.004187,9.863214
1755401605547,0.258425,-0.014955,9.882358
1755401605549,0.267996,-0.024526,9.868001
1755401605551,0.27996,-0.031705,9.88475
1755401605553,0.277567,-0.017348,9.88475
1755401605556,0.282353,-0.029312,9.9015
1755401605558,0.277567,-0.002991,9.88475
1755401605560,0.267996,-0.017348,9.887143
1755401605564,0.291924,-0.060419,9.882358
1755401605566,0.282353,0.020937,9.877572
1755401605568,0.267996,0.018544,9.88475
1755401605570,0.27996,-0.024526,9.906285
1755401605572,0.294317,-0.000598,9.88475
1755401605575,0.248854,-0.000598,9.870394
1755401605577,0.289532,-0.007777,9.887143
1755401605580,0.289532,-0.019741,9.894321
1755401605583,0.27996,0.00658,9.865608
1755401605584,0.311067,-0.007777,9.891929
1755401605587,0.31346,-0.014955,9.889536
1755401605589,0.270389,-0.007777,9.870394
1755401605592,0.272782,-0.019741,9.865608
1755401605594,0.282353,0.011366,9.872787
1755401605598,0.277567,-0.012562,9.879965
1755401605599,0.287139,-0.012562,9.875179
1755401605602,0.275175,-0.041276,9.891929
1755401605603,0.258425,-0.031705,9.891929
1755401605606,0.260818,-0.036491,9.877572
1755401605609,0.270389,-0.041276,9.860822
1755401605611,0.282353,0.013759,9.872787
1755401605614,0.303888,-0.007777,9.887143
1755401605616,0.284746,-0.024526,9.9015
1755401605618,0.282353,-0.019741,9.889536
1755401605621,0.301496,-0.012562,9.887143
1755401605623,0.275175,-0.034098,9.88475
1755401605625,0.277567,-0.014955,9.877572
1755401605628,0.275175,-0.029312,9.879965
1755401605631,0.270389,-0.024526,9.877572
1755401605633,0.265603,-0.002991,9.891929
1755401605635,0.294317,-0.026919,9.863214
1755401605637,0.282353,0.00658,9.882358
1755401605639,0.277567,-0.017348,9.858429
1755401605642,0.253639,-0.031705,9.879965
1755401605644,0.27996,-0.005384,9.868001
1755401605648,0.27996,-0.019741,9.903893
1755401605650,0.27996,0.001795,9.860822
1755401605651,0.236889,-0.036491,9.899107
1755401605654,0.258425,0.001795,9.879965
1755401605656,0.270389,-0.010169,9.908679
1755401605659,0.270389,-0.005384,9.832108
1755401605661,0.272782,-0.031705,9.9015
1755401605663,0.272782,-0.017348,9.856036
1755401605666,0.27996,-0.014955,9.923036
1755401605668,0.284746,0.011366,9.834501
1755401605671,0.267996,-0.029312,9.891929
1755401605673,0.272782,-0.036491,9.829716
1755401605675,0.272782,-0.022134,9.894321
1755401605678,0.277567,-0.014955,9.858429
1755401605680,0.241675,-0.017348,9.88475
1755401605683,0.289532,-0.010169,9.817751
1755401605686,0.272782,-0.067597,9.899107
1755401605688,0.320638,0.013759,9.827323
1755401605691,0.263211,0.008973,9.927821
1755401605692,0.27996,-0.022134,9.834501
1755401605695,0.244068,-0.029312,9.932607
1755401605697,0.308674,-0.026919,9.815358
1755401605700,0.232104,-0.029312,9.923036
1755401605703,0.289532,-0.024526,9.793823
1755401605705,0.260818,-0.046062,9.939785
1755401605706,0.27996,-0.017348,9.789038
1755401605709,0.265603,-0.036491,9.980762
1755401605711,0.301496,-0.012562,9.834501
1755401605714,0.248854,-0.019741,9.920643
1755401605716,0.27996,-0.010169,9.810573
1755401605719,0.253639,-0.007777,9.939785
1755401605721,0.315853,-0.002991,9.839287
1755401605723,0.246461,-0.022134,9.968799
1755401605726,0.311067,0.001795,9.834501
1755401605728,0.234497,-0.026919,9.975977
1755401605730,0.325424,-0.010169,9.815358
1755401605733,0.260818,-0.012562,9.97837
1755401605736,0.315853,0.004187,9.832108
1755401605738,0.277567,-0.024526,9.952048
1755401605740,0.306281,-0.034098,9.834501
1755401605743,0.229711,-0.014955,9.949656
1755401605745,0.320638,-0.022134,9.839287
1755401605747,0.289532,-0.007777,9.887143
1755401605750,0.303888,-0.034098,9.908679
1755401605752,0.287139,-0.019741,9.875179
1755401605754,0.275175,-0.022134,9.91825
1755401605757,0.258425,-0.002991,9.827323
1755401605759,0.27996,-0.019741,9.920643
1755401605762,0.246461,-0.014955,9.803394
1755401605764,0.258425,-0.026919,9.896714
1755401605767,0.289532,-0.024526,9.84168
1755401605769,0.27996,-0.024526,9.88475
1755401605771,0.291924,0.025723,9.851251
1755401605773,0.270389,-0.031705,9.913465
1755401605776,0.29671,-0.012562,9.82493
1755401605778,0.267996,0.018544,10.002297
1755401605781,0.311067,-0.024526,9.805787
1755401605785,0.27996,-0.007777,9.995119
1755401605787,0.311067,0.004187,9.860822
1755401605788,0.251246,-0.012562,9.882358
1755401605790,0.287139,-0.005384,9.930214
1755401605793,0.248854,-0.026919,9.805787
1755401605795,0.265603,-0.038883,9.865608
1755401605797,0.287139,0.00658,9.832108
1755401605801,0.244068,-0.000598,9.856036
1755401605804,0.258425,-0.014955,9.836894
1755401605806,0.253639,-0.005384,9.987941
1755401605807,0.263211,0.004187,9.84168
1755401605810,0.263211,-0.036491,9.934999
1755401605812,0.289532,-0.043669,9.971191
1755401605814,0.277567,-0.046062,9.77468
1755401605819,0.29671,-0.067597,9.820144
1755401605820,0.275175,0.00658,9.915857
1755401605822,0.22014,0.011366,9.961619
1755401605824,0.229711,0.013759,9.781859
1755401605826,0.275175,-0.014955,10.00469
1755401605829,0.284746,-0.022134,9.920643
1755401605831,0.270389,-0.048455,9.726824
1755401605834,0.270389,-0.058026,9.858429
1755401605836,0.260818,-0.002991,9.923036
1755401605838,0.270389,0.008973,9.944571
1755401605841,0.253639,0.013759,9.810573
1755401605843,0.272782,-0.019741,9.947263
1755401605845,0.244068,-0.019741,9.923036
1755401605848,0.241675,-0.067597,9.803394
1755401605851,0.275175,-0.038883,9.863214
1755401605854,0.263211,-0.012562,9.899107
1755401605856,0.256032,0.008973,9.964012
1755401605858,0.256032,-0.005384,9.834501
1755401605860,0.303888,-0.038883,9.870394
1755401605862,0.265603,-0.036491,9.863214
1755401605865,0.256032,-0.014955,9.906285
1755401605867,0.267996,0.016152,9.923036
1755401605870,0.251246,-0.024526,9.853643
1755401605872,0.282353,-0.043669,9.915857
1755401605874,0.239282,-0.002991,9.903893
1755401605877,0.289532,0.004187,9.846465
1755401605879,0.275175,-0.019741,9.865608
1755401605881,0.318245,0.00658,9.906285
1755401605884,0.303888,-0.002991,9.920643
1755401605887,0.270389,-0.005384,9.875179
1755401605889,0.270389,-0.026919,9.896714
1755401605891,0.284746,-0.031705,9.877572
1755401605893,0.272782,-0.014955,9.870394
1755401605896,0.27996,-0.029312,9.903893
1755401605898,0.308674,0.008973,9.875179
1755401605901,0.253639,0.013759,9.9015
1755401605903,0.248854,-0.034098,9.891929
1755401605907,0.251246,-0.046062,9.820144
1755401605908,0.256032,-0.036491,9.877572
1755401605910,0.248854,-0.007777,9.870394
1755401605912,0.275175,-0.005384,9.9015
1755401605915,0.260818,-0.038883,9.851251
1755401605917,0.246461,-0.029312,9.879965
1755401605920,0.260818,-0.026919,9.906285
1755401605923,0.270389,0.008973,9.903893
1755401605925,0.282353,-0.014955,9.882358
1755401605927,0.275175,-0.031705,9.865608
1755401605929,0.260818,-0.019741,9.875179
1755401605932,0.291924,-0.012562,9.839287
1755401605935,0.27996,-0.038883,9.920643
1755401605937,0.318245,-0.017348,9.844072
1755401605939,0.272782,-0.026919,9.903893
1755401605942,0.294317,-0.005384,9.879965
1755401605944,0.248854,-0.005384,9.870394
1755401605947,0.277567,-0.034098,9.889536
1755401605949,0.31346,-0.010169,9.88475
1755401605951,0.301496,-0.046062,9.9015
1755401605955,0.267996,-0.05324,9.851251
1755401605956,0.289532,-0.026919,9.91825
1755401605958,0.275175,-0.022134,9.856036
1755401605961,0.234497,0.011366,9.879965
1755401605963,0.308674,-0.014955,9.868001
1755401605965,0.27996,-0.031705,9.88475
1755401605968,0.270389,0.008973,9.851251
1755401605971,0.275175,0.018544,9.879965
1755401605973,0.272782,-0.014955,9.954441
1755401605976,0.291924,-0.012562,9.863214
1755401605978,0.27996,-0.029312,9.906285
1755401605980,0.265603,-0.043669,9.911072
1755401605982,0.265603,-0.012562,9.879965
1755401605985,0.289532,-0.007777,9.870394
1755401605988,0.308674,0.004187,9.865608
1755401605990,0.306281,-0.010169,9.971191
1755401605992,0.258425,0.016152,9.875179
1755401605994,0.27996,-0.031705,9.877572
1755401605996,0.29671,-0.010169,9.860822
1755401605999,0.265603,-0.022134,9.868001
1755401606001,0.301496,-0.014955,9.846465
1755401606004,0.265603,-0.007777,9.903893
1755401606009,0.236889,-0.002991,9.82493
1755401606010,0.270389,-0.026919,9.915857
1755401606011,0.284746,0.02333,9.829716
1755401606013,0.275175,-0.019741,9.937392
1755401606016,0.327817,-0.017348,9.851251
1755401606018,0.284746,-0.012562,9.82493
1755401606020,0.315853,-0.026919,9.930214
1755401606023,0.267996,-0.029312,9.786645
1755401606025,0.284746,0.004187,10.009477
1755401606028,0.260818,-0.012562,9.894321
1755401606030,0.303888,-0.014955,9.877572
1755401606032,0.263211,-0.002991,10.028619
1755401606035,0.291924,-0.048455,9.798609
1755401606037,0.265603,-0.014955,9.839287
1755401606040,0.299103,-0.007777,9.868001
1755401606042,0.253639,0.001795,9.827323
1755401606044,0.275175,-0.065204,9.891929
1755401606047,0.263211,-0.007777,9.932607
1755401606049,0.277567,-0.05324,9.913465
1755401606052,0.277567,0.004187,9.798609
1755401606054,0.263211,-0.036491,9.875179
1755401606057,0.270389,-0.000598,9.829716
1755401606059,0.248854,-0.012562,9.889536
1755401606061,0.315853,-0.017348,9.870394
1755401606063,0.27996,-0.029312,9.899107
1755401606066,0.258425,-0.05324,9.882358
1755401606069,0.258425,-0.036491,9.937392
1755401606071,0.299103,-0.043669,9.839287
1755401606073,0.272782,-0.017348,9.887143
1755401606076,0.315853,-0.012562,9.915857
1755401606078,0.265603,-0.019741,9.82493
1755401606080,0.287139,-0.043669,9.9015
1755401606083,0.291924,-0.000598,9.815358
1755401606085,0.263211,-0.031705,9.887143
1755401606087,0.301496,-0.031705,9.882358
1755401606090,0.291924,-0.026919,9.949656
1755401606092,0.303888,-0.026919,9.817751
1755401606095,0.272782,-0.017348,9.882358
1755401606097,0.29671,-0.041276,9.877572
1755401606099,0.27996,-0.029312,9.815358
1755401606102,0.244068,-0.046062,9.894321
1755401606104,0.227318,-0.012562,9.872787
1755401606107,0.258425,-0.012562,9.930214
1755401606110,0.287139,0.016152,9.836894
1755401606112,0.256032,-0.036491,9.91825
1755401606114,0.251246,-0.046062,9.863214
1755401606116,0.265603,-0.034098,9.868001
1755401606119,0.27996,-0.038883,9.920643
1755401606121,0.291924,0.001795,9.868001
1755401606124,0.270389,-0.007777,9.906285
1755401606127,0.282353,-0.010169,9.846465
1755401606129,0.27996,-0.036491,9.848858
1755401606130,0.27996,-0.022134,9.925428
1755401606133,0.299103,0.00658,9.875179
1755401606136,0.248854,-0.024526,9.879965
1755401606138,0.253639,-0.065204,9.829716
1755401606141,0.265603,0.004187,9.882358
1755401606143,0.275175,0.035294,9.923036
1755401606145,0.277567,0.018544,9.875179
1755401606147,0.267996,-0.010169,9.875179
1755401606150,0.265603,-0.034098,9.832108
1755401606153,0.306281,-0.017348,9.863214
1755401606155,0.258425,0.011366,9.906285
1755401606159,0.260818,0.00658,9.856036
1755401606162,0.301496,-0.043669,9.875179
1755401606164,0.270389,-0.029312,9.877572
1755401606165,0.318245,-0.017348,9.853643
1755401606166,0.270389,-0.002991,9.939785
1755401606169,0.270389,-0.026919,9.846465
1755401606171,0.275175,-0.031705,9.829716
1755401606175,0.287139,-0.022134,9.870394
1755401606177,0.263211,-0.002991,9.889536
1755401606179,0.246461,-0.034098,9.875179
1755401606182,0.248854,-0.043669,9.952048
1755401606183,0.301496,0.00658,9.777073
1755401606186,0.289532,-0.012562,9.894321
1755401606188,0.294317,-0.014955,9.949656
1755401606192,0.311067,-0.000598,9.772287
1755401606194,0.27996,0.030508,9.887143
1755401606195,0.294317,-0.024526,9.865608
1755401606198,0.277567,-0.058026,9.82493
1755401606200,0.263211,0.020937,9.925428
1755401606203,0.265603,0.016152,9.959227
1755401606205,0.258425,-0.014955,9.853643
1755401606207,0.260818,-0.062812,9.839287
1755401606212,0.275175,-0.000598,9.853643
1755401606213,0.294317,0.016152,9.877572
1755401606215,0.277567,-0.029312,9.84168
1755401606217,0.272782,-0.079561,9.920643
1755401606220,0.275175,0.004187,9.911072
1755401606222,0.217747,0.042473,9.920643
1755401606224,0.277567,0.028116,9.798609
1755401606227,0.284746,-0.058026,9.793823
1755401606230,0.263211,-0.055633,9.889536
1755401606232,0.29671,0.028116,10.002297
1755401606234,0.291924,0.042473,9.930214
1755401606237,0.267996,-0.050847,9.817751
1755401606238,0.284746,-0.096311,9.786645
1755401606241,0.275175,-0.055633,9.875179
1755401606244,0.272782,0.020937,9.983155
1755401606246,0.256032,0.008973,9.925428
1755401606248,0.287139,-0.029312,9.817751
1755401606250,0.265603,-0.067597,9.810573
1755401606253,0.289532,0.004187,9.868001
1755401606255,0.277567,-0.007777,9.973584
1755401606258,0.253639,0.04008,9.932607
1755401606261,0.265603,0.018544,9.848858
1755401606263,0.299103,-0.036491,9.786645
1755401606265,0.284746,-0.046062,9.84168
1755401606267,0.277567,0.02333,9.937392
1755401606270,0.265603,0.030508,9.923036
1755401606272,0.277567,-0.010169,9.851251
1755401606274,0.284746,-0.077169,9.796216
1755401606277,0.265603,-0.036491,9.858429
1755401606279,0.270389,-0.007777,9.961619
1755401606282,0.284746,0.025723,9.865608
1755401606284,0.301496,-0.014955,9.879965
1755401606287,0.277567,-0.029312,9.887143
1755401606289,0.282353,-0.026919,9.858429
1755401606291,0.272782,-0.029312,9.846465
1755401606294,0.27996,-0.005384,9.868001
1755401606296,0.291924,0.004187,9.939785
1755401606298,0.301496,-0.017348,9.9015
1755401606301,0.277567,0.004187,9.868001
1755401606303,0.294317,-0.014955,9.877572
1755401606305,0.282353,-0.012562,9.896714
1755401606308,0.267996,-0.017348,9.9015
1755401606311,0.260818,-0.017348,9.863214
1755401606314,0.248854,-0.007777,9.896714
1755401606315,0.256032,-0.012562,9.848858
1755401606318,0.282353,-0.007777,9.865608
1755401606320,0.318245,-0.002991,9.858429
1755401606322,0.277567,-0.010169,9.872787
1755401606325,0.301496,0.004187,9.872787
1755401606328,0.291924,-0.007777,9.887143
1755401606330,0.289532,-0.022134,9.882358
1755401606333,0.287139,-0.000598,9.88475
1755401606335,0.27996,-0.034098,9.877572
1755401606337,0.253639,-0.012562,9.879965
1755401606339,0.239282,-0.022134,9.899107
1755401606342,0.277567,-0.031705,9.870394
1755401606346,0.294317,-0.022134,9.875179
1755401606347,0.291924,-0.005384,9.882358
1755401606349,0.272782,-0.017348,9.865608
1755401606351,0.263211,-0.019741,9.887143
1755401606355,0.282353,-0.017348,9.868001
1755401606356,0.241675,0.013759,9.879965
1755401606358,0.284746,-0.005384,9.856036
1755401606361,0.265603,0.004187,9.88475
1755401606364,0.294317,-0.041276,9.896714
1755401606366,0.282353,-0.024526,9.863214
1755401606368,0.291924,-0.000598,9.899107
1755401606371,0.275175,-0.007777,9.863214
1755401606373,0.303888,-0.036491,9.865608
1755401606375,0.306281,-0.031705,9.860822
1755401606377,0.294317,-0.017348,9.882358
1755401606380,0.260818,-0.014955,9.879965
1755401606382,0.272782,-0.038883,9.879965
1755401606385,0.27996,-0.024526,9.872787
1755401606387,0.294317,-0.026919,9.906285
1755401606389,0.241675,-0.007777,9.882358
1755401606392,0.246461,-0.017348,9.863214
1755401606395,0.263211,-0.043669,9.877572
1755401606397,0.258425,0.00658,9.868001
1755401606399,0.303888,0.001795,9.879965
1755401606402,0.260818,-0.022134,9.91825
1755401606404,0.258425,-0.029312,9.875179
1755401606406,0.248854,-0.034098,9.887143
1755401606408,0.224925,-0.007777,9.911072
1755401606411,0.299103,-0.014955,9.894321
1755401606414,0.270389,-0.026919,9.863214
1755401606416,0.318245,-0.014955,9.870394
1755401606419,0.284746,-0.005384,9.863214
1755401606421,0.294317,-0.024526,9.887143
1755401606423,0.282353,-0.017348,9.88475
1755401606425,0.306281,-0.024526,9.908679
1755401606428,0.263211,-0.012562,9.868001
1755401606430,0.294317,-0.007777,9.879965
1755401606433,0.289532,0.008973,9.875179
1755401606435,0.277567,-0.007777,9.899107
1755401606437,0.289532,-0.036491,9.872787
1755401606440,0.284746,0.008973,9.879965
1755401606442,0.315853,-0.017348,9.894321
1755401606444,0.272782,-0.031705,9.868001
1755401606447,0.277567,-0.010169,9.9015
1755401606451,0.323031,-0.046062,9.875179
1755401606452,0.263211,-0.036491,9.88475
1755401606455,0.272782,-0.024526,9.894321
1755401606456,0.277567,-0.017348,9.877572
1755401606459,0.27996,-0.031705,9.877572
1755401606461,0.299103,-0.019741,9.882358
1755401606464,0.258425,-0.046062,9.887143
1755401606466,0.265603,-0.029312,9.896714
1755401606468,0.29671,-0.007777,9.875179
1755401606471,0.258425,-0.034098,9.879965
1755401606473,0.260818,-0.022134,9.88475
1755401606476,0.258425,-0.010169,9.915857
1755401606478,0.294317,-0.036491,9.868001
1755401606481,0.282353,-0.031705,9.877572
1755401606483,0.277567,-0.036491,9.863214
1755401606485,0.282353,-0.000598,9.877572
1755401606488,0.260818,0.004187,9.896714
1755401606491,0.27996,-0.000598,9.91825
1755401606492,0.270389,-0.007777,9.889536
1755401606495,0.277567,-0.017348,9.870394
1755401606498,0.270389,-0.024526,9.891929
1755401606501,0.301496,-0.012562,9.911072
1755401606503,0.258425,-0.031705,9.875179
1755401606505,0.244068,-0.022134,9.868001
1755401606507,0.239282,-0.002991,9.9015
1755401606509,0.236889,-0.000598,9.860822
1755401606512,0.299103,0.001795,9.875179
1755401606516,0.282353,0.016152,9.879965
1755401606518,0.256032,-0.005384,9.875179
1755401606519,0.267996,-0.019741,9.856036
1755401606522,0.311067,-0.012562,9.903893
1755401606523,0.291924,0.004187,9.879965
1755401606526,0.244068,-0.012562,9.88475
1755401606528,0.284746,-0.005384,9.860822
1755401606531,0.246461,-0.007777,9.851251
1755401606533,0.27996,-0.002991,9.865608
1755401606536,0.253639,-0.014955,9.894321
1755401606538,0.291924,-0.041276,9.887143
1755401606541,0.287139,-0.022134,9.879965
1755401606543,0.265603,-0.017348,9.846465
1755401606546,0.289532,-0.024526,9.872787
1755401606548,0.241675,-0.007777,9.877572
1755401606550,0.270389,-0.017348,9.91825
1755401606553,0.258425,-0.026919,9.858429
1755401606555,0.263211,-0.010169,9.896714
1755401606558,0.260818,-0.005384,9.848858
1755401606559,0.282353,-0.002991,9.853643
1755401606562,0.277567,0.00658,9.863214
1755401606564,0.267996,-0.026919,9.894321
1755401606567,0.260818,-0.029312,9.891929
1755401606569,0.275175,-0.024526,9.875179
1755401606572,0.299103,0.011366,9.88475
1755401606574,0.258425,-0.007777,9.887143
1755401606576,0.291924,-0.019741,9.882358
1755401606579,0.287139,-0.014955,9.882358
1755401606581,0.265603,-0.012562,9.879965
1755401606584,0.27996,-0.022134,9.9015
1755401606586,0.267996,-0.002991,9.889536
1755401606588,0.275175,-0.005384,9.911072
1755401606591,0.258425,-0.022134,9.865608
1755401606593,0.260818,0.011366,9.858429
1755401606595,0.301496,-0.019741,9.889536
1755401606598,0.275175,-0.012562,9.899107
1755401606601,0.29671,-0.038883,9.889536
1755401606603,0.303888,-0.019741,9.896714
1755401606605,0.253639,-0.012562,9.868001
1755401606607,0.291924,-0.007777,9.88475
1755401606610,0.303888,-0.034098,9.88475
1755401606612,0.267996,-0.022134,9.875179
1755401606615,0.253639,-0.012562,9.889536
1755401606617,0.282353,-0.026919,9.882358
1755401606619,0.229711,-0.022134,9.875179
1755401606622,0.287139,-0.019741,9.889536
1755401606625,0.272782,-0.019741,9.88475
1755401606627,0.263211,-0.014955,9.868001
1755401606629,0.303888,-0.019741,9.858429
1755401606631,0.289532,-0.010169,9.875179
1755401606634,0.265603,-0.017348,9.877572
1755401606636,0.248854,-0.019741,9.88475
1755401606640,0.275175,-0.002991,9.889536
1755401606641,0.265603,-0.024526,9.872787
1755401606643,0.256032,0.001795,9.860822
1755401606646,0.284746,-0.014955,9.877572
1755401606648,0.287139,0.011366,9.896714
1755401606651,0.342174,-0.007777,9.872787
1755401606654,0.29671,-0.031705,9.88475
1755401606656,0.282353,-0.022134,9.896714
1755401606658,0.27996,-0.024526,9.882358
1755401606660,0.294317,0.00658,9.872787
1755401606663,0.251246,-0.029312,9.868001
1755401606665,0.272782,-0.050847,9.870394
1755401606668,0.248854,-0.038883,9.877572
1755401606671,0.263211,-0.031705,9.872787
1755401606673,0.248854,-0.022134,9.906285
1755401606675,0.265603,0.001795,9.889536
1755401606677,0.299103,0.001795,9.899107
1755401606680,0.272782,0.011366,9.887143
1755401606682,0.320638,-0.029312,9.9015
1755401606685,0.272782,-0.000598,9.879965
1755401606687,0.248854,-0.000598,9.88475
1755401606689,0.275175,-0.024526,9.894321
1755401606691,0.272782,-0.022134,9.875179
1755401606694,0.282353,-0.019741,9.870394
1755401606696,0.251246,-0.014955,9.870394
1755401606699,0.287139,-0.017348,9.858429
1755401606702,0.244068,-0.038883,9.896714
1755401606704,0.272782,-0.014955,9.877572
1755401606706,0.294317,-0.024526,9.870394
1755401606708,0.291924,0.004187,9.906285
1755401606710,0.282353,-0.024526,9.877572
1755401606713,0.306281,0.008973,9.860822
1755401606715,0.277567,-0.012562,9.868001
1755401606718,0.277567,-0.005384,9.870394
1755401606721,0.299103,-0.007777,9.863214
1755401606723,0.258425,-0.022134,9.856036
1755401606725,0.308674,-0.029312,9.875179
1755401606728,0.258425,-0.036491,9.868001
1755401606730,0.291924,-0.014955,9.865608
1755401606733,0.263211,-0.012562,9.891929
1755401606737,0.258425,-0.022134,9.868001
1755401606738,0.258425,-0.000598,9.891929
1755401606741,0.299103,-0.012562,9.887143
1755401606742,0.29671,-0.026919,9.875179
1755401606744,0.272782,-0.002991,9.853643
1755401606746,0.251246,-0.029312,9.891929
1755401606749,0.246461,-0.002991,9.889536
1755401606751,0.299103,-0.012562,9.870394
1755401606753,0.289532,-0.014955,9.889536
1755401606756,0.265603,0.013759,9.887143
1755401606759,0.215354,-0.026919,9.863214
1755401606761,0.275175,-0.036491,9.88475
1755401606763,0.284746,-0.048455,9.865608
1755401606766,0.287139,-0.029312,9.896714
1755401606768,0.275175,-0.029312,9.868001
1755401606771,0.270389,-0.029312,9.896714
1755401606775,0.299103,-0.005384,9.870394
1755401606776,0.284746,-0.000598,9.896714
1755401606778,0.272782,0.004187,9.887143
1755401606780,0.270389,-0.024526,9.889536
1755401606782,0.284746,-0.026919,9.889536
1755401606785,0.260818,-0.014955,9.891929
1755401606787,0.258425,-0.046062,9.894321
1755401606790,0.260818,-0.029312,9.879965
1755401606792,0.258425,-0.017348,9.872787
1755401606794,0.275175,0.008973,9.887143
1755401606797,0.289532,-0.029312,9.906285
1755401606799,0.270389,-0.026919,9.879965
1755401606803,0.256032,0.013759,9.868001
1755401606805,0.277567,-0.010169,9.863214
1755401606807,0.311067,0.008973,9.877572
1755401606809,0.27996,-0.017348,9.879965
1755401606811,0.272782,-0.038883,9.875179
1755401606813,0.327817,-0.029312,9.88475
1755401606816,0.265603,-0.010169,9.88475
1755401606818,0.270389,-0.010169,9.911072
1755401606821,0.263211,-0.026919,9.911072
1755401606824,0.282353,-0.055633,9.882358
1755401606826,0.308674,-0.012562,9.882358
1755401606828,0.224925,-0.034098,9.88475
1755401606830,0.260818,-0.038883,9.80818
1755401606833,0.251246,-0.029312,9.961619
1755401606835,0.265603,0.020937,9.834501
1755401606838,0.239282,-0.029312,9.903893
1755401606841,0.29671,-0.005384,9.875179
1755401606843,0.272782,-0.041276,9.91825
1755401606845,0.284746,-0.012562,9.851251
1755401606847,0.31346,-0.002991,9.767502
1755401606849,0.246461,-0.041276,9.992726
1755401606852,0.289532,-0.005384,9.980762
1755401606855,0.260818,-0.022134,9.91825
1755401606857,0.239282,-0.029312,9.877572
1755401606859,0.315853,0.011366,9.700503
1755401606862,0.258425,-0.058026,9.832108
1755401606864,0.294317,-0.012562,9.906285
1755401606866,0.303888,-0.000598,9.84168
1755401606869,0.251246,-0.091525,10.074082
1755401606872,0.325424,-0.012562,9.927821
1755401606874,0.253639,-0.067597,9.839287
1755401606876,0.272782,-0.029312,9.817751
1755401606878,0.284746,-0.014955,9.767502
1755401606880,0.239282,-0.062812,9.887143
1755401606883,0.284746,-0.007777,9.877572
1755401606885,0.277567,-0.007777,9.801002
1755401606888,0.253639,-0.067597,10.050154
1755401606891,0.306281,0.011366,9.908679
1755401606894,0.258425,-0.050847,9.930214
1755401606895,0.244068,-0.050847,9.836894
1755401606897,0.320638,-0.012562,9.757931
1755401606900,0.267996,-0.050847,9.851251
1755401606902,0.306281,0.008973,9.896714
1755401606904,0.282353,-0.019741,9.891929
1755401606907,0.248854,-0.048455,10.078868
1755401606909,0.323031,0.032901,9.872787
1755401606912,0.256032,-0.041276,9.702896
1755401606914,0.299103,-0.007777,9.753145
1755401606916,0.29671,-0.019741,9.822537
1755401606919,0.267996,-0.031705,10.119546
1755401606921,0.299103,0.020937,9.956834
1755401606925,0.260818,-0.050847,9.712467
1755401606927,0.256032,-0.014955,9.74836
1755401606928,0.311067,0.013759,9.80818
1755401606932,0.227318,-0.058026,10.119546
1755401606933,0.289532,-0.007777,9.879965
1755401606936,0.256032,-0.029312,9.738789
1755401606938,0.284746,-0.000598,9.894321
1755401606941,0.299103,0.013759,9.856036
1755401606943,0.234497,-0.036491,9.990334
1755401606945,0.306281,0.025723,9.827323
1755401606948,0.239282,-0.026919,9.896714
1755401606950,0.248854,-0.048455,9.961619
1755401606952,0.351745,-0.002991,9.765109
1755401606955,0.246461,-0.050847,9.966406
1755401606958,0.354138,0.016152,9.753145
1755401606960,0.234497,-0.081954,10.00469
1755401606962,0.289532,0.00658,9.882358
1755401606965,0.291924,-0.055633,9.822537
1755401606967,0.267996,-0.029312,9.952048
1755401606969,0.308674,0.030508,9.736395
1755401606972,0.248854,-0.08674,10.031012
1755401606974,0.320638,0.016152,9.82493
1755401606976,0.258425,-0.065204,9.879965
1755401606979,0.256032,-0.029312,9.966406
1755401606981,0.318245,0.018544,9.74836
1755401606984,0.232104,-0.074776,10.00469
1755401606986,0.318245,0.052044,9.789038
1755401606988,0.258425,-0.058026,9.91825
1755401606991,0.277567,0.001795,9.966406
1755401606993,0.303888,-0.017348,9.781859
1755401606995,0.215354,-0.058026,9.956834
1755401606998,0.342174,0.025723,9.74836
1755401607000,0.200997,-0.089133,9.966406
1755401607003,0.284746,0.020937,9.870394
1755401607005,0.277567,-0.010169,9.815358
1755401607008,0.229711,-0.014955,9.980762
1755401607011,0.356531,0.035294,9.779466
1755401607012,0.234497,-0.058026,9.954441
1755401607015,0.315853,0.00658,9.769895
1755401607017,0.289532,-0.072383,9.954441
1755401607019,0.284746,0.028116,9.829716
1755401607022,0.27996,-0.029312,9.9015
1755401607025,0.246461,-0.010169,9.934999
1755401607027,0.287139,-0.072383,9.872787
1755401607029,0.287139,-0.019741,9.949656
1755401607033,0.311067,-0.002991,9.700503
1755401607034,0.246461,-0.10349,9.939785
1755401607036,0.349352,-0.019741,9.899107
1755401607039,0.299103,-0.038883,9.889536
1755401607042,0.260818,-0.017348,9.942178
1755401607043,0.275175,0.001795,9.762716
1755401607047,0.239282,-0.072383,9.923036
1755401607049,0.277567,0.011366,9.952048
1755401607051,0.263211,-0.041276,9.913465
1755401607053,0.241675,-0.065204,9.930214
1755401607056,0.339781,0.035294,9.719646
1755401607059,0.253639,-0.055633,9.923036
1755401607061,0.303888,0.02333,9.964012
1755401607063,0.294317,-0.026919,9.872787
1755401607065,0.224925,-0.036491,9.872787
1755401607067,0.306281,-0.005384,9.731609
1755401607070,0.234497,-0.077169,9.942178
1755401607072,0.287139,0.020937,9.949656
1755401607076,0.299103,-0.012562,9.860822
1755401607078,0.263211,-0.048455,9.88475
1755401607080,0.311067,0.011366,9.784252
1755401607082,0.222533,-0.06999,9.975977
1755401607084,0.289532,0.011366,9.858429
1755401607087,0.284746,-0.038883,9.832108
1755401607089,0.272782,-0.026919,9.980762
1755401607091,0.306281,-0.010169,9.851251
1755401607094,0.227318,-0.089133,9.868001
1755401607096,0.327817,0.008973,9.760324
1755401607099,0.260818,-0.010169,9.964012
1755401607101,0.291924,-0.024526,9.999905
1755401607103,0.282353,-0.043669,9.812965
1755401607106,0.275175,-0.034098,9.745967
1755401607108,0.299103,0.013759,9.74836
1755401607111,0.248854,-0.026919,10.074082
1755401607114,0.306281,0.008973,9.968799
1755401607116,0.246461,-0.029312,9.717253
1755401607118,0.224925,-0.007777,9.801002
1755401607120,0.332602,-0.043669,10.07169
1755401607123,0.27996,-0.046062,9.903893
1755401607125,0.325424,-0.007777,9.638289
1755401607128,0.239282,-0.010169,9.959227
1755401607130,0.291924,-0.002991,10.088439
1755401607132,0.258425,-0.046062,9.750752
1755401607135,0.256032,-0.019741,9.836894
1755401607137,0.349352,0.001795,10.016655
1755401607139,0.232104,-0.036491,9.863214
1755401607144,0.289532,0.008973,9.671789
1755401607146,0.253639,-0.041276,10.100404
1755401607147,0.294317,-0.012562,9.834501
1755401607149,0.239282,-0.026919,9.805787
1755401607152,0.265603,-0.038883,9.913465
1755401607154,0.29671,0.00658,9.865608
1755401607156,0.253639,-0.007777,9.947263
1755401607159,0.27996,-0.017348,9.777073
1755401607162,0.224925,-0.046062,9.947263
1755401607163,0.315853,0.02333,9.779466
1755401607166,0.224925,-0.038883,9.949656
1755401607169,0.294317,0.018544,9.9015
1755401607171,0.277567,-0.022134,9.858429
1755401607173,0.260818,-0.034098,9.959227
1755401607176,0.289532,0.025723,9.745967
1755401607178,0.239282,-0.05324,9.980762
1755401607180,0.277567,0.02333,9.834501
1755401607183,0.248854,-0.046062,9.879965
1755401607185,0.267996,0.016152,9.934999
1755401607187,0.306281,0.018544,9.82493
1755401607190,0.215354,-0.055633,9.954441
1755401607192,0.31346,0.02333,9.755538
1755401607195,0.275175,-0.060419,9.930214
1755401607197,0.299103,0.018544,9.913465
1755401607200,0.270389,-0.000598,9.80818
1755401607202,0.263211,-0.029312,9.952048
1755401607204,0.299103,0.001795,9.810573
1755401607206,0.244068,-0.029312,9.942178
1755401607209,0.291924,-0.017348,9.820144
1755401607212,0.236889,-0.072383,9.911072
1755401607214,0.239282,-0.034098,9.899107
1755401607216,0.275175,-0.005384,9.872787
1755401607219,0.246461,-0.031705,9.879965
1755401607221,0.301496,-0.038883,9.887143
1755401607223,0.275175,-0.005384,9.879965
1755401607226,0.29671,-0.034098,9.879965
1755401607229,0.284746,-0.036491,9.879965
1755401607233,0.236889,-0.019741,9.88475
1755401607234,0.205783,-0.007777,9.865608
1755401607235,0.263211,-0.019741,9.899107
1755401607238,0.236889,0.011366,9.877572
1755401607240,0.27996,-0.038883,9.836894
1755401607242,0.289532,-0.036491,9.908679
1755401607245,0.277567,-0.010169,9.875179
1755401607247,0.294317,-0.026919,9.906285
1755401607250,0.251246,-0.010169,9.865608
1755401607252,0.267996,-0.019741,9.846465
1755401607255,0.282353,-0.026919,9.9015
1755401607257,0.256032,-0.048455,9.879965
1755401607259,0.291924,-0.043669,9.868001
1755401607261,0.287139,-0.012562,9.88475
1755401607264,0.253639,-0.007777,9.903893
1755401607266,0.306281,-0.050847,9.947263
1755401607269,0.29671,-0.005384,9.887143
1755401607271,0.287139,-0.012562,9.896714
1755401607273,0.291924,-0.007777,9.844072
1755401607276,0.260818,-0.010169,9.894321
1755401607278,0.27996,-0.026919,9.942178
1755401607281,0.258425,-0.010169,9.88475
1755401607284,0.29671,-0.000598,9.9015
1755401607285,0.294317,0.018544,9.860822
1755401607288,0.256032,-0.019741,9.903893
1755401607291,0.294317,-0.010169,9.872787
1755401607293,0.265603,-0.029312,9.872787
1755401607295,0.275175,-0.046062,9.836894
1755401607298,0.267996,-0.014955,9.961619
1755401607300,0.284746,-0.029312,9.868001
1755401607303,0.260818,-0.034098,9.82493
1755401607305,0.318245,0.016152,9.832108
1755401607307,0.275175,-0.019741,9.975977
1755401607310,0.27996,-0.041276,9.896714
1755401607312,0.284746,-0.031705,9.805787
1755401607314,0.251246,-0.026919,9.896714
1755401607317,0.315853,0.02333,9.959227
1755401607319,0.270389,-0.002991,9.772287
1755401607322,0.272782,-0.007777,9.870394
1755401607324,0.294317,0.00658,9.836894
1755401607326,0.256032,-0.034098,10.00469
1755401607329,0.258425,-0.002991,9.877572
1755401607331,0.272782,-0.000598,9.734002
1755401607335,0.27996,-0.024526,9.911072
1755401607336,0.323031,-0.007777,9.851251
1755401607339,0.267996,-0.041276,9.956834
1755401607341,0.263211,-0.010169,9.853643
1755401607344,0.294317,-0.010169,9.858429
1755401607345,0.244068,-0.022134,9.949656
1755401607348,0.301496,-0.026919,9.793823
1755401607350,0.267996,-0.038883,9.832108
1755401607353,0.33021,0.018544,9.860822
1755401607355,0.284746,-0.043669,10.026226
1755401607357,0.291924,-0.022134,9.879965
1755401607360,0.29671,-0.019741,9.80818
1755401607362,0.263211,-0.024526,9.987941
1755401607365,0.306281,-0.010169,9.832108
1755401607367,0.234497,-0.072383,9.793823
1755401607369,0.256032,-0.022134,9.839287
1755401607372,0.258425,-0.026919,9.954441
1755401607374,0.265603,-0.017348,9.903893
1755401607377,0.282353,-0.012562,9.870394
1755401607379,0.251246,-0.060419,9.966406
1755401607382,0.287139,-0.012562,9.762716
1755401607384,0.263211,-0.055633,9.930214
1755401607387,0.284746,0.030508,9.793823
1755401607389,0.265603,-0.048455,9.925428
1755401607391,0.282353,-0.014955,9.853643
1755401607394,0.217747,-0.010169,9.889536
1755401607396,0.253639,-0.014955,9.877572
1755401607399,0.31346,-0.007777,9.88475
1755401607401,0.277567,-0.005384,9.875179
1755401607403,0.258425,-0.002991,9.839287
1755401607405,0.263211,0.011366,9.9015
1755401607408,0.275175,-0.022134,9.853643
1755401607410,0.232104,0.016152,9.810573
1755401607413,0.284746,-0.014955,9.844072
1755401607416,0.411565,-0.06999,10.191331
1755401607418,0.236889,-0.026919,9.815358
1755401607420,0.375673,-0.096311,10.069297
1755401607422,0.425922,-0.079561,10.100404
1755401607424,0.334995,-0.026919,10.028619
1755401607427,0.490529,-0.089133,9.980762
1755401607429,0.265603,0.054437,10.287044
1755401607432,0.394816,-0.074776,9.894321
1755401607434,0.425922,-0.096311,10.212866
1755401607437,0.349352,-0.012562,10.14826
1755401607439,0.753739,-0.144168,10.835299
1755401607442,0.291924,0.00658,9.930214
1755401607444,0.267996,-0.017348,9.827323
1755401607446,0.164806,0.004187,9.671789
1755401607448,0.275175,-0.014955,9.930214
1755401607451,0.248854,-0.002991,9.899107
1755401607454,0.29671,-0.022134,9.939785
1755401607456,0.258425,-0.002991,9.899107
1755401607458,0.246461,0.020937,9.832108
1755401607461,0.303888,-0.019741,9.868001
1755401607463,0.29671,-0.014955,9.894321
1755401607465,0.256032,-0.031705,9.863214
1755401607468,0.287139,-0.036491,9.853643
1755401607471,0.282353,-0.017348,9.836894
1755401607473,0.256032,0.011366,9.896714
1755401607475,0.248854,-0.005384,9.863214
1755401607477,0.253639,-0.055633,9.844072
1755401607479,0.265603,-0.014955,9.868001
1755401607482,0.253639,-0.029312,9.836894
1755401607485,0.272782,-0.034098,9.908679
1755401607487,0.306281,-0.007777,9.820144
1755401607489,0.241675,0.011366,9.983155
1755401607492,0.320638,-0.000598,9.765109
1755401607495,0.22014,-0.055633,10.026226
1755401607496,0.320638,-0.005384,9.767502
1755401607499,0.241675,-0.058026,9.973584
1755401607502,0.334995,0.02333,9.77468
1755401607504,0.265603,-0.041276,9.949656
1755401607507,0.318245,0.035294,9.793823
1755401607508,0.253639,-0.038883,9.91825
1755401607511,0.263211,0.00658,9.815358
1755401607513,0.272782,-0.034098,9.91825
1755401607515,0.282353,-0.010169,9.848858
1755401607518,0.311067,-0.048455,9.860822
1755401607520,0.270389,-0.012562,9.923036
1755401607523,0.306281,0.011366,9.834501
1755401607525,0.22014,-0.034098,10.019048
1755401607528,0.339781,0.001795,9.726824
1755401607530,0.229711,-0.029312,10.078868
1755401607532,0.287139,0.016152,9.698111
1755401607536,0.222533,-0.058026,10.066904
1755401607539,0.315853,0.020937,9.722038
1755401607541,0.210568,-0.043669,9.959227
1755401607543,0.303888,0.011366,9.863214
1755401607545,0.212961,-0.046062,9.844072
1755401607547,0.332602,-0.010169,9.968799
1755401607549,0.241675,-0.048455,9.779466
1755401607552,0.303888,0.004187,9.954441
1755401607554,0.294317,-0.031705,9.801002
1755401607556,0.299103,0.035294,9.947263
1755401607559,0.222533,-0.046062,9.812965
1755401607561,0.275175,-0.000598,9.923036
1755401607563,0.260818,-0.050847,9.846465
1755401607566,0.294317,-0.002991,9.91825
1755401607569,0.272782,-0.050847,9.803394
1755401607573,0.267996,-0.012562,9.97837
1755401607575,0.260818,-0.017348,9.803394
1755401607576,0.320638,0.011366,9.971191
1755401607578,0.282353,-0.017348,9.853643
1755401607580,0.241675,-0.036491,9.832108
1755401607583,0.253639,-0.010169,9.891929
1755401607586,0.265603,0.00658,9.913465
1755401607588,0.299103,-0.000598,9.834501
1755401607590,0.275175,-0.029312,9.887143
1755401607592,0.263211,0.001795,9.858429
1755401607595,0.224925,-0.012562,9.915857
1755401607597,0.289532,-0.012562,9.827323
1755401607599,0.287139,-0.010169,9.903893
1755401607604,0.284746,-0.010169,9.877572
1755401607605,0.301496,0.032901,9.925428
1755401607608,0.275175,0.020937,9.887143
1755401607609,0.248854,-0.005384,9.903893
1755401607611,0.289532,-0.002991,9.877572
1755401607614,0.299103,-0.026919,9.887143
1755401607617,0.320638,-0.005384,9.836894
1755401607619,0.263211,-0.036491,9.9015
1755401607622,0.299103,-0.024526,9.84168
1755401607624,0.260818,-0.014955,9.860822
1755401607626,0.275175,-0.017348,9.877572
1755401607629,0.275175,-0.010169,9.894321
1755401607630,0.260818,-0.002991,9.84168
1755401607633,0.263211,-0.029312,9.923036
1755401607635,0.332602,-0.005384,9.894321
1755401607638,0.275175,-0.007777,9.872787
1755401607640,0.256032,-0.017348,9.856036
1755401607642,0.272782,-0.031705,9.908679
1755401607646,0.287139,-0.000598,9.822537
1755401607647,0.27996,0.001795,9.980762
1755401607650,0.291924,-0.010169,9.82493
1755401607652,0.244068,-0.062812,9.973584
1755401607655,0.294317,-0.007777,9.781859
1755401607657,0.260818,-0.029312,9.949656
1755401607659,0.33021,0.028116,9.793823
1755401607662,0.265603,-0.036491,9.942178
1755401607664,0.315853,0.00658,9.820144
1755401607667,0.244068,-0.072383,9.91825
1755401607669,0.282353,0.013759,9.856036
1755401607672,0.289532,-0.046062,9.899107
1755401607675,0.275175,-0.017348,9.966406
1755401607676,0.301496,0.011366,9.762716
1755401607679,0.227318,-0.046062,10.03819
1755401607681,0.337388,0.011366,9.79143
1755401607683,0.191127,-0.067597,9.961619
1755401607686,0.334995,0.037687,9.635897
1755401607689,0.246461,-0.079561,10.090832
1755401607691,0.267996,-0.019741,9.844072
1755401607693,0.267996,-0.060419,9.839287
1755401607695,0.263211,-0.005384,9.964012
1755401607698,0.311067,-0.010169,9.851251
1755401607700,0.224925,-0.034098,9.853643
1755401607703,0.318245,0.011366,9.882358
1755401607705,0.291924,-0.062812,10.019048
1755401607708,0.29671,-0.005384,9.674182
1755401607710,0.258425,-0.06999,9.985548
1755401607712,0.299103,0.013759,9.77468
1755401607715,0.260818,-0.034098,9.877572
1755401607717,0.246461,-0.019741,10.074082
1755401607719,0.27996,-0.029312,9.765109
1755401607723,0.260818,-0.017348,9.915857
1755401607724,0.327817,-0.007777,9.834501
1755401607726,0.239282,-0.055633,9.896714
1755401607729,0.311067,0.004187,9.781859
1755401607731,0.253639,-0.034098,10.083653
1755401607734,0.29671,0.044865,9.784252
1755401607736,0.195912,-0.065204,9.911072
1755401607740,0.325424,0.00658,9.695718
1755401607742,0.284746,-0.062812,9.990334
1755401607744,0.289532,0.00658,9.84168
1755401607746,0.282353,-0.024526,9.91825
1755401607749,0.263211,0.016152,9.932607
1755401607750,0.31346,-0.038883,9.834501
1755401607753,0.265603,-0.029312,10.019048
1755401607757,0.303888,-0.012562,9.769895
1755401607758,0.236889,-0.019741,10.059726
1755401607760,0.308674,0.011366,9.712467
1755401607763,0.210568,-0.019741,9.999905
1755401607765,0.325424,0.035294,9.726824
1755401607767,0.224925,-0.014955,9.971191
1755401607770,0.299103,0.00658,9.784252
1755401607772,0.205783,-0.050847,9.975977
1755401607776,0.337388,0.032901,9.786645
1755401607777,0.224925,-0.043669,9.992726
1755401607782,0.351745,0.001795,9.801002
1755401607783,0.246461,-0.084347,9.997512
1755401607784,0.325424,0.030508,9.781859
1755401607786,0.229711,-0.067597,10.002297
1755401607789,0.327817,0.020937,9.745967
1755401607792,0.200997,-0.048455,10.035797
1755401607794,0.315853,0.020937,9.743574
1755401607796,0.267996,-0.036491,10.05494
1755401607798,0.315853,0.028116,9.702896
1755401607801,0.258425,-0.060419,10.03819
1755401607803,0.291924,0.018544,9.707682
1755401607806,0.200997,-0.055633,10.026226
1755401607808,0.301496,0.016152,9.717253
1755401607811,0.234497,-0.058026,10.009477
1755401607813,0.265603,0.001795,9.781859
1755401607815,0.246461,-0.034098,9.968799
1755401607817,0.306281,-0.010169,9.820144
1755401607820,0.212961,-0.041276,9.954441
1755401607823,0.267996,-0.022134,9.817751
1755401607825,0.265603,-0.026919,9.906285
1755401607828,0.289532,-0.014955,9.856036
1755401607830,0.294317,-0.017348,9.911072
1755401607832,0.260818,0.004187,9.858429
1755401607834,0.289532,0.001795,9.872787
1755401607837,0.282353,-0.002991,9.887143
1755401607839,0.306281,-0.012562,9.856036
1755401607842,0.258425,-0.026919,9.863214
1755401607844,0.282353,0.001795,9.875179
1755401607846,0.299103,0.00658,9.896714
1755401607849,0.272782,-0.014955,9.875179
1755401607852,0.239282,0.020937,9.896714
1755401607853,0.267996,0.018544,9.88475
1755401607856,0.301496,-0.026919,9.879965
1755401607858,0.291924,-0.029312,9.899107
1755401607861,0.320638,-0.060419,9.903893
1755401607863,0.267996,-0.026919,9.88475
1755401607866,0.267996,-0.014955,9.889536
1755401607868,0.289532,-0.024526,9.870394
1755401607871,0.294317,-0.022134,9.887143
1755401607873,0.265603,-0.002991,9.889536
1755401607876,0.236889,-0.019741,9.908679
1755401607879,0.251246,-0.034098,9.865608
1755401607880,0.248854,-0.022134,9.846465
1755401607882,0.289532,-0.026919,9.882358
1755401607884,0.272782,0.011366,9.911072
1755401607887,0.303888,0.00658,9.844072
1755401607890,0.275175,-0.012562,9.865608
1755401607893,0.287139,0.018544,9.848858
1755401607895,0.267996,0.013759,9.91825
1755401607897,0.29671,-0.014955,9.846465
1755401607899,0.284746,-0.002991,9.858429
1755401607902,0.284746,-0.012562,9.877572
1755401607904,0.234497,-0.005384,9.848858
1755401607907,0.260818,0.008973,9.88475
1755401607911,0.272782,-0.046062,9.872787
1755401607912,0.272782,-0.024526,9.908679
1755401607913,0.267996,-0.038883,9.870394
1755401607916,0.251246,0.016152,9.870394
1755401607918,0.284746,0.004187,9.868001
1755401607920,0.327817,0.004187,9.894321
1755401607923,0.29671,-0.019741,9.832108
1755401607928,0.270389,-0.067597,9.834501
1755401607929,0.263211,-0.010169,9.980762
1755401607931,0.301496,0.05683,9.877572
1755401607933,0.258425,-0.024526,9.879965
1755401607935,0.31346,-0.077169,9.853643
1755401607937,0.303888,-0.022134,9.829716
1755401607940,0.282353,-0.010169,9.870394
1755401607944,0.275175,0.008973,9.868001
1755401607945,0.251246,-0.019741,9.937392
1755401607948,0.248854,0.02333,9.88475
1755401607949,0.275175,0.004187,9.964012
1755401607952,0.265603,-0.014955,9.896714
1755401607954,0.265603,-0.038883,9.803394
1755401607956,0.246461,-0.038883,9.820144
1755401607959,0.270389,-0.046062,9.858429
1755401607962,0.272782,0.00658,9.968799
1755401607964,0.265603,0.020937,9.88475
1755401607966,0.256032,0.00658,9.961619
1755401607968,0.282353,-0.031705,9.863214
1755401607971,0.306281,-0.089133,9.789038
1755401607973,0.260818,-0.091525,9.856036
1755401607976,0.277567,-0.010169,9.877572
1755401607979,0.289532,0.032901,9.999905
1755401607982,0.267996,0.020937,9.91825
1755401607983,0.272782,-0.031705,9.877572
1755401607985,0.260818,-0.067597,9.801002
1755401607987,0.315853,-0.048455,9.839287
1755401607990,0.277567,-0.038883,9.930214
1755401607992,0.294317,0.011366,9.872787
1755401607995,0.258425,0.032901,9.995119
1755401607998,0.256032,-0.014955,9.920643
1755401608000,0.265603,-0.055633,9.781859
1755401608002,0.265603,-0.091525,9.80818
1755401608004,0.315853,-0.002991,9.848858
1755401608007,0.27996,-0.002991,9.932607
1755401608009,0.291924,0.035294,9.875179
1755401608012,0.270389,-0.007777,9.896714
1755401608014,0.303888,-0.034098,9.812965
1755401608016,0.29671,-0.055633,9.817751
1755401608019,0.303888,-0.048455,9.863214
1755401608021,0.308674,0.028116,9.872787
1755401608024,0.270389,0.030508,9.968799
1755401608026,0.277567,0.018544,9.934999
1755401608029,0.251246,-0.026919,9.815358
1755401608031,0.287139,-0.065204,9.784252
1755401608033,0.287139,-0.005384,9.899107
1755401608036,0.29671,0.004187,9.949656
1755401608038,0.263211,0.049651,9.88475
1755401608041,0.277567,0.030508,9.923036
1755401608043,0.22014,-0.022134,9.863214
1755401608047,0.272782,-0.043669,9.894321
1755401608048,0.267996,-0.007777,9.91825
1755401608050,0.277567,-0.007777,9.877572
1755401608052,0.258425,-0.067597,9.863214
1755401608055,0.27996,-0.043669,9.891929
1755401608057,0.260818,-0.012562,9.899107
1755401608059,0.270389,0.00658,9.891929
1755401608063,0.272782,-0.010169,9.868001
1755401608065,0.272782,-0.06999,9.863214
1755401608067,0.315853,-0.007777,9.908679
1755401608069,0.258425,-0.012562,9.887143
1755401608071,0.263211,-0.010169,9.88475
1755401608074,0.277567,-0.038883,9.851251
1755401608076,0.294317,-0.022134,9.887143
1755401608080,0.323031,-0.010169,9.882358
1755401608081,0.303888,-0.036491,9.891929
1755401608083,0.275175,0.004187,9.860822
1755401608086,0.291924,-0.000598,9.875179
1755401608088,0.277567,-0.002991,9.865608
1755401608091,0.256032,-0.029312,9.952048
1755401608093,0.301496,-0.000598,9.836894
1755401608097,0.301496,0.008973,9.903893
1755401608099,0.270389,0.032901,9.954441
1755401608101,0.263211,-0.010169,9.796216
1755401608103,0.256032,-0.038883,9.856036
1755401608105,0.287139,-0.022134,9.851251
1755401608107,0.253639,-0.038883,9.84168
1755401608110,0.277567,-0.036491,9.865608
1755401608114,0.27996,-0.012562,9.961619
1755401608115,0.291924,-0.002991,9.817751
1755401608117,0.246461,0.013759,9.980762
1755401608119,0.260818,-0.010169,9.927821
1755401608122,0.277567,-0.010169,9.88475
1755401608124,0.301496,-0.055633,9.934999
1755401608126,0.287139,-0.010169,9.832108
1755401608131,0.265603,-0.050847,9.853643
1755401608133,0.272782,-0.019741,9.846465
1755401608134,0.253639,-0.017348,9.911072
1755401608136,0.315853,-0.005384,9.812965
1755401608139,0.301496,-0.017348,10.009477
1755401608141,0.291924,-0.017348,9.853643
1755401608144,0.287139,-0.026919,9.927821
1755401608147,0.256032,-0.007777,9.9015
1755401608151,0.236889,0.00658,9.827323
1755401608152,0.303888,-0.050847,9.906285
1755401608153,0.289532,-0.036491,9.870394
1755401608155,0.29671,-0.019741,9.939785
1755401608159,0.275175,-0.019741,9.82493
1755401608160,0.248854,-0.022134,9.891929
1755401608162,0.299103,0.004187,9.891929
1755401608165,0.267996,-0.048455,9.894321
1755401608167,0.212961,-0.017348,9.810573
1755401608170,0.22014,0.00658,9.820144
1755401608172,0.289532,0.008973,9.947263
1755401608174,0.229711,-0.007777,9.801002
1755401608177,0.282353,0.025723,10.00469
1755401608179,0.244068,-0.002991,9.832108
1755401608182,0.232104,-0.019741,9.875179
1755401608184,0.263211,0.001795,9.817751
1755401608187,0.339781,-0.046062,9.985548
1755401608189,0.346959,-0.026919,9.934999
1755401608191,0.272782,-0.034098,9.820144
1755401608193,0.370888,-0.041276,9.911072
1755401608196,0.294317,-0.022134,9.853643
1755401608199,0.253639,-0.012562,9.932607
1755401608203,0.275175,-0.022134,9.851251
1755401608204,0.267996,-0.010169,9.887143
1755401608206,0.277567,-0.010169,9.858429
1755401608208,0.299103,-0.024526,9.934999
1755401608211,0.251246,0.001795,9.872787
1755401608213,0.256032,-0.026919,9.875179
1755401608216,0.256032,-0.031705,9.889536
1755401608218,0.29671,-0.041276,9.896714
1755401608221,0.251246,-0.010169,9.911072
1755401608222,0.265603,-0.010169,9.899107
1755401608225,0.291924,-0.005384,9.879965
1755401608228,0.299103,-0.017348,9.927821
1755401608230,0.265603,-0.010169,9.848858
1755401608233,0.263211,-0.010169,9.906285
1755401608235,0.270389,-0.007777,9.796216
1755401608238,0.29671,-0.046062,9.915857
1755401608239,0.272782,-0.017348,9.810573
1755401608242,0.224925,-0.058026,9.964012
1755401608244,0.265603,-0.022134,9.805787
1755401608247,0.256032,-0.031705,9.949656
1755401608250,0.27996,-0.010169,9.803394
1755401608253,0.239282,-0.005384,9.952048
1755401608255,0.284746,0.011366,9.820144
1755401608256,0.263211,-0.050847,9.915857
1755401608259,0.272782,-0.024526,9.856036
1755401608261,0.251246,-0.046062,9.903893
1755401608263,0.303888,-0.029312,9.927821
1755401608267,0.265603,-0.038883,9.856036
1755401608270,0.301496,-0.014955,9.968799
1755401608271,0.267996,-0.014955,9.860822
1755401608273,0.282353,-0.022134,9.836894
1755401608275,0.291924,-0.000598,9.856036
1755401608277,0.303888,-0.024526,9.903893
1755401608280,0.289532,0.008973,9.942178
1755401608284,0.282353,-0.036491,9.836894
1755401608285,0.301496,-0.022134,9.937392
1755401608287,0.270389,0.001795,9.908679
1755401608289,0.284746,-0.031705,9.875179
1755401608292,0.241675,-0.038883,9.944571
1755401608294,0.277567,-0.041276,9.707682
1755401608297,0.265603,-0.014955,9.887143
1755401608300,0.320638,-0.005384,9.844072
1755401608303,0.251246,-0.000598,9.947263
1755401608304,0.275175,-0.014955,9.942178
1755401608306,0.275175,0.001795,9.927821
1755401608309,0.33021,-0.031705,9.827323
1755401608311,0.284746,-0.007777,9.79143
1755401608313,0.289532,-0.026919,9.812965
1755401608316,0.267996,-0.005384,9.964012
1755401608319,0.299103,-0.026919,9.923036
1755401608322,0.256032,-0.026919,9.870394
1755401608323,0.272782,-0.036491,9.887143
1755401608325,0.251246,0.011366,9.741181
1755401608328,0.29671,-0.022134,9.877572
1755401608330,0.294317,-0.017348,9.863214
1755401608333,0.275175,-0.022134,9.990334
1755401608335,0.27996,-0.000598,9.851251
1755401608337,0.287139,-0.005384,9.872787
1755401608340,0.282353,-0.010169,9.844072
1755401608343,0.270389,-0.031705,9.903893
1755401608345,0.299103,-0.043669,9.882358
1755401608347,0.272782,-0.014955,9.858429
1755401608350,0.258425,-0.010169,9.9015
1755401608353,0.311067,-0.010169,9.894321
1755401608354,0.287139,0.00658,9.863214
1755401608357,0.291924,-0.029312,9.863214
1755401608359,0.277567,-0.024526,9.872787
1755401608362,0.270389,-0.034098,9.903893
1755401608364,0.272782,-0.026919,9.875179
1755401608366,0.287139,-0.026919,9.875179
1755401608369,0.289532,-0.029312,9.889536
1755401608371,0.265603,-0.038883,9.906285
1755401608373,0.287139,0.004187,9.899107
1755401608376,0.289532,-0.007777,9.899107
1755401608378,0.294317,-0.019741,9.887143
1755401608381,0.311067,0.004187,9.889536
1755401608383,0.291924,-0.029312,9.865608
1755401608385,0.277567,-0.026919,9.899107
1755401608388,0.275175,-0.017348,9.877572
1755401608390,0.27996,-0.012562,9.887143
1755401608392,0.275175,-0.024526,9.851251
1755401608395,0.287139,-0.017348,9.887143
1755401608397,0.248854,-0.022134,9.899107
1755401608400,0.282353,-0.031705,9.891929
1755401608403,0.236889,-0.019741,9.851251
1755401608405,0.265603,-0.029312,9.868001
1755401608407,0.267996,-0.022134,9.882358
1755401608409,0.277567,-0.024526,9.875179
1755401608411,0.267996,-0.002991,9.882358
1755401608414,0.263211,0.004187,9.865608
1755401608417,0.270389,0.00658,9.889536
1755401608419,0.265603,-0.034098,9.903893
1755401608422,0.265603,0.001795,9.879965
1755401608424,0.251246,-0.022134,9.868001
1755401608426,0.263211,-0.036491,9.879965
1755401608428,0.294317,0.00658,9.91825
1755401608431,0.275175,-0.024526,9.896714
1755401608433,0.289532,-0.022134,9.925428
1755401608436,0.224925,-0.055633,9.88475
1755401608440,0.323031,-0.034098,9.937392
1755401608441,0.263211,-0.014955,9.846465
1755401608443,0.246461,0.001795,9.851251
1755401608445,0.299103,-0.034098,9.913465
1755401608447,0.246461,0.001795,9.822537
1755401608450,0.272782,-0.005384,9.858429
1755401608453,0.251246,-0.002991,9.877572
1755401608455,0.282353,-0.034098,9.834501
1755401608457,0.289532,-0.005384,9.877572
1755401608459,0.246461,-0.022134,9.858429
1755401608462,0.291924,-0.041276,9.872787
1755401608465,0.287139,-0.022134,9.887143
1755401608467,0.272782,-0.031705,9.848858
1755401608470,0.272782,-0.060419,9.913465
1755401608472,0.327817,-0.007777,9.812965
1755401608474,0.236889,-0.026919,9.906285
1755401608476,0.311067,-0.014955,9.827323
1755401608479,0.284746,-0.074776,9.944571
1755401608481,0.294317,0.011366,9.805787
1755401608484,0.246461,-0.022134,9.91825
1755401608486,0.299103,0.020937,9.834501
1755401608489,0.287139,-0.010169,9.947263
1755401608491,0.327817,-0.019741,9.858429
1755401608493,0.256032,-0.024526,9.985548
1755401608495,0.282353,0.008973,9.856036
1755401608498,0.256032,-0.043669,9.889536
1755401608500,0.277567,-0.041276,9.846465
1755401608503,0.236889,-0.024526,9.887143
1755401608505,0.275175,-0.007777,9.889536
1755401608507,0.229711,0.00658,9.858429
1755401608510,0.265603,-0.002991,9.88475
1755401608513,0.267996,0.020937,9.848858
1755401608515,0.277567,-0.010169,9.913465
1755401608517,0.277567,-0.014955,9.844072
1755401608519,0.299103,0.008973,9.899107
1755401608522,0.306281,-0.000598,9.875179
1755401608524,0.308674,-0.014955,9.882358
1755401608527,0.284746,-0.050847,9.908679
1755401608529,0.291924,-0.031705,9.865608
1755401608531,0.260818,-0.022134,9.894321
1755401608534,0.256032,-0.017348,9.860822
1755401608537,0.27996,-0.007777,9.899107
1755401608541,0.29671,-0.005384,9.865608
1755401608543,0.265603,-0.022134,9.887143
1755401608545,0.256032,-0.017348,9.920643
1755401608546,0.272782,-0.002991,9.88475
1755401608550,0.256032,-0.036491,9.899107
1755401608551,0.294317,-0.017348,9.863214
1755401608564,0.29671,-0.024526,9.9015
1755401608567,0.299103,-0.036491,9.875179
1755401608567,0.263211,-0.002991,9.899107
1755401608568,0.29671,-0.000598,9.872787
1755401608569,0.291924,-0.019741,9.894321
1755401608570,0.294317,0.011366,9.887143
1755401608571,0.272782,0.008973,9.889536
1755401608572,0.272782,-0.010169,9.887143
1755401608573,0.289532,-0.002991,9.875179
1755401608575,0.303888,-0.000598,9.944571
1755401608577,0.260818,0.032901,9.952048
1755401608580,0.385244,-0.043669,10.169795
1755401608582,0.301496,-0.024526,9.999905
1755401608584,0.27996,-0.043669,9.937392
1755401608586,0.258425,-0.05324,9.887143
1755401608589,0.303888,-0.038883,9.875179
1755401608591,0.253639,-0.022134,9.868001
1755401608594,0.267996,-0.007777,9.868001
1755401608596,0.277567,-0.024526,9.836894
1755401608599,0.222533,-0.034098,9.961619
1755401608601,0.282353,-0.005384,9.801002
1755401608603,0.260818,-0.06999,9.908679
1755401608606,0.29671,-0.029312,9.805787
1755401608610,0.258425,0.001795,9.937392
1755401608611,0.31346,0.020937,9.810573
1755401608613,0.270389,-0.05324,9.932607
1755401608615,0.294317,-0.005384,9.815358
1755401608618,0.29671,-0.026919,9.961619
1755401608620,0.301496,-0.002991,9.846465
1755401608623,0.256032,0.025723,9.956834
1755401608626,0.275175,-0.014955,9.839287
1755401608627,0.258425,-0.029312,9.911072
1755401608630,0.299103,-0.010169,9.899107
1755401608632,0.282353,-0.038883,9.82493
1755401608635,0.308674,-0.060419,9.839287
1755401608637,0.272782,-0.024526,9.817751
1755401608640,0.287139,-0.038883,9.894321
1755401608643,0.27996,-0.017348,9.827323
1755401608644,0.270389,-0.026919,9.961619
1755401608647,0.29671,-0.000598,9.848858
1755401608649,0.260818,-0.007777,9.959227
1755401608651,0.275175,-0.010169,9.906285
1755401608653,0.272782,-0.036491,9.863214
1755401608657,0.270389,-0.062812,9.836894
1755401608660,0.260818,-0.038883,9.844072
1755401608662,0.287139,-0.067597,9.868001
1755401608663,0.256032,-0.031705,9.829716
1755401608666,0.239282,0.020937,9.997512
1755401608669,0.232104,0.047258,9.879965
1755401608670,0.248854,-0.029312,9.937392
1755401608673,0.29671,-0.017348,9.88475
1755401608676,0.291924,-0.026919,9.798609
1755401608678,0.277567,-0.067597,9.832108
1755401608680,0.284746,-0.038883,9.848858
1755401608682,0.289532,-0.022134,9.947263
1755401608685,0.256032,-0.031705,9.851251
1755401608687,0.241675,0.001795,9.968799
1755401608689,0.282353,-0.007777,9.934999
1755401608692,0.239282,-0.024526,9.817751
1755401608695,0.260818,-0.072383,9.80818
1755401608697,0.29671,-0.022134,9.829716
1755401608699,0.256032,-0.010169,9.937392
1755401608702,0.256032,0.028116,9.817751
1755401608704,0.251246,0.00658,9.973584
1755401608706,0.277567,0.008973,9.944571
1755401608709,0.253639,-0.012562,9.834501
1755401608711,0.287139,-0.041276,9.803394
1755401608713,0.306281,-0.048455,9.839287
1755401608716,0.275175,-0.038883,9.932607
1755401608718,0.265603,0.008973,9.851251
1755401608721,0.270389,0.008973,9.97837
1755401608723,0.236889,0.018544,9.934999
1755401608725,0.244068,-0.014955,9.858429
1755401608728,0.27996,-0.048455,9.834501
1755401608730,0.291924,-0.050847,9.82493
1755401608733,0.282353,-0.031705,9.879965
1755401608735,0.29671,0.008973,9.853643
1755401608737,0.275175,0.030508,9.995119
1755401608740,0.294317,0.028116,9.925428
1755401608743,0.270389,-0.014955,9.865608
1755401608745,0.265603,-0.05324,9.829716
1755401608747,0.334995,-0.019741,9.798609
1755401608749,0.282353,-0.010169,9.858429
1755401608752,0.265603,0.025723,9.856036
1755401608754,0.270389,-0.010169,9.999905
1755401608757,0.282353,-0.007777,9.937392
1755401608760,0.308674,-0.036491,9.851251
1755401608762,0.289532,-0.096311,9.829716
1755401608765,0.301496,-0.067597,9.832108
1755401608766,0.241675,-0.060419,9.896714
1755401608769,0.291924,-0.000598,9.832108
1755401608772,0.282353,0.02333,10.009477
1755401608773,0.289532,0.011366,9.932607
1755401608776,0.272782,-0.036491,9.834501
1755401608778,0.258425,-0.055633,9.860822
1755401608780,0.299103,-0.065204,9.812965
1755401608783,0.265603,-0.038883,9.863214
1755401608785,0.270389,0.001795,9.829716
1755401608788,0.270389,0.013759,9.995119
1755401608790,0.31346,0.018544,9.899107
1755401608793,0.244068,-0.06999,9.865608
1755401608795,0.224925,-0.06999,9.853643
1755401608799,0.270389,-0.05324,9.82493
1755401608800,0.272782,-0.024526,9.836894
1755401608803,0.291924,0.018544,9.851251
1755401608805,0.289532,0.025723,9.980762
1755401608807,0.272782,-0.024526,9.899107
1755401608811,0.244068,-0.022134,9.860822
1755401608814,0.287139,-0.034098,9.863214
1755401608816,0.270389,-0.026919,9.82493
1755401608818,0.287139,-0.026919,9.875179
1755401608820,0.253639,-0.005384,9.868001
1755401608823,0.260818,0.020937,9.956834
1755401608824,0.251246,-0.014955,9.91825
1755401608828,0.265603,-0.055633,9.820144
1755401608829,0.253639,-0.079561,9.827323
1755401608831,0.282353,-0.017348,9.870394
1755401608833,0.299103,-0.022134,9.913465
1755401608836,0.29671,0.018544,9.836894
1755401608839,0.282353,0.028116,9.923036
1755401608841,0.289532,0.004187,9.88475
1755401608843,0.284746,-0.026919,9.817751
1755401608846,0.277567,-0.050847,9.836894
1755401608848,0.272782,-0.024526,9.860822
1755401608850,0.263211,0.00658,9.954441
1755401608853,0.27996,0.02333,9.877572
1755401608855,0.27996,-0.024526,9.913465
1755401608858,0.291924,-0.043669,9.858429
1755401608860,0.284746,-0.048455,9.848858
1755401608863,0.248854,-0.029312,9.882358
1755401608865,0.277567,-0.012562,9.887143
1755401608867,0.260818,0.030508,9.920643
1755401608869,0.27996,-0.029312,9.899107
1755401608872,0.251246,-0.065204,9.84168
1755401608875,0.284746,-0.043669,9.858429
1755401608876,0.287139,-0.007777,9.870394
1755401608880,0.27996,0.00658,9.923036
1755401608883,0.282353,-0.002991,9.894321
1755401608884,0.282353,-0.026919,9.891929
1755401608886,0.263211,-0.024526,9.863214
1755401608889,0.29671,0.011366,9.868001
1755401608891,0.287139,-0.000598,9.848858
1755401608893,0.284746,-0.000598,9.899107
1755401608895,0.299103,-0.007777,9.851251
1755401608898,0.253639,-0.002991,9.9015
1755401608900,0.289532,0.001795,9.882358
1755401608903,0.270389,-0.029312,9.877572
1755401608905,0.263211,-0.036491,9.877572
1755401608907,0.267996,-0.017348,9.894321
1755401608910,0.248854,-0.002991,9.9015
1755401608913,0.253639,-0.036491,9.9015
1755401608915,0.248854,-0.017348,9.894321
1755401608917,0.253639,-0.010169,9.891929
1755401608920,0.29671,-0.029312,9.875179
1755401608922,0.232104,-0.036491,9.882358
1755401608925,0.291924,-0.046062,9.882358
1755401608927,0.27996,-0.024526,9.875179
1755401608929,0.256032,-0.034098,9.877572
1755401608932,0.272782,-0.029312,9.894321
1755401608934,0.253639,-0.041276,9.891929
1755401608937,0.31346,-0.014955,9.863214
1755401608939,0.284746,-0.000598,9.88475
1755401608942,0.272782,-0.031705,9.887143
1755401608944,0.291924,-0.019741,9.879965
1755401608947,0.29671,-0.012562,9.908679
1755401608949,0.27996,-0.012562,9.839287
1755401608951,0.287139,-0.024526,9.930214
1755401608953,0.265603,-0.022134,9.870394
1755401608955,0.282353,-0.000598,9.88475
1755401608958,0.232104,0.00658,9.896714
1755401608961,0.244068,0.008973,9.793823
1755401608964,0.275175,-0.034098,9.980762
1755401608967,0.256032,-0.019741,9.786645
1755401608968,0.287139,0.004187,9.985548
1755401608970,0.234497,0.028116,9.77468
1755401608972,0.323031,-0.000598,9.952048
1755401608975,0.294317,-0.038883,9.798609
1755401608977,0.327817,0.00658,9.882358
1755401608980,0.258425,-0.034098,9.932607
1755401608983,0.325424,-0.029312,9.817751
1755401608984,0.244068,-0.05324,9.930214
1755401608987,0.299103,0.020937,9.827323
1755401608989,0.260818,0.004187,9.925428
1755401608991,0.306281,-0.007777,9.846465
1755401608994,0.244068,-0.029312,9.906285
1755401608998,0.303888,-0.005384,9.877572
1755401608999,0.251246,0.00658,9.889536
1755401609003,0.291924,0.018544,9.858429
1755401609004,0.239282,-0.034098,9.911072
1755401609006,0.337388,-0.019741,9.856036
1755401609008,0.246461,-0.048455,9.875179
1755401609010,0.327817,-0.007777,9.887143
1755401609013,0.251246,-0.005384,9.875179
1755401609016,0.325424,-0.000598,9.906285
1755401609018,0.229711,-0.031705,9.923036
1755401609020,0.303888,-0.007777,9.891929
1755401609022,0.27996,-0.041276,9.947263
1755401609025,0.303888,-0.046062,9.839287
1755401609027,0.256032,-0.043669,9.983155
1755401609030,0.299103,0.025723,9.781859
1755401609032,0.241675,-0.014955,9.997512
1755401609035,0.318245,-0.002991,9.784252
1755401609037,0.244068,-0.022134,9.952048
1755401609039,0.275175,-0.031705,9.877572
1755401609042,0.229711,-0.019741,9.882358
1755401609044,0.284746,-0.026919,9.882358
1755401609047,0.236889,-0.012562,9.834501
1755401609049,0.265603,-0.007777,9.903893
1755401609051,0.299103,-0.007777,9.846465
1755401609054,0.303888,-0.019741,9.939785
1755401609056,0.258425,0.018544,9.875179
1755401609059,0.272782,-0.036491,9.889536
1755401609061,0.267996,0.001795,9.896714
1755401609063,0.282353,-0.031705,9.896714
1755401609066,0.263211,-0.019741,9.865608
1755401609068,0.270389,-0.046062,9.889536
1755401609071,0.263211,-0.002991,9.865608
1755401609073,0.267996,-0.038883,9.894321
1755401609075,0.287139,0.016152,9.858429
1755401609078,0.306281,-0.036491,9.863214
1755401609080,0.303888,-0.019741,9.860822
1755401609083,0.270389,-0.005384,9.879965
1755401609085,0.272782,0.00658,9.889536
1755401609087,0.253639,-0.012562,9.868001
1755401609090,0.256032,0.00658,9.856036
1755401609092,0.291924,-0.024526,9.870394
1755401609094,0.284746,-0.010169,9.865608
1755401609097,0.272782,-0.007777,9.889536
1755401609100,0.275175,0.011366,9.891929
1755401609104,0.294317,0.001795,9.894321
1755401609105,0.270389,-0.007777,9.870394
1755401609106,0.277567,-0.031705,9.903893
1755401609109,0.244068,-0.041276,9.870394
1755401609111,0.265603,-0.019741,9.899107
1755401609114,0.282353,-0.024526,9.903893
1755401609118,0.306281,-0.005384,9.829716
1755401609120,0.246461,-0.031705,9.925428
1755401609121,0.299103,-0.002991,9.796216
1755401609124,0.229711,-0.010169,9.915857
1755401609126,0.303888,-0.026919,9.822537
1755401609128,0.284746,-0.036491,9.932607
1755401609130,0.301496,-0.017348,9.846465
1755401609133,0.244068,-0.014955,9.899107
1755401609135,0.277567,-0.014955,9.865608
1755401609138,0.232104,-0.034098,9.923036
1755401609140,0.294317,0.00658,9.863214
1755401609143,0.289532,-0.017348,9.875179
1755401609145,0.270389,-0.017348,9.882358
1755401609147,0.311067,-0.010169,9.877572
1755401609150,0.277567,-0.022134,9.889536
1755401609152,0.272782,-0.005384,9.882358
1755401609155,0.244068,-0.029312,9.889536
1755401609157,0.270389,-0.010169,9.894321
1755401609159,0.299103,-0.007777,9.875179
1755401609162,0.277567,-0.048455,9.863214
1755401609164,0.256032,-0.038883,9.882358
1755401609167,0.27996,-0.026919,9.856036
1755401609169,0.289532,-0.024526,9.887143
1755401609171,0.260818,-0.05324,9.882358
1755401609174,0.272782,-0.022134,9.863214
1755401609176,0.258425,-0.014955,9.868001
1755401609178,0.234497,-0.024526,9.877572
1755401609181,0.282353,-0.012562,9.856036
1755401609185,0.301496,-0.029312,9.891929
1755401609186,0.277567,-0.022134,9.896714
1755401609188,0.267996,-0.012562,9.882358
1755401609190,0.256032,-0.019741,9.851251
1755401609193,0.287139,-0.043669,10.011869
1755401609195,0.332602,-0.022134,10.009477
1755401609197,0.287139,-0.029312,9.894321
1755401609200,0.323031,-0.000598,9.97837
1755401609202,0.289532,-0.012562,9.896714
1755401609205,0.253639,-0.026919,9.865608
1755401609207,0.248854,-0.029312,9.891929
1755401609210,0.311067,-0.024526,9.891929
1755401609212,0.265603,-0.050847,9.872787
1755401609214,0.260818,-0.014955,9.858429
1755401609217,0.241675,-0.002991,9.899107
1755401609220,0.282353,-0.017348,9.889536
1755401609223,0.270389,-0.05324,9.899107
1755401609224,0.315853,-0.026919,9.887143
1755401609226,0.277567,-0.014955,9.856036
1755401609229,0.263211,0.008973,9.882358
1755401609231,0.308674,0.008973,9.877572
1755401609234,0.287139,0.011366,9.856036
1755401609236,0.277567,-0.031705,9.9015
1755401609239,0.272782,-0.038883,9.887143
1755401609241,0.263211,-0.017348,9.882358
1755401609243,0.256032,-0.024526,9.882358
1755401609247,0.306281,-0.017348,9.882358
1755401609248,0.320638,-0.005384,9.877572
1755401609250,0.308674,-0.002991,9.879965
1755401609253,0.282353,-0.038883,9.889536
1755401609255,0.301496,-0.024526,9.860822
1755401609258,0.31346,-0.024526,9.889536
1755401609260,0.27996,-0.019741,9.894321
1755401609262,0.244068,0.008973,9.860822
1755401609264,0.282353,-0.031705,9.858429
1755401609267,0.263211,-0.012562,9.882358
1755401609270,0.291924,-0.010169,9.891929
1755401609272,0.265603,-0.000598,9.891929
1755401609274,0.263211,-0.014955,9.870394
1755401609276,0.275175,-0.002991,9.882358
1755401609279,0.258425,-0.041276,9.872787
1755401609282,0.294317,-0.012562,9.88475
1755401609284,0.287139,-0.031705,9.889536
1755401609287,0.287139,-0.007777,9.88475
1755401609289,0.27996,0.004187,9.894321
1755401609291,0.31346,-0.031705,9.891929
1755401609293,0.251246,-0.017348,9.88475
1755401609296,0.251246,-0.034098,9.887143
1755401609298,0.282353,-0.017348,9.879965
1755401609301,0.299103,-0.031705,9.879965
1755401609303,0.260818,-0.024526,9.899107
1755401609306,0.253639,-0.024526,9.896714
1755401609308,0.27996,-0.019741,9.88475
1755401609310,0.277567,-0.026919,9.887143
1755401609313,0.308674,0.004187,9.906285
1755401609315,0.299103,-0.026919,9.827323
1755401609317,0.263211,-0.031705,9.911072
1755401609320,0.29671,-0.010169,9.817751
1755401609323,0.241675,-0.012562,9.97837
1755401609324,0.294317,0.016152,9.798609
1755401609327,0.267996,-0.038883,9.91825
1755401609329,0.325424,0.00658,9.812965
1755401609332,0.248854,-0.038883,9.934999
1755401609334,0.287139,-0.010169,9.820144
1755401609338,0.272782,-0.036491,9.911072
1755401609339,0.323031,0.008973,9.817751
1755401609342,0.258425,-0.022134,9.973584
1755401609344,0.282353,0.008973,9.846465
1755401609346,0.236889,-0.005384,9.947263
1755401609348,0.27996,-0.000598,9.793823
1755401609351,0.284746,-0.046062,9.968799
1755401609355,0.294317,0.001795,9.822537
1755401609357,0.258425,-0.029312,9.903893
1755401609358,0.270389,-0.017348,9.844072
1755401609360,0.272782,-0.024526,9.894321
1755401609363,0.282353,-0.007777,9.882358
1755401609365,0.253639,-0.005384,9.877572
1755401609368,0.284746,-0.038883,9.906285
1755401609370,0.284746,-0.010169,9.872787
1755401609373,0.263211,-0.007777,9.887143
1755401609375,0.258425,-0.031705,9.9015
1755401609377,0.301496,-0.041276,9.9015
1755401609379,0.299103,-0.024526,9.868001
1755401609382,0.248854,-0.017348,9.906285
1755401609386,0.236889,-0.019741,9.858429
1755401609387,0.282353,-0.034098,9.875179
1755401609390,0.246461,-0.034098,9.836894
1755401609392,0.229711,-0.024526,9.872787
1755401609394,0.325424,-0.050847,9.966406
1755401609396,0.277567,-0.005384,9.865608
1755401609399,0.251246,0.052044,9.961619
1755401609401,0.354138,-0.022134,10.026226
1755401609404,0.227318,0.004187,9.736395
1755401609406,0.349352,-0.077169,9.91825
1755401609409,0.323031,-0.041276,9.863214
1755401609411,0.277567,-0.014955,9.889536
1755401609413,0.275175,-0.055633,9.906285
1755401609415,0.301496,-0.026919,9.863214
1755401609418,0.265603,-0.007777,9.860822
1755401609420,0.277567,-0.024526,9.903893
1755401609423,0.260818,-0.036491,9.868001
1755401609425,0.29671,0.001795,9.839287
1755401609427,0.258425,-0.041276,9.88475
1755401609430,0.27996,0.004187,9.896714
1755401609432,0.270389,0.004187,9.868001
1755401609435,0.253639,-0.05324,9.882358
1755401609437,0.246461,-0.029312,9.88475
1755401609440,0.263211,0.004187,9.860822
1755401609442,0.267996,-0.002991,9.870394
1755401609444,0.272782,-0.031705,9.88475
1755401609447,0.301496,-0.002991,9.887143
1755401609449,0.275175,0.018544,9.858429
1755401609451,0.282353,-0.017348,9.889536
1755401609454,0.256032,-0.024526,9.870394
1755401609456,0.277567,0.001795,9.858429
1755401609460,0.263211,-0.005384,9.896714
1755401609461,0.306281,-0.012562,9.911072
1755401609463,0.265603,-0.010169,9.858429
1755401609466,0.253639,-0.000598,9.848858
1755401609468,0.289532,-0.022134,9.891929
1755401609471,0.289532,0.004187,9.856036
1755401609473,0.265603,-0.017348,9.868001
1755401609476,0.260818,-0.034098,9.872787
1755401609479,0.277567,-0.034098,9.877572
1755401609480,0.284746,-0.000598,9.872787
1755401609483,0.270389,0.001795,9.858429
1755401609485,0.282353,-0.012562,9.844072
1755401609488,0.267996,-0.017348,9.882358
1755401609490,0.287139,0.013759,9.930214
1755401609492,0.291924,-0.007777,9.853643
1755401609495,0.265603,-0.065204,9.839287
1755401609497,0.33021,0.00658,9.851251
1755401609499,0.251246,-0.002991,9.906285
1755401609502,0.270389,-0.048455,9.856036
1755401609504,0.256032,-0.041276,9.937392
1755401609508,0.244068,-0.012562,9.853643
1755401609510,0.267996,-0.014955,9.930214
1755401609511,0.291924,-0.005384,9.870394
1755401609514,0.256032,-0.007777,9.91825
1755401609516,0.282353,-0.010169,9.911072
1755401609519,0.287139,-0.000598,9.889536
1755401609521,0.27996,-0.014955,9.868001
1755401609524,0.263211,-0.022134,9.870394
1755401609526,0.239282,-0.038883,9.868001
1755401609528,0.315853,-0.007777,9.927821
1755401609531,0.294317,0.011366,9.987941
1755401609533,0.232104,-0.000598,9.772287
1755401609535,0.289532,-0.012562,9.82493
1755401609538,0.270389,-0.024526,9.817751
1755401609541,0.361316,-0.055633,9.863214
1755401609544,0.116949,0.064008,9.568898
1755401609545,0.29671,0.016152,10.081261
1755401609547,0.375673,-0.10349,9.899107
1755401609550,0.33021,-0.024526,9.762716
1755401609552,0.186341,-0.012562,9.607183
1755401609554,0.167198,-0.010169,9.619147
1755401609559,0.27996,-0.010169,9.973584
1755401609562,0.323031,0.004187,9.987941
1755401609563,0.174377,0.042473,9.91825
1755401609564,0.229711,0.054437,10.188938
1755401609566,0.303888,-0.034098,9.657433
1755401609569,0.256032,0.013759,9.992726
1755401609571,0.140877,0.02333,9.643075
1755401609574,0.346959,-0.019741,10.138689
1755401609576,-0.02662,0.080758,9.580862
1755401609578,0.234497,0.001795,9.856036
1755401609581,0.308674,-0.029312,10.00469
1755401609583,0.22014,-0.019741,9.77468
1755401609585,0.354138,-0.012562,10.002297
1755401609589,0.282353,-0.029312,9.947263
1755401609591,0.256032,-0.019741,9.815358
1755401609594,0.272782,-0.026919,9.894321
1755401609595,0.263211,-0.024526,9.863214
1755401609598,0.236889,-0.012562,9.879965
1755401609600,0.287139,-0.007777,9.877572
1755401609602,0.265603,-0.005384,9.858429
1755401609605,0.301496,-0.007777,9.875179
1755401609607,0.27996,-0.019741,9.906285
1755401609610,0.299103,0.004187,9.872787
1755401609612,0.287139,-0.000598,9.889536
1755401609614,0.275175,-0.005384,9.877572
1755401609617,0.289532,-0.034098,9.872787
1755401609619,0.320638,-0.024526,9.896714
1755401609621,0.267996,-0.014955,9.913465
1755401609624,0.229711,-0.012562,9.868001
1755401609627,0.248854,-0.012562,9.882358
1755401609629,0.277567,-0.034098,9.903893
1755401609631,0.306281,0.004187,9.891929
1755401609634,0.277567,0.004187,9.879965
1755401609636,0.275175,-0.007777,9.889536
1755401609638,0.263211,-0.019741,9.908679
1755401609641,0.277567,-0.002991,9.877572
1755401609644,0.291924,-0.017348,9.877572
1755401609646,0.29671,-0.029312,9.894321
1755401609648,0.267996,-0.038883,9.877572
1755401609650,0.27996,-0.007777,9.882358
1755401609653,0.282353,0.004187,9.9015
1755401609655,0.308674,-0.026919,9.88475
1755401609658,0.258425,0.008973,9.817751
1755401609660,0.241675,-0.000598,9.894321
1755401609663,0.27996,-0.031705,9.858429
1755401609665,0.275175,-0.022134,9.863214
1755401609667,0.260818,-0.010169,9.865608
1755401609669,0.265603,-0.014955,9.889536
1755401609672,0.263211,-0.012562,9.846465
1755401609674,0.27996,-0.000598,9.853643
1755401609677,0.289532,-0.022134,9.868001
1755401609680,0.244068,-0.019741,9.863214
1755401609681,0.263211,-0.038883,9.889536
1755401609684,0.236889,-0.012562,9.896714
1755401609686,0.256032,-0.007777,9.88475
1755401609689,0.323031,-0.002991,9.865608
1755401609692,0.275175,-0.017348,9.891929
1755401609695,0.265603,-0.005384,9.877572
1755401609698,0.260818,-0.024526,9.913465
1755401609700,0.27996,-0.041276,9.858429
1755401609701,0.267996,-0.005384,9.767502
1755401609703,0.270389,-0.024526,9.995119
1755401609705,0.291924,-0.038883,9.915857
1755401609708,0.308674,-0.000598,9.877572
1755401609711,0.246461,-0.014955,9.889536
1755401609713,0.289532,-0.002991,9.815358
1755401609715,0.270389,0.008973,9.91825
1755401609717,0.267996,-0.002991,9.860822
1755401609720,0.284746,0.008973,9.891929
1755401609722,0.29671,-0.026919,9.836894
1755401609725,0.270389,-0.010169,9.877572
1755401609727,0.284746,-0.014955,9.865608
1755401609730,0.267996,-0.012562,9.868001
1755401609732,0.306281,-0.024526,9.9015
1755401609735,0.27996,-0.019741,9.870394
1755401609737,0.277567,-0.019741,9.870394
1755401609739,0.253639,0.013759,9.913465
1755401609743,0.260818,-0.019741,9.834501
1755401609744,0.265603,-0.034098,9.91825
1755401609746,0.246461,-0.038883,9.851251
1755401609749,0.256032,0.008973,9.903893
1755401609751,0.265603,-0.002991,9.868001
1755401609753,0.267996,-0.022134,9.891929
1755401609756,0.241675,-0.019741,9.891929
1755401609758,0.291924,-0.019741,9.894321
1755401609761,0.272782,-0.005384,9.913465
1755401609763,0.282353,-0.010169,9.832108
1755401609766,0.270389,-0.019741,9.927821
1755401609768,0.267996,-0.024526,9.796216
1755401609770,0.270389,0.001795,9.995119
1755401609773,0.294317,-0.024526,9.729217
1755401609776,0.27996,-0.036491,9.975977
1755401609778,0.308674,-0.000598,9.743574
1755401609780,0.258425,-0.012562,9.985548
1755401609783,0.284746,-0.002991,9.810573
1755401609786,0.239282,-0.036491,9.923036
1755401609787,0.287139,-0.031705,9.877572
1755401609790,0.27996,-0.019741,9.829716
1755401609792,0.303888,0.004187,9.894321
1755401609794,0.248854,-0.010169,9.827323
1755401609797,0.294317,0.030508,9.911072
1755401609801,0.258425,-0.019741,9.863214
1755401609802,0.315853,-0.017348,9.863214
1755401609804,0.244068,-0.012562,9.952048
1755401609806,0.272782,-0.031705,9.82493
1755401609809,0.234497,-0.017348,9.997512
1755401609811,0.294317,-0.048455,9.798609
1755401609813,0.265603,-0.026919,9.877572
1755401609816,0.256032,-0.007777,9.9015
1755401609818,0.244068,-0.007777,9.860822
1755401609821,0.272782,-0.002991,9.968799
1755401609823,0.263211,-0.022134,9.762716
1755401609826,0.267996,-0.055633,9.959227
1755401609828,0.267996,-0.010169,9.82493
1755401609830,0.256032,-0.007777,9.915857
1755401609832,0.272782,0.011366,9.856036
1755401609835,0.236889,-0.012562,9.858429
1755401609837,0.253639,-0.002991,9.906285
1755401609840,0.272782,-0.010169,9.815358
1755401609842,0.294317,-0.019741,9.911072
1755401609844,0.260818,-0.031705,9.903893
1755401609848,0.308674,-0.014955,9.856036
1755401609850,0.258425,-0.007777,9.925428
1755401609853,0.289532,-0.029312,9.810573
1755401609854,0.248854,-0.000598,10.026226
1755401609857,0.303888,-0.007777,9.757931
1755401609859,0.299103,-0.005384,9.927821
1755401609861,0.275175,-0.024526,9.903893
1755401609864,0.256032,-0.038883,9.853643
1755401609866,0.33021,-0.034098,9.966406
1755401609868,0.294317,-0.014955,9.801002
1755401609871,0.265603,-0.048455,9.903893
1755401609873,0.263211,0.011366,9.84168
1755401609876,0.277567,0.008973,9.851251
1755401609878,0.294317,-0.022134,9.865608
1755401609882,0.275175,-0.019741,9.923036
1755401609884,0.306281,-0.012562,9.882358
1755401609885,0.277567,-0.038883,9.853643
1755401609887,0.258425,-0.007777,9.879965
1755401609890,0.270389,0.016152,9.870394
1755401609892,0.272782,-0.012562,9.903893
1755401609896,0.291924,0.004187,9.882358
1755401609899,0.27996,-0.029312,9.870394
1755401609903,0.256032,-0.026919,9.877572
1755401609904,0.29671,-0.005384,9.870394
1755401609906,0.275175,-0.022134,9.889536
1755401609907,0.260818,-0.019741,9.899107
1755401609909,0.267996,0.011366,9.88475
1755401609911,0.287139,-0.024526,9.879965
1755401609914,0.294317,-0.012562,9.877572
1755401609916,0.301496,-0.041276,9.88475
1755401609919,0.256032,-0.019741,9.896714
1755401609921,0.263211,0.001795,9.875179
1755401609924,0.258425,-0.026919,9.882358
1755401609926,0.256032,-0.010169,9.860822
1755401609928,0.299103,-0.046062,9.879965
1755401609931,0.265603,-0.019741,9.889536
1755401609933,0.291924,-0.014955,9.870394
1755401609936,0.284746,-0.019741,9.875179
1755401609938,0.284746,0.001795,9.846465
1755401609940,0.308674,0.001795,9.891929
1755401609943,0.253639,-0.010169,9.870394
1755401609945,0.251246,-0.002991,9.875179
1755401609947,0.277567,-0.012562,9.891929
1755401609950,0.263211,-0.029312,9.882358
1755401609952,0.253639,-0.014955,9.868001
1755401609955,0.267996,-0.012562,9.894321
1755401609957,0.232104,-0.005384,9.877572
1755401609960,0.287139,0.004187,9.9015
1755401609962,0.27996,-0.034098,9.879965
1755401609964,0.270389,-0.041276,9.865608
1755401609966,0.244068,-0.019741,9.875179
1755401609969,0.282353,-0.024526,9.872787
1755401609971,0.265603,-0.010169,9.865608
1755401609974,0.272782,-0.014955,9.908679
1755401609976,0.267996,-0.010169,9.829716
1755401609979,0.31346,0.004187,9.908679
1755401609982,0.260818,-0.014955,9.865608
1755401609983,0.272782,-0.014955,9.856036
1755401609987,0.244068,-0.017348,9.971191
1755401609988,0.287139,0.020937,9.79143
1755401609991,0.260818,-0.002991,9.980762
1755401609993,0.275175,-0.019741,9.82493
1755401609995,0.224925,-0.031705,9.894321
1755401609998,0.282353,-0.022134,9.937392
1755401610001,0.282353,-0.000598,9.82493
1755401610003,0.267996,-0.017348,9.870394
1755401610005,0.263211,0.00658,9.903893
1755401610007,0.29671,-0.019741,9.896714
1755401610010,0.277567,-0.022134,9.839287
1755401610012,0.263211,-0.022134,9.920643
1755401610015,0.272782,-0.026919,9.853643
1755401610018,0.267996,-0.036491,9.872787
1755401610020,0.284746,-0.024526,9.913465
1755401610024,0.265603,-0.017348,9.882358
1755401610025,0.277567,-0.010169,9.882358
1755401610027,0.272782,-0.038883,9.839287
1755401610029,0.294317,-0.055633,9.894321
1755401610031,0.289532,-0.026919,9.844072
1755401610035,0.291924,-0.014955,9.927821
1755401610038,0.289532,0.00658,9.889536
1755401610039,0.270389,0.00658,9.846465
1755401610041,0.294317,-0.000598,9.865608
1755401610044,0.291924,-0.017348,9.856036
1755401610046,0.256032,0.013759,9.899107
1755401610048,0.303888,-0.007777,9.906285
1755401610050,0.301496,-0.034098,9.88475
1755401610053,0.277567,-0.005384,9.858429
1755401610055,0.31346,-0.024526,9.903893
1755401610058,0.315853,-0.024526,9.844072
1755401610061,0.263211,-0.000598,9.870394
1755401610062,0.275175,-0.010169,9.872787
1755401610065,0.282353,-0.024526,9.868001
1755401610069,0.277567,-0.010169,9.863214
1755401610071,0.260818,-0.036491,9.891929
1755401610072,0.291924,-0.005384,9.903893
1755401610074,0.272782,-0.010169,9.899107
1755401610077,0.256032,-0.000598,9.913465
1755401610079,0.267996,-0.031705,9.889536
1755401610082,0.275175,-0.019741,9.899107
1755401610084,0.299103,-0.012562,9.9015
1755401610087,0.270389,-0.007777,9.903893
1755401610089,0.284746,-0.019741,9.903893
1755401610091,0.267996,-0.046062,9.868001
1755401610094,0.277567,-0.043669,9.88475
1755401610096,0.277567,-0.034098,9.882358
1755401610098,0.311067,-0.000598,9.88475
1755401610103,0.27996,-0.005384,9.872787
1755401610105,0.241675,-0.026919,9.903893
1755401610107,0.265603,-0.026919,9.882358
1755401610108,0.306281,-0.034098,9.887143
1755401610111,0.267996,-0.014955,9.894321
1755401610113,0.294317,0.018544,9.879965
1755401610115,0.258425,0.020937,9.839287
1755401610117,0.270389,0.008973,9.88475
1755401610120,0.263211,-0.031705,9.925428
1755401610123,0.277567,0.001795,9.810573
1755401610125,0.260818,-0.014955,9.913465
1755401610128,0.29671,-0.010169,9.856036
1755401610129,0.27996,-0.034098,9.879965
1755401610132,0.289532,-0.005384,9.891929
1755401610134,0.272782,-0.010169,9.908679
1755401610138,0.294317,-0.010169,9.836894
1755401610141,0.246461,-0.029312,9.961619
1755401610143,0.315853,-0.002991,9.848858
1755401610145,0.270389,-0.046062,9.961619
1755401610146,0.294317,-0.014955,9.856036
1755401610149,0.282353,-0.031705,9.906285
1755401610151,0.299103,-0.029312,9.913465
1755401610154,0.303888,-0.029312,9.777073
1755401610156,0.275175,-0.048455,9.891929
1755401610159,0.260818,-0.036491,9.848858
1755401610161,0.270389,-0.062812,9.915857
1755401610163,0.303888,-0.019741,9.875179
1755401610165,0.294317,0.001795,9.915857
1755401610168,0.263211,0.00658,9.858429
1755401610174,0.234497,0.004187,9.891929
1755401610176,0.323031,-0.038883,9.903893
1755401610177,0.301496,-0.031705,9.786645
1755401610178,0.241675,-0.036491,9.882358
1755401610180,0.299103,0.018544,9.858429
1755401610183,0.270389,-0.014955,9.930214
1755401610185,0.291924,-0.014955,9.877572
1755401610187,0.265603,-0.026919,9.891929
1755401610190,0.267996,-0.012562,9.896714
1755401610192,0.301496,-0.043669,9.846465
1755401610194,0.251246,-0.029312,9.891929
1755401610197,0.318245,0.013759,9.844072
1755401610199,0.239282,-0.043669,9.939785
1755401610202,0.272782,-0.010169,9.84168
1755401610204,0.27996,-0.014955,9.927821
1755401610207,0.27996,-0.026919,9.865608
1755401610209,0.29671,-0.014955,9.894321
1755401610211,0.323031,-0.034098,9.875179
1755401610213,0.258425,-0.029312,9.848858
1755401610216,0.277567,-0.058026,9.877572
1755401610218,0.277567,-0.031705,9.829716
1755401610221,0.251246,-0.017348,9.947263
1755401610224,0.284746,0.004187,9.836894
1755401610225,0.229711,-0.014955,9.903893
1755401610228,0.275175,-0.038883,9.865608
1755401610230,0.239282,-0.031705,9.844072
1755401610233,0.284746,-0.026919,9.882358
1755401610235,0.277567,0.013759,9.851251
1755401610238,0.291924,-0.029312,9.925428
1755401610240,0.301496,0.028116,9.848858
1755401610242,0.251246,-0.007777,9.937392
1755401610245,0.308674,-0.000598,9.865608
1755401610247,0.294317,-0.019741,9.915857
1755401610249,0.27996,-0.010169,9.865608
1755401610252,0.284746,0.011366,9.856036
1755401610254,0.270389,-0.026919,9.88475
1755401610257,0.291924,0.011366,9.858429
1755401610261,0.256032,-0.012562,9.930214
1755401610262,0.246461,-0.010169,9.839287
1755401610264,0.260818,-0.000598,9.911072
1755401610266,0.289532,-0.019741,9.856036
1755401610268,0.306281,-0.038883,9.863214
1755401610271,0.267996,-0.046062,9.887143
1755401610273,0.263211,-0.017348,9.846465
1755401610276,0.275175,-0.024526,9.891929
1755401610278,0.267996,0.004187,9.887143
1755401610280,0.248854,-0.024526,9.961619
1755401610283,0.270389,-0.014955,9.848858
1755401610285,0.248854,-0.014955,9.925428
1755401610288,0.289532,-0.010169,9.872787
1755401610290,0.248854,-0.024526,9.894321
1755401610293,0.282353,-0.041276,9.856036
1755401610295,0.31346,-0.031705,9.851251
1755401610297,0.258425,-0.007777,9.887143
1755401610300,0.284746,0.037687,9.856036
1755401610302,0.272782,-0.017348,9.920643
1755401610307,0.246461,-0.031705,9.863214
1755401610308,0.253639,-0.007777,9.894321
1755401610310,0.270389,-0.031705,9.853643
1755401610312,0.270389,-0.029312,9.88475
1755401610314,0.29671,-0.017348,9.872787
1755401610316,0.27996,0.016152,9.903893
1755401610319,0.289532,-0.000598,9.899107
1755401610321,0.265603,-0.005384,9.870394
1755401610324,0.27996,-0.022134,9.870394
1755401610327,0.253639,-0.036491,9.872787
1755401610329,0.282353,-0.007777,9.889536
1755401610331,0.287139,0.018544,9.91825
1755401610333,0.291924,-0.014955,9.851251
1755401610336,0.272782,-0.029312,9.88475
1755401610338,0.299103,0.004187,9.877572
1755401610341,0.291924,-0.014955,9.877572
1755401610344,0.267996,-0.012562,9.865608
1755401610346,0.263211,-0.019741,9.868001
1755401610348,0.270389,-0.041276,9.927821
1755401610350,0.27996,-0.007777,9.882358
1755401610353,0.294317,-0.022134,9.865608
1755401610355,0.282353,-0.024526,9.877572
1755401610358,0.291924,0.016152,9.879965
1755401610360,0.260818,0.008973,9.899107
1755401610362,0.282353,-0.014955,9.9015
1755401610365,0.272782,-0.031705,9.896714
1755401610367,0.265603,-0.022134,9.870394
1755401610369,0.27996,-0.014955,9.908679
1755401610372,0.251246,-0.000598,9.899107
1755401610375,0.253639,-0.022134,9.877572
1755401610377,0.275175,-0.055633,9.930214
1755401610379,0.272782,-0.014955,9.805787
1755401610381,0.234497,0.00658,10.045368
1755401610384,0.291924,-0.024526,9.741181
1755401610387,0.256032,-0.031705,9.834501
1755401610388,0.323031,-0.019741,9.942178
1755401610392,0.246461,-0.022134,9.887143
1755401610394,0.282353,-0.010169,9.801002
1755401610396,0.284746,0.018544,9.987941
1755401610398,0.291924,-0.022134,9.879965
1755401610401,0.263211,-0.010169,9.82493
1755401610403,0.258425,-0.046062,9.934999
1755401610405,0.287139,-0.026919,9.781859
1755401610409,0.215354,-0.036491,9.860822
1755401610410,0.260818,-0.024526,9.891929
1755401610413,0.22014,-0.007777,9.925428
1755401610415,0.260818,0.011366,9.803394
1755401610417,0.282353,0.013759,9.954441
1755401610420,0.232104,-0.024526,9.889536
1755401610422,0.299103,-0.043669,9.77468
1755401610427,0.27996,-0.048455,9.903893
1755401610428,0.294317,-0.005384,9.88475
1755401610429,0.27996,-0.022134,9.932607
1755401610432,0.301496,-0.029312,9.88475
1755401610434,0.263211,0.001795,9.923036
1755401610436,0.272782,-0.005384,9.899107
1755401610439,0.284746,0.028116,9.817751
1755401610441,0.265603,-0.005384,9.894321
1755401610444,0.29671,-0.012562,9.822537
1755401610447,0.248854,-0.036491,9.952048
1755401610448,0.289532,0.001795,9.820144
1755401610451,0.239282,0.004187,9.968799
1755401610453,0.256032,-0.019741,9.851251
1755401610455,0.265603,-0.026919,9.894321
1755401610458,0.287139,-0.050847,9.877572
1755401610460,0.294317,-0.022134,9.851251
1755401610463,0.263211,-0.036491,9.889536
1755401610465,0.258425,-0.024526,9.836894
1755401610468,0.251246,-0.034098,9.934999
1755401610470,0.287139,-0.007777,9.839287
1755401610472,0.272782,-0.026919,9.952048
1755401610475,0.299103,-0.002991,9.863214
1755401610477,0.258425,-0.024526,9.903893
1755401610480,0.267996,-0.031705,9.882358
1755401610482,0.282353,0.004187,9.839287
1755401610484,0.311067,-0.017348,9.915857
1755401610487,0.282353,0.020937,9.848858
1755401610489,0.301496,0.008973,9.961619
1755401610491,0.282353,-0.012562,9.851251
1755401610494,0.27996,-0.036491,9.932607
1755401610497,0.282353,-0.036491,9.865608
1755401610499,0.263211,-0.002991,9.868001
1755401610501,0.260818,-0.026919,9.88475
1755401610503,0.277567,-0.019741,9.856036
1755401610506,0.282353,-0.019741,9.942178
1755401610511,0.275175,-0.002991,9.832108
1755401610513,0.270389,-0.019741,9.956834
1755401610514,0.27996,0.013759,9.836894
1755401610516,0.284746,-0.005384,9.903893
1755401610518,0.339781,-0.024526,9.887143
1755401610520,0.275175,-0.017348,9.877572
1755401610522,0.265603,-0.034098,9.891929
1755401610525,0.27996,-0.002991,9.858429
1755401610528,0.284746,-0.026919,9.91825
1755401610530,0.275175,-0.022134,9.853643
1755401610532,0.284746,0.011366,9.88475
1755401610535,0.291924,0.008973,9.896714
1755401610537,0.267996,-0.010169,9.860822
1755401610539,0.291924,-0.005384,9.899107
1755401610542,0.270389,-0.065204,9.882358
1755401610545,0.294317,-0.019741,9.903893
1755401610547,0.270389,0.013759,9.868001
1755401610549,0.29671,-0.014955,9.877572
1755401610551,0.31346,-0.000598,9.889536
1755401610554,0.287139,-0.022134,9.860822
1755401610556,0.287139,-0.010169,9.894321
1755401610558,0.277567,-0.002991,9.879965
1755401610563,0.263211,-0.031705,9.879965
1755401610564,0.287139,-0.031705,9.887143
1755401610566,0.299103,-0.048455,9.872787
1755401610568,0.265603,-0.007777,9.879965
1755401610571,0.277567,-0.012562,9.889536
1755401610573,0.299103,-0.05324,9.894321
1755401610575,0.277567,-0.012562,9.877572
1755401610578,0.256032,-0.005384,9.875179
1755401610580,0.287139,-0.005384,9.894321
1755401610583,0.301496,0.008973,9.858429
1755401610585,0.258425,0.001795,9.879965
1755401610587,0.301496,-0.019741,9.875179
1755401610590,0.267996,-0.014955,9.903893
1755401610592,0.239282,-0.046062,9.868001
1755401610596,0.284746,0.001795,9.879965
1755401610599,0.275175,0.001795,9.879965
1755401610600,0.301496,-0.007777,9.903893
1755401610602,0.284746,-0.036491,9.872787
1755401610604,0.267996,-0.029312,9.872787
1755401610606,0.299103,0.00658,9.908679
1755401610609,0.282353,-0.031705,9.88475
1755401610613,0.284746,-0.017348,9.879965
1755401610615,0.275175,-0.002991,9.870394
1755401610616,0.263211,-0.029312,9.877572
1755401610618,0.270389,-0.036491,9.879965
1755401610621,0.291924,-0.048455,9.875179
1755401610623,0.275175,-0.031705,9.891929
1755401610625,0.258425,-0.010169,9.870394
1755401610628,0.263211,-0.014955,9.882358
1755401610632,0.263211,-0.007777,9.879965
1755401610633,0.272782,-0.022134,9.911072
1755401610635,0.282353,-0.029312,9.851251
1755401610637,0.308674,-0.022134,9.875179
1755401610640,0.282353,0.001795,9.889536
1755401610642,0.275175,-0.022134,9.856036
1755401610645,0.267996,-0.026919,9.877572
1755401610648,0.27996,-0.010169,9.88475
1755401610650,0.275175,-0.024526,9.9015
1755401610652,0.270389,-0.014955,9.882358
1755401610654,0.246461,-0.019741,9.882358
1755401610657,0.244068,-0.007777,9.927821
1755401610659,0.258425,-0.005384,9.868001
1755401610661,0.234497,-0.012562,9.84168
1755401610665,0.287139,-0.029312,9.9015
1755401610667,0.299103,-0.022134,9.810573
1755401610669,0.224925,-0.048455,9.961619
1755401610671,0.287139,-0.002991,9.777073
1755401610674,0.260818,-0.065204,9.987941
1755401610676,0.315853,0.02333,9.762716
1755401610678,0.224925,-0.014955,10.035797
1755401610682,0.311067,0.02333,9.784252
1755401610684,0.244068,-0.05324,9.987941
1755401610686,0.31346,0.004187,9.750752
1755401610688,0.253639,-0.05324,9.983155
1755401610690,0.287139,0.04008,9.796216
1755401610693,0.232104,-0.038883,9.985548
1755401610695,0.270389,0.02333,9.815358
1755401610698,0.272782,-0.031705,9.952048
1755401610701,0.260818,-0.000598,9.827323
1755401610702,0.244068,-0.046062,9.932607
1755401610705,0.272782,-0.000598,9.844072
1755401610707,0.282353,-0.036491,9.911072
1755401610709,0.258425,-0.010169,9.846465
1755401610712,0.27996,-0.022134,9.930214
1755401610716,0.270389,-0.010169,9.851251
1755401610717,0.289532,-0.038883,9.899107
1755401610719,0.256032,-0.031705,9.856036
1755401610721,0.27996,-0.029312,9.939785
1755401610724,0.29671,-0.019741,9.848858
1755401610726,0.294317,-0.024526,9.927821
1755401610729,0.27996,-0.014955,9.848858
1755401610732,0.260818,-0.022134,9.934999
1755401610733,0.260818,-0.029312,9.851251
1755401610736,0.277567,-0.055633,9.920643
1755401610738,0.291924,-0.010169,9.853643
1755401610740,0.303888,-0.029312,9.925428
1755401610743,0.282353,0.016152,9.827323
1755401610745,0.308674,-0.046062,9.942178
1755401610749,0.289532,-0.026919,9.848858
1755401610751,0.284746,-0.024526,9.911072
1755401610753,0.251246,0.00658,9.839287
1755401610755,0.260818,-0.065204,9.911072
1755401610757,0.248854,-0.010169,9.839287
1755401610760,0.258425,-0.031705,9.934999
1755401610762,0.260818,-0.014955,9.827323
1755401610766,0.248854,-0.036491,9.939785
1755401610769,0.27996,0.030508,9.84168
1755401610770,0.256032,0.001795,9.959227
1755401610772,0.299103,-0.017348,9.820144
1755401610774,0.303888,-0.024526,9.983155
1755401610776,0.308674,0.011366,9.822537
1755401610779,0.289532,-0.012562,9.966406
1755401610782,0.291924,0.004187,9.765109
1755401610784,0.241675,-0.036491,9.975977
1755401610786,0.291924,0.004187,9.781859
1755401610789,0.272782,-0.048455,9.971191
1755401610791,0.256032,-0.022134,9.803394
1755401610794,0.270389,-0.043669,9.944571
1755401610795,0.323031,-0.007777,9.786645
1755401610798,0.27996,-0.038883,9.968799
1755401610801,0.284746,-0.010169,9.789038
1755401610804,0.294317,-0.014955,9.961619
1755401610805,0.282353,-0.007777,9.801002
1755401610808,0.27996,-0.029312,9.956834
1755401610810,0.334995,0.00658,9.796216
1755401610812,0.239282,-0.048455,9.947263
1755401610817,0.289532,-0.000598,9.805787
1755401610818,0.272782,-0.034098,9.920643
1755401610820,0.275175,0.013759,9.793823
1755401610822,0.248854,-0.022134,9.934999
1755401610824,0.294317,-0.007777,9.879965
1755401610827,0.263211,0.018544,9.923036
1755401610829,0.275175,-0.036491,9.875179
1755401610832,0.234497,-0.031705,9.896714
1755401610835,0.282353,-0.005384,9.836894
1755401610836,0.289532,-0.019741,9.896714
1755401610839,0.294317,-0.031705,9.91825
1755401610841,0.27996,-0.010169,9.870394
1755401610843,0.275175,-0.005384,9.889536
1755401610846,0.251246,-0.029312,9.827323
1755401610849,0.251246,-0.05324,9.944571
1755401610851,0.260818,-0.005384,9.848858
1755401610854,0.263211,-0.007777,9.920643
1755401610856,0.282353,-0.007777,9.82493
1755401610858,0.232104,-0.029312,9.877572
1755401610861,0.265603,-0.022134,9.82493
1755401610863,0.275175,0.001795,9.947263
1755401610865,0.311067,-0.000598,9.846465
1755401610868,0.232104,-0.031705,9.939785
1755401610870,0.318245,0.004187,9.810573
1755401610872,0.251246,-0.026919,9.971191
1755401610875,0.311067,-0.014955,9.810573
1755401610877,0.234497,-0.031705,9.959227
1755401610880,0.299103,0.001795,9.789038
1755401610882,0.241675,-0.034098,9.944571
1755401610885,0.299103,-0.000598,9.779466
1755401610887,0.270389,-0.026919,9.968799
1755401610889,0.33021,-0.005384,9.79143
1755401610891,0.260818,-0.043669,9.971191
1755401610894,0.327817,0.008973,9.789038
1755401610897,0.239282,-0.036491,9.964012
1755401610899,0.332602,0.004187,9.767502
1755401610902,0.239282,-0.036491,9.973584
1755401610904,0.303888,-0.000598,9.789038
1755401610906,0.232104,-0.019741,9.956834
1755401610908,0.342174,-0.000598,9.80818
1755401610911,0.232104,-0.012562,9.934999
1755401610913,0.339781,0.028116,9.817751
1755401610916,0.260818,-0.010169,9.913465
1755401610919,0.31346,-0.007777,9.822537
1755401610921,0.224925,-0.019741,9.947263
1755401610923,0.294317,-0.007777,9.80818
1755401610926,0.244068,-0.031705,9.973584
1755401610927,0.311067,-0.010169,9.827323
1755401610930,0.241675,-0.017348,9.952048
1755401610932,0.325424,-0.019741,9.815358
1755401610936,0.215354,-0.041276,9.959227
1755401610938,0.327817,-0.012562,9.801002
1755401610940,0.270389,-0.036491,9.937392
1755401610942,0.339781,-0.014955,9.810573
1755401610944,0.263211,-0.005384,9.983155
1755401610947,0.27996,-0.000598,9.822537
1755401610949,0.232104,-0.022134,9.966406
1755401610952,0.299103,-0.012562,9.822537
1755401610955,0.270389,-0.014955,9.927821
1755401610957,0.272782,-0.017348,9.836894
1755401610958,0.248854,0.011366,9.937392
1755401610961,0.282353,-0.014955,9.84168
1755401610963,0.258425,-0.024526,9.889536
1755401610966,0.275175,-0.034098,9.88475
1755401610970,0.277567,-0.043669,9.865608
1755401610971,0.287139,-0.036491,9.920643
1755401610973,0.272782,-0.022134,9.827323
1755401610975,0.253639,-0.038883,9.927821
1755401610978,0.289532,-0.029312,9.822537
1755401610980,0.27996,-0.000598,9.966406
1755401610983,0.260818,-0.012562,9.745967
1755401610985,0.253639,0.004187,10.002297
1755401610988,0.282353,-0.019741,9.736395
1755401610990,0.256032,-0.067597,10.028619
1755401610992,0.315853,-0.012562,9.757931
1755401610994,0.265603,-0.024526,9.97837
1755401610997,0.294317,0.013759,9.750752
1755401610999,0.244068,-0.010169,9.954441
1755401611002,0.289532,-0.002991,9.839287
1755401611004,0.289532,-0.007777,9.920643
1755401611007,0.303888,-0.000598,9.927821
1755401611009,0.260818,-0.010169,9.925428
1755401611011,0.311067,0.004187,9.858429
1755401611014,0.303888,-0.002991,9.839287
1755401611016,0.299103,-0.026919,9.84168
1755401611019,0.277567,-0.005384,9.934999
1755401611021,0.263211,-0.031705,9.865608
1755401611023,0.241675,-0.014955,9.923036
1755401611026,0.258425,-0.012562,9.911072
1755401611028,0.27996,-0.022134,9.741181
1755401611031,0.291924,-0.031705,9.887143
1755401611033,0.299103,-0.031705,9.836894
1755401611035,0.241675,-0.024526,9.844072
1755401611040,0.282353,-0.002991,9.915857
1755401611041,0.270389,0.020937,9.983155
1755401611042,0.27996,-0.026919,9.82493
1755401611045,0.246461,-0.010169,9.899107
1755401611047,0.256032,-0.022134,9.97837
1755401611050,0.272782,-0.005384,9.779466
1755401611052,0.287139,-0.060419,9.875179
1755401611055,0.301496,0.00658,9.868001
1755401611057,0.287139,-0.022134,9.822537
1755401611059,0.265603,-0.026919,9.870394
1755401611062,0.258425,-0.012562,9.973584
1755401611064,0.258425,-0.010169,9.798609
1755401611067,0.275175,-0.034098,9.908679
1755401611069,0.299103,-0.017348,9.942178
1755401611072,0.256032,-0.046062,9.82493
1755401611074,0.275175,-0.043669,9.870394
1755401611076,0.267996,-0.012562,9.863214
1755401611079,0.260818,-0.024526,9.848858
1755401611081,0.303888,-0.000598,9.858429
1755401611083,0.303888,0.011366,9.995119
1755401611085,0.272782,0.025723,9.82493
1755401611089,0.248854,-0.002991,9.894321
1755401611090,0.258425,-0.007777,9.947263
1755401611093,0.284746,-0.05324,9.812965
1755401611095,0.287139,-0.048455,9.856036
1755401611097,0.282353,0.001795,9.844072
1755401611100,0.275175,0.004187,9.942178
1755401611102,0.282353,-0.010169,9.844072
1755401611106,0.299103,0.004187,9.944571
1755401611108,0.272782,0.018544,9.903893
1755401611110,0.287139,-0.017348,9.82493
1755401611112,0.31346,-0.05324,9.846465
1755401611114,0.275175,-0.050847,9.851251
1755401611117,0.275175,-0.048455,9.839287
1755401611120,0.299103,-0.024526,9.879965
1755401611123,0.275175,0.001795,9.97837
1755401611125,0.272782,-0.010169,9.848858
1755401611126,0.275175,-0.005384,9.899107
1755401611129,0.275175,-0.026919,9.930214
1755401611131,0.284746,-0.012562,9.80818
1755401611134,0.294317,-0.029312,9.844072
1755401611136,0.289532,0.008973,9.868001
1755401611138,0.284746,-0.014955,9.860822
1755401611142,0.287139,-0.024526,9.853643
1755401611144,0.253639,-0.005384,9.997512
1755401611147,0.241675,0.020937,9.829716
1755401611148,0.277567,0.001795,9.889536
1755401611150,0.27996,-0.029312,9.999905
1755401611152,0.29671,-0.019741,9.803394
1755401611155,0.256032,-0.048455,9.937392
1755401611158,0.263211,-0.014955,9.817751
1755401611160,0.270389,-0.014955,9.860822
1755401611162,0.31346,-0.012562,9.865608
1755401611165,0.282353,-0.041276,9.793823
1755401611167,0.270389,0.028116,9.875179
1755401611170,0.234497,-0.019741,9.872787
1755401611172,0.303888,-0.005384,9.903893
1755401611174,0.282353,-0.012562,10.002297
1755401611177,0.284746,0.02333,9.82493
1755401611179,0.222533,-0.002991,9.820144
1755401611181,0.325424,-0.060419,9.891929
1755401611184,0.277567,0.001795,9.903893
1755401611186,0.270389,-0.017348,9.973584
1755401611188,0.248854,-0.022134,9.810573
1755401611192,0.289532,-0.041276,9.755538
1755401611195,0.265603,-0.065204,9.88475
1755401611196,0.289532,-0.043669,10.062119
1755401611198,0.275175,-0.017348,9.729217
1755401611201,0.229711,-0.019741,9.820144
1755401611203,0.306281,-0.017348,9.856036
1755401611205,0.258425,-0.002991,9.860822
1755401611208,0.27996,-0.014955,9.925428
1755401611210,0.284746,-0.038883,10.035797
1755401611213,0.291924,-0.007777,9.798609
1755401611215,0.277567,-0.007777,9.82493
1755401611218,0.277567,0.001795,9.863214
1755401611220,0.275175,-0.012562,9.815358
1755401611222,0.318245,-0.024526,9.920643
1755401611225,0.263211,-0.029312,9.903893
1755401611227,0.258425,-0.046062,9.947263
1755401611229,0.320638,-0.017348,9.937392
1755401611232,0.306281,-0.014955,9.803394
1755401611234,0.325424,0.02333,9.858429
1755401611237,0.260818,-0.002991,9.870394
1755401611239,0.287139,-0.041276,9.834501
1755401611242,0.291924,-0.036491,10.052547
1755401611244,0.253639,-0.024526,9.757931
1755401611246,0.248854,-0.029312,9.920643
1755401611248,0.311067,0.011366,9.805787
1755401611252,0.275175,-0.002991,9.829716
1755401611253,0.306281,-0.005384,9.952048
1755401611256,0.272782,-0.002991,10.081261
1755401611259,0.282353,0.030508,9.80818
1755401611263,0.272782,0.001795,9.750752
1755401611264,0.258425,-0.029312,9.887143
1755401611266,0.277567,-0.024526,9.937392
1755401611268,0.270389,-0.034098,9.846465
1755401611270,0.258425,-0.022134,9.875179
1755401611272,0.287139,-0.031705,10.009477
1755401611276,0.267996,-0.022134,9.74836
1755401611278,0.260818,0.001795,9.760324
1755401611280,0.282353,0.001795,9.877572
1755401611283,0.267996,-0.019741,10.088439
1755401611284,0.253639,-0.000598,9.903893
1755401611287,0.29671,-0.019741,9.865608
1755401611289,0.289532,-0.014955,9.769895
1755401611293,0.299103,-0.058026,9.882358
1755401611295,0.287139,-0.036491,9.858429
1755401611296,0.299103,-0.000598,9.853643
1755401611299,0.272782,0.00658,9.997512
1755401611301,0.277567,-0.007777,9.899107
1755401611304,0.251246,0.02333,9.868001
1755401611306,0.267996,-0.029312,9.920643
1755401611308,0.265603,-0.041276,9.853643
1755401611312,0.246461,-0.041276,9.769895
1755401611313,0.315853,-0.010169,9.934999
1755401611315,0.251246,-0.000598,9.879965
1755401611318,0.272782,-0.010169,9.820144
1755401611320,0.227318,-0.026919,9.947263
1755401611323,0.27996,-0.031705,9.872787
1755401611325,0.258425,-0.034098,9.812965
1755401611329,0.301496,0.001795,9.973584
1755401611330,0.282353,-0.031705,9.820144
1755401611332,0.241675,-0.024526,9.889536
1755401611335,0.308674,-0.048455,9.973584
1755401611337,0.248854,-0.029312,9.729217
1755401611339,0.272782,-0.019741,9.947263
1755401611343,0.248854,-0.036491,9.88475
1755401611345,0.234497,-0.000598,9.844072
1755401611347,0.270389,-0.026919,9.930214
1755401611349,0.277567,-0.043669,9.755538
1755401611352,0.27996,-0.036491,9.911072
1755401611354,0.263211,-0.005384,9.822537
1755401611357,0.234497,-0.012562,9.882358
1755401611359,0.303888,-0.026919,9.954441
1755401611362,0.306281,-0.046062,9.781859
1755401611365,0.29671,-0.012562,9.975977
1755401611367,0.246461,0.030508,9.801002
1755401611368,0.289532,-0.017348,9.889536
1755401611371,0.260818,-0.055633,9.863214
1755401611373,0.265603,-0.055633,9.82493
1755401611375,0.284746,-0.029312,9.949656
1755401611379,0.282353,0.018544,9.836894
1755401611380,0.303888,-0.024526,9.964012
1755401611383,0.287139,-0.046062,9.777073
1755401611385,0.258425,-0.041276,9.964012
1755401611387,0.289532,-0.005384,9.920643
1755401611390,0.241675,-0.010169,9.891929
1755401611392,0.263211,-0.055633,9.848858
1755401611395,0.287139,-0.055633,9.856036
1755401611397,0.260818,-0.000598,9.903893
1755401611399,0.260818,0.008973,9.858429
1755401611402,0.275175,-0.034098,9.915857
1755401611404,0.303888,-0.058026,9.77468
1755401611407,0.327817,0.013759,9.920643
1755401611409,0.263211,0.018544,9.882358
1755401611412,0.265603,0.011366,9.937392
1755401611414,0.263211,-0.038883,9.786645
1755401611416,0.22014,-0.05324,9.91825
1755401611419,0.260818,-0.005384,9.879965
1755401611421,0.260818,0.011366,9.882358
1755401611424,0.253639,-0.074776,9.805787
1755401611426,0.27996,-0.060419,9.863214
1755401611429,0.282353,-0.029312,9.891929
1755401611431,0.263211,0.047258,9.88475
1755401611433,0.275175,-0.024526,9.896714
1755401611436,0.289532,-0.046062,9.829716
1755401611438,0.284746,-0.002991,9.899107
1755401611440,0.251246,0.020937,9.9015
1755401611443,0.289532,0.011366,9.872787
1755401611446,0.301496,-0.036491,9.834501
1755401611448,0.260818,-0.043669,9.875179
1755401611450,0.272782,0.011366,9.932607
1755401611453,0.287139,-0.002991,9.879965
1755401611454,0.265603,-0.034098,9.889536
1755401611457,0.31346,-0.024526,9.887143
1755401611459,0.275175,0.00658,9.872787
1755401611463,0.306281,-0.012562,9.9015
1755401611465,0.287139,-0.005384,9.853643
1755401611467,0.263211,-0.041276,9.944571
1755401611469,0.244068,-0.036491,9.860822
1755401611471,0.275175,-0.029312,9.832108
1755401611474,0.265603,-0.017348,9.903893
1755401611476,0.246461,-0.002991,9.84168
1755401611480,0.263211,0.018544,9.937392
1755401611483,0.267996,-0.012562,9.856036
1755401611485,0.270389,-0.036491,9.803394
1755401611486,0.299103,-0.05324,9.889536
1755401611488,0.263211,0.004187,9.877572
1755401611490,0.277567,0.004187,9.956834
1755401611493,0.306281,-0.017348,9.903893
1755401611495,0.272782,-0.072383,9.822537
1755401611498,0.258425,-0.019741,9.846465
1755401611500,0.284746,0.00658,9.899107
1755401611503,0.263211,-0.005384,9.915857
1755401611505,0.27996,0.001795,9.872787
1755401611507,0.289532,-0.012562,9.839287
1755401611509,0.282353,-0.046062,9.84168
1755401611512,0.265603,-0.036491,9.9015
1755401611514,0.299103,-0.007777,9.887143
1755401611517,0.284746,0.00658,9.868001
1755401611519,0.282353,-0.017348,9.875179
1755401611522,0.287139,-0.062812,9.848858
1755401611524,0.265603,-0.043669,9.872787
1755401611527,0.270389,0.008973,9.882358
1755401611529,0.282353,0.020937,9.863214
1755401611532,0.287139,0.013759,9.925428
1755401611534,0.270389,0.016152,9.906285
1755401611537,0.270389,-0.014955,9.839287
1755401611538,0.229711,-0.038883,9.844072
1755401611541,0.267996,-0.007777,9.899107
1755401611543,0.282353,0.00658,9.911072
1755401611545,0.284746,0.016152,9.860822
1755401611549,0.267996,-0.014955,9.879965
1755401611550,0.303888,-0.017348,9.891929
1755401611553,0.267996,-0.014955,9.868001
1755401611555,0.282353,-0.014955,9.860822
1755401611558,0.308674,0.001795,9.84168
1755401611560,0.258425,-0.002991,9.959227
1755401611562,0.287139,-0.022134,9.908679
1755401611566,0.308674,-0.017348,9.769895
1755401611568,0.27996,-0.012562,9.79143
1755401611570,0.275175,0.008973,9.925428
1755401611572,0.239282,0.00658,10.033404
1755401611575,0.299103,-0.005384,9.887143
1755401611577,0.272782,-0.055633,9.812965
1755401611579,0.299103,-0.079561,9.815358
1755401611582,0.27996,-0.034098,9.91825
1755401611586,0.294317,0.00658,9.949656
1755401611588,0.272782,0.020937,9.882358
1755401611589,0.270389,-0.034098,9.827323
1755401611591,0.289532,-0.041276,9.832108
1755401611594,0.301496,-0.019741,9.894321
1755401611596,0.275175,0.001795,9.927821
1755401611599,0.258425,0.013759,9.887143
1755401611601,0.265603,-0.022134,9.865608
1755401611603,0.256032,-0.089133,9.853643
1755401611605,0.277567,0.008973,9.927821
1755401611608,0.294317,0.013759,9.896714
1755401611610,0.234497,0.013759,9.870394
1755401611613,0.256032,-0.026919,9.875179
1755401611616,0.275175,-0.031705,9.863214
1755401611617,0.265603,-0.017348,9.899107
1755401611620,0.301496,0.001795,9.879965
1755401611622,0.277567,-0.026919,9.856036
1755401611624,0.272782,-0.034098,9.887143
1755401611627,0.289532,-0.026919,9.875179
1755401611629,0.251246,-0.026919,9.9015
1755401611633,0.270389,-0.012562,9.882358
1755401611637,0.277567,-0.026919,9.887143
1755401611638,0.282353,-0.000598,9.9015
1755401611640,0.284746,-0.012562,9.875179
1755401611642,0.27996,-0.005384,9.875179
1755401611644,0.272782,-0.005384,9.872787
1755401611646,0.294317,-0.034098,9.865608
1755401611650,0.277567,-0.046062,9.891929
1755401611652,0.27996,-0.010169,9.896714
1755401611654,0.253639,-0.031705,9.889536
1755401611656,0.248854,-0.060419,9.868001
1755401611658,0.306281,-0.05324,9.915857
1755401611660,0.306281,-0.029312,9.870394
1755401611663,0.287139,-0.002991,9.856036
1755401611665,0.287139,-0.007777,9.911072
1755401611668,0.282353,0.016152,9.891929
1755401611671,0.29671,-0.019741,9.934999
1755401611673,0.265603,-0.007777,9.769895
1755401611675,0.186341,0.05683,9.71486
1755401611677,0.246461,0.028116,9.879965
1755401611680,0.263211,0.013759,9.815358
1755401611682,0.277567,-0.034098,9.832108
1755401611685,0.198604,0.037687,9.860822
1755401611687,0.332602,-0.05324,10.021441
1755401611690,0.366102,-0.055633,10.052547
1755401611692,0.270389,-0.022134,9.760324
1755401611694,0.267996,-0.022134,9.853643
1755401611696,0.289532,-0.026919,9.798609
1755401611699,0.267996,-0.019741,9.947263
1755401611701,0.301496,-0.046062,9.920643
1755401611705,0.256032,-0.022134,9.815358
1755401611706,0.265603,-0.029312,9.846465
1755401611708,0.289532,-0.022134,9.920643
1755401611711,0.251246,-0.002991,9.887143
1755401611713,0.267996,-0.000598,9.858429
1755401611715,0.299103,-0.019741,9.877572
1755401611718,0.258425,-0.031705,9.856036
1755401611721,0.301496,-0.029312,9.91825
1755401611723,0.267996,-0.026919,9.903893
1755401611725,0.289532,-0.007777,9.903893
1755401611727,0.301496,-0.022134,9.889536
1755401611730,0.253639,-0.002991,9.875179
1755401611732,0.282353,-0.002991,9.870394
1755401611735,0.29671,-0.012562,9.870394
1755401611738,0.239282,-0.014955,9.877572
1755401611740,0.251246,-0.012562,9.877572
1755401611743,0.272782,-0.017348,9.879965
1755401611744,0.284746,-0.017348,9.891929
1755401611747,0.275175,-0.007777,9.870394
1755401611749,0.277567,-0.007777,9.9015
1755401611752,0.289532,-0.029312,9.858429
1755401611755,0.284746,-0.026919,9.868001
1755401611757,0.287139,0.00658,9.870394
1755401611759,0.265603,-0.007777,9.856036
1755401611761,0.282353,-0.026919,9.856036
1755401611764,0.239282,-0.029312,9.865608
1755401611766,0.267996,-0.031705,9.865608
1755401611769,0.260818,-0.012562,9.877572
1755401611772,0.256032,-0.012562,9.887143
1755401611774,0.234497,-0.022134,9.887143
1755401611776,0.256032,-0.010169,9.872787
1755401611778,0.251246,-0.012562,9.891929
1755401611781,0.244068,-0.017348,9.887143
1755401611783,0.263211,-0.034098,9.872787
1755401611785,0.284746,-0.029312,9.882358
1755401611788,0.272782,-0.029312,9.858429
1755401611790,0.263211,0.004187,9.887143
1755401611792,0.275175,-0.010169,9.887143
1755401611795,0.282353,-0.019741,9.894321
1755401611797,0.291924,-0.031705,9.872787
1755401611800,0.287139,-0.046062,9.894321
1755401611803,0.301496,-0.017348,9.899107
1755401611805,0.311067,-0.005384,9.903893
1755401611807,0.287139,-0.012562,9.865608
1755401611809,0.287139,-0.029312,9.913465
1755401611812,0.19352,-0.007777,9.851251
1755401611814,0.258425,-0.010169,9.887143
1755401611816,0.291924,0.020937,9.923036
1755401611820,0.263211,-0.022134,9.877572
1755401611823,0.29671,-0.012562,9.899107
1755401611824,0.311067,0.008973,9.848858
1755401611826,0.272782,-0.034098,9.846465
1755401611828,0.284746,-0.014955,9.966406
1755401611831,0.311067,-0.014955,9.84168
1755401611833,0.239282,-0.043669,9.870394
1755401611837,0.284746,-0.022134,9.956834
1755401611839,0.251246,-0.043669,9.834501
1755401611840,0.265603,-0.017348,9.997512
1755401611843,0.270389,-0.058026,9.717253
1755401611845,0.282353,-0.050847,9.973584
1755401611847,0.270389,0.008973,9.786645
1755401611850,0.260818,-0.041276,9.894321
1755401611854,0.287139,-0.024526,9.964012
1755401611855,0.277567,-0.019741,9.882358
1755401611858,0.294317,-0.000598,9.789038
1755401611859,0.275175,-0.014955,9.934999
1755401611862,0.277567,-0.007777,9.930214
1755401611864,0.294317,-0.010169,9.947263
1755401611867,0.291924,-0.034098,9.911072
1755401611869,0.258425,-0.007777,9.683753
1755401611872,0.260818,-0.043669,9.793823
1755401611874,0.287139,0.008973,10.028619
1755401611876,0.248854,-0.019741,10.031012
1755401611879,0.284746,-0.019741,9.724431
1755401611881,0.251246,0.025723,9.803394
1755401611883,0.275175,0.025723,9.91825
1755401611886,0.287139,-0.007777,9.975977
1755401611889,0.291924,-0.038883,9.796216
1755401611891,0.287139,-0.036491,9.822537
1755401611893,0.277567,-0.002991,10.009477
1755401611895,0.267996,-0.005384,9.88475
1755401611898,0.272782,-0.038883,9.810573
1755401611900,0.287139,-0.000598,9.896714
1755401611902,0.260818,-0.031705,9.937392
1755401611905,0.294317,-0.050847,9.767502
1755401611907,0.272782,0.00658,9.836894
1755401611910,0.265603,-0.002991,10.019048
1755401611912,0.260818,-0.043669,9.820144
1755401611915,0.260818,-0.012562,9.863214
1755401611917,0.270389,-0.012562,9.997512
1755401611919,0.277567,-0.031705,9.829716
1755401611922,0.277567,-0.034098,9.772287
1755401611926,0.270389,0.018544,9.97837
1755401611927,0.275175,0.013759,9.915857
1755401611929,0.311067,0.013759,9.812965
1755401611931,0.303888,-0.024526,9.949656
1755401611934,0.258425,-0.048455,9.798609
1755401611936,0.291924,-0.005384,9.899107
1755401611939,0.236889,-0.014955,9.961619
1755401611943,0.263211,-0.019741,9.829716
1755401611945,0.272782,-0.024526,9.91825
1755401611946,0.263211,-0.043669,9.822537
1755401611949,0.277567,-0.038883,9.908679
1755401611950,0.27996,-0.005384,9.927821
1755401611953,0.282353,0.054437,9.853643
1755401611956,0.265603,-0.036491,9.865608
1755401611958,0.275175,-0.058026,9.84168
1755401611960,0.265603,-0.012562,9.915857
1755401611962,0.265603,-0.005384,9.896714
1755401611965,0.232104,-0.002991,9.853643
1755401611967,0.272782,-0.043669,9.875179
1755401611970,0.265603,-0.026919,9.889536
1755401611973,0.289532,-0.000598,9.863214
1755401611976,0.251246,-0.002991,9.899107
1755401611977,0.291924,-0.058026,9.84168
1755401611979,0.284746,-0.048455,9.877572
1755401611982,0.289532,-0.012562,9.894321
1755401611984,0.284746,0.001795,9.879965
1755401611986,0.258425,-0.005384,9.875179
1755401611990,0.29671,-0.024526,9.863214
1755401611992,0.287139,-0.046062,9.865608
1755401611994,0.270389,-0.036491,9.877572
1755401611996,0.265603,-0.005384,9.868001
1755401611998,0.270389,-0.012562,9.903893
1755401612002,0.256032,-0.043669,9.870394
1755401612003,0.246461,-0.026919,9.827323
1755401612008,0.222533,-0.024526,9.879965
1755401612009,0.270389,-0.014955,9.887143
1755401612011,0.263211,0.044865,9.911072
1755401612013,0.272782,-0.014955,9.872787
1755401612016,0.284746,-0.050847,9.88475
1755401612017,0.291924,-0.005384,9.865608
1755401612021,0.256032,-0.024526,9.877572
1755401612024,0.256032,-0.010169,9.937392
1755401612026,0.251246,0.008973,9.891929
1755401612027,0.303888,-0.038883,9.879965
1755401612030,0.291924,-0.038883,9.865608
1755401612032,0.282353,-0.010169,9.906285
1755401612034,0.27996,-0.010169,9.915857
1755401612037,0.327817,-0.007777,9.858429
1755401612040,0.291924,-0.024526,9.879965
1755401612043,0.265603,-0.029312,9.877572
1755401612044,0.282353,-0.046062,9.88475
1755401612046,0.287139,-0.05324,9.889536
1755401612049,0.275175,-0.012562,9.872787
1755401612051,0.270389,-0.017348,9.906285
1755401612053,0.265603,-0.060419,9.868001
1755401612058,0.239282,-0.026919,9.875179
1755401612059,0.275175,-0.024526,9.88475
1755401612061,0.275175,0.004187,9.875179
1755401612063,0.270389,0.00658,9.877572
1755401612066,0.241675,-0.036491,9.870394
1755401612068,0.258425,-0.024526,9.877572
1755401612070,0.27996,-0.007777,9.882358
1755401612073,0.272782,-0.022134,9.891929
1755401612075,0.299103,0.004187,9.899107
1755401612077,0.29671,-0.046062,9.846465
1755401612080,0.258425,-0.055633,9.9015
1755401612082,0.311067,-0.014955,9.882358
1755401612085,0.287139,-0.007777,9.894321
1755401612087,0.267996,-0.036491,9.887143
1755401612090,0.241675,-0.031705,9.882358
1755401612092,0.318245,0.004187,9.882358
1755401612094,0.263211,-0.002991,9.863214
1755401612097,0.29671,-0.007777,9.839287
1755401612100,0.299103,-0.005384,9.894321
1755401612102,0.253639,-0.002991,9.865608
1755401612104,0.272782,-0.014955,9.872787
1755401612107,0.27996,0.011366,9.872787
1755401612110,0.294317,-0.007777,9.872787
1755401612111,0.294317,-0.029312,9.891929
1755401612113,0.270389,-0.019741,9.879965
1755401612116,0.270389,-0.007777,9.882358
1755401612119,0.248854,-0.026919,9.870394
1755401612121,0.260818,0.00658,9.889536
1755401612123,0.248854,-0.024526,9.88475
1755401612126,0.253639,-0.014955,9.875179
1755401612128,0.289532,0.00658,9.872787
1755401612130,0.272782,-0.007777,9.877572
1755401612133,0.301496,-0.014955,9.896714
1755401612135,0.263211,-0.043669,9.877572
1755401612138,0.267996,-0.019741,9.870394
1755401612140,0.275175,-0.022134,9.882358
1755401612143,0.27996,-0.012562,9.9015
1755401612147,0.267996,-0.005384,9.894321
1755401612148,0.265603,-0.038883,9.877572
1755401612149,0.272782,-0.036491,9.872787
1755401612152,0.27996,-0.029312,9.877572
1755401612154,0.299103,-0.036491,9.875179
1755401612157,0.272782,0.00658,9.906285
1755401612160,0.263211,-0.019741,9.894321
1755401612161,0.272782,-0.055633,9.882358
1755401612164,0.263211,-0.031705,9.870394
1755401612166,0.275175,-0.014955,9.882358
1755401612168,0.258425,-0.012562,9.879965
1755401612171,0.256032,-0.017348,9.875179
1755401612173,0.244068,-0.000598,9.899107
1755401612177,0.277567,-0.024526,9.889536
1755401612179,0.267996,0.004187,9.88475
1755401612180,0.256032,-0.022134,9.88475
1755401612183,0.267996,-0.029312,9.887143
1755401612186,0.265603,-0.034098,9.879965
1755401612188,0.256032,-0.019741,9.879965
1755401612190,0.251246,-0.022134,9.891929
1755401612193,0.270389,-0.002991,9.860822
1755401612195,0.299103,-0.036491,9.860822
1755401612198,0.246461,-0.012562,9.875179
1755401612200,0.291924,-0.048455,9.882358
1755401612202,0.311067,-0.012562,9.896714
1755401612204,0.234497,-0.007777,9.882358
1755401612207,0.27996,0.004187,9.903893
1755401612209,0.232104,-0.024526,9.860822
1755401612212,0.265603,-0.029312,9.856036
1755401612214,0.270389,-0.062812,9.891929
1755401612216,0.229711,-0.014955,9.879965
1755401612219,0.270389,0.00658,9.894321
1755401612221,0.289532,-0.012562,9.903893
1755401612224,0.265603,-0.038883,9.88475
1755401612226,0.263211,-0.007777,9.872787
1755401612229,0.275175,0.001795,9.88475
1755401612231,0.270389,-0.036491,9.882358
1755401612233,0.263211,-0.019741,9.863214
1755401612236,0.284746,-0.022134,9.868001
1755401612238,0.275175,-0.017348,9.868001
1755401612241,0.301496,-0.024526,9.879965
1755401612243,0.289532,-0.026919,9.879965
1755401612246,0.260818,-0.024526,9.879965
1755401612249,0.270389,-0.017348,9.863214
1755401612251,0.31346,-0.000598,9.891929
1755401612252,0.294317,-0.007777,9.865608
1755401612255,0.287139,-0.012562,9.856036
1755401612258,0.291924,-0.005384,9.877572
1755401612260,0.27996,-0.036491,9.865608
1755401612263,0.284746,-0.005384,9.894321
1755401612265,0.272782,-0.005384,9.863214
1755401612267,0.284746,-0.034098,9.877572
1755401612269,0.291924,-0.014955,9.923036
1755401612272,0.284746,-0.000598,9.870394
1755401612274,0.224925,-0.002991,9.899107
1755401612276,0.277567,0.028116,9.887143
1755401612279,0.277567,-0.000598,9.868001
1755401612281,0.299103,-0.017348,9.868001
1755401612283,0.287139,-0.012562,9.889536
1755401612286,0.282353,-0.031705,9.899107
1755401612288,0.275175,-0.034098,9.863214
1755401612291,0.256032,-0.000598,9.870394
1755401612293,0.251246,-0.010169,9.870394
1755401612296,0.275175,-0.017348,9.879965
1755401612299,0.244068,-0.022134,9.872787
1755401612301,0.289532,-0.019741,9.877572
1755401612303,0.272782,-0.034098,9.875179
1755401612305,0.275175,-0.031705,9.879965
1755401612307,0.272782,-0.038883,9.88475
1755401612310,0.265603,-0.019741,9.887143
1755401612313,0.253639,-0.014955,9.860822
1755401612315,0.282353,0.011366,9.891929
1755401612317,0.258425,-0.002991,9.9015
1755401612319,0.267996,-0.002991,9.870394
1755401612322,0.299103,-0.041276,9.887143
1755401612324,0.287139,-0.031705,9.887143
1755401612327,0.277567,-0.012562,9.882358
1755401612330,0.289532,0.00658,9.882358
1755401612332,0.308674,-0.014955,9.9015
1755401612334,0.277567,0.001795,9.870394
1755401612336,0.294317,-0.007777,9.870394
1755401612339,0.265603,-0.010169,9.899107
1755401612342,0.277567,-0.014955,9.887143
1755401612344,0.270389,-0.048455,9.88475
1755401612347,0.260818,-0.034098,9.889536
1755401612349,0.272782,-0.012562,9.9015
1755401612351,0.282353,-0.014955,9.889536
1755401612353,0.270389,-0.000598,9.877572
1755401612356,0.227318,-0.022134,9.875179
1755401612358,0.260818,0.008973,9.875179
1755401612360,0.277567,0.00658,9.889536
1755401612364,0.303888,-0.005384,9.872787
1755401612366,0.275175,-0.014955,9.879965
1755401612369,0.267996,-0.007777,9.882358
1755401612370,0.263211,-0.024526,9.875179
1755401612372,0.270389,-0.017348,9.891929
1755401612375,0.267996,-0.019741,9.887143
1755401612377,0.277567,-0.000598,9.879965
1755401612380,0.308674,-0.019741,9.868001
1755401612383,0.29671,-0.005384,9.872787
1755401612386,0.275175,-0.002991,9.875179
1755401612388,0.256032,-0.007777,9.877572
1755401612389,0.267996,-0.002991,9.879965
1755401612391,0.277567,-0.010169,9.896714
1755401612394,0.275175,-0.017348,9.899107
1755401612396,0.248854,-0.005384,9.872787
1755401612398,0.270389,-0.000598,9.875179
1755401612401,0.306281,0.020937,9.870394
1755401612403,0.294317,0.00658,9.887143
1755401612406,0.299103,-0.012562,9.891929
1755401612408,0.224925,-0.000598,9.870394
1755401612410,0.239282,-0.019741,9.872787
1755401612413,0.267996,-0.031705,9.877572
1755401612416,0.299103,-0.041276,9.872787
1755401612418,0.248854,-0.031705,9.891929
1755401612420,0.246461,-0.034098,9.879965
1755401612423,0.267996,-0.014955,9.896714
1755401612425,0.289532,-0.000598,9.875179
1755401612428,0.263211,-0.017348,9.903893
1755401612430,0.27996,-0.024526,9.875179
1755401612432,0.256032,-0.007777,9.870394
1755401612435,0.258425,-0.002991,9.889536
1755401612437,0.256032,-0.000598,9.882358
1755401612440,0.294317,-0.024526,9.889536
1755401612442,0.258425,-0.024526,9.882358
1755401612444,0.267996,-0.041276,9.887143
1755401612446,0.272782,-0.031705,9.903893
1755401612450,0.291924,-0.031705,9.872787
1755401612452,0.27996,-0.031705,9.875179
1755401612454,0.27996,-0.014955,9.889536
1755401612456,0.308674,-0.024526,9.894321
1755401612459,0.299103,-0.024526,9.868001
1755401612461,0.260818,-0.034098,9.887143
1755401612464,0.282353,-0.019741,9.870394
1755401612465,0.29671,-0.019741,9.887143
1755401612469,0.294317,-0.038883,9.882358
1755401612472,0.265603,0.001795,9.868001
1755401612473,0.294317,-0.002991,9.889536
1755401612475,0.284746,-0.017348,9.877572
1755401612477,0.301496,-0.029312,9.882358
1755401612480,0.275175,-0.002991,9.865608
1755401612483,0.289532,-0.014955,9.894321
1755401612485,0.284746,-0.046062,9.877572
1755401612487,0.27996,-0.002991,9.879965
1755401612490,0.287139,-0.000598,9.899107
1755401612492,0.27996,-0.005384,9.860822
1755401612494,0.236889,-0.017348,9.877572
1755401612497,0.275175,-0.038883,9.865608
1755401612500,0.263211,-0.022134,9.844072
1755401612502,0.267996,-0.019741,9.877572
1755401612504,0.263211,-0.031705,9.887143
1755401612507,0.289532,-0.026919,9.889536
1755401612509,0.284746,-0.026919,9.870394
1755401612511,0.267996,-0.060419,9.877572
1755401612513,0.258425,-0.024526,9.868001
1755401612517,0.267996,-0.029312,9.870394
1755401612519,0.272782,-0.014955,9.879965
1755401612521,0.246461,-0.012562,9.870394
1755401612523,0.275175,-0.026919,9.863214
1755401612526,0.29671,-0.019741,9.856036
1755401612528,0.27996,-0.002991,9.882358
1755401612530,0.241675,-0.038883,9.879965
1755401612534,0.239282,-0.005384,9.877572
1755401612538,0.239282,-0.019741,9.88475
1755401612539,0.284746,-0.002991,9.865608
1755401612540,0.294317,-0.002991,9.877572
1755401612543,0.265603,-0.014955,9.877572
1755401612545,0.246461,-0.031705,9.9015
1755401612547,0.308674,-0.010169,9.877572
1755401612549,0.272782,0.001795,9.879965
1755401612553,0.258425,0.004187,9.896714
1755401612555,0.272782,-0.024526,9.875179
1755401612557,0.251246,-0.046062,9.868001
1755401612559,0.258425,-0.043669,9.877572
1755401612561,0.270389,0.004187,9.877572
1755401612564,0.308674,-0.022134,9.887143
1755401612566,0.244068,-0.034098,9.889536
1755401612569,0.263211,-0.007777,9.887143
1755401612571,0.275175,-0.007777,9.887143
1755401612573,0.270389,-0.010169,9.889536
1755401612576,0.27996,-0.029312,9.887143
1755401612578,0.287139,-0.019741,9.879965
1755401612581,0.27996,-0.000598,9.875179
1755401612583,0.282353,-0.034098,9.853643
1755401612588,0.267996,-0.034098,9.88475
1755401612589,0.267996,-0.007777,9.889536
1755401612591,0.256032,-0.024526,9.882358
1755401612593,0.260818,-0.014955,9.872787
1755401612595,0.275175,-0.000598,9.863214
1755401612597,0.289532,0.013759,9.877572
1755401612600,0.277567,-0.041276,9.879965
1755401612602,0.256032,-0.002991,9.887143
1755401612605,0.217747,-0.022134,9.88475
1755401612607,0.31346,0.001795,9.903893
1755401612610,0.275175,0.011366,9.887143
1755401612612,0.263211,0.028116,9.879965
1755401612614,0.287139,0.013759,9.882358
1755401612616,0.287139,-0.019741,9.879965
1755401612619,0.277567,-0.022134,9.877572
1755401612623,0.287139,-0.002991,9.9015
1755401612624,0.267996,-0.029312,9.894321
1755401612627,0.260818,-0.034098,9.858429
1755401612628,0.267996,-0.012562,9.879965
1755401612631,0.29671,-0.005384,9.877572
1755401612633,0.294317,-0.017348,9.899107
1755401612636,0.270389,-0.036491,9.889536
1755401612639,0.272782,-0.000598,9.879965
1755401612640,0.27996,-0.026919,9.868001
1755401612643,0.318245,-0.022134,9.863214
1755401612645,0.294317,-0.022134,9.863214
1755401612648,0.291924,-0.017348,9.879965
1755401612650,0.239282,0.013759,9.882358
1755401612653,0.27996,-0.017348,9.875179
1755401612655,0.303888,-0.017348,9.879965
1755401612658,0.258425,-0.007777,9.882358
1755401612660,0.265603,-0.007777,9.891929
1755401612662,0.263211,-0.034098,9.88475
1755401612664,0.236889,-0.017348,9.865608
1755401612667,0.277567,0.00658,9.865608
1755401612670,0.284746,-0.010169,9.899107
1755401612673,0.294317,0.001795,9.851251
1755401612674,0.265603,-0.014955,9.932607
1755401612677,0.267996,0.00658,9.822537
1755401612679,0.258425,-0.031705,9.925428
1755401612681,0.289532,-0.002991,9.853643
1755401612683,0.246461,-0.029312,9.930214
1755401612687,0.301496,-0.036491,9.846465
1755401612688,0.29671,-0.029312,9.899107
1755401612691,0.308674,-0.022134,9.844072
1755401612693,0.248854,-0.024526,9.865608
1755401612696,0.287139,-0.043669,9.879965
1755401612698,0.270389,-0.019741,9.908679
1755401612701,0.277567,0.001795,9.851251
1755401612704,0.282353,-0.010169,9.868001
1755401612707,0.284746,-0.029312,9.882358
1755401612709,0.289532,-0.019741,9.865608
1755401612711,0.301496,-0.038883,9.891929
1755401612713,0.267996,-0.017348,9.827323
1755401612715,0.267996,-0.026919,9.920643
1755401612718,0.253639,-0.026919,9.80818
1755401612720,0.272782,-0.060419,9.908679
1755401612723,0.289532,-0.017348,9.817751
1755401612725,0.239282,-0.014955,9.927821
1755401612727,0.294317,-0.007777,9.796216
1755401612729,0.289532,-0.046062,9.971191
1755401612731,0.325424,-0.022134,9.827323
1755401612734,0.258425,-0.029312,9.959227
1755401612736,0.265603,-0.024526,9.810573
1755401612741,0.246461,-0.034098,9.934999
1755401612742,0.29671,-0.014955,9.848858
1755401612744,0.253639,0.032901,9.896714
1755401612746,0.284746,-0.010169,9.856036
1755401612749,0.246461,-0.007777,9.913465
1755401612751,0.270389,-0.022134,9.863214
1755401612753,0.251246,0.004187,9.887143
1755401612755,0.306281,0.011366,9.848858
1755401612759,0.267996,-0.014955,9.894321
1755401612761,0.287139,-0.019741,9.856036
1755401612763,0.244068,-0.031705,9.913465
1755401612765,0.282353,-0.026919,9.851251
1755401612767,0.284746,-0.019741,9.925428
1755401612770,0.263211,-0.005384,9.851251
1755401612772,0.275175,-0.017348,9.915857
1755401612775,0.277567,-0.038883,9.851251
1755401612778,0.265603,-0.026919,9.894321
1755401612779,0.282353,-0.017348,9.88475
1755401612782,0.287139,0.030508,9.858429
1755401612785,0.253639,-0.038883,9.937392
1755401612787,0.251246,0.008973,9.834501
1755401612791,0.289532,-0.022134,9.964012
1755401612792,0.294317,0.011366,9.875179
1755401612794,0.299103,-0.017348,9.903893
1755401612796,0.303888,-0.014955,9.899107
1755401612799,0.27996,-0.046062,9.812965
1755401612801,0.246461,-0.007777,9.865608
1755401612803,0.323031,0.008973,9.844072
1755401612807,0.277567,0.008973,9.729217
1755401612808,0.308674,-0.000598,9.915857
1755401612811,0.260818,-0.010169,10.00469
1755401612813,0.263211,0.016152,9.796216
1755401612815,0.251246,-0.031705,10.160224
1755401612818,0.277567,-0.022134,9.786645
1755401612820,0.222533,0.018544,9.669396
1755401612824,0.284746,-0.010169,9.925428
1755401612827,0.267996,-0.043669,10.026226
1755401612828,0.282353,0.030508,9.896714
1755401612830,0.260818,-0.041276,9.839287
1755401612832,0.311067,0.020937,9.643075
1755401612835,0.282353,-0.031705,9.999905
1755401612837,0.284746,-0.000598,10.160224
1755401612840,0.284746,-0.046062,9.805787
1755401612842,0.234497,-0.007777,9.688539
1755401612844,0.294317,-0.022134,9.930214
1755401612847,0.265603,-0.043669,9.959227
1755401612849,0.256032,0.013759,9.712467
1755401612851,0.301496,-0.031705,9.987941
1755401612854,0.282353,-0.012562,10.047761
1755401612858,0.299103,-0.029312,9.789038
1755401612859,0.260818,-0.024526,9.848858
1755401612862,0.320638,0.013759,9.846465
1755401612863,0.234497,-0.026919,9.980762
1755401612866,0.260818,-0.019741,9.903893
1755401612868,0.263211,-0.050847,9.803394
1755401612871,0.267996,-0.014955,9.891929
1755401612875,0.272782,0.030508,9.829716
1755401612876,0.246461,-0.048455,9.927821
1755401612878,0.315853,0.013759,9.79143
1755401612880,0.260818,-0.05324,9.956834
1755401612883,0.270389,0.001795,9.872787
1755401612885,0.299103,-0.012562,9.777073
1755401612888,0.217747,-0.060419,9.995119
1755401612891,0.31346,0.018544,9.810573
1755401612892,0.258425,-0.05324,9.939785
1755401612895,0.272782,0.008973,9.870394
1755401612898,0.287139,-0.029312,9.908679
1755401612899,0.289532,-0.041276,9.853643
1755401612902,0.265603,-0.031705,9.877572
1755401612904,0.27996,0.004187,9.896714
1755401612906,0.27996,-0.031705,9.923036
1755401612910,0.301496,-0.000598,9.872787
1755401612912,0.248854,-0.000598,9.925428
1755401612914,0.327817,0.00658,9.908679
1755401612916,0.265603,-0.017348,9.872787
1755401612919,0.263211,-0.014955,9.896714
1755401612921,0.263211,-0.005384,9.846465
1755401612923,0.277567,-0.017348,9.863214
1755401612926,0.270389,-0.017348,9.851251
1755401612929,0.275175,-0.012562,9.894321
1755401612931,0.263211,-0.012562,9.887143
1755401612933,0.27996,-0.026919,9.889536
1755401612935,0.27996,-0.010169,9.908679
1755401612938,0.272782,-0.026919,9.870394
1755401612940,0.299103,-0.012562,9.863214
1755401612944,0.291924,-0.036491,9.891929
1755401612946,0.267996,-0.019741,9.879965
1755401612947,0.275175,-0.019741,9.858429
1755401612950,0.246461,-0.029312,9.896714
1755401612952,0.282353,-0.029312,9.851251
1755401612954,0.272782,-0.005384,9.858429
1755401612957,0.284746,-0.022134,9.891929
1755401612960,0.323031,-0.050847,9.872787
1755401612963,0.267996,-0.031705,9.891929
1755401612965,0.275175,-0.000598,9.858429
1755401612966,0.277567,-0.014955,9.887143
1755401612969,0.275175,-0.036491,9.911072
1755401612972,0.263211,-0.029312,9.848858
1755401612974,0.265603,0.001795,9.894321
1755401612977,0.232104,-0.06999,9.846465
1755401612979,0.239282,-0.065204,9.911072
1755401612981,0.227318,-0.036491,9.875179
1755401612984,0.29671,-0.007777,9.865608
1755401612986,0.294317,0.001795,9.899107
1755401612990,0.282353,-0.034098,9.863214
1755401612990,0.320638,-0.062812,9.915857
1755401612994,0.260818,0.013759,9.971191
1755401612995,0.287139,-0.026919,9.767502
1755401612998,0.263211,-0.036491,10.021441
1755401613000,0.299103,0.008973,9.750752
1755401613002,0.234497,-0.000598,10.042975
1755401613005,0.289532,-0.012562,9.745967
1755401613007,0.260818,-0.026919,10.002297
1755401613011,0.301496,-0.005384,9.690931
1755401613012,0.294317,-0.017348,9.990334
1755401613015,0.29671,0.00658,9.750752
1755401613017,0.272782,-0.014955,9.911072
1755401613019,0.315853,-0.012562,9.832108
1755401613022,0.282353,-0.017348,9.88475
1755401613024,0.33021,-0.014955,9.959227
1755401613028,0.248854,-0.022134,9.999905
1755401613030,0.253639,-0.017348,9.860822
1755401613031,0.263211,-0.029312,9.810573
1755401613034,0.282353,-0.000598,9.906285
1755401613036,0.258425,0.011366,9.872787
1755401613038,0.258425,0.004187,9.836894
1755401613041,0.272782,-0.012562,9.939785
1755401613045,0.299103,-0.007777,9.896714
1755401613048,0.260818,-0.024526,9.896714
1755401613049,0.265603,0.008973,9.923036
1755401613050,0.284746,-0.046062,9.781859
1755401613053,0.275175,-0.012562,9.865608
1755401613055,0.284746,0.025723,9.743574
1755401613057,0.275175,-0.019741,9.906285
1755401613061,0.258425,0.001795,10.078868
1755401613063,0.244068,-0.043669,9.927821
1755401613065,0.272782,-0.005384,9.863214
1755401613067,0.241675,0.013759,9.815358
1755401613070,0.294317,-0.014955,9.793823
1755401613072,0.294317,0.008973,10.019048
1755401613075,0.289532,-0.036491,9.88475
1755401613077,0.258425,-0.036491,9.906285
1755401613080,0.246461,0.00658,9.875179
1755401613082,0.251246,-0.031705,9.896714
1755401613084,0.270389,-0.012562,9.853643
1755401613086,0.263211,-0.031705,9.853643
1755401613089,0.275175,-0.010169,9.906285
1755401613091,0.265603,0.004187,9.877572
1755401613093,0.277567,-0.019741,9.891929
1755401613097,0.270389,-0.017348,9.903893
1755401613099,0.277567,0.008973,9.836894
1755401613101,0.277567,-0.012562,9.875179
1755401613103,0.253639,-0.022134,9.844072
1755401613106,0.294317,-0.000598,9.88475
1755401613108,0.308674,-0.017348,9.887143
1755401613110,0.31346,-0.000598,9.894321
1755401613113,0.308674,-0.026919,9.889536
1755401613116,0.299103,-0.012562,9.870394
1755401613118,0.275175,-0.024526,9.896714
1755401613120,0.265603,-0.007777,9.882358
1755401613122,0.27996,-0.005384,9.879965
1755401613125,0.27996,-0.031705,9.879965
1755401613127,0.277567,-0.019741,9.889536
1755401613130,0.258425,0.00658,9.877572
1755401613132,0.258425,-0.038883,9.851251
1755401613134,0.246461,-0.026919,9.887143
1755401613137,0.253639,-0.043669,9.899107
1755401613139,0.294317,-0.014955,9.868001
1755401613142,0.299103,-0.029312,9.889536
1755401613144,0.301496,-0.012562,9.865608
1755401613147,0.270389,-0.024526,9.856036
1755401613149,0.272782,-0.012562,9.882358
1755401613151,0.287139,-0.002991,9.875179
1755401613153,0.294317,-0.007777,9.887143
1755401613156,0.306281,-0.014955,9.889536
1755401613158,0.275175,0.008973,9.894321
1755401613161,0.31346,-0.010169,9.879965
1755401613165,0.311067,-0.019741,9.908679
1755401613166,0.267996,-0.022134,9.88475
1755401613168,0.270389,-0.026919,9.858429
1755401613171,0.291924,-0.041276,9.899107
1755401613172,0.287139,-0.012562,9.879965
1755401613175,0.248854,-0.005384,9.882358
1755401613177,0.277567,-0.010169,9.879965
1755401613181,0.27996,-0.012562,9.889536
1755401613183,0.308674,0.008973,9.899107
1755401613184,0.265603,-0.002991,9.882358
1755401613187,0.272782,-0.014955,9.88475
1755401613189,0.287139,0.011366,9.894321
1755401613192,0.29671,-0.038883,9.891929
1755401613194,0.260818,-0.017348,9.882358
1755401613197,0.256032,-0.022134,9.872787
1755401613199,0.256032,-0.002991,9.891929
1755401613202,0.263211,-0.005384,9.877572
1755401613204,0.267996,0.018544,9.872787
1755401613206,0.284746,0.025723,9.882358
1755401613209,0.284746,-0.017348,9.882358
1755401613211,0.29671,-0.050847,9.860822
1755401613215,0.29671,-0.06999,9.934999
1755401613216,0.294317,-0.036491,9.784252
1755401613219,0.234497,-0.012562,9.875179
1755401613221,0.428315,-0.096311,10.023833
1755401613223,0.205783,-0.002991,9.777073
1755401613225,0.246461,0.025723,9.908679
1755401613228,0.275175,0.001795,9.9015
1755401613232,0.301496,0.011366,9.882358
1755401613234,0.272782,-0.010169,9.870394
1755401613235,0.253639,-0.048455,9.868001
1755401613238,0.306281,-0.024526,9.872787
1755401613239,0.308674,0.004187,9.875179
1755401613242,0.29671,-0.038883,9.863214
1755401613245,0.227318,-0.041276,9.870394
1755401613250,0.284746,-0.014955,9.877572
1755401613252,0.272782,-0.012562,9.868001
1755401613253,0.272782,-0.007777,9.891929
1755401613255,0.265603,-0.005384,9.88475
1755401613257,0.239282,0.008973,9.875179
1755401613259,0.260818,-0.007777,9.870394
1755401613262,0.265603,-0.005384,9.882358
1755401613264,0.282353,-0.005384,9.860822
1755401613266,0.272782,0.028116,9.879965
1755401613270,0.27996,-0.010169,9.877572
1755401613271,0.275175,-0.022134,9.848858
1755401613273,0.272782,-0.019741,9.860822
1755401613276,0.251246,0.004187,9.894321
1755401613278,0.299103,-0.022134,9.82493
1755401613280,0.241675,-0.029312,9.920643
1755401613283,0.29671,-0.000598,9.836894
1755401613285,0.253639,-0.029312,9.944571
1755401613288,0.289532,0.00658,9.820144
1755401613290,0.251246,-0.043669,9.911072
1755401613292,0.239282,-0.012562,9.846465
1755401613295,0.248854,-0.029312,9.944571
1755401613297,0.299103,-0.024526,9.836894
1755401613299,0.270389,-0.017348,9.920643
1755401613302,0.320638,-0.022134,9.848858
1755401613304,0.260818,-0.012562,9.942178
1755401613307,0.31346,-0.017348,9.863214
1755401613309,0.289532,-0.022134,9.91825
1755401613311,0.256032,-0.010169,9.851251
1755401613314,0.258425,-0.017348,9.899107
1755401613317,0.291924,-0.029312,9.891929
1755401613321,0.256032,-0.022134,9.894321
1755401613322,0.27996,-0.012562,9.911072
1755401613323,0.270389,0.004187,9.858429
1755401613326,0.284746,-0.031705,9.906285
1755401613328,0.256032,-0.005384,9.851251
1755401613331,0.291924,-0.014955,9.865608
1755401613333,0.253639,-0.06999,9.827323
1755401613336,0.289532,-0.048455,9.875179
1755401613338,0.282353,-0.014955,9.839287
1755401613340,0.256032,-0.031705,9.860822
1755401613343,0.258425,-0.022134,9.872787
1755401613345,0.267996,-0.014955,9.954441
1755401613347,0.282353,-0.026919,9.79143
1755401613351,0.246461,-0.005384,10.002297
1755401613352,0.27996,-0.014955,9.827323
1755401613354,0.275175,-0.002991,9.925428
1755401613357,0.299103,0.008973,9.925428
1755401613360,0.277567,-0.034098,9.865608
1755401613362,0.291924,-0.022134,9.964012
1755401613364,0.284746,-0.043669,9.839287
1755401613368,0.308674,-0.048455,9.942178
1755401613370,0.267996,-0.019741,9.817751
1755401613372,0.272782,-0.041276,9.858429
1755401613374,0.284746,0.011366,9.851251
1755401613376,0.272782,-0.050847,9.899107
1755401613378,0.311067,-0.022134,9.839287
1755401613381,0.253639,-0.029312,9.930214
1755401613384,0.265603,-0.005384,9.868001
1755401613387,0.265603,-0.010169,9.968799
1755401613388,0.299103,0.00658,9.846465
1755401613390,0.256032,-0.038883,9.913465
1755401613393,0.299103,-0.029312,9.836894
1755401613395,0.289532,-0.048455,9.887143
1755401613398,0.282353,-0.038883,9.896714
1755401613401,0.265603,-0.026919,9.839287
1755401613402,0.27996,-0.019741,9.894321
1755401613405,0.27996,-0.022134,9.863214
1755401613407,0.301496,-0.024526,9.91825
1755401613410,0.260818,-0.024526,9.84168
1755401613412,0.277567,-0.012562,9.887143
1755401613415,0.248854,0.018544,9.88475
1755401613418,0.282353,-0.007777,9.865608
1755401613420,0.284746,-0.024526,9.913465
1755401613422,0.284746,-0.014955,9.856036
1755401613424,0.275175,-0.019741,9.9015
1755401613427,0.265603,-0.031705,9.856036
1755401613429,0.239282,-0.031705,9.882358
1755401613431,0.282353,-0.026919,9.879965
1755401613434,0.260818,-0.036491,9.887143
1755401613436,0.272782,-0.019741,9.9015
1755401613438,0.277567,-0.000598,9.848858
1755401613442,0.270389,-0.022134,9.903893
1755401613443,0.29671,-0.029312,9.863214
1755401613445,0.287139,-0.043669,9.891929
1755401613448,0.260818,-0.034098,9.865608
1755401613450,0.287139,-0.010169,9.851251
1755401613453,0.275175,-0.010169,9.88475
1755401613456,0.248854,-0.007777,9.848858
1755401613457,0.256032,0.008973,9.932607
1755401613460,0.303888,-0.019741,9.853643
1755401613462,0.289532,-0.024526,9.954441
1755401613465,0.287139,-0.002991,9.899107
1755401613467,0.299103,-0.019741,9.872787
1755401613470,0.270389,-0.046062,9.913465
1755401613472,0.267996,-0.060419,9.868001
1755401613475,0.275175,-0.05324,9.896714
1755401613477,0.258425,-0.010169,9.848858
1755401613479,0.265603,-0.036491,9.853643
1755401613482,0.306281,0.020937,9.860822
1755401613484,0.270389,0.001795,9.88475
1755401613487,0.291924,-0.031705,9.848858
1755401613490,0.282353,-0.012562,9.987941
1755401613492,0.318245,0.011366,9.793823
1755401613493,0.267996,-0.017348,9.942178
1755401613496,0.263211,-0.017348,9.903893
1755401613498,0.256032,-0.014955,9.834501
1755401613501,0.284746,-0.024526,9.961619
1755401613503,0.270389,-0.022134,9.777073
1755401613506,0.256032,-0.084347,9.812965
1755401613508,0.270389,-0.024526,9.964012
1755401613510,0.258425,-0.022134,9.868001
1755401613513,0.267996,-0.010169,9.810573
1755401613515,0.258425,0.028116,10.047761
1755401613517,0.275175,-0.010169,9.82493
1755401613520,0.29671,-0.074776,9.817751
1755401613523,0.301496,-0.041276,9.980762
1755401613525,0.277567,-0.012562,9.846465
1755401613527,0.270389,-0.029312,9.827323
1755401613529,0.291924,-0.000598,9.899107
1755401613532,0.272782,-0.012562,9.954441
1755401613534,0.275175,-0.022134,9.870394
1755401613537,0.263211,-0.041276,9.757931
1755401613539,0.277567,-0.060419,9.844072
1755401613542,0.294317,-0.029312,10.031012
1755401613544,0.277567,0.032901,9.853643
1755401613546,0.282353,0.008973,9.856036
1755401613549,0.244068,-0.041276,9.860822
1755401613551,0.260818,-0.055633,9.77468
1755401613555,0.27996,-0.017348,10.03819
1755401613556,0.27996,-0.000598,9.810573
1755401613559,0.287139,0.008973,10.00469
1755401613560,0.241675,-0.048455,9.719646
1755401613563,0.265603,-0.048455,9.961619
1755401613565,0.277567,0.004187,9.724431
1755401613568,0.301496,0.011366,10.105189
1755401613571,0.270389,-0.005384,9.652647
1755401613573,0.277567,-0.031705,10.086046
1755401613575,0.260818,-0.010169,9.812965
1755401613578,0.260818,-0.007777,10.002297
1755401613580,0.277567,-0.046062,9.726824
1755401613582,0.287139,-0.014955,9.932607
1755401613584,0.256032,0.013759,9.817751
1755401613588,0.289532,-0.024526,9.964012
1755401613589,0.29671,-0.010169,9.84168
1755401613592,0.263211,0.004187,9.79143
1755401613594,0.260818,-0.026919,10.066904
1755401613596,0.306281,0.030508,9.734002
1755401613599,0.260818,-0.000598,9.961619
1755401613601,0.27996,-0.000598,9.879965
1755401613605,0.306281,-0.024526,9.987941
1755401613606,0.287139,-0.041276,9.789038
1755401613610,0.277567,-0.005384,9.964012
1755401613612,0.253639,-0.038883,9.710074
1755401613613,0.315853,-0.050847,9.983155
1755401613616,0.277567,-0.031705,9.9015
1755401613618,0.260818,-0.041276,9.915857
1755401613620,0.253639,-0.005384,9.734002
1755401613623,0.275175,-0.014955,9.985548
1755401613625,0.287139,-0.034098,9.934999
1755401613628,0.275175,-0.060419,9.710074
1755401613630,0.291924,-0.034098,10.014262
1755401613633,0.308674,0.001795,9.839287
1755401613635,0.267996,-0.029312,9.863214
1755401613637,0.277567,-0.046062,9.983155
1755401613640,0.260818,-0.029312,9.777073
1755401613643,0.282353,-0.024526,9.911072
1755401613645,0.29671,-0.034098,9.865608
1755401613647,0.260818,-0.017348,9.760324
1755401613649,0.277567,-0.046062,9.954441
1755401613652,0.29671,-0.019741,9.772287
1755401613654,0.29671,0.001795,10.083653
1755401613657,0.244068,-0.002991,9.882358
1755401613659,0.275175,0.008973,9.784252
1755401613661,0.236889,-0.046062,9.954441
1755401613664,0.270389,-0.041276,9.729217
1755401613667,0.291924,-0.034098,10.014262
1755401613668,0.27996,0.020937,9.844072
1755401613671,0.284746,-0.022134,10.021441
1755401613673,0.289532,-0.012562,9.640682
1755401613676,0.294317,-0.012562,9.97837
1755401613679,0.291924,-0.002991,9.887143
1755401613681,0.275175,-0.026919,9.887143
1755401613683,0.282353,-0.022134,9.858429
1755401613686,0.294317,-0.034098,9.827323
1755401613687,0.263211,-0.024526,10.014262
1755401613690,0.275175,0.018544,9.80818
1755401613693,0.253639,-0.010169,9.944571
1755401613695,0.256032,-0.048455,9.762716
1755401613697,0.289532,-0.007777,9.944571
1755401613700,0.289532,0.011366,9.803394
1755401613702,0.282353,-0.010169,9.952048
1755401613704,0.289532,-0.048455,9.760324
1755401613707,0.289532,-0.036491,10.002297
1755401613710,0.241675,-0.005384,9.870394
1755401613711,0.260818,-0.005384,9.896714
1755401613714,0.282353,-0.050847,9.836894
1755401613716,0.284746,-0.041276,9.863214
1755401613719,0.282353,-0.019741,9.877572
1755401613721,0.265603,-0.014955,9.934999
1755401613724,0.270389,-0.029312,9.827323
1755401613727,0.277567,-0.036491,9.906285
1755401613729,0.236889,-0.024526,9.887143
1755401613731,0.287139,-0.019741,9.858429
1755401613734,0.263211,-0.026919,9.889536
1755401613736,0.291924,-0.014955,9.882358
1755401613738,0.294317,-0.010169,9.875179
1755401613741,0.244068,-0.036491,9.882358
1755401613743,0.29671,-0.017348,9.887143
1755401613746,0.284746,0.013759,9.872787
1755401613747,0.270389,-0.012562,9.870394
1755401613750,0.29671,-0.022134,9.846465
1755401613752,0.272782,-0.000598,9.875179
1755401613755,0.256032,-0.002991,9.879965
1755401613758,0.275175,-0.031705,9.860822
1755401613760,0.294317,-0.012562,9.887143
1755401613762,0.287139,-0.034098,9.906285
1755401613764,0.270389,-0.007777,9.896714
1755401613768,0.267996,-0.005384,9.870394
1755401613769,0.265603,-0.014955,9.88475
1755401613771,0.284746,-0.014955,9.899107
1755401613774,0.291924,-0.007777,9.889536
1755401613777,0.282353,-0.019741,9.860822
1755401613779,0.299103,-0.014955,9.868001
1755401613781,0.263211,-0.041276,9.896714
1755401613784,0.289532,-0.024526,9.877572
1755401613786,0.284746,-0.010169,9.925428
1755401613788,0.256032,-0.002991,9.894321
1755401613790,0.287139,-0.007777,9.872787
1755401613793,0.29671,0.008973,9.877572
1755401613795,0.27996,0.016152,9.868001
1755401613798,0.287139,-0.005384,9.88475
1755401613800,0.299103,-0.019741,9.891929
1755401613803,0.284746,-0.017348,9.868001
1755401613805,0.284746,-0.002991,9.875179
1755401613808,0.267996,-0.010169,9.899107
1755401613810,0.282353,-0.014955,9.906285
1755401613812,0.275175,-0.026919,9.894321
1755401613815,0.284746,-0.012562,9.877572
1755401613817,0.27996,-0.000598,9.863214
1755401613819,0.263211,-0.022134,9.889536
1755401613822,0.270389,-0.038883,9.891929
1755401613824,0.29671,-0.036491,9.887143
1755401613827,0.260818,-0.019741,9.875179
1755401613830,0.272782,-0.026919,9.877572
1755401613831,0.284746,-0.022134,9.879965
1755401613834,0.260818,0.001795,9.894321
1755401613836,0.29671,-0.024526,9.88475
1755401613838,0.239282,-0.060419,9.875179
1755401613841,0.282353,-0.034098,9.877572
1755401613844,0.287139,-0.019741,9.88475
1755401613846,0.27996,-0.058026,9.882358
1755401613849,0.284746,-0.014955,9.882358
1755401613851,0.289532,-0.012562,9.856036
1755401613853,0.289532,-0.029312,9.863214
1755401613855,0.265603,-0.014955,9.879965
1755401613858,0.256032,-0.034098,9.889536
1755401613861,0.299103,-0.005384,9.875179
1755401613863,0.277567,-0.034098,9.879965
1755401613866,0.272782,-0.019741,9.872787
1755401613868,0.27996,-0.019741,9.877572
1755401613870,0.27996,-0.06999,9.868001
1755401613872,0.303888,-0.031705,9.889536
1755401613875,0.294317,-0.010169,9.882358
1755401613877,0.301496,-0.029312,9.870394
1755401613879,0.299103,-0.024526,9.863214
1755401613882,0.260818,-0.034098,9.887143
1755401613885,0.27996,-0.007777,9.879965
1755401613886,0.267996,-0.010169,9.875179
1755401613889,0.270389,-0.022134,9.875179
1755401613891,0.299103,-0.012562,9.870394
1755401613895,0.275175,-0.026919,9.88475
1755401613899,0.289532,0.013759,9.868001
1755401613900,0.289532,0.008973,9.872787
1755401613901,0.258425,-0.014955,9.868001
1755401613903,0.241675,-0.019741,9.860822
1755401613906,0.284746,-0.026919,9.863214
1755401613908,0.275175,-0.007777,9.872787
1755401613911,0.258425,-0.010169,9.882358
1755401613913,0.256032,-0.012562,9.88475
1755401613915,0.284746,-0.010169,9.858429
1755401613918,0.263211,-0.014955,9.887143
1755401613920,0.265603,-0.010169,9.879965
1755401613922,0.306281,-0.017348,9.877572
1755401613925,0.251246,-0.007777,9.870394
1755401613928,0.275175,-0.000598,9.856036
1755401613931,0.27996,-0.019741,9.899107
1755401613933,0.256032,-0.036491,9.891929
1755401613934,0.258425,-0.014955,9.875179
1755401613937,0.284746,-0.026919,9.891929
1755401613939,0.253639,-0.012562,9.894321
1755401613942,0.258425,-0.026919,9.896714
1755401613945,0.282353,-0.022134,9.887143
1755401613947,0.282353,-0.007777,9.870394
1755401613949,0.258425,-0.024526,9.860822
1755401613951,0.282353,-0.034098,9.870394
1755401613953,0.284746,-0.022134,9.879965
1755401613956,0.301496,-0.005384,9.88475
1755401613958,0.301496,-0.029312,9.872787
1755401613961,0.311067,-0.022134,9.887143
1755401613964,0.287139,0.018544,9.882358
1755401613966,0.265603,0.001795,9.865608
1755401613968,0.256032,-0.046062,9.877572
1755401613971,0.260818,-0.041276,9.877572
1755401613973,0.265603,-0.017348,9.875179
1755401613975,0.272782,-0.029312,9.865608
1755401613977,0.263211,-0.014955,9.868001
1755401613980,0.251246,-0.048455,9.872787
1755401613982,0.272782,-0.017348,9.870394
1755401613986,0.236889,-0.024526,9.887143
1755401613987,0.27996,-0.024526,9.870394
1755401613989,0.284746,-0.022134,9.875179
1755401613992,0.260818,-0.010169,9.891929
1755401613994,0.289532,-0.007777,9.870394
1755401613998,0.275175,-0.007777,9.889536
1755401614000,0.284746,-0.014955,9.903893
1755401614002,0.270389,-0.007777,9.88475
1755401614004,0.291924,0.013759,9.858429
1755401614006,0.291924,-0.024526,9.896714
1755401614009,0.27996,-0.024526,9.877572
1755401614011,0.27996,-0.017348,9.879965
1755401614014,0.239282,-0.010169,9.875179
1755401614016,0.256032,0.011366,9.88475
1755401614018,0.260818,-0.036491,9.88475
1755401614021,0.260818,-0.026919,9.863214
1755401614023,0.248854,-0.022134,9.872787
1755401614025,0.299103,-0.019741,9.894321
1755401614028,0.246461,-0.007777,9.882358
1755401614034,0.270389,-0.022134,9.865608
1755401614037,0.272782,-0.041276,9.877572
1755401614038,0.287139,-0.017348,9.911072
1755401614039,0.270389,-0.014955,9.872787
1755401614040,0.267996,-0.031705,9.887143
1755401614042,0.291924,-0.014955,9.896714
1755401614044,0.258425,-0.000598,9.877572
1755401614047,0.251246,-0.012562,9.877572
1755401614049,0.291924,0.001795,9.887143
1755401614052,0.323031,-0.029312,9.868001
1755401614054,0.294317,-0.031705,9.856036
1755401614056,0.263211,-0.046062,9.896714
1755401614059,0.27996,-0.019741,9.865608
1755401614062,0.282353,-0.010169,9.882358
1755401614065,0.256032,-0.007777,9.877572
1755401614067,0.291924,-0.010169,9.879965
1755401614069,0.284746,-0.031705,9.891929
1755401614071,0.248854,-0.034098,9.887143
1755401614073,0.244068,-0.036491,9.870394
1755401614076,0.275175,-0.017348,9.872787
1755401614078,0.251246,-0.000598,9.889536
1755401614082,0.27996,-0.010169,9.860822
1755401614085,0.248854,0.011366,9.865608
1755401614086,0.265603,-0.026919,9.863214
1755401614088,0.270389,-0.034098,9.882358
1755401614090,0.244068,-0.029312,9.882358
1755401614093,0.267996,0.013759,9.882358
1755401614095,0.299103,-0.012562,9.879965
1755401614099,0.270389,-0.012562,9.877572
1755401614100,0.265603,-0.022134,9.891929
1755401614102,0.29671,-0.019741,9.908679
1755401614104,0.291924,-0.026919,9.879965
1755401614107,0.284746,-0.024526,9.88475
1755401614109,0.267996,-0.029312,9.896714
1755401614111,0.291924,-0.005384,9.891929
1755401614114,0.277567,-0.002991,9.882358
1755401614117,0.253639,-0.022134,9.896714
1755401614119,0.275175,0.004187,9.896714
1755401614121,0.27996,-0.017348,9.889536
1755401614123,0.272782,-0.024526,9.868001
1755401614126,0.241675,-0.010169,9.887143
1755401614128,0.270389,-0.026919,9.896714
1755401614131,0.272782,-0.019741,9.882358
1755401614135,0.272782,-0.036491,9.872787
1755401614137,0.258425,-0.024526,9.88475
1755401614138,0.277567,-0.019741,9.875179
1755401614140,0.253639,-0.005384,9.877572
1755401614143,0.289532,-0.024526,9.858429
1755401614145,0.263211,-0.019741,9.877572
1755401614148,0.294317,0.008973,9.879965
1755401614150,0.291924,-0.012562,9.879965
1755401614153,0.27996,-0.010169,9.879965
1755401614155,0.260818,-0.012562,9.882358
1755401614157,0.289532,0.001795,9.9015
1755401614159,0.267996,-0.024526,9.856036
1755401614162,0.246461,-0.002991,9.875179
1755401614164,0.294317,0.004187,9.88475
1755401614167,0.287139,-0.005384,9.879965
1755401614169,0.289532,-0.022134,9.9015
1755401614172,0.275175,-0.031705,9.84168
1755401614174,0.291924,-0.024526,9.820144
1755401614176,0.277567,-0.038883,9.925428
1755401614179,0.306281,-0.022134,9.789038
1755401614184,0.282353,-0.002991,9.879965
1755401614185,0.265603,-0.010169,9.954441
1755401614187,0.29671,0.001795,9.82493
1755401614189,0.301496,0.00658,9.937392
1755401614191,0.244068,0.016152,9.80818
1755401614193,0.303888,-0.031705,9.944571
1755401614196,0.265603,-0.024526,9.932607
1755401614198,0.299103,-0.026919,9.844072
1755401614201,0.263211,-0.024526,9.939785
1755401614203,0.246461,-0.022134,9.719646
1755401614205,0.234497,0.004187,9.860822
1755401614207,0.284746,-0.019741,9.789038
1755401614210,0.270389,-0.005384,10.03819
1755401614213,0.31346,-0.005384,9.956834
1755401614215,0.277567,-0.005384,9.851251
1755401614218,0.267996,-0.000598,9.757931
1755401614220,0.282353,-0.012562,9.91825
1755401614222,0.303888,-0.026919,9.975977
1755401614225,0.251246,-0.017348,9.868001
1755401614227,0.260818,-0.029312,9.820144
1755401614229,0.287139,0.011366,9.913465
1755401614231,0.289532,-0.026919,9.9015
1755401614234,0.256032,-0.017348,9.79143
1755401614238,0.270389,-0.048455,9.980762
1755401614239,0.275175,-0.041276,9.851251
1755401614241,0.270389,0.001795,9.865608
1755401614243,0.265603,-0.007777,9.858429
1755401614246,0.29671,-0.019741,9.858429
1755401614248,0.275175,-0.034098,9.863214
1755401614252,0.272782,-0.036491,9.863214
1755401614254,0.27996,-0.007777,9.956834
1755401614256,0.284746,-0.024526,9.812965
1755401614258,0.232104,-0.06999,9.882358
1755401614260,0.306281,-0.012562,9.956834
1755401614262,0.27996,-0.000598,9.975977
1755401614265,0.351745,-0.05324,9.937392
1755401614268,0.12652,0.032901,9.566504
1755401614270,0.152842,0.078365,9.829716
1755401614272,0.344566,-0.043669,9.80818
1755401614274,0.232104,-0.048455,9.590433
1755401614277,0.263211,-0.002991,9.882358
1755401614279,0.239282,-0.024526,9.829716
1755401614282,0.447458,-0.079561,10.310972
1755401614285,0.308674,-0.026919,9.903893
1755401614287,0.208176,-0.017348,9.736395
1755401614289,0.169591,0.090329,9.853643
1755401614292,0.378066,-0.024526,10.047761
1755401614294,0.191127,0.049651,9.9015
1755401614296,0.356531,-0.105882,9.731609
1755401614299,0.14327,0.044865,9.810573
1755401614302,0.354138,-0.010169,10.160224
1755401614304,0.31346,-0.031705,9.832108
1755401614306,0.413958,-0.048455,10.117153
1755401614308,0.212961,-0.017348,9.710074
1755401614311,0.294317,-0.038883,9.930214
1755401614313,0.282353,-0.022134,9.875179
1755401614315,0.399601,-0.08674,10.028619
1755401614318,0.251246,-0.019741,9.779466
1755401614321,0.342174,-0.005384,10.198509
1755401614322,0.241675,0.049651,9.817751
1755401614325,0.397209,-0.05324,10.059726
1755401614327,0.380459,-0.024526,10.145867
1755401614330,0.20339,0.001795,9.592826
1755401614332,0.181555,0.064008,9.872787
1755401614334,0.351745,-0.06999,9.932607
1755401614340,0.241675,0.030508,9.844072
1755401614342,0.344566,-0.019741,10.011869
1755401614343,0.195912,0.018544,9.674182
1755401614344,0.253639,0.004187,9.952048
1755401614346,0.208176,-0.026919,9.741181
1755401614349,0.366102,-0.060419,9.84168
1755401614351,0.19352,0.020937,9.832108
1755401614354,0.301496,-0.029312,9.801002
1755401614356,0.409173,-0.091525,9.810573
1755401614358,0.215354,-0.029312,9.772287
1755401614361,0.239282,-0.031705,9.724431
1755401614363,0.128913,0.013759,9.456435
1755401614366,0.332602,-0.029312,10.081261
1755401614368,0.368495,-0.038883,9.987941
1755401614371,0.287139,-0.005384,9.834501
1755401614373,0.260818,-0.024526,9.88475
1755401614375,0.232104,-0.048455,9.891929
1755401614378,0.267996,-0.024526,9.858429
1755401614380,0.277567,-0.012562,9.858429
1755401614382,0.287139,-0.012562,9.868001
1755401614385,0.263211,-0.026919,9.865608
1755401614387,0.282353,-0.024526,9.84168
1755401614390,0.265603,-0.024526,9.865608
1755401614392,0.258425,-0.058026,9.891929
1755401614395,0.301496,-0.024526,9.88475
1755401614397,0.251246,-0.014955,9.875179
1755401614399,0.256032,-0.038883,9.88475
1755401614401,0.267996,-0.022134,9.875179
1755401614404,0.27996,-0.046062,9.879965
1755401614408,0.289532,-0.026919,9.889536
1755401614410,0.272782,-0.014955,9.887143
1755401614411,0.27996,-0.010169,9.891929
1755401614413,0.267996,-0.024526,9.877572
1755401614416,0.287139,-0.012562,9.891929
1755401614419,0.277567,-0.002991,9.882358
1755401614422,0.263211,-0.002991,9.868001
1755401614424,0.267996,0.001795,9.887143
1755401614426,0.227318,-0.017348,9.865608
1755401614428,0.179163,0.011366,9.743574
1755401614430,0.318245,-0.017348,9.983155
1755401614433,0.22014,-0.000598,9.772287
1755401614435,0.311067,-0.017348,9.84168
1755401614439,0.320638,-0.024526,9.959227
1755401614443,0.272782,-0.000598,9.863214
1755401614445,0.289532,-0.007777,9.903893
1755401614446,0.29671,0.00658,9.932607
1755401614448,0.287139,0.028116,9.784252
1755401614449,0.251246,-0.079561,9.887143
1755401614452,0.267996,0.013759,9.980762
1755401614456,0.325424,0.052044,9.834501
1755401614457,0.236889,-0.019741,9.973584
1755401614459,0.323031,0.013759,9.760324
1755401614461,0.234497,-0.05324,9.868001
1755401614464,0.308674,0.008973,9.817751
1755401614466,0.267996,-0.026919,9.927821
1755401614469,0.248854,-0.005384,9.956834
1755401614472,0.270389,0.013759,9.817751
1755401614474,0.234497,-0.024526,9.987941
1755401614476,0.351745,0.016152,9.750752
1755401614478,0.263211,-0.050847,9.906285
1755401614481,0.308674,-0.017348,9.836894
1755401614483,0.267996,-0.062812,9.908679
1755401614485,0.287139,0.001795,9.858429
1755401614488,0.301496,-0.034098,9.925428
1755401614491,0.239282,-0.014955,10.00469
1755401614493,0.311067,-0.007777,9.68136
1755401614495,0.215354,-0.024526,9.997512
1755401614498,0.327817,0.00658,9.827323
1755401614500,0.241675,-0.055633,9.844072
1755401614502,0.294317,0.030508,9.820144
1755401614505,0.239282,-0.046062,9.971191
1755401614507,0.27996,0.004187,9.801002
1755401614509,0.253639,-0.038883,9.889536
1755401614512,0.253639,0.008973,10.035797
1755401614514,0.282353,0.004187,9.743574
1755401614516,0.227318,-0.036491,10.026226
1755401614519,0.299103,-0.005384,9.755538
1755401614521,0.210568,-0.038883,9.930214
1755401614524,0.356531,0.016152,9.856036
1755401614526,0.229711,-0.029312,9.889536
1755401614528,0.260818,0.030508,9.786645
1755401614531,0.272782,-0.031705,9.959227
1755401614533,0.275175,0.00658,9.82493
1755401614536,0.272782,-0.026919,9.894321
1755401614538,0.27996,0.004187,9.97837
1755401614542,0.308674,-0.007777,9.805787
1755401614544,0.232104,-0.010169,10.016655
1755401614545,0.337388,0.02333,9.705289
1755401614548,0.22014,-0.029312,10.07169
1755401614550,0.351745,0.052044,9.734002
1755401614552,0.200997,-0.046062,10.007083
1755401614555,0.318245,0.001795,9.77468
1755401614557,0.217747,-0.036491,9.937392
1755401614560,0.342174,0.020937,9.832108
1755401614562,0.246461,-0.060419,9.915857
1755401614564,0.303888,0.020937,9.822537
1755401614567,0.301496,-0.043669,9.877572
1755401614569,0.260818,-0.002991,9.836894
1755401614572,0.299103,-0.046062,9.913465
1755401614574,0.263211,-0.019741,9.879965
1755401614577,0.260818,-0.029312,9.875179
1755401614579,0.270389,-0.026919,9.939785
1755401614581,0.320638,-0.005384,9.829716
1755401614584,0.22014,-0.038883,9.939785
1755401614586,0.337388,0.001795,9.803394
1755401614588,0.224925,-0.043669,9.992726
1755401614591,0.315853,0.037687,9.753145
1755401614593,0.208176,-0.046062,10.021441
1755401614595,0.323031,0.018544,9.765109
1755401614598,0.212961,-0.014955,10.026226
1755401614600,0.366102,0.020937,9.729217
1755401614603,0.169591,-0.050847,10.023833
1755401614605,0.346959,0.035294,9.710074
1755401614608,0.232104,-0.048455,10.019048
1755401614612,0.351745,0.008973,9.767502
1755401614613,0.236889,-0.060419,9.983155
1755401614615,0.33021,0.02333,9.798609
1755401614617,0.224925,-0.038883,9.995119
1755401614619,0.339781,0.013759,9.801002
1755401614622,0.234497,-0.026919,9.968799
1755401614625,0.303888,0.001795,9.815358
1755401614628,0.253639,-0.038883,9.944571
1755401614629,0.263211,-0.036491,9.812965
1755401614631,0.258425,-0.022134,9.971191
1755401614634,0.291924,-0.024526,9.836894
1755401614636,0.239282,-0.026919,9.913465
1755401614639,0.265603,-0.048455,9.870394
1755401614642,0.272782,-0.026919,9.863214
1755401614644,0.272782,-0.017348,9.879965
1755401614646,0.248854,-0.019741,9.856036
1755401614649,0.277567,-0.031705,9.930214
1755401614651,0.284746,-0.026919,9.846465
1755401614653,0.27996,-0.043669,9.91825
1755401614656,0.291924,0.008973,9.851251
1755401614659,0.287139,0.025723,9.875179
1755401614661,0.275175,-0.022134,9.865608
1755401614664,0.263211,-0.019741,9.930214
1755401614665,0.308674,-0.034098,9.971191
1755401614667,0.157627,0.073579,9.82493
1755401614670,0.234497,-0.026919,9.71486
1755401614673,0.308674,-0.05324,9.906285
1755401614675,0.215354,0.013759,9.9015
1755401614677,0.265603,0.011366,9.887143
1755401614680,0.212961,0.00658,9.767502
1755401614682,0.210568,0.049651,10.035797
1755401614684,0.191127,0.028116,9.77468
1755401614686,0.301496,-0.031705,9.865608
1755401614689,0.232104,-0.012562,9.820144
1755401614691,0.267996,0.001795,9.853643
1755401614694,0.258425,0.004187,9.896714
1755401614696,0.29671,-0.012562,9.894321
1755401614699,0.275175,-0.022134,9.894321
1755401614702,0.275175,0.004187,9.899107
1755401614704,0.277567,-0.019741,9.88475
1755401614706,0.263211,-0.002991,9.906285
1755401614708,0.265603,-0.014955,9.896714
1755401614711,0.267996,-0.007777,9.863214
1755401614713,0.267996,-0.014955,9.872787
1755401614715,0.263211,-0.000598,9.870394
1755401614718,0.251246,-0.010169,9.865608
1755401614720,0.284746,-0.010169,9.88475
1755401614723,0.291924,-0.022134,9.872787
1755401614725,0.289532,-0.022134,9.896714
1755401614728,0.291924,-0.002991,9.903893
1755401614730,0.294317,-0.031705,9.896714
1755401614732,0.315853,-0.034098,9.882358
1755401614735,0.272782,-0.048455,9.860822
1755401614737,0.27996,-0.005384,9.9015
1755401614740,0.260818,-0.017348,9.863214
1755401614742,0.258425,-0.002991,9.925428
1755401614746,0.291924,-0.010169,9.882358
1755401614747,0.291924,-0.017348,9.863214
1755401614749,0.282353,0.001795,9.88475
1755401614751,0.258425,-0.014955,9.872787
1755401614754,0.258425,-0.043669,9.889536
1755401614756,0.287139,0.001795,9.875179
1755401614759,0.299103,-0.002991,9.920643
1755401614762,0.272782,0.001795,9.860822
1755401614764,0.27996,-0.029312,9.877572
1755401614766,0.308674,-0.031705,9.879965
1755401614769,0.267996,-0.014955,9.851251
1755401614771,0.284746,-0.002991,9.860822
1755401614773,0.277567,-0.000598,9.942178
1755401614775,0.308674,0.008973,9.829716
1755401614778,0.291924,-0.002991,9.858429
1755401614782,0.256032,-0.034098,9.9015
1755401614783,0.287139,-0.034098,9.851251
1755401614786,0.265603,0.008973,9.865608
1755401614788,0.244068,-0.031705,9.882358
1755401614790,0.287139,-0.022134,9.949656
1755401614792,0.287139,-0.012562,9.858429
1755401614795,0.263211,0.030508,9.891929
1755401614797,0.275175,-0.017348,9.832108
1755401614799,0.27996,-0.046062,9.805787
1755401614802,0.272782,-0.046062,10.00469
1755401614805,0.272782,0.013759,9.875179
1755401614807,0.265603,-0.007777,9.971191
1755401614809,0.267996,-0.017348,9.702896
1755401614812,0.267996,-0.072383,10.002297
1755401614815,0.277567,-0.019741,9.757931
1755401614816,0.287139,0.016152,9.894321
1755401614818,0.267996,-0.034098,9.925428
1755401614821,0.275175,-0.031705,9.796216
1755401614823,0.265603,-0.041276,9.971191
1755401614826,0.284746,0.030508,9.88475
1755401614829,0.270389,-0.014955,9.822537
1755401614831,0.263211,-0.062812,9.731609
1755401614833,0.277567,-0.048455,10.069297
1755401614835,0.299103,-0.000598,9.860822
1755401614838,0.275175,-0.012562,9.966406
1755401614840,0.301496,-0.06999,9.757931
1755401614843,0.311067,-0.041276,9.671789
1755401614845,0.263211,-0.005384,10.13151
1755401614848,0.260818,-0.012562,9.848858
1755401614850,0.246461,-0.002991,9.942178
1755401614852,0.272782,-0.060419,9.793823
1755401614855,0.234497,-0.019741,9.734002
1755401614857,0.287139,-0.000598,10.107582
1755401614859,0.263211,-0.038883,9.827323
1755401614861,0.291924,-0.012562,9.920643
1755401614864,0.260818,-0.041276,9.822537
1755401614867,0.270389,-0.046062,9.858429
1755401614869,0.282353,-0.014955,10.064511
1755401614871,0.291924,0.016152,9.757931
1755401614874,0.284746,0.008973,9.942178
1755401614876,0.27996,-0.036491,9.765109
1755401614878,0.267996,-0.036491,9.959227
1755401614881,0.29671,-0.034098,9.899107
1755401614885,0.287139,0.016152,9.757931
1755401614886,0.265603,-0.017348,10.03819
1755401614888,0.29671,-0.014955,9.745967
1755401614890,0.267996,-0.022134,10.00469
1755401614893,0.263211,-0.029312,9.786645
1755401614895,0.270389,-0.000598,9.868001
1755401614897,0.270389,-0.038883,9.997512
1755401614900,0.232104,-0.046062,9.765109
1755401614903,0.272782,-0.034098,9.961619
1755401614906,0.277567,0.020937,9.803394
1755401614908,0.291924,0.020937,10.007083
1755401614909,0.27996,-0.038883,9.803394
1755401614912,0.248854,0.013759,9.889536
1755401614914,0.263211,-0.041276,9.964012
1755401614917,0.253639,0.018544,9.858429
1755401614919,0.265603,-0.029312,9.899107
1755401614922,0.311067,-0.038883,9.908679
1755401614924,0.303888,-0.017348,9.80818
1755401614927,0.284746,-0.012562,9.925428
1755401614929,0.284746,-0.024526,9.810573
1755401614931,0.301496,-0.010169,9.956834
1755401614933,0.260818,-0.005384,9.822537
1755401614936,0.270389,-0.046062,9.891929
1755401614938,0.246461,-0.026919,9.853643
1755401614941,0.282353,-0.034098,9.875179
1755401614944,0.253639,-0.005384,9.915857
1755401614945,0.251246,-0.005384,9.868001
1755401614948,0.284746,-0.012562,9.923036
1755401614951,0.311067,-0.029312,9.882358
1755401614953,0.275175,-0.017348,9.832108
1755401614955,0.265603,-0.012562,9.887143
1755401614958,0.258425,-0.014955,9.9015
1755401614960,0.275175,-0.031705,9.889536
1755401614962,0.291924,-0.014955,9.856036
1755401614965,0.27996,-0.022134,9.911072
1755401614967,0.270389,0.004187,9.851251
1755401614969,0.275175,-0.041276,9.879965
1755401614972,0.215354,-0.005384,9.872787
1755401614974,0.265603,0.001795,9.865608
1755401614976,0.260818,-0.017348,9.868001
1755401614979,0.258425,-0.010169,9.889536
1755401614983,0.263211,-0.024526,9.875179
1755401614987,0.246461,-0.038883,9.889536
1755401614988,0.260818,-0.036491,9.889536
1755401614989,0.270389,-0.024526,9.894321
1755401614991,0.282353,0.001795,9.891929
1755401614993,0.277567,-0.031705,9.882358
1755401614996,0.287139,0.013759,9.851251
1755401615000,0.299103,0.004187,9.872787
1755401615001,0.291924,-0.014955,9.879965
1755401615003,0.270389,-0.002991,9.870394
1755401615005,0.277567,0.011366,9.889536
1755401615009,0.270389,0.00658,9.84168
1755401615010,0.251246,-0.012562,9.911072
1755401615012,0.244068,0.004187,9.872787
1755401615015,0.251246,-0.034098,9.879965
1755401615018,0.256032,-0.002991,9.88475
1755401615020,0.277567,-0.017348,9.889536
1755401615022,0.270389,-0.026919,9.875179
1755401615025,0.320638,-0.043669,9.891929
1755401615027,0.31346,-0.017348,9.877572
1755401615030,0.267996,-0.022134,9.860822
1755401615032,0.270389,-0.029312,9.868001
1755401615034,0.289532,-0.014955,9.882358
1755401615037,0.287139,-0.019741,9.872787
1755401615039,0.263211,0.008973,9.863214
1755401615042,0.27996,-0.022134,9.863214
1755401615044,0.253639,-0.019741,9.84168
1755401615046,0.289532,-0.010169,9.896714
1755401615048,0.291924,-0.019741,9.875179
1755401615051,0.294317,0.004187,9.894321
1755401615053,0.31346,-0.024526,9.877572
1755401615056,0.277567,-0.026919,9.913465
1755401615059,0.241675,-0.046062,9.887143
1755401615060,0.291924,-0.024526,9.889536
1755401615063,0.256032,0.013759,9.863214
1755401615065,0.258425,-0.017348,9.877572
1755401615068,0.287139,-0.010169,9.903893
1755401615071,0.289532,-0.026919,9.832108
1755401615072,0.287139,-0.026919,9.827323
1755401615075,0.277567,-0.026919,9.920643
1755401615077,0.241675,-0.007777,9.952048
1755401615080,0.248854,0.013759,9.851251
1755401615082,0.299103,0.00658,9.906285
1755401615085,0.248854,-0.017348,9.805787
1755401615087,0.291924,-0.005384,9.932607
1755401615091,0.244068,-0.055633,9.915857
1755401615092,0.275175,0.008973,9.851251
1755401615094,0.270389,-0.034098,9.865608
1755401615096,0.265603,0.00658,9.872787
1755401615099,0.258425,-0.022134,9.860822
1755401615102,0.260818,0.016152,9.920643
1755401615104,0.241675,-0.034098,9.851251
1755401615106,0.277567,0.011366,9.934999
1755401615108,0.31346,-0.012562,9.803394
1755401615112,0.234497,-0.000598,9.966406
1755401615113,0.334995,-0.007777,9.805787
1755401615115,0.210568,-0.029312,9.999905
1755401615118,0.327817,-0.014955,9.755538
1755401615120,0.239282,-0.005384,9.999905
1755401615123,0.354138,-0.002991,9.755538
1755401615125,0.217747,-0.026919,10.045368
1755401615127,0.366102,-0.007777,9.712467
1755401615130,0.19352,-0.055633,10.047761
1755401615132,0.344566,0.016152,9.719646
1755401615135,0.198604,-0.048455,10.074082
1755401615138,0.375673,-0.007777,9.662218
1755401615140,0.167198,-0.065204,10.090832
1755401615143,0.370888,0.028116,9.657433
1755401615144,0.222533,-0.060419,10.129117
1755401615147,0.378066,0.042473,9.676575
1755401615149,0.232104,-0.041276,10.078868
1755401615153,0.37328,0.061615,9.669396
1755401615155,0.205783,-0.093918,10.035797
1755401615156,0.368495,0.05683,9.726824
1755401615159,0.224925,-0.067597,9.999905
1755401615161,0.291924,0.004187,9.820144
1755401615163,0.244068,-0.060419,9.949656
1755401615166,0.287139,0.001795,9.860822
1755401615168,0.27996,-0.046062,9.887143
1755401615171,0.265603,-0.029312,9.851251
1755401615173,0.277567,-0.019741,9.913465
1755401615176,0.275175,-0.019741,9.894321
1755401615178,0.27996,-0.031705,9.805787
1755401615180,0.27996,-0.012562,9.997512
1755401615183,0.301496,0.02333,9.817751
1755401615185,0.258425,-0.002991,9.959227
1755401615188,0.277567,0.008973,9.822537
1755401615190,0.284746,-0.046062,9.930214
1755401615193,0.282353,-0.012562,9.834501
1755401615195,0.270389,-0.014955,9.882358
1755401615198,0.299103,-0.034098,9.853643
1755401615199,0.31346,-0.014955,9.865608
1755401615202,0.29671,-0.019741,9.88475
1755401615205,0.256032,-0.002991,9.88475
1755401615207,0.306281,-0.029312,9.879965
1755401615209,0.308674,-0.014955,9.894321
1755401615212,0.277567,-0.014955,9.846465
1755401615214,0.282353,-0.007777,9.896714
1755401615216,0.256032,-0.007777,9.891929
1755401615219,0.260818,-0.024526,9.872787
1755401615221,0.303888,-0.012562,9.88475
1755401615224,0.29671,-0.029312,9.868001
1755401615226,0.256032,-0.026919,9.863214
1755401615228,0.270389,-0.046062,9.870394
1755401615231,0.282353,-0.017348,9.88475
1755401615233,0.291924,-0.022134,9.863214
1755401615235,0.299103,0.011366,9.889536
1755401615238,0.258425,0.013759,9.9015
1755401615240,0.289532,-0.005384,9.966406
1755401615243,0.287139,0.001795,9.753145
1755401615245,0.29671,0.016152,9.97837
1755401615247,0.267996,-0.041276,9.872787
1755401615250,0.282353,-0.050847,9.784252
1755401615252,0.291924,-0.036491,9.899107
1755401615255,0.256032,0.008973,9.956834
1755401615257,0.229711,-0.036491,9.827323
1755401615259,0.241675,-0.019741,9.932607
1755401615262,0.232104,-0.022134,9.985548
1755401615264,0.291924,-0.007777,9.729217
1755401615267,0.263211,-0.031705,9.949656
1755401615269,0.303888,0.001795,9.860822
1755401615272,0.256032,-0.055633,9.832108
1755401615274,0.284746,0.011366,9.853643
1755401615276,0.253639,-0.05324,10.009477
1755401615278,0.275175,-0.000598,9.968799
1755401615281,0.306281,-0.000598,9.688539
1755401615283,0.208176,-0.038883,9.891929
1755401615286,0.334995,0.028116,9.894321
1755401615289,0.272782,-0.048455,9.949656
1755401615291,0.27996,-0.010169,9.894321
1755401615293,0.301496,0.018544,9.798609
1755401615295,0.229711,-0.05324,9.915857
1755401615298,0.284746,0.030508,9.836894
1755401615300,0.256032,-0.022134,9.920643
1755401615303,0.315853,0.025723,9.920643
1755401615306,0.260818,-0.012562,9.805787
1755401615308,0.258425,-0.007777,9.927821
1755401615310,0.306281,0.011366,9.870394
1755401615312,0.258425,-0.060419,9.956834
1755401615316,0.270389,0.016152,9.879965
1755401615317,0.318245,-0.014955,9.80818
1755401615319,0.248854,-0.055633,9.91825
1755401615322,0.289532,0.028116,9.954441
1755401615325,0.287139,-0.034098,9.789038
1755401615327,0.241675,-0.046062,9.927821
1755401615329,0.308674,0.030508,9.77468
1755401615331,0.248854,-0.050847,9.985548
1755401615334,0.282353,-0.007777,9.779466
1755401615336,0.294317,-0.017348,9.899107
1755401615340,0.232104,-0.041276,9.853643
1755401615341,0.325424,0.02333,9.932607
1755401615344,0.320638,-0.036491,9.803394
1755401615346,0.260818,-0.041276,9.84168
1755401615348,0.320638,0.011366,9.930214
1755401615350,0.227318,-0.024526,9.91825
1755401615353,0.260818,-0.022134,9.887143
1755401615361,0.29671,-0.012562,9.810573
1755401615363,0.275175,-0.046062,9.942178
1755401615364,0.323031,-0.010169,9.896714
1755401615365,0.275175,-0.036491,9.839287
1755401615365,0.234497,-0.036491,9.932607
1755401615367,0.342174,0.025723,9.798609
1755401615369,0.253639,-0.084347,9.942178
1755401615372,0.311067,-0.002991,9.868001
1755401615374,0.265603,-0.022134,9.848858
1755401615377,0.263211,-0.005384,9.947263
1755401615379,0.315853,0.011366,9.755538
1755401615381,0.215354,-0.034098,9.992726
1755401615384,0.303888,0.008973,9.815358
1755401615386,0.246461,-0.031705,9.925428
1755401615389,0.253639,0.011366,9.80818
1755401615392,0.256032,-0.014955,9.882358
1755401615394,0.284746,-0.034098,9.937392
1755401615396,0.29671,-0.026919,9.944571
1755401615399,0.272782,-0.019741,9.856036
1755401615401,0.291924,-0.058026,9.887143
1755401615403,0.263211,0.008973,9.9015
1755401615405,0.287139,-0.017348,9.920643
1755401615408,0.306281,-0.026919,9.952048
1755401615410,0.284746,0.001795,9.865608
1755401615413,0.229711,0.020937,9.894321
1755401615415,0.284746,-0.031705,9.875179
1755401615418,0.236889,-0.007777,9.834501
1755401615420,0.29671,-0.010169,9.908679
1755401615423,0.291924,-0.010169,9.856036
1755401615425,0.267996,-0.010169,9.875179
1755401615428,0.270389,-0.012562,9.870394
1755401615430,0.301496,-0.029312,9.906285
1755401615432,0.291924,-0.024526,9.877572
1755401615434,0.270389,-0.010169,9.875179
1755401615437,0.301496,-0.017348,9.9015
1755401615439,0.284746,-0.031705,9.887143
1755401615442,0.253639,-0.000598,9.887143
1755401615444,0.260818,-0.031705,9.91825
1755401615446,0.270389,-0.048455,9.872787
1755401615449,0.234497,-0.036491,9.875179
1755401615451,0.224925,-0.024526,9.863214
1755401615453,0.272782,-0.031705,9.920643
1755401615456,0.246461,-0.019741,9.822537
1755401615459,0.236889,0.008973,9.891929
1755401615461,0.277567,-0.000598,9.894321
1755401615463,0.263211,-0.022134,9.872787
1755401615465,0.267996,-0.019741,9.889536
1755401615468,0.251246,-0.005384,9.896714
1755401615470,0.248854,-0.010169,9.889536
1755401615473,0.248854,0.00658,9.853643
1755401615476,0.27996,-0.002991,9.877572
1755401615479,0.239282,-0.036491,9.923036
1755401615480,0.270389,-0.010169,9.84168
1755401615482,0.277567,-0.002991,9.877572
1755401615485,0.260818,-0.012562,9.889536
1755401615487,0.289532,-0.055633,9.839287
1755401615489,0.289532,-0.031705,9.860822
1755401615493,0.265603,0.001795,9.88475
1755401615495,0.299103,-0.012562,9.887143
1755401615497,0.258425,-0.005384,9.879965
1755401615499,0.294317,-0.031705,9.853643
1755401615502,0.277567,0.008973,9.899107
1755401615504,0.29671,0.035294,9.820144
1755401615506,0.27996,-0.036491,9.856036
1755401615511,0.265603,0.008973,9.906285
1755401615512,0.260818,-0.019741,9.822537
1755401615513,0.270389,-0.010169,9.882358
1755401615516,0.253639,0.004187,9.937392
1755401615520,0.270389,-0.022134,9.88475
1755401615521,0.263211,-0.048455,9.84168
1755401615523,0.301496,-0.026919,9.858429
1755401615527,0.272782,-0.017348,9.934999
1755401615529,0.289532,-0.000598,9.906285
1755401615531,0.284746,0.001795,9.894321
1755401615533,0.267996,-0.048455,9.822537
1755401615535,0.282353,-0.046062,9.875179
1755401615537,0.29671,0.011366,9.915857
1755401615540,0.246461,0.001795,9.911072
1755401615544,0.270389,-0.041276,9.817751
1755401615546,0.299103,-0.077169,9.891929
1755401615547,0.270389,0.016152,9.9015
1755401615549,0.267996,0.011366,9.865608
1755401615552,0.277567,-0.048455,9.877572
1755401615554,0.275175,-0.034098,9.879965
1755401615556,0.253639,0.00658,9.853643
1755401615562,0.234497,-0.026919,9.91825
1755401615563,0.282353,-0.022134,9.88475
1755401615564,0.253639,-0.017348,9.829716
1755401615566,0.265603,-0.000598,9.91825
1755401615568,0.287139,-0.010169,9.832108
1755401615571,0.234497,-0.031705,9.887143
1755401615573,0.263211,-0.017348,9.860822
1755401615576,0.275175,-0.043669,9.920643
1755401615578,0.27996,-0.012562,9.844072
1755401615581,0.246461,-0.017348,9.927821
1755401615583,0.299103,-0.010169,9.870394
1755401615585,0.260818,0.001795,9.865608
1755401615588,0.275175,-0.038883,9.88475
1755401615590,0.258425,0.001795,9.899107
1755401615592,0.256032,0.004187,9.887143
1755401615595,0.275175,-0.019741,9.872787
1755401615598,0.291924,-0.019741,9.903893
1755401615600,0.27996,-0.024526,9.927821
1755401615602,0.289532,-0.024526,9.851251
1755401615605,0.289532,-0.046062,9.896714
1755401615607,0.282353,-0.019741,9.820144
1755401615609,0.272782,-0.019741,9.925428
1755401615613,0.308674,0.020937,9.827323
1755401615614,0.263211,-0.041276,9.932607
1755401615616,0.303888,-0.005384,9.882358
1755401615619,0.294317,-0.002991,9.863214
1755401615622,0.270389,-0.046062,9.920643
1755401615623,0.306281,-0.012562,9.911072
1755401615626,0.291924,-0.036491,9.836894
1755401615629,0.241675,-0.065204,9.913465
1755401615632,0.303888,-0.014955,9.908679
1755401615633,0.246461,0.013759,9.856036
1755401615636,0.270389,-0.019741,9.9015
1755401615638,0.29671,-0.024526,9.88475
1755401615641,0.315853,-0.019741,9.860822
1755401615643,0.256032,0.001795,9.872787
1755401615646,0.291924,-0.019741,9.877572
1755401615649,0.291924,-0.019741,9.896714
1755401615650,0.291924,0.001795,9.865608
1755401615652,0.287139,-0.029312,9.870394
1755401615655,0.248854,-0.005384,9.860822
1755401615657,0.246461,-0.041276,9.894321
1755401615659,0.244068,-0.031705,9.856036
1755401615663,0.301496,-0.007777,9.899107
1755401615664,0.27996,-0.024526,9.882358
1755401615667,0.275175,-0.014955,9.872787
1755401615669,0.270389,-0.038883,9.875179
1755401615672,0.265603,-0.014955,9.88475
1755401615674,0.289532,-0.029312,9.868001
1755401615676,0.270389,-0.05324,9.887143
1755401615681,0.267996,0.004187,9.868001
1755401615682,0.27996,-0.012562,9.856036
1755401615684,0.272782,-0.019741,9.872787
1755401615686,0.277567,-0.038883,9.9015
1755401615688,0.27996,-0.002991,9.858429
1755401615691,0.256032,-0.017348,9.872787
1755401615693,0.291924,-0.012562,9.851251
1755401615697,0.291924,-0.010169,9.891929
1755401615698,0.248854,0.016152,9.877572
1755401615700,0.263211,-0.014955,9.834501
1755401615703,0.289532,-0.022134,9.872787
1755401615705,0.251246,-0.000598,9.930214
1755401615707,0.270389,-0.005384,9.851251
1755401615710,0.224925,-0.05324,9.872787
1755401615713,0.263211,-0.038883,9.995119
1755401615715,0.246461,-0.005384,9.851251
1755401615717,0.299103,-0.036491,9.846465
1755401615719,0.306281,-0.041276,9.899107
1755401615723,0.265603,-0.010169,9.860822
1755401615725,0.291924,-0.002991,9.920643
1755401615727,0.301496,-0.002991,9.966406
1755401615731,0.284746,-0.031705,9.698111
1755401615732,0.291924,-0.050847,9.937392
1755401615734,0.260818,0.028116,9.872787
1755401615736,0.289532,-0.007777,9.911072
1755401615739,0.244068,-0.048455,9.801002
1755401615743,0.272782,-0.062812,9.908679
1755401615743,0.265603,-0.000598,9.889536
1755401615746,0.246461,-0.005384,9.868001
1755401615748,0.267996,-0.017348,9.829716
1755401615751,0.284746,-0.019741,9.990334
1755401615753,0.244068,-0.029312,9.84168
1755401615755,0.294317,-0.026919,9.894321
1755401615758,0.277567,-0.014955,9.9015
1755401615760,0.267996,-0.005384,9.848858
1755401615765,0.325424,0.013759,9.920643
1755401615767,0.289532,-0.022134,9.863214
1755401615768,0.27996,-0.022134,9.882358
1755401615770,0.272782,-0.041276,9.789038
1755401615772,0.289532,-0.002991,9.983155
1755401615774,0.289532,-0.019741,9.839287
1755401615777,0.265603,-0.005384,9.860822
1755401615779,0.260818,-0.034098,9.932607
1755401615782,0.294317,-0.026919,9.84168
1755401615784,0.258425,-0.017348,9.765109
1755401615787,0.248854,-0.038883,9.944571
1755401615789,0.265603,-0.005384,9.923036
1755401615791,0.272782,-0.022134,9.882358
1755401615794,0.263211,-0.010169,9.836894
1755401615796,0.277567,-0.017348,9.983155
1755401615799,0.256032,-0.024526,9.784252
1755401615801,0.291924,-0.012562,9.891929
1755401615804,0.289532,-0.022134,9.839287
1755401615806,0.275175,-0.014955,9.829716
1755401615808,0.287139,-0.000598,9.999905
1755401615810,0.256032,-0.036491,9.836894
1755401615813,0.294317,-0.031705,9.877572
1755401615816,0.253639,-0.024526,9.925428
1755401615818,0.282353,-0.012562,9.832108
1755401615820,0.277567,-0.019741,9.82493
1755401615823,0.332602,-0.031705,9.911072
1755401615825,0.270389,-0.050847,9.889536
1755401615827,0.248854,-0.010169,9.927821
1755401615830,0.29671,-0.014955,9.84168
1755401615833,0.256032,-0.017348,9.856036
1755401615835,0.270389,-0.007777,9.932607
1755401615837,0.29671,0.013759,9.894321
1755401615839,0.287139,-0.046062,9.858429
1755401615842,0.272782,-0.034098,9.872787
1755401615844,0.337388,-0.041276,9.896714
1755401615846,0.263211,-0.024526,9.844072
1755401615850,0.294317,0.020937,9.870394
1755401615851,0.258425,-0.010169,9.915857
1755401615854,0.241675,-0.043669,9.877572
1755401615856,0.260818,0.016152,9.731609
1755401615859,0.241675,-0.005384,10.083653
1755401615861,0.251246,-0.007777,9.844072
1755401615863,0.27996,-0.000598,9.839287
1755401615867,0.27996,-0.019741,9.923036
1755401615868,0.29671,-0.022134,9.875179
1755401615870,0.270389,-0.002991,9.860822
1755401615873,0.284746,-0.005384,9.939785
1755401615875,0.284746,-0.019741,9.877572
1755401615877,0.258425,-0.038883,9.84168
1755401615880,0.282353,0.042473,9.856036
1755401615884,0.272782,-0.036491,9.915857
1755401615885,0.267996,-0.010169,9.839287
1755401615887,0.256032,-0.031705,9.875179
1755401615890,0.263211,-0.000598,9.879965
1755401615892,0.275175,-0.007777,9.856036
1755401615894,0.267996,0.018544,9.858429
1755401615897,0.31346,-0.005384,9.88475
1755401615899,0.27996,-0.036491,9.860822
1755401615902,0.294317,-0.017348,9.899107
1755401615904,0.263211,-0.034098,9.875179
1755401615907,0.282353,-0.022134,9.868001
1755401615908,0.263211,-0.022134,9.875179
1755401615911,0.239282,-0.014955,9.899107
1755401615913,0.258425,-0.012562,9.879965
1755401615916,0.267996,0.013759,9.889536
1755401615919,0.291924,-0.022134,9.913465
1755401615921,0.294317,-0.026919,9.879965
1755401615923,0.267996,-0.043669,9.891929
1755401615926,0.265603,0.013759,9.9015
1755401615928,0.270389,-0.029312,9.894321
1755401615930,0.270389,-0.022134,9.865608
1755401615933,0.294317,-0.005384,9.899107
1755401615935,0.272782,0.001795,9.872787
1755401615937,0.320638,-0.024526,9.863214
1755401615940,0.291924,0.008973,9.868001
1755401615943,0.306281,-0.019741,9.894321
1755401615944,0.272782,-0.000598,9.858429
1755401615947,0.256032,-0.000598,9.887143
1755401615949,0.258425,-0.007777,9.9015
1755401615952,0.256032,0.008973,9.875179
1755401615954,0.256032,-0.005384,9.879965
1755401615956,0.277567,-0.038883,9.889536
1755401615959,0.256032,-0.031705,9.88475
1755401615961,0.267996,-0.043669,9.889536
1755401615964,0.284746,-0.029312,9.856036
1755401615966,0.263211,0.018544,9.877572
1755401615969,0.294317,0.013759,9.889536
1755401615972,0.260818,0.001795,9.887143
1755401615973,0.267996,-0.010169,9.889536
1755401615976,0.260818,-0.034098,9.877572
1755401615978,0.260818,-0.017348,9.88475
1755401615981,0.251246,-0.029312,9.887143
1755401615983,0.267996,-0.019741,9.896714
1755401615986,0.263211,-0.036491,9.870394
1755401615988,0.27996,0.011366,9.872787
1755401615990,0.272782,-0.029312,9.906285
1755401615993,0.299103,-0.026919,9.894321
1755401615995,0.287139,-0.031705,9.891929
1755401615997,0.299103,-0.019741,9.894321
1755401616000,0.308674,-0.017348,9.911072
1755401616003,0.29671,-0.046062,9.889536
1755401616005,0.263211,-0.026919,9.870394
1755401616007,0.256032,-0.007777,9.846465
1755401616009,0.265603,-0.024526,9.858429
1755401616011,0.265603,-0.026919,9.88475
1755401616014,0.299103,-0.038883,9.887143
1755401616016,0.275175,-0.046062,9.879965
1755401616020,0.289532,-0.026919,9.875179
1755401616022,0.277567,-0.038883,9.860822
1755401616023,0.272782,-0.046062,9.887143
1755401616026,0.272782,-0.019741,9.887143
1755401616028,0.289532,-0.034098,9.870394
1755401616031,0.301496,-0.010169,9.882358
1755401616033,0.270389,-0.029312,9.88475
1755401616037,0.267996,-0.014955,9.879965
1755401616039,0.291924,0.011366,9.908679
1755401616040,0.260818,-0.026919,9.887143
1755401616043,0.267996,-0.019741,9.865608
1755401616045,0.265603,-0.038883,9.891929
1755401616048,0.263211,-0.038883,9.88475
1755401616050,0.267996,-0.041276,9.891929
1755401616054,0.267996,-0.024526,9.879965
1755401616055,0.256032,-0.034098,9.868001
1755401616057,0.299103,-0.002991,9.88475
1755401616059,0.284746,-0.026919,9.877572
1755401616062,0.253639,-0.034098,9.882358
1755401616064,0.284746,-0.005384,9.896714
1755401616067,0.275175,-0.014955,9.877572
1755401616071,0.265603,-0.010169,9.868001
1755401616072,0.270389,-0.024526,9.882358
