1755407214205,0.308674,-0.043669,9.906285
1755407214208,0.270389,-0.026919,9.906285
1755407214209,0.263211,-0.007777,9.899107
1755407214210,0.275175,-0.010169,9.894321
1755407214211,0.301496,-0.029312,9.872787
1755407214212,0.29671,-0.058026,9.877572
1755407214213,0.260818,-0.022134,9.860822
1755407214213,0.289532,-0.034098,9.882358
1755407214214,0.27996,-0.036491,9.877572
1755407214215,0.270389,-0.026919,9.891929
1755407214216,0.277567,-0.026919,9.872787
1755407214217,0.282353,-0.017348,9.889536
1755407214218,0.294317,-0.036491,9.879965
1755407214219,0.308674,-0.012562,9.882358
1755407214220,0.299103,0.00658,9.899107
1755407214221,0.294317,-0.007777,9.863214
1755407214223,0.294317,-0.038883,9.882358
1755407214223,0.248854,-0.029312,9.889536
1755407214224,0.284746,-0.010169,9.870394
1755407214225,0.299103,-0.014955,9.88475
1755407214226,0.306281,-0.019741,9.863214
1755407214227,0.289532,-0.007777,9.853643
1755407214228,0.275175,0.00658,9.879965
1755407214229,0.265603,-0.014955,9.887143
1755407214229,0.282353,-0.029312,9.887143
1755407214231,0.272782,-0.046062,9.889536
1755407214231,0.301496,-0.014955,9.894321
1755407214232,0.306281,-0.024526,9.891929
1755407214232,0.301496,-0.012562,9.879965
1755407214233,0.275175,0.004187,9.875179
1755407214233,0.270389,-0.000598,9.887143
1755407214233,0.301496,-0.014955,9.891929
1755407214234,0.291924,-0.019741,9.891929
1755407214234,0.29671,-0.017348,9.889536
1755407214235,0.265603,-0.036491,9.882358
1755407214235,0.29671,-0.019741,9.877572
1755407214235,0.291924,-0.000598,9.863214
1755407214236,0.282353,-0.036491,9.894321
1755407214236,0.31346,-0.019741,9.894321
1755407214237,0.282353,-0.05324,9.875179
1755407214237,0.308674,-0.038883,9.88475
1755407214238,0.282353,-0.043669,9.88475
1755407214238,0.301496,-0.026919,9.88475
1755407214238,0.277567,-0.029312,9.882358
1755407214239,0.253639,-0.029312,9.88475
1755407214239,0.289532,-0.036491,9.870394
1755407214240,0.27996,-0.038883,9.879965
1755407214240,0.282353,-0.024526,9.911072
1755407214240,0.253639,-0.019741,9.882358
1755407214241,0.291924,-0.012562,9.88475
1755407214241,0.258425,-0.031705,9.88475
1755407214248,0.263211,-0.024526,9.891929
1755407214249,0.27996,-0.000598,9.870394
1755407214249,0.284746,0.004187,9.891929
1755407214251,0.284746,-0.038883,9.882358
1755407214253,0.301496,-0.05324,9.906285
1755407214254,0.29671,-0.048455,9.88475
1755407214259,0.260818,-0.036491,9.865608
1755407214259,0.275175,-0.038883,9.877572
1755407214262,0.267996,-0.043669,9.882358
1755407214264,0.311067,-0.026919,9.877572
1755407214267,0.277567,-0.019741,9.877572
1755407214269,0.303888,-0.029312,9.913465
1755407214271,0.291924,-0.029312,9.887143
1755407214275,0.275175,-0.012562,9.879965
1755407214279,0.294317,-0.038883,9.863214
1755407214280,0.287139,-0.026919,9.870394
1755407214281,0.277567,-0.038883,9.865608
1755407214284,0.289532,-0.026919,9.860822
1755407214287,0.306281,-0.010169,9.889536
1755407214288,0.284746,-0.017348,9.870394
1755407214292,0.263211,-0.007777,9.887143
1755407214293,0.270389,-0.014955,9.882358
1755407214295,0.267996,-0.034098,9.856036
1755407214297,0.267996,-0.031705,9.870394
1755407214300,0.251246,-0.022134,9.860822
1755407214302,0.258425,-0.026919,9.879965
1755407214305,0.275175,-0.017348,9.868001
1755407214308,0.287139,0.001795,9.879965
1755407214310,0.299103,-0.002991,9.875179
1755407214312,0.275175,-0.012562,9.870394
1755407214315,0.284746,-0.036491,9.887143
1755407214317,0.299103,-0.038883,9.903893
1755407214320,0.294317,-0.043669,9.875179
1755407214322,0.260818,-0.022134,9.875179
1755407214325,0.287139,-0.014955,9.875179
1755407214332,0.291924,-0.012562,9.860822
1755407214333,0.299103,0.004187,9.872787
1755407214334,0.294317,-0.017348,9.889536
1755407214335,0.277567,-0.026919,9.896714
1755407214336,0.284746,-0.041276,9.882358
1755407214339,0.29671,-0.024526,9.870394
1755407214341,0.303888,-0.014955,9.879965
1755407214343,0.256032,-0.031705,9.872787
1755407214346,0.320638,-0.026919,9.877572
1755407214348,0.291924,-0.038883,9.872787
1755407214351,0.289532,-0.014955,9.889536
1755407214353,0.265603,-0.036491,9.875179
1755407214355,0.320638,-0.010169,9.856036
1755407214358,0.27996,-0.034098,9.863214
1755407214360,0.256032,-0.014955,9.860822
1755407214363,0.287139,-0.038883,9.863214
1755407214366,0.289532,-0.000598,9.860822
1755407214368,0.270389,-0.012562,9.868001
1755407214370,0.267996,-0.048455,9.872787
1755407214372,0.308674,-0.024526,9.894321
1755407214375,0.260818,-0.024526,9.88475
1755407214378,0.272782,-0.005384,9.860822
1755407214379,0.284746,0.004187,9.88475
1755407214381,0.303888,-0.034098,9.887143
1755407214384,0.256032,-0.036491,9.853643
1755407214387,0.284746,-0.024526,9.877572
1755407214389,0.289532,-0.019741,9.879965
1755407214391,0.289532,-0.007777,9.868001
1755407214394,0.267996,-0.055633,9.887143
1755407214396,0.275175,-0.007777,9.889536
1755407214398,0.301496,-0.005384,9.868001
1755407214401,0.287139,-0.024526,9.882358
1755407214403,0.27996,-0.017348,9.872787
1755407214406,0.284746,0.008973,9.903893
1755407214408,0.320638,-0.017348,9.889536
1755407214411,0.315853,-0.029312,9.891929
1755407214413,0.256032,-0.041276,9.88475
1755407214415,0.289532,-0.022134,9.879965
1755407214418,0.27996,-0.019741,9.870394
1755407214420,0.27996,-0.050847,9.877572
1755407214423,0.275175,-0.007777,9.877572
1755407214425,0.270389,-0.000598,9.894321
1755407214428,0.299103,-0.024526,9.887143
1755407214430,0.267996,-0.014955,9.915857
1755407214432,0.272782,-0.007777,9.882358
1755407214435,0.246461,-0.029312,9.891929
1755407214437,0.256032,-0.034098,9.891929
1755407214439,0.263211,-0.019741,9.887143
1755407214442,0.275175,-0.031705,9.882358
1755407214444,0.282353,0.001795,9.9015
1755407214447,0.294317,-0.002991,9.872787
1755407214449,0.29671,-0.026919,9.877572
1755407214451,0.299103,-0.019741,9.887143
1755407214453,0.275175,-0.010169,9.870394
1755407214456,0.303888,-0.029312,9.877572
1755407214458,0.258425,-0.022134,9.882358
1755407214461,0.263211,-0.050847,9.875179
1755407214463,0.258425,-0.026919,9.882358
1755407214465,0.301496,-0.017348,9.891929
1755407214468,0.291924,-0.012562,9.877572
1755407214470,0.287139,-0.005384,9.875179
1755407214473,0.287139,-0.029312,9.879965
1755407214475,0.289532,-0.019741,9.88475
1755407214479,0.29671,-0.005384,9.894321
1755407214481,0.291924,-0.036491,9.896714
1755407214483,0.308674,-0.017348,9.911072
1755407214485,0.272782,-0.038883,9.887143
1755407214487,0.275175,-0.024526,9.848858
1755407214490,0.327817,-0.048455,9.88475
1755407214492,0.282353,-0.043669,9.875179
1755407214495,0.265603,0.011366,9.88475
1755407214497,0.267996,-0.012562,9.903893
1755407214499,0.284746,-0.038883,9.877572
1755407214502,0.27996,-0.012562,9.9015
1755407214504,0.272782,-0.017348,9.9015
1755407214506,0.277567,-0.010169,9.88475
1755407214509,0.287139,-0.050847,9.882358
1755407214511,0.306281,-0.019741,9.896714
1755407214514,0.282353,-0.014955,9.856036
1755407214516,0.337388,-0.043669,9.9015
1755407214518,0.270389,-0.029312,9.868001
1755407214521,0.253639,-0.007777,9.860822
1755407214523,0.265603,-0.029312,9.887143
1755407214526,0.284746,-0.041276,9.868001
1755407214529,0.287139,-0.036491,9.894321
1755407214530,0.306281,-0.043669,9.894321
1755407214533,0.303888,-0.036491,9.875179
1755407214535,0.287139,-0.002991,9.889536
1755407214537,0.308674,-0.000598,9.875179
1755407214540,0.287139,-0.010169,9.875179
1755407214542,0.291924,-0.014955,9.865608
1755407214545,0.267996,-0.017348,9.908679
1755407214548,0.272782,-0.031705,9.863214
1755407214549,0.287139,-0.024526,9.887143
1755407214552,0.251246,-0.005384,9.853643
1755407214554,0.272782,-0.012562,9.872787
1755407214556,0.267996,-0.005384,9.860822
1755407214559,0.248854,-0.050847,9.899107
1755407214562,0.267996,-0.046062,9.877572
1755407214564,0.275175,-0.026919,9.875179
1755407214567,0.294317,-0.014955,9.870394
1755407214569,0.282353,-0.024526,9.908679
1755407214571,0.311067,-0.017348,9.882358
1755407214574,0.311067,-0.029312,9.906285
1755407214576,0.303888,0.00658,9.9015
1755407214578,0.308674,-0.036491,9.879965
1755407214581,0.272782,-0.019741,9.870394
1755407214583,0.287139,-0.031705,9.875179
1755407214586,0.303888,-0.043669,9.853643
1755407214588,0.308674,-0.005384,9.882358
1755407214590,0.29671,-0.005384,9.875179
1755407214592,0.270389,-0.017348,9.894321
1755407214595,0.260818,-0.014955,9.877572
1755407214598,0.289532,-0.017348,9.889536
1755407214601,0.311067,-0.038883,9.9015
1755407214603,0.275175,-0.026919,9.9015
1755407214605,0.299103,-0.019741,9.882358
1755407214607,0.289532,-0.022134,9.896714
1755407214610,0.303888,-0.002991,9.877572
1755407214612,0.272782,-0.038883,9.891929
1755407214614,0.289532,-0.024526,9.879965
1755407214616,0.27996,-0.000598,9.88475
1755407214619,0.301496,-0.012562,9.877572
1755407214621,0.282353,-0.019741,9.891929
1755407214624,0.311067,-0.038883,9.91825
1755407214627,0.294317,-0.014955,9.879965
1755407214629,0.294317,-0.029312,9.877572
1755407214631,0.299103,0.001795,9.875179
1755407214633,0.27996,-0.043669,9.887143
1755407214636,0.287139,-0.034098,9.860822
1755407214638,0.270389,-0.022134,9.891929
1755407214640,0.299103,-0.024526,9.887143
1755407214644,0.29671,-0.026919,9.868001
1755407214645,0.308674,-0.036491,9.913465
1755407214649,0.282353,-0.034098,9.879965
1755407214651,0.272782,-0.019741,9.889536
1755407214653,0.299103,-0.038883,9.88475
1755407214655,0.306281,-0.014955,9.868001
1755407214657,0.289532,-0.005384,9.865608
1755407214659,0.315853,-0.014955,9.870394
1755407214662,0.303888,-0.022134,9.879965
1755407214666,0.275175,-0.024526,9.868001
1755407214668,0.303888,-0.014955,9.875179
1755407214670,0.244068,0.001795,9.899107
1755407214671,0.287139,0.013759,9.868001
1755407214674,0.342174,-0.017348,9.879965
1755407214676,0.294317,0.025723,9.882358
1755407214679,0.260818,0.02333,9.915857
1755407214683,0.272782,-0.007777,9.870394
1755407214684,0.29671,-0.024526,9.875179
1755407214686,0.267996,-0.05324,9.879965
1755407214688,0.306281,0.004187,9.879965
1755407214691,0.284746,-0.010169,9.894321
1755407214693,0.291924,-0.014955,9.896714
1755407214695,0.287139,0.001795,9.865608
1755407214698,0.284746,-0.007777,9.882358
1755407214700,0.270389,-0.012562,9.879965
1755407214703,0.282353,-0.029312,9.9015
1755407214705,0.267996,-0.034098,9.868001
1755407214708,0.284746,-0.036491,9.91825
1755407214710,0.275175,-0.014955,9.872787
1755407214712,0.282353,-0.002991,9.88475
1755407214715,0.29671,-0.036491,9.872787
1755407214717,0.263211,-0.022134,9.91825
1755407214720,0.294317,-0.036491,9.870394
1755407214722,0.282353,0.004187,9.915857
1755407214725,0.299103,-0.022134,9.860822
1755407214727,0.282353,-0.031705,9.868001
1755407214730,0.320638,-0.019741,9.868001
1755407214732,0.284746,-0.041276,9.896714
1755407214735,0.284746,0.001795,9.875179
1755407214737,0.308674,-0.024526,9.903893
1755407214739,0.294317,-0.022134,9.9015
1755407214741,0.29671,-0.031705,9.889536
1755407214743,0.299103,-0.046062,9.887143
1755407214746,0.311067,0.016152,9.899107
1755407214748,0.270389,-0.038883,9.851251
1755407214751,0.267996,0.004187,9.887143
1755407214753,0.291924,-0.043669,9.879965
1755407214755,0.282353,-0.019741,9.887143
1755407214757,0.299103,-0.022134,9.908679
1755407214760,0.303888,-0.010169,9.875179
1755407214762,0.306281,-0.043669,9.879965
1755407214765,0.325424,-0.002991,9.889536
1755407214768,0.301496,-0.014955,9.858429
1755407214770,0.27996,-0.024526,9.91825
1755407214774,0.303888,-0.036491,9.865608
1755407214775,0.27996,-0.017348,9.863214
1755407214777,0.289532,-0.012562,9.887143
1755407214779,0.287139,-0.019741,9.875179
1755407214782,0.31346,-0.046062,9.851251
1755407214785,0.27996,-0.017348,9.930214
1755407214787,0.306281,-0.005384,9.836894
1755407214789,0.282353,-0.010169,9.856036
1755407214791,0.315853,0.011366,9.834501
1755407214794,0.299103,-0.007777,9.894321
1755407214796,0.29671,-0.026919,9.882358
1755407214798,0.29671,-0.007777,9.896714
1755407214801,0.299103,-0.038883,9.882358
1755407214803,0.258425,-0.022134,9.875179
1755407214806,0.265603,-0.019741,9.877572
1755407214808,0.289532,-0.034098,9.882358
1755407214810,0.27996,-0.017348,9.894321
1755407214813,0.275175,-0.019741,9.88475
1755407214815,0.260818,-0.031705,9.88475
1755407214818,0.294317,-0.038883,9.88475
1755407214823,0.27996,-0.048455,9.899107
1755407214823,0.287139,-0.022134,9.875179
1755407214827,0.267996,0.004187,9.882358
1755407214828,0.303888,-0.048455,9.870394
1755407214830,0.29671,0.001795,9.894321
1755407214833,0.294317,-0.014955,9.896714
1755407214836,0.29671,-0.002991,9.879965
1755407214837,0.31346,-0.038883,9.848858
1755407214839,0.301496,-0.034098,9.875179
1755407214842,0.256032,-0.026919,9.872787
1755407214844,0.289532,-0.000598,9.889536
1755407214846,0.275175,-0.014955,9.879965
1755407214849,0.299103,-0.012562,9.88475
1755407214851,0.287139,-0.031705,9.891929
1755407214855,0.275175,-0.034098,9.863214
1755407214856,0.277567,-0.026919,9.877572
1755407214858,0.291924,-0.012562,9.913465
1755407214861,0.272782,-0.026919,9.891929
1755407214863,0.263211,-0.017348,9.877572
1755407214866,0.270389,-0.031705,9.889536
1755407214868,0.306281,0.004187,9.865608
1755407214871,0.277567,-0.014955,9.839287
1755407214873,0.275175,-0.036491,9.896714
1755407214875,0.287139,-0.034098,9.868001
1755407214877,0.291924,-0.014955,9.879965
1755407214880,0.263211,-0.007777,9.879965
1755407214882,0.289532,-0.010169,9.88475
1755407214885,0.29671,0.02333,9.887143
1755407214888,0.308674,-0.014955,9.853643
1755407214890,0.294317,-0.031705,9.887143
1755407214892,0.265603,-0.026919,9.903893
1755407214895,0.253639,-0.036491,9.868001
1755407214897,0.282353,-0.029312,9.908679
1755407214899,0.29671,-0.019741,9.889536
1755407214901,0.267996,-0.012562,9.889536
1755407214904,0.27996,-0.007777,9.896714
1755407214906,0.303888,-0.019741,9.877572
1755407214909,0.251246,-0.026919,9.868001
1755407214911,0.277567,-0.005384,9.863214
1755407214913,0.27996,-0.038883,9.887143
1755407214916,0.318245,-0.029312,9.889536
1755407214918,0.303888,-0.000598,9.882358
1755407214921,0.239282,-0.007777,9.88475
1755407214925,0.256032,-0.019741,9.877572
1755407214926,0.287139,-0.010169,9.934999
1755407214928,0.29671,-0.043669,9.899107
1755407214930,0.291924,0.011366,9.973584
1755407214933,0.294317,-0.014955,9.68136
1755407214936,0.291924,-0.029312,9.858429
1755407214938,0.29671,-0.031705,9.934999
1755407214940,0.337388,0.008973,9.851251
1755407214943,0.27996,-0.089133,9.954441
1755407214945,0.29671,0.013759,9.801002
1755407214947,0.267996,-0.072383,9.934999
1755407214949,0.258425,-0.007777,9.870394
1755407214952,0.332602,-0.029312,9.765109
1755407214954,0.174377,-0.034098,10.086046
1755407214957,0.380459,0.008973,9.540184
1755407214959,0.140877,-0.043669,10.227223
1755407214962,0.478565,0.02333,9.556933
1755407214964,0.109771,-0.06999,10.236794
1755407214966,0.437887,0.025723,9.609575
1755407214968,0.148056,-0.074776,10.081261
1755407214971,0.349352,0.080758,9.745967
1755407214973,0.244068,-0.08674,9.908679
1755407214976,0.239282,0.037687,9.927821
1755407214978,0.346959,-0.022134,9.796216
1755407214980,0.145663,-0.022134,10.083653
1755407214983,0.401994,-0.06999,9.602397
1755407214985,0.140877,-0.08674,10.203295
1755407214988,0.457029,0.00658,9.518648
1755407214990,0.095414,-0.115454,10.234402
1755407214992,0.442672,0.075972,9.609575
1755407214995,0.150449,-0.096311,10.124331
1755407214997,0.351745,0.044865,9.789038
1755407214999,0.306281,-0.101097,9.846465
1755407215002,0.200997,-0.014955,10.062119
1755407215005,0.42353,-0.007777,9.600004
1755407215007,0.16002,-0.048455,10.232009
1755407215009,0.457029,0.020937,9.554541
1755407215011,0.114556,-0.074776,10.184153
1755407215014,0.399601,0.083151,9.623933
1755407215017,0.208176,-0.096311,10.069297
1755407215019,0.320638,0.052044,9.743574
1755407215022,0.272782,-0.065204,9.971191
1755407215024,0.282353,0.030508,9.879965
1755407215026,0.334995,-0.046062,9.846465
1755407215029,0.246461,-0.010169,9.939785
1755407215031,0.303888,-0.034098,9.822537
1755407215033,0.234497,-0.022134,9.959227
1755407215036,0.342174,-0.005384,9.769895
1755407215039,0.20339,-0.041276,9.999905
1755407215042,0.356531,-0.022134,9.781859
1755407215043,0.232104,-0.05324,9.949656
1755407215045,0.344566,-0.002991,9.815358
1755407215048,0.232104,0.011366,9.920643
1755407215050,0.291924,0.018544,9.777073
1755407215053,0.294317,-0.048455,9.999905
1755407215055,0.289532,-0.017348,9.923036
1755407215058,0.275175,-0.012562,9.877572
1755407215059,0.265603,-0.014955,9.899107
1755407215062,0.282353,-0.029312,9.894321
1755407215064,0.263211,-0.031705,9.9015
1755407215067,0.282353,-0.046062,9.894321
1755407215069,0.270389,-0.029312,9.858429
1755407215072,0.294317,0.001795,9.91825
1755407215074,0.27996,-0.012562,9.836894
1755407215076,0.267996,-0.048455,9.903893
1755407215079,0.294317,-0.041276,9.851251
1755407215082,0.289532,-0.034098,9.891929
1755407215083,0.311067,-0.036491,9.879965
1755407215086,0.320638,-0.029312,9.889536
1755407215088,0.258425,-0.010169,9.913465
1755407215091,0.284746,-0.048455,9.858429
1755407215093,0.265603,-0.036491,9.896714
1755407215096,0.29671,-0.029312,9.865608
1755407215099,0.303888,-0.005384,9.889536
1755407215101,0.29671,-0.024526,9.868001
1755407215103,0.263211,-0.014955,9.875179
1755407215105,0.256032,-0.024526,9.868001
1755407215108,0.294317,-0.031705,9.872787
1755407215110,0.27996,-0.022134,9.903893
1755407215113,0.267996,-0.026919,9.899107
1755407215116,0.265603,0.00658,9.920643
1755407215117,0.284746,-0.038883,9.863214
1755407215120,0.248854,-0.026919,9.875179
1755407215122,0.301496,-0.060419,9.899107
1755407215126,0.251246,-0.038883,9.88475
1755407215128,0.275175,-0.017348,9.860822
1755407215130,0.267996,-0.024526,9.925428
1755407215131,0.318245,-0.038883,9.803394
1755407215135,0.29671,-0.062812,9.927821
1755407215136,0.320638,0.004187,9.91825
1755407215143,0.31346,0.016152,9.724431
1755407215144,0.20339,-0.065204,10.040583
1755407215146,0.394816,-0.010169,9.669396
1755407215147,0.186341,-0.055633,10.016655
1755407215149,0.349352,0.059222,9.817751
1755407215152,0.248854,-0.06999,9.920643
1755407215153,0.275175,0.016152,9.915857
1755407215156,0.311067,-0.072383,9.844072
1755407215159,0.232104,-0.019741,9.947263
1755407215160,0.349352,-0.014955,9.71486
1755407215163,0.191127,-0.074776,10.11476
1755407215165,0.399601,-0.007777,9.643075
1755407215167,0.20339,-0.072383,10.081261
1755407215170,0.337388,0.02333,9.777073
1755407215173,0.232104,-0.050847,9.964012
1755407215176,0.334995,0.044865,9.858429
1755407215177,0.308674,-0.079561,9.882358
1755407215180,0.234497,-0.010169,9.964012
1755407215182,0.382852,-0.017348,9.664611
1755407215184,0.188734,-0.031705,10.165009
1755407215186,0.363709,0.018544,9.712467
1755407215189,0.200997,-0.046062,9.952048
1755407215193,0.318245,0.044865,9.827323
1755407215194,0.282353,-0.101097,9.923036
1755407215197,0.246461,-0.022134,9.980762
1755407215198,0.394816,-0.029312,9.635897
1755407215201,0.183948,-0.026919,10.143475
1755407215204,0.413958,0.025723,9.762716
1755407215206,0.222533,-0.067597,9.973584
1755407215209,0.287139,0.016152,9.779466
1755407215211,0.337388,-0.031705,9.767502
1755407215213,0.181555,-0.050847,10.133903
1755407215215,0.409173,0.042473,9.683753
1755407215218,0.148056,-0.113061,10.014262
1755407215221,0.344566,0.035294,9.753145
1755407215223,0.344566,-0.081954,9.820144
1755407215226,0.183948,-0.014955,10.109975
1755407215228,0.433101,0.049651,9.71486
1755407215230,0.20339,-0.117847,10.00469
1755407215233,0.315853,0.047258,9.879965
1755407215235,0.356531,-0.007777,9.745967
1755407215237,0.155234,-0.084347,10.100404
1755407215240,0.416351,0.068794,9.765109
1755407215243,0.241675,-0.077169,9.863214
1755407215245,0.246461,-0.012562,10.052547
1755407215247,0.430708,0.095115,9.695718
1755407215249,0.133699,-0.120239,9.911072
1755407215251,0.31346,-0.022134,9.949656
1755407215254,0.342174,0.020937,9.798609
1755407215256,0.186341,-0.127418,9.851251
1755407215258,0.33021,-0.019741,9.987941
1755407215263,0.318245,0.044865,9.820144
1755407215264,0.200997,-0.127418,9.88475
1755407215266,0.294317,-0.014955,9.91825
1755407215268,0.344566,0.008973,9.829716
1755407215270,0.222533,-0.041276,9.923036
1755407215273,0.332602,-0.029312,9.856036
1755407215275,0.294317,-0.043669,9.925428
1755407215278,0.246461,-0.019741,9.870394
1755407215280,0.323031,-0.017348,9.853643
1755407215282,0.256032,-0.034098,9.903893
1755407215285,0.248854,-0.012562,9.863214
1755407215287,0.270389,-0.022134,9.906285
1755407215290,0.272782,-0.014955,9.839287
1755407215292,0.258425,-0.034098,9.88475
1755407215294,0.311067,-0.029312,9.88475
1755407215297,0.277567,-0.014955,9.860822
1755407215299,0.308674,-0.024526,9.894321
1755407215302,0.287139,-0.017348,9.870394
1755407215304,0.275175,-0.031705,9.891929
1755407215307,0.241675,-0.026919,9.872787
1755407215309,0.284746,0.004187,9.896714
1755407215312,0.256032,-0.002991,9.872787
1755407215316,0.270389,-0.007777,9.908679
1755407215317,0.29671,0.00658,9.872787
1755407215318,0.284746,0.00658,9.889536
1755407215321,0.282353,-0.017348,9.889536
1755407215323,0.270389,-0.031705,9.887143
1755407215326,0.311067,-0.012562,9.9015
1755407215328,0.287139,-0.026919,9.923036
1755407215330,0.29671,-0.014955,9.899107
1755407215333,0.265603,-0.024526,9.896714
1755407215335,0.311067,-0.029312,9.911072
1755407215337,0.260818,0.00658,9.899107
1755407215340,0.287139,-0.062812,9.812965
1755407215344,0.301496,-0.041276,9.920643
1755407215346,0.265603,0.00658,9.877572
1755407215347,0.31346,-0.029312,9.844072
1755407215349,0.282353,-0.019741,9.949656
1755407215352,0.294317,-0.029312,9.851251
1755407215354,0.277567,-0.014955,9.947263
1755407215357,0.299103,-0.024526,9.870394
1755407215359,0.265603,-0.041276,9.863214
1755407215362,0.287139,-0.041276,9.865608
1755407215365,0.287139,-0.034098,9.906285
1755407215367,0.265603,-0.000598,9.879965
1755407215369,0.267996,-0.036491,9.887143
1755407215371,0.289532,-0.026919,9.896714
1755407215374,0.318245,-0.017348,9.875179
1755407215376,0.246461,-0.031705,9.872787
1755407215380,0.311067,-0.024526,9.879965
1755407215381,0.256032,-0.038883,9.839287
1755407215384,0.306281,-0.019741,9.836894
1755407215385,0.289532,-0.026919,9.937392
1755407215388,0.27996,0.013759,9.939785
1755407215390,0.258425,0.020937,9.868001
1755407215393,0.258425,-0.05324,9.827323
1755407215395,0.284746,-0.089133,9.865608
1755407215398,0.294317,-0.060419,9.82493
1755407215400,0.306281,0.044865,9.832108
1755407215403,0.284746,0.04008,10.172188
1755407215405,0.303888,0.008973,9.803394
1755407215407,0.303888,-0.050847,9.822537
1755407215409,0.308674,-0.134596,9.757931
1755407215412,0.294317,-0.079561,9.97837
1755407215415,0.287139,0.083151,9.77468
1755407215417,0.291924,0.066401,10.169795
1755407215419,0.260818,-0.029312,9.77468
1755407215421,0.277567,-0.115454,9.781859
1755407215424,0.258425,-0.153739,9.927821
1755407215426,0.282353,0.073579,9.745967
1755407215429,0.318245,0.059222,10.174581
1755407215431,0.29671,0.011366,9.729217
1755407215433,0.303888,-0.101097,9.815358
1755407215436,0.308674,-0.096311,9.896714
1755407215438,0.294317,0.135793,9.863214
1755407215441,0.291924,0.071186,10.05494
1755407215443,0.272782,-0.007777,9.734002
1755407215448,0.291924,-0.172881,9.870394
1755407215449,0.256032,-0.096311,9.765109
1755407215450,0.267996,0.111864,10.117153
1755407215453,0.287139,0.052044,9.875179
1755407215455,0.289532,-0.048455,9.745967
1755407215458,0.277567,-0.182453,9.942178
1755407215460,0.272782,0.020937,9.767502
1755407215462,0.29671,0.064008,10.119546
1755407215465,0.31346,0.018544,9.710074
1755407215468,0.277567,-0.194417,9.949656
1755407215469,0.277567,-0.079561,9.705289
1755407215472,0.29671,0.107079,10.167402
1755407215474,0.260818,0.001795,9.784252
1755407215476,0.318245,-0.105882,9.858429
1755407215479,0.303888,-0.148953,9.79143
1755407215482,0.301496,0.090329,10.086046
1755407215484,0.246461,-0.000598,9.786645
1755407215486,0.27996,-0.105882,9.973584
1755407215489,0.289532,-0.067597,9.702896
1755407215491,0.258425,0.001795,10.009477
1755407215493,0.275175,0.032901,9.760324
1755407215496,0.301496,-0.125025,9.923036
1755407215498,0.294317,0.008973,9.925428
1755407215500,0.270389,0.025723,9.80818
1755407215503,0.27996,-0.091525,9.877572
1755407215506,0.33021,0.004187,9.961619
1755407215508,0.284746,-0.014955,9.875179
1755407215510,0.267996,-0.007777,9.77468
1755407215512,0.351745,0.004187,10.021441
1755407215515,0.236889,-0.022134,9.868001
1755407215517,0.258425,-0.05324,9.88475
1755407215520,0.325424,-0.031705,9.882358
1755407215522,0.267996,-0.014955,9.889536
1755407215525,0.301496,-0.048455,9.932607
1755407215527,0.31346,0.008973,9.853643
1755407215529,0.256032,0.004187,9.851251
1755407215532,0.287139,-0.060419,9.858429
1755407215534,0.284746,-0.036491,9.875179
1755407215536,0.248854,-0.041276,9.9015
1755407215539,0.31346,0.001795,9.906285
1755407215542,0.303888,-0.010169,9.891929
1755407215543,0.306281,-0.010169,9.9015
1755407215547,0.301496,-0.019741,9.899107
1755407215550,0.267996,-0.022134,9.889536
1755407215553,0.277567,-0.010169,9.870394
1755407215554,0.265603,-0.012562,9.870394
1755407215556,0.299103,0.004187,9.858429
1755407215558,0.294317,-0.031705,9.899107
1755407215561,0.308674,-0.007777,9.891929
1755407215563,0.294317,-0.026919,9.851251
1755407215567,0.270389,-0.048455,9.836894
1755407215568,0.287139,-0.010169,9.908679
1755407215570,0.308674,0.001795,9.91825
1755407215572,0.263211,0.028116,9.853643
1755407215575,0.277567,-0.034098,9.877572
1755407215577,0.263211,-0.026919,9.9015
1755407215580,0.267996,0.004187,9.769895
1755407215582,0.246461,-0.091525,10.045368
1755407215585,0.334995,-0.019741,9.786645
1755407215588,0.306281,-0.055633,9.911072
1755407215589,0.222533,-0.017348,9.934999
1755407215592,0.370888,0.001795,9.784252
1755407215594,0.210568,-0.084347,9.930214
1755407215596,0.299103,-0.005384,9.923036
1755407215599,0.354138,0.02333,9.77468
1755407215602,0.222533,-0.098704,10.033404
1755407215604,0.361316,0.030508,9.724431
1755407215606,0.22014,-0.06999,9.870394
1755407215608,0.239282,-0.058026,10.098011
1755407215611,0.425922,0.068794,9.700503
1755407215613,0.19352,-0.144168,9.952048
1755407215615,0.332602,0.013759,9.91825
1755407215618,0.344566,0.001795,9.745967
1755407215620,0.167198,-0.084347,10.100404
1755407215623,0.411565,0.068794,9.722038
1755407215625,0.224925,-0.098704,9.82493
1755407215628,0.229711,-0.010169,10.047761
1755407215630,0.437887,0.049651,9.700503
1755407215632,0.169591,-0.120239,10.059726
1755407215635,0.358923,0.032901,9.793823
1755407215637,0.282353,-0.038883,9.77468
1755407215640,0.152842,-0.046062,10.121939
1755407215643,0.437887,0.083151,9.700503
1755407215644,0.145663,-0.108275,10.045368
1755407215647,0.31346,0.068794,9.844072
1755407215650,0.354138,-0.019741,9.731609
1755407215654,0.157627,-0.077169,10.13151
1755407215655,0.437887,0.054437,9.623933
1755407215657,0.179163,-0.072383,10.074082
1755407215659,0.325424,0.037687,9.798609
1755407215661,0.284746,-0.077169,9.820144
1755407215663,0.171984,-0.022134,10.035797
1755407215666,0.404387,0.030508,9.619147
1755407215669,0.152842,-0.084347,10.162617
1755407215671,0.397209,0.054437,9.707682
1755407215673,0.217747,-0.058026,9.954441
1755407215676,0.265603,0.02333,9.927821
1755407215678,0.392423,-0.043669,9.688539
1755407215680,0.119342,-0.065204,10.155438
1755407215683,0.40678,0.05683,9.623933
1755407215686,0.217747,-0.098704,10.05494
1755407215688,0.31346,0.052044,9.858429
1755407215690,0.287139,-0.055633,9.786645
1755407215693,0.14327,-0.038883,10.098011
1755407215695,0.447458,0.068794,9.611969
1755407215697,0.150449,-0.089133,10.162617
1755407215699,0.354138,0.049651,9.738789
1755407215703,0.263211,-0.110668,9.877572
1755407215705,0.241675,0.00658,9.983155
1755407215707,0.382852,0.011366,9.62154
1755407215710,0.162413,-0.065204,10.176973
1755407215711,0.445065,0.080758,9.633504
1755407215714,0.217747,-0.105882,10.064511
1755407215716,0.263211,0.032901,9.812965
1755407215720,0.327817,-0.048455,9.80818
1755407215722,0.17677,-0.022134,10.066904
1755407215724,0.416351,0.037687,9.600004
1755407215726,0.124128,-0.10349,10.179367
1755407215728,0.39003,0.075972,9.671789
1755407215731,0.236889,-0.065204,10.064511
1755407215733,0.263211,0.028116,9.860822
1755407215737,0.349352,-0.06999,9.750752
1755407215739,0.167198,-0.072383,10.05494
1755407215740,0.401994,0.037687,9.705289
1755407215743,0.140877,-0.074776,10.042975
1755407215745,0.346959,0.030508,9.784252
1755407215747,0.287139,-0.084347,9.858429
1755407215750,0.179163,-0.012562,10.035797
1755407215754,0.385244,-0.005384,9.667004
1755407215756,0.138485,-0.10349,10.095618
1755407215757,0.368495,0.054437,9.724431
1755407215759,0.232104,-0.084347,10.074082
1755407215762,0.277567,0.028116,9.784252
1755407215764,0.33021,-0.046062,9.777073
1755407215767,0.205783,-0.034098,10.105189
1755407215769,0.397209,0.00658,9.595219
1755407215776,0.174377,-0.077169,10.100404
1755407215777,0.40678,0.032901,9.734002
1755407215778,0.232104,-0.093918,10.040583
1755407215779,0.323031,0.011366,9.729217
1755407215781,0.253639,-0.072383,9.860822
1755407215783,0.224925,-0.026919,9.985548
1755407215786,0.361316,-0.019741,9.635897
1755407215790,0.167198,-0.022134,10.126724
1755407215792,0.397209,0.001795,9.750752
1755407215794,0.234497,-0.065204,10.00469
1755407215795,0.332602,0.016152,9.710074
1755407215798,0.277567,-0.062812,9.903893
1755407215800,0.272782,-0.010169,9.956834
1755407215802,0.349352,-0.019741,9.659825
1755407215806,0.181555,-0.026919,10.093225
1755407215808,0.366102,0.020937,9.753145
1755407215810,0.215354,-0.062812,9.999905
1755407215812,0.361316,0.035294,9.705289
1755407215815,0.272782,-0.105882,9.952048
1755407215817,0.277567,0.00658,9.903893
1755407215819,0.339781,-0.031705,9.717253
1755407215822,0.212961,-0.017348,10.126724
1755407215824,0.385244,0.008973,9.738789
1755407215826,0.205783,-0.055633,9.995119
1755407215829,0.332602,0.037687,9.760324
1755407215832,0.260818,-0.046062,10.002297
1755407215834,0.289532,0.004187,9.851251
1755407215836,0.339781,-0.036491,9.717253
1755407215839,0.248854,-0.026919,10.059726
1755407215841,0.363709,-0.000598,9.717253
1755407215844,0.17677,-0.041276,10.028619
1755407215845,0.361316,0.054437,9.810573
1755407215848,0.239282,-0.077169,9.947263
1755407215850,0.315853,0.016152,9.812965
1755407215853,0.303888,-0.055633,9.906285
1755407215856,0.210568,-0.031705,9.985548
1755407215858,0.318245,0.008973,9.650253
1755407215860,0.186341,-0.055633,10.095618
1755407215864,0.37328,0.049651,9.731609
1755407215866,0.200997,-0.058026,10.009477
1755407215868,0.344566,0.059222,9.789038
1755407215870,0.256032,-0.08674,10.007083
1755407215873,0.287139,0.011366,9.79143
1755407215874,0.287139,-0.024526,9.868001
1755407215877,0.20339,-0.010169,9.983155
1755407215879,0.351745,0.013759,9.652647
1755407215881,0.186341,-0.034098,10.105189
1755407215884,0.368495,-0.002991,9.767502
1755407215887,0.198604,-0.062812,10.00469
1755407215890,0.392423,0.04008,9.757931
1755407215892,0.251246,-0.048455,10.07169
1755407215894,0.323031,0.028116,9.753145
1755407215896,0.301496,-0.036491,9.755538
1755407215898,0.265603,-0.022134,10.026226
1755407215901,0.344566,0.011366,9.738789
1755407215903,0.195912,-0.026919,10.090832
1755407215907,0.375673,0.008973,9.719646
1755407215909,0.167198,-0.055633,9.954441
1755407215911,0.368495,0.037687,9.781859
1755407215913,0.229711,-0.081954,10.078868
1755407215915,0.33021,0.025723,9.724431
1755407215917,0.27996,-0.046062,9.908679
1755407215920,0.239282,-0.019741,9.954441
1755407215925,0.325424,-0.026919,9.647861
1755407215927,0.200997,-0.012562,10.124331
1755407215927,0.40678,-0.005384,9.659825
1755407215930,0.16002,-0.067597,10.088439
1755407215932,0.375673,0.030508,9.777073
1755407215934,0.183948,-0.065204,9.968799
1755407215937,0.382852,0.044865,9.731609
1755407215939,0.256032,-0.098704,10.074082
1755407215942,0.315853,0.00658,9.779466
1755407215944,0.301496,-0.034098,9.829716
1755407215946,0.212961,-0.017348,10.047761
1755407215948,0.392423,-0.034098,9.600004
1755407215951,0.162413,-0.060419,10.145867
1755407215954,0.399601,-0.019741,9.643075
1755407215957,0.152842,-0.060419,10.045368
1755407215958,0.387637,0.013759,9.762716
1755407215961,0.241675,-0.079561,9.939785
1755407215963,0.320638,0.042473,9.786645
1755407215965,0.323031,-0.031705,9.944571
1755407215968,0.212961,-0.034098,9.915857
1755407215970,0.378066,-0.029312,9.690931
1755407215973,0.191127,-0.089133,10.119546
1755407215975,0.382852,0.032901,9.576077
1755407215978,0.198604,-0.06999,10.157831
1755407215980,0.375673,-0.002991,9.676575
1755407215982,0.227318,-0.034098,10.05494
1755407215984,0.346959,0.018544,9.820144
1755407215987,0.251246,-0.065204,9.939785
1755407215989,0.301496,0.028116,9.875179
1755407215992,0.303888,-0.048455,9.872787
1755407215995,0.210568,-0.010169,9.961619
1755407215996,0.349352,0.001795,9.724431
1755407215999,0.157627,-0.036491,10.090832
1755407216001,0.409173,0.008973,9.616755
1755407216004,0.16002,-0.096311,10.169795
1755407216006,0.411565,-0.002991,9.592826
1755407216008,0.169591,-0.072383,10.143475
1755407216011,0.375673,0.02333,9.676575
1755407216013,0.215354,-0.060419,10.031012
1755407216016,0.323031,0.02333,9.755538
1755407216018,0.258425,-0.062812,9.944571
1755407216021,0.33021,0.037687,9.844072
1755407216023,0.303888,-0.065204,9.870394
1755407216026,0.239282,0.008973,9.906285
1755407216028,0.344566,-0.046062,9.784252
1755407216030,0.227318,-0.005384,10.009477
1755407216033,0.392423,-0.007777,9.710074
1755407216035,0.164806,-0.036491,10.100404
1755407216038,0.404387,-0.000598,9.631111
1755407216040,0.183948,-0.058026,10.133903
1755407216043,0.430708,0.004187,9.597611
1755407216046,0.14327,-0.058026,10.153046
1755407216047,0.404387,0.016152,9.578469
1755407216049,0.174377,-0.081954,10.169795
1755407216052,0.418744,0.02333,9.619147
1755407216054,0.229711,-0.074776,10.138689
1755407216056,0.382852,0.037687,9.676575
1755407216060,0.188734,-0.055633,10.081261
1755407216062,0.346959,0.013759,9.717253
1755407216064,0.232104,-0.043669,10.016655
1755407216066,0.308674,0.018544,9.760324
1755407216068,0.251246,-0.060419,9.944571
1755407216071,0.320638,-0.002991,9.829716
1755407216073,0.265603,-0.060419,9.942178
1755407216076,0.284746,0.00658,9.851251
1755407216079,0.301496,-0.067597,9.911072
1755407216081,0.282353,-0.000598,9.879965
1755407216083,0.277567,-0.031705,9.882358
1755407216086,0.260818,0.001795,9.903893
1755407216088,0.27996,-0.058026,9.899107
1755407216090,0.265603,-0.012562,9.872787
1755407216094,0.320638,-0.043669,9.870394
1755407216096,0.244068,-0.029312,9.863214
1755407216097,0.29671,-0.017348,9.925428
1755407216100,0.267996,0.00658,9.844072
1755407216102,0.303888,-0.048455,9.942178
1755407216104,0.301496,-0.000598,9.812965
1755407216107,0.284746,-0.065204,9.975977
1755407216109,0.291924,-0.007777,9.793823
1755407216112,0.289532,-0.046062,9.973584
1755407216114,0.284746,-0.000598,9.786645
1755407216117,0.277567,-0.067597,9.973584
1755407216119,0.306281,0.016152,9.789038
1755407216121,0.253639,-0.05324,9.985548
1755407216124,0.282353,0.008973,9.786645
1755407216126,0.248854,-0.062812,9.97837
1755407216129,0.263211,0.00658,9.796216
1755407216131,0.275175,-0.05324,10.002297
1755407216133,0.289532,-0.005384,9.789038
1755407216136,0.253639,-0.000598,9.949656
1755407216138,0.272782,0.04008,9.820144
1755407216140,0.275175,-0.026919,9.942178
1755407216143,0.256032,0.004187,9.844072
1755407216147,0.315853,-0.034098,9.947263
1755407216148,0.277567,-0.010169,9.839287
1755407216150,0.291924,-0.038883,9.920643
1755407216153,0.260818,0.018544,9.868001
1755407216155,0.325424,-0.05324,9.91825
1755407216157,0.275175,-0.014955,9.863214
1755407216159,0.29671,-0.000598,9.868001
1755407216163,0.275175,-0.022134,9.906285
1755407216165,0.294317,-0.043669,9.860822
1755407216167,0.208176,-0.002991,9.908679
1755407216169,0.282353,-0.050847,9.848858
1755407216172,0.232104,-0.010169,9.937392
1755407216174,0.342174,-0.010169,9.853643
1755407216176,0.251246,-0.017348,9.937392
1755407216179,0.325424,-0.005384,9.836894
1755407216181,0.236889,-0.036491,9.934999
1755407216183,0.31346,0.001795,9.863214
1755407216186,0.253639,-0.038883,9.889536
1755407216188,0.31346,-0.000598,9.865608
1755407216191,0.251246,-0.024526,9.954441
1755407216193,0.270389,0.008973,9.829716
1755407216196,0.270389,-0.036491,9.920643
1755407216199,0.277567,0.013759,9.858429
1755407216200,0.299103,-0.072383,9.887143
1755407216203,0.294317,-0.022134,9.860822
1755407216205,0.299103,-0.048455,9.896714
1755407216207,0.299103,-0.012562,9.865608
1755407216210,0.294317,-0.012562,9.887143
1755407216213,0.31346,-0.017348,9.865608
1755407216215,0.303888,-0.029312,9.88475
1755407216217,0.287139,-0.012562,9.875179
1755407216219,0.275175,-0.026919,9.889536
1755407216222,0.311067,-0.017348,9.872787
1755407216224,0.289532,0.00658,9.872787
1755407216226,0.284746,-0.031705,9.879965
1755407216229,0.27996,-0.010169,9.889536
1755407216232,0.260818,-0.043669,9.908679
1755407216234,0.272782,-0.031705,9.817751
1755407216236,0.303888,-0.055633,9.899107
1755407216239,0.258425,0.008973,9.846465
1755407216241,0.263211,-0.017348,9.856036
1755407216244,0.277567,-0.026919,9.860822
1755407216247,0.253639,-0.060419,9.932607
1755407216250,0.308674,-0.014955,9.820144
1755407216251,0.253639,-0.046062,9.865608
1755407216253,0.294317,-0.002991,9.91825
1755407216255,0.263211,-0.000598,9.853643
1755407216258,0.289532,-0.019741,9.934999
1755407216260,0.260818,-0.036491,9.903893
1755407216264,0.277567,-0.043669,9.784252
1755407216266,0.291924,-0.036491,9.913465
1755407216268,0.287139,-0.010169,9.872787
1755407216270,0.27996,-0.014955,9.879965
1755407216272,0.248854,-0.022134,9.9015
1755407216274,0.284746,-0.046062,9.889536
1755407216277,0.27996,-0.012562,9.913465
1755407216281,0.284746,-0.022134,9.846465
1755407216282,0.282353,-0.022134,9.896714
1755407216284,0.306281,-0.017348,9.894321
1755407216287,0.31346,-0.024526,9.865608
1755407216289,0.299103,-0.012562,9.882358
1755407216291,0.282353,-0.017348,9.879965
1755407216294,0.277567,0.001795,9.887143
1755407216298,0.303888,-0.010169,9.863214
1755407216299,0.263211,-0.014955,9.903893
1755407216301,0.289532,-0.014955,9.88475
1755407216304,0.301496,-0.026919,9.882358
1755407216306,0.284746,-0.029312,9.9015
1755407216308,0.282353,-0.007777,9.863214
1755407216311,0.267996,-0.031705,9.91825
1755407216315,0.31346,-0.062812,9.796216
1755407216317,0.251246,-0.077169,9.964012
1755407216319,0.368495,-0.007777,9.755538
1755407216320,0.248854,-0.029312,10.019048
1755407216322,0.318245,0.037687,9.856036
1755407216325,0.29671,-0.108275,9.836894
1755407216327,0.229711,-0.012562,10.00469
1755407216330,0.411565,0.00658,9.652647
1755407216333,0.136092,-0.105882,10.155438
1755407216334,0.480957,0.018544,9.556933
1755407216337,0.131306,-0.110668,10.196116
1755407216339,0.433101,0.042473,9.671789
1755407216342,0.205783,-0.077169,10.045368
1755407216344,0.332602,0.075972,9.760324
1755407216347,0.289532,-0.048455,9.937392
1755407216349,0.272782,0.011366,9.920643
1755407216353,0.351745,-0.067597,9.789038
1755407216355,0.167198,-0.065204,10.03819
1755407216356,0.392423,-0.012562,9.60479
1755407216359,0.169591,-0.072383,10.174581
1755407216361,0.411565,0.028116,9.583255
1755407216363,0.140877,-0.091525,10.14826
1755407216366,0.404387,0.04008,9.712467
1755407216368,0.198604,-0.096311,10.057333
1755407216371,0.351745,0.04008,9.79143
1755407216373,0.241675,-0.060419,9.944571
1755407216375,0.315853,-0.005384,9.865608
1755407216377,0.327817,-0.046062,9.851251
1755407216380,0.222533,-0.012562,9.987941
1755407216383,0.387637,-0.014955,9.698111
1755407216385,0.155234,-0.022134,10.112368
1755407216387,0.430708,-0.002991,9.568898
1755407216389,0.12652,-0.06999,10.176973
1755407216392,0.421137,0.016152,9.561719
1755407216394,0.164806,-0.089133,10.157831
1755407216397,0.404387,-0.000598,9.633504
1755407216400,0.19352,-0.091525,10.11476
1755407216403,0.349352,0.025723,9.755538
1755407216405,0.222533,-0.084347,9.97837
1755407216407,0.275175,0.032901,9.858429
1755407216409,0.294317,-0.06999,9.882358
1755407216411,0.217747,0.013759,9.952048
1755407216414,0.325424,-0.036491,9.789038
1755407216417,0.164806,0.011366,10.023833
1755407216419,0.366102,-0.010169,9.705289
1755407216421,0.191127,-0.026919,10.112368
1755407216423,0.399601,-0.002991,9.650253
1755407216425,0.181555,-0.055633,10.124331
1755407216428,0.411565,0.011366,9.611969
1755407216430,0.157627,-0.093918,10.150653
1755407216433,0.37328,0.042473,9.659825
1755407216436,0.186341,-0.089133,10.086046
1755407216437,0.349352,-0.024526,9.722038
1755407216440,0.232104,-0.017348,9.999905
1755407216444,0.267996,-0.026919,9.803394
1755407216445,0.287139,-0.041276,9.966406
1755407216447,0.27996,0.001795,9.844072
1755407216450,0.234497,-0.034098,9.908679
1755407216452,0.31346,-0.024526,9.853643
1755407216454,0.275175,0.00658,9.887143
1755407216457,0.287139,-0.005384,9.9015
1755407216459,0.303888,-0.007777,9.887143
1755407216461,0.301496,-0.036491,9.937392
1755407216464,0.299103,-0.041276,9.853643
1755407216468,0.282353,-0.038883,9.868001
1755407216469,0.294317,-0.034098,9.870394
1755407216473,0.265603,-0.010169,9.899107
1755407216474,0.258425,0.035294,9.848858
1755407216476,0.270389,-0.041276,9.903893
1755407216478,0.303888,-0.060419,9.870394
1755407216481,0.27996,-0.026919,9.9015
1755407216484,0.272782,-0.002991,9.848858
1755407216486,0.267996,-0.036491,9.906285
1755407216488,0.287139,-0.024526,9.858429
1755407216490,0.318245,-0.065204,9.88475
1755407216493,0.272782,0.025723,10.045368
1755407216495,0.363709,0.016152,9.674182
1755407216498,0.17677,-0.077169,10.109975
1755407216501,0.378066,-0.024526,9.616755
1755407216503,0.181555,-0.079561,10.100404
1755407216505,0.361316,0.016152,9.652647
1755407216507,0.241675,-0.029312,10.088439
1755407216509,0.366102,-0.012562,9.669396
1755407216512,0.234497,-0.084347,10.074082
1755407216514,0.344566,-0.010169,9.702896
1755407216516,0.222533,-0.038883,10.083653
1755407216519,0.346959,0.013759,9.750752
1755407216521,0.270389,-0.026919,10.033404
1755407216524,0.325424,-0.043669,9.690931
1755407216526,0.253639,-0.048455,10.057333
1755407216529,0.299103,0.042473,9.767502
1755407216531,0.263211,-0.029312,9.934999
1755407216533,0.270389,-0.038883,9.793823
1755407216536,0.301496,-0.062812,9.84168
1755407216538,0.239282,-0.007777,10.00469
1755407216540,0.282353,0.047258,9.834501
1755407216543,0.260818,-0.038883,9.908679
1755407216545,0.332602,-0.077169,9.829716
1755407216548,0.29671,-0.022134,9.927821
1755407216550,0.306281,0.020937,9.777073
1755407216553,0.265603,-0.081954,9.913465
1755407216555,0.325424,-0.048455,9.815358
1755407216557,0.277567,-0.022134,9.913465
1755407216560,0.239282,0.013759,9.903893
1755407216562,0.289532,-0.014955,9.875179
1755407216565,0.272782,-0.060419,10.007083
1755407216567,0.31346,0.035294,9.82493
1755407216570,0.253639,-0.031705,9.920643
1755407216572,0.344566,-0.084347,9.805787
1755407216574,0.282353,-0.05324,9.903893
1755407216577,0.256032,-0.014955,9.894321
1755407216579,0.334995,0.008973,9.9015
1755407216581,0.31346,-0.036491,9.915857
1755407216584,0.260818,-0.058026,9.736395
1755407216586,0.246461,-0.062812,9.987941
1755407216591,0.306281,0.013759,9.9015
1755407216591,0.275175,-0.024526,9.91825
1755407216594,0.311067,-0.062812,9.755538
1755407216595,0.270389,-0.098704,9.968799
1755407216598,0.299103,0.013759,9.868001
1755407216600,0.260818,0.05683,9.930214
1755407216603,0.301496,0.016152,9.894321
1755407216605,0.315853,-0.026919,9.801002
1755407216608,0.256032,-0.055633,9.966406
1755407216610,0.31346,-0.012562,9.84168
1755407216612,0.239282,-0.029312,9.990334
1755407216615,0.294317,-0.05324,9.741181
1755407216617,0.260818,-0.029312,9.959227
1755407216620,0.291924,-0.026919,9.820144
1755407216622,0.27996,-0.022134,9.894321
1755407216624,0.272782,-0.029312,9.906285
1755407216627,0.275175,-0.043669,9.832108
1755407216629,0.282353,-0.024526,9.959227
1755407216631,0.303888,0.001795,9.784252
1755407216634,0.236889,-0.036491,10.047761
1755407216637,0.311067,0.004187,9.784252
1755407216639,0.241675,-0.024526,10.019048
1755407216641,0.318245,-0.022134,9.731609
1755407216643,0.227318,-0.017348,10.016655
1755407216646,0.332602,-0.022134,9.731609
1755407216648,0.195912,-0.024526,10.059726
1755407216651,0.33021,-0.026919,9.698111
1755407216653,0.205783,-0.026919,10.057333
1755407216656,0.351745,-0.012562,9.726824
1755407216658,0.229711,-0.022134,10.016655
1755407216660,0.323031,-0.017348,9.772287
1755407216662,0.239282,-0.058026,9.966406
1755407216665,0.366102,-0.024526,9.79143
1755407216667,0.239282,0.001795,9.961619
1755407216670,0.363709,-0.031705,9.853643
1755407216673,0.224925,-0.005384,9.920643
1755407216675,0.315853,-0.048455,9.863214
1755407216677,0.234497,-0.017348,9.899107
1755407216679,0.308674,-0.065204,9.915857
1755407216683,0.246461,0.001795,9.868001
1755407216684,0.287139,-0.022134,9.903893
1755407216688,0.265603,-0.029312,9.868001
1755407216689,0.301496,-0.014955,9.906285
1755407216691,0.282353,-0.029312,9.903893
1755407216694,0.265603,-0.043669,9.865608
1755407216696,0.267996,-0.036491,9.920643
1755407216699,0.31346,-0.029312,9.844072
1755407216701,0.248854,-0.034098,9.959227
1755407216703,0.308674,-0.019741,9.812965
1755407216708,0.263211,-0.029312,9.923036
1755407216709,0.284746,-0.014955,9.865608
1755407216711,0.291924,0.008973,9.882358
1755407216713,0.267996,-0.012562,9.903893
1755407216716,0.325424,-0.007777,9.858429
1755407216718,0.299103,-0.017348,9.877572
1755407216720,0.306281,-0.002991,9.877572
1755407216722,0.265603,-0.029312,9.903893
1755407216725,0.282353,-0.010169,9.851251
1755407216728,0.265603,-0.046062,9.923036
1755407216730,0.29671,-0.012562,9.872787
1755407216732,0.27996,-0.029312,9.889536
1755407216734,0.294317,0.001795,9.915857
1755407216737,0.287139,-0.031705,9.870394
1755407216739,0.287139,-0.038883,9.872787
1755407216742,0.27996,-0.007777,9.882358
1755407216744,0.275175,-0.022134,9.894321
1755407216747,0.334995,-0.007777,9.865608
1755407216749,0.256032,-0.022134,9.932607
1755407216751,0.291924,-0.026919,9.882358
1755407216754,0.267996,-0.019741,9.9015
1755407216756,0.303888,0.00658,9.858429
1755407216759,0.265603,-0.060419,9.896714
1755407216761,0.303888,-0.029312,9.870394
1755407216763,0.289532,-0.019741,9.860822
1755407216766,0.267996,-0.014955,9.934999
1755407216769,0.306281,-0.019741,9.851251
1755407216771,0.282353,-0.031705,9.913465
1755407216774,0.306281,-0.000598,9.839287
1755407216776,0.253639,-0.041276,9.971191
1755407216778,0.294317,0.011366,9.812965
1755407216780,0.248854,-0.055633,9.891929
1755407216783,0.287139,-0.000598,9.9015
1755407216785,0.323031,-0.031705,9.817751
1755407216787,0.236889,-0.012562,9.97837
1755407216791,0.349352,-0.048455,9.789038
1755407216792,0.205783,-0.014955,9.985548
1755407216794,0.351745,-0.048455,9.810573
1755407216797,0.229711,-0.005384,9.954441
1755407216799,0.356531,-0.014955,9.793823
1755407216802,0.217747,-0.007777,9.956834
1755407216804,0.385244,-0.002991,9.812965
1755407216807,0.229711,-0.017348,9.966406
1755407216810,0.332602,-0.022134,9.810573
1755407216811,0.205783,-0.022134,9.930214
1755407216813,0.306281,-0.005384,9.863214
1755407216816,0.289532,-0.046062,9.872787
1755407216818,0.27996,-0.029312,9.896714
1755407216821,0.253639,-0.026919,9.889536
1755407216824,0.33021,-0.005384,9.875179
1755407216829,0.289532,-0.014955,9.9015
1755407216830,0.299103,-0.005384,9.887143
1755407216831,0.267996,-0.043669,9.88475
1755407216833,0.284746,-0.019741,9.894321
1755407216835,0.265603,-0.005384,9.875179
1755407216838,0.253639,-0.005384,9.882358
1755407216841,0.306281,-0.034098,9.887143
1755407216843,0.29671,-0.024526,9.868001
1755407216845,0.27996,0.030508,9.877572
1755407216847,0.256032,-0.005384,9.877572
1755407216850,0.263211,0.008973,9.88475
1755407216852,0.287139,-0.007777,9.889536
1755407216854,0.303888,-0.000598,9.887143
1755407216857,0.287139,-0.022134,9.882358
1755407216859,0.282353,-0.014955,9.877572
1755407216861,0.29671,-0.041276,9.899107
1755407216864,0.299103,-0.014955,9.853643
1755407216866,0.27996,-0.007777,9.887143
1755407216869,0.275175,-0.024526,9.9015
1755407216871,0.265603,-0.022134,9.882358
1755407216873,0.275175,-0.022134,9.875179
1755407216877,0.270389,-0.000598,9.906285
1755407216879,0.275175,-0.029312,9.879965
1755407216881,0.301496,-0.036491,9.891929
1755407216883,0.270389,-0.036491,9.851251
1755407216885,0.301496,-0.017348,9.91825
1755407216888,0.258425,-0.024526,9.798609
1755407216891,0.303888,-0.031705,9.853643
1755407216893,0.277567,-0.038883,9.875179
1755407216895,0.287139,-0.007777,9.865608
1755407216897,0.299103,-0.031705,9.863214
1755407216900,0.299103,-0.017348,9.911072
1755407216902,0.29671,-0.012562,9.879965
1755407216904,0.27996,-0.026919,9.848858
1755407216907,0.284746,-0.024526,9.863214
1755407216914,0.301496,-0.010169,9.896714
1755407216915,0.272782,-0.036491,9.851251
1755407216916,0.265603,-0.022134,9.927821
1755407216917,0.27996,-0.002991,9.863214
1755407216919,0.287139,-0.048455,9.911072
1755407216921,0.287139,-0.024526,9.834501
1755407216924,0.275175,-0.002991,9.877572
1755407216926,0.282353,0.001795,9.88475
1755407216928,0.291924,-0.043669,9.906285
1755407216931,0.294317,-0.019741,9.827323
1755407216933,0.294317,-0.012562,9.956834
1755407216936,0.308674,-0.017348,9.822537
1755407216938,0.29671,-0.026919,9.870394
1755407216941,0.301496,0.004187,9.88475
1755407216943,0.272782,-0.029312,9.903893
1755407216946,0.315853,-0.026919,9.815358
1755407216948,0.229711,-0.005384,9.968799
1755407216951,0.354138,0.018544,9.734002
1755407216953,0.200997,-0.055633,10.076475
1755407216955,0.387637,-0.002991,9.640682
1755407216957,0.22014,-0.08674,10.143475
1755407216960,0.385244,0.00658,9.614362
1755407216965,0.195912,-0.089133,10.107582
1755407216966,0.363709,0.037687,9.693324
1755407216967,0.239282,-0.065204,10.050154
1755407216970,0.301496,0.044865,9.796216
1755407216972,0.239282,-0.079561,9.925428
1755407216974,0.244068,-0.012562,9.853643
1755407216978,0.299103,-0.065204,9.865608
1755407216980,0.212961,0.00658,9.959227
1755407216981,0.356531,-0.060419,9.786645
1755407216984,0.195912,-0.007777,10.016655
1755407216986,0.370888,-0.012562,9.71486
1755407216989,0.167198,-0.036491,10.083653
1755407216991,0.418744,-0.002991,9.611969
1755407216994,0.155234,-0.050847,10.160224
1755407216996,0.416351,0.004187,9.571291
1755407216998,0.169591,-0.067597,10.157831
1755407217001,0.430708,0.004187,9.583255
1755407217003,0.17677,-0.05324,10.150653
1755407217005,0.385244,0.018544,9.595219
1755407217008,0.195912,-0.091525,10.105189
1755407217010,0.42353,0.011366,9.638289
1755407217013,0.195912,-0.06999,10.109975
1755407217016,0.363709,0.028116,9.647861
1755407217018,0.20339,-0.077169,10.11476
1755407217019,0.358923,0.028116,9.664611
1755407217022,0.22014,-0.067597,10.059726
1755407217024,0.320638,0.02333,9.712467
1755407217027,0.265603,-0.031705,10.031012
1755407217029,0.337388,0.020937,9.750752
1755407217032,0.287139,-0.050847,9.997512
1755407217034,0.315853,0.004187,9.777073
1755407217036,0.282353,-0.036491,9.952048
1755407217039,0.263211,0.001795,9.836894
1755407217042,0.308674,-0.036491,9.9015
1755407217044,0.244068,0.011366,9.891929
1755407217046,0.29671,-0.026919,9.851251
1755407217048,0.251246,-0.034098,9.942178
1755407217051,0.33021,-0.014955,9.836894
1755407217054,0.224925,-0.022134,9.915857
1755407217056,0.325424,-0.024526,9.851251
1755407217058,0.236889,-0.036491,9.944571
1755407217060,0.303888,-0.002991,9.868001
1755407217063,0.277567,-0.019741,9.896714
1755407217065,0.282353,-0.007777,9.853643
1755407217068,0.253639,-0.019741,9.911072
1755407217070,0.303888,-0.002991,9.853643
1755407217072,0.236889,-0.019741,9.851251
1755407217075,0.301496,-0.024526,9.894321
1755407217077,0.282353,-0.026919,9.9015
1755407217080,0.301496,-0.029312,9.879965
1755407217083,0.323031,-0.026919,9.942178
1755407217084,0.27996,-0.007777,9.868001
1755407217087,0.272782,-0.031705,9.865608
1755407217089,0.308674,-0.034098,9.908679
1755407217091,0.267996,-0.017348,9.923036
1755407217095,0.291924,-0.010169,9.872787
1755407217097,0.287139,-0.005384,9.88475
1755407217099,0.289532,-0.010169,9.84168
1755407217101,0.342174,-0.014955,9.947263
1755407217104,0.299103,-0.019741,9.839287
1755407217106,0.263211,-0.026919,9.908679
1755407217108,0.318245,-0.019741,9.894321
1755407217111,0.272782,-0.012562,9.872787
1755407217114,0.27996,-0.022134,9.860822
1755407217116,0.287139,-0.002991,9.863214
1755407217118,0.263211,-0.005384,9.88475
1755407217120,0.272782,-0.022134,9.870394
1755407217123,0.263211,-0.014955,9.88475
1755407217125,0.277567,-0.000598,9.839287
1755407217127,0.311067,-0.029312,9.915857
1755407217130,0.282353,-0.022134,9.903893
1755407217134,0.260818,-0.014955,9.844072
1755407217135,0.267996,-0.022134,9.860822
1755407217137,0.263211,-0.014955,9.872787
1755407217140,0.275175,-0.010169,9.879965
1755407217142,0.267996,-0.014955,9.853643
1755407217144,0.29671,-0.034098,9.923036
1755407217147,0.248854,-0.038883,9.870394
1755407217149,0.282353,-0.000598,9.860822
1755407217152,0.289532,-0.034098,9.891929
1755407217154,0.277567,-0.048455,9.882358
1755407217156,0.251246,0.011366,9.865608
1755407217159,0.284746,-0.002991,9.872787
1755407217161,0.275175,-0.024526,9.944571
1755407217164,0.299103,-0.024526,9.899107
1755407217167,0.29671,-0.014955,9.870394
1755407217169,0.306281,-0.031705,9.879965
1755407217171,0.263211,-0.019741,9.879965
1755407217173,0.294317,-0.029312,9.834501
1755407217176,0.275175,-0.005384,9.959227
1755407217178,0.31346,-0.017348,9.836894
1755407217182,0.22014,-0.046062,9.927821
1755407217183,0.315853,0.030508,9.817751
1755407217186,0.282353,-0.060419,9.856036
1755407217188,0.253639,-0.029312,9.983155
1755407217190,0.37328,-0.031705,9.717253
1755407217192,0.186341,-0.074776,10.086046
1755407217195,0.356531,0.008973,9.688539
1755407217198,0.20339,-0.058026,10.045368
1755407217202,0.368495,0.013759,9.762716
1755407217203,0.241675,-0.050847,10.007083
1755407217205,0.306281,0.00658,9.803394
1755407217206,0.27996,-0.050847,9.971191
1755407217209,0.275175,0.018544,9.827323
1755407217211,0.303888,-0.079561,9.934999
1755407217214,0.256032,-0.019741,9.889536
1755407217217,0.291924,-0.034098,9.796216
1755407217219,0.234497,0.013759,9.961619
1755407217221,0.349352,0.004187,9.726824
1755407217223,0.205783,-0.026919,10.066904
1755407217226,0.401994,-0.029312,9.667004
1755407217228,0.198604,-0.067597,10.100404
1755407217230,0.392423,0.011366,9.65504
1755407217233,0.198604,-0.034098,10.121939
1755407217236,0.380459,0.052044,9.710074
1755407217238,0.241675,-0.05324,10.069297
1755407217240,0.337388,0.032901,9.729217
1755407217243,0.258425,-0.067597,10.016655
1755407217245,0.267996,0.013759,9.793823
1755407217247,0.270389,-0.05324,9.952048
1755407217250,0.31346,0.001795,9.832108
1755407217253,0.301496,-0.019741,9.906285
1755407217255,0.227318,0.018544,9.887143
1755407217257,0.320638,-0.012562,9.88475
1755407217259,0.224925,-0.022134,9.915857
1755407217261,0.33021,-0.026919,9.84168
1755407217264,0.236889,0.001795,9.887143
1755407217269,0.306281,-0.060419,9.851251
1755407217271,0.282353,-0.034098,9.911072
1755407217272,0.327817,-0.024526,9.856036
1755407217273,0.241675,-0.005384,9.934999
1755407217276,0.334995,-0.007777,9.80818
1755407217278,0.272782,-0.002991,9.980762
1755407217281,0.334995,-0.010169,9.805787
1755407217283,0.251246,-0.031705,9.930214
1755407217287,0.308674,-0.000598,9.844072
1755407217288,0.284746,-0.014955,9.891929
1755407217291,0.306281,-0.010169,9.870394
1755407217293,0.294317,-0.024526,9.865608
1755407217295,0.291924,-0.026919,9.851251
1755407217298,0.284746,-0.050847,9.956834
1755407217301,0.301496,-0.022134,9.753145
1755407217305,0.241675,-0.055633,9.868001
1755407217306,0.287139,-0.024526,9.939785
1755407217307,0.289532,0.008973,9.887143
1755407217310,0.275175,-0.046062,9.882358
1755407217312,0.294317,-0.055633,9.872787
1755407217314,0.327817,-0.014955,9.887143
1755407217317,0.291924,-0.019741,9.889536
1755407217320,0.272782,-0.034098,9.88475
1755407217321,0.303888,-0.026919,9.891929
1755407217324,0.27996,-0.038883,9.894321
1755407217326,0.248854,-0.019741,9.88475
1755407217329,0.291924,-0.007777,9.882358
1755407217331,0.291924,-0.000598,9.872787
1755407217335,0.263211,-0.022134,9.863214
1755407217338,0.277567,-0.038883,9.882358
1755407217339,0.294317,-0.048455,9.88475
1755407217341,0.301496,-0.010169,9.889536
1755407217343,0.301496,-0.010169,9.856036
1755407217345,0.306281,-0.010169,9.865608
1755407217348,0.272782,-0.038883,9.899107
1755407217351,0.272782,-0.017348,9.927821
1755407217353,0.265603,-0.000598,9.767502
1755407217355,0.303888,-0.062812,9.815358
1755407217357,0.227318,-0.031705,10.121939
1755407217360,0.363709,0.008973,9.690931
1755407217362,0.217747,-0.046062,9.944571
1755407217364,0.270389,-0.036491,9.810573
1755407217368,0.287139,-0.000598,9.920643
1755407217370,0.260818,-0.010169,9.894321
1755407217372,0.289532,0.035294,9.868001
1755407217374,0.29671,-0.031705,9.9015
1755407217377,0.227318,-0.019741,9.846465
1755407217379,0.277567,-0.050847,9.879965
1755407217381,0.27996,-0.043669,9.882358
1755407217384,0.320638,-0.022134,9.889536
1755407217387,0.282353,-0.012562,9.877572
1755407217390,0.253639,-0.010169,9.879965
1755407217391,0.289532,-0.041276,9.875179
1755407217394,0.27996,-0.031705,9.877572
1755407217396,0.275175,-0.031705,9.877572
1755407217398,0.299103,-0.024526,9.896714
1755407217401,0.291924,-0.010169,9.906285
1755407217403,0.270389,-0.022134,9.872787
1755407217405,0.258425,-0.038883,9.877572
1755407217408,0.270389,0.00658,9.913465
1755407217410,0.29671,-0.046062,9.891929
1755407217412,0.267996,-0.029312,9.879965
1755407217415,0.320638,-0.007777,9.865608
1755407217417,0.282353,0.001795,9.891929
1755407217421,0.27996,-0.034098,9.894321
1755407217423,0.289532,-0.014955,9.891929
1755407217424,0.270389,-0.036491,9.889536
1755407217427,0.306281,0.004187,9.863214
1755407217430,0.267996,-0.05324,9.856036
1755407217432,0.270389,-0.050847,9.858429
1755407217434,0.246461,-0.038883,9.915857
1755407217438,0.294317,-0.017348,9.860822
1755407217439,0.294317,-0.034098,9.870394
1755407217442,0.29671,-0.017348,9.894321
1755407217444,0.27996,-0.010169,9.9015
1755407217446,0.291924,-0.014955,9.863214
1755407217448,0.260818,-0.012562,9.992726
1755407217451,0.303888,-0.024526,9.734002
1755407217454,0.200997,-0.08674,9.975977
1755407217456,0.349352,-0.007777,9.77468
1755407217458,0.198604,-0.034098,9.985548
1755407217461,0.325424,-0.010169,9.765109
1755407217463,0.224925,-0.055633,9.966406
1755407217465,0.33021,-0.022134,9.757931
1755407217468,0.248854,-0.048455,9.980762
1755407217471,0.339781,0.020937,9.798609
1755407217473,0.217747,-0.022134,9.990334
1755407217475,0.339781,0.013759,9.801002
1755407217478,0.227318,-0.029312,9.990334
1755407217480,0.33021,-0.010169,9.769895
1755407217483,0.224925,-0.043669,9.983155
1755407217484,0.320638,0.00658,9.745967
1755407217487,0.234497,-0.005384,10.00469
1755407217490,0.318245,-0.002991,9.726824
1755407217492,0.217747,-0.048455,10.045368
1755407217494,0.306281,-0.005384,9.683753
1755407217497,0.224925,-0.05324,10.124331
1755407217499,0.351745,0.016152,9.722038
1755407217502,0.210568,-0.026919,10.050154
1755407217505,0.337388,-0.029312,9.712467
1755407217506,0.294317,-0.038883,10.07169
1755407217509,0.323031,-0.029312,9.710074
1755407217511,0.174377,0.001795,10.076475
1755407217513,0.378066,-0.029312,9.683753
1755407217516,0.215354,-0.012562,10.086046
1755407217518,0.351745,-0.010169,9.693324
1755407217521,0.205783,-0.005384,10.052547
1755407217523,0.382852,-0.010169,9.734002
1755407217525,0.215354,-0.050847,9.992726
1755407217528,0.318245,-0.034098,9.762716
1755407217530,0.224925,-0.005384,9.961619
1755407217533,0.363709,-0.022134,9.789038
1755407217535,0.215354,-0.002991,9.915857
1755407217538,0.325424,-0.029312,9.844072
1755407217540,0.246461,-0.019741,9.9015
1755407217543,0.31346,-0.010169,9.896714
1755407217544,0.287139,0.013759,9.84168
1755407217547,0.303888,-0.043669,9.937392
1755407217549,0.287139,0.013759,9.77468
1755407217551,0.253639,-0.058026,10.009477
1755407217555,0.308674,-0.017348,9.710074
1755407217557,0.256032,-0.029312,10.062119
1755407217559,0.354138,0.030508,9.695718
1755407217561,0.232104,-0.019741,10.100404
1755407217563,0.325424,-0.005384,9.683753
1755407217566,0.222533,-0.002991,10.107582
1755407217568,0.33021,-0.012562,9.674182
1755407217572,0.224925,-0.002991,10.088439
1755407217574,0.363709,-0.010169,9.700503
1755407217576,0.241675,-0.017348,10.064511
1755407217578,0.351745,0.001795,9.753145
1755407217580,0.222533,-0.046062,10.011869
1755407217583,0.318245,-0.031705,9.777073
1755407217585,0.19352,-0.031705,9.973584
1755407217588,0.270389,-0.026919,9.836894
1755407217591,0.256032,-0.000598,9.860822
1755407217594,0.287139,-0.048455,9.865608
1755407217596,0.277567,-0.005384,9.853643
1755407217597,0.289532,-0.058026,9.959227
1755407217599,0.282353,0.011366,9.779466
1755407217602,0.27996,-0.024526,10.052547
1755407217605,0.301496,0.047258,9.729217
1755407217607,0.222533,-0.014955,10.086046
1755407217609,0.315853,-0.010169,9.741181
1755407217612,0.253639,-0.055633,10.047761
1755407217614,0.358923,-0.031705,9.724431
1755407217616,0.234497,-0.029312,10.007083
1755407217618,0.361316,-0.029312,9.781859
1755407217621,0.282353,-0.026919,9.947263
1755407217624,0.306281,-0.031705,9.839287
1755407217626,0.282353,-0.022134,9.88475
1755407217629,0.31346,-0.041276,9.930214
1755407217631,0.291924,0.028116,9.817751
1755407217633,0.287139,-0.022134,9.985548
1755407217635,0.33021,-0.007777,9.724431
1755407217638,0.272782,-0.058026,10.026226
1755407217642,0.332602,-0.012562,9.712467
1755407217644,0.227318,-0.012562,10.102797
1755407217645,0.282353,0.011366,9.702896
1755407217647,0.217747,-0.029312,10.109975
1755407217650,0.318245,0.001795,9.741181
1755407217652,0.244068,-0.024526,9.954441
1755407217655,0.332602,-0.041276,9.777073
1755407217658,0.263211,0.008973,9.91825
1755407217659,0.299103,-0.065204,9.865608
1755407217662,0.270389,-0.010169,9.868001
1755407217665,0.275175,-0.031705,9.88475
1755407217667,0.289532,0.004187,9.836894
1755407217669,0.260818,-0.031705,9.913465
1755407217672,0.311067,0.001795,9.822537
1755407217675,0.239282,-0.031705,9.939785
1755407217677,0.351745,-0.007777,9.82493
1755407217679,0.234497,-0.000598,9.999905
1755407217681,0.327817,0.016152,9.786645
1755407217683,0.241675,-0.017348,9.975977
1755407217686,0.332602,-0.005384,9.765109
1755407217688,0.215354,-0.024526,10.016655
1755407217691,0.361316,-0.002991,9.741181
1755407217694,0.224925,-0.050847,10.033404
1755407217696,0.287139,0.018544,9.693324
1755407217698,0.239282,-0.060419,10.033404
1755407217700,0.356531,0.037687,9.755538
1755407217702,0.234497,-0.048455,9.968799
1755407217705,0.289532,0.052044,9.846465
1755407217710,0.306281,-0.046062,9.915857
1755407217711,0.270389,0.02333,9.894321
1755407217712,0.385244,-0.024526,9.805787
1755407217715,0.205783,-0.012562,9.990334
1755407217717,0.327817,-0.014955,9.738789
1755407217719,0.224925,-0.019741,10.016655
1755407217722,0.339781,-0.007777,9.750752
1755407217725,0.234497,-0.050847,9.923036
1755407217727,0.339781,-0.019741,9.82493
1755407217729,0.232104,-0.022134,9.860822
1755407217731,0.275175,0.028116,9.765109
1755407217734,0.234497,-0.005384,9.879965
1755407217736,0.325424,-0.012562,9.877572
1755407217739,0.256032,-0.005384,9.846465
1755407217741,0.234497,-0.010169,9.812965
1755407217744,0.27996,-0.05324,9.872787
1755407217747,0.318245,-0.058026,10.064511
1755407217748,0.294317,-0.041276,9.79143
1755407217750,0.37328,-0.081954,9.88475
1755407217753,0.29671,0.008973,10.00469
1755407217755,0.260818,-0.019741,9.961619
1755407217757,0.363709,-0.050847,9.939785
1755407217760,0.270389,-0.029312,9.891929
1755407217762,0.263211,-0.002991,9.887143
1755407217765,0.31346,-0.005384,9.997512
1755407217767,0.246461,0.020937,9.891929
1755407217770,0.260818,0.004187,9.853643
1755407217772,0.31346,-0.060419,9.930214
1755407217775,0.275175,-0.026919,9.832108
1755407217779,0.301496,-0.014955,9.908679
1755407217780,0.244068,0.016152,9.844072
1755407217782,0.287139,0.004187,9.88475
1755407217784,0.258425,-0.014955,9.961619
1755407217788,0.325424,-0.022134,9.952048
1755407217789,0.277567,-0.007777,9.860822
1755407217791,0.284746,-0.010169,9.848858
1755407217794,0.287139,-0.026919,9.887143
1755407217796,0.289532,-0.022134,9.882358
1755407217799,0.299103,-0.017348,9.882358
1755407217801,0.272782,0.004187,9.848858
1755407217803,0.29671,-0.014955,9.879965
1755407217806,0.320638,-0.005384,9.865608
1755407217808,0.277567,-0.034098,9.882358
1755407217810,0.320638,-0.019741,9.870394
1755407217814,0.284746,-0.055633,9.906285
1755407217815,0.251246,-0.029312,9.879965
1755407217818,0.29671,-0.000598,9.877572
1755407217820,0.284746,-0.024526,9.872787
1755407217822,0.253639,-0.041276,9.903893
1755407217825,0.282353,-0.017348,9.832108
1755407217828,0.270389,-0.034098,9.932607
1755407217829,0.29671,-0.012562,9.88475
1755407217832,0.344566,-0.012562,9.868001
1755407217835,0.291924,-0.031705,9.875179
1755407217837,0.311067,-0.024526,9.91825
1755407217839,0.325424,0.008973,9.827323
1755407217842,0.227318,-0.043669,9.920643
1755407217844,0.303888,-0.002991,9.889536
1755407217847,0.306281,-0.036491,9.844072
1755407217849,0.258425,-0.079561,9.930214
1755407217851,0.363709,-0.005384,9.903893
1755407217854,0.318245,-0.036491,9.870394
1755407217856,0.246461,-0.031705,9.911072
1755407217858,0.351745,-0.019741,9.927821
1755407217861,0.256032,-0.014955,9.848858
1755407217863,0.272782,-0.007777,9.887143
1755407217865,0.318245,-0.048455,9.920643
1755407217869,0.29671,-0.031705,9.906285
1755407217870,0.323031,-0.019741,9.949656
1755407217873,0.270389,-0.005384,9.832108
1755407217875,0.246461,0.001795,9.815358
1755407217878,0.29671,-0.06999,9.851251
1755407217880,0.337388,-0.043669,9.930214
1755407217882,0.27996,-0.043669,9.860822
1755407217884,0.318245,-0.06999,9.915857
1755407217887,0.27996,-0.031705,9.822537
1755407217889,0.210568,0.011366,9.851251
1755407217892,0.251246,0.011366,9.88475
1755407217896,0.224925,-0.002991,9.77468
1755407217897,0.308674,-0.024526,9.995119
1755407217899,0.29671,-0.043669,9.832108
1755407217901,0.311067,-0.05324,9.899107
1755407217904,0.325424,-0.05324,9.91825
1755407217906,0.251246,-0.024526,9.894321
1755407217909,0.282353,-0.019741,9.877572
1755407217912,0.299103,-0.046062,9.868001
1755407217914,0.294317,-0.014955,9.906285
1755407217917,0.248854,-0.017348,9.865608
1755407217919,0.270389,0.02333,9.942178
1755407217921,0.239282,-0.012562,9.832108
1755407217923,0.272782,-0.005384,9.822537
1755407217925,0.256032,-0.022134,9.868001
1755407217928,0.272782,-0.002991,9.872787
1755407217931,0.291924,-0.024526,9.894321
1755407217933,0.251246,-0.041276,9.755538
1755407217935,0.301496,-0.058026,9.906285
1755407217938,0.248854,-0.012562,9.937392
1755407217940,0.27996,-0.010169,9.923036
1755407217942,0.284746,-0.058026,9.793823
1755407217946,0.272782,-0.046062,9.865608
1755407217947,0.27996,-0.029312,9.91825
1755407217950,0.325424,-0.007777,9.913465
1755407217952,0.284746,0.001795,9.903893
1755407217954,0.27996,-0.014955,9.88475
1755407217957,0.251246,-0.012562,9.870394
1755407217959,0.289532,-0.007777,9.872787
1755407217961,0.258425,-0.010169,9.911072
1755407217964,0.342174,-0.026919,9.875179
1755407217966,0.275175,-0.036491,9.894321
1755407217968,0.291924,-0.005384,9.860822
1755407217971,0.323031,-0.014955,9.889536
1755407217973,0.284746,-0.022134,9.856036
1755407217976,0.27996,-0.012562,9.903893
1755407217978,0.303888,-0.022134,9.889536
1755407217981,0.265603,-0.05324,9.846465
1755407217985,0.234497,-0.029312,9.999905
1755407217986,0.318245,0.035294,9.82493
1755407217988,0.306281,-0.046062,9.91825
1755407217991,0.253639,-0.084347,9.84168
1755407217992,0.320638,0.04008,9.942178
1755407217995,0.248854,0.028116,9.781859
1755407217998,0.287139,-0.105882,9.930214
1755407218000,0.337388,0.00658,9.894321
1755407218002,0.267996,0.001795,9.803394
1755407218004,0.270389,-0.067597,9.944571
1755407218007,0.37328,0.030508,9.868001
1755407218009,0.232104,-0.007777,9.84168
1755407218012,0.256032,-0.089133,9.949656
1755407218014,0.40678,0.02333,9.848858
1755407218017,0.267996,-0.022134,9.856036
1755407218019,0.258425,-0.089133,9.942178
1755407218021,0.392423,0.044865,9.846465
1755407218024,0.239282,-0.038883,9.856036
1755407218026,0.253639,-0.067597,9.942178
1755407218028,0.370888,0.044865,9.856036
1755407218031,0.195912,-0.019741,9.870394
1755407218035,0.248854,-0.06999,9.934999
1755407218037,0.368495,0.008973,9.805787
1755407218038,0.212961,-0.031705,9.908679
1755407218040,0.267996,-0.038883,9.973584
1755407218043,0.375673,0.035294,9.789038
1755407218045,0.227318,-0.05324,9.877572
1755407218048,0.294317,-0.046062,10.002297
1755407218050,0.361316,-0.002991,9.726824
1755407218053,0.169591,-0.06999,9.875179
1755407218055,0.301496,0.001795,10.014262
1755407218057,0.354138,0.066401,9.693324
1755407218059,0.169591,-0.081954,9.879965
1755407218062,0.303888,0.018544,10.050154
1755407218065,0.346959,0.035294,9.702896
1755407218067,0.19352,-0.096311,9.9015
1755407218069,0.339781,-0.019741,10.016655
1755407218072,0.303888,0.018544,9.760324
1755407218074,0.179163,-0.098704,9.927821
1755407218076,0.382852,0.004187,9.932607
1755407218079,0.306281,0.013759,9.82493
1755407218082,0.191127,-0.098704,9.920643
1755407218084,0.363709,0.02333,9.88475
1755407218086,0.29671,-0.012562,9.836894
1755407218088,0.236889,-0.055633,9.973584
1755407218091,0.375673,0.047258,9.820144
1755407218093,0.224925,-0.012562,9.875179
1755407218095,0.200997,-0.048455,9.997512
1755407218099,0.323031,0.028116,9.772287
1755407218101,0.20339,-0.034098,9.860822
1755407218103,0.244068,-0.041276,10.014262
1755407218105,0.363709,0.047258,9.717253
1755407218108,0.191127,-0.091525,9.858429
1755407218110,0.289532,0.004187,10.035797
1755407218113,0.387637,0.028116,9.734002
1755407218115,0.17677,-0.108275,9.894321
1755407218118,0.342174,0.001795,10.014262
1755407218119,0.315853,0.035294,9.767502
1755407218122,0.183948,-0.10349,9.915857
1755407218124,0.361316,0.028116,9.932607
1755407218127,0.349352,0.013759,9.789038
1755407218129,0.164806,-0.093918,9.925428
1755407218131,0.358923,0.018544,9.889536
1755407218134,0.289532,0.001795,9.817751
1755407218138,0.234497,-0.08674,9.964012
1755407218139,0.413958,-0.000598,9.801002
1755407218142,0.236889,-0.026919,9.836894
1755407218143,0.232104,-0.048455,10.052547
1755407218146,0.37328,0.05683,9.779466
1755407218148,0.22014,-0.062812,9.836894
1755407218151,0.282353,-0.034098,10.035797
1755407218153,0.351745,0.049651,9.769895
1755407218155,0.183948,-0.098704,9.851251
1755407218159,0.289532,-0.036491,9.956834
1755407218160,0.344566,0.037687,9.767502
1755407218162,0.133699,-0.098704,9.906285
1755407218165,0.311067,-0.005384,9.894321
1755407218168,0.320638,0.02333,9.798609
1755407218170,0.174377,-0.08674,9.990334
1755407218172,0.375673,0.02333,9.832108
1755407218175,0.294317,-0.038883,9.803394
1755407218177,0.244068,-0.074776,10.040583
1755407218179,0.378066,0.030508,9.743574
1755407218182,0.229711,-0.060419,9.82493
1755407218185,0.248854,0.001795,10.050154
1755407218187,0.401994,0.054437,9.745967
1755407218189,0.181555,-0.10349,9.923036
1755407218192,0.323031,0.00658,9.913465
1755407218195,0.332602,0.028116,9.779466
1755407218196,0.157627,-0.08674,9.990334
1755407218199,0.394816,0.078365,9.789038
1755407218202,0.263211,-0.050847,9.860822
1755407218204,0.222533,-0.029312,10.047761
1755407218206,0.370888,0.037687,9.659825
1755407218208,0.183948,-0.096311,10.023833
1755407218211,0.342174,0.011366,9.832108
1755407218213,0.29671,-0.041276,9.827323
1755407218215,0.198604,-0.050847,10.052547
1755407218219,0.397209,0.008973,9.674182
1755407218220,0.215354,-0.08674,10.059726
1755407218222,0.339781,0.020937,9.796216
1755407218225,0.267996,-0.074776,9.889536
1755407218227,0.265603,-0.031705,9.923036
1755407218229,0.370888,-0.010169,9.779466
1755407218232,0.212961,-0.046062,10.033404
1755407218235,0.339781,0.008973,9.755538
1755407218237,0.267996,-0.031705,9.944571
1755407218239,0.277567,-0.010169,9.882358
1755407218243,0.265603,-0.005384,9.817751
1755407218244,0.253639,-0.034098,9.954441
1755407218246,0.311067,0.004187,9.863214
1755407218249,0.260818,-0.017348,9.927821
1755407218252,0.325424,-0.010169,9.896714
1755407218255,0.291924,-0.026919,9.894321
1755407218256,0.301496,-0.029312,9.899107
1755407218259,0.287139,-0.041276,9.755538
1755407218261,0.27996,-0.019741,9.959227
1755407218263,0.277567,-0.000598,9.851251
1755407218265,0.29671,-0.007777,9.903893
1755407218269,0.258425,-0.024526,9.868001
1755407218271,0.29671,-0.041276,9.863214
1755407218273,0.275175,-0.019741,9.858429
1755407218276,0.294317,-0.000598,9.903893
1755407218277,0.270389,-0.036491,9.899107
1755407218280,0.265603,-0.060419,9.865608
1755407218282,0.27996,-0.005384,9.903893
1755407218285,0.29671,-0.010169,9.822537
1755407218287,0.308674,0.008973,9.911072
1755407218289,0.320638,-0.024526,9.952048
1755407218292,0.265603,-0.007777,9.745967
1755407218295,0.270389,-0.024526,9.906285
1755407218297,0.282353,-0.019741,9.911072
1755407218299,0.263211,-0.029312,9.812965
1755407218301,0.275175,-0.038883,9.872787
1755407218304,0.29671,-0.036491,9.894321
1755407218306,0.294317,-0.012562,9.937392
1755407218310,0.325424,-0.024526,9.872787
1755407218312,0.306281,-0.014955,9.848858
1755407218314,0.263211,-0.019741,9.882358
1755407218316,0.29671,-0.017348,9.899107
1755407218320,0.311067,-0.022134,9.848858
1755407218321,0.294317,-0.002991,9.865608
1755407218324,0.284746,0.00658,9.839287
1755407218326,0.287139,-0.034098,9.956834
1755407218328,0.282353,-0.038883,9.79143
1755407218330,0.308674,-0.012562,9.964012
1755407218333,0.270389,-0.050847,9.836894
1755407218335,0.260818,-0.031705,9.815358
1755407218338,0.246461,-0.050847,9.985548
1755407218340,0.27996,0.020937,9.889536
1755407218343,0.325424,-0.062812,9.77468
1755407218345,0.248854,-0.050847,10.112368
1755407218347,0.361316,0.090329,9.719646
1755407218349,0.215354,-0.065204,9.896714
1755407218352,0.282353,-0.046062,9.987941
1755407218355,0.356531,0.068794,9.712467
1755407218358,0.181555,-0.098704,9.930214
1755407218359,0.315853,0.018544,9.947263
1755407218361,0.37328,0.073579,9.741181
1755407218364,0.150449,-0.120239,9.887143
1755407218366,0.337388,0.008973,9.930214
1755407218369,0.325424,0.025723,9.767502
1755407218372,0.181555,-0.125025,9.879965
1755407218374,0.370888,0.018544,9.956834
1755407218376,0.308674,0.02333,9.734002
1755407218378,0.205783,-0.120239,9.911072
1755407218381,0.344566,0.016152,9.930214
1755407218383,0.256032,-0.000598,9.789038
1755407218385,0.205783,-0.115454,9.954441
1755407218388,0.394816,0.030508,9.877572
1755407218390,0.287139,-0.012562,9.822537
1755407218393,0.210568,-0.079561,10.033404
1755407218395,0.385244,0.047258,9.846465
1755407218398,0.239282,-0.014955,9.844072
1755407218400,0.234497,-0.077169,10.047761
1755407218402,0.370888,0.04008,9.762716
1755407218406,0.148056,-0.067597,9.844072
1755407218407,0.263211,-0.002991,10.059726
1755407218410,0.404387,0.073579,9.719646
1755407218412,0.195912,-0.110668,9.865608
1755407218415,0.311067,-0.038883,10.040583
1755407218417,0.370888,0.052044,9.750752
1755407218419,0.169591,-0.10349,9.879965
1755407218423,0.323031,-0.036491,9.975977
1755407218425,0.361316,0.052044,9.757931
1755407218426,0.167198,-0.110668,9.949656
1755407218429,0.339781,-0.007777,9.906285
1755407218431,0.342174,-0.005384,9.753145
1755407218433,0.174377,-0.079561,10.03819
1755407218436,0.416351,0.02333,9.832108
1755407218440,0.291924,-0.058026,9.765109
1755407218442,0.205783,-0.048455,10.05494
1755407218444,0.413958,0.085543,9.717253
1755407218446,0.186341,-0.084347,9.939785
1755407218448,0.31346,0.02333,9.915857
1755407218450,0.370888,0.032901,9.753145
1755407218452,0.140877,-0.046062,10.040583
1755407218456,0.361316,0.001795,9.705289
1755407218457,0.239282,-0.048455,10.033404
1755407218460,0.327817,0.030508,9.760324
1755407218462,0.265603,-0.010169,9.944571
1755407218465,0.29671,-0.007777,9.848858
1755407218467,0.299103,-0.034098,9.882358
1755407218469,0.275175,-0.002991,9.88475
1755407218472,0.320638,-0.041276,9.879965
1755407218475,0.282353,-0.038883,9.911072
1755407218477,0.320638,-0.046062,9.870394
1755407218479,0.277567,-0.031705,9.942178
1755407218482,0.358923,-0.029312,9.815358
1755407218484,0.236889,-0.022134,9.959227
1755407218486,0.308674,-0.031705,9.834501
1755407218490,0.248854,-0.029312,9.968799
1755407218491,0.339781,0.001795,9.743574
1755407218494,0.253639,-0.036491,9.968799
1755407218496,0.33021,-0.012562,9.755538
1755407218498,0.215354,-0.019741,9.999905
1755407218501,0.37328,-0.005384,9.74836
1755407218503,0.224925,-0.007777,10.035797
1755407218505,0.361316,0.054437,9.688539
1755407218508,0.236889,-0.084347,10.059726
1755407218511,0.342174,0.028116,9.707682
1755407218513,0.217747,-0.062812,9.999905
1755407218515,0.318245,0.004187,9.743574
1755407218517,0.277567,-0.029312,10.011869
1755407218520,0.275175,0.018544,9.789038
1755407218522,0.270389,-0.031705,10.069297
1755407218525,0.318245,0.011366,9.750752
1755407218527,0.246461,-0.034098,10.045368
1755407218529,0.294317,-0.046062,9.707682
1755407218532,0.229711,-0.041276,9.947263
1755407218534,0.301496,-0.058026,9.789038
1755407218536,0.263211,-0.007777,9.856036
1755407218539,0.260818,-0.017348,10.023833
1755407218542,0.33021,0.035294,9.84168
1755407218545,0.241675,-0.046062,10.014262
1755407218546,0.282353,-0.046062,9.645468
1755407218549,0.265603,-0.093918,9.927821
1755407218551,0.306281,-0.026919,9.798609
1755407218553,0.277567,0.028116,9.961619
1755407218556,0.256032,0.030508,10.05494
1755407218559,0.308674,0.016152,9.724431
1755407218561,0.232104,-0.091525,9.889536
1755407218563,0.294317,-0.113061,9.743574
1755407218565,0.251246,0.001795,9.990334
1755407218568,0.275175,0.109472,10.040583
1755407218570,0.301496,0.04008,9.760324
1755407218573,0.275175,-0.110668,9.887143
1755407218576,0.323031,-0.148953,9.755538
1755407218578,0.31346,-0.012562,9.896714
1755407218580,0.29671,0.075972,10.069297
1755407218582,0.301496,0.075972,9.851251
1755407218585,0.263211,-0.091525,9.903893
1755407218587,0.311067,-0.153739,9.695718
1755407218589,0.31346,-0.019741,9.891929
1755407218592,0.299103,0.119043,10.045368
1755407218594,0.358923,0.080758,9.877572
1755407218597,0.282353,-0.08674,9.913465
1755407218599,0.31346,-0.170489,9.657433
1755407218602,0.294317,-0.036491,9.947263
1755407218604,0.263211,0.097508,10.028619
1755407218606,0.294317,0.037687,9.810573
1755407218609,0.275175,-0.117847,9.891929
1755407218611,0.287139,-0.117847,9.760324
1755407218613,0.303888,0.047258,9.97837
1755407218616,0.277567,0.11665,10.035797
1755407218618,0.315853,0.001795,9.731609
1755407218620,0.253639,-0.141775,9.872787
1755407218623,0.256032,-0.10349,9.817751
1755407218625,0.29671,0.00658,9.925428
1755407218628,0.284746,0.109472,10.076475
1755407218631,0.311067,0.013759,9.769895
1755407218633,0.241675,-0.089133,9.942178
1755407218635,0.299103,-0.098704,9.700503
1755407218637,0.267996,-0.038883,9.899107
1755407218640,0.289532,0.016152,10.07169
1755407218644,0.311067,0.044865,9.812965
1755407218646,0.232104,-0.062812,9.992726
1755407218647,0.289532,-0.060419,9.647861
1755407218650,0.277567,-0.062812,10.031012
1755407218652,0.311067,0.018544,9.772287
1755407218654,0.258425,-0.017348,9.97837
1755407218657,0.277567,-0.05324,9.860822
1755407218659,0.267996,-0.019741,9.834501
1755407218662,0.311067,-0.072383,9.870394
1755407218663,0.275175,-0.034098,9.827323
1755407218666,0.308674,-0.005384,9.887143
1755407218668,0.270389,-0.029312,9.964012
1755407218671,0.33021,-0.046062,9.987941
1755407218673,0.246461,-0.014955,9.836894
1755407218675,0.299103,-0.012562,9.88475
1755407218679,0.282353,-0.06999,9.894321
1755407218681,0.303888,-0.024526,9.882358
1755407218683,0.325424,-0.038883,9.899107
1755407218685,0.299103,-0.017348,9.891929
1755407218687,0.258425,-0.058026,9.84168
1755407218690,0.29671,-0.022134,9.959227
1755407218692,0.299103,0.004187,9.860822
1755407218695,0.287139,0.011366,9.927821
1755407218697,0.301496,0.020937,9.844072
1755407218699,0.27996,-0.002991,9.848858
1755407218702,0.33021,-0.029312,9.860822
1755407218704,0.306281,-0.036491,9.894321
1755407218706,0.346959,-0.012562,9.9015
1755407218709,0.244068,-0.024526,9.832108
1755407218712,0.287139,-0.029312,9.872787
1755407218714,0.239282,-0.024526,9.894321
1755407218716,0.294317,-0.029312,9.848858
1755407218719,0.31346,-0.050847,9.856036
1755407218721,0.267996,-0.026919,9.925428
1755407218724,0.287139,-0.017348,9.865608
1755407218726,0.306281,-0.019741,9.832108
1755407218729,0.306281,-0.005384,9.88475
1755407218732,0.29671,-0.022134,9.911072
1755407218733,0.27996,-0.026919,9.868001
1755407218735,0.284746,-0.046062,9.858429
1755407218738,0.303888,-0.014955,9.887143
1755407218740,0.263211,-0.000598,9.865608
1755407218742,0.291924,-0.017348,9.860822
1755407218747,0.299103,-0.017348,9.88475
1755407218748,0.301496,-0.026919,9.858429
1755407218750,0.265603,0.016152,9.872787
1755407218752,0.272782,-0.055633,9.832108
1755407218755,0.294317,-0.041276,9.868001
1755407218757,0.299103,-0.038883,9.882358
1755407218759,0.275175,0.025723,9.911072
1755407218763,0.299103,0.004187,9.822537
1755407218765,0.256032,-0.079561,9.920643
1755407218766,0.349352,-0.038883,9.973584
1755407218769,0.263211,0.025723,9.894321
1755407218771,0.265603,-0.077169,9.77468
1755407218774,0.260818,-0.120239,10.00469
1755407218776,0.299103,-0.010169,9.805787
1755407218780,0.232104,-0.029312,9.91825
1755407218781,0.306281,0.018544,9.906285
1755407218783,0.282353,-0.05324,9.91825
1755407218786,0.267996,-0.055633,9.760324
1755407218788,0.27996,-0.050847,9.877572
1755407218791,0.272782,0.00658,9.858429
1755407218793,0.270389,0.030508,9.793823
1755407218797,0.256032,-0.007777,10.035797
1755407218800,0.337388,0.030508,9.877572
1755407218801,0.251246,0.030508,9.959227
1755407218803,0.299103,-0.048455,9.693324
1755407218805,0.267996,-0.122632,9.865608
1755407218807,0.31346,-0.048455,9.899107
1755407218810,0.284746,0.073579,9.891929
1755407218812,0.246461,0.052044,10.057333
1755407218815,0.327817,-0.005384,9.671789
1755407218817,0.239282,-0.065204,9.973584
1755407218820,0.282353,-0.067597,9.741181
1755407218821,0.291924,-0.012562,9.923036
1755407218824,0.299103,0.025723,9.949656
1755407218827,0.306281,0.04008,9.79143
1755407218829,0.239282,-0.05324,10.023833
1755407218832,0.318245,-0.022134,9.71486
1755407218835,0.260818,-0.067597,10.057333
1755407218837,0.318245,-0.019741,9.68136
1755407218839,0.239282,-0.005384,10.002297
1755407218841,0.303888,-0.012562,9.832108
1755407218844,0.272782,0.016152,9.872787
1755407218848,0.318245,-0.036491,9.891929
1755407218849,0.277567,-0.014955,9.84168
1755407218851,0.29671,-0.026919,9.908679
1755407218853,0.272782,0.001795,9.846465
1755407218855,0.299103,-0.024526,9.952048
1755407218858,0.287139,-0.014955,9.848858
1755407218860,0.272782,-0.048455,9.882358
1755407218862,0.258425,-0.010169,9.870394
1755407218865,0.325424,-0.029312,9.899107
1755407218867,0.299103,-0.031705,9.906285
1755407218871,0.308674,-0.010169,9.925428
1755407218872,0.260818,0.00658,9.848858
1755407218874,0.294317,-0.019741,9.899107
1755407218877,0.263211,-0.010169,9.915857
1755407218879,0.267996,-0.017348,9.844072
1755407218883,0.299103,-0.038883,9.9015
1755407218885,0.265603,-0.034098,9.846465
1755407218887,0.344566,-0.050847,9.992726
1755407218889,0.303888,-0.036491,10.00469
1755407218891,0.323031,-0.026919,10.105189
1755407218893,0.284746,-0.005384,9.903893
1755407218896,0.27996,-0.05324,9.846465
1755407218899,0.236889,-0.014955,9.856036
1755407218901,0.20339,-0.000598,9.769895
1755407218903,0.334995,-0.065204,9.920643
1755407218905,0.308674,-0.050847,9.868001
1755407218908,0.236889,-0.012562,9.920643
1755407218910,0.325424,-0.026919,10.047761
1755407218913,0.239282,-0.019741,9.760324
1755407218915,0.270389,-0.026919,9.820144
1755407218919,0.246461,-0.002991,9.80818
1755407218920,0.258425,-0.005384,9.865608
1755407218923,0.318245,-0.026919,10.007083
1755407218925,0.315853,-0.036491,9.820144
1755407218928,0.31346,-0.05324,9.91825
1755407218929,0.344566,-0.036491,9.939785
1755407218932,0.291924,-0.024526,9.875179
1755407218934,0.256032,-0.002991,9.879965
1755407218936,0.275175,-0.017348,10.019048
1755407218939,0.287139,-0.058026,9.930214
1755407218941,0.253639,0.004187,9.84168
1755407218944,0.272782,-0.017348,9.851251
1755407218954,0.306281,-0.041276,9.860822
1755407218956,0.294317,-0.017348,9.860822
1755407218957,0.308674,-0.026919,9.9015
1755407218958,0.282353,0.011366,9.846465
1755407218960,0.260818,-0.024526,9.896714
1755407218961,0.263211,0.018544,9.88475
1755407218963,0.287139,-0.050847,9.875179
1755407218964,0.244068,-0.024526,9.877572
1755407218965,0.256032,-0.029312,9.894321
1755407218968,0.277567,-0.048455,9.903893
1755407218970,0.263211,-0.029312,9.882358
1755407218972,0.265603,-0.026919,9.908679
1755407218975,0.294317,-0.002991,9.9015
1755407218977,0.289532,-0.031705,9.913465
1755407218980,0.267996,-0.010169,9.891929
1755407218983,0.272782,-0.031705,9.899107
1755407218985,0.275175,-0.06999,9.872787
1755407218987,0.258425,-0.046062,9.887143
1755407218989,0.267996,-0.012562,9.88475
1755407218992,0.270389,-0.024526,9.868001
1755407218994,0.289532,-0.022134,9.887143
1755407218996,0.31346,-0.017348,9.858429
1755407219000,0.267996,-0.024526,9.906285
1755407219002,0.291924,-0.002991,9.894321
1755407219003,0.287139,-0.026919,9.872787
1755407219006,0.301496,-0.000598,9.856036
1755407219009,0.31346,-0.026919,9.834501
1755407219011,0.256032,-0.000598,9.985548
1755407219013,0.334995,0.042473,9.856036
1755407219016,0.272782,-0.062812,9.810573
1755407219018,0.224925,-0.077169,9.952048
1755407219022,0.37328,-0.010169,9.793823
1755407219023,0.19352,-0.065204,9.954441
1755407219026,0.303888,0.018544,9.755538
1755407219027,0.267996,-0.046062,9.865608
1755407219030,0.208176,-0.048455,10.040583
1755407219032,0.356531,-0.017348,9.664611
1755407219035,0.186341,-0.079561,9.999905
1755407219037,0.363709,0.052044,9.906285
1755407219039,0.256032,-0.058026,9.959227
1755407219042,0.277567,-0.019741,9.767502
1755407219044,0.320638,-0.055633,9.781859
1755407219047,0.215354,-0.046062,10.081261
1755407219050,0.385244,0.013759,9.662218
1755407219052,0.19352,-0.062812,10.064511
1755407219054,0.339781,0.037687,9.834501
1755407219056,0.241675,-0.06999,9.903893
1755407219059,0.294317,0.030508,9.879965
1755407219061,0.294317,-0.036491,9.889536
1755407219064,0.222533,-0.034098,9.925428
1755407219066,0.351745,-0.002991,9.726824
1755407219068,0.169591,-0.079561,10.07169
1755407219071,0.354138,-0.002991,9.688539
1755407219073,0.191127,-0.065204,10.07169
1755407219075,0.315853,0.013759,9.717253
1755407219078,0.234497,-0.055633,10.009477
1755407219081,0.327817,0.008973,9.779466
1755407219083,0.217747,-0.062812,9.925428
1755407219086,0.311067,0.016152,9.889536
1755407219088,0.27996,-0.019741,9.865608
1755407219090,0.299103,0.02333,9.954441
1755407219092,0.31346,-0.034098,9.846465
1755407219095,0.227318,0.020937,9.949656
1755407219098,0.351745,-0.002991,9.82493
1755407219099,0.20339,-0.022134,9.961619
1755407219102,0.380459,-0.041276,9.769895
1755407219105,0.164806,-0.024526,9.987941
1755407219107,0.401994,-0.014955,9.762716
1755407219109,0.208176,-0.022134,9.973584
1755407219111,0.370888,-0.017348,9.769895
1755407219114,0.224925,-0.019741,9.999905
1755407219116,0.358923,-0.041276,9.767502
1755407219119,0.239282,-0.055633,9.995119
1755407219122,0.318245,-0.014955,9.710074
1755407219124,0.244068,-0.012562,9.987941
1755407219127,0.323031,-0.046062,9.765109
1755407219128,0.239282,-0.036491,9.971191
1755407219131,0.308674,-0.05324,9.812965
1755407219133,0.267996,-0.046062,9.865608
1755407219136,0.33021,-0.012562,9.91825
1755407219139,0.289532,-0.010169,9.79143
1755407219140,0.291924,-0.043669,10.042975
1755407219143,0.311067,0.035294,9.789038
1755407219145,0.241675,-0.029312,9.987941
1755407219147,0.320638,-0.038883,9.829716
1755407219150,0.260818,-0.010169,9.908679
1755407219153,0.301496,-0.05324,9.786645
1755407219157,0.27996,-0.036491,9.937392
1755407219158,0.267996,-0.010169,9.834501
1755407219160,0.301496,-0.000598,9.829716
1755407219162,0.239282,-0.026919,10.011869
1755407219165,0.332602,0.016152,9.812965
1755407219167,0.267996,-0.026919,9.968799
1755407219169,0.284746,-0.06999,9.750752
1755407219176,0.260818,-0.031705,9.937392
1755407219178,0.299103,-0.065204,9.860822
1755407219179,0.282353,-0.036491,9.829716
1755407219180,0.277567,-0.026919,10.007083
1755407219182,0.284746,0.008973,9.868001
1755407219183,0.222533,-0.029312,9.954441
1755407219186,0.241675,-0.072383,9.717253
1755407219189,0.260818,-0.074776,9.889536
1755407219190,0.294317,-0.005384,9.877572
1755407219193,0.327817,0.059222,9.908679
1755407219195,0.270389,0.037687,9.975977
1755407219198,0.318245,-0.026919,9.738789
1755407219200,0.29671,-0.08674,9.920643
1755407219202,0.284746,-0.007777,9.781859
1755407219205,0.29671,0.032901,9.961619
1755407219207,0.270389,0.008973,9.920643
1755407219210,0.277567,-0.029312,9.848858
1755407219213,0.265603,-0.043669,9.839287
1755407219215,0.258425,-0.034098,9.853643
1755407219217,0.301496,-0.024526,9.903893
1755407219219,0.275175,-0.000598,9.877572
1755407219222,0.301496,-0.005384,9.959227
1755407219224,0.31346,-0.024526,9.906285
1755407219226,0.33021,-0.014955,9.939785
1755407219230,0.323031,0.008973,9.846465
1755407219232,0.27996,-0.022134,9.934999
1755407219234,0.294317,0.004187,9.887143
1755407219236,0.291924,-0.012562,9.915857
1755407219239,0.229711,-0.017348,9.79143
1755407219243,0.289532,-0.000598,9.889536
1755407219244,0.325424,-0.050847,9.894321
1755407219246,0.334995,-0.017348,9.908679
1755407219248,0.323031,-0.048455,9.937392
1755407219251,0.308674,-0.026919,9.856036
1755407219253,0.318245,-0.046062,9.899107
1755407219256,0.334995,-0.014955,9.882358
1755407219258,0.301496,-0.014955,9.9015
1755407219261,0.265603,-0.026919,9.863214
1755407219262,0.294317,-0.036491,9.891929
1755407219265,0.294317,-0.026919,9.91825
1755407219267,0.291924,-0.007777,9.891929
1755407219269,0.265603,-0.048455,9.927821
1755407219272,0.253639,-0.014955,9.875179
1755407219274,0.277567,-0.031705,9.908679
1755407219277,0.29671,-0.007777,9.832108
1755407219279,0.265603,-0.031705,9.891929
1755407219282,0.272782,-0.000598,9.860822
1755407219284,0.29671,-0.022134,9.877572
1755407219286,0.294317,-0.000598,9.889536
1755407219289,0.284746,-0.034098,9.877572
1755407219292,0.306281,-0.043669,9.896714
1755407219295,0.267996,-0.012562,9.903893
1755407219296,0.272782,-0.026919,9.908679
1755407219299,0.272782,0.013759,9.913465
1755407219301,0.303888,-0.031705,9.781859
1755407219303,0.270389,-0.026919,9.91825
1755407219306,0.315853,-0.05324,9.839287
1755407219308,0.277567,0.00658,10.00469
1755407219311,0.282353,0.111864,9.942178
1755407219313,0.270389,-0.022134,9.702896
1755407219315,0.260818,-0.151346,9.834501
1755407219318,0.301496,0.008973,9.939785
1755407219320,0.284746,0.095115,9.870394
1755407219324,0.236889,-0.002991,9.860822
1755407219326,0.325424,-0.115454,9.84168
1755407219327,0.306281,-0.002991,9.985548
1755407219329,0.251246,0.087936,9.911072
1755407219333,0.272782,-0.060419,9.753145
1755407219335,0.306281,-0.136989,9.947263
1755407219337,0.270389,0.004187,9.949656
1755407219340,0.241675,0.095115,9.762716
1755407219342,0.272782,-0.05324,9.844072
1755407219344,0.323031,-0.129811,9.908679
1755407219346,0.315853,0.030508,9.925428
1755407219349,0.236889,0.087936,9.927821
1755407219351,0.294317,-0.081954,9.767502
1755407219354,0.339781,-0.120239,9.968799
1755407219357,0.294317,0.018544,9.88475
1755407219358,0.275175,0.044865,9.769895
1755407219362,0.325424,-0.038883,9.927821
1755407219363,0.315853,-0.089133,9.820144
1755407219366,0.275175,-0.017348,9.915857
1755407219368,0.306281,0.037687,9.961619
1755407219370,0.33021,-0.007777,9.870394
1755407219373,0.270389,-0.034098,9.964012
1755407219375,0.294317,-0.029312,9.765109
1755407219378,0.284746,-0.058026,9.934999
1755407219380,0.291924,-0.022134,9.832108
1755407219383,0.323031,0.011366,9.923036
1755407219385,0.253639,-0.026919,9.848858
1755407219387,0.265603,-0.034098,9.844072
1755407219389,0.258425,0.00658,9.947263
1755407219392,0.327817,-0.029312,9.891929
1755407219394,0.265603,-0.017348,9.903893
1755407219396,0.289532,-0.019741,9.915857
1755407219399,0.270389,-0.043669,9.844072
1755407219401,0.258425,-0.026919,9.829716
1755407219404,0.275175,-0.017348,9.84168
1755407219406,0.294317,-0.012562,9.829716
1755407219409,0.275175,-0.005384,9.810573
1755407219411,0.258425,-0.031705,9.896714
1755407219413,0.291924,-0.029312,9.863214
1755407219416,0.303888,-0.022134,9.949656
1755407219418,0.303888,-0.014955,9.868001
1755407219420,0.287139,-0.036491,9.875179
1755407219423,0.270389,-0.026919,9.877572
1755407219426,0.301496,-0.034098,9.927821
1755407219428,0.287139,-0.034098,9.887143
1755407219430,0.265603,-0.000598,9.9015
1755407219434,0.275175,0.008973,9.899107
1755407219435,0.301496,-0.019741,9.856036
1755407219437,0.284746,-0.038883,9.889536
1755407219440,0.267996,-0.038883,9.868001
1755407219443,0.284746,-0.029312,9.915857
1755407219445,0.282353,-0.007777,9.879965
1755407219447,0.294317,-0.019741,9.875179
1755407219450,0.27996,-0.019741,9.848858
1755407219452,0.291924,-0.055633,9.899107
1755407219454,0.272782,-0.067597,9.805787
1755407219457,0.282353,-0.034098,9.990334
1755407219460,0.31346,0.00658,9.882358
1755407219462,0.272782,-0.06999,9.875179
1755407219464,0.272782,-0.017348,9.877572
1755407219467,0.325424,0.02333,9.930214
1755407219469,0.253639,0.008973,9.877572
1755407219471,0.323031,-0.026919,9.803394
1755407219473,0.253639,-0.050847,9.939785
1755407219476,0.323031,-0.000598,9.738789
1755407219481,0.224925,-0.06999,9.990334
1755407219483,0.327817,-0.014955,9.829716
1755407219484,0.294317,-0.002991,9.872787
1755407219486,0.287139,-0.029312,9.894321
1755407219488,0.294317,-0.050847,9.894321
1755407219490,0.299103,-0.019741,9.9015
1755407219493,0.284746,-0.019741,9.798609
1755407219495,0.256032,-0.048455,9.906285
1755407219498,0.332602,-0.034098,9.868001
1755407219500,0.272782,-0.007777,9.882358
1755407219502,0.29671,-0.034098,9.82493
1755407219504,0.299103,-0.014955,9.985548
1755407219507,0.306281,0.011366,9.779466
1755407219510,0.215354,-0.019741,9.964012
1755407219514,0.33021,-0.017348,9.769895
1755407219516,0.306281,-0.05324,9.879965
1755407219517,0.289532,-0.038883,9.923036
1755407219519,0.277567,0.00658,9.896714
1755407219521,0.306281,0.004187,9.932607
1755407219524,0.248854,-0.022134,9.834501
1755407219526,0.31346,-0.007777,9.801002
1755407219529,0.265603,-0.074776,9.911072
1755407219531,0.325424,0.020937,9.865608
1755407219533,0.267996,0.001795,9.959227
1755407219536,0.311067,-0.024526,9.853643
1755407219538,0.315853,-0.043669,9.868001
1755407219540,0.253639,-0.038883,9.889536
1755407219543,0.284746,-0.031705,9.84168
1755407219545,0.270389,-0.034098,10.009477
1755407219548,0.301496,0.020937,9.832108
1755407219550,0.246461,-0.019741,9.927821
1755407219552,0.275175,0.004187,9.815358
1755407219555,0.267996,-0.038883,9.925428
1755407219557,0.294317,-0.029312,9.84168
1755407219559,0.294317,0.018544,9.91825
1755407219563,0.289532,-0.024526,9.853643
1755407219565,0.291924,-0.029312,10.00469
1755407219567,0.332602,0.013759,9.765109
1755407219569,0.232104,-0.024526,9.947263
1755407219571,0.332602,-0.036491,9.820144
1755407219574,0.272782,-0.022134,9.894321
1755407219576,0.270389,-0.019741,9.913465
1755407219579,0.27996,-0.014955,9.812965
1755407219583,0.248854,-0.065204,9.961619
1755407219584,0.29671,0.004187,9.848858
1755407219586,0.260818,-0.024526,9.923036
1755407219588,0.287139,-0.010169,9.88475
1755407219591,0.311067,0.00658,9.836894
1755407219593,0.210568,-0.036491,9.906285
1755407219596,0.301496,0.008973,9.829716
1755407219598,0.284746,0.011366,9.925428
1755407219600,0.260818,0.008973,9.832108
1755407219603,0.282353,-0.000598,9.865608
1755407219605,0.272782,-0.034098,9.899107
1755407219608,0.311067,0.00658,9.877572
1755407219610,0.248854,-0.026919,9.947263
1755407219613,0.301496,-0.017348,9.817751
1755407219615,0.27996,-0.072383,9.952048
1755407219617,0.29671,0.00658,9.77468
1755407219620,0.287139,-0.029312,10.026226
1755407219622,0.318245,-0.002991,9.798609
1755407219624,0.272782,-0.034098,9.952048
1755407219627,0.301496,-0.026919,9.805787
1755407219629,0.270389,-0.024526,9.891929
1755407219631,0.303888,-0.038883,9.865608
1755407219634,0.260818,-0.012562,9.872787
1755407219636,0.289532,-0.031705,9.889536
1755407219639,0.294317,-0.000598,9.887143
1755407219641,0.284746,-0.034098,9.887143
1755407219644,0.27996,-0.017348,9.846465
1755407219646,0.260818,-0.029312,9.899107
1755407219648,0.289532,-0.034098,9.88475
1755407219651,0.31346,-0.010169,9.915857
1755407219653,0.272782,-0.029312,9.863214
1755407219656,0.277567,-0.031705,9.911072
1755407219658,0.306281,-0.017348,9.88475
1755407219660,0.27996,-0.010169,9.891929
1755407219663,0.267996,-0.005384,9.839287
1755407219665,0.291924,0.001795,9.942178
1755407219667,0.284746,-0.026919,9.865608
1755407219670,0.277567,-0.046062,9.899107
1755407219672,0.31346,-0.036491,9.875179
1755407219675,0.303888,-0.024526,9.848858
1755407219677,0.282353,-0.036491,9.872787
1755407219680,0.287139,-0.010169,9.908679
1755407219683,0.272782,-0.022134,9.889536
1755407219685,0.244068,-0.012562,9.906285
1755407219687,0.265603,-0.002991,9.9015
1755407219689,0.294317,-0.036491,9.891929
1755407219691,0.31346,-0.012562,9.882358
1755407219694,0.27996,-0.010169,9.877572
1755407219697,0.315853,-0.014955,9.896714
1755407219701,0.289532,-0.034098,9.903893
1755407219702,0.277567,-0.043669,9.851251
1755407219704,0.306281,-0.019741,9.875179
1755407219706,0.291924,-0.031705,9.872787
1755407219708,0.303888,-0.012562,9.88475
1755407219710,0.275175,-0.012562,9.891929
1755407219714,0.260818,-0.012562,9.853643
1755407219716,0.267996,-0.036491,9.891929
1755407219718,0.308674,-0.010169,9.899107
1755407219720,0.282353,-0.017348,9.879965
1755407219722,0.320638,-0.026919,9.896714
1755407219725,0.267996,-0.022134,9.887143
1755407219727,0.31346,-0.041276,9.9015
1755407219730,0.299103,-0.017348,9.834501
1755407219733,0.289532,0.001795,9.927821
1755407219735,0.27996,0.004187,9.810573
1755407219737,0.251246,-0.019741,9.908679
1755407219740,0.27996,-0.026919,9.868001
1755407219743,0.299103,-0.024526,9.889536
1755407219744,0.275175,-0.024526,9.868001
1755407219746,0.284746,-0.014955,9.856036
1755407219749,0.289532,-0.046062,9.863214
1755407219751,0.282353,0.016152,9.913465
1755407219754,0.27996,-0.026919,9.858429
1755407219756,0.284746,-0.019741,9.875179
1755407219758,0.284746,-0.048455,9.872787
1755407219761,0.277567,-0.012562,9.872787
1755407219763,0.251246,0.00658,9.9015
1755407219765,0.267996,-0.024526,9.853643
1755407219768,0.251246,-0.014955,9.896714
1755407219770,0.311067,-0.000598,9.860822
1755407219773,0.275175,0.008973,9.987941
1755407219775,0.315853,-0.06999,9.753145
1755407219778,0.241675,-0.012562,9.995119
1755407219780,0.358923,-0.029312,9.741181
1755407219784,0.208176,-0.046062,9.925428
1755407219786,0.311067,-0.043669,9.879965
1755407219787,0.289532,-0.000598,9.789038
1755407219789,0.265603,-0.012562,10.098011
1755407219792,0.344566,0.018544,9.805787
1755407219794,0.256032,-0.046062,9.968799
1755407219797,0.308674,-0.074776,9.688539
1755407219799,0.289532,-0.081954,9.908679
1755407219803,0.27996,-0.029312,9.925428
1755407219805,0.320638,0.059222,9.899107
1755407219806,0.275175,0.02333,10.040583
1755407219809,0.303888,-0.010169,9.68136
1755407219811,0.267996,-0.141775,9.932607
1755407219813,0.291924,-0.058026,9.851251
1755407219816,0.263211,0.064008,9.906285
1755407219819,0.241675,0.092722,10.088439
1755407219821,0.31346,-0.019741,9.710074
1755407219824,0.232104,-0.139382,9.894321
1755407219826,0.320638,-0.108275,9.717253
1755407219828,0.267996,0.020937,9.947263
1755407219830,0.301496,0.061615,10.098011
1755407219834,0.311067,0.068794,9.82493
1755407219835,0.241675,-0.077169,9.971191
1755407219838,0.29671,-0.113061,9.616755
1755407219840,0.267996,-0.062812,9.944571
1755407219845,0.29671,0.001795,9.91825
1755407219847,0.311067,0.095115,9.937392
1755407219849,0.267996,0.008973,10.086046
1755407219851,0.315853,-0.031705,9.671789
1755407219855,0.210568,-0.125025,9.952048
1755407219857,0.325424,-0.096311,9.693324
1755407219859,0.282353,0.02333,9.980762
1755407219861,0.277567,0.066401,10.050154
1755407219862,0.339781,0.068794,9.801002
1755407219864,0.239282,-0.096311,9.995119
1755407219867,0.306281,-0.105882,9.60479
1755407219869,0.253639,-0.098704,9.968799
1755407219871,0.289532,-0.000598,9.860822
1755407219873,0.308674,0.073579,9.964012
1755407219876,0.267996,0.013759,10.045368
1755407219878,0.29671,-0.038883,9.65504
1755407219881,0.258425,-0.115454,9.947263
1755407219884,0.308674,-0.05324,9.707682
1755407219887,0.291924,0.016152,10.00469
1755407219888,0.315853,0.064008,9.983155
1755407219890,0.29671,0.02333,9.762716
1755407219892,0.270389,-0.110668,9.973584
1755407219895,0.351745,-0.089133,9.700503
1755407219897,0.31346,-0.050847,9.97837
1755407219900,0.29671,0.047258,9.9015
1755407219905,0.299103,0.018544,9.851251
1755407219906,0.270389,-0.031705,9.944571
1755407219907,0.301496,-0.065204,9.779466
1755407219909,0.272782,-0.060419,9.947263
1755407219912,0.289532,0.020937,9.903893
1755407219914,0.31346,-0.007777,9.870394
1755407219917,0.29671,-0.046062,9.934999
1755407219919,0.284746,-0.055633,9.836894
1755407219921,0.265603,-0.017348,9.9015
1755407219924,0.282353,-0.007777,9.927821
1755407219926,0.301496,0.018544,9.894321
1755407219928,0.260818,-0.014955,9.891929
1755407219931,0.284746,0.020937,9.942178
1755407219933,0.287139,-0.034098,9.822537
1755407219936,0.294317,-0.050847,9.860822
1755407219938,0.308674,-0.05324,9.798609
1755407219940,0.277567,-0.084347,9.954441
1755407219943,0.332602,0.008973,9.803394
1755407219946,0.265603,-0.034098,9.987941
1755407219948,0.289532,0.004187,9.856036
1755407219950,0.287139,-0.000598,9.932607
1755407219953,0.306281,0.016152,9.829716
1755407219955,0.272782,-0.055633,9.868001
1755407219957,0.303888,-0.120239,9.743574
1755407219960,0.327817,-0.005384,9.887143
1755407219962,0.270389,0.049651,10.088439
1755407219965,0.299103,0.078365,9.74836
1755407219967,0.239282,-0.072383,9.956834
1755407219970,0.306281,-0.177667,9.710074
1755407219972,0.308674,0.00658,9.836894
1755407219974,0.289532,0.061615,10.191331
1755407219976,0.29671,0.090329,9.736395
1755407219979,0.267996,-0.062812,9.956834
1755407219981,0.306281,-0.153739,9.707682
1755407219983,0.282353,-0.034098,9.858429
1755407219987,0.318245,0.078365,10.160224
1755407219988,0.349352,0.073579,9.726824
1755407219991,0.29671,-0.089133,9.944571
1755407219993,0.294317,-0.144168,9.731609
1755407219995,0.301496,0.001795,9.817751
1755407219998,0.27996,0.102293,10.203295
1755407220009,0.311067,0.061615,9.700503
1755407220011,0.239282,-0.084347,9.944571
1755407220012,0.320638,-0.134596,9.734002
1755407220013,0.284746,-0.034098,9.822537
1755407220014,0.29671,0.02333,10.198509
1755407220015,0.299103,0.059222,9.700503
1755407220016,0.244068,-0.067597,9.995119
1755407220017,0.275175,-0.148953,9.690931
1755407220020,0.287139,-0.029312,9.822537
1755407220025,0.256032,0.068794,10.188938
1755407220027,0.311067,0.087936,9.741181
1755407220028,0.270389,-0.05324,9.942178
1755407220029,0.311067,-0.148953,9.65504
1755407220032,0.291924,-0.098704,9.860822
1755407220034,0.282353,0.042473,10.124331
1755407220037,0.284746,0.121436,9.872787
1755407220039,0.260818,0.00658,9.903893
1755407220041,0.291924,-0.132203,9.686146
1755407220044,0.224925,-0.091525,9.865608
1755407220047,0.275175,0.016152,10.00469
1755407220048,0.339781,0.097508,9.964012
1755407220051,0.236889,0.018544,9.870394
1755407220054,0.294317,-0.091525,9.731609
1755407220056,0.282353,-0.132203,9.860822
1755407220058,0.311067,-0.036491,9.906285
1755407220060,0.308674,0.064008,9.954441
1755407220063,0.246461,0.037687,10.019048
1755407220066,0.303888,-0.007777,9.731609
1755407220068,0.248854,-0.136989,9.853643
1755407220071,0.29671,-0.110668,9.80818
1755407220073,0.29671,0.028116,9.882358
1755407220075,0.256032,0.097508,10.105189
1755407220077,0.282353,0.080758,9.781859
1755407220080,0.265603,-0.113061,9.891929
1755407220082,0.306281,-0.153739,9.755538
1755407220084,0.29671,-0.05324,9.863214
1755407220088,0.284746,0.078365,10.109975
1755407220090,0.31346,0.064008,9.803394
1755407220092,0.270389,-0.081954,9.91825
1755407220094,0.291924,-0.141775,9.686146
1755407220096,0.27996,-0.077169,9.865608
1755407220099,0.294317,0.104686,10.066904
1755407220101,0.287139,0.121436,9.894321
1755407220105,0.263211,-0.041276,9.915857
1755407220107,0.29671,-0.165703,9.671789
1755407220109,0.246461,-0.105882,9.827323
1755407220111,0.299103,0.028116,10.026226
1755407220113,0.323031,0.114257,9.997512
1755407220115,0.248854,0.00658,9.939785
1755407220118,0.306281,-0.098704,9.676575
1755407220120,0.241675,-0.115454,9.820144
1755407220123,0.260818,-0.019741,9.875179
1755407220127,0.299103,0.044865,9.906285
1755407220128,0.263211,0.047258,9.990334
1755407220130,0.299103,-0.017348,9.846465
1755407220132,0.229711,-0.026919,9.975977
1755407220135,0.320638,-0.043669,9.700503
1755407220137,0.246461,-0.022134,9.968799
1755407220140,0.31346,-0.014955,9.805787
1755407220142,0.275175,-0.014955,9.913465
1755407220144,0.306281,-0.024526,9.856036
1755407220146,0.275175,-0.031705,9.868001
1755407220151,0.260818,-0.05324,9.930214
1755407220153,0.284746,-0.010169,9.822537
1755407220154,0.315853,-0.060419,9.964012
1755407220158,0.263211,-0.017348,9.80818
1755407220161,0.287139,-0.060419,9.961619
1755407220163,0.270389,-0.007777,9.801002
1755407220164,0.294317,-0.062812,9.915857
1755407220166,0.27996,-0.002991,9.84168
1755407220168,0.291924,-0.034098,9.906285
1755407220171,0.260818,-0.022134,9.839287
1755407220174,0.29671,-0.038883,9.856036
1755407220176,0.251246,-0.034098,9.856036
1755407220178,0.291924,0.001795,9.925428
1755407220180,0.248854,-0.012562,9.865608
1755407220183,0.27996,-0.034098,9.858429
1755407220185,0.260818,0.001795,9.932607
1755407220187,0.301496,0.011366,9.872787
1755407220190,0.299103,0.00658,9.939785
1755407220193,0.294317,-0.034098,9.851251
1755407220195,0.29671,-0.024526,9.915857
1755407220197,0.277567,0.008973,9.868001
1755407220199,0.272782,-0.017348,9.906285
1755407220202,0.315853,-0.019741,9.959227
1755407220204,0.311067,-0.041276,9.88475
1755407220207,0.270389,-0.017348,9.865608
1755407220209,0.306281,-0.038883,9.923036
1755407220211,0.301496,-0.017348,9.836894
1755407220214,0.303888,-0.010169,9.88475
1755407220216,0.301496,0.001795,9.858429
1755407220218,0.294317,-0.041276,9.88475
1755407220221,0.270389,-0.034098,9.865608
1755407220224,0.301496,-0.014955,9.903893
1755407220226,0.31346,-0.031705,9.872787
1755407220228,0.294317,-0.022134,9.915857
1755407220231,0.270389,-0.000598,9.848858
1755407220233,0.277567,-0.022134,9.899107
1755407220235,0.308674,-0.029312,9.88475
1755407220238,0.299103,-0.014955,9.872787
1755407220241,0.287139,-0.046062,9.88475
1755407220243,0.291924,-0.038883,9.858429
1755407220246,0.277567,-0.017348,9.889536
1755407220247,0.289532,-0.014955,9.891929
1755407220250,0.311067,-0.007777,9.896714
1755407220253,0.303888,-0.010169,9.889536
1755407220254,0.265603,-0.026919,9.803394
1755407220258,0.229711,-0.029312,10.007083
1755407220261,0.356531,0.054437,9.829716
1755407220262,0.282353,-0.079561,9.796216
1755407220264,0.210568,-0.072383,10.059726
1755407220267,0.392423,0.078365,9.669396
1755407220269,0.164806,-0.115454,10.03819
1755407220272,0.346959,0.013759,9.88475
1755407220274,0.315853,-0.034098,9.698111
1755407220276,0.12652,-0.060419,10.11476
1755407220278,0.449851,0.064008,9.693324
1755407220281,0.195912,-0.105882,9.995119
1755407220283,0.31346,0.020937,9.903893
1755407220286,0.382852,-0.014955,9.659825
1755407220288,0.136092,-0.093918,10.129117
1755407220290,0.449851,0.05683,9.683753
1755407220293,0.181555,-0.108275,10.033404
1755407220295,0.291924,0.025723,9.889536
1755407220297,0.370888,-0.060419,9.690931
1755407220300,0.14327,-0.074776,10.136296
1755407220303,0.447458,0.054437,9.635897
1755407220305,0.152842,-0.108275,10.059726
1755407220307,0.323031,0.02333,9.832108
1755407220309,0.31346,-0.010169,9.829716
1755407220312,0.210568,-0.036491,9.997512
1755407220314,0.397209,0.025723,9.781859
1755407220317,0.215354,-0.048455,9.975977
1755407220319,0.308674,-0.031705,9.851251
1755407220322,0.275175,-0.046062,9.894321
1755407220324,0.263211,-0.019741,9.91825
1755407220327,0.303888,-0.014955,9.879965
1755407220329,0.284746,-0.022134,9.891929
1755407220331,0.284746,-0.014955,9.868001
1755407220334,0.301496,-0.017348,9.88475
1755407220336,0.291924,-0.012562,9.899107
1755407220339,0.272782,-0.029312,9.868001
1755407220341,0.265603,-0.007777,9.915857
1755407220344,0.291924,-0.034098,9.88475
1755407220346,0.29671,-0.026919,9.911072
1755407220348,0.29671,-0.019741,9.872787
1755407220351,0.284746,-0.024526,9.891929
1755407220356,0.299103,-0.012562,9.908679
1755407220357,0.33021,-0.026919,9.868001
1755407220359,0.306281,0.004187,9.899107
1755407220360,0.339781,-0.017348,9.848858
1755407220363,0.294317,-0.014955,9.889536
1755407220365,0.306281,0.004187,9.851251
1755407220368,0.270389,-0.026919,9.889536
1755407220369,0.272782,-0.017348,9.88475
1755407220372,0.272782,-0.017348,9.870394
1755407220374,0.282353,-0.014955,9.973584
1755407220377,0.29671,-0.026919,9.796216
1755407220379,0.29671,0.004187,9.906285
1755407220381,0.265603,-0.010169,9.839287
1755407220384,0.289532,-0.012562,9.899107
1755407220386,0.275175,-0.046062,9.930214
1755407220389,0.287139,-0.014955,9.810573
1755407220391,0.275175,-0.036491,9.894321
1755407220394,0.265603,-0.029312,9.913465
1755407220396,0.301496,-0.007777,9.894321
1755407220398,0.287139,-0.036491,9.856036
1755407220402,0.294317,-0.031705,9.942178
1755407220403,0.303888,-0.022134,9.84168
1755407220405,0.270389,-0.046062,9.923036
1755407220408,0.323031,-0.007777,9.846465
1755407220411,0.258425,-0.029312,9.896714
1755407220413,0.306281,-0.002991,9.82493
1755407220415,0.263211,-0.046062,9.966406
1755407220417,0.346959,0.020937,9.879965
1755407220420,0.275175,-0.077169,9.868001
1755407220423,0.272782,-0.012562,9.973584
1755407220425,0.33021,-0.010169,9.693324
1755407220428,0.171984,-0.036491,10.124331
1755407220430,0.428315,-0.000598,9.583255
1755407220432,0.150449,-0.055633,10.150653
1755407220434,0.349352,0.05683,9.669396
1755407220437,0.208176,-0.077169,10.076475
1755407220439,0.344566,0.018544,9.772287
1755407220442,0.263211,-0.065204,9.954441
1755407220445,0.284746,0.011366,9.829716
1755407220447,0.27996,-0.034098,9.91825
1755407220448,0.258425,0.011366,9.858429
1755407220451,0.282353,-0.007777,9.913465
1755407220453,0.294317,0.001795,9.82493
1755407220457,0.244068,-0.046062,9.954441
1755407220458,0.287139,-0.012562,9.80818
1755407220460,0.265603,-0.058026,9.983155
1755407220463,0.303888,0.018544,9.789038
1755407220465,0.260818,-0.06999,9.954441
1755407220468,0.244068,-0.014955,9.853643
1755407220470,0.308674,-0.077169,9.906285
1755407220473,0.258425,0.004187,9.896714
1755407220475,0.299103,-0.041276,9.908679
1755407220477,0.258425,0.00658,9.899107
1755407220480,0.327817,-0.012562,9.870394
1755407220484,0.265603,-0.014955,9.891929
1755407220485,0.315853,-0.026919,9.839287
1755407220487,0.229711,0.016152,9.923036
1755407220489,0.351745,-0.038883,9.856036
1755407220492,0.229711,-0.019741,9.930214
1755407220494,0.382852,-0.036491,9.82493
1755407220496,0.191127,-0.002991,9.925428
1755407220499,0.344566,-0.041276,9.820144
1755407220501,0.241675,-0.010169,9.903893
1755407220503,0.339781,-0.038883,9.863214
1755407220506,0.246461,-0.007777,9.913465
1755407220508,0.327817,-0.034098,9.894321
1755407220511,0.258425,-0.038883,9.875179
1755407220513,0.349352,-0.029312,9.913465
1755407220516,0.253639,-0.005384,9.848858
1755407220518,0.27996,-0.017348,9.88475
1755407220520,0.260818,-0.022134,9.891929
1755407220523,0.301496,-0.007777,9.927821
1755407220525,0.256032,-0.031705,9.877572
1755407220527,0.315853,-0.017348,9.877572
1755407220530,0.323031,-0.019741,9.896714
1755407220532,0.327817,-0.019741,9.851251
1755407220535,0.27996,-0.034098,9.906285
1755407220537,0.27996,-0.010169,9.860822
1755407220540,0.272782,-0.022134,9.894321
1755407220542,0.308674,-0.022134,9.863214
1755407220544,0.29671,-0.012562,9.872787
1755407220547,0.222533,-0.000598,9.848858
1755407220549,0.282353,-0.026919,9.872787
1755407220551,0.260818,-0.014955,9.930214
1755407220554,0.270389,-0.034098,9.846465
1755407220557,0.267996,-0.031705,9.889536
1755407220559,0.320638,-0.041276,9.891929
1755407220561,0.251246,-0.019741,9.829716
1755407220564,0.27996,-0.014955,9.88475
1755407220567,0.282353,-0.019741,9.865608
1755407220568,0.265603,-0.019741,9.870394
1755407220571,0.289532,-0.031705,9.872787
1755407220573,0.291924,-0.005384,9.959227
1755407220575,0.284746,-0.010169,9.870394
1755407220578,0.299103,-0.034098,9.9015
1755407220581,0.272782,-0.026919,9.786645
1755407220583,0.308674,0.00658,9.865608
1755407220585,0.294317,-0.019741,9.913465
1755407220588,0.303888,-0.007777,9.949656
1755407220590,0.265603,-0.031705,9.877572
1755407220592,0.270389,-0.031705,9.777073
1755407220595,0.289532,-0.029312,9.956834
1755407220598,0.29671,0.00658,9.79143
1755407220600,0.265603,-0.019741,9.966406
1755407220603,0.325424,-0.002991,9.817751
1755407220604,0.241675,-0.050847,10.040583
1755407220607,0.351745,-0.034098,9.717253
1755407220609,0.244068,-0.038883,10.052547
1755407220611,0.354138,-0.007777,9.712467
1755407220615,0.210568,-0.038883,10.05494
1755407220617,0.346959,0.008973,9.638289
1755407220619,0.248854,-0.022134,10.057333
1755407220621,0.358923,-0.038883,9.757931
1755407220623,0.224925,-0.029312,9.995119
1755407220626,0.29671,-0.026919,9.803394
1755407220628,0.229711,-0.031705,9.891929
1755407220631,0.282353,-0.041276,9.973584
1755407220633,0.291924,0.008973,9.741181
1755407220636,0.248854,-0.007777,10.083653
1755407220638,0.29671,-0.019741,9.760324
1755407220640,0.251246,-0.048455,9.944571
1755407220643,0.291924,-0.060419,9.789038
1755407220645,0.29671,-0.026919,9.9015
1755407220647,0.267996,-0.048455,9.9015
1755407220650,0.275175,0.044865,9.927821
1755407220652,0.265603,0.042473,9.937392
1755407220655,0.277567,-0.022134,9.741181
1755407220657,0.263211,-0.10349,9.872787
1755407220660,0.299103,-0.058026,9.836894
1755407220662,0.320638,0.061615,10.040583
1755407220664,0.248854,0.080758,9.891929
1755407220667,0.301496,-0.014955,9.724431
1755407220669,0.239282,-0.156132,9.858429
1755407220671,0.318245,-0.077169,9.927821
1755407220674,0.318245,0.092722,9.980762
1755407220676,0.263211,0.080758,9.973584
1755407220679,0.282353,-0.096311,9.628718
1755407220681,0.289532,-0.170489,9.882358
1755407220683,0.308674,0.037687,9.999905
1755407220686,0.299103,0.147757,9.908679
1755407220688,0.260818,-0.041276,9.91825
1755407220691,0.291924,-0.144168,9.812965
1755407220693,0.303888,-0.012562,9.992726
1755407220695,0.227318,0.114257,9.959227
1755407220698,0.306281,0.020937,9.717253
1755407220700,0.291924,-0.170489,9.827323
1755407220702,0.303888,-0.072383,9.959227
1755407220705,0.308674,0.11665,9.882358
1755407220707,0.212961,-0.014955,9.9015
1755407220710,0.315853,-0.115454,9.812965
1755407220712,0.299103,-0.038883,9.947263
1755407220714,0.291924,0.0999,9.915857
1755407220717,0.289532,-0.012562,9.734002
1755407220721,0.31346,-0.127418,9.894321
1755407220723,0.311067,-0.046062,9.952048
1755407220724,0.251246,0.102293,9.815358
1755407220727,0.258425,-0.029312,9.801002
1755407220729,0.303888,-0.101097,9.923036
1755407220731,0.351745,0.02333,9.942178
1755407220735,0.236889,0.064008,9.952048
1755407220736,0.299103,0.013759,9.717253
1755407220738,0.263211,-0.14656,9.882358
1755407220741,0.282353,-0.081954,9.927821
1755407220743,0.287139,0.068794,9.906285
1755407220745,0.246461,0.028116,9.987941
1755407220748,0.299103,-0.067597,9.686146
1755407220751,0.239282,-0.132203,9.894321
1755407220753,0.308674,-0.010169,9.937392
1755407220755,0.289532,0.078365,9.891929
1755407220758,0.212961,0.008973,10.00469
1755407220760,0.284746,-0.046062,9.662218
1755407220763,0.244068,-0.144168,9.889536
1755407220765,0.287139,0.020937,9.947263
1755407220768,0.349352,0.097508,9.903893
1755407220771,0.253639,0.008973,9.997512
1755407220772,0.339781,-0.055633,9.638289
1755407220774,0.222533,-0.160917,9.848858
1755407220777,0.323031,-0.029312,9.954441
1755407220779,0.320638,0.128614,10.011869
1755407220781,0.210568,0.075972,9.971191
1755407220785,0.275175,-0.08674,9.664611
1755407220787,0.246461,-0.160917,9.803394
1755407220789,0.303888,-0.038883,9.932607
1755407220791,0.308674,0.083151,10.028619
1755407220793,0.256032,0.080758,9.983155
1755407220796,0.287139,-0.067597,9.707682
1755407220798,0.27996,-0.14656,9.812965
1755407220802,0.287139,-0.06999,9.844072
1755407220804,0.291924,0.095115,9.966406
1755407220805,0.265603,0.068794,10.023833
1755407220808,0.301496,-0.007777,9.77468
1755407220811,0.265603,-0.098704,9.947263
1755407220813,0.31346,-0.067597,9.702896
1755407220816,0.282353,-0.031705,10.002297
1755407220818,0.303888,0.008973,9.834501
1755407220821,0.284746,0.013759,9.952048
1755407220823,0.337388,-0.034098,9.832108
1755407220825,0.265603,-0.034098,9.858429
1755407220827,0.289532,-0.048455,9.88475
1755407220829,0.265603,-0.014955,9.860822
1755407220832,0.291924,-0.005384,9.899107
1755407220834,0.291924,0.004187,9.846465
1755407220837,0.294317,-0.058026,9.88475
1755407220840,0.263211,-0.072383,9.877572
1755407220845,0.327817,-0.058026,9.891929
1755407220846,0.289532,-0.031705,9.9015
1755407220847,0.315853,-0.029312,9.853643
1755407220849,0.31346,-0.000598,9.954441
1755407220851,0.282353,-0.046062,9.84168
1755407220858,0.284746,-0.038883,9.877572
1755407220859,0.27996,-0.022134,9.882358
1755407220860,0.303888,0.025723,9.877572
1755407220861,0.277567,0.001795,9.899107
1755407220863,0.334995,-0.005384,9.863214
1755407220866,0.27996,-0.012562,9.875179
1755407220868,0.301496,-0.007777,9.889536
1755407220871,0.294317,-0.002991,9.858429
1755407220873,0.29671,-0.010169,9.908679
1755407220875,0.265603,-0.022134,9.858429
1755407220878,0.277567,-0.038883,9.882358
1755407220880,0.263211,-0.029312,9.879965
1755407220883,0.256032,-0.010169,9.868001
1755407220885,0.294317,-0.036491,9.896714
1755407220887,0.272782,-0.002991,9.863214
1755407220890,0.299103,-0.007777,9.863214
1755407220892,0.306281,-0.031705,9.872787
1755407220894,0.299103,-0.050847,9.937392
1755407220897,0.303888,-0.022134,9.870394
1755407220899,0.248854,-0.036491,9.887143
1755407220901,0.301496,-0.026919,9.832108
1755407220904,0.31346,-0.017348,9.896714
1755407220907,0.270389,-0.000598,9.846465
1755407220909,0.289532,-0.024526,9.863214
1755407220911,0.315853,-0.005384,9.863214
1755407220913,0.320638,-0.046062,9.851251
1755407220916,0.33021,-0.022134,9.903893
1755407220918,0.272782,-0.014955,9.872787
1755407220922,0.289532,-0.041276,9.879965
1755407220925,0.275175,-0.012562,9.875179
1755407220926,0.282353,-0.048455,9.913465
1755407220928,0.272782,-0.007777,9.848858
1755407220930,0.284746,-0.019741,9.882358
1755407220932,0.272782,-0.034098,9.865608
1755407220935,0.301496,-0.041276,9.877572
1755407220938,0.282353,-0.024526,9.896714
1755407220940,0.289532,-0.002991,9.879965
1755407220942,0.303888,-0.031705,9.877572
1755407220945,0.29671,-0.041276,9.875179
1755407220947,0.291924,-0.034098,9.906285
1755407220949,0.282353,-0.048455,9.889536
1755407220952,0.263211,-0.024526,9.88475
1755407220955,0.272782,-0.034098,9.894321
1755407220957,0.260818,-0.024526,9.882358
1755407220959,0.277567,-0.014955,9.860822
1755407220961,0.287139,-0.026919,9.894321
1755407220964,0.263211,-0.026919,9.915857
1755407220967,0.27996,-0.043669,9.877572
1755407220969,0.294317,-0.043669,9.870394
1755407220973,0.299103,0.016152,9.879965
1755407220975,0.31346,-0.029312,9.896714
1755407220976,0.248854,-0.012562,9.887143
1755407220978,0.29671,-0.007777,9.88475
1755407220980,0.320638,-0.010169,9.858429
1755407220983,0.294317,-0.022134,9.863214
1755407220985,0.27996,-0.010169,9.9015
1755407220988,0.320638,-0.029312,9.875179
1755407220991,0.284746,-0.026919,9.896714
1755407220993,0.287139,-0.026919,9.875179
1755407220995,0.294317,0.028116,9.88475
1755407220997,0.267996,-0.014955,9.863214
1755407221000,0.272782,-0.038883,9.915857
1755407221002,0.272782,-0.029312,9.889536
1755407221005,0.291924,-0.026919,9.903893
1755407221007,0.27996,-0.031705,9.879965
1755407221009,0.306281,-0.048455,9.870394
1755407221012,0.248854,-0.055633,9.877572
1755407221014,0.277567,-0.012562,9.848858
1755407221016,0.301496,-0.05324,9.942178
1755407221019,0.265603,0.030508,9.934999
1755407221021,0.31346,-0.041276,9.820144
1755407221024,0.258425,0.001795,9.961619
1755407221026,0.370888,-0.034098,9.781859
1755407221029,0.195912,-0.002991,9.997512
1755407221031,0.346959,-0.026919,9.786645
1755407221033,0.22014,-0.036491,10.009477
1755407221036,0.325424,-0.029312,9.784252
1755407221038,0.20339,0.004187,9.995119
1755407221042,0.306281,-0.000598,9.839287
1755407221044,0.260818,-0.036491,9.91825
1755407221046,0.327817,-0.031705,9.870394
1755407221047,0.263211,-0.05324,9.887143
1755407221050,0.291924,-0.041276,9.894321
1755407221052,0.291924,-0.026919,9.870394
1755407221055,0.291924,0.001795,9.858429
1755407221058,0.29671,-0.026919,9.887143
1755407221060,0.282353,-0.017348,9.858429
1755407221063,0.275175,-0.019741,9.875179
1755407221064,0.301496,-0.012562,9.88475
1755407221067,0.253639,-0.002991,9.882358
1755407221069,0.27996,-0.055633,9.868001
1755407221072,0.241675,-0.017348,9.887143
1755407221075,0.272782,-0.007777,9.88475
1755407221077,0.291924,-0.010169,9.870394
1755407221079,0.291924,-0.007777,9.882358
1755407221082,0.301496,-0.022134,9.879965
1755407221084,0.287139,-0.014955,9.872787
1755407221086,0.263211,-0.026919,9.877572
1755407221088,0.287139,-0.041276,9.896714
1755407221092,0.244068,-0.019741,9.877572
1755407221093,0.263211,-0.002991,9.868001
1755407221096,0.289532,-0.000598,9.88475
1755407221098,0.31346,-0.010169,9.896714
1755407221101,0.31346,0.004187,9.877572
1755407221103,0.256032,-0.026919,9.879965
1755407221105,0.256032,-0.014955,9.863214
1755407221109,0.258425,-0.034098,9.860822
1755407221111,0.284746,-0.017348,9.872787
1755407221113,0.267996,-0.050847,9.870394
1755407221115,0.289532,-0.017348,9.868001
1755407221117,0.246461,-0.005384,9.887143
1755407221119,0.267996,-0.05324,9.882358
1755407221122,0.291924,-0.002991,9.899107
1755407221126,0.289532,-0.026919,9.88475
1755407221127,0.260818,-0.034098,9.872787
1755407221129,0.301496,-0.031705,9.796216
1755407221131,0.301496,-0.010169,9.990334
1755407221134,0.301496,-0.026919,9.891929
1755407221136,0.246461,-0.024526,9.925428
1755407221139,0.265603,-0.029312,9.82493
1755407221143,0.253639,-0.026919,9.82493
1755407221145,0.303888,-0.017348,9.930214
1755407221146,0.315853,-0.036491,9.908679
1755407221148,0.301496,-0.019741,9.84168
1755407221151,0.27996,-0.022134,9.915857
1755407221153,0.272782,-0.05324,9.851251
1755407221155,0.27996,-0.041276,9.860822
1755407221160,0.263211,-0.017348,9.889536
1755407221161,0.303888,-0.022134,9.887143
1755407221163,0.287139,-0.005384,9.851251
1755407221165,0.303888,-0.048455,9.944571
1755407221168,0.301496,-0.005384,9.889536
1755407221170,0.287139,-0.024526,9.810573
1755407221173,0.29671,-0.05324,9.903893
1755407221175,0.325424,-0.029312,9.913465
1755407221177,0.272782,-0.012562,9.851251
1755407221180,0.287139,-0.019741,9.789038
1755407221182,0.284746,-0.038883,10.05494
1755407221184,0.27996,-0.041276,9.784252
1755407221187,0.282353,-0.017348,9.817751
1755407221189,0.265603,-0.029312,9.899107
1755407221191,0.315853,-0.026919,9.983155
1755407221195,0.27996,-0.010169,9.872787
1755407221197,0.284746,-0.014955,9.846465
1755407221199,0.315853,-0.007777,9.913465
1755407221201,0.272782,-0.031705,9.822537
1755407221204,0.275175,-0.005384,9.868001
1755407221206,0.263211,-0.029312,9.860822
1755407221208,0.311067,-0.017348,9.858429
1755407221211,0.306281,-0.029312,9.887143
1755407221213,0.267996,-0.010169,9.872787
1755407221215,0.332602,-0.007777,9.954441
1755407221218,0.301496,-0.026919,9.844072
1755407221220,0.327817,-0.038883,9.860822
1755407221223,0.289532,-0.043669,9.896714
1755407221225,0.332602,-0.043669,9.927821
1755407221228,0.282353,-0.010169,9.896714
1755407221230,0.251246,-0.012562,9.851251
1755407221232,0.320638,-0.007777,9.908679
1755407221234,0.260818,-0.029312,9.875179
1755407221237,0.284746,-0.036491,9.834501
1755407221239,0.282353,-0.022134,9.870394
1755407221242,0.291924,-0.034098,9.882358
1755407221245,0.27996,-0.029312,9.879965
1755407221248,0.294317,-0.026919,9.760324
1755407221249,0.308674,-0.017348,10.081261
1755407221251,0.363709,-0.000598,9.659825
1755407221254,0.239282,-0.072383,10.093225
1755407221256,0.361316,0.035294,9.760324
1755407221258,0.236889,-0.019741,10.064511
1755407221261,0.327817,0.004187,9.765109
1755407221263,0.236889,-0.036491,9.937392
1755407221266,0.31346,-0.074776,9.793823
1755407221268,0.256032,-0.019741,9.937392
1755407221270,0.303888,-0.026919,9.80818
1755407221273,0.291924,-0.024526,9.822537
1755407221275,0.246461,0.004187,10.021441
1755407221278,0.351745,0.008973,9.822537
1755407221280,0.232104,-0.031705,9.97837
1755407221282,0.303888,-0.007777,9.767502
1755407221285,0.277567,-0.050847,9.964012
1755407221287,0.277567,-0.089133,9.769895
1755407221290,0.248854,-0.007777,9.949656
1755407221292,0.287139,-0.014955,9.875179
1755407221296,0.299103,-0.007777,9.769895
1755407221297,0.263211,-0.014955,10.069297
1755407221299,0.339781,0.032901,9.851251
1755407221302,0.287139,-0.058026,9.899107
1755407221304,0.294317,-0.031705,9.817751
1755407221306,0.253639,-0.019741,9.934999
1755407221309,0.284746,-0.077169,9.779466
1755407221313,0.299103,-0.029312,9.822537
1755407221315,0.284746,0.013759,10.042975
1755407221317,0.320638,0.018544,9.887143
1755407221319,0.267996,-0.036491,9.911072
1755407221321,0.301496,-0.024526,9.803394
1755407221323,0.251246,-0.036491,9.944571
1755407221325,0.303888,-0.065204,9.753145
1755407221329,0.301496,-0.012562,9.853643
1755407221331,0.270389,0.00658,10.021441
1755407221333,0.339781,-0.005384,9.769895
1755407221335,0.260818,-0.043669,10.002297
1755407221337,0.291924,0.018544,9.82493
1755407221340,0.253639,-0.038883,9.913465
1755407221342,0.332602,-0.012562,9.812965
1755407221348,0.299103,0.001795,9.956834
1755407221351,0.332602,-0.029312,9.82493
1755407221353,0.270389,-0.029312,9.964012
1755407221355,0.342174,-0.05324,9.801002
1755407221356,0.256032,-0.002991,9.961619
1755407221358,0.342174,-0.017348,9.834501
1755407221360,0.239282,-0.019741,9.952048
1755407221365,0.337388,-0.055633,9.805787
1755407221367,0.222533,-0.029312,9.997512
1755407221368,0.344566,-0.010169,9.738789
1755407221369,0.183948,-0.050847,10.047761
1755407221371,0.366102,-0.034098,9.683753
1755407221373,0.191127,-0.043669,10.069297
1755407221376,0.363709,0.013759,9.640682
1755407221378,0.191127,-0.048455,10.100404
1755407221381,0.363709,0.00658,9.702896
1755407221383,0.272782,-0.074776,10.021441
1755407221385,0.318245,0.011366,9.79143
1755407221388,0.294317,-0.055633,9.930214
1755407221390,0.260818,-0.012562,9.903893
1755407221392,0.315853,-0.007777,9.839287
1755407221395,0.251246,-0.007777,9.920643
1755407221397,0.318245,-0.029312,9.836894
1755407221400,0.260818,-0.031705,9.911072
1755407221402,0.303888,-0.036491,9.844072
1755407221404,0.318245,-0.024526,9.915857
1755407221407,0.311067,-0.038883,9.870394
1755407221409,0.270389,-0.029312,9.920643
1755407221412,0.325424,-0.017348,9.875179
1755407221415,0.251246,-0.046062,9.930214
1755407221419,0.29671,-0.000598,9.851251
1755407221420,0.239282,-0.034098,9.908679
1755407221422,0.291924,-0.029312,9.875179
1755407221424,0.303888,-0.014955,9.870394
1755407221426,0.265603,-0.031705,9.877572
1755407221429,0.294317,-0.031705,9.896714
1755407221431,0.308674,-0.036491,9.913465
1755407221433,0.306281,-0.012562,9.882358
1755407221436,0.284746,-0.022134,9.870394
1755407221438,0.303888,-0.019741,9.956834
1755407221440,0.263211,-0.024526,9.812965
1755407221443,0.306281,-0.046062,9.956834
1755407221445,0.248854,-0.005384,9.805787
1755407221448,0.277567,0.004187,9.879965
1755407221451,0.306281,0.013759,9.829716
1755407221453,0.277567,-0.007777,9.846465
1755407221455,0.265603,-0.019741,9.870394
1755407221457,0.282353,-0.022134,9.889536
1755407221460,0.275175,-0.026919,9.863214
1755407221463,0.27996,-0.034098,9.891929
1755407221466,0.229711,-0.014955,9.894321
1755407221468,0.272782,-0.014955,9.891929
1755407221469,0.332602,-0.024526,9.887143
1755407221472,0.289532,-0.005384,9.858429
1755407221474,0.308674,-0.022134,9.863214
1755407221476,0.27996,-0.036491,9.875179
1755407221479,0.277567,-0.017348,9.872787
1755407221482,0.27996,-0.026919,9.889536
1755407221484,0.301496,-0.019741,9.887143
1755407221487,0.275175,-0.005384,9.879965
1755407221488,0.275175,-0.038883,9.875179
1755407221491,0.284746,-0.002991,9.870394
1755407221494,0.277567,-0.017348,9.882358
1755407221496,0.265603,-0.014955,9.896714
1755407221499,0.263211,-0.012562,9.889536
1755407221501,0.294317,-0.024526,9.894321
1755407221503,0.306281,-0.007777,9.870394
1755407221505,0.29671,0.00658,9.894321
1755407221508,0.27996,-0.022134,9.872787
1755407221510,0.284746,0.001795,9.889536
1755407221513,0.289532,-0.024526,9.877572
1755407221516,0.258425,-0.017348,9.887143
1755407221518,0.303888,-0.031705,9.88475
1755407221520,0.308674,-0.002991,9.875179
1755407221522,0.29671,-0.005384,9.858429
1755407221525,0.294317,-0.012562,9.853643
1755407221527,0.27996,-0.034098,9.875179
1755407221529,0.294317,-0.034098,9.877572
1755407221532,0.294317,-0.007777,9.887143
1755407221535,0.275175,-0.010169,9.868001
1755407221536,0.294317,-0.014955,9.908679
1755407221539,0.301496,-0.038883,9.894321
1755407221542,0.299103,-0.000598,9.889536
1755407221543,0.272782,-0.034098,9.875179
1755407221546,0.282353,-0.034098,9.858429
1755407221548,0.272782,-0.036491,9.891929
1755407221551,0.282353,-0.031705,9.870394
1755407221553,0.287139,-0.024526,9.882358
1755407221555,0.267996,-0.010169,9.868001
1755407221558,0.267996,-0.012562,9.848858
1755407221560,0.289532,-0.038883,9.906285
1755407221563,0.27996,-0.019741,9.952048
1755407221565,0.315853,-0.041276,9.801002
1755407221568,0.308674,0.004187,9.896714
1755407221570,0.294317,-0.038883,9.903893
1755407221572,0.306281,-0.026919,9.853643
1755407221575,0.27996,-0.081954,9.882358
1755407221577,0.301496,0.071186,9.891929
1755407221581,0.272782,-0.005384,9.772287
1755407221582,0.217747,-0.048455,10.095618
1755407221585,0.382852,-0.024526,9.690931
1755407221588,0.181555,-0.026919,10.119546
1755407221589,0.378066,-0.007777,9.623933
1755407221591,0.19352,-0.055633,10.143475
1755407221594,0.401994,0.011366,9.607183
1755407221597,0.195912,-0.029312,10.162617
1755407221599,0.358923,0.00658,9.602397
1755407221601,0.169591,-0.05324,10.179367
1755407221603,0.418744,-0.002991,9.597611
1755407221606,0.162413,-0.060419,10.188938
1755407221608,0.366102,0.032901,9.592826
1755407221610,0.188734,-0.060419,10.167402
1755407221613,0.342174,0.030508,9.647861
1755407221616,0.210568,-0.048455,10.11476
1755407221619,0.358923,-0.024526,9.638289
1755407221620,0.212961,-0.022134,10.086046
1755407221623,0.37328,-0.007777,9.657433
1755407221625,0.20339,-0.077169,10.11476
1755407221627,0.409173,-0.024526,9.650253
1755407221630,0.241675,-0.043669,10.124331
1755407221632,0.404387,0.011366,9.616755
1755407221635,0.246461,-0.062812,10.121939
1755407221637,0.354138,0.00658,9.650253
1755407221639,0.205783,-0.062812,10.124331
1755407221642,0.361316,0.00658,9.664611
1755407221644,0.210568,-0.050847,10.117153
1755407221647,0.370888,0.030508,9.659825
1755407221649,0.232104,-0.041276,10.090832
1755407221652,0.361316,0.016152,9.695718
1755407221654,0.244068,-0.05324,10.07169
1755407221657,0.299103,0.013759,9.700503
1755407221659,0.272782,-0.055633,10.016655
1755407221661,0.299103,-0.007777,9.767502
1755407221664,0.299103,-0.043669,9.995119
1755407221666,0.267996,-0.017348,9.812965
1755407221669,0.272782,0.001795,9.932607
1755407221671,0.294317,-0.019741,9.882358
1755407221673,0.311067,-0.029312,9.903893
1755407221675,0.27996,-0.014955,9.887143
1755407221678,0.301496,-0.046062,9.906285
1755407221680,0.267996,-0.024526,9.84168
1755407221683,0.272782,0.025723,9.856036
1755407221686,0.275175,-0.026919,9.944571
1755407221688,0.308674,-0.017348,9.870394
1755407221690,0.299103,-0.038883,9.894321
1755407221693,0.301496,-0.024526,9.836894
1755407221694,0.31346,-0.002991,9.952048
1755407221698,0.299103,-0.002991,9.868001
1755407221699,0.303888,-0.026919,9.872787
1755407221702,0.287139,-0.029312,9.906285
1755407221705,0.299103,0.013759,9.88475
1755407221707,0.27996,-0.010169,9.877572
1755407221709,0.29671,-0.029312,9.832108
1755407221711,0.308674,-0.031705,9.920643
1755407221714,0.306281,-0.017348,9.860822
1755407221716,0.299103,-0.026919,9.9015
1755407221718,0.263211,0.013759,9.894321
1755407221721,0.294317,-0.050847,9.865608
1755407221723,0.301496,-0.031705,9.877572
1755407221726,0.294317,-0.017348,9.894321
1755407221728,0.272782,-0.038883,9.887143
1755407221730,0.277567,0.004187,9.872787
1755407221733,0.303888,-0.002991,9.872787
1755407221735,0.318245,-0.034098,9.877572
1755407221738,0.265603,-0.022134,9.894321
1755407221740,0.270389,-0.034098,9.863214
1755407221742,0.256032,-0.022134,9.865608
1755407221745,0.299103,-0.026919,9.88475
1755407221747,0.27996,-0.002991,9.88475
1755407221749,0.27996,-0.007777,9.889536
1755407221752,0.349352,-0.026919,9.88475
1755407221754,0.277567,-0.026919,9.875179
1755407221757,0.299103,-0.022134,9.906285
1755407221759,0.306281,-0.036491,9.908679
1755407221762,0.287139,-0.055633,9.870394
1755407221764,0.277567,-0.029312,9.882358
1755407221766,0.267996,-0.046062,9.899107
1755407221769,0.291924,-0.031705,9.891929
1755407221771,0.265603,-0.036491,9.891929
1755407221773,0.27996,-0.026919,9.88475
1755407221776,0.282353,0.011366,9.887143
1755407221779,0.294317,-0.024526,9.88475
1755407221781,0.272782,-0.022134,9.875179
1755407221784,0.323031,-0.012562,9.846465
1755407221786,0.256032,-0.012562,9.858429
1755407221789,0.284746,-0.012562,9.875179
1755407221791,0.232104,-0.055633,9.920643
1755407221793,0.31346,-0.024526,9.844072
1755407221795,0.258425,-0.007777,9.906285
1755407221798,0.282353,-0.017348,9.88475
1755407221800,0.287139,0.008973,9.865608
1755407221802,0.263211,-0.012562,9.908679
1755407221805,0.282353,-0.010169,9.865608
1755407221808,0.289532,-0.036491,9.860822
1755407221809,0.287139,-0.026919,9.839287
1755407221812,0.301496,-0.022134,9.868001
1755407221815,0.289532,0.001795,9.920643
1755407221817,0.284746,-0.036491,9.887143
1755407221819,0.301496,-0.038883,9.887143
1755407221822,0.332602,-0.017348,9.906285
1755407221825,0.33021,-0.050847,9.930214
1755407221826,0.301496,-0.014955,9.803394
1755407221829,0.289532,-0.029312,9.906285
1755407221832,0.277567,-0.031705,9.865608
1755407221833,0.303888,-0.024526,9.858429
1755407221836,0.291924,-0.014955,9.836894
1755407221839,0.327817,-0.026919,9.879965
1755407221842,0.291924,-0.000598,9.906285
1755407221844,0.303888,-0.005384,9.863214
1755407221845,0.277567,-0.05324,9.913465
1755407221848,0.275175,-0.034098,9.844072
1755407221850,0.270389,-0.022134,9.913465
1755407221852,0.29671,0.001795,9.834501
1755407221856,0.251246,-0.017348,9.913465
1755407221858,0.27996,-0.034098,9.908679
1755407221860,0.315853,-0.017348,9.872787
1755407221862,0.29671,-0.060419,9.911072
1755407221865,0.270389,0.004187,9.863214
1755407221867,0.270389,-0.041276,9.88475
1755407221869,0.282353,-0.010169,9.879965
1755407221872,0.263211,-0.029312,9.863214
1755407221874,0.287139,-0.029312,9.920643
1755407221876,0.265603,-0.036491,9.923036
1755407221881,0.272782,-0.029312,9.839287
1755407221882,0.253639,-0.041276,10.002297
1755407221884,0.320638,0.04008,9.796216
1755407221887,0.287139,-0.062812,9.896714
1755407221890,0.265603,-0.041276,10.016655
1755407221891,0.370888,0.073579,9.772287
1755407221893,0.217747,-0.046062,9.851251
1755407221896,0.244068,-0.043669,9.987941
1755407221898,0.366102,0.042473,9.702896
1755407221901,0.171984,-0.091525,9.925428
1755407221903,0.308674,0.013759,9.97837
1755407221905,0.346959,0.037687,9.810573
1755407221908,0.188734,-0.065204,9.973584
1755407221910,0.39003,0.025723,9.80818
1755407221912,0.267996,-0.017348,9.84168
1755407221915,0.198604,-0.046062,10.045368
1755407221917,0.411565,0.013759,9.719646
1755407221920,0.19352,-0.10349,9.937392
1755407221922,0.308674,0.013759,10.009477
1755407221925,0.339781,-0.017348,9.789038
1755407221929,0.167198,-0.110668,10.00469
1755407221930,0.342174,0.030508,9.741181
1755407221932,0.301496,-0.050847,9.789038
1755407221934,0.183948,-0.005384,10.052547
1755407221936,0.397209,0.032901,9.801002
1755407221939,0.217747,-0.10349,10.035797
1755407221942,0.325424,0.018544,9.846465
1755407221944,0.31346,-0.012562,9.690931
1755407221946,0.191127,-0.031705,10.035797
1755407221949,0.380459,0.066401,9.784252
1755407221951,0.212961,-0.105882,10.009477
1755407221953,0.320638,-0.024526,9.896714
1755407221955,0.375673,-0.017348,9.690931
1755407221958,0.181555,-0.041276,10.062119
1755407221961,0.401994,0.05683,9.80818
1755407221963,0.224925,-0.084347,10.007083
1755407221966,0.303888,0.016152,9.810573
1755407221968,0.325424,-0.034098,9.724431
1755407221970,0.205783,-0.072383,10.090832
1755407221972,0.397209,0.018544,9.664611
1755407221975,0.186341,-0.046062,10.062119
1755407221977,0.349352,0.011366,9.80818
1755407221980,0.258425,-0.067597,9.975977
1755407221983,0.236889,0.011366,9.920643
1755407221984,0.346959,-0.012562,9.74836
1755407221987,0.22014,-0.043669,9.995119
1755407221990,0.370888,0.020937,9.693324
1755407221992,0.239282,-0.077169,10.040583
1755407221995,0.31346,-0.002991,9.719646
1755407221997,0.200997,-0.062812,10.026226
1755407221999,0.301496,-0.038883,9.801002
1755407222002,0.248854,-0.062812,9.964012
1755407222004,0.282353,0.032901,9.848858
1755407222006,0.308674,-0.012562,9.91825
1755407222009,0.27996,0.001795,9.865608
1755407222011,0.323031,-0.050847,9.88475
1755407222013,0.31346,-0.014955,9.887143
1755407222016,0.277567,-0.041276,9.877572
1755407222018,0.287139,0.025723,9.863214
1755407222021,0.277567,-0.002991,9.908679
1755407222023,0.277567,-0.002991,9.865608
1755407222026,0.33021,-0.05324,9.88475
1755407222028,0.263211,-0.005384,9.832108
1755407222030,0.291924,-0.019741,9.942178
1755407222033,0.260818,0.001795,9.793823
1755407222035,0.275175,-0.046062,10.019048
1755407222037,0.303888,-0.007777,9.777073
1755407222040,0.244068,-0.029312,10.047761
1755407222044,0.320638,0.020937,9.777073
1755407222046,0.260818,-0.019741,10.035797
1755407222047,0.315853,-0.010169,9.817751
1755407222049,0.270389,-0.041276,9.930214
1755407222051,0.306281,-0.046062,9.760324
1755407222054,0.282353,0.008973,9.942178
1755407222056,0.291924,-0.050847,9.80818
1755407222060,0.301496,-0.055633,9.848858
1755407222061,0.263211,-0.048455,10.009477
1755407222064,0.318245,0.032901,9.798609
1755407222066,0.232104,0.004187,10.016655
1755407222068,0.303888,-0.024526,9.717253
1755407222071,0.277567,-0.062812,9.942178
1755407222073,0.299103,-0.058026,9.84168
1755407222075,0.287139,-0.010169,9.930214
1755407222078,0.246461,0.020937,9.983155
1755407222080,0.282353,-0.024526,9.84168
1755407222083,0.253639,-0.050847,9.889536
1755407222085,0.272782,-0.062812,9.772287
1755407222087,0.277567,-0.034098,9.879965
1755407222090,0.284746,0.037687,10.007083
1755407222094,0.29671,0.064008,9.856036
1755407222095,0.241675,-0.024526,9.925428
1755407222098,0.294317,-0.120239,9.743574
1755407222099,0.318245,-0.050847,9.975977
1755407222102,0.260818,0.073579,9.995119
1755407222105,0.284746,0.049651,9.760324
1755407222107,0.246461,-0.115454,9.882358
1755407222109,0.318245,-0.120239,9.896714
1755407222112,0.308674,0.020937,9.939785
1755407222114,0.244068,0.054437,9.920643
1755407222117,0.301496,-0.074776,9.731609
1755407222119,0.287139,-0.122632,9.942178
1755407222122,0.311067,-0.000598,9.947263
1755407222124,0.31346,0.049651,9.817751
1755407222128,0.265603,-0.096311,9.894321
1755407222131,0.31346,-0.096311,9.913465
1755407222132,0.301496,0.032901,9.877572
1755407222133,0.270389,0.013759,9.853643
1755407222135,0.303888,-0.096311,9.829716
1755407222138,0.299103,-0.046062,9.975977
1755407222140,0.272782,0.059222,9.927821
1755407222142,0.272782,0.020937,9.750752
1755407222147,0.267996,-0.101097,9.9015
1755407222148,0.320638,-0.062812,9.952048
1755407222150,0.263211,0.059222,9.801002
1755407222152,0.222533,0.028116,9.906285
1755407222155,0.270389,-0.072383,9.906285
1755407222157,0.308674,-0.050847,9.84168
1755407222159,0.234497,0.037687,9.980762
1755407222162,0.308674,0.025723,9.760324
1755407222164,0.275175,-0.084347,9.887143
1755407222167,0.29671,-0.060419,9.923036
1755407222169,0.301496,0.066401,9.851251
1755407222171,0.289532,-0.005384,9.9015
1755407222174,0.320638,-0.101097,9.779466
1755407222176,0.303888,-0.019741,9.983155
1755407222179,0.277567,0.078365,9.911072
1755407222181,0.291924,-0.022134,9.777073
1755407222183,0.29671,-0.108275,9.891929
1755407222186,0.303888,-0.024526,9.968799
1755407222188,0.267996,0.078365,9.836894
1755407222190,0.275175,-0.000598,9.894321
1755407222194,0.332602,-0.098704,9.798609
1755407222197,0.258425,-0.034098,9.913465
1755407222198,0.232104,0.025723,10.019048
1755407222201,0.289532,0.028116,9.79143
1755407222203,0.248854,-0.036491,9.889536
1755407222205,0.29671,-0.079561,9.796216
1755407222207,0.289532,-0.022134,9.860822
1755407222210,0.27996,0.049651,10.009477
1755407222213,0.31346,0.064008,9.784252
1755407222215,0.256032,-0.046062,9.997512
1755407222217,0.272782,-0.091525,9.74836
1755407222219,0.272782,-0.029312,9.920643
1755407222222,0.311067,0.013759,9.865608
1755407222224,0.289532,0.02333,9.877572
1755407222227,0.311067,-0.031705,9.906285
1755407222229,0.27996,-0.029312,9.836894
1755407222232,0.265603,-0.041276,9.9015
1755407222234,0.270389,-0.041276,9.853643
1755407222236,0.294317,-0.031705,9.908679
1755407222239,0.294317,-0.019741,9.877572
1755407222241,0.291924,-0.002991,9.877572
1755407222244,0.29671,-0.031705,9.851251
1755407222246,0.275175,-0.031705,9.875179
1755407222249,0.272782,-0.005384,9.9015
1755407222252,0.303888,0.008973,9.9015
1755407222253,0.27996,-0.014955,9.925428
1755407222255,0.265603,-0.024526,9.870394
1755407222257,0.289532,-0.031705,9.836894
1755407222260,0.248854,-0.010169,9.839287
1755407222262,0.325424,0.001795,9.97837
1755407222265,0.303888,-0.055633,9.860822
1755407222269,0.248854,-0.031705,9.796216
1755407222270,0.27996,-0.038883,9.891929
1755407222272,0.320638,-0.010169,9.932607
1755407222274,0.272782,0.013759,9.853643
1755407222277,0.267996,-0.012562,9.906285
1755407222279,0.287139,-0.007777,9.836894
1755407222282,0.277567,-0.019741,9.903893
1755407222284,0.301496,0.016152,9.839287
1755407222286,0.282353,-0.002991,9.9015
1755407222289,0.29671,-0.019741,9.868001
1755407222291,0.289532,-0.022134,9.923036
1755407222293,0.289532,-0.024526,9.872787
1755407222296,0.263211,-0.019741,9.920643
1755407222300,0.325424,-0.012562,9.724431
1755407222301,0.188734,-0.048455,10.083653
1755407222303,0.351745,0.020937,9.762716
1755407222306,0.224925,-0.007777,9.971191
1755407222308,0.244068,-0.055633,9.741181
1755407222310,0.27996,-0.072383,9.860822
1755407222313,0.275175,-0.017348,9.97837
1755407222315,0.299103,0.04008,9.913465
1755407222318,0.282353,0.025723,9.968799
1755407222320,0.311067,-0.038883,9.762716
1755407222323,0.236889,-0.115454,9.88475
1755407222325,0.318245,-0.050847,9.829716
1755407222327,0.308674,0.071186,9.930214
1755407222329,0.275175,0.075972,10.064511
1755407222332,0.287139,0.001795,9.731609
1755407222334,0.275175,-0.089133,9.887143
1755407222336,0.287139,-0.081954,9.801002
1755407222339,0.308674,0.013759,9.971191
1755407222342,0.277567,0.083151,9.971191
1755407222344,0.289532,-0.007777,9.812965
1755407222346,0.270389,-0.093918,9.891929
1755407222349,0.320638,-0.060419,9.82493
1755407222351,0.287139,-0.014955,9.903893
1755407222353,0.282353,0.028116,9.985548
1755407222356,0.363709,0.025723,9.834501
1755407222358,0.284746,-0.034098,9.906285
1755407222361,0.311067,-0.050847,9.822537
1755407222363,0.277567,-0.029312,9.920643
1755407222366,0.284746,-0.005384,9.872787
1755407222370,0.287139,-0.002991,9.894321
1755407222371,0.29671,-0.038883,9.915857
1755407222373,0.27996,-0.022134,9.858429
1755407222375,0.256032,-0.036491,9.906285
1755407222377,0.29671,-0.000598,9.903893
1755407222380,0.267996,-0.012562,9.894321
1755407222383,0.291924,-0.022134,9.865608
1755407222385,0.27996,-0.022134,9.899107
1755407222387,0.265603,-0.038883,9.925428
1755407222390,0.287139,-0.007777,9.865608
1755407222392,0.272782,-0.017348,9.906285
1755407222394,0.287139,-0.012562,9.865608
1755407222396,0.318245,-0.012562,9.863214
1755407222400,0.291924,-0.036491,9.903893
1755407222403,0.289532,0.001795,9.887143
1755407222404,0.291924,-0.019741,9.906285
1755407222406,0.270389,-0.005384,9.860822
1755407222408,0.260818,-0.014955,9.875179
1755407222411,0.287139,-0.019741,9.846465
1755407222413,0.289532,-0.031705,9.858429
1755407222416,0.291924,-0.026919,9.863214
1755407222419,0.282353,-0.019741,9.911072
1755407222420,0.272782,-0.029312,9.903893
1755407222423,0.256032,-0.014955,9.875179
1755407222425,0.289532,-0.024526,9.889536
1755407222427,0.282353,-0.024526,9.887143
1755407222430,0.284746,-0.038883,9.887143
1755407222432,0.294317,-0.029312,9.846465
1755407222435,0.282353,-0.036491,9.930214
1755407222437,0.29671,-0.022134,9.836894
1755407222440,0.265603,-0.031705,9.906285
1755407222443,0.282353,-0.024526,9.870394
1755407222444,0.284746,-0.002991,9.863214
1755407222447,0.258425,-0.019741,9.875179
1755407222449,0.301496,-0.014955,9.894321
1755407222452,0.301496,-0.022134,9.777073
1755407222454,0.272782,-0.026919,10.011869
1755407222457,0.320638,-0.002991,9.846465
1755407222459,0.282353,-0.060419,9.875179
1755407222461,0.306281,-0.034098,9.786645
1755407222464,0.289532,-0.048455,9.966406
1755407222466,0.270389,-0.010169,9.805787
1755407222470,0.253639,-0.005384,10.050154
1755407222473,0.334995,0.028116,9.786645
1755407222475,0.263211,-0.034098,9.985548
1755407222476,0.31346,0.016152,9.851251
1755407222478,0.246461,-0.034098,9.959227
1755407222480,0.325424,-0.036491,9.851251
1755407222483,0.251246,0.008973,9.836894
1755407222485,0.320638,-0.029312,9.829716
1755407222487,0.267996,-0.005384,9.80818
1755407222490,0.287139,-0.058026,9.934999
1755407222493,0.29671,0.001795,9.863214
1755407222495,0.287139,-0.055633,9.913465
1755407222497,0.284746,-0.000598,9.836894
1755407222500,0.260818,-0.026919,9.851251
1755407222503,0.294317,-0.019741,9.891929
1755407222505,0.27996,-0.029312,9.942178
1755407222507,0.284746,-0.017348,9.865608
1755407222509,0.248854,-0.010169,10.016655
1755407222512,0.303888,0.011366,9.657433
1755407222514,0.234497,0.004187,10.042975
1755407222516,0.308674,0.016152,9.812965
1755407222519,0.222533,-0.019741,10.016655
1755407222521,0.351745,-0.005384,9.71486
1755407222524,0.239282,-0.024526,9.930214
1755407222526,0.306281,-0.036491,9.815358
1755407222529,0.260818,-0.005384,9.879965
1755407222531,0.27996,-0.026919,9.906285
1755407222533,0.287139,0.001795,9.844072
1755407222536,0.263211,-0.058026,9.858429
1755407222538,0.311067,-0.029312,9.817751
1755407222540,0.241675,-0.007777,9.990334
1755407222543,0.339781,0.00658,9.731609
1755407222545,0.229711,-0.043669,10.078868
1755407222548,0.306281,-0.000598,9.863214
1755407222550,0.272782,-0.029312,9.956834
1755407222553,0.303888,-0.029312,9.674182
1755407222556,0.272782,-0.014955,9.868001
1755407222557,0.306281,-0.010169,9.944571
1755407222560,0.318245,-0.017348,9.91825
1755407222562,0.27996,-0.055633,9.860822
1755407222565,0.301496,-0.036491,9.851251
1755407222567,0.27996,-0.034098,9.906285
1755407222570,0.315853,-0.012562,9.736395
1755407222572,0.277567,-0.041276,10.109975
1755407222574,0.332602,0.004187,9.84168
1755407222577,0.244068,-0.034098,9.865608
1755407222579,0.303888,-0.029312,9.801002
1755407222581,0.320638,-0.017348,9.930214
1755407222583,0.303888,-0.031705,9.863214
1755407222587,0.289532,0.011366,9.760324
1755407222591,0.263211,0.00658,10.023833
1755407222592,0.320638,-0.002991,9.913465
1755407222594,0.289532,-0.031705,9.860822
1755407222595,0.299103,-0.048455,9.757931
1755407222598,0.287139,-0.031705,9.980762
1755407222600,0.289532,-0.000598,9.875179
1755407222604,0.303888,0.059222,9.822537
1755407222606,0.275175,0.020937,10.047761
1755407222607,0.294317,-0.031705,9.700503
1755407222610,0.251246,-0.093918,9.812965
1755407222612,0.294317,-0.058026,9.844072
1755407222614,0.282353,-0.019741,9.882358
1755407222617,0.299103,0.059222,10.124331
1755407222621,0.318245,0.052044,9.848858
1755407222622,0.272782,-0.055633,9.786645
1755407222624,0.27996,-0.108275,9.760324
1755407222627,0.287139,-0.077169,9.930214
1755407222629,0.308674,0.018544,9.932607
1755407222631,0.29671,0.092722,9.947263
1755407222634,0.246461,0.018544,9.829716
1755407222637,0.275175,-0.110668,9.80818
1755407222639,0.272782,-0.10349,9.952048
1755407222641,0.27996,-0.024526,9.817751
1755407222643,0.27996,0.037687,9.990334
1755407222646,0.267996,0.054437,9.865608
1755407222648,0.272782,-0.05324,9.891929
1755407222650,0.277567,-0.050847,9.822537
1755407222653,0.29671,-0.029312,9.827323
1755407222656,0.241675,0.008973,9.985548
1755407222658,0.323031,0.037687,9.851251
1755407222660,0.265603,-0.019741,9.915857
1755407222663,0.303888,-0.012562,9.784252
1755407222665,0.260818,-0.05324,9.937392
1755407222667,0.31346,0.001795,9.870394
1755407222670,0.29671,-0.010169,9.812965
1755407222673,0.263211,-0.058026,9.930214
1755407222675,0.33021,0.008973,9.865608
1755407222677,0.22014,-0.010169,9.906285
1755407222679,0.282353,-0.017348,9.860822
1755407222682,0.299103,-0.029312,9.930214
1755407222685,0.272782,0.008973,9.879965
1755407222687,0.287139,-0.014955,9.77468
1755407222689,0.289532,-0.062812,9.961619
1755407222691,0.311067,-0.024526,9.872787
1755407222694,0.246461,-0.012562,9.887143
1755407222696,0.267996,-0.038883,9.899107
1755407222698,0.318245,-0.026919,9.863214
1755407222701,0.258425,-0.019741,9.954441
1755407222703,0.311067,0.00658,9.784252
1755407222706,0.275175,-0.062812,9.949656
1755407222710,0.315853,-0.048455,9.863214
1755407222711,0.291924,-0.007777,9.911072
1755407222713,0.239282,0.018544,9.891929
1755407222715,0.315853,0.00658,9.858429
1755407222717,0.27996,-0.048455,9.911072
1755407222720,0.284746,-0.050847,9.848858
1755407222723,0.260818,-0.012562,9.887143
1755407222725,0.258425,-0.048455,9.870394
1755407222727,0.301496,-0.014955,9.920643
1755407222730,0.303888,-0.012562,9.856036
1755407222732,0.27996,-0.036491,9.88475
1755407222734,0.284746,-0.024526,9.88475
1755407222737,0.275175,-0.024526,9.856036
1755407222740,0.303888,-0.005384,9.88475
1755407222742,0.27996,-0.014955,9.88475
1755407222744,0.303888,-0.010169,9.88475
1755407222746,0.299103,-0.026919,9.9015
1755407222749,0.301496,-0.024526,9.872787
1755407222751,0.263211,-0.010169,9.839287
1755407222754,0.251246,-0.026919,9.868001
1755407222757,0.299103,-0.031705,9.879965
1755407222759,0.275175,-0.002991,9.868001
1755407222761,0.253639,-0.029312,9.882358
1755407222763,0.275175,-0.019741,9.88475
1755407222766,0.306281,-0.038883,9.853643
1755407222768,0.263211,-0.017348,9.875179
1755407222770,0.277567,-0.012562,9.887143
1755407222774,0.275175,-0.022134,9.88475
1755407222776,0.289532,0.00658,9.927821
1755407222778,0.31346,-0.017348,9.872787
1755407222780,0.253639,-0.022134,9.891929
1755407222782,0.315853,-0.012562,9.868001
1755407222785,0.282353,0.00658,9.872787
1755407222787,0.284746,-0.002991,9.891929
1755407222790,0.282353,-0.012562,9.903893
1755407222792,0.263211,-0.046062,9.848858
1755407222794,0.29671,-0.019741,9.911072
1755407222798,0.27996,-0.014955,9.894321
1755407222799,0.315853,-0.007777,9.88475
1755407222801,0.308674,0.004187,9.848858
1755407222804,0.289532,-0.024526,9.894321
1755407222806,0.289532,-0.048455,9.889536
1755407222810,0.287139,-0.005384,9.887143
1755407222812,0.284746,-0.002991,9.887143
1755407222813,0.270389,0.00658,9.870394
1755407222816,0.306281,-0.014955,9.875179
1755407222818,0.311067,-0.014955,9.879965
1755407222821,0.275175,-0.014955,9.856036
1755407222823,0.294317,-0.026919,9.887143
1755407222825,0.258425,0.001795,9.877572
1755407222828,0.282353,-0.002991,9.882358
1755407222830,0.287139,-0.036491,9.879965
1755407222833,0.265603,-0.017348,9.875179
1755407222835,0.267996,-0.022134,9.887143
1755407222838,0.315853,0.025723,9.870394
1755407222840,0.291924,0.025723,9.870394
1755407222843,0.323031,-0.002991,9.863214
1755407222845,0.291924,-0.046062,9.889536
1755407222847,0.277567,-0.041276,9.865608
1755407222850,0.275175,-0.043669,9.88475
1755407222852,0.277567,-0.046062,9.891929
1755407222855,0.284746,-0.000598,9.889536
1755407222856,0.270389,-0.029312,9.863214
1755407222859,0.287139,-0.038883,9.9015
1755407222861,0.277567,-0.022134,9.899107
1755407222864,0.284746,-0.029312,9.887143
1755407222866,0.265603,0.00658,9.887143
1755407222868,0.291924,-0.012562,9.877572
1755407222871,0.272782,-0.012562,9.889536
1755407222873,0.311067,-0.046062,9.879965
1755407222876,0.301496,-0.017348,9.868001
1755407222879,0.263211,-0.034098,9.868001
1755407222881,0.301496,0.004187,9.894321
1755407222883,0.263211,-0.007777,9.899107
1755407222885,0.282353,-0.005384,9.9015
1755407222888,0.282353,-0.010169,9.882358
1755407222890,0.306281,0.004187,9.88475
1755407222893,0.275175,-0.017348,9.908679
1755407222895,0.27996,-0.005384,9.891929
1755407222897,0.275175,-0.005384,9.899107
1755407222900,0.33021,-0.031705,9.889536
1755407222902,0.272782,-0.038883,9.875179
1755407222905,0.270389,-0.017348,9.875179
1755407222907,0.275175,-0.034098,9.894321
1755407222910,0.27996,-0.002991,9.889536
1755407222912,0.29671,-0.048455,9.906285
1755407222914,0.284746,-0.029312,9.868001
1755407222916,0.277567,-0.000598,9.856036
1755407222919,0.289532,-0.019741,9.868001
1755407222921,0.267996,-0.034098,9.899107
1755407222924,0.301496,-0.010169,9.865608
1755407222927,0.270389,-0.065204,9.882358
1755407222930,0.260818,-0.036491,9.903893
1755407222931,0.282353,-0.036491,9.882358
1755407222933,0.282353,-0.038883,9.868001
1755407222935,0.289532,-0.017348,9.870394
1755407222938,0.263211,-0.031705,9.882358
1755407222941,0.272782,-0.002991,9.894321
1755407222943,0.275175,-0.005384,9.894321
1755407222946,0.301496,-0.010169,9.870394
1755407222947,0.294317,-0.029312,9.865608
1755407222950,0.248854,-0.012562,9.894321
1755407222953,0.241675,-0.014955,9.877572
1755407222955,0.244068,-0.026919,9.877572
1755407222957,0.311067,-0.005384,9.877572
1755407222961,0.282353,0.020937,9.9015
1755407222963,0.272782,-0.007777,9.899107
1755407222964,0.265603,-0.024526,9.875179
1755407222967,0.270389,-0.010169,9.863214
1755407222969,0.272782,-0.031705,9.891929
1755407222972,0.272782,-0.012562,9.899107
1755407222974,0.275175,-0.000598,9.868001
1755407222976,0.29671,-0.017348,9.882358
1755407222979,0.27996,-0.024526,9.88475
1755407222981,0.270389,-0.026919,9.889536
1755407222984,0.27996,-0.043669,9.868001
1755407222986,0.306281,0.001795,9.865608
1755407222989,0.282353,-0.034098,9.903893
1755407222991,0.27996,-0.017348,9.887143
1755407222993,0.315853,-0.019741,9.860822
1755407222996,0.303888,-0.019741,9.894321
1755407222998,0.258425,-0.000598,9.870394
1755407223001,0.284746,0.00658,9.877572
1755407223003,0.267996,-0.002991,9.915857
1755407223005,0.294317,-0.022134,9.887143
1755407223007,0.27996,-0.022134,9.891929
1755407223010,0.29671,0.001795,9.91825
1755407223013,0.270389,-0.019741,9.863214
1755407223015,0.284746,-0.034098,9.875179
1755407223017,0.263211,-0.017348,9.877572
1755407223019,0.303888,0.00658,9.868001
1755407223022,0.289532,-0.022134,9.853643
1755407223024,0.291924,-0.038883,9.877572
1755407223027,0.291924,-0.031705,9.872787
1755407223029,0.301496,-0.017348,9.865608
1755407223032,0.265603,-0.014955,9.88475
1755407223034,0.253639,-0.024526,9.896714
1755407223036,0.263211,-0.019741,9.882358
1755407223039,0.291924,-0.019741,9.906285
1755407223042,0.277567,-0.038883,9.9015
1755407223044,0.299103,-0.043669,9.889536
1755407223047,0.267996,-0.036491,9.872787
1755407223048,0.277567,-0.005384,9.913465
1755407223052,0.270389,0.013759,9.894321
1755407223053,0.263211,0.001795,9.877572
1755407223056,0.263211,-0.012562,9.877572
1755407223058,0.267996,-0.041276,9.889536
1755407223060,0.27996,-0.007777,9.856036
1755407223063,0.272782,-0.005384,9.868001
1755407223065,0.263211,-0.026919,9.896714
1755407223067,0.284746,-0.031705,9.872787
1755407223070,0.287139,-0.038883,9.868001
1755407223072,0.256032,-0.041276,9.872787
1755407223075,0.253639,-0.017348,9.868001
1755407223077,0.294317,-0.067597,9.882358
1755407223080,0.272782,-0.002991,9.868001
1755407223082,0.27996,-0.007777,9.88475
1755407223084,0.282353,-0.007777,9.889536
1755407223086,0.29671,-0.019741,9.870394
1755407223089,0.260818,-0.014955,9.879965
1755407223091,0.27996,-0.024526,9.870394
1755407223094,0.291924,-0.036491,9.88475
1755407223096,0.308674,-0.012562,9.868001
1755407223099,0.308674,-0.005384,9.887143
1755407223101,0.270389,-0.034098,9.894321
1755407223103,0.301496,-0.007777,9.882358
1755407223106,0.291924,-0.031705,9.882358
1755407223108,0.248854,-0.019741,9.882358
1755407223110,0.284746,-0.012562,9.872787
1755407223114,0.27996,-0.002991,9.88475
1755407223116,0.289532,-0.010169,9.868001
1755407223118,0.272782,-0.031705,9.887143
1755407223120,0.275175,-0.005384,9.88475
1755407223123,0.258425,0.004187,9.868001
1755407223125,0.334995,-0.017348,9.860822
1755407223127,0.303888,-0.024526,9.872787
1755407223131,0.287139,-0.043669,9.891929
1755407223133,0.272782,-0.002991,9.879965
1755407223134,0.29671,-0.010169,9.88475
1755407223137,0.29671,-0.010169,9.879965
1755407223140,0.284746,-0.029312,9.872787
1755407223142,0.289532,-0.022134,9.879965
1755407223144,0.29671,-0.014955,9.896714
1755407223147,0.289532,-0.026919,9.879965
1755407223149,0.27996,-0.010169,9.887143
1755407223152,0.289532,-0.007777,9.879965
1755407223154,0.270389,0.001795,9.865608
1755407223157,0.308674,-0.007777,9.860822
1755407223159,0.291924,-0.007777,9.88475
1755407223161,0.284746,-0.005384,9.882358
1755407223165,0.284746,-0.029312,9.899107
1755407223168,0.27996,-0.019741,9.870394
1755407223169,0.289532,-0.026919,9.870394
1755407223172,0.308674,-0.019741,9.879965
1755407223173,0.308674,-0.026919,9.865608
1755407223175,0.284746,-0.017348,9.877572
1755407223177,0.294317,-0.038883,9.877572
1755407223180,0.284746,-0.024526,9.863214
1755407223183,0.29671,-0.017348,9.894321
1755407223185,0.303888,0.001795,9.872787
1755407223187,0.282353,-0.014955,9.908679
1755407223190,0.311067,-0.026919,9.858429
1755407223192,0.282353,-0.041276,9.894321
1755407223194,0.258425,-0.029312,9.88475
1755407223197,0.275175,-0.014955,9.858429
1755407223200,0.267996,0.004187,9.887143
1755407223202,0.306281,-0.012562,9.827323
1755407223207,0.253639,-0.046062,9.911072
1755407223208,0.275175,-0.024526,9.877572
1755407223210,0.284746,-0.014955,9.906285
1755407223211,0.272782,-0.010169,9.860822
1755407223214,0.270389,0.004187,9.906285
1755407223217,0.289532,-0.026919,9.903893
1755407223219,0.29671,-0.005384,9.846465
1755407223221,0.275175,-0.041276,9.872787
1755407223223,0.265603,-0.038883,9.896714
1755407223226,0.253639,0.001795,9.894321
1755407223228,0.27996,-0.010169,9.88475
1755407223231,0.306281,-0.005384,9.882358
1755407223234,0.301496,0.004187,9.858429
1755407223237,0.301496,-0.002991,9.882358
1755407223239,0.29671,-0.014955,9.88475
1755407223240,0.272782,-0.000598,9.870394
1755407223243,0.294317,-0.031705,9.877572
1755407223245,0.236889,-0.012562,9.882358
1755407223247,0.270389,-0.022134,9.870394
1755407223252,0.277567,-0.014955,9.88475
1755407223254,0.260818,-0.019741,9.891929
1755407223255,0.258425,-0.010169,9.882358
1755407223257,0.287139,-0.014955,9.879965
1755407223259,0.284746,-0.019741,9.896714
1755407223262,0.272782,-0.010169,9.906285
1755407223264,0.265603,-0.014955,9.860822
1755407223267,0.308674,-0.043669,9.894321
1755407223269,0.287139,0.001795,9.887143
1755407223271,0.287139,-0.000598,9.891929
1755407223274,0.277567,0.013759,9.891929
1755407223276,0.253639,0.001795,9.872787
1755407223278,0.260818,-0.010169,9.877572
1755407223282,0.29671,-0.005384,9.875179
1755407223285,0.265603,-0.031705,9.887143
1755407223289,0.327817,-0.038883,9.879965
1755407223290,0.301496,-0.031705,9.882358
1755407223291,0.275175,-0.029312,9.887143
1755407223293,0.236889,-0.026919,9.877572
1755407223295,0.299103,-0.036491,9.88475
1755407223297,0.282353,-0.029312,9.868001
1755407223301,0.308674,-0.029312,9.891929
1755407223303,0.260818,-0.031705,9.875179
1755407223305,0.287139,-0.017348,9.875179
1755407223307,0.289532,0.008973,9.882358
1755407223309,0.263211,-0.038883,9.88475
1755407223312,0.289532,-0.048455,9.879965
1755407223314,0.272782,-0.046062,9.879965
1755407223317,0.308674,-0.002991,9.882358
1755407223320,0.294317,-0.007777,9.879965
1755407223321,0.267996,-0.046062,9.903893
1755407223324,0.294317,-0.017348,9.882358
1755407223327,0.291924,-0.031705,9.872787
1755407223329,0.287139,-0.043669,9.894321
1755407223331,0.320638,-0.000598,9.906285
1755407223333,0.282353,-0.017348,9.9015
1755407223336,0.303888,-0.031705,9.863214
1755407223338,0.27996,-0.019741,9.882358
1755407223341,0.282353,-0.022134,9.887143
1755407223343,0.27996,-0.024526,9.894321
1755407223345,0.270389,-0.046062,9.877572
1755407223348,0.270389,-0.022134,9.856036
1755407223350,0.275175,-0.038883,9.896714
1755407223353,0.291924,-0.031705,9.889536
1755407223355,0.284746,-0.060419,9.875179
1755407223357,0.248854,-0.050847,9.865608
1755407223360,0.311067,-0.022134,9.870394
1755407223363,0.303888,-0.007777,9.906285
1755407223364,0.277567,0.004187,9.891929
1755407223368,0.291924,-0.005384,9.891929
1755407223370,0.267996,-0.036491,9.860822
1755407223374,0.308674,-0.014955,9.915857
1755407223375,0.270389,-0.029312,9.875179
1755407223376,0.29671,-0.014955,9.882358
1755407223379,0.301496,-0.000598,9.889536
1755407223381,0.277567,-0.029312,9.860822
1755407223384,0.260818,-0.055633,9.872787
1755407223386,0.267996,-0.036491,9.875179
1755407223388,0.272782,-0.005384,9.9015
1755407223391,0.270389,-0.000598,9.908679
1755407223393,0.289532,-0.036491,9.887143
1755407223395,0.287139,-0.036491,9.937392
1755407223398,0.29671,-0.038883,9.88475
1755407223401,0.263211,-0.002991,9.891929
1755407223404,0.277567,-0.012562,9.88475
1755407223407,0.267996,-0.022134,9.856036
1755407223408,0.277567,-0.048455,9.889536
1755407223410,0.275175,-0.041276,9.858429
1755407223413,0.299103,-0.012562,9.894321
1755407223415,0.258425,-0.029312,9.875179
1755407223417,0.311067,-0.014955,9.88475
1755407223421,0.306281,-0.026919,9.891929
1755407223423,0.29671,-0.019741,9.913465
1755407223425,0.289532,-0.024526,9.879965
1755407223427,0.277567,-0.034098,9.896714
1755407223429,0.311067,-0.05324,9.872787
1755407223432,0.299103,-0.014955,9.894321
1755407223434,0.294317,-0.024526,9.848858
1755407223437,0.27996,-0.034098,9.903893
1755407223439,0.308674,-0.031705,9.865608
1755407223442,0.291924,-0.000598,9.889536
1755407223444,0.289532,-0.019741,9.877572
1755407223446,0.299103,-0.031705,9.88475
1755407223449,0.267996,-0.031705,9.872787
1755407223451,0.299103,-0.031705,9.896714
1755407223455,0.277567,-0.067597,9.877572
1755407223456,0.282353,-0.024526,9.865608
1755407223459,0.282353,-0.036491,9.889536
1755407223461,0.29671,-0.012562,9.860822
1755407223463,0.265603,-0.041276,9.911072
1755407223465,0.267996,-0.024526,9.870394
1755407223468,0.265603,-0.026919,9.863214
1755407223472,0.275175,-0.034098,9.887143
1755407223473,0.291924,-0.005384,9.88475
1755407223475,0.294317,-0.010169,9.887143
1755407223477,0.258425,-0.014955,9.865608
1755407223480,0.270389,-0.034098,9.882358
1755407223482,0.282353,-0.024526,9.894321
1755407223484,0.256032,-0.036491,9.870394
1755407223489,0.270389,-0.05324,9.870394
1755407223490,0.287139,-0.019741,9.877572
1755407223492,0.272782,-0.010169,9.846465
1755407223494,0.301496,-0.000598,9.879965
1755407223497,0.287139,-0.024526,9.879965
1755407223499,0.282353,-0.005384,9.865608
1755407223501,0.284746,-0.007777,9.896714
1755407223506,0.267996,0.004187,9.872787
1755407223507,0.299103,0.00658,9.906285
1755407223508,0.303888,-0.017348,9.9015
1755407223511,0.258425,-0.024526,9.903893
1755407223513,0.272782,-0.036491,9.889536
1755407223516,0.289532,-0.005384,9.870394
1755407223518,0.287139,-0.017348,9.903893
1755407223521,0.282353,-0.026919,9.877572
1755407223524,0.308674,-0.010169,9.887143
1755407223526,0.294317,-0.012562,9.88475
1755407223528,0.294317,-0.05324,9.879965
1755407223530,0.275175,-0.012562,9.887143
1755407223532,0.29671,-0.005384,9.860822
1755407223535,0.277567,-0.060419,9.908679
1755407223537,0.291924,-0.000598,9.88475
1755407223540,0.291924,-0.017348,9.863214
1755407223542,0.315853,-0.002991,9.915857
1755407223544,0.311067,0.001795,9.848858
1755407223547,0.308674,0.016152,9.930214
1755407223549,0.311067,-0.012562,9.820144
1755407223552,0.303888,-0.014955,9.920643
1755407223554,0.294317,-0.017348,9.836894
1755407223557,0.299103,-0.050847,9.875179
1755407223559,0.311067,-0.029312,9.877572
1755407223561,0.294317,-0.017348,9.88475
1755407223563,0.236889,-0.019741,9.887143
1755407223566,0.265603,-0.005384,9.887143
1755407223568,0.291924,-0.000598,9.875179
1755407223571,0.299103,-0.029312,9.903893
1755407223573,0.31346,-0.019741,9.877572
1755407223576,0.306281,-0.043669,9.870394
1755407223578,0.267996,-0.038883,9.887143
1755407223580,0.263211,-0.022134,9.937392
1755407223583,0.275175,-0.022134,9.844072
1755407223585,0.301496,-0.026919,9.911072
1755407223587,0.263211,-0.012562,9.875179
1755407223590,0.308674,-0.012562,9.879965
1755407223593,0.289532,-0.017348,9.915857
1755407223595,0.282353,-0.026919,9.865608
1755407223597,0.29671,-0.019741,9.903893
1755407223599,0.299103,-0.017348,9.913465
1755407223602,0.301496,-0.019741,9.889536
1755407223604,0.301496,-0.022134,9.856036
1755407223608,0.267996,-0.029312,9.956834
1755407223610,0.267996,-0.043669,9.810573
1755407223612,0.260818,-0.007777,9.937392
1755407223614,0.275175,-0.031705,9.844072
1755407223616,0.289532,-0.022134,9.934999
1755407223619,0.294317,0.001795,9.836894
1755407223621,0.270389,-0.036491,9.934999
1755407223625,0.258425,-0.005384,9.868001
1755407223627,0.289532,-0.058026,9.896714
1755407223628,0.282353,-0.010169,9.853643
1755407223631,0.270389,-0.012562,9.915857
1755407223633,0.289532,-0.024526,9.856036
1755407223635,0.27996,-0.026919,9.879965
1755407223638,0.289532,-0.022134,9.899107
1755407223642,0.299103,0.011366,9.856036
1755407223644,0.294317,-0.002991,9.925428
1755407223645,0.294317,-0.012562,9.817751
1755407223647,0.289532,-0.017348,9.925428
1755407223650,0.275175,-0.046062,9.868001
1755407223653,0.289532,-0.026919,9.836894
1755407223655,0.284746,-0.017348,9.911072
1755407223658,0.29671,-0.029312,9.834501
1755407223660,0.267996,0.001795,9.911072
1755407223663,0.277567,-0.007777,9.875179
1755407223664,0.284746,-0.012562,9.896714
1755407223666,0.289532,-0.036491,9.882358
1755407223669,0.287139,-0.036491,9.891929
1755407223671,0.267996,-0.022134,9.887143
1755407223674,0.29671,-0.007777,9.863214
1755407223677,0.251246,-0.031705,9.858429
1755407223679,0.267996,-0.031705,9.915857
1755407223681,0.277567,-0.012562,9.851251
1755407223684,0.287139,-0.034098,9.858429
1755407223686,0.311067,-0.038883,9.91825
1755407223688,0.308674,-0.029312,9.846465
1755407223691,0.270389,0.001795,9.920643
1755407223693,0.29671,0.011366,9.860822
1755407223696,0.275175,-0.012562,9.913465
1755407223698,0.267996,-0.041276,9.889536
1755407223700,0.282353,-0.024526,9.848858
1755407223703,0.289532,-0.010169,9.915857
1755407223705,0.277567,-0.000598,9.882358
1755407223707,0.29671,-0.026919,9.877572
1755407223710,0.277567,-0.002991,9.887143
1755407223712,0.277567,-0.014955,9.829716
1755407223714,0.248854,-0.034098,9.934999
1755407223717,0.248854,-0.024526,9.844072
1755407223719,0.27996,-0.043669,9.882358
1755407223722,0.323031,-0.034098,9.865608
1755407223724,0.294317,-0.024526,9.820144
1755407223727,0.284746,-0.022134,9.973584
1755407223729,0.299103,-0.024526,9.810573
1755407223731,0.256032,-0.041276,9.913465
1755407223734,0.289532,-0.041276,9.858429
1755407223736,0.267996,-0.012562,9.887143
1755407223738,0.251246,-0.029312,9.868001
1755407223741,0.287139,-0.014955,9.9015
1755407223744,0.287139,-0.019741,9.877572
1755407223746,0.284746,-0.005384,9.868001
1755407223748,0.294317,-0.031705,9.853643
1755407223750,0.258425,-0.029312,9.899107
1755407223753,0.311067,-0.022134,9.882358
1755407223755,0.301496,-0.017348,9.908679
1755407223757,0.287139,-0.022134,9.815358
1755407223761,0.303888,-0.046062,9.920643
1755407223763,0.325424,-0.043669,9.891929
1755407223765,0.277567,-0.012562,9.868001
1755407223767,0.299103,-0.05324,9.894321
1755407223770,0.270389,-0.062812,9.887143
1755407223772,0.277567,-0.024526,9.870394
1755407223776,0.294317,-0.024526,9.906285
1755407223778,0.265603,-0.022134,9.894321
1755407223780,0.337388,-0.029312,9.856036
1755407223782,0.332602,-0.012562,9.879965
1755407223784,0.289532,-0.005384,9.872787
1755407223787,0.287139,-0.005384,9.913465
1755407223789,0.282353,-0.031705,9.879965
1755407223791,0.275175,-0.014955,9.846465
1755407223794,0.289532,-0.026919,9.903893
1755407223796,0.270389,-0.017348,9.863214
1755407223798,0.256032,-0.046062,9.870394
1755407223801,0.291924,-0.036491,9.889536
1755407223803,0.284746,-0.010169,9.851251
1755407223805,0.284746,-0.029312,9.927821
1755407223808,0.294317,-0.014955,9.865608
1755407223811,0.287139,-0.034098,9.889536
1755407223813,0.258425,-0.036491,9.846465
1755407223815,0.267996,-0.019741,9.882358
1755407223818,0.263211,-0.005384,9.865608
1755407223820,0.27996,-0.036491,9.882358
1755407223822,0.27996,-0.026919,9.913465
1755407223825,0.282353,-0.007777,9.836894
1755407223829,0.287139,-0.024526,9.903893
1755407223831,0.272782,-0.019741,9.858429
1755407223832,0.294317,-0.000598,9.903893
1755407223834,0.301496,-0.019741,9.872787
1755407223837,0.299103,-0.005384,9.865608
1755407223839,0.263211,-0.022134,9.889536
1755407223842,0.272782,-0.031705,9.882358
1755407223845,0.303888,-0.007777,9.877572
1755407223846,0.306281,-0.046062,9.879965
1755407223849,0.289532,-0.017348,9.889536
1755407223851,0.303888,-0.046062,9.911072
1755407223853,0.282353,-0.012562,9.877572
1755407223856,0.277567,-0.005384,9.889536
1755407223858,0.299103,0.004187,9.877572
1755407223861,0.272782,-0.034098,9.879965
1755407223864,0.303888,-0.014955,9.860822
1755407223865,0.294317,-0.014955,9.877572
1755407223868,0.27996,-0.026919,9.877572
1755407223870,0.272782,-0.029312,9.891929
1755407223873,0.267996,-0.024526,9.863214
1755407223875,0.275175,-0.014955,9.894321
1755407223878,0.291924,-0.014955,9.868001
1755407223880,0.323031,-0.014955,9.84168
1755407223883,0.282353,-0.002991,9.887143
1755407223885,0.287139,-0.022134,9.863214
1755407223887,0.294317,-0.017348,9.9015
1755407223889,0.327817,-0.019741,9.872787
1755407223892,0.29671,-0.026919,9.88475
1755407223895,0.260818,-0.029312,9.877572
1755407223898,0.284746,-0.026919,9.913465
1755407223899,0.291924,-0.012562,9.903893
1755407223901,0.267996,-0.007777,9.887143
1755407223904,0.260818,-0.029312,9.882358
1755407223906,0.29671,-0.019741,9.856036
1755407223908,0.272782,-0.007777,9.894321
1755407223911,0.253639,-0.017348,9.882358
1755407223914,0.299103,-0.019741,9.899107
1755407223916,0.284746,-0.017348,9.891929
1755407223918,0.275175,0.004187,9.882358
1755407223920,0.294317,-0.029312,9.887143
1755407223923,0.323031,-0.017348,9.868001
1755407223925,0.308674,-0.012562,9.868001
1755407223928,0.29671,-0.029312,9.877572
1755407223930,0.291924,-0.017348,9.9015
1755407223933,0.308674,-0.034098,9.872787
1755407223935,0.308674,-0.007777,9.877572
1755407223938,0.284746,-0.036491,9.877572
1755407223940,0.291924,-0.034098,9.870394
1755407223942,0.27996,-0.026919,9.887143
1755407223945,0.265603,-0.014955,9.879965
1755407223947,0.320638,-0.043669,9.903893
1755407223950,0.291924,-0.034098,9.903893
1755407223952,0.260818,-0.043669,9.875179
1755407223954,0.294317,-0.038883,9.875179
1755407223957,0.27996,-0.034098,9.877572
1755407223959,0.241675,-0.017348,9.872787
1755407223961,0.291924,-0.026919,9.868001
1755407223964,0.267996,-0.024526,9.882358
1755407223968,0.287139,-0.002991,9.9015
1755407223968,0.260818,-0.005384,9.877572
1755407223971,0.263211,-0.000598,9.88475
1755407223973,0.306281,-0.029312,9.872787
1755407223976,0.332602,-0.017348,9.882358
1755407223979,0.315853,-0.017348,9.796216
1755407223980,0.291924,-0.029312,9.944571
1755407223984,0.277567,0.001795,9.995119
1755407223985,0.29671,-0.005384,9.726824
1755407223988,0.253639,-0.034098,10.026226
1755407223990,0.325424,0.018544,9.834501
1755407223992,0.31346,-0.06999,9.868001
1755407223995,0.256032,-0.081954,9.891929
1755407223998,0.325424,0.011366,9.887143
1755407224000,0.27996,-0.055633,9.851251
1755407224002,0.195912,-0.017348,9.934999
1755407224004,0.394816,0.00658,9.767502
1755407224007,0.198604,-0.096311,9.868001
1755407224009,0.287139,0.037687,9.956834
1755407224012,0.387637,0.037687,9.777073
1755407224015,0.157627,-0.122632,9.992726
1755407224017,0.409173,0.032901,9.875179
1755407224019,0.311067,-0.000598,9.856036
1755407224021,0.17677,-0.048455,10.062119
1755407224023,0.413958,0.049651,9.769895
1755407224026,0.229711,-0.062812,9.839287
1755407224028,0.256032,-0.010169,9.934999
1755407224031,0.39003,0.05683,9.717253
1755407224034,0.155234,-0.113061,9.879965
1755407224036,0.339781,0.011366,9.949656
1755407224038,0.397209,0.049651,9.789038
1755407224040,0.198604,-0.10349,9.966406
1755407224043,0.349352,-0.031705,9.844072
1755407224045,0.275175,-0.031705,9.915857
1755407224047,0.277567,-0.022134,9.88475
1755407224051,0.354138,-0.038883,9.882358
1755407224052,0.265603,-0.041276,9.887143
1755407224055,0.289532,-0.017348,9.868001
1755407224057,0.284746,-0.014955,9.889536
1755407224060,0.272782,-0.005384,9.877572
1755407224062,0.289532,0.001795,9.868001
1755407224064,0.248854,0.011366,9.877572
1755407224067,0.308674,-0.000598,9.868001
1755407224069,0.291924,-0.005384,9.868001
1755407224072,0.282353,-0.029312,9.899107
1755407224074,0.303888,-0.034098,9.860822
1755407224076,0.284746,-0.062812,9.889536
1755407224079,0.282353,-0.017348,9.896714
1755407224081,0.265603,-0.022134,9.882358
1755407224084,0.258425,-0.022134,9.887143
1755407224086,0.260818,-0.022134,9.868001
1755407224089,0.284746,-0.019741,9.939785
1755407224091,0.246461,0.028116,9.858429
1755407224093,0.289532,-0.000598,9.896714
1755407224095,0.33021,-0.041276,9.870394
1755407224098,0.287139,-0.002991,9.889536
1755407224100,0.275175,-0.024526,9.899107
1755407224103,0.284746,-0.012562,9.870394
1755407224105,0.284746,-0.022134,9.891929
1755407224108,0.303888,-0.017348,9.891929
1755407224110,0.287139,-0.019741,9.88475
1755407224112,0.275175,-0.014955,9.872787
1755407224114,0.287139,-0.017348,9.894321
1755407224117,0.272782,-0.026919,9.879965
1755407224119,0.303888,-0.024526,9.879965
1755407224122,0.294317,-0.024526,9.868001
1755407224124,0.270389,0.00658,9.899107
1755407224127,0.275175,-0.014955,9.887143
1755407224129,0.294317,-0.029312,9.870394
1755407224131,0.31346,-0.029312,9.896714
1755407224134,0.277567,-0.019741,9.889536
1755407224137,0.267996,-0.026919,9.872787
1755407224139,0.277567,0.011366,9.896714
1755407224142,0.289532,-0.041276,9.889536
1755407224143,0.306281,-0.029312,9.9015
1755407224146,0.29671,-0.007777,9.872787
1755407224148,0.315853,-0.038883,9.870394
1755407224151,0.275175,-0.007777,9.894321
1755407224153,0.289532,-0.031705,9.896714
1755407224155,0.303888,-0.019741,9.872787
1755407224158,0.284746,-0.031705,9.88475
1755407224161,0.284746,0.00658,9.810573
1755407224163,0.294317,-0.034098,9.9015
1755407224165,0.291924,-0.014955,9.896714
1755407224168,0.277567,-0.038883,9.899107
1755407224170,0.299103,-0.062812,9.934999
1755407224172,0.31346,-0.050847,9.836894
1755407224174,0.303888,-0.012562,9.891929
1755407224177,0.27996,-0.029312,9.879965
1755407224179,0.303888,-0.048455,9.894321
1755407224182,0.311067,0.004187,9.879965
1755407224185,0.306281,-0.014955,9.868001
1755407224187,0.303888,-0.031705,9.865608
1755407224190,0.272782,-0.005384,10.028619
1755407224191,0.315853,0.05683,9.741181
1755407224194,0.256032,-0.170489,9.932607
1755407224196,0.291924,-0.022134,9.820144
1755407224198,0.344566,0.028116,10.035797
1755407224201,0.234497,0.049651,9.738789
1755407224204,0.267996,-0.192024,9.846465
1755407224210,0.308674,-0.005384,10.05494
1755407224211,0.308674,0.080758,9.762716
1755407224212,0.267996,-0.110668,10.016655
1755407224213,0.303888,-0.017348,9.805787
1755407224215,0.334995,0.00658,9.992726
1755407224217,0.275175,0.028116,9.71486
1755407224220,0.260818,-0.120239,9.834501
1755407224223,0.315853,0.04008,10.031012
1755407224225,0.244068,0.085543,9.712467
1755407224227,0.265603,-0.144168,10.014262
1755407224229,0.356531,0.04008,9.983155
1755407224232,0.246461,0.044865,9.848858
1755407224234,0.234497,-0.077169,9.868001
1755407224237,0.282353,-0.093918,9.745967
1755407224240,0.325424,0.028116,9.983155
1755407224242,0.248854,0.05683,9.68136
1755407224244,0.284746,-0.160917,10.023833
1755407224247,0.318245,0.042473,10.023833
1755407224249,0.284746,0.061615,9.750752
1755407224251,0.258425,-0.065204,9.839287
1755407224254,0.294317,-0.06999,9.820144
1755407224256,0.315853,0.054437,10.057333
1755407224258,0.260818,0.052044,9.781859
1755407224261,0.287139,-0.168096,9.913465
1755407224264,0.327817,-0.034098,9.939785
1755407224265,0.282353,0.071186,9.882358
1755407224268,0.275175,0.016152,9.827323
1755407224271,0.29671,-0.168096,9.848858
1755407224273,0.291924,-0.026919,10.028619
1755407224275,0.244068,0.114257,9.834501
1755407224277,0.260818,-0.024526,9.817751
1755407224280,0.299103,-0.165703,9.915857
1755407224282,0.270389,0.016152,9.975977
1755407224284,0.251246,0.109472,9.836894
1755407224287,0.277567,-0.093918,9.762716
1755407224289,0.299103,-0.189631,9.875179
1755407224292,0.284746,0.080758,10.047761
1755407224295,0.272782,0.188435,9.954441
1755407224297,0.270389,-0.091525,9.753145
1755407224299,0.256032,-0.249452,9.731609
1755407224301,0.260818,-0.065204,9.980762
1755407224306,0.311067,0.221934,10.078868
1755407224307,0.291924,0.0999,9.856036
1755407224309,0.301496,-0.19681,9.688539
1755407224311,0.270389,-0.208774,9.817751
1755407224314,0.267996,0.080758,10.07169
1755407224316,0.277567,0.212363,10.026226
1755407224318,0.299103,-0.029312,9.762716
1755407224322,0.263211,-0.244666,9.678967
1755407224324,0.272782,-0.101097,9.868001
1755407224325,0.299103,0.15015,10.107582
1755407224328,0.320638,0.145364,10.019048
1755407224330,0.277567,-0.084347,9.745967
1755407224333,0.29671,-0.235095,9.698111
1755407224335,0.246461,-0.105882,9.853643
1755407224338,0.275175,0.11665,10.074082
1755407224341,0.306281,0.128614,10.05494
1755407224343,0.267996,-0.046062,9.769895
1755407224345,0.29671,-0.203988,9.693324
1755407224347,0.315853,-0.141775,9.839287
1755407224349,0.289532,0.078365,10.028619
1755407224352,0.260818,0.145364,10.076475
1755407224355,0.258425,-0.019741,9.789038
1755407224357,0.272782,-0.18006,9.710074
1755407224359,0.258425,-0.156132,9.817751
1755407224361,0.299103,0.071186,10.03819
1755407224364,0.299103,0.152542,10.050154
1755407224366,0.291924,0.030508,9.812965
1755407224369,0.277567,-0.165703,9.745967
1755407224372,0.256032,-0.153739,9.80818
1755407224375,0.277567,0.02333,9.995119
1755407224376,0.299103,0.0999,9.923036
1755407224378,0.29671,-0.022134,9.913465
1755407224381,0.294317,-0.105882,9.820144
1755407224383,0.265603,-0.079561,9.793823
1755407224386,0.291924,-0.005384,9.942178
1755407224389,0.308674,0.080758,10.035797
1755407224390,0.260818,0.042473,9.930214
1755407224392,0.272782,-0.062812,9.753145
1755407224395,0.315853,-0.158524,9.786645
1755407224398,0.301496,-0.08674,9.803394
1755407224400,0.299103,0.02333,10.016655
1755407224402,0.315853,0.154935,10.062119
1755407224406,0.289532,0.044865,9.844072
1755407224408,0.272782,-0.148953,9.68136
1755407224410,0.277567,-0.187238,9.777073
1755407224412,0.301496,0.073579,10.047761
1755407224415,0.301496,0.236291,10.052547
1755407224416,0.282353,0.011366,9.736395
1755407224419,0.289532,-0.261416,9.693324
1755407224421,0.287139,-0.125025,9.954441
1755407224424,0.270389,0.207577,10.129117
1755407224426,0.277567,0.119043,9.815358
1755407224428,0.272782,-0.206381,9.678967
1755407224431,0.294317,-0.199202,9.856036
1755407224433,0.27996,0.154935,10.138689
1755407224436,0.270389,0.176471,9.88475
1755407224438,0.260818,-0.175274,9.717253
1755407224441,0.282353,-0.213559,9.856036
1755407224445,0.308674,0.092722,10.098011
1755407224446,0.275175,0.19322,9.906285
1755407224448,0.282353,-0.120239,9.743574
1755407224450,0.306281,-0.230309,9.839287
1755407224452,0.277567,0.066401,10.081261
1755407224455,0.246461,0.188435,9.899107
1755407224457,0.277567,-0.098704,9.741181
1755407224459,0.33021,-0.254237,9.80818
1755407224462,0.29671,0.042473,10.069297
1755407224465,0.251246,0.217149,9.932607
1755407224467,0.284746,-0.060419,9.726824
1755407224469,0.256032,-0.225524,9.789038
1755407224471,0.315853,-0.007777,9.987941
1755407224474,0.277567,0.138186,9.934999
1755407224476,0.275175,-0.034098,9.836894
1755407224479,0.327817,-0.158524,9.879965
1755407224482,0.315853,-0.041276,9.853643
1755407224484,0.299103,0.05683,9.952048
1755407224486,0.325424,0.00658,9.920643
1755407224488,0.315853,-0.012562,9.875179
1755407224491,0.241675,-0.041276,9.868001
1755407224494,0.251246,-0.005384,9.829716
1755407224496,0.263211,0.004187,9.844072
1755407224498,0.27996,-0.026919,9.877572
1755407224501,0.272782,-0.036491,9.9015
1755407224503,0.308674,-0.017348,9.899107
1755407224505,0.31346,-0.050847,9.882358
1755407224508,0.277567,-0.05324,9.913465
1755407224510,0.27996,-0.043669,9.832108
1755407224512,0.284746,-0.024526,9.853643
1755407224515,0.22014,0.011366,9.870394
1755407224517,0.291924,-0.043669,9.875179
1755407224519,0.267996,-0.046062,9.812965
1755407224522,0.287139,-0.029312,9.899107
1755407224525,0.251246,-0.05324,9.879965
1755407224527,0.308674,-0.024526,9.88475
1755407224531,0.272782,-0.000598,9.899107
1755407224532,0.260818,-0.029312,9.882358
1755407224534,0.277567,-0.010169,9.891929
1755407224536,0.287139,-0.034098,9.899107
1755407224539,0.291924,-0.041276,9.9015
1755407224542,0.260818,-0.031705,9.891929
1755407224544,0.287139,-0.058026,9.913465
1755407224547,0.27996,-0.036491,9.877572
1755407224549,0.251246,-0.034098,9.925428
1755407224551,0.291924,-0.012562,9.882358
1755407224553,0.277567,-0.026919,9.923036
1755407224555,0.31346,-0.029312,9.860822
1755407224559,0.306281,-0.038883,9.858429
1755407224563,0.284746,-0.012562,9.887143
1755407224564,0.29671,0.00658,9.868001
1755407224565,0.325424,-0.024526,9.872787
1755407224567,0.294317,-0.017348,9.882358
1755407224570,0.275175,-0.048455,9.891929
1755407224572,0.303888,-0.022134,9.882358
1755407224577,0.277567,-0.017348,9.877572
1755407224579,0.303888,-0.012562,9.868001
1755407224580,0.291924,-0.029312,9.856036
1755407224582,0.303888,-0.036491,9.875179
1755407224584,0.282353,-0.007777,9.846465
1755407224586,0.29671,-0.002991,9.868001
1755407224589,0.303888,-0.010169,9.851251
1755407224591,0.284746,-0.022134,9.872787
1755407224595,0.284746,-0.007777,9.896714
1755407224596,0.284746,-0.019741,9.856036
1755407224599,0.270389,0.008973,9.942178
1755407224601,0.272782,-0.012562,9.844072
1755407224603,0.325424,-0.017348,9.9015
1755407224606,0.31346,-0.031705,9.891929
1755407224608,0.275175,-0.026919,9.882358
1755407224611,0.303888,-0.012562,9.891929
1755407224613,0.33021,0.008973,9.903893
1755407224615,0.263211,-0.019741,9.9015
1755407224618,0.27996,-0.000598,9.872787
1755407224620,0.282353,-0.024526,9.812965
1755407224623,0.272782,0.016152,10.019048
1755407224625,0.294317,0.052044,9.810573
1755407224628,0.227318,-0.093918,9.810573
1755407224630,0.267996,-0.043669,10.028619
1755407224632,0.351745,0.05683,9.772287
1755407224635,0.191127,-0.08674,9.944571
1755407224637,0.320638,-0.014955,9.915857
1755407224639,0.346959,-0.005384,9.762716
1755407224642,0.183948,-0.077169,10.05494
1755407224645,0.394816,0.049651,9.796216
1755407224648,0.260818,-0.077169,9.879965
1755407224650,0.282353,0.016152,10.007083
1755407224651,0.421137,0.016152,9.695718
1755407224654,0.16002,-0.108275,10.088439
1755407224656,0.39003,0.068794,9.772287
1755407224658,0.248854,-0.081954,9.925428
1755407224661,0.234497,0.001795,9.949656
1755407224663,0.361316,-0.026919,9.745967
1755407224666,0.167198,-0.077169,10.057333
1755407224668,0.394816,0.016152,9.698111
1755407224671,0.244068,-0.074776,10.031012
1755407224673,0.342174,-0.000598,9.745967
1755407224675,0.248854,-0.072383,9.990334
1755407224678,0.287139,0.04008,9.877572
1755407224681,0.320638,-0.043669,9.812965
1755407224683,0.210568,-0.012562,10.050154
1755407224685,0.363709,-0.017348,9.652647
1755407224688,0.128913,-0.065204,10.155438
1755407224690,0.416351,0.064008,9.616755
1755407224692,0.232104,-0.060419,10.098011
1755407224695,0.332602,0.028116,9.729217
1755407224698,0.251246,-0.065204,9.992726
1755407224699,0.291924,0.064008,9.882358
1755407224702,0.363709,-0.05324,9.834501
1755407224704,0.222533,-0.002991,10.016655
1755407224706,0.370888,-0.024526,9.659825
1755407224709,0.205783,-0.010169,10.126724
1755407224712,0.411565,-0.007777,9.597611
1755407224714,0.171984,-0.074776,10.165009
1755407224716,0.433101,0.028116,9.559326
1755407224718,0.157627,-0.043669,10.184153
1755407224721,0.409173,0.025723,9.578469
1755407224723,0.138485,-0.101097,10.162617
1755407224726,0.358923,0.04008,9.638289
1755407224729,0.155234,-0.077169,10.11476
1755407224731,0.351745,0.025723,9.669396
1755407224733,0.236889,-0.050847,10.042975
1755407224735,0.342174,0.04008,9.769895
1755407224738,0.239282,-0.050847,9.971191
1755407224740,0.294317,0.030508,9.887143
1755407224743,0.299103,-0.043669,9.839287
1755407224746,0.256032,0.001795,9.913465
1755407224748,0.291924,-0.055633,9.805787
1755407224750,0.22014,0.008973,9.973584
1755407224753,0.277567,-0.038883,9.812965
1755407224754,0.234497,0.018544,9.949656
1755407224757,0.318245,-0.031705,9.796216
1755407224759,0.251246,0.004187,9.968799
1755407224762,0.323031,-0.041276,9.803394
1755407224764,0.291924,-0.024526,9.973584
1755407224767,0.318245,-0.014955,9.815358
1755407224769,0.260818,-0.024526,9.923036
1755407224771,0.294317,0.008973,9.870394
1755407224773,0.270389,-0.026919,9.875179
1755407224776,0.263211,-0.019741,9.879965
1755407224778,0.291924,-0.005384,9.853643
1755407224781,0.29671,0.001795,9.973584
1755407224783,0.311067,-0.017348,9.712467
1755407224786,0.236889,-0.058026,10.093225
1755407224788,0.29671,0.011366,9.662218
1755407224790,0.256032,-0.06999,10.117153
1755407224794,0.327817,0.008973,9.700503
1755407224796,0.22014,-0.067597,10.07169
1755407224798,0.323031,-0.002991,9.779466
1755407224800,0.239282,0.016152,9.964012
1755407224803,0.342174,-0.050847,9.760324
1755407224805,0.232104,-0.017348,9.961619
1755407224807,0.301496,-0.014955,9.805787
1755407224809,0.248854,-0.029312,9.930214
1755407224812,0.294317,-0.034098,9.887143
1755407224814,0.289532,-0.017348,9.853643
1755407224817,0.327817,-0.043669,9.889536
1755407224819,0.31346,-0.026919,9.853643
1755407224821,0.27996,-0.077169,9.9015
1755407224824,0.287139,-0.022134,9.868001
1755407224826,0.287139,-0.014955,9.899107
1755407224829,0.287139,-0.046062,9.844072
1755407224831,0.267996,-0.060419,9.927821
1755407224834,0.303888,-0.038883,9.717253
1755407224836,0.236889,-0.05324,10.057333
1755407224838,0.358923,0.018544,9.74836
1755407224841,0.191127,-0.029312,10.019048
1755407224843,0.342174,-0.000598,9.722038
1755407224845,0.208176,-0.060419,10.088439
1755407224848,0.332602,0.04008,9.743574
1755407224850,0.212961,-0.038883,10.05494
1755407224853,0.349352,-0.000598,9.820144
1755407224855,0.265603,-0.041276,9.925428
1755407224857,0.303888,-0.058026,9.765109
1755407224860,0.291924,-0.026919,9.961619
1755407224862,0.284746,-0.024526,9.822537
1755407224865,0.275175,-0.031705,9.870394
1755407224867,0.258425,-0.012562,9.949656
1755407224869,0.277567,0.00658,9.863214
1755407224872,0.287139,-0.041276,9.942178
1755407224874,0.291924,-0.034098,9.793823
1755407224876,0.31346,-0.046062,9.882358
1755407224879,0.246461,-0.041276,9.906285
1755407224882,0.287139,-0.010169,9.853643
1755407224885,0.27996,-0.038883,9.920643
1755407224887,0.299103,-0.038883,9.798609
1755407224889,0.253639,-0.043669,9.944571
1755407224891,0.325424,-0.026919,9.829716
1755407224894,0.253639,-0.024526,9.956834
1755407224896,0.303888,0.00658,9.836894
1755407224899,0.275175,-0.012562,9.903893
1755407224901,0.31346,-0.005384,9.84168
1755407224903,0.284746,-0.022134,9.872787
1755407224905,0.258425,-0.024526,9.9015
1755407224907,0.294317,-0.024526,9.865608
1755407224910,0.253639,-0.055633,9.906285
1755407224912,0.291924,-0.041276,9.848858
1755407224916,0.248854,-0.034098,9.927821
1755407224918,0.27996,-0.010169,9.801002
1755407224920,0.282353,-0.007777,9.903893
1755407224922,0.289532,-0.048455,9.856036
1755407224925,0.282353,-0.043669,9.870394
1755407224927,0.277567,0.001795,9.9015
1755407224929,0.256032,0.001795,9.899107
1755407224933,0.315853,-0.050847,9.877572
1755407224935,0.265603,0.00658,9.966406
1755407224936,0.354138,0.013759,9.736395
1755407224939,0.248854,-0.022134,9.992726
1755407224941,0.342174,-0.065204,9.741181
1755407224944,0.277567,-0.096311,9.875179
1755407224946,0.277567,-0.005384,9.952048
1755407224948,0.323031,0.030508,9.829716
1755407224951,0.265603,-0.010169,9.999905
1755407224953,0.289532,-0.010169,9.812965
1755407224957,0.236889,-0.041276,9.930214
1755407224958,0.320638,-0.072383,9.74836
1755407224960,0.272782,-0.026919,9.915857
1755407224963,0.29671,-0.014955,9.923036
1755407224965,0.303888,-0.010169,9.781859
1755407224968,0.267996,-0.019741,10.023833
1755407224970,0.337388,0.011366,9.88475
1755407224972,0.260818,-0.062812,9.923036
1755407224975,0.306281,-0.089133,9.695718
1755407224977,0.277567,-0.050847,9.973584
1755407224979,0.318245,-0.017348,9.891929
1755407224982,0.263211,-0.017348,9.803394
1755407224985,0.275175,-0.022134,10.026226
1755407224988,0.31346,0.001795,9.894321
1755407224989,0.263211,-0.065204,9.908679
1755407224992,0.306281,-0.074776,9.772287
1755407224994,0.253639,-0.017348,10.023833
1755407224997,0.327817,-0.019741,9.741181
1755407224999,0.270389,-0.026919,9.973584
1755407225002,0.311067,-0.034098,9.798609
1755407225004,0.232104,-0.034098,9.899107
1755407225006,0.294317,-0.038883,9.863214
1755407225008,0.287139,-0.000598,9.817751
1755407225011,0.265603,-0.024526,9.949656
1755407225013,0.27996,0.028116,9.769895
1755407225015,0.284746,-0.034098,10.00469
1755407225018,0.301496,0.016152,9.755538
1755407225020,0.258425,-0.026919,10.040583
1755407225023,0.303888,-0.010169,9.743574
1755407225025,0.248854,-0.022134,9.956834
1755407225027,0.294317,0.00658,9.879965
1755407225030,0.337388,-0.050847,9.973584
1755407225032,0.308674,-0.034098,9.853643
1755407225035,0.248854,-0.05324,9.863214
1755407225038,0.265603,0.00658,9.875179
1755407225039,0.246461,-0.014955,9.79143
1755407225042,0.265603,0.00658,9.91825
1755407225044,0.294317,-0.012562,9.848858
1755407225047,0.246461,-0.019741,9.894321
1755407225049,0.306281,-0.022134,9.920643
1755407225052,0.263211,-0.019741,9.971191
1755407225054,0.320638,-0.014955,9.906285
1755407225056,0.263211,0.004187,9.851251
1755407225059,0.306281,-0.022134,9.894321
1755407225061,0.267996,-0.029312,9.865608
1755407225063,0.308674,-0.036491,9.887143
1755407225066,0.325424,-0.029312,9.899107
1755407225069,0.327817,-0.026919,9.84168
1755407225071,0.327817,-0.034098,9.920643
1755407225073,0.270389,-0.002991,9.875179
1755407225075,0.251246,-0.029312,9.801002
1755407225079,0.258425,0.00658,9.947263
1755407225080,0.358923,-0.002991,9.882358
1755407225083,0.289532,-0.000598,9.887143
1755407225086,0.303888,0.011366,9.997512
1755407225088,0.287139,-0.034098,9.923036
1755407225090,0.272782,0.001795,9.856036
1755407225092,0.265603,-0.026919,9.839287
1755407225094,0.306281,-0.024526,9.937392
1755407225097,0.311067,-0.012562,9.860822
1755407225099,0.289532,-0.036491,9.877572
1755407225103,0.282353,-0.017348,9.856036
1755407225106,0.256032,-0.005384,9.891929
1755407225107,0.275175,0.008973,9.84168
1755407225109,0.29671,0.00658,9.937392
1755407225111,0.282353,-0.010169,9.891929
1755407225114,0.272782,-0.007777,9.879965
1755407225116,0.263211,-0.022134,9.932607
1755407225121,0.287139,-0.019741,9.848858
1755407225122,0.270389,-0.012562,9.906285
1755407225124,0.291924,-0.017348,9.925428
1755407225126,0.289532,-0.014955,9.786645
1755407225128,0.265603,-0.041276,9.944571
1755407225131,0.306281,-0.026919,9.882358
1755407225133,0.308674,-0.007777,9.856036
1755407225135,0.260818,-0.017348,9.908679
1755407225138,0.256032,-0.024526,9.853643
1755407225140,0.287139,-0.041276,9.834501
1755407225143,0.267996,-0.034098,9.947263
1755407225145,0.284746,0.02333,9.865608
1755407225147,0.275175,-0.060419,9.815358
1755407225150,0.303888,-0.036491,9.822537
1755407225152,0.275175,-0.010169,9.961619
1755407225155,0.31346,-0.012562,9.84168
1755407225157,0.284746,-0.007777,10.011869
1755407225161,0.320638,-0.007777,9.693324
1755407225162,0.282353,-0.096311,9.968799
1755407225164,0.299103,-0.067597,9.772287
1755407225166,0.323031,0.042473,9.961619
1755407225169,0.244068,0.044865,10.040583
1755407225172,0.323031,-0.014955,9.664611
1755407225174,0.303888,-0.127418,9.956834
1755407225176,0.258425,-0.010169,9.832108
1755407225179,0.294317,0.064008,10.007083
1755407225181,0.244068,0.030508,9.827323
1755407225183,0.306281,-0.079561,9.801002
1755407225186,0.272782,-0.129811,9.822537
1755407225188,0.270389,-0.002991,9.97837
1755407225191,0.320638,0.044865,9.877572
1755407225193,0.282353,0.008973,9.9015
1755407225196,0.299103,-0.08674,9.71486
1755407225198,0.287139,-0.081954,9.834501
1755407225201,0.29671,0.011366,10.090832
1755407225202,0.294317,0.107079,9.827323
1755407225205,0.267996,-0.058026,9.961619
1755407225209,0.31346,-0.132203,9.74836
1755407225210,0.29671,-0.079561,9.954441
1755407225213,0.299103,0.047258,9.915857
1755407225214,0.277567,0.001795,9.848858
1755407225217,0.299103,-0.055633,9.889536
1755407225219,0.272782,-0.048455,9.91825
1755407225222,0.289532,0.016152,9.836894
1755407225224,0.275175,-0.002991,10.007083
1755407225227,0.334995,-0.06999,9.662218
1755407225229,0.284746,-0.129811,9.920643
1755407225231,0.318245,-0.012562,9.949656
1755407225233,0.334995,0.109472,9.949656
1755407225236,0.277567,0.037687,9.915857
1755407225239,0.263211,-0.105882,9.667004
1755407225242,0.299103,-0.132203,9.9015
1755407225244,0.320638,0.00658,10.021441
1755407225246,0.282353,0.135793,9.872787
1755407225248,0.260818,-0.010169,9.875179
1755407225251,0.318245,-0.153739,9.71486
1755407225253,0.299103,-0.077169,9.952048
1755407225256,0.272782,0.104686,10.050154
1755407225258,0.282353,0.090329,9.750752
1755407225260,0.241675,-0.134596,9.875179
1755407225263,0.303888,-0.136989,9.801002
1755407225265,0.294317,0.016152,9.999905
1755407225267,0.248854,0.071186,9.913465
1755407225270,0.29671,-0.038883,9.786645
1755407225273,0.323031,-0.098704,9.959227
1755407225275,0.287139,0.00658,9.875179
1755407225277,0.284746,0.018544,9.810573
1755407225279,0.260818,-0.024526,9.959227
1755407225282,0.29671,-0.029312,9.829716
1755407225284,0.287139,-0.05324,9.856036
1755407225286,0.270389,-0.007777,9.959227
1755407225290,0.315853,-0.002991,9.815358
1755407225291,0.256032,-0.041276,9.939785
1755407225293,0.284746,-0.002991,9.865608
1755407225296,0.287139,-0.002991,9.875179
1755407225298,0.27996,-0.05324,9.887143
1755407225300,0.270389,0.001795,9.903893
1755407225303,0.294317,-0.019741,9.853643
1755407225305,0.267996,-0.017348,9.920643
1755407225308,0.272782,-0.031705,9.915857
1755407225311,0.27996,-0.007777,9.872787
1755407225312,0.267996,-0.010169,9.860822
1755407225315,0.282353,-0.036491,9.863214
1755407225317,0.301496,-0.007777,9.858429
1755407225320,0.311067,-0.038883,9.879965
1755407225324,0.301496,-0.002991,9.91825
1755407225325,0.308674,-0.017348,9.870394
1755407225327,0.270389,-0.019741,9.930214
1755407225329,0.299103,-0.024526,9.868001
1755407225332,0.308674,-0.031705,9.860822
1755407225334,0.277567,-0.014955,9.846465
1755407225337,0.270389,-0.029312,9.923036
1755407225339,0.29671,-0.05324,9.877572
1755407225342,0.287139,-0.024526,9.942178
1755407225344,0.318245,-0.026919,9.887143
1755407225346,0.306281,-0.029312,9.875179
1755407225348,0.284746,-0.029312,9.896714
1755407225351,0.318245,-0.043669,9.856036
1755407225353,0.29671,-0.026919,9.899107
1755407225356,0.303888,-0.014955,9.868001
1755407225359,0.277567,-0.043669,9.877572
1755407225361,0.272782,-0.019741,9.908679
1755407225364,0.270389,-0.000598,9.865608
1755407225366,0.294317,-0.012562,9.860822
1755407225368,0.308674,-0.014955,9.887143
1755407225370,0.277567,-0.017348,9.877572
1755407225372,0.275175,-0.026919,9.863214
1755407225375,0.256032,-0.026919,9.88475
1755407225377,0.270389,-0.029312,9.913465
1755407225380,0.29671,-0.034098,9.887143
1755407225382,0.301496,-0.019741,9.887143
1755407225385,0.291924,-0.024526,9.853643
1755407225387,0.301496,-0.029312,9.927821
1755407225389,0.291924,-0.017348,9.803394
1755407225392,0.224925,-0.067597,10.009477
1755407225394,0.299103,0.032901,9.846465
1755407225397,0.256032,-0.005384,9.966406
1755407225399,0.323031,-0.08674,9.671789
1755407225402,0.291924,-0.055633,9.964012
1755407225404,0.282353,0.061615,9.968799
1755407225406,0.301496,0.078365,9.801002
1755407225409,0.270389,-0.084347,9.925428
1755407225412,0.299103,-0.108275,9.803394
1755407225414,0.275175,-0.005384,9.997512
1755407225416,0.260818,0.128614,9.91825
1755407225418,0.311067,-0.041276,9.68136
1755407225421,0.294317,-0.16331,9.820144
1755407225423,0.308674,-0.017348,10.026226
1755407225426,0.284746,0.104686,9.865608
1755407225428,0.258425,0.016152,9.959227
1755407225431,0.325424,-0.127418,9.736395
1755407225433,0.275175,-0.098704,9.952048
1755407225435,0.265603,0.080758,9.942178
1755407225437,0.272782,0.059222,9.786645
1755407225440,0.246461,-0.10349,9.856036
1755407225443,0.349352,-0.081954,9.920643
1755407225445,0.294317,0.087936,9.930214
1755407225447,0.251246,0.114257,9.939785
1755407225449,0.275175,-0.079561,9.729217
1755407225452,0.289532,-0.153739,9.815358
1755407225454,0.272782,-0.019741,10.009477
1755407225457,0.31346,0.135793,9.992726
1755407225459,0.258425,0.018544,9.923036
1755407225462,0.323031,-0.098704,9.674182
1755407225464,0.263211,-0.084347,9.851251
1755407225467,0.282353,0.037687,9.944571
1755407225468,0.29671,0.047258,9.832108
1755407225471,0.272782,0.04008,9.999905
1755407225473,0.318245,-0.026919,9.875179
1755407225476,0.256032,-0.058026,9.903893
1755407225479,0.294317,-0.081954,9.734002
1755407225481,0.258425,-0.010169,9.968799
1755407225483,0.289532,-0.002991,9.829716
1755407225486,0.282353,-0.041276,9.848858
1755407225488,0.270389,-0.046062,9.896714
1755407225490,0.291924,-0.007777,9.755538
1755407225493,0.289532,-0.022134,10.019048
1755407225496,0.291924,0.001795,9.750752
1755407225497,0.244068,-0.029312,10.052547
1755407225500,0.308674,0.025723,9.822537
1755407225502,0.244068,-0.019741,9.947263
1755407225504,0.339781,-0.038883,9.832108
1755407225507,0.272782,-0.043669,9.947263
1755407225509,0.287139,-0.041276,9.82493
1755407225512,0.256032,-0.048455,9.947263
1755407225514,0.308674,-0.036491,9.836894
1755407225517,0.236889,-0.031705,9.949656
1755407225519,0.325424,-0.046062,9.815358
1755407225522,0.253639,-0.043669,9.937392
1755407225524,0.33021,-0.036491,9.827323
1755407225527,0.241675,-0.022134,9.966406
1755407225530,0.361316,-0.031705,9.77468
1755407225532,0.248854,-0.026919,9.990334
1755407225533,0.349352,-0.034098,9.74836
1755407225535,0.222533,-0.019741,10.007083
1755407225538,0.349352,0.013759,9.736395
1755407225540,0.20339,-0.038883,10.002297
1755407225543,0.31346,-0.017348,9.798609
1755407225545,0.256032,-0.050847,9.961619
1755407225549,0.287139,-0.014955,9.863214
1755407225550,0.277567,-0.029312,9.971191
1755407225552,0.289532,-0.024526,9.923036
1755407225555,0.267996,-0.038883,9.848858
1755407225557,0.277567,-0.022134,9.887143
1755407225559,0.303888,-0.036491,9.870394
1755407225562,0.306281,-0.014955,9.908679
1755407225564,0.291924,-0.017348,9.853643
1755407225567,0.289532,-0.014955,9.937392
1755407225570,0.287139,0.00658,9.829716
1755407225572,0.191127,0.011366,9.793823
1755407225574,0.277567,0.011366,9.80818
1755407225576,0.270389,0.001795,9.899107
1755407225579,0.287139,0.030508,9.860822
1755407225581,0.318245,-0.024526,9.913465
1755407225583,0.318245,-0.007777,9.863214
1755407225586,0.267996,0.020937,9.911072
1755407225588,0.258425,-0.010169,9.865608
1755407225591,0.289532,-0.002991,9.894321
1755407225593,0.299103,-0.005384,9.891929
1755407225596,0.256032,-0.022134,9.896714
1755407225598,0.265603,-0.019741,9.858429
1755407225600,0.270389,-0.010169,9.879965
1755407225602,0.260818,-0.024526,9.860822
1755407225606,0.320638,-0.002991,9.913465
1755407225608,0.291924,-0.000598,9.865608
1755407225610,0.299103,-0.041276,9.798609
1755407225613,0.272782,-0.026919,10.011869
1755407225616,0.356531,0.061615,9.810573
1755407225618,0.241675,-0.050847,9.870394
1755407225620,0.301496,-0.036491,9.860822
1755407225622,0.263211,0.016152,9.944571
1755407225624,0.299103,0.00658,9.894321
1755407225627,0.272782,-0.038883,9.856036
1755407225630,0.308674,-0.026919,9.760324
1755407225632,0.248854,0.001795,10.023833
1755407225634,0.337388,0.004187,9.71486
1755407225636,0.246461,-0.036491,10.066904
1755407225639,0.27996,0.001795,9.765109
1755407225641,0.227318,-0.048455,9.942178
1755407225644,0.308674,-0.024526,9.784252
1755407225647,0.282353,-0.010169,9.899107
1755407225649,0.299103,-0.067597,9.911072
1755407225650,0.299103,-0.036491,9.911072
1755407225653,0.284746,-0.026919,9.858429
1755407225655,0.315853,0.020937,9.77468
1755407225658,0.251246,0.001795,10.076475
1755407225660,0.299103,0.00658,9.834501
1755407225662,0.244068,-0.060419,9.956834
1755407225667,0.31346,-0.034098,9.777073
1755407225668,0.239282,-0.024526,9.851251
1755407225670,0.323031,-0.05324,9.865608
1755407225673,0.270389,-0.000598,9.925428
1755407225674,0.27996,-0.024526,9.870394
1755407225677,0.299103,-0.014955,9.784252
1755407225679,0.256032,-0.029312,10.074082
1755407225683,0.303888,-0.005384,9.750752
1755407225684,0.227318,-0.06999,10.009477
1755407225687,0.31346,-0.017348,9.82493
1755407225689,0.251246,-0.046062,9.915857
1755407225691,0.334995,-0.05324,9.777073
1755407225693,0.258425,-0.014955,9.964012
1755407225696,0.294317,-0.017348,9.822537
1755407225698,0.253639,0.001795,9.903893
1755407225701,0.315853,-0.043669,9.889536
1755407225703,0.267996,-0.000598,9.877572
1755407225706,0.289532,-0.05324,9.899107
1755407225708,0.246461,0.011366,9.856036
1755407225710,0.299103,-0.012562,9.894321
1755407225713,0.234497,-0.010169,9.889536
1755407225715,0.308674,-0.022134,9.925428
1755407225717,0.294317,-0.031705,9.947263
1755407225720,0.275175,-0.012562,9.894321
1755407225722,0.294317,-0.026919,9.863214
1755407225725,0.267996,-0.046062,9.877572
1755407225727,0.267996,-0.046062,9.846465
1755407225730,0.27996,0.020937,9.829716
1755407225732,0.256032,0.001795,9.889536
1755407225735,0.306281,-0.005384,9.851251
1755407225737,0.270389,-0.012562,9.832108
1755407225740,0.33021,-0.007777,9.913465
1755407225742,0.303888,-0.041276,9.863214
1755407225744,0.272782,-0.019741,9.851251
1755407225747,0.291924,-0.019741,9.939785
1755407225750,0.270389,0.018544,9.88475
1755407225752,0.282353,-0.010169,9.872787
1755407225753,0.303888,-0.029312,9.913465
1755407225757,0.277567,-0.024526,9.858429
1755407225759,0.289532,-0.034098,9.856036
1755407225761,0.27996,-0.024526,9.872787
1755407225763,0.311067,-0.012562,9.865608
1755407225767,0.301496,-0.000598,9.887143
1755407225770,0.291924,-0.005384,9.872787
1755407225771,0.294317,0.00658,9.844072
1755407225774,0.27996,-0.038883,9.863214
1755407225775,0.287139,-0.034098,9.865608
1755407225778,0.27996,-0.048455,9.899107
1755407225780,0.265603,0.004187,9.868001
1755407225783,0.287139,-0.012562,9.879965
1755407225785,0.294317,-0.031705,9.863214
1755407225787,0.277567,-0.022134,9.875179
1755407225790,0.282353,-0.036491,9.899107
1755407225792,0.301496,-0.019741,9.889536
1755407225794,0.272782,-0.029312,9.882358
1755407225797,0.253639,-0.022134,9.860822
1755407225800,0.303888,0.00658,9.865608
1755407225803,0.29671,-0.007777,9.887143
1755407225804,0.277567,-0.002991,9.930214
1755407225807,0.277567,-0.067597,9.839287
1755407225809,0.256032,-0.002991,9.908679
1755407225811,0.308674,0.00658,9.820144
1755407225813,0.27996,-0.014955,9.927821
1755407225817,0.282353,-0.026919,9.815358
1755407225820,0.337388,-0.029312,9.834501
1755407225821,0.263211,-0.005384,10.035797
1755407225823,0.29671,-0.005384,9.82493
1755407225826,0.291924,-0.024526,10.033404
1755407225828,0.294317,-0.000598,9.745967
1755407225830,0.265603,-0.024526,9.882358
1755407225833,0.27996,-0.062812,9.822537
1755407225836,0.282353,-0.036491,9.923036
1755407225837,0.277567,-0.019741,9.872787
1755407225840,0.284746,-0.007777,9.743574
1755407225842,0.27996,-0.019741,10.03819
1755407225844,0.289532,-0.019741,9.793823
1755407225847,0.265603,-0.055633,9.973584
1755407225849,0.318245,-0.034098,9.777073
1755407225853,0.251246,-0.034098,9.930214
1755407225855,0.287139,-0.05324,9.755538
1755407225857,0.311067,-0.026919,9.911072
1755407225862,0.272782,-0.005384,9.932607
1755407225863,0.299103,-0.000598,9.77468
1755407225864,0.303888,-0.024526,10.028619
1755407225866,0.301496,0.030508,9.915857
1755407225870,0.234497,-0.034098,9.9015
1755407225871,0.277567,-0.067597,9.729217
1755407225873,0.294317,-0.05324,9.920643
1755407225876,0.308674,-0.005384,9.925428
1755407225878,0.334995,0.025723,9.832108
1755407225880,0.275175,0.008973,9.997512
1755407225883,0.294317,0.020937,9.868001
1755407225885,0.284746,-0.046062,9.942178
1755407225888,0.270389,-0.05324,9.707682
1755407225890,0.306281,-0.058026,9.851251
1755407225893,0.275175,0.008973,10.045368
1755407225895,0.263211,0.059222,9.932607
1755407225898,0.260818,-0.022134,9.839287
1755407225900,0.318245,-0.091525,9.710074
1755407225903,0.29671,-0.105882,9.920643
1755407225904,0.287139,-0.014955,9.944571
1755407225907,0.303888,0.047258,9.815358
1755407225909,0.239282,0.020937,9.975977
1755407225912,0.306281,0.018544,9.812965
1755407225914,0.267996,-0.050847,9.930214
1755407225916,0.29671,-0.067597,9.743574
1755407225919,0.272782,-0.012562,9.853643
1755407225921,0.287139,0.064008,10.090832
1755407225924,0.315853,0.059222,9.88475
1755407225926,0.246461,-0.055633,9.832108
1755407225928,0.258425,-0.089133,9.688539
1755407225931,0.275175,-0.074776,9.942178
1755407225933,0.301496,0.004187,9.966406
1755407225936,0.265603,0.04008,9.853643
1755407225938,0.248854,0.016152,9.971191
1755407225941,0.323031,-0.026919,9.812965
1755407225943,0.272782,-0.091525,9.927821
1755407225945,0.284746,-0.05324,9.743574
1755407225948,0.289532,-0.043669,9.829716
1755407225950,0.277567,0.032901,10.028619
1755407225953,0.287139,0.064008,9.925428
1755407225956,0.260818,-0.017348,9.942178
1755407225958,0.256032,-0.065204,9.671789
1755407225960,0.272782,-0.084347,9.913465
1755407225962,0.270389,-0.022134,9.860822
1755407225964,0.277567,0.013759,9.937392
1755407225967,0.299103,0.013759,9.913465
1755407225971,0.27996,-0.022134,9.827323
1755407225972,0.27996,-0.058026,9.899107
1755407225975,0.282353,-0.038883,9.827323
1755407225977,0.277567,-0.014955,9.930214
1755407225979,0.306281,0.042473,9.84168
1755407225981,0.282353,-0.007777,9.882358
1755407225984,0.33021,-0.043669,9.863214
1755407225987,0.277567,-0.024526,9.860822
1755407225990,0.31346,-0.007777,9.865608
1755407225991,0.301496,-0.014955,9.870394
1755407225993,0.282353,-0.010169,9.875179
1755407225995,0.301496,-0.017348,9.879965
1755407225998,0.284746,-0.050847,9.899107
1755407226000,0.299103,-0.012562,9.877572
1755407226004,0.275175,-0.041276,9.88475
1755407226005,0.265603,0.00658,9.88475
1755407226008,0.244068,-0.010169,9.899107
1755407226010,0.272782,-0.010169,9.891929
1755407226012,0.272782,-0.000598,9.882358
1755407226015,0.275175,-0.012562,9.882358
1755407226017,0.277567,-0.017348,9.887143
1755407226020,0.287139,-0.038883,9.889536
1755407226022,0.294317,-0.014955,9.877572
1755407226025,0.284746,-0.014955,9.88475
1755407226027,0.306281,-0.041276,9.870394
1755407226029,0.27996,-0.019741,9.872787
1755407226032,0.272782,-0.024526,9.887143
1755407226034,0.318245,-0.017348,9.868001
1755407226036,0.303888,-0.017348,9.896714
1755407226039,0.265603,-0.014955,9.889536
1755407226042,0.287139,-0.019741,9.889536
1755407226044,0.277567,0.008973,9.875179
1755407226046,0.294317,-0.034098,9.88475
1755407226048,0.320638,-0.010169,9.870394
1755407226051,0.29671,-0.017348,9.891929
1755407226053,0.270389,-0.019741,9.889536
1755407226056,0.267996,-0.041276,9.88475
1755407226058,0.320638,-0.041276,9.911072
1755407226060,0.315853,0.00658,9.88475
1755407226063,0.289532,-0.007777,9.903893
1755407226065,0.248854,0.001795,9.868001
1755407226067,0.29671,-0.005384,9.879965
1755407226070,0.270389,-0.010169,9.903893
1755407226073,0.267996,-0.022134,9.896714
1755407226075,0.323031,-0.017348,9.868001
1755407226077,0.251246,-0.019741,9.942178
1755407226080,0.263211,-0.002991,9.84168
1755407226082,0.282353,-0.031705,9.896714
1755407226084,0.253639,-0.019741,9.863214
1755407226087,0.287139,-0.019741,9.896714
1755407226089,0.284746,-0.031705,9.858429
1755407226092,0.275175,-0.034098,9.891929
1755407226094,0.306281,-0.050847,9.856036
1755407226097,0.308674,-0.026919,9.882358
1755407226099,0.277567,-0.029312,9.863214
1755407226101,0.299103,-0.029312,9.872787
1755407226104,0.323031,0.001795,9.899107
1755407226107,0.27996,-0.029312,9.870394
1755407226110,0.260818,-0.046062,9.877572
1755407226111,0.325424,-0.017348,9.877572
1755407226113,0.277567,-0.024526,9.891929
1755407226115,0.275175,-0.014955,9.877572
1755407226118,0.284746,-0.014955,9.908679
1755407226120,0.260818,-0.029312,9.896714
1755407226124,0.301496,-0.043669,9.860822
1755407226126,0.294317,-0.029312,9.930214
1755407226127,0.294317,-0.014955,9.80818
1755407226130,0.251246,-0.055633,10.011869
1755407226132,0.325424,0.004187,9.798609
1755407226135,0.31346,-0.050847,9.879965
1755407226137,0.29671,-0.007777,9.990334
1755407226140,0.37328,-0.017348,9.650253
1755407226143,0.188734,-0.098704,10.14826
1755407226144,0.411565,0.059222,9.690931
1755407226146,0.17677,-0.079561,10.009477
1755407226149,0.299103,0.030508,9.906285
1755407226151,0.361316,-0.034098,9.722038
1755407226154,0.138485,-0.06999,10.121939
1755407226157,0.435494,0.032901,9.619147
1755407226159,0.198604,-0.125025,10.109975
1755407226161,0.33021,0.035294,9.812965
1755407226163,0.289532,-0.081954,9.851251
1755407226166,0.224925,-0.050847,10.002297
1755407226168,0.368495,-0.007777,9.640682
1755407226170,0.169591,-0.043669,10.150653
1755407226174,0.421137,0.054437,9.645468
1755407226175,0.195912,-0.077169,10.076475
1755407226179,0.31346,0.052044,9.812965
1755407226180,0.308674,-0.048455,9.860822
1755407226183,0.253639,-0.000598,9.990334
1755407226185,0.358923,-0.038883,9.664611
1755407226187,0.22014,-0.043669,10.090832
1755407226192,0.411565,0.037687,9.640682
1755407226193,0.234497,-0.065204,10.069297
1755407226195,0.342174,0.030508,9.796216
1755407226197,0.282353,-0.048455,9.961619
1755407226199,0.241675,-0.002991,9.930214
1755407226202,0.332602,-0.017348,9.750752
1755407226204,0.212961,-0.067597,10.002297
1755407226207,0.351745,-0.012562,9.652647
1755407226210,0.205783,-0.050847,10.076475
1755407226212,0.349352,0.016152,9.745967
1755407226214,0.224925,-0.072383,10.014262
1755407226216,0.323031,0.037687,9.827323
1755407226219,0.244068,-0.038883,9.934999
1755407226221,0.33021,0.020937,9.875179
1755407226223,0.294317,-0.024526,9.88475
1755407226226,0.265603,0.008973,9.915857
1755407226228,0.303888,-0.060419,9.815358
1755407226231,0.212961,0.025723,9.990334
1755407226233,0.380459,-0.022134,9.712467
1755407226235,0.174377,-0.06999,10.045368
1755407226238,0.378066,-0.022134,9.68136
1755407226240,0.188734,-0.038883,10.138689
1755407226243,0.430708,0.018544,9.631111
1755407226245,0.17677,-0.079561,10.126724
1755407226248,0.387637,0.013759,9.635897
1755407226250,0.215354,-0.072383,10.107582
1755407226252,0.380459,0.00658,9.659825
1755407226254,0.217747,-0.06999,10.076475
1755407226257,0.323031,0.028116,9.700503
1755407226260,0.263211,-0.062812,10.076475
1755407226263,0.337388,0.001795,9.710074
1755407226264,0.251246,-0.060419,10.052547
1755407226266,0.349352,0.016152,9.68136
1755407226269,0.253639,-0.022134,10.028619
1755407226271,0.327817,0.035294,9.698111
1755407226273,0.236889,-0.038883,10.05494
1755407226276,0.356531,-0.019741,9.686146
1755407226279,0.215354,-0.036491,10.047761
1755407226281,0.327817,0.004187,9.698111
1755407226283,0.246461,-0.031705,10.03819
1755407226286,0.308674,0.011366,9.745967
1755407226288,0.229711,-0.038883,9.990334
1755407226290,0.320638,0.02333,9.798609
1755407226294,0.260818,-0.043669,9.990334
1755407226296,0.282353,0.004187,9.798609
1755407226298,0.275175,-0.026919,9.959227
1755407226300,0.284746,0.00658,9.801002
1755407226302,0.291924,-0.058026,9.937392
1755407226305,0.306281,-0.014955,9.827323
1755407226307,0.308674,-0.024526,9.913465
1755407226311,0.256032,0.013759,9.877572
1755407226312,0.311067,-0.017348,9.879965
1755407226315,0.270389,-0.041276,9.911072
1755407226317,0.33021,-0.007777,9.844072
1755407226319,0.263211,0.020937,9.894321
1755407226321,0.323031,-0.019741,9.851251
1755407226324,0.258425,0.001795,9.942178
1755407226328,0.325424,-0.017348,9.822537
1755407226329,0.217747,-0.005384,9.934999
1755407226331,0.337388,-0.022134,9.822537
1755407226334,0.234497,-0.019741,9.952048
1755407226336,0.332602,-0.002991,9.84168
1755407226338,0.301496,-0.031705,9.915857
1755407226341,0.334995,-0.017348,9.879965
1755407226345,0.265603,-0.034098,9.899107
1755407226347,0.282353,-0.012562,9.870394
1755407226348,0.294317,-0.038883,9.875179
1755407226350,0.291924,-0.026919,9.868001
1755407226353,0.299103,-0.014955,9.906285
1755407226355,0.272782,-0.002991,9.870394
1755407226357,0.29671,-0.019741,9.879965
1755407226361,0.265603,-0.022134,9.879965
1755407226362,0.260818,-0.019741,9.870394
1755407226365,0.299103,-0.019741,9.863214
1755407226367,0.267996,-0.017348,9.872787
1755407226369,0.303888,-0.012562,9.868001
1755407226372,0.289532,-0.029312,9.872787
1755407226374,0.315853,-0.031705,9.911072
1755407226379,0.291924,-0.010169,9.856036
1755407226381,0.27996,-0.029312,9.846465
1755407226382,0.301496,-0.026919,9.870394
1755407226384,0.29671,-0.031705,9.88475
1755407226387,0.31346,-0.012562,9.925428
1755407226389,0.303888,-0.036491,9.896714
1755407226391,0.282353,-0.041276,9.848858
1755407226396,0.267996,-0.026919,9.973584
1755407226397,0.299103,-0.024526,9.827323
1755407226399,0.267996,-0.005384,9.911072
1755407226400,0.282353,-0.036491,9.858429
1755407226403,0.27996,-0.017348,9.908679
1755407226405,0.251246,-0.017348,9.865608
1755407226407,0.284746,-0.002991,9.860822
1755407226410,0.303888,-0.002991,9.856036
1755407226413,0.265603,0.008973,9.9015
1755407226415,0.263211,-0.026919,9.868001
1755407226417,0.267996,-0.022134,9.9015
1755407226420,0.308674,-0.046062,9.870394
1755407226422,0.299103,-0.05324,9.9015
1755407226424,0.318245,0.030508,9.887143
1755407226427,0.265603,-0.002991,9.879965
1755407226430,0.299103,-0.014955,9.812965
1755407226432,0.311067,-0.019741,9.932607
1755407226434,0.320638,-0.000598,9.793823
1755407226436,0.299103,0.016152,9.903893
1755407226439,0.308674,0.008973,9.877572
1755407226441,0.291924,-0.031705,9.88475
1755407226444,0.282353,-0.026919,9.879965
1755407226446,0.299103,-0.019741,9.844072
1755407226450,0.263211,-0.031705,9.908679
1755407226451,0.315853,-0.017348,9.820144
1755407226453,0.265603,-0.036491,9.990334
1755407226455,0.303888,0.013759,9.767502
1755407226458,0.251246,-0.062812,9.947263
1755407226460,0.291924,0.008973,9.879965
1755407226463,0.301496,-0.034098,9.836894
1755407226465,0.217747,0.001795,9.990334
1755407226467,0.349352,-0.010169,9.731609
1755407226470,0.195912,0.001795,10.057333
1755407226472,0.399601,0.004187,9.683753
1755407226475,0.22014,-0.024526,10.126724
1755407226477,0.387637,-0.000598,9.640682
1755407226480,0.181555,-0.05324,10.138689
1755407226483,0.382852,0.001795,9.640682
1755407226485,0.164806,-0.041276,10.155438
1755407226487,0.411565,0.00658,9.590433
1755407226490,0.155234,-0.065204,10.169795
1755407226491,0.445065,0.004187,9.585648
1755407226494,0.169591,-0.048455,10.162617
1755407226497,0.394816,0.028116,9.58804
1755407226499,0.17677,-0.077169,10.13151
1755407226501,0.394816,-0.000598,9.614362
1755407226504,0.183948,-0.038883,10.117153
1755407226506,0.380459,0.032901,9.640682
1755407226508,0.198604,-0.041276,10.105189
1755407226511,0.349352,0.035294,9.678967
1755407226514,0.210568,-0.050847,10.033404
1755407226516,0.325424,-0.017348,9.68136
1755407226518,0.241675,-0.036491,10.033404
1755407226520,0.349352,0.011366,9.719646
1755407226523,0.256032,-0.029312,10.031012
1755407226525,0.332602,0.008973,9.719646
1755407226528,0.208176,-0.026919,10.033404
1755407226531,0.354138,-0.036491,9.729217
1755407226533,0.241675,-0.034098,10.040583
1755407226535,0.327817,-0.012562,9.724431
1755407226537,0.256032,-0.026919,10.066904
1755407226539,0.299103,0.004187,9.690931
1755407226542,0.246461,-0.024526,10.059726
1755407226545,0.344566,-0.019741,9.68136
1755407226548,0.251246,-0.017348,10.100404
1755407226550,0.332602,0.00658,9.688539
1755407226551,0.246461,-0.058026,10.119546
1755407226554,0.356531,0.004187,9.638289
1755407226556,0.248854,-0.031705,10.100404
1755407226559,0.394816,0.00658,9.667004
1755407226561,0.232104,-0.048455,10.107582
1755407226565,0.349352,0.011366,9.662218
1755407226567,0.198604,-0.036491,10.14826
1755407226568,0.327817,0.020937,9.640682
1755407226572,0.210568,-0.050847,10.107582
1755407226574,0.356531,-0.010169,9.647861
1755407226576,0.208176,-0.036491,10.112368
1755407226578,0.354138,0.008973,9.657433
1755407226581,0.19352,-0.058026,10.093225
1755407226584,0.332602,-0.000598,9.647861
1755407226588,0.232104,-0.072383,10.090832
1755407226589,0.358923,0.013759,9.667004
1755407226590,0.234497,-0.072383,10.133903
1755407226592,0.351745,0.00658,9.652647
1755407226595,0.217747,-0.055633,10.100404
1755407226597,0.366102,0.00658,9.674182
1755407226599,0.241675,-0.074776,10.064511
1755407226602,0.315853,-0.022134,9.729217
1755407226604,0.241675,-0.058026,10.028619
1755407226606,0.289532,-0.002991,9.74836
1755407226609,0.272782,-0.029312,9.966406
1755407226611,0.291924,-0.000598,9.832108
1755407226614,0.267996,-0.012562,9.891929
1755407226617,0.241675,-0.026919,9.779466
1755407226619,0.277567,-0.024526,9.913465
1755407226621,0.260818,-0.046062,9.9015
1755407226623,0.299103,0.00658,9.925428
1755407226626,0.234497,-0.017348,9.769895
1755407226628,0.33021,-0.019741,9.954441
1755407226630,0.282353,-0.046062,9.915857
1755407226633,0.270389,-0.017348,9.810573
1755407226635,0.253639,-0.007777,9.879965
1755407226638,0.323031,-0.022134,9.853643
1755407226640,0.256032,-0.010169,9.772287
1755407226643,0.33021,-0.036491,9.923036
1755407226645,0.227318,0.001795,9.829716
1755407226647,0.284746,-0.022134,9.899107
1755407226650,0.253639,-0.036491,9.710074
1755407226652,0.275175,-0.038883,9.858429
1755407226654,0.327817,-0.029312,9.954441
1755407226657,0.275175,-0.036491,9.757931
1755407226659,0.27996,-0.026919,9.925428
1755407226662,0.303888,-0.038883,9.777073
1755407226664,0.282353,-0.024526,9.863214
1755407226667,0.239282,-0.010169,9.822537
1755407226669,0.282353,-0.038883,9.889536
1755407226671,0.311067,-0.029312,9.88475
1755407226674,0.294317,-0.038883,9.877572
1755407226676,0.306281,-0.026919,9.937392
1755407226679,0.294317,-0.014955,9.925428
1755407226681,0.29671,-0.007777,9.990334
1755407226684,0.258425,-0.017348,9.870394
1755407226687,0.31346,-0.034098,9.944571
1755407226688,0.351745,-0.041276,9.934999
1755407226691,0.289532,-0.031705,9.801002
1755407226694,0.315853,-0.012562,9.894321
1755407226695,0.27996,-0.017348,9.952048
1755407226698,0.260818,0.00658,9.891929
1755407226701,0.308674,-0.026919,9.858429
1755407226702,0.358923,0.004187,9.954441
1755407226705,0.311067,-0.022134,9.868001
1755407226707,0.311067,-0.036491,9.872787
1755407226709,0.29671,-0.007777,9.920643
1755407226712,0.241675,-0.017348,9.863214
1755407226715,0.294317,-0.017348,9.836894
1755407226718,0.315853,-0.026919,9.899107
1755407226720,0.327817,-0.026919,9.88475
1755407226722,0.270389,-0.041276,9.875179
1755407226724,0.275175,-0.058026,9.882358
1755407226727,0.282353,-0.038883,9.877572
1755407226729,0.284746,-0.010169,9.882358
1755407226731,0.291924,-0.010169,9.894321
1755407226733,0.291924,-0.029312,9.932607
1755407226736,0.277567,-0.024526,9.889536
1755407226738,0.277567,-0.012562,9.91825
1755407226741,0.344566,-0.022134,9.698111
1755407226743,0.186341,-0.093918,10.083653
1755407226746,0.409173,0.030508,9.674182
1755407226748,0.140877,-0.029312,10.105189
1755407226750,0.344566,0.04008,9.662218
1755407226753,0.224925,-0.05324,10.069297
1755407226755,0.31346,0.004187,9.678967
1755407226757,0.224925,-0.038883,10.052547
1755407226760,0.339781,0.016152,9.712467
1755407226762,0.222533,-0.034098,10.076475
1755407226764,0.37328,0.02333,9.705289
1755407226767,0.198604,-0.043669,10.052547
1755407226769,0.358923,-0.007777,9.717253
1755407226772,0.239282,-0.05324,10.074082
1755407226775,0.342174,0.032901,9.652647
1755407226776,0.248854,-0.05324,10.088439
1755407226779,0.346959,-0.000598,9.671789
1755407226781,0.232104,-0.038883,10.093225
1755407226784,0.33021,-0.002991,9.669396
1755407226786,0.222533,-0.024526,10.13151
1755407226790,0.332602,0.011366,9.693324
1755407226791,0.198604,-0.024526,10.07169
1755407226794,0.363709,-0.026919,9.719646
1755407226796,0.188734,-0.034098,10.07169
1755407226798,0.320638,-0.041276,9.745967
1755407226801,0.22014,-0.002991,10.002297
1755407226804,0.334995,-0.048455,9.772287
1755407226805,0.260818,-0.017348,9.956834
1755407226808,0.284746,-0.072383,9.80818
1755407226810,0.265603,-0.007777,9.899107
1755407226813,0.299103,-0.017348,9.865608
1755407226815,0.251246,-0.019741,9.829716
1755407226817,0.275175,-0.029312,9.992726
1755407226820,0.284746,0.001795,9.726824
1755407226822,0.275175,-0.046062,10.062119
1755407226825,0.320638,0.016152,9.671789
1755407226827,0.210568,-0.041276,10.109975
1755407226830,0.337388,-0.007777,9.698111
1755407226832,0.224925,-0.024526,10.052547
1755407226834,0.332602,-0.024526,9.717253
1755407226837,0.239282,-0.031705,10.009477
1755407226841,0.294317,-0.05324,9.760324
1755407226843,0.253639,-0.007777,9.899107
1755407226844,0.323031,-0.05324,9.875179
1755407226847,0.315853,-0.005384,9.793823
1755407226848,0.236889,-0.036491,10.031012
1755407226851,0.33021,0.00658,9.767502
1755407226854,0.27996,-0.019741,10.069297
1755407226856,0.29671,-0.012562,9.68136
1755407226858,0.291924,-0.055633,9.975977
1755407226861,0.323031,-0.026919,9.767502
1755407226863,0.275175,-0.043669,9.872787
1755407226865,0.289532,0.018544,9.992726
1755407226868,0.33021,0.044865,9.844072
1755407226871,0.244068,-0.026919,9.997512
1755407226872,0.287139,-0.029312,9.674182
1755407226875,0.253639,-0.098704,9.913465
1755407226877,0.291924,-0.050847,9.887143
1755407226880,0.318245,0.044865,9.952048
1755407226882,0.277567,0.044865,10.002297
1755407226885,0.327817,-0.019741,9.674182
1755407226888,0.282353,-0.14656,9.891929
1755407226890,0.337388,-0.060419,9.88475
1755407226893,0.320638,0.071186,10.019048
1755407226895,0.284746,0.087936,9.954441
1755407226896,0.289532,-0.084347,9.695718
1755407226899,0.275175,-0.139382,9.844072
1755407226902,0.277567,-0.022134,9.964012
1755407226905,0.308674,0.0999,9.952048
1755407226909,0.251246,0.059222,9.966406
1755407226910,0.320638,-0.10349,9.683753
1755407226911,0.29671,-0.122632,9.865608
1755407226913,0.282353,0.035294,9.992726
1755407226915,0.318245,0.083151,9.836894
1755407226918,0.256032,-0.058026,9.906285
1755407226920,0.299103,-0.156132,9.805787
1755407226924,0.318245,-0.005384,9.987941
1755407226925,0.270389,0.085543,9.975977
1755407226928,0.291924,0.008973,9.736395
1755407226930,0.275175,-0.139382,9.887143
1755407226932,0.320638,-0.041276,9.903893
1755407226935,0.291924,0.030508,9.84168
1755407226937,0.267996,0.00658,9.925428
1755407226940,0.315853,-0.08674,9.832108
1755407226942,0.27996,-0.036491,9.956834
1755407226944,0.267996,0.025723,9.894321
1755407226948,0.301496,0.025723,9.769895
1755407226949,0.29671,-0.091525,9.896714
1755407226952,0.31346,-0.08674,9.863214
1755407226954,0.263211,0.028116,9.899107
1755407226957,0.282353,0.042473,9.923036
1755407226959,0.294317,-0.017348,9.906285
1755407226961,0.275175,-0.002991,9.872787
1755407226964,0.284746,-0.065204,9.731609
1755407226966,0.265603,-0.074776,9.961619
1755407226968,0.351745,-0.017348,9.877572
1755407226971,0.234497,-0.012562,9.911072
1755407226973,0.260818,-0.034098,9.860822
1755407226975,0.267996,-0.024526,9.911072
1755407226978,0.277567,-0.014955,9.863214
1755407226981,0.263211,-0.012562,9.966406
1755407226983,0.289532,0.016152,9.827323
1755407226985,0.253639,0.013759,9.894321
1755407226987,0.258425,-0.050847,9.882358
1755407226990,0.294317,-0.019741,9.868001
1755407226993,0.253639,-0.014955,9.882358
1755407226995,0.263211,-0.026919,9.810573
1755407226998,0.291924,-0.022134,9.973584
1755407227000,0.33021,0.016152,9.846465
1755407227002,0.205783,-0.058026,9.906285
1755407227004,0.29671,-0.048455,9.779466
1755407227007,0.260818,-0.029312,9.903893
1755407227010,0.263211,-0.026919,9.947263
1755407227011,0.287139,-0.014955,9.894321
1755407227014,0.294317,0.013759,9.899107
1755407227016,0.27996,-0.024526,9.875179
1755407227019,0.327817,-0.041276,9.856036
1755407227021,0.27996,-0.029312,9.894321
1755407227024,0.289532,0.016152,9.906285
1755407227026,0.260818,-0.034098,9.829716
1755407227028,0.282353,-0.050847,9.870394
1755407227031,0.303888,-0.000598,9.906285
1755407227033,0.260818,-0.005384,9.872787
1755407227035,0.299103,-0.034098,9.932607
1755407227038,0.272782,-0.060419,9.84168
1755407227041,0.229711,-0.010169,9.937392
1755407227043,0.284746,0.025723,9.915857
1755407227045,0.272782,0.008973,9.872787
1755407227048,0.311067,-0.022134,9.812965
1755407227050,0.267996,-0.048455,9.942178
1755407227052,0.294317,-0.05324,9.844072
1755407227055,0.260818,0.016152,9.863214
1755407227058,0.263211,0.00658,9.896714
1755407227060,0.284746,0.001795,9.91825
1755407227062,0.265603,-0.031705,9.908679
1755407227065,0.248854,-0.005384,9.891929
1755407227067,0.253639,-0.024526,9.879965
1755407227069,0.303888,-0.046062,9.79143
1755407227071,0.282353,-0.024526,9.91825
1755407227075,0.289532,0.016152,9.911072
1755407227077,0.248854,-0.002991,9.872787
1755407227079,0.282353,-0.050847,9.88475
1755407227081,0.282353,-0.014955,9.906285
1755407227083,0.272782,-0.014955,9.891929
1755407227086,0.260818,-0.031705,9.903893
1755407227088,0.311067,-0.017348,9.863214
1755407227091,0.253639,-0.007777,9.9015
1755407227094,0.277567,-0.046062,9.863214
1755407227095,0.267996,-0.055633,9.875179
1755407227098,0.284746,-0.031705,9.865608
1755407227100,0.265603,-0.014955,9.889536
1755407227103,0.291924,0.001795,9.872787
1755407227105,0.294317,-0.029312,9.913465
1755407227107,0.267996,-0.029312,9.88475
1755407227112,0.303888,-0.017348,9.868001
1755407227114,0.291924,-0.022134,9.906285
1755407227115,0.299103,-0.022134,9.88475
1755407227117,0.275175,-0.031705,9.865608
1755407227119,0.253639,-0.007777,9.891929
1755407227122,0.301496,-0.012562,9.870394
1755407227124,0.29671,-0.029312,9.839287
1755407227127,0.246461,0.001795,9.827323
1755407227129,0.294317,-0.048455,9.877572
1755407227131,0.239282,-0.017348,9.896714
1755407227134,0.270389,-0.026919,9.942178
1755407227136,0.284746,-0.019741,9.911072
1755407227138,0.251246,0.020937,9.906285
1755407227141,0.306281,-0.022134,9.858429
1755407227144,0.272782,-0.014955,9.832108
1755407227146,0.229711,-0.019741,9.860822
1755407227148,0.234497,-0.002991,9.877572
1755407227150,0.272782,-0.007777,9.872787
1755407227153,0.29671,-0.014955,9.911072
1755407227156,0.303888,0.001795,9.879965
1755407227158,0.241675,0.004187,9.834501
1755407227161,0.299103,-0.007777,9.911072
1755407227164,0.301496,-0.022134,9.903893
1755407227166,0.315853,-0.017348,9.911072
1755407227167,0.272782,-0.060419,9.932607
1755407227170,0.282353,-0.058026,9.903893
1755407227172,0.275175,-0.017348,9.88475
1755407227175,0.265603,-0.034098,9.870394
1755407227178,0.284746,-0.031705,9.875179
1755407227179,0.265603,-0.036491,9.858429
1755407227182,0.263211,-0.055633,9.9015
1755407227184,0.263211,-0.038883,9.913465
1755407227186,0.311067,-0.034098,9.949656
1755407227189,0.31346,-0.034098,9.961619
1755407227191,0.289532,-0.024526,9.913465
1755407227194,0.258425,-0.046062,9.868001
1755407227197,0.282353,-0.031705,9.863214
1755407227199,0.29671,-0.017348,9.860822
1755407227201,0.272782,-0.038883,9.891929
1755407227203,0.277567,-0.034098,9.860822
1755407227206,0.287139,-0.05324,9.889536
1755407227208,0.263211,-0.043669,9.88475
1755407227211,0.303888,-0.002991,9.932607
1755407227213,0.325424,-0.022134,9.911072
1755407227217,0.291924,-0.024526,9.889536
1755407227218,0.275175,-0.031705,9.863214
1755407227220,0.277567,-0.024526,9.870394
1755407227222,0.260818,-0.031705,9.834501
1755407227225,0.306281,-0.029312,9.879965
1755407227228,0.318245,-0.010169,9.88475
1755407227231,0.308674,-0.034098,9.899107
1755407227232,0.284746,-0.014955,9.84168
1755407227235,0.282353,-0.022134,9.896714
1755407227237,0.260818,-0.024526,9.903893
1755407227239,0.284746,0.011366,9.882358
1755407227242,0.29671,0.00658,9.908679
1755407227245,0.301496,-0.038883,9.865608
1755407227247,0.301496,-0.041276,9.894321
1755407227249,0.284746,-0.010169,9.894321
1755407227251,0.315853,-0.036491,9.88475
1755407227253,0.303888,0.004187,9.870394
1755407227256,0.284746,-0.041276,9.877572
1755407227258,0.306281,-0.014955,9.865608
1755407227262,0.29671,-0.019741,9.872787
1755407227264,0.267996,-0.036491,9.88475
1755407227266,0.303888,-0.036491,9.875179
1755407227268,0.287139,-0.029312,9.865608
1755407227270,0.31346,-0.022134,9.887143
1755407227273,0.270389,0.001795,9.903893
1755407227275,0.263211,-0.017348,9.882358
1755407227279,0.284746,-0.022134,9.879965
1755407227280,0.287139,-0.007777,9.872787
1755407227282,0.287139,-0.019741,9.860822
1755407227284,0.277567,-0.014955,9.879965
1755407227287,0.299103,-0.000598,9.879965
1755407227289,0.272782,-0.019741,9.879965
1755407227292,0.267996,-0.017348,9.889536
1755407227294,0.270389,-0.024526,9.894321
1755407227297,0.29671,-0.038883,9.908679
1755407227299,0.270389,-0.024526,9.894321
1755407227301,0.265603,-0.019741,9.899107
1755407227304,0.275175,-0.065204,9.882358
1755407227307,0.287139,-0.012562,9.894321
1755407227309,0.294317,-0.019741,9.908679
1755407227311,0.275175,-0.043669,9.860822
1755407227314,0.291924,-0.048455,9.887143
1755407227316,0.287139,-0.05324,9.879965
1755407227319,0.311067,-0.012562,9.88475
1755407227320,0.306281,-0.029312,9.875179
1755407227323,0.287139,-0.024526,9.872787
1755407227325,0.27996,-0.012562,9.887143
1755407227328,0.253639,-0.014955,9.88475
1755407227331,0.282353,-0.002991,9.877572
1755407227334,0.27996,-0.017348,9.88475
1755407227336,0.270389,-0.031705,9.88475
1755407227337,0.277567,-0.060419,9.9015
1755407227340,0.270389,-0.034098,9.872787
1755407227342,0.282353,-0.029312,9.887143
1755407227344,0.303888,-0.022134,9.872787
1755407227347,0.275175,-0.019741,9.887143
1755407227350,0.270389,0.001795,9.891929
1755407227352,0.282353,-0.029312,9.858429
1755407227354,0.299103,-0.022134,9.863214
1755407227357,0.301496,-0.026919,9.913465
1755407227359,0.29671,-0.050847,9.88475
1755407227362,0.301496,-0.010169,9.903893
1755407227365,0.289532,-0.022134,9.887143
1755407227367,0.303888,-0.029312,9.851251
1755407227369,0.289532,-0.017348,9.889536
1755407227371,0.275175,-0.012562,9.887143
1755407227373,0.263211,-0.043669,9.877572
1755407227376,0.277567,0.001795,9.906285
1755407227378,0.251246,-0.000598,9.887143
1755407227381,0.289532,-0.019741,9.889536
1755407227383,0.289532,-0.034098,9.863214
1755407227385,0.263211,-0.067597,9.879965
1755407227388,0.282353,-0.031705,9.877572
1755407227390,0.301496,-0.038883,9.88475
1755407227392,0.239282,-0.019741,9.879965
1755407227395,0.270389,-0.005384,9.875179
1755407227398,0.256032,-0.038883,9.891929
1755407227400,0.282353,-0.048455,9.891929
1755407227403,0.291924,-0.010169,9.879965
1755407227404,0.29671,-0.029312,9.879965
1755407227407,0.301496,-0.022134,9.879965
1755407227410,0.289532,-0.026919,9.863214
1755407227412,0.277567,-0.010169,9.868001
1755407227415,0.294317,-0.012562,9.868001
1755407227417,0.303888,0.011366,9.875179
1755407227419,0.315853,-0.019741,9.860822
1755407227421,0.29671,-0.024526,9.903893
1755407227423,0.284746,-0.007777,9.868001
1755407227426,0.308674,0.008973,9.903893
1755407227428,0.287139,-0.031705,9.891929
1755407227432,0.287139,-0.041276,9.863214
1755407227434,0.299103,-0.024526,9.872787
1755407227435,0.284746,-0.010169,9.896714
1755407227438,0.284746,-0.014955,9.860822
1755407227441,0.272782,-0.005384,9.896714
1755407227443,0.306281,-0.005384,9.877572
1755407227445,0.303888,-0.034098,9.903893
1755407227449,0.282353,-0.024526,9.894321
1755407227452,0.272782,-0.017348,9.894321
1755407227453,0.291924,-0.010169,9.848858
1755407227455,0.289532,-0.017348,9.879965
1755407227457,0.289532,-0.017348,9.872787
1755407227459,0.275175,-0.012562,9.894321
1755407227462,0.277567,-0.019741,9.887143
1755407227464,0.291924,-0.034098,9.882358
