1755407457961,0.29671,-0.038883,9.891929
1755407457963,0.260818,-0.055633,9.858429
1755407457964,0.282353,-0.012562,9.894321
1755407457965,0.260818,0.00658,9.865608
1755407457966,0.29671,-0.019741,9.875179
1755407457967,0.253639,-0.022134,9.913465
1755407457968,0.287139,-0.007777,9.913465
1755407457968,0.291924,-0.000598,9.887143
1755407457969,0.289532,-0.007777,9.920643
1755407457970,0.265603,-0.022134,9.911072
1755407457971,0.275175,-0.010169,9.882358
1755407457971,0.282353,0.008973,9.899107
1755407457972,0.29671,-0.026919,9.858429
1755407457973,0.258425,-0.041276,9.868001
1755407457974,0.27996,-0.019741,9.879965
1755407457975,0.272782,-0.043669,9.875179
1755407457975,0.275175,-0.031705,9.863214
1755407457975,0.275175,-0.014955,9.899107
1755407457975,0.291924,-0.017348,9.887143
1755407457976,0.277567,-0.014955,9.868001
1755407457976,0.289532,-0.010169,9.923036
1755407457976,0.275175,-0.038883,9.868001
1755407457977,0.270389,-0.022134,9.88475
1755407457977,0.299103,-0.010169,9.889536
1755407457977,0.267996,-0.022134,9.882358
1755407457978,0.299103,-0.010169,9.882358
1755407457978,0.277567,0.001795,9.88475
1755407457978,0.29671,-0.026919,9.872787
1755407457979,0.301496,-0.005384,9.877572
1755407457979,0.29671,-0.034098,9.872787
1755407457979,0.291924,-0.019741,9.894321
1755407457980,0.315853,-0.005384,9.875179
1755407457980,0.27996,-0.043669,9.915857
1755407457981,0.294317,-0.014955,9.896714
1755407457981,0.299103,-0.038883,9.877572
1755407457981,0.320638,-0.043669,9.868001
1755407457982,0.29671,-0.043669,9.872787
1755407457982,0.284746,-0.000598,9.887143
1755407457982,0.265603,-0.046062,9.879965
1755407457983,0.277567,-0.055633,9.891929
1755407457983,0.287139,-0.055633,9.896714
1755407457984,0.272782,-0.019741,9.875179
1755407457984,0.248854,-0.019741,9.877572
1755407457984,0.270389,-0.029312,9.879965
1755407457986,0.272782,-0.005384,9.891929
1755407457988,0.265603,-0.005384,9.877572
1755407457991,0.282353,-0.029312,9.882358
1755407457993,0.270389,-0.029312,9.868001
1755407457996,0.289532,-0.024526,9.882358
1755407457997,0.253639,-0.024526,9.887143
1755407458000,0.270389,-0.019741,9.899107
1755407458003,0.282353,-0.048455,9.879965
1755407458005,0.270389,-0.005384,9.88475
1755407458007,0.303888,-0.019741,9.877572
1755407458009,0.318245,-0.005384,9.896714
1755407458015,0.323031,-0.031705,9.891929
1755407458016,0.299103,-0.029312,9.872787
1755407458017,0.299103,-0.019741,9.870394
1755407458019,0.277567,-0.034098,9.889536
1755407458021,0.275175,-0.029312,9.879965
1755407458024,0.301496,-0.019741,9.889536
1755407458026,0.287139,-0.026919,9.889536
1755407458029,0.275175,-0.007777,9.896714
1755407458031,0.275175,-0.000598,9.877572
1755407458034,0.277567,-0.036491,9.877572
1755407458037,0.311067,-0.026919,9.889536
1755407458038,0.299103,-0.014955,9.9015
1755407458041,0.272782,-0.017348,9.908679
1755407458043,0.272782,-0.031705,9.896714
1755407458046,0.287139,-0.026919,9.889536
1755407458048,0.315853,-0.005384,9.858429
1755407458050,0.311067,-0.029312,9.870394
1755407458053,0.284746,-0.038883,9.860822
1755407458055,0.270389,-0.031705,9.889536
1755407458057,0.308674,-0.029312,9.915857
1755407458061,0.248854,-0.024526,9.889536
1755407458063,0.287139,-0.026919,9.889536
1755407458065,0.284746,-0.034098,9.891929
1755407458067,0.260818,-0.034098,9.872787
1755407458069,0.267996,-0.002991,9.868001
1755407458072,0.287139,0.004187,9.889536
1755407458075,0.284746,-0.026919,9.903893
1755407458077,0.277567,-0.034098,9.899107
1755407458079,0.277567,-0.041276,9.879965
1755407458082,0.294317,-0.029312,9.896714
1755407458084,0.31346,-0.031705,9.887143
1755407458087,0.275175,-0.036491,9.877572
1755407458089,0.291924,-0.024526,9.860822
1755407458091,0.265603,-0.014955,9.88475
1755407458093,0.263211,-0.007777,9.891929
1755407458096,0.256032,-0.019741,9.875179
1755407458102,0.263211,-0.012562,9.872787
1755407458103,0.320638,-0.012562,9.889536
1755407458105,0.29671,-0.022134,9.877572
1755407458106,0.294317,-0.036491,9.872787
1755407458108,0.294317,-0.038883,9.875179
1755407458111,0.308674,-0.029312,9.868001
1755407458113,0.272782,-0.041276,9.896714
1755407458115,0.289532,-0.005384,9.896714
1755407458118,0.239282,-0.022134,9.860822
1755407458120,0.272782,0.001795,9.870394
1755407458122,0.267996,-0.014955,9.875179
1755407458125,0.287139,-0.048455,9.889536
1755407458127,0.284746,-0.005384,9.863214
1755407458130,0.267996,0.011366,9.872787
1755407458132,0.253639,-0.022134,9.879965
1755407458135,0.272782,-0.019741,9.870394
1755407458137,0.29671,-0.005384,9.870394
1755407458139,0.31346,-0.014955,9.903893
1755407458142,0.289532,-0.019741,9.872787
1755407458144,0.275175,-0.036491,9.860822
1755407458148,0.315853,-0.022134,9.882358
1755407458150,0.291924,0.02333,9.887143
1755407458151,0.29671,-0.012562,9.9015
1755407458153,0.299103,-0.014955,9.882358
1755407458156,0.294317,-0.029312,9.882358
1755407458159,0.284746,-0.019741,9.865608
1755407458161,0.270389,0.00658,9.9015
1755407458165,0.282353,-0.036491,9.887143
1755407458166,0.299103,-0.019741,9.879965
1755407458168,0.284746,-0.029312,9.889536
1755407458170,0.291924,-0.041276,9.891929
1755407458172,0.282353,-0.014955,9.891929
1755407458175,0.270389,-0.012562,9.889536
1755407458177,0.275175,-0.031705,9.894321
1755407458180,0.29671,-0.055633,9.863214
1755407458182,0.289532,-0.034098,9.882358
1755407458185,0.31346,-0.012562,9.872787
1755407458187,0.284746,-0.031705,9.882358
1755407458189,0.263211,-0.055633,9.889536
1755407458192,0.27996,-0.041276,9.9015
1755407458195,0.260818,-0.050847,9.879965
1755407458196,0.27996,-0.034098,9.882358
1755407458200,0.291924,-0.014955,9.88475
1755407458202,0.287139,-0.017348,9.894321
1755407458204,0.291924,-0.007777,9.899107
1755407458207,0.29671,-0.029312,9.911072
1755407458208,0.291924,-0.058026,9.870394
1755407458211,0.294317,-0.034098,9.860822
1755407458213,0.272782,-0.036491,9.882358
1755407458217,0.291924,-0.024526,9.877572
1755407458219,0.272782,-0.026919,9.887143
1755407458221,0.299103,-0.007777,9.899107
1755407458223,0.33021,0.004187,9.899107
1755407458225,0.291924,-0.038883,9.870394
1755407458228,0.275175,-0.043669,9.891929
1755407458230,0.282353,-0.026919,9.911072
1755407458233,0.277567,-0.007777,9.906285
1755407458236,0.260818,0.008973,9.9015
1755407458237,0.306281,-0.010169,9.887143
1755407458240,0.263211,-0.010169,9.88475
1755407458243,0.29671,-0.005384,9.899107
1755407458244,0.291924,-0.029312,9.88475
1755407458247,0.294317,-0.014955,9.894321
1755407458250,0.306281,-0.022134,9.88475
1755407458252,0.282353,-0.000598,9.872787
1755407458254,0.301496,-0.019741,9.875179
1755407458256,0.270389,-0.043669,9.856036
1755407458259,0.287139,-0.007777,9.839287
1755407458261,0.284746,-0.041276,9.887143
1755407458263,0.291924,-0.043669,9.887143
1755407458267,0.27996,-0.031705,9.872787
1755407458269,0.301496,-0.014955,9.863214
1755407458271,0.27996,-0.005384,9.872787
1755407458273,0.251246,-0.012562,9.889536
1755407458276,0.31346,0.013759,9.877572
1755407458278,0.308674,-0.002991,9.877572
1755407458281,0.284746,-0.038883,9.870394
1755407458284,0.289532,0.001795,9.879965
1755407458286,0.282353,-0.005384,9.846465
1755407458288,0.282353,-0.029312,9.88475
1755407458290,0.263211,-0.017348,9.848858
1755407458293,0.284746,-0.005384,9.877572
1755407458295,0.284746,-0.000598,9.88475
1755407458297,0.294317,-0.010169,9.870394
1755407458301,0.29671,-0.031705,9.913465
1755407458303,0.270389,-0.026919,9.872787
1755407458304,0.334995,-0.019741,9.868001
1755407458307,0.291924,-0.024526,9.899107
1755407458310,0.299103,-0.026919,9.879965
1755407458311,0.294317,-0.017348,9.882358
1755407458314,0.275175,-0.034098,9.879965
1755407458318,0.301496,0.020937,9.88475
1755407458321,0.267996,0.004187,9.870394
1755407458322,0.277567,-0.012562,9.863214
1755407458323,0.284746,-0.036491,9.872787
1755407458326,0.267996,-0.048455,9.865608
1755407458329,0.248854,-0.036491,9.88475
1755407458331,0.270389,-0.050847,9.879965
1755407458335,0.303888,-0.019741,9.865608
1755407458336,0.294317,-0.014955,9.872787
1755407458338,0.265603,-0.041276,9.889536
1755407458340,0.270389,-0.026919,9.887143
1755407458343,0.287139,-0.024526,9.891929
1755407458345,0.277567,0.001795,9.889536
1755407458347,0.29671,-0.014955,9.872787
1755407458352,0.277567,-0.024526,9.896714
1755407458353,0.301496,-0.031705,9.875179
1755407458355,0.27996,-0.019741,9.875179
1755407458357,0.301496,-0.007777,9.887143
1755407458360,0.275175,-0.024526,9.868001
1755407458362,0.284746,-0.017348,9.891929
1755407458364,0.275175,-0.000598,9.889536
1755407458367,0.277567,-0.024526,9.896714
1755407458370,0.272782,-0.031705,9.877572
1755407458372,0.272782,-0.034098,9.877572
1755407458374,0.29671,-0.024526,9.865608
1755407458376,0.27996,-0.038883,9.882358
1755407458379,0.260818,-0.000598,9.868001
1755407458381,0.282353,-0.010169,9.877572
1755407458383,0.294317,-0.000598,9.899107
1755407458386,0.291924,-0.007777,9.887143
1755407458388,0.291924,-0.026919,9.9015
1755407458391,0.284746,-0.026919,9.88475
1755407458393,0.260818,-0.058026,9.865608
1755407458395,0.294317,-0.019741,9.879965
1755407458398,0.291924,-0.010169,9.896714
1755407458400,0.325424,-0.024526,9.877572
1755407458403,0.29671,-0.029312,9.875179
1755407458405,0.277567,-0.031705,9.88475
1755407458407,0.325424,0.001795,9.879965
1755407458411,0.301496,-0.029312,9.877572
1755407458412,0.277567,-0.029312,9.856036
1755407458415,0.277567,-0.014955,9.877572
1755407458422,0.251246,-0.034098,9.879965
1755407458423,0.270389,-0.019741,9.88475
1755407458424,0.29671,-0.036491,9.856036
1755407458424,0.282353,-0.024526,9.853643
1755407458433,0.291924,-0.048455,9.872787
1755407458434,0.306281,-0.060419,9.882358
1755407458435,0.277567,-0.029312,9.865608
1755407458436,0.291924,-0.019741,9.882358
1755407458443,0.31346,-0.048455,9.906285
1755407458445,0.315853,-0.024526,9.846465
1755407458445,0.277567,0.001795,9.856036
1755407458446,0.277567,-0.017348,9.877572
1755407458447,0.294317,-0.024526,9.891929
1755407458448,0.258425,-0.014955,9.875179
1755407458450,0.289532,-0.017348,9.877572
1755407458454,0.282353,-0.022134,9.913465
1755407458455,0.323031,-0.007777,9.891929
1755407458458,0.277567,-0.029312,9.879965
1755407458460,0.27996,-0.014955,9.870394
1755407458462,0.267996,-0.024526,9.896714
1755407458465,0.282353,-0.029312,9.872787
1755407458473,0.291924,-0.031705,9.889536
1755407458475,0.301496,-0.031705,9.868001
1755407458476,0.318245,0.001795,9.894321
1755407458477,0.287139,-0.002991,9.9015
1755407458478,0.275175,-0.031705,9.88475
1755407458479,0.239282,-0.058026,9.896714
1755407458481,0.29671,0.018544,9.879965
1755407458484,0.323031,-0.031705,9.88475
1755407458487,0.267996,-0.048455,9.88475
1755407458489,0.260818,-0.000598,9.882358
1755407458491,0.277567,-0.050847,9.868001
1755407458493,0.282353,-0.017348,9.879965
1755407458496,0.294317,-0.029312,9.872787
1755407458498,0.299103,-0.002991,9.911072
1755407458501,0.315853,-0.024526,9.920643
1755407458504,0.318245,-0.036491,9.906285
1755407458506,0.275175,-0.031705,9.77468
1755407458508,0.246461,-0.017348,9.9015
1755407458511,0.299103,-0.000598,9.9015
1755407458513,0.320638,-0.000598,9.872787
1755407458515,0.27996,-0.036491,9.805787
1755407458518,0.277567,-0.014955,9.911072
1755407458524,0.299103,-0.019741,9.906285
1755407458525,0.275175,-0.010169,9.934999
1755407458526,0.339781,-0.026919,9.729217
1755407458527,0.20339,-0.084347,9.97837
1755407458529,0.378066,0.008973,9.765109
1755407458532,0.222533,-0.038883,10.009477
1755407458534,0.291924,0.018544,9.863214
1755407458538,0.299103,-0.058026,9.879965
1755407458540,0.260818,-0.000598,9.908679
1755407458542,0.303888,-0.036491,9.812965
1755407458544,0.248854,-0.005384,9.954441
1755407458546,0.301496,-0.029312,9.801002
1755407458548,0.234497,-0.022134,9.987941
1755407458551,0.349352,-0.038883,9.74836
1755407458554,0.200997,-0.014955,10.033404
1755407458556,0.366102,-0.010169,9.722038
1755407458558,0.200997,-0.043669,10.078868
1755407458561,0.387637,0.004187,9.707682
1755407458563,0.186341,-0.024526,10.086046
1755407458566,0.378066,-0.012562,9.676575
1755407458568,0.188734,-0.058026,10.093225
1755407458570,0.399601,-0.012562,9.667004
1755407458573,0.164806,-0.062812,10.093225
1755407458575,0.380459,-0.010169,9.674182
1755407458577,0.20339,-0.041276,10.083653
1755407458580,0.392423,0.016152,9.686146
1755407458583,0.17677,-0.046062,10.098011
1755407458585,0.356531,0.004187,9.698111
1755407458587,0.205783,-0.043669,10.081261
1755407458591,0.366102,0.008973,9.707682
1755407458593,0.19352,-0.050847,10.028619
1755407458594,0.366102,0.020937,9.698111
1755407458597,0.224925,-0.029312,10.026226
1755407458599,0.346959,-0.031705,9.729217
1755407458601,0.210568,-0.062812,10.009477
1755407458604,0.327817,-0.007777,9.724431
1755407458606,0.253639,-0.038883,10.011869
1755407458609,0.318245,-0.002991,9.726824
1755407458611,0.229711,-0.024526,9.973584
1755407458614,0.323031,-0.043669,9.805787
1755407458616,0.287139,0.001795,9.925428
1755407458618,0.31346,-0.012562,9.920643
1755407458621,0.27996,-0.005384,9.844072
1755407458624,0.27996,-0.041276,9.980762
1755407458627,0.294317,0.011366,9.844072
1755407458629,0.246461,-0.005384,9.947263
1755407458630,0.303888,-0.007777,9.79143
1755407458632,0.27996,-0.034098,9.985548
1755407458635,0.318245,-0.041276,9.745967
1755407458637,0.284746,-0.060419,9.939785
1755407458640,0.334995,-0.000598,9.856036
1755407458643,0.315853,-0.002991,9.889536
1755407458645,0.303888,0.001795,9.956834
1755407458647,0.291924,-0.010169,9.882358
1755407458649,0.277567,-0.022134,9.927821
1755407458652,0.287139,-0.05324,9.812965
1755407458654,0.248854,-0.048455,9.952048
1755407458657,0.284746,-0.014955,9.765109
1755407458659,0.277567,-0.000598,9.913465
1755407458661,0.248854,0.011366,9.959227
1755407458664,0.275175,0.008973,9.858429
1755407458666,0.29671,-0.022134,9.944571
1755407458673,0.29671,-0.000598,9.784252
1755407458676,0.256032,-0.05324,9.971191
1755407458679,0.277567,-0.029312,9.803394
1755407458680,0.301496,-0.043669,9.927821
1755407458681,0.294317,0.001795,9.887143
1755407458682,0.294317,-0.007777,9.848858
1755407458686,0.275175,-0.043669,9.942178
1755407458689,0.287139,-0.022134,9.803394
1755407458691,0.246461,-0.065204,9.968799
1755407458691,0.294317,-0.012562,9.789038
1755407458693,0.258425,-0.041276,9.995119
1755407458695,0.27996,0.001795,9.82493
1755407458697,0.284746,-0.026919,9.947263
1755407458700,0.289532,-0.012562,9.812965
1755407458702,0.246461,-0.026919,9.932607
1755407458705,0.301496,-0.022134,9.844072
1755407458708,0.287139,-0.005384,9.908679
1755407458709,0.267996,-0.055633,9.851251
1755407458712,0.289532,-0.026919,9.875179
1755407458714,0.291924,-0.019741,9.875179
1755407458717,0.260818,0.013759,9.887143
1755407458719,0.323031,-0.036491,9.882358
1755407458722,0.265603,0.001795,9.899107
1755407458724,0.320638,-0.05324,9.812965
1755407458726,0.263211,-0.002991,9.985548
1755407458729,0.351745,-0.038883,9.772287
1755407458731,0.267996,-0.046062,9.887143
1755407458733,0.270389,-0.046062,9.810573
1755407458736,0.275175,-0.005384,9.836894
1755407458738,0.284746,-0.012562,10.016655
1755407458740,0.320638,0.016152,9.863214
1755407458743,0.258425,-0.024526,9.985548
1755407458746,0.318245,-0.017348,9.796216
1755407458748,0.236889,-0.017348,9.939785
1755407458750,0.303888,-0.062812,9.765109
1755407458752,0.246461,0.004187,9.973584
1755407458755,0.29671,-0.034098,9.769895
1755407458757,0.260818,-0.05324,9.959227
1755407458760,0.318245,0.013759,9.781859
1755407458763,0.260818,-0.034098,9.903893
1755407458765,0.31346,-0.005384,9.942178
1755407458767,0.294317,0.016152,9.750752
1755407458770,0.277567,-0.091525,10.119546
1755407458772,0.339781,0.016152,9.779466
1755407458774,0.258425,-0.034098,9.942178
1755407458777,0.311067,-0.022134,9.820144
1755407458779,0.289532,0.047258,9.952048
1755407458781,0.308674,-0.060419,9.853643
1755407458784,0.267996,-0.000598,9.942178
1755407458786,0.318245,0.011366,9.738789
1755407458789,0.282353,-0.067597,9.906285
1755407458791,0.277567,-0.017348,9.961619
1755407458794,0.301496,0.004187,9.688539
1755407458796,0.236889,-0.091525,10.081261
1755407458798,0.334995,0.044865,9.80818
1755407458800,0.248854,-0.024526,9.964012
1755407458803,0.299103,-0.05324,9.829716
1755407458806,0.260818,0.001795,9.913465
1755407458808,0.311067,-0.043669,9.79143
1755407458811,0.260818,-0.036491,10.002297
1755407458813,0.308674,0.008973,9.777073
1755407458815,0.265603,-0.067597,9.908679
1755407458817,0.287139,-0.014955,9.939785
1755407458820,0.275175,-0.017348,9.755538
1755407458822,0.263211,-0.060419,10.062119
1755407458824,0.306281,0.044865,9.717253
1755407458828,0.227318,-0.077169,10.088439
1755407458830,0.33021,0.004187,9.722038
1755407458832,0.246461,-0.007777,9.961619
1755407458834,0.306281,-0.007777,9.834501
1755407458836,0.246461,-0.010169,9.925428
1755407458839,0.327817,-0.036491,9.80818
1755407458841,0.217747,0.011366,9.964012
1755407458845,0.29671,-0.050847,9.734002
1755407458846,0.246461,-0.029312,9.997512
1755407458849,0.29671,-0.002991,9.753145
1755407458851,0.301496,-0.041276,9.956834
1755407458853,0.306281,-0.007777,9.822537
1755407458856,0.299103,-0.029312,9.889536
1755407458858,0.284746,-0.026919,9.906285
1755407458862,0.267996,-0.017348,9.822537
1755407458863,0.265603,-0.067597,9.964012
1755407458865,0.289532,-0.017348,9.74836
1755407458867,0.272782,-0.041276,10.016655
1755407458870,0.287139,0.001795,9.705289
1755407458872,0.27996,-0.046062,10.03819
1755407458875,0.289532,0.00658,9.734002
1755407458877,0.227318,-0.022134,10.033404
1755407458880,0.334995,-0.005384,9.726824
1755407458882,0.263211,-0.067597,10.045368
1755407458884,0.284746,0.011366,9.74836
1755407458887,0.229711,-0.024526,10.002297
1755407458889,0.284746,-0.017348,9.777073
1755407458892,0.27996,-0.014955,9.968799
1755407458894,0.299103,-0.000598,9.836894
1755407458896,0.29671,-0.024526,9.906285
1755407458899,0.267996,-0.007777,9.882358
1755407458901,0.294317,-0.041276,9.877572
1755407458903,0.236889,0.00658,9.952048
1755407458906,0.301496,-0.022134,9.836894
1755407458908,0.241675,-0.007777,9.990334
1755407458911,0.327817,-0.038883,9.738789
1755407458913,0.186341,-0.060419,10.021441
1755407458916,0.366102,0.020937,9.640682
1755407458918,0.191127,-0.05324,10.07169
1755407458921,0.363709,0.008973,9.662218
1755407458923,0.210568,-0.050847,10.076475
1755407458925,0.339781,0.030508,9.760324
1755407458927,0.248854,-0.079561,9.992726
1755407458931,0.306281,0.030508,9.846465
1755407458933,0.327817,-0.034098,9.84168
1755407458935,0.239282,-0.014955,9.985548
1755407458937,0.397209,-0.002991,9.667004
1755407458940,0.148056,-0.067597,10.074082
1755407458942,0.358923,0.044865,9.741181
1755407458944,0.222533,-0.067597,10.011869
1755407458947,0.308674,-0.010169,9.84168
1755407458949,0.303888,-0.022134,9.836894
1755407458951,0.232104,-0.002991,10.00469
1755407458954,0.337388,0.011366,9.765109
1755407458957,0.248854,-0.019741,9.987941
1755407458959,0.334995,-0.026919,9.803394
1755407458961,0.291924,-0.000598,9.920643
1755407458964,0.287139,0.00658,9.84168
1755407458966,0.27996,-0.000598,9.913465
1755407458968,0.323031,-0.022134,9.848858
1755407458971,0.294317,-0.000598,9.9015
1755407458974,0.320638,0.020937,9.865608
1755407458975,0.275175,-0.036491,9.894321
1755407458978,0.241675,-0.026919,9.88475
1755407458981,0.282353,-0.022134,9.879965
1755407458983,0.258425,-0.014955,9.877572
1755407458985,0.303888,-0.000598,9.856036
1755407458987,0.265603,-0.05324,9.882358
1755407458990,0.287139,-0.000598,9.872787
1755407458992,0.265603,-0.034098,9.915857
1755407458995,0.27996,-0.010169,9.858429
1755407458998,0.291924,-0.002991,9.915857
1755407459000,0.289532,-0.019741,9.872787
1755407459002,0.289532,-0.019741,9.889536
1755407459004,0.289532,-0.010169,9.896714
1755407459007,0.251246,-0.017348,9.875179
1755407459009,0.236889,-0.034098,9.872787
1755407459011,0.27996,-0.007777,9.88475
1755407459015,0.267996,-0.05324,9.877572
1755407459016,0.277567,-0.014955,9.877572
1755407459018,0.315853,-0.024526,9.894321
1755407459021,0.294317,-0.019741,9.937392
1755407459025,0.272782,-0.005384,9.879965
1755407459026,0.272782,-0.007777,9.942178
1755407459028,0.320638,-0.024526,9.927821
1755407459032,0.301496,-0.017348,9.942178
1755407459033,0.260818,0.004187,9.88475
1755407459036,0.299103,-0.007777,9.915857
1755407459038,0.29671,-0.024526,9.91825
1755407459040,0.289532,-0.005384,9.887143
1755407459043,0.315853,-0.014955,9.932607
1755407459045,0.315853,-0.029312,9.903893
1755407459049,0.308674,-0.014955,9.952048
1755407459050,0.270389,-0.010169,9.848858
1755407459052,0.222533,-0.005384,9.827323
1755407459055,0.270389,-0.014955,9.858429
1755407459057,0.287139,-0.017348,9.894321
1755407459059,0.303888,-0.022134,9.913465
1755407459061,0.325424,-0.060419,9.872787
1755407459065,0.299103,-0.046062,9.954441
1755407459068,0.320638,-0.000598,9.829716
1755407459069,0.27996,0.001795,9.84168
1755407459071,0.294317,-0.036491,9.939785
1755407459074,0.311067,-0.060419,9.860822
1755407459076,0.289532,-0.019741,9.80818
1755407459078,0.277567,-0.007777,9.952048
1755407459082,0.289532,-0.007777,9.875179
1755407459084,0.263211,-0.022134,9.882358
1755407459086,0.272782,-0.026919,9.891929
1755407459088,0.294317,-0.024526,9.851251
1755407459091,0.308674,-0.034098,9.899107
1755407459093,0.287139,-0.029312,9.872787
1755407459096,0.29671,-0.036491,9.882358
1755407459097,0.277567,-0.046062,9.882358
1755407459101,0.306281,-0.048455,9.88475
1755407459103,0.284746,-0.031705,9.853643
1755407459105,0.263211,-0.034098,9.882358
1755407459107,0.263211,-0.019741,9.860822
1755407459109,0.291924,-0.029312,9.88475
1755407459112,0.275175,-0.050847,9.868001
1755407459114,0.260818,-0.058026,9.894321
1755407459117,0.318245,-0.007777,9.882358
1755407459119,0.306281,-0.029312,9.872787
1755407459121,0.306281,-0.019741,9.959227
1755407459124,0.265603,-0.041276,9.717253
1755407459127,0.29671,-0.017348,10.07169
1755407459129,0.284746,0.025723,9.707682
1755407459131,0.244068,-0.08674,9.964012
1755407459134,0.361316,-0.022134,9.762716
1755407459136,0.241675,-0.043669,10.026226
1755407459138,0.346959,-0.005384,9.832108
1755407459141,0.224925,-0.043669,9.939785
1755407459143,0.306281,-0.072383,9.772287
1755407459145,0.270389,-0.024526,9.944571
1755407459148,0.31346,-0.019741,9.829716
1755407459151,0.248854,-0.019741,9.937392
1755407459153,0.332602,-0.034098,9.872787
1755407459155,0.267996,-0.024526,9.891929
1755407459157,0.267996,-0.048455,9.882358
1755407459160,0.270389,-0.024526,9.839287
1755407459162,0.299103,-0.029312,9.930214
1755407459164,0.253639,0.004187,9.803394
1755407459168,0.263211,-0.046062,9.983155
1755407459170,0.311067,-0.000598,9.769895
1755407459172,0.248854,-0.031705,9.990334
1755407459174,0.306281,-0.022134,9.779466
1755407459177,0.263211,-0.019741,9.944571
1755407459179,0.267996,0.011366,9.820144
1755407459181,0.301496,-0.043669,9.925428
1755407459185,0.311067,-0.000598,9.844072
1755407459186,0.27996,-0.017348,9.872787
1755407459189,0.270389,-0.024526,9.865608
1755407459191,0.272782,-0.000598,9.875179
1755407459194,0.253639,-0.026919,9.879965
1755407459196,0.284746,-0.019741,9.915857
1755407459198,0.306281,-0.024526,9.836894
1755407459202,0.289532,-0.029312,9.889536
1755407459204,0.289532,-0.041276,9.877572
1755407459206,0.260818,-0.034098,9.863214
1755407459208,0.272782,-0.010169,9.889536
1755407459210,0.308674,-0.022134,9.899107
1755407459212,0.282353,-0.024526,9.9015
1755407459215,0.265603,-0.022134,9.887143
1755407459219,0.299103,-0.036491,9.853643
1755407459221,0.291924,-0.024526,9.844072
1755407459223,0.267996,-0.017348,9.870394
1755407459225,0.299103,-0.012562,9.913465
1755407459227,0.275175,-0.012562,9.9015
1755407459229,0.277567,-0.029312,9.872787
1755407459232,0.232104,-0.038883,9.877572
1755407459236,0.306281,-0.019741,9.868001
1755407459237,0.265603,-0.029312,9.891929
1755407459239,0.306281,-0.038883,9.877572
1755407459242,0.263211,-0.005384,9.879965
1755407459244,0.301496,-0.007777,9.9015
1755407459246,0.258425,-0.007777,9.872787
1755407459249,0.289532,0.004187,9.879965
1755407459251,0.289532,-0.019741,9.894321
1755407459254,0.258425,-0.007777,9.875179
1755407459256,0.275175,-0.022134,9.908679
1755407459259,0.287139,-0.017348,9.942178
1755407459260,0.31346,-0.010169,9.913465
1755407459263,0.256032,-0.024526,9.810573
1755407459265,0.284746,-0.029312,9.877572
1755407459268,0.275175,-0.026919,9.865608
1755407459272,0.270389,-0.005384,9.899107
1755407459273,0.308674,-0.034098,9.930214
1755407459275,0.265603,0.00658,9.882358
1755407459278,0.325424,-0.022134,9.844072
1755407459280,0.217747,-0.012562,9.961619
1755407459282,0.332602,0.004187,9.741181
1755407459284,0.227318,-0.065204,9.906285
1755407459287,0.303888,-0.029312,9.82493
1755407459290,0.303888,-0.010169,9.832108
1755407459292,0.248854,0.032901,10.033404
1755407459294,0.325424,0.013759,9.829716
1755407459297,0.251246,-0.077169,9.966406
1755407459299,0.311067,-0.08674,9.695718
1755407459301,0.277567,-0.060419,9.865608
1755407459304,0.29671,-0.022134,9.947263
1755407459306,0.31346,0.064008,9.858429
1755407459308,0.294317,0.030508,9.971191
1755407459311,0.291924,-0.05324,9.767502
1755407459313,0.253639,-0.055633,9.930214
1755407459316,0.291924,-0.012562,9.851251
1755407459318,0.301496,0.016152,9.882358
1755407459321,0.246461,0.001795,9.980762
1755407459324,0.323031,-0.034098,9.779466
1755407459325,0.239282,-0.067597,9.954441
1755407459328,0.346959,-0.041276,9.848858
1755407459330,0.272782,-0.050847,9.903893
1755407459332,0.265603,-0.024526,9.848858
1755407459335,0.275175,-0.024526,9.879965
1755407459338,0.263211,-0.024526,9.908679
1755407459340,0.294317,-0.029312,9.863214
1755407459342,0.284746,-0.012562,9.9015
1755407459345,0.282353,0.001795,9.887143
1755407459347,0.287139,-0.017348,9.891929
1755407459349,0.284746,-0.029312,9.882358
1755407459351,0.272782,0.001795,9.887143
1755407459357,0.327817,-0.012562,9.882358
1755407459359,0.294317,-0.029312,9.870394
1755407459360,0.299103,0.011366,9.882358
1755407459361,0.289532,-0.014955,9.879965
1755407459363,0.31346,-0.017348,9.91825
1755407459366,0.311067,-0.038883,9.863214
1755407459368,0.315853,-0.029312,9.97837
1755407459373,0.291924,0.016152,9.815358
1755407459375,0.27996,-0.012562,9.870394
1755407459377,0.299103,-0.024526,9.88475
1755407459378,0.291924,-0.022134,9.865608
1755407459381,0.308674,-0.043669,9.863214
1755407459383,0.241675,0.004187,9.887143
1755407459385,0.306281,-0.000598,9.781859
1755407459388,0.277567,-0.019741,10.002297
1755407459390,0.318245,0.025723,9.879965
1755407459392,0.22014,-0.002991,9.995119
1755407459395,0.318245,-0.024526,9.750752
1755407459397,0.27996,-0.089133,9.903893
1755407459399,0.294317,-0.101097,9.832108
1755407459402,0.299103,-0.000598,9.875179
1755407459405,0.27996,0.068794,10.083653
1755407459407,0.33021,0.073579,9.810573
1755407459409,0.256032,-0.089133,9.920643
1755407459411,0.29671,-0.144168,9.750752
1755407459414,0.311067,-0.043669,9.91825
1755407459416,0.277567,0.078365,10.062119
1755407459419,0.299103,0.068794,9.798609
1755407459422,0.265603,-0.067597,9.949656
1755407459424,0.282353,-0.187238,9.674182
1755407459426,0.287139,-0.072383,9.846465
1755407459428,0.299103,0.037687,10.023833
1755407459431,0.311067,0.111864,9.952048
1755407459433,0.251246,-0.005384,9.980762
1755407459435,0.303888,-0.139382,9.652647
1755407459438,0.275175,-0.129811,9.803394
1755407459440,0.299103,-0.010169,9.964012
1755407459443,0.306281,0.135793,10.028619
1755407459445,0.263211,0.054437,9.944571
1755407459447,0.308674,-0.117847,9.659825
1755407459450,0.27996,-0.187238,9.815358
1755407459452,0.327817,-0.038883,9.932607
1755407459454,0.318245,0.128614,10.069297
1755407459458,0.272782,0.078365,10.002297
1755407459460,0.284746,-0.050847,9.65504
1755407459463,0.303888,-0.189631,9.810573
1755407459464,0.301496,-0.058026,9.891929
1755407459466,0.315853,0.095115,10.088439
1755407459469,0.267996,0.109472,10.03819
1755407459471,0.27996,-0.046062,9.688539
1755407459474,0.272782,-0.206381,9.767502
1755407459476,0.311067,-0.098704,9.848858
1755407459479,0.291924,0.083151,10.064511
1755407459482,0.256032,0.102293,10.052547
1755407459483,0.320638,-0.034098,9.664611
1755407459486,0.265603,-0.208774,9.753145
1755407459488,0.33021,-0.101097,9.851251
1755407459491,0.306281,0.111864,10.050154
1755407459493,0.244068,0.121436,10.050154
1755407459495,0.270389,-0.034098,9.700503
1755407459498,0.263211,-0.220738,9.736395
1755407459501,0.282353,-0.113061,9.839287
1755407459503,0.308674,0.078365,10.023833
1755407459505,0.275175,0.11665,10.069297
1755407459507,0.287139,-0.019741,9.736395
1755407459510,0.263211,-0.122632,9.822537
1755407459512,0.31346,-0.120239,9.827323
1755407459515,0.29671,0.025723,9.932607
1755407459517,0.272782,0.066401,10.023833
1755407459519,0.306281,0.035294,9.82493
1755407459522,0.251246,-0.062812,9.913465
1755407459525,0.272782,-0.096311,9.712467
1755407459528,0.294317,-0.048455,9.822537
1755407459529,0.315853,0.035294,9.968799
1755407459531,0.284746,0.092722,10.009477
1755407459534,0.267996,-0.000598,9.894321
1755407459536,0.291924,-0.067597,9.779466
1755407459538,0.260818,-0.06999,9.923036
1755407459543,0.291924,-0.077169,9.765109
1755407459544,0.260818,0.016152,9.801002
1755407459546,0.265603,0.030508,10.109975
1755407459548,0.29671,0.02333,9.786645
1755407459550,0.265603,-0.048455,9.836894
1755407459553,0.294317,-0.108275,9.786645
1755407459555,0.267996,-0.101097,9.930214
1755407459558,0.270389,-0.000598,9.875179
1755407459560,0.306281,0.066401,10.042975
1755407459563,0.253639,0.013759,10.047761
1755407459565,0.284746,-0.046062,9.695718
1755407459567,0.246461,-0.079561,9.875179
1755407459569,0.294317,-0.058026,9.805787
1755407459572,0.275175,0.020937,9.839287
1755407459575,0.256032,0.049651,10.050154
1755407459577,0.332602,0.001795,9.975977
1755407459579,0.239282,-0.050847,9.942178
1755407459582,0.33021,-0.060419,9.710074
1755407459584,0.267996,-0.058026,9.973584
1755407459586,0.29671,-0.050847,9.805787
1755407459589,0.287139,-0.005384,9.827323
1755407459591,0.265603,-0.002991,9.990334
1755407459594,0.323031,-0.012562,9.908679
1755407459597,0.263211,-0.036491,9.942178
1755407459599,0.29671,0.008973,9.724431
1755407459601,0.267996,-0.067597,9.97837
1755407459603,0.29671,-0.079561,9.755538
1755407459606,0.282353,-0.024526,9.887143
1755407459608,0.263211,0.008973,10.023833
1755407459610,0.287139,0.02333,9.82493
1755407459613,0.256032,-0.014955,9.915857
1755407459615,0.265603,-0.06999,9.796216
1755407459617,0.301496,-0.067597,9.891929
1755407459620,0.272782,-0.002991,9.899107
1755407459623,0.301496,0.016152,9.870394
1755407459626,0.246461,-0.007777,9.91825
1755407459628,0.299103,-0.046062,9.80818
1755407459630,0.265603,-0.036491,9.927821
1755407459632,0.282353,-0.022134,9.870394
1755407459634,0.267996,-0.014955,9.894321
1755407459637,0.287139,-0.007777,9.863214
1755407459639,0.275175,-0.022134,9.889536
1755407459642,0.248854,-0.014955,9.865608
1755407459644,0.282353,-0.022134,9.865608
1755407459647,0.265603,-0.000598,9.875179
1755407459649,0.282353,-0.000598,9.908679
1755407459651,0.291924,0.054437,9.889536
1755407459653,0.222533,-0.007777,9.9015
1755407459656,0.284746,-0.031705,9.846465
1755407459658,0.306281,-0.024526,9.882358
1755407459661,0.299103,-0.012562,9.868001
1755407459664,0.306281,-0.019741,9.848858
1755407459666,0.277567,-0.010169,9.887143
1755407459668,0.287139,-0.026919,9.872787
1755407459671,0.289532,-0.014955,9.84168
1755407459673,0.267996,-0.024526,9.920643
1755407459675,0.299103,-0.046062,9.77468
1755407459678,0.222533,-0.017348,10.035797
1755407459680,0.325424,0.016152,9.789038
1755407459682,0.234497,-0.05324,9.973584
1755407459685,0.346959,-0.014955,9.853643
1755407459687,0.294317,-0.038883,9.872787
1755407459689,0.272782,0.020937,9.88475
1755407459692,0.294317,-0.046062,9.877572
1755407459695,0.256032,-0.017348,9.925428
1755407459697,0.315853,-0.065204,9.829716
1755407459699,0.227318,-0.014955,9.971191
1755407459701,0.358923,-0.017348,9.784252
1755407459704,0.236889,-0.026919,10.011869
1755407459707,0.354138,0.011366,9.683753
1755407459708,0.148056,-0.048455,10.078868
1755407459712,0.37328,0.004187,9.669396
1755407459715,0.183948,-0.074776,10.047761
1755407459716,0.323031,0.004187,9.767502
1755407459718,0.256032,-0.048455,9.987941
1755407459720,0.289532,-0.019741,9.820144
1755407459723,0.272782,-0.038883,9.920643
1755407459725,0.332602,-0.010169,9.844072
1755407459729,0.291924,-0.034098,9.91825
1755407459730,0.287139,-0.031705,9.865608
1755407459732,0.284746,-0.022134,9.882358
1755407459735,0.272782,-0.029312,9.882358
1755407459737,0.306281,-0.024526,9.868001
1755407459740,0.253639,-0.029312,9.877572
1755407459742,0.320638,0.013759,9.879965
1755407459746,0.265603,-0.031705,9.920643
1755407459748,0.272782,-0.014955,9.863214
1755407459750,0.263211,-0.010169,9.832108
1755407459752,0.282353,-0.022134,9.894321
1755407459755,0.299103,0.001795,9.937392
1755407459757,0.275175,-0.014955,9.829716
1755407459759,0.308674,-0.014955,9.906285
1755407459763,0.299103,-0.022134,9.844072
1755407459764,0.270389,-0.046062,10.011869
1755407459767,0.29671,0.004187,9.779466
1755407459769,0.282353,-0.041276,9.903893
1755407459771,0.284746,-0.043669,9.920643
1755407459773,0.339781,-0.043669,9.822537
1755407459775,0.241675,-0.010169,9.947263
1755407459780,0.27996,-0.007777,9.887143
1755407459782,0.315853,-0.036491,9.846465
1755407459783,0.306281,-0.029312,9.894321
1755407459785,0.289532,-0.029312,9.896714
1755407459789,0.320638,-0.012562,9.858429
1755407459790,0.265603,-0.007777,9.937392
1755407459792,0.256032,-0.017348,9.887143
1755407459796,0.289532,-0.012562,9.894321
1755407459798,0.27996,-0.043669,9.903893
1755407459800,0.294317,-0.029312,9.906285
1755407459802,0.299103,-0.000598,9.887143
1755407459804,0.315853,-0.000598,9.879965
1755407459807,0.29671,0.00658,9.88475
1755407459809,0.277567,-0.026919,9.879965
1755407459812,0.289532,-0.002991,9.853643
1755407459814,0.301496,-0.036491,9.889536
1755407459817,0.246461,-0.014955,9.882358
1755407459819,0.275175,-0.010169,9.872787
1755407459821,0.284746,-0.000598,9.887143
1755407459823,0.265603,-0.007777,9.877572
1755407459826,0.265603,-0.007777,9.889536
1755407459830,0.270389,-0.010169,9.887143
1755407459831,0.287139,-0.010169,9.894321
1755407459834,0.277567,-0.022134,9.882358
1755407459835,0.284746,-0.017348,9.877572
1755407459838,0.270389,-0.010169,9.868001
1755407459841,0.284746,-0.038883,9.903893
1755407459844,0.303888,-0.043669,9.815358
1755407459845,0.299103,-0.043669,10.047761
1755407459847,0.265603,-0.029312,9.851251
1755407459850,0.275175,-0.007777,9.793823
1755407459852,0.241675,-0.010169,9.934999
1755407459855,0.291924,-0.019741,9.846465
1755407459857,0.260818,-0.019741,9.875179
1755407459860,0.272782,-0.022134,9.899107
1755407459862,0.291924,-0.019741,9.84168
1755407459865,0.301496,-0.026919,9.906285
1755407459867,0.318245,0.008973,9.856036
1755407459869,0.284746,-0.010169,9.860822
1755407459871,0.263211,0.008973,9.930214
1755407459874,0.325424,-0.000598,9.908679
1755407459877,0.270389,-0.060419,9.9015
1755407459879,0.291924,0.020937,9.903893
1755407459881,0.33021,-0.029312,9.767502
1755407459883,0.241675,-0.005384,10.023833
1755407459886,0.349352,-0.005384,9.762716
1755407459888,0.212961,-0.043669,9.966406
1755407459891,0.342174,0.013759,9.765109
1755407459893,0.267996,-0.062812,10.083653
1755407459895,0.299103,0.042473,9.82493
1755407459898,0.318245,-0.029312,9.738789
1755407459900,0.232104,-0.012562,10.064511
1755407459902,0.334995,-0.034098,9.769895
1755407459905,0.217747,-0.072383,9.956834
1755407459907,0.325424,0.013759,9.688539
1755407459911,0.251246,-0.077169,10.083653
1755407459912,0.311067,0.016152,9.832108
1755407459915,0.351745,-0.055633,9.686146
1755407459919,0.251246,0.008973,10.057333
1755407459921,0.342174,-0.007777,9.839287
1755407459922,0.195912,-0.091525,9.980762
1755407459924,0.339781,0.044865,9.68136
1755407459927,0.27996,-0.055633,9.937392
1755407459929,0.258425,-0.007777,9.992726
1755407459932,0.339781,-0.026919,9.659825
1755407459934,0.183948,-0.036491,10.040583
1755407459936,0.380459,0.028116,9.801002
1755407459938,0.200997,-0.084347,10.03819
1755407459941,0.299103,0.025723,9.743574
1755407459944,0.318245,0.008973,9.872787
1755407459946,0.239282,0.001795,10.062119
1755407459949,0.378066,0.011366,9.60479
1755407459951,0.205783,-0.050847,10.121939
1755407459953,0.354138,0.018544,9.693324
1755407459955,0.215354,-0.048455,10.03819
1755407459958,0.299103,0.018544,9.829716
1755407459960,0.263211,-0.031705,9.877572
1755407459962,0.267996,-0.048455,9.877572
1755407459965,0.303888,-0.029312,9.891929
1755407459968,0.289532,-0.031705,9.887143
1755407459970,0.289532,-0.014955,9.903893
1755407459972,0.33021,0.016152,9.856036
1755407459975,0.272782,-0.010169,9.906285
1755407459977,0.289532,-0.022134,9.877572
1755407459979,0.270389,-0.036491,9.875179
1755407459982,0.287139,-0.046062,9.891929
1755407459985,0.33021,-0.002991,9.853643
1755407459986,0.263211,-0.022134,9.913465
1755407459989,0.29671,-0.029312,9.863214
1755407459992,0.248854,0.011366,9.903893
1755407459994,0.284746,-0.031705,9.851251
1755407459996,0.277567,-0.043669,9.899107
1755407459998,0.282353,-0.024526,9.903893
1755407460003,0.272782,-0.017348,9.853643
1755407460006,0.267996,-0.024526,9.939785
1755407460007,0.291924,-0.036491,9.896714
1755407460009,0.311067,-0.026919,9.896714
1755407460010,0.27996,-0.029312,9.899107
1755407460013,0.303888,-0.036491,9.894321
1755407460015,0.299103,-0.010169,9.891929
1755407460018,0.291924,-0.05324,9.858429
1755407460020,0.275175,-0.026919,9.872787
1755407460023,0.291924,-0.058026,9.872787
1755407460025,0.253639,-0.019741,9.911072
1755407460027,0.263211,-0.038883,9.877572
1755407460030,0.260818,-0.010169,9.887143
1755407460032,0.282353,-0.048455,9.875179
1755407460035,0.265603,-0.029312,9.848858
1755407460039,0.289532,-0.043669,9.889536
1755407460040,0.29671,-0.031705,9.868001
1755407460042,0.294317,-0.000598,9.899107
1755407460045,0.282353,-0.024526,9.858429
1755407460047,0.294317,-0.019741,9.882358
1755407460049,0.27996,-0.010169,9.877572
1755407460051,0.282353,-0.012562,9.896714
1755407460053,0.277567,-0.007777,9.889536
1755407460056,0.315853,-0.029312,9.872787
1755407460058,0.270389,-0.010169,9.877572
1755407460061,0.315853,-0.019741,9.915857
1755407460063,0.291924,-0.031705,9.853643
1755407460065,0.267996,-0.002991,9.860822
1755407460068,0.282353,-0.043669,9.882358
1755407460071,0.253639,0.001795,9.822537
1755407460073,0.287139,-0.019741,9.889536
1755407460075,0.306281,-0.031705,9.915857
1755407460077,0.31346,-0.005384,9.868001
1755407460081,0.31346,-0.017348,9.91825
1755407460083,0.299103,-0.026919,9.879965
1755407460085,0.272782,-0.007777,9.887143
1755407460087,0.275175,-0.014955,9.858429
1755407460090,0.277567,-0.017348,9.88475
1755407460092,0.29671,-0.026919,9.88475
1755407460095,0.282353,-0.031705,9.875179
1755407460097,0.291924,-0.024526,9.891929
1755407460099,0.272782,-0.005384,9.846465
1755407460103,0.258425,-0.002991,9.913465
1755407460104,0.294317,-0.019741,9.810573
1755407460106,0.246461,-0.067597,9.999905
1755407460109,0.291924,0.001795,9.801002
1755407460111,0.263211,-0.002991,9.91825
1755407460114,0.260818,-0.043669,9.887143
1755407460116,0.29671,-0.048455,9.829716
1755407460119,0.241675,-0.022134,9.956834
1755407460123,0.267996,0.035294,9.822537
1755407460125,0.265603,-0.017348,9.906285
1755407460127,0.260818,-0.06999,9.810573
1755407460128,0.337388,-0.043669,9.932607
1755407460130,0.267996,-0.000598,9.875179
1755407460132,0.299103,0.030508,9.882358
1755407460136,0.29671,-0.019741,9.829716
1755407460138,0.272782,-0.072383,9.932607
1755407460140,0.301496,-0.007777,9.736395
1755407460142,0.246461,-0.010169,10.028619
1755407460145,0.332602,0.025723,9.796216
1755407460147,0.267996,-0.05324,9.927821
1755407460150,0.291924,-0.029312,9.817751
1755407460153,0.31346,-0.019741,9.853643
1755407460157,0.222533,-0.012562,9.882358
1755407460158,0.31346,-0.038883,9.894321
1755407460159,0.291924,-0.022134,9.954441
1755407460161,0.299103,0.013759,9.899107
1755407460164,0.270389,0.030508,9.858429
1755407460166,0.287139,-0.017348,9.82493
1755407460168,0.263211,-0.058026,9.908679
1755407460171,0.284746,-0.079561,9.851251
1755407460173,0.263211,0.001795,9.923036
1755407460176,0.342174,0.032901,9.91825
1755407460178,0.265603,-0.031705,9.858429
1755407460180,0.301496,-0.058026,9.803394
1755407460183,0.244068,-0.05324,9.899107
1755407460185,0.346959,-0.043669,9.810573
1755407460187,0.265603,0.02333,9.971191
1755407460190,0.251246,0.011366,9.796216
1755407460192,0.256032,-0.014955,9.952048
1755407460195,0.311067,0.001795,9.848858
1755407460197,0.27996,-0.077169,9.856036
1755407460200,0.275175,-0.022134,9.887143
1755407460202,0.311067,0.011366,9.894321
1755407460204,0.263211,-0.005384,9.9015
1755407460207,0.327817,-0.038883,9.860822
1755407460209,0.239282,-0.043669,9.91825
1755407460212,0.253639,-0.014955,9.868001
1755407460215,0.258425,-0.000598,9.88475
1755407460216,0.260818,-0.000598,9.882358
1755407460219,0.272782,-0.022134,9.875179
1755407460221,0.282353,-0.029312,9.868001
1755407460224,0.260818,-0.031705,9.9015
1755407460226,0.299103,-0.036491,9.848858
1755407460228,0.291924,-0.002991,9.889536
1755407460231,0.27996,-0.012562,9.872787
1755407460233,0.275175,-0.041276,9.882358
1755407460236,0.277567,-0.041276,9.872787
1755407460238,0.289532,-0.031705,9.88475
1755407460241,0.275175,-0.019741,9.887143
1755407460243,0.267996,-0.002991,9.863214
1755407460245,0.241675,-0.022134,9.896714
1755407460247,0.31346,-0.031705,9.887143
1755407460251,0.318245,-0.031705,9.860822
1755407460252,0.267996,-0.029312,9.882358
1755407460255,0.265603,-0.019741,9.875179
1755407460257,0.275175,-0.029312,9.870394
1755407460259,0.332602,-0.017348,9.879965
1755407460262,0.291924,-0.007777,9.872787
1755407460264,0.315853,-0.034098,9.896714
1755407460267,0.289532,-0.026919,9.88475
1755407460269,0.31346,-0.014955,9.887143
1755407460272,0.287139,-0.014955,9.858429
1755407460276,0.31346,-0.029312,9.872787
1755407460277,0.263211,-0.050847,9.88475
1755407460279,0.265603,-0.022134,9.894321
1755407460281,0.29671,-0.031705,9.860822
1755407460283,0.303888,0.011366,9.88475
1755407460286,0.236889,-0.014955,9.899107
1755407460289,0.287139,-0.005384,9.875179
1755407460291,0.289532,-0.000598,9.891929
1755407460293,0.323031,-0.010169,9.875179
1755407460295,0.289532,-0.031705,9.870394
1755407460298,0.263211,-0.014955,9.882358
1755407460300,0.27996,-0.034098,9.879965
1755407460302,0.306281,-0.017348,9.88475
1755407460306,0.29671,-0.046062,9.887143
1755407460308,0.282353,-0.026919,9.88475
1755407460310,0.275175,-0.036491,9.879965
1755407460312,0.287139,-0.048455,9.870394
1755407460314,0.289532,0.00658,9.891929
1755407460317,0.33021,-0.024526,9.925428
1755407460319,0.299103,-0.014955,9.908679
1755407460323,0.284746,-0.034098,9.868001
1755407460325,0.291924,-0.014955,9.908679
1755407460327,0.277567,0.018544,9.84168
1755407460329,0.294317,-0.022134,9.903893
1755407460331,0.284746,-0.019741,9.889536
1755407460334,0.265603,-0.017348,9.903893
1755407460336,0.294317,-0.002991,9.856036
1755407460338,0.294317,-0.010169,9.875179
1755407460341,0.29671,-0.038883,9.877572
1755407460343,0.301496,-0.014955,9.896714
1755407460346,0.282353,0.001795,9.865608
1755407460348,0.291924,-0.031705,9.865608
1755407460351,0.277567,-0.022134,9.891929
1755407460354,0.272782,-0.043669,9.887143
1755407460355,0.284746,-0.017348,9.891929
1755407460359,0.282353,-0.031705,9.887143
1755407460360,0.272782,-0.017348,9.872787
1755407460363,0.270389,0.001795,9.891929
1755407460365,0.303888,-0.029312,9.891929
1755407460367,0.258425,-0.036491,9.899107
1755407460370,0.284746,-0.034098,9.868001
1755407460372,0.275175,-0.041276,9.891929
1755407460375,0.31346,-0.036491,9.877572
1755407460379,0.289532,-0.017348,9.875179
1755407460380,0.308674,0.004187,9.879965
1755407460382,0.272782,-0.010169,9.896714
1755407460384,0.303888,-0.012562,9.896714
1755407460386,0.282353,-0.002991,9.903893
1755407460389,0.299103,-0.031705,9.908679
1755407460391,0.299103,-0.060419,9.9015
1755407460394,0.256032,-0.017348,9.872787
1755407460396,0.29671,-0.010169,9.872787
1755407460399,0.306281,-0.048455,9.868001
1755407460401,0.277567,-0.031705,9.872787
1755407460403,0.29671,-0.007777,9.863214
1755407460406,0.299103,-0.036491,9.872787
1755407460408,0.267996,-0.043669,9.877572
1755407460410,0.282353,-0.007777,9.863214
1755407460413,0.275175,-0.012562,9.894321
1755407460415,0.265603,-0.019741,9.865608
1755407460418,0.287139,-0.014955,9.868001
1755407460420,0.29671,-0.010169,9.870394
1755407460422,0.291924,-0.048455,9.870394
1755407460425,0.301496,-0.005384,9.877572
1755407460428,0.282353,0.008973,9.877572
1755407460430,0.275175,-0.022134,9.848858
1755407460432,0.284746,-0.007777,9.870394
1755407460435,0.284746,-0.002991,9.896714
1755407460437,0.260818,-0.005384,9.887143
1755407460440,0.29671,0.001795,9.870394
1755407460442,0.294317,-0.014955,9.82493
1755407460445,0.287139,-0.007777,9.82493
1755407460447,0.275175,-0.022134,9.920643
1755407460449,0.289532,-0.010169,9.923036
1755407460451,0.303888,-0.019741,9.872787
1755407460454,0.277567,-0.029312,9.891929
1755407460456,0.275175,-0.034098,9.925428
1755407460459,0.306281,0.05683,9.882358
1755407460461,0.315853,-0.043669,9.934999
1755407460463,0.251246,-0.048455,9.913465
1755407460466,0.339781,-0.038883,9.71486
1755407460468,0.195912,-0.029312,10.023833
1755407460470,0.385244,0.032901,9.645468
1755407460473,0.188734,-0.034098,10.153046
1755407460476,0.375673,0.00658,9.578469
1755407460478,0.162413,-0.072383,10.193724
1755407460481,0.366102,0.018544,9.609575
1755407460482,0.157627,-0.067597,10.150653
1755407460485,0.39003,0.004187,9.664611
1755407460487,0.179163,-0.074776,10.035797
1755407460489,0.339781,0.02333,9.731609
1755407460493,0.260818,-0.079561,9.947263
1755407460496,0.291924,0.018544,9.848858
1755407460497,0.349352,-0.081954,9.899107
1755407460499,0.234497,-0.010169,9.961619
1755407460501,0.375673,-0.019741,9.657433
1755407460504,0.171984,-0.041276,10.11476
1755407460506,0.437887,-0.012562,9.566504
1755407460509,0.164806,-0.077169,10.176973
1755407460512,0.440279,0.02333,9.611969
1755407460514,0.169591,-0.096311,10.059726
1755407460517,0.337388,0.044865,9.736395
1755407460518,0.248854,-0.08674,9.971191
1755407460521,0.301496,0.04008,9.882358
1755407460523,0.366102,-0.036491,9.77468
1755407460525,0.169591,-0.036491,10.081261
1755407460528,0.40678,0.018544,9.702896
1755407460530,0.155234,-0.058026,10.062119
1755407460533,0.337388,-0.038883,9.678967
1755407460535,0.208176,-0.055633,10.064511
1755407460538,0.339781,0.032901,9.710074
1755407460540,0.208176,-0.062812,10.045368
1755407460542,0.361316,0.054437,9.772287
1755407460545,0.303888,-0.05324,9.908679
1755407460547,0.253639,-0.014955,9.952048
1755407460550,0.344566,-0.034098,9.68136
1755407460552,0.188734,-0.002991,10.126724
1755407460555,0.411565,0.05683,9.585648
1755407460557,0.145663,-0.091525,10.14826
1755407460559,0.375673,0.030508,9.724431
1755407460562,0.205783,-0.072383,9.961619
1755407460564,0.253639,0.008973,9.88475
1755407460567,0.325424,-0.038883,9.71486
1755407460569,0.195912,-0.046062,10.088439
1755407460571,0.428315,0.042473,9.633504
1755407460573,0.20339,-0.072383,10.160224
1755407460576,0.354138,0.044865,9.719646
1755407460578,0.251246,-0.098704,9.930214
1755407460581,0.234497,-0.014955,9.91825
1755407460583,0.349352,-0.010169,9.698111
1755407460585,0.183948,-0.065204,10.145867
1755407460588,0.375673,0.064008,9.65504
1755407460590,0.200997,-0.096311,10.047761
1755407460592,0.29671,0.025723,9.839287
1755407460595,0.320638,-0.022134,9.750752
1755407460598,0.188734,-0.036491,10.117153
1755407460600,0.392423,0.059222,9.688539
1755407460602,0.179163,-0.096311,9.947263
1755407460604,0.311067,-0.017348,9.896714
1755407460607,0.361316,-0.012562,9.815358
1755407460609,0.152842,-0.129811,9.961619
1755407460612,0.363709,0.013759,9.856036
1755407460615,0.291924,-0.012562,9.834501
1755407460617,0.183948,-0.036491,10.033404
1755407460619,0.445065,0.05683,9.734002
1755407460621,0.205783,-0.08674,9.925428
1755407460624,0.263211,-0.024526,9.999905
1755407460626,0.356531,0.05683,9.74836
1755407460629,0.200997,-0.08674,9.903893
1755407460631,0.33021,0.018544,9.966406
1755407460633,0.318245,0.049651,9.74836
1755407460636,0.179163,-0.110668,9.896714
1755407460638,0.301496,0.016152,9.983155
1755407460640,0.368495,0.025723,9.705289
1755407460644,0.19352,-0.093918,9.968799
1755407460647,0.366102,0.020937,9.944571
1755407460651,0.332602,0.032901,9.789038
1755407460652,0.19352,-0.091525,9.920643
1755407460653,0.351745,-0.002991,9.983155
1755407460655,0.289532,0.037687,9.736395
1755407460657,0.210568,-0.093918,9.908679
1755407460660,0.33021,-0.007777,9.973584
1755407460664,0.308674,0.035294,9.769895
1755407460666,0.191127,-0.067597,9.805787
1755407460668,0.306281,-0.072383,9.923036
1755407460670,0.354138,0.037687,9.932607
1755407460672,0.236889,-0.002991,9.815358
1755407460674,0.325424,-0.108275,9.911072
1755407460676,0.315853,0.064008,9.980762
1755407460681,0.234497,0.054437,9.71486
1755407460682,0.256032,-0.098704,9.870394
1755407460684,0.349352,-0.072383,9.920643
1755407460686,0.256032,0.071186,9.925428
1755407460688,0.198604,0.001795,9.798609
1755407460691,0.320638,-0.184846,9.939785
1755407460693,0.303888,0.02333,9.882358
1755407460696,0.284746,0.047258,9.846465
1755407460699,0.263211,-0.022134,9.80818
1755407460700,0.291924,-0.168096,9.968799
1755407460703,0.294317,-0.007777,9.937392
1755407460705,0.215354,0.013759,9.753145
1755407460707,0.303888,-0.115454,9.954441
1755407460710,0.308674,-0.031705,9.894321
1755407460712,0.270389,0.016152,9.755538
1755407460715,0.251246,-0.050847,10.026226
1755407460718,0.361316,-0.007777,9.870394
1755407460719,0.318245,-0.010169,9.858429
1755407460722,0.241675,0.00658,9.887143
1755407460725,0.339781,-0.026919,9.836894
1755407460727,0.284746,-0.010169,9.923036
1755407460729,0.241675,0.00658,9.872787
1755407460732,0.248854,-0.002991,9.868001
1755407460734,0.267996,-0.034098,9.877572
1755407460736,0.282353,-0.034098,9.906285
1755407460739,0.303888,-0.002991,9.836894
1755407460741,0.282353,-0.031705,9.9015
1755407460743,0.33021,-0.017348,9.887143
1755407460746,0.270389,-0.017348,9.853643
1755407460749,0.217747,-0.002991,9.879965
1755407460751,0.272782,-0.005384,9.894321
1755407460753,0.267996,-0.019741,9.903893
1755407460755,0.248854,-0.024526,9.894321
1755407460758,0.270389,-0.024526,9.875179
1755407460761,0.284746,-0.029312,9.891929
1755407460763,0.272782,-0.024526,9.896714
1755407460767,0.31346,-0.038883,9.9015
1755407460768,0.294317,-0.024526,9.88475
1755407460770,0.327817,-0.024526,9.860822
1755407460772,0.265603,-0.036491,9.887143
1755407460775,0.29671,0.00658,9.9015
1755407460777,0.299103,-0.012562,9.9015
1755407460779,0.277567,-0.010169,9.858429
1755407460782,0.272782,-0.005384,9.870394
1755407460784,0.282353,-0.050847,9.88475
1755407460787,0.27996,-0.034098,9.868001
1755407460789,0.284746,-0.010169,9.877572
1755407460791,0.325424,-0.017348,9.868001
1755407460794,0.272782,-0.029312,9.879965
1755407460796,0.284746,-0.024526,9.882358
1755407460799,0.275175,-0.034098,9.894321
1755407460803,0.282353,-0.007777,9.896714
1755407460804,0.301496,-0.010169,9.894321
1755407460806,0.318245,-0.007777,9.856036
1755407460808,0.263211,-0.005384,9.882358
1755407460811,0.29671,-0.019741,9.84168
1755407460813,0.267996,-0.017348,9.920643
1755407460816,0.308674,0.011366,9.834501
1755407460818,0.265603,-0.014955,9.942178
1755407460820,0.277567,0.02333,9.803394
1755407460823,0.265603,-0.055633,9.954441
1755407460825,0.272782,0.016152,9.810573
1755407460827,0.260818,-0.043669,9.944571
1755407460830,0.256032,-0.002991,9.865608
1755407460833,0.323031,-0.026919,9.875179
1755407460836,0.270389,0.02333,9.954441
1755407460837,0.344566,-0.043669,9.803394
1755407460839,0.232104,-0.048455,10.021441
1755407460842,0.332602,0.00658,9.743574
1755407460844,0.239282,-0.043669,10.050154
1755407460847,0.318245,-0.007777,9.724431
1755407460851,0.217747,-0.034098,10.05494
1755407460852,0.320638,-0.010169,9.707682
1755407460854,0.222533,-0.050847,10.028619
1755407460856,0.306281,0.020937,9.729217
1755407460858,0.253639,-0.072383,10.00469
1755407460861,0.301496,-0.019741,9.786645
1755407460864,0.270389,-0.062812,9.961619
1755407460867,0.29671,0.013759,9.803394
1755407460869,0.299103,-0.043669,9.97837
1755407460871,0.291924,-0.005384,9.827323
1755407460873,0.260818,-0.012562,9.956834
1755407460876,0.263211,-0.012562,9.793823
1755407460878,0.294317,-0.024526,9.959227
1755407460880,0.29671,0.001795,9.798609
1755407460883,0.265603,-0.031705,9.954441
1755407460885,0.294317,-0.019741,9.80818
1755407460888,0.342174,-0.046062,9.975977
1755407460890,0.311067,-0.036491,9.815358
1755407460892,0.284746,-0.017348,9.937392
1755407460894,0.275175,-0.000598,9.834501
1755407460897,0.289532,-0.017348,9.875179
1755407460899,0.289532,-0.005384,9.88475
1755407460902,0.291924,-0.067597,9.879965
1755407460904,0.27996,-0.005384,9.863214
1755407460906,0.31346,-0.05324,9.920643
1755407460909,0.306281,0.030508,9.839287
1755407460911,0.31346,-0.024526,9.987941
1755407460914,0.284746,-0.002991,9.853643
1755407460916,0.327817,-0.002991,9.868001
1755407460919,0.212961,-0.019741,9.934999
1755407460921,0.370888,-0.014955,9.717253
1755407460923,0.244068,-0.029312,10.11476
1755407460926,0.375673,-0.024526,9.60479
1755407460928,0.200997,-0.022134,10.136296
1755407460930,0.39003,0.008973,9.674182
1755407460933,0.195912,-0.036491,10.042975
1755407460936,0.401994,0.018544,9.745967
1755407460939,0.205783,-0.089133,10.019048
1755407460940,0.323031,0.013759,9.710074
1755407460942,0.239282,-0.077169,10.093225
1755407460945,0.282353,0.011366,9.743574
1755407460947,0.291924,-0.058026,9.839287
1755407460950,0.251246,-0.022134,10.016655
1755407460953,0.375673,-0.014955,9.633504
1755407460954,0.174377,-0.014955,10.136296
1755407460957,0.354138,-0.005384,9.652647
1755407460959,0.169591,-0.048455,10.11476
1755407460962,0.368495,0.032901,9.724431
1755407460964,0.169591,-0.091525,10.016655
1755407460967,0.387637,0.080758,9.750752
1755407460970,0.239282,-0.084347,10.014262
1755407460972,0.332602,0.059222,9.724431
1755407460973,0.234497,-0.062812,9.987941
1755407460976,0.277567,0.042473,9.786645
1755407460978,0.325424,-0.067597,9.927821
1755407460981,0.265603,-0.019741,9.848858
1755407460983,0.31346,-0.041276,9.913465
1755407460986,0.20339,-0.019741,9.860822
1755407460988,0.318245,-0.024526,9.891929
1755407460990,0.248854,0.016152,9.913465
1755407460993,0.327817,-0.06999,9.810573
1755407460995,0.246461,-0.002991,9.944571
1755407460997,0.33021,-0.038883,9.810573
1755407461000,0.275175,-0.017348,9.932607
1755407461004,0.311067,-0.019741,9.82493
1755407461005,0.299103,-0.06999,9.801002
1755407461007,0.27996,-0.019741,10.028619
1755407461010,0.311067,-0.022134,9.858429
1755407461012,0.239282,-0.014955,9.947263
1755407461014,0.253639,-0.026919,9.745967
1755407461017,0.253639,-0.058026,9.903893
1755407461020,0.284746,-0.091525,9.877572
1755407461022,0.315853,0.016152,9.856036
1755407461024,0.234497,0.011366,10.07169
1755407461026,0.325424,0.016152,9.779466
1755407461029,0.265603,-0.079561,9.906285
1755407461031,0.291924,-0.077169,9.762716
1755407461034,0.282353,-0.050847,9.964012
1755407461037,0.289532,0.030508,9.939785
1755407461039,0.315853,0.004187,9.822537
1755407461041,0.29671,-0.079561,9.947263
1755407461043,0.332602,-0.031705,9.805787
1755407461045,0.241675,-0.041276,9.942178
1755407461048,0.299103,0.011366,9.872787
1755407461051,0.303888,-0.012562,9.908679
1755407461052,0.275175,-0.019741,9.846465
1755407461055,0.287139,-0.046062,9.872787
1755407461059,0.284746,-0.034098,9.875179
1755407461060,0.289532,-0.012562,9.887143
1755407461062,0.31346,-0.005384,9.860822
1755407461064,0.311067,-0.017348,9.894321
1755407461068,0.282353,-0.05324,9.887143
1755407461070,0.272782,-0.05324,9.863214
1755407461072,0.267996,-0.031705,9.903893
1755407461074,0.318245,-0.026919,9.870394
1755407461077,0.253639,-0.014955,9.877572
1755407461079,0.267996,-0.019741,9.856036
1755407461081,0.267996,-0.041276,9.911072
1755407461084,0.289532,-0.043669,9.899107
1755407461086,0.299103,-0.014955,9.903893
1755407461089,0.284746,-0.029312,9.920643
1755407461091,0.306281,-0.026919,9.870394
1755407461093,0.263211,-0.026919,9.865608
1755407461096,0.294317,-0.041276,9.875179
1755407461098,0.303888,-0.046062,9.88475
1755407461101,0.284746,-0.005384,9.848858
1755407461103,0.267996,-0.010169,9.954441
1755407461105,0.289532,-0.017348,9.846465
1755407461108,0.306281,0.004187,9.894321
1755407461110,0.284746,-0.014955,9.908679
1755407461112,0.287139,-0.019741,9.868001
1755407461115,0.263211,-0.002991,9.860822
1755407461117,0.270389,-0.026919,9.903893
1755407461120,0.270389,-0.019741,9.793823
1755407461123,0.308674,-0.05324,9.964012
1755407461124,0.246461,-0.000598,9.84168
1755407461127,0.232104,-0.026919,9.844072
1755407461129,0.287139,-0.041276,9.908679
1755407461132,0.277567,-0.014955,9.829716
1755407461134,0.272782,-0.043669,9.915857
1755407461136,0.27996,-0.041276,9.860822
1755407461139,0.275175,-0.034098,9.863214
1755407461142,0.272782,0.004187,9.879965
1755407461144,0.277567,-0.007777,9.877572
1755407461146,0.289532,-0.010169,9.887143
1755407461148,0.31346,0.011366,9.846465
1755407461151,0.246461,-0.022134,9.899107
1755407461153,0.272782,0.004187,9.863214
1755407461156,0.272782,-0.010169,9.908679
1755407461159,0.299103,0.004187,9.84168
1755407461160,0.284746,-0.000598,9.863214
1755407461163,0.282353,-0.000598,9.887143
1755407461166,0.265603,0.00658,9.891929
1755407461168,0.267996,-0.029312,9.865608
1755407461170,0.282353,-0.014955,9.832108
1755407461173,0.277567,-0.019741,9.860822
1755407461177,0.33021,-0.000598,9.88475
1755407461178,0.282353,-0.026919,9.934999
1755407461180,0.29671,-0.012562,9.870394
1755407461182,0.301496,-0.043669,9.877572
1755407461185,0.291924,-0.017348,9.875179
1755407461187,0.289532,0.02333,9.82493
1755407461191,0.248854,-0.026919,9.906285
1755407461192,0.299103,-0.022134,9.805787
1755407461194,0.299103,-0.029312,9.947263
1755407461196,0.27996,-0.000598,10.05494
1755407461199,0.27996,0.028116,9.829716
1755407461201,0.318245,-0.005384,9.820144
1755407461203,0.272782,-0.079561,9.879965
1755407461206,0.337388,0.025723,9.848858
1755407461209,0.229711,-0.019741,9.937392
1755407461211,0.246461,-0.038883,9.944571
1755407461214,0.358923,-0.010169,9.741181
1755407461215,0.217747,-0.062812,9.906285
1755407461218,0.349352,-0.000598,9.865608
1755407461220,0.256032,-0.029312,9.863214
1755407461223,0.275175,0.016152,9.899107
1755407461225,0.272782,0.00658,10.057333
1755407461227,0.303888,-0.050847,9.671789
1755407461230,0.244068,-0.062812,9.832108
1755407461232,0.265603,-0.058026,9.848858
1755407461235,0.210568,0.013759,9.966406
1755407461237,0.272782,-0.031705,9.856036
1755407461239,0.29671,0.00658,9.74836
1755407461243,0.244068,-0.022134,10.112368
1755407461244,0.31346,0.020937,9.765109
1755407461247,0.227318,-0.050847,10.05494
1755407461249,0.29671,0.008973,9.700503
1755407461252,0.260818,-0.036491,9.959227
1755407461255,0.325424,-0.074776,9.765109
1755407461256,0.251246,-0.017348,9.932607
1755407461260,0.318245,-0.022134,9.920643
1755407461262,0.282353,-0.002991,9.856036
1755407461263,0.270389,-0.019741,9.947263
1755407461266,0.282353,-0.029312,9.767502
1755407461269,0.272782,-0.055633,9.913465
1755407461271,0.301496,-0.017348,9.870394
1755407461273,0.289532,-0.005384,9.891929
1755407461276,0.287139,-0.014955,9.911072
1755407461280,0.289532,-0.007777,9.844072
1755407461281,0.272782,-0.026919,9.894321
1755407461283,0.270389,-0.034098,9.865608
1755407461285,0.299103,-0.034098,9.908679
1755407461287,0.27996,-0.041276,9.891929
1755407461290,0.308674,-0.014955,9.913465
1755407461292,0.263211,-0.038883,9.899107
1755407461295,0.284746,-0.017348,9.872787
1755407461297,0.260818,-0.034098,9.911072
1755407461299,0.294317,-0.012562,9.882358
1755407461302,0.291924,-0.024526,9.908679
1755407461304,0.31346,-0.002991,9.879965
1755407461307,0.287139,-0.012562,9.889536
1755407461310,0.282353,-0.012562,9.872787
1755407461312,0.275175,-0.007777,9.906285
1755407461314,0.306281,-0.043669,9.875179
1755407461316,0.282353,-0.038883,9.863214
1755407461319,0.246461,-0.012562,9.887143
1755407461321,0.311067,0.001795,9.817751
1755407461323,0.263211,-0.036491,9.891929
1755407461326,0.263211,-0.014955,9.882358
1755407461328,0.284746,-0.029312,9.899107
1755407461331,0.282353,-0.036491,9.865608
1755407461333,0.289532,-0.081954,9.88475
1755407461336,0.354138,-0.007777,9.805787
1755407461338,0.303888,-0.038883,9.889536
1755407461340,0.294317,-0.041276,9.793823
1755407461343,0.272782,0.020937,10.042975
1755407461345,0.29671,0.064008,9.872787
1755407461347,0.301496,-0.036491,9.913465
1755407461350,0.284746,-0.081954,9.686146
1755407461352,0.267996,-0.065204,9.868001
1755407461355,0.277567,0.00658,10.019048
1755407461357,0.299103,0.0999,9.882358
1755407461360,0.287139,0.020937,9.949656
1755407461363,0.315853,-0.048455,9.719646
1755407461365,0.253639,-0.098704,9.875179
1755407461366,0.311067,0.004187,9.968799
1755407461369,0.291924,0.123829,9.964012
1755407461371,0.263211,0.037687,9.899107
1755407461374,0.303888,-0.067597,9.686146
1755407461377,0.251246,-0.132203,9.877572
1755407461379,0.287139,-0.017348,9.995119
1755407461381,0.272782,0.087936,9.896714
1755407461383,0.267996,0.047258,9.952048
1755407461386,0.308674,-0.115454,9.724431
1755407461388,0.323031,-0.074776,9.985548
1755407461391,0.277567,0.097508,9.913465
1755407461394,0.253639,-0.005384,9.755538
1755407461396,0.287139,-0.062812,10.102797
1755407461398,0.301496,0.035294,9.815358
1755407461400,0.258425,-0.014955,9.781859
1755407461403,0.251246,-0.067597,9.995119
1755407461405,0.363709,-0.062812,9.757931
1755407461407,0.217747,-0.010169,10.019048
1755407461410,0.289532,0.032901,9.853643
1755407461413,0.320638,-0.041276,9.887143
1755407461415,0.267996,-0.072383,9.82493
1755407461417,0.303888,-0.034098,9.944571
1755407461419,0.294317,0.028116,9.899107
1755407461422,0.258425,-0.034098,9.891929
1755407461424,0.354138,-0.05324,9.817751
1755407461426,0.267996,-0.050847,9.987941
1755407461429,0.282353,0.008973,9.853643
1755407461431,0.33021,-0.022134,9.786645
1755407461434,0.291924,-0.050847,9.995119
1755407461436,0.349352,-0.065204,9.829716
1755407461439,0.31346,0.016152,9.887143
1755407461441,0.29671,-0.043669,9.77468
1755407461443,0.291924,-0.041276,10.03819
1755407461446,0.33021,0.035294,9.844072
1755407461449,0.260818,-0.065204,9.77468
1755407461451,0.277567,-0.043669,10.023833
1755407461453,0.320638,0.025723,9.853643
1755407461455,0.239282,-0.041276,9.722038
1755407461458,0.289532,-0.081954,9.875179
1755407461460,0.282353,-0.024526,10.016655
1755407461463,0.275175,0.052044,9.856036
1755407461465,0.323031,-0.014955,9.882358
1755407461467,0.258425,-0.10349,9.767502
1755407461470,0.31346,-0.065204,9.84168
1755407461472,0.258425,0.020937,10.047761
1755407461474,0.284746,0.102293,9.846465
1755407461477,0.251246,-0.072383,9.913465
1755407461480,0.27996,-0.136989,9.743574
1755407461481,0.260818,-0.065204,9.784252
1755407461484,0.289532,0.061615,10.105189
1755407461487,0.291924,0.104686,9.870394
1755407461489,0.244068,-0.026919,9.932607
1755407461491,0.29671,-0.127418,9.650253
1755407461493,0.282353,-0.134596,9.863214
1755407461496,0.323031,0.00658,10.016655
1755407461500,0.282353,0.102293,9.91825
1755407461501,0.267996,-0.014955,9.927821
1755407461504,0.287139,-0.110668,9.798609
1755407461506,0.299103,-0.06999,9.836894
1755407461508,0.222533,-0.026919,9.961619
1755407461510,0.294317,0.054437,9.868001
1755407461513,0.267996,0.028116,10.05494
1755407461516,0.308674,-0.043669,9.686146
1755407461518,0.251246,-0.108275,9.887143
1755407461521,0.284746,-0.06999,9.846465
1755407461522,0.299103,0.04008,9.944571
1755407461525,0.291924,0.078365,9.995119
1755407461527,0.265603,-0.000598,9.729217
1755407461530,0.277567,-0.129811,9.860822
1755407461533,0.282353,-0.101097,9.829716
1755407461535,0.315853,0.004187,9.959227
1755407461537,0.267996,0.080758,10.031012
1755407461539,0.275175,0.008973,9.762716
1755407461542,0.239282,-0.125025,9.844072
1755407461544,0.275175,-0.129811,9.801002
1755407461547,0.306281,0.004187,9.920643
1755407461549,0.267996,0.080758,10.069297
1755407461551,0.29671,0.054437,9.765109
1755407461554,0.256032,-0.10349,9.846465
1755407461556,0.294317,-0.117847,9.772287
1755407461558,0.275175,-0.012562,9.868001
1755407461561,0.27996,0.047258,10.057333
1755407461564,0.308674,0.049651,9.894321
1755407461566,0.239282,-0.034098,9.894321
1755407461568,0.289532,-0.134596,9.659825
1755407461571,0.284746,-0.074776,9.896714
1755407461573,0.323031,0.047258,10.05494
1755407461575,0.287139,0.104686,9.947263
1755407461577,0.263211,0.013759,9.868001
1755407461581,0.287139,-0.108275,9.645468
1755407461583,0.282353,-0.168096,9.82493
1755407461584,0.311067,0.011366,10.011869
1755407461587,0.282353,0.114257,9.961619
1755407461589,0.248854,0.04008,9.913465
1755407461592,0.275175,-0.144168,9.662218
1755407461594,0.294317,-0.151346,9.853643
1755407461596,0.291924,0.020937,10.033404
1755407461599,0.301496,0.121436,9.894321
1755407461601,0.234497,-0.055633,9.882358
1755407461604,0.29671,-0.110668,9.858429
1755407461606,0.289532,-0.036491,9.877572
1755407461608,0.265603,0.028116,9.961619
1755407461611,0.287139,0.013759,9.851251
1755407461613,0.284746,-0.031705,9.896714
1755407461616,0.275175,-0.031705,9.856036
1755407461619,0.303888,0.004187,9.879965
1755407461621,0.31346,-0.002991,9.932607
1755407461623,0.291924,-0.000598,9.856036
1755407461625,0.265603,-0.022134,9.894321
1755407461628,0.287139,-0.038883,9.870394
1755407461630,0.294317,-0.024526,9.870394
1755407461633,0.291924,-0.005384,9.88475
1755407461637,0.256032,-0.012562,9.877572
1755407461638,0.282353,-0.024526,9.91825
1755407461640,0.248854,-0.034098,9.858429
1755407461643,0.267996,-0.041276,9.887143
1755407461644,0.284746,-0.010169,9.891929
1755407461647,0.291924,-0.022134,9.887143
1755407461649,0.287139,0.013759,9.875179
1755407461652,0.294317,-0.010169,9.9015
1755407461654,0.236889,0.016152,9.906285
1755407461656,0.289532,0.02333,9.875179
1755407461659,0.277567,-0.005384,9.882358
1755407461662,0.282353,-0.005384,9.882358
1755407461664,0.277567,-0.026919,9.868001
1755407461666,0.27996,-0.014955,9.839287
1755407461668,0.284746,-0.036491,9.834501
1755407461671,0.277567,-0.034098,9.908679
1755407461673,0.275175,-0.029312,9.889536
1755407461676,0.267996,-0.041276,9.908679
1755407461678,0.306281,0.001795,9.899107
1755407461680,0.291924,-0.038883,9.844072
1755407461683,0.299103,-0.031705,9.899107
1755407461685,0.318245,-0.038883,9.863214
1755407461688,0.267996,-0.024526,9.88475
1755407461690,0.275175,-0.005384,9.882358
1755407461692,0.29671,0.001795,9.882358
1755407461695,0.311067,-0.007777,9.889536
1755407461697,0.306281,-0.002991,9.887143
1755407461700,0.289532,-0.050847,9.923036
1755407461703,0.306281,0.00658,9.805787
1755407461705,0.267996,-0.077169,9.887143
1755407461707,0.306281,-0.022134,9.992726
1755407461709,0.299103,0.066401,9.832108
1755407461712,0.253639,-0.067597,9.757931
1755407461714,0.342174,-0.101097,9.937392
1755407461717,0.325424,0.011366,9.937392
1755407461720,0.241675,0.071186,9.743574
1755407461722,0.301496,-0.091525,9.82493
1755407461723,0.380459,-0.105882,9.966406
1755407461726,0.294317,0.028116,9.923036
1755407461728,0.234497,0.04008,9.856036
1755407461731,0.315853,-0.113061,9.79143
1755407461734,0.311067,-0.10349,10.031012
1755407461736,0.275175,0.090329,9.959227
1755407461739,0.289532,0.028116,9.698111
1755407461740,0.318245,-0.172881,9.932607
1755407461743,0.325424,-0.067597,9.927821
1755407461745,0.22014,0.073579,9.822537
1755407461747,0.22014,-0.034098,9.851251
1755407461751,0.346959,-0.134596,9.834501
1755407461753,0.287139,-0.05324,9.949656
1755407461755,0.284746,0.052044,9.839287
1755407461757,0.277567,-0.031705,9.894321
1755407461759,0.351745,-0.036491,9.863214
1755407461762,0.256032,-0.05324,9.848858
1755407461764,0.241675,-0.010169,9.889536
1755407461767,0.320638,0.02333,9.894321
1755407461770,0.241675,-0.010169,9.84168
1755407461772,0.258425,-0.024526,9.834501
1755407461774,0.315853,-0.024526,9.872787
1755407461776,0.251246,-0.014955,9.870394
1755407461779,0.282353,0.008973,9.9015
1755407461781,0.270389,-0.017348,9.872787
1755407461787,0.287139,-0.014955,9.846465
1755407461789,0.256032,0.011366,9.812965
1755407461791,0.244068,-0.000598,9.913465
1755407461792,0.303888,-0.019741,9.779466
1755407461794,0.251246,-0.034098,9.846465
1755407461795,0.29671,-0.036491,9.810573
1755407461798,0.325424,-0.031705,9.927821
1755407461800,0.277567,-0.014955,9.903893
1755407461804,0.239282,-0.029312,9.820144
1755407461805,0.267996,0.013759,9.906285
1755407461807,0.294317,-0.012562,9.88475
1755407461810,0.287139,-0.007777,9.88475
1755407461812,0.251246,-0.019741,9.817751
1755407461815,0.287139,-0.029312,9.920643
1755407461817,0.299103,-0.024526,9.870394
1755407461820,0.263211,-0.022134,9.858429
1755407461822,0.263211,-0.012562,9.875179
1755407461825,0.267996,-0.017348,9.872787
1755407461827,0.253639,-0.012562,9.882358
1755407461829,0.301496,-0.038883,9.9015
1755407461831,0.299103,-0.038883,9.88475
1755407461834,0.272782,-0.019741,9.879965
1755407461837,0.291924,0.004187,9.879965
1755407461839,0.270389,-0.012562,9.887143
1755407461841,0.334995,-0.010169,9.853643
1755407461844,0.294317,-0.017348,9.860822
1755407461846,0.272782,-0.031705,9.903893
1755407461848,0.253639,-0.017348,9.9015
1755407461851,0.27996,-0.017348,9.844072
1755407461853,0.303888,-0.010169,9.877572
1755407461857,0.320638,-0.031705,9.879965
1755407461859,0.244068,-0.019741,9.879965
1755407461860,0.234497,-0.031705,9.882358
1755407461863,0.265603,-0.002991,9.879965
1755407461865,0.306281,-0.034098,9.899107
1755407461867,0.275175,-0.026919,9.877572
1755407461870,0.29671,-0.034098,9.875179
1755407461872,0.258425,-0.017348,9.88475
1755407461875,0.291924,-0.014955,9.877572
1755407461877,0.287139,-0.034098,9.887143
1755407461879,0.260818,0.001795,9.877572
1755407461882,0.291924,-0.046062,9.906285
1755407461884,0.277567,-0.038883,9.894321
1755407461887,0.294317,-0.012562,9.879965
1755407461890,0.306281,-0.029312,9.872787
1755407461891,0.291924,-0.012562,9.889536
1755407461894,0.275175,-0.026919,9.863214
1755407461896,0.27996,-0.031705,9.872787
1755407461899,0.256032,-0.017348,9.865608
1755407461901,0.282353,-0.022134,9.906285
1755407461904,0.303888,-0.019741,9.882358
1755407461907,0.287139,-0.014955,9.88475
1755407461908,0.272782,-0.012562,9.872787
1755407461910,0.270389,-0.038883,9.896714
1755407461913,0.29671,-0.014955,9.753145
1755407461915,0.265603,-0.067597,9.966406
1755407461918,0.358923,-0.010169,9.803394
1755407461921,0.258425,-0.012562,10.033404
1755407461924,0.33021,0.02333,9.844072
1755407461926,0.256032,-0.012562,9.997512
1755407461927,0.275175,-0.060419,9.676575
1755407461930,0.215354,-0.067597,9.954441
1755407461932,0.303888,-0.041276,9.836894
1755407461934,0.287139,-0.007777,9.820144
1755407461938,0.27996,0.001795,10.069297
1755407461940,0.306281,0.025723,9.868001
1755407461942,0.275175,-0.038883,9.954441
1755407461945,0.306281,-0.055633,9.695718
1755407461947,0.284746,-0.084347,9.930214
1755407461949,0.342174,-0.055633,9.793823
1755407461951,0.301496,-0.007777,9.858429
1755407461953,0.258425,0.001795,10.03819
1755407461956,0.318245,0.047258,9.858429
1755407461959,0.232104,-0.022134,9.968799
1755407461961,0.318245,-0.022134,9.734002
1755407461963,0.236889,-0.041276,9.949656
1755407461966,0.306281,-0.060419,9.798609
1755407461968,0.301496,-0.017348,9.9015
1755407461970,0.275175,0.049651,10.033404
1755407461973,0.27996,0.075972,9.851251
1755407461975,0.270389,-0.058026,9.868001
1755407461978,0.291924,-0.113061,9.726824
1755407461980,0.308674,-0.043669,9.959227
1755407461982,0.294317,0.078365,9.927821
1755407461985,0.272782,0.00658,9.836894
1755407461989,0.272782,-0.108275,9.927821
1755407461991,0.311067,-0.06999,9.784252
1755407461993,0.289532,-0.036491,9.903893
1755407461995,0.308674,0.008973,9.906285
1755407461997,0.294317,0.00658,9.906285
1755407461999,0.284746,-0.036491,9.856036
1755407462001,0.303888,-0.055633,9.868001
1755407462004,0.287139,-0.026919,9.887143
1755407462007,0.265603,-0.029312,9.903893
1755407462009,0.270389,-0.010169,9.923036
1755407462011,0.277567,-0.017348,9.860822
1755407462013,0.275175,-0.031705,9.858429
1755407462017,0.294317,-0.058026,9.877572
1755407462018,0.291924,-0.017348,9.872787
1755407462021,0.291924,-0.022134,9.891929
1755407462024,0.277567,-0.002991,9.896714
1755407462025,0.291924,-0.024526,9.865608
1755407462028,0.267996,-0.036491,9.858429
1755407462030,0.277567,-0.046062,9.88475
1755407462033,0.277567,-0.029312,9.846465
1755407462035,0.320638,-0.024526,9.942178
1755407462037,0.291924,-0.017348,9.822537
1755407462041,0.241675,-0.055633,9.882358
1755407462043,0.299103,-0.026919,9.827323
1755407462045,0.253639,-0.036491,9.923036
1755407462047,0.29671,0.004187,9.877572
1755407462050,0.289532,0.004187,9.961619
1755407462052,0.323031,0.042473,9.856036
1755407462054,0.260818,-0.031705,9.829716
1755407462057,0.29671,-0.10349,9.84168
1755407462060,0.318245,-0.012562,9.987941
1755407462061,0.272782,0.085543,9.882358
1755407462064,0.289532,-0.014955,9.803394
1755407462066,0.323031,-0.108275,9.829716
1755407462069,0.27996,-0.079561,9.934999
1755407462071,0.289532,0.073579,9.937392
1755407462074,0.327817,0.085543,10.045368
1755407462078,0.308674,-0.058026,9.719646
1755407462080,0.27996,-0.141775,9.829716
1755407462081,0.291924,-0.077169,9.870394
1755407462083,0.306281,0.032901,9.91825
1755407462086,0.277567,0.061615,10.090832
1755407462088,0.260818,0.054437,9.750752
1755407462093,0.236889,-0.115454,9.877572
1755407462096,0.267996,-0.127418,9.719646
1755407462097,0.291924,-0.046062,9.865608
1755407462098,0.287139,0.032901,10.042975
1755407462100,0.308674,0.071186,9.853643
1755407462102,0.253639,-0.036491,9.997512
1755407462105,0.289532,-0.120239,9.669396
1755407462109,0.275175,-0.113061,9.887143
1755407462110,0.289532,-0.026919,9.911072
1755407462112,0.284746,0.061615,9.932607
1755407462115,0.253639,0.030508,10.03819
1755407462117,0.332602,-0.060419,9.68136
1755407462119,0.263211,-0.110668,9.891929
1755407462122,0.277567,-0.081954,9.762716
1755407462125,0.29671,0.00658,9.932607
1755407462127,0.265603,0.044865,10.109975
1755407462128,0.327817,0.035294,9.848858
1755407462131,0.232104,-0.077169,9.923036
1755407462135,0.303888,-0.115454,9.65504
1755407462136,0.294317,-0.093918,9.908679
1755407462139,0.284746,-0.005384,9.990334
1755407462141,0.33021,0.075972,9.937392
1755407462143,0.258425,0.018544,9.959227
1755407462145,0.306281,-0.062812,9.695718
1755407462148,0.272782,-0.144168,9.872787
1755407462151,0.299103,-0.077169,9.851251
1755407462152,0.291924,0.071186,9.956834
1755407462155,0.27996,0.059222,10.05494
1755407462158,0.311067,0.030508,9.767502
1755407462160,0.22014,-0.120239,9.848858
1755407462163,0.31346,-0.105882,9.753145
1755407462164,0.306281,0.00658,9.942178
1755407462167,0.294317,0.087936,10.138689
1755407462170,0.301496,0.047258,9.786645
1755407462172,0.251246,-0.117847,9.860822
1755407462174,0.299103,-0.158524,9.726824
1755407462177,0.323031,-0.010169,9.956834
1755407462179,0.258425,0.083151,10.088439
1755407462181,0.31346,0.061615,9.779466
1755407462184,0.272782,-0.113061,9.84168
1755407462186,0.315853,-0.160917,9.719646
1755407462189,0.294317,0.001795,10.007083
1755407462191,0.299103,0.123829,9.97837
1755407462195,0.277567,0.011366,9.781859
1755407462196,0.284746,-0.151346,9.844072
1755407462199,0.284746,-0.129811,9.84168
1755407462201,0.275175,0.008973,9.971191
1755407462203,0.287139,0.085543,10.033404
1755407462205,0.29671,0.004187,9.755538
1755407462208,0.294317,-0.127418,9.815358
1755407462211,0.260818,-0.081954,9.846465
1755407462213,0.27996,0.02333,9.959227
1755407462215,0.256032,0.104686,10.033404
1755407462218,0.294317,0.025723,9.729217
1755407462220,0.260818,-0.134596,9.834501
1755407462222,0.308674,-0.127418,9.82493
1755407462225,0.29671,0.020937,9.971191
1755407462227,0.267996,0.073579,9.992726
1755407462230,0.294317,0.001795,9.757931
1755407462232,0.270389,-0.132203,9.848858
1755407462234,0.325424,-0.105882,9.846465
1755407462236,0.277567,0.035294,9.947263
1755407462239,0.258425,0.068794,10.011869
1755407462243,0.291924,-0.007777,9.781859
1755407462245,0.287139,-0.127418,9.832108
1755407462247,0.299103,-0.105882,9.851251
1755407462249,0.299103,0.028116,9.930214
1755407462251,0.291924,0.052044,9.980762
1755407462253,0.267996,-0.038883,9.796216
1755407462255,0.258425,-0.115454,9.839287
1755407462258,0.299103,-0.108275,9.848858
1755407462263,0.306281,0.030508,9.975977
1755407462264,0.282353,0.107079,10.062119
1755407462265,0.265603,0.020937,9.74836
1755407462267,0.270389,-0.144168,9.798609
1755407462270,0.306281,-0.125025,9.786645
1755407462273,0.334995,-0.000598,10.00469
1755407462275,0.272782,0.152542,10.031012
1755407462279,0.291924,0.044865,9.760324
1755407462281,0.282353,-0.16331,9.839287
1755407462282,0.284746,-0.117847,9.786645
1755407462284,0.289532,0.05683,9.973584
1755407462287,0.282353,0.140578,10.112368
1755407462289,0.294317,-0.010169,9.753145
1755407462292,0.275175,-0.144168,9.832108
1755407462296,0.287139,-0.08674,9.777073
1755407462297,0.325424,0.00658,9.968799
1755407462299,0.289532,0.11665,10.11476
1755407462301,0.287139,0.016152,9.810573
1755407462304,0.248854,-0.117847,9.839287
1755407462306,0.29671,-0.122632,9.729217
1755407462309,0.294317,-0.060419,9.882358
1755407462311,0.275175,0.049651,10.07169
1755407462316,0.284746,0.087936,9.903893
1755407462317,0.232104,-0.034098,9.9015
1755407462318,0.282353,-0.110668,9.712467
1755407462320,0.260818,-0.120239,9.848858
1755407462323,0.282353,-0.043669,9.920643
1755407462325,0.277567,0.071186,9.999905
1755407462327,0.267996,0.066401,9.966406
1755407462330,0.31346,-0.017348,9.719646
1755407462333,0.277567,-0.160917,9.899107
1755407462335,0.320638,-0.08674,9.74836
1755407462337,0.318245,0.004187,9.865608
1755407462339,0.287139,0.011366,10.050154
1755407462342,0.337388,0.04008,9.894321
1755407462344,0.294317,-0.041276,9.870394
1755407462347,0.303888,-0.093918,9.734002
1755407462349,0.275175,-0.093918,9.934999
1755407462351,0.287139,-0.012562,9.844072
1755407462354,0.291924,0.04008,9.875179
1755407462356,0.299103,0.013759,10.066904
1755407462359,0.291924,0.013759,9.810573
1755407462361,0.260818,-0.05324,9.863214
1755407462364,0.277567,-0.084347,9.784252
1755407462366,0.299103,-0.072383,9.896714
1755407462368,0.275175,0.020937,9.822537
1755407462371,0.287139,0.025723,9.913465
1755407462373,0.246461,-0.007777,10.086046
1755407462375,0.291924,-0.012562,9.736395
1755407462378,0.248854,-0.062812,9.801002
1755407462381,0.294317,-0.019741,9.793823
1755407462383,0.275175,-0.048455,10.090832
1755407462385,0.258425,-0.048455,9.82493
1755407462387,0.287139,0.042473,9.741181
1755407462390,0.29671,-0.000598,10.167402
1755407462393,0.31346,0.016152,9.777073
1755407462395,0.260818,-0.055633,9.870394
1755407462398,0.29671,-0.050847,9.863214
1755407462400,0.277567,-0.014955,9.894321
1755407462402,0.299103,-0.019741,9.896714
1755407462404,0.29671,-0.005384,9.80818
1755407462407,0.270389,0.008973,9.923036
1755407462409,0.29671,-0.002991,9.934999
1755407462411,0.229711,-0.026919,10.057333
1755407462415,0.301496,-0.019741,9.693324
1755407462417,0.275175,-0.041276,9.844072
1755407462420,0.272782,-0.029312,9.820144
1755407462421,0.275175,-0.017348,9.983155
1755407462423,0.299103,-0.022134,9.9015
1755407462426,0.301496,-0.000598,9.686146
1755407462428,0.258425,-0.017348,10.009477
1755407462432,0.339781,-0.007777,9.990334
1755407462433,0.284746,-0.043669,10.014262
1755407462436,0.33021,-0.031705,9.724431
1755407462438,0.251246,-0.055633,9.870394
1755407462440,0.320638,-0.050847,9.848858
1755407462443,0.275175,-0.034098,9.932607
1755407462445,0.258425,-0.007777,9.91825
1755407462448,0.301496,0.018544,9.769895
1755407462450,0.272782,-0.022134,10.136296
1755407462452,0.346959,-0.036491,9.688539
1755407462455,0.303888,-0.077169,9.817751
1755407462457,0.303888,-0.043669,9.753145
1755407462459,0.29671,-0.014955,10.00469
1755407462463,0.260818,-0.038883,9.930214
1755407462465,0.303888,0.044865,9.820144
1755407462467,0.263211,0.016152,10.138689
1755407462469,0.301496,-0.014955,9.693324
1755407462471,0.260818,-0.065204,9.796216
1755407462474,0.311067,-0.043669,9.853643
1755407462477,0.294317,-0.034098,9.815358
1755407462478,0.29671,0.001795,9.961619
1755407462481,0.277567,0.054437,10.014262
1755407462483,0.263211,-0.029312,9.803394
1755407462486,0.277567,-0.093918,9.853643
1755407462488,0.291924,-0.084347,9.796216
1755407462490,0.289532,0.016152,10.007083
1755407462493,0.248854,0.061615,9.777073
1755407462495,0.246461,-0.074776,9.949656
1755407462497,0.311067,-0.038883,9.848858
1755407462501,0.282353,-0.041276,9.856036
1755407462503,0.244068,-0.024526,9.934999
1755407462505,0.33021,-0.002991,9.836894
1755407462507,0.289532,0.008973,9.879965
1755407462510,0.236889,-0.024526,9.930214
1755407462512,0.287139,-0.029312,9.860822
1755407462515,0.320638,0.001795,9.84168
1755407462517,0.263211,-0.000598,9.954441
1755407462520,0.311067,-0.050847,9.731609
1755407462522,0.265603,-0.06999,10.059726
1755407462524,0.337388,0.042473,9.810573
1755407462526,0.246461,-0.041276,9.894321
1755407462529,0.325424,-0.046062,9.803394
1755407462531,0.263211,-0.055633,10.009477
1755407462534,0.258425,0.025723,9.781859
1755407462536,0.311067,-0.014955,10.040583
1755407462539,0.291924,-0.000598,9.858429
1755407462541,0.299103,-0.007777,9.798609
1755407462543,0.241675,-0.062812,9.894321
1755407462545,0.311067,-0.034098,9.834501
1755407462548,0.291924,-0.034098,9.908679
1755407462551,0.306281,0.04008,9.865608
1755407462553,0.301496,0.00658,9.944571
1755407462555,0.277567,-0.050847,9.79143
1755407462558,0.27996,-0.06999,9.930214
1755407462560,0.289532,0.004187,9.820144
1755407462562,0.270389,-0.029312,9.997512
1755407462565,0.284746,-0.026919,9.879965
1755407462567,0.31346,-0.024526,9.856036
1755407462570,0.256032,-0.038883,9.896714
1755407462572,0.282353,-0.043669,9.846465
1755407462575,0.284746,-0.005384,9.875179
1755407462577,0.282353,0.028116,9.920643
1755407462579,0.263211,-0.002991,9.84168
1755407462581,0.299103,-0.055633,9.942178
1755407462584,0.244068,-0.005384,9.875179
1755407462586,0.311067,-0.046062,9.769895
1755407462589,0.301496,-0.038883,10.009477
1755407462591,0.318245,-0.029312,9.844072
1755407462594,0.263211,-0.031705,9.858429
1755407462596,0.291924,-0.017348,9.889536
1755407462598,0.29671,-0.122632,9.829716
1755407462602,0.311067,-0.024526,9.88475
1755407462604,0.289532,0.025723,9.9015
1755407462605,0.241675,-0.022134,9.896714
1755407462608,0.289532,-0.048455,9.870394
1755407462611,0.256032,-0.041276,9.834501
1755407462612,0.275175,-0.031705,9.91825
1755407462615,0.327817,-0.017348,9.846465
1755407462619,0.22014,-0.055633,9.915857
1755407462620,0.325424,-0.031705,9.817751
1755407462622,0.234497,-0.024526,9.9015
1755407462625,0.275175,-0.043669,9.879965
1755407462627,0.308674,-0.034098,9.858429
1755407462629,0.258425,-0.019741,9.932607
1755407462632,0.282353,-0.041276,9.827323
1755407462636,0.287139,-0.019741,9.990334
1755407462637,0.334995,-0.002991,9.796216
1755407462640,0.272782,-0.024526,9.937392
1755407462642,0.323031,-0.017348,9.891929
1755407462644,0.303888,-0.014955,9.839287
1755407462646,0.275175,-0.010169,9.915857
1755407462648,0.289532,0.02333,9.803394
1755407462651,0.284746,-0.019741,9.91825
1755407462654,0.251246,-0.007777,9.839287
1755407462656,0.315853,-0.017348,9.908679
1755407462658,0.27996,-0.000598,9.872787
1755407462661,0.308674,-0.024526,9.865608
1755407462663,0.275175,0.00658,9.891929
1755407462665,0.291924,-0.034098,9.889536
1755407462668,0.29671,-0.022134,9.879965
1755407462670,0.291924,-0.031705,9.872787
1755407462673,0.284746,-0.034098,9.875179
1755407462675,0.308674,0.00658,9.889536
1755407462678,0.289532,-0.010169,9.894321
1755407462680,0.325424,-0.007777,9.834501
1755407462682,0.291924,-0.014955,9.899107
1755407462684,0.306281,-0.058026,9.889536
1755407462687,0.246461,-0.010169,9.860822
1755407462689,0.287139,0.008973,9.865608
1755407462692,0.299103,-0.026919,9.887143
1755407462695,0.27996,-0.022134,9.887143
1755407462696,0.27996,-0.022134,9.894321
1755407462699,0.258425,-0.010169,9.846465
1755407462701,0.284746,-0.034098,9.879965
1755407462704,0.31346,-0.007777,9.877572
1755407462707,0.294317,-0.005384,9.872787
1755407462708,0.277567,-0.012562,9.858429
1755407462711,0.289532,0.00658,9.879965
1755407462713,0.277567,-0.048455,9.882358
1755407462715,0.301496,-0.031705,9.877572
1755407462718,0.272782,-0.007777,9.879965
1755407462721,0.284746,-0.017348,9.88475
1755407462723,0.270389,0.02333,9.887143
1755407462725,0.294317,-0.014955,9.879965
1755407462728,0.303888,-0.000598,9.877572
1755407462730,0.301496,-0.029312,9.870394
1755407462732,0.282353,-0.043669,9.879965
1755407462735,0.306281,-0.017348,9.899107
1755407462737,0.282353,-0.024526,9.868001
1755407462740,0.287139,-0.048455,9.882358
1755407462742,0.275175,-0.002991,9.889536
1755407462745,0.270389,-0.043669,9.879965
1755407462747,0.27996,-0.022134,9.858429
1755407462749,0.270389,-0.007777,9.872787
1755407462752,0.315853,-0.043669,9.88475
1755407462759,0.294317,-0.029312,9.911072
1755407462760,0.291924,-0.017348,9.891929
1755407462762,0.282353,-0.022134,9.903893
1755407462763,0.284746,-0.031705,9.887143
1755407462764,0.275175,-0.031705,9.846465
1755407462766,0.270389,-0.022134,9.872787
1755407462768,0.27996,0.004187,9.860822
1755407462771,0.289532,-0.026919,9.872787
1755407462774,0.287139,-0.022134,9.856036
1755407462776,0.311067,-0.026919,9.891929
1755407462778,0.287139,-0.022134,9.882358
1755407462780,0.301496,-0.005384,9.879965
1755407462783,0.31346,-0.005384,9.875179
1755407462785,0.270389,-0.010169,9.877572
1755407462788,0.334995,-0.022134,9.865608
1755407462790,0.29671,-0.034098,9.882358
1755407462792,0.294317,0.00658,9.882358
1755407462795,0.294317,0.025723,9.894321
1755407462797,0.287139,-0.012562,9.872787
1755407462799,0.272782,-0.029312,9.882358
1755407462802,0.291924,-0.034098,9.88475
1755407462805,0.301496,-0.014955,9.906285
1755407462807,0.265603,-0.014955,9.863214
1755407462810,0.311067,-0.017348,9.899107
1755407462812,0.311067,-0.012562,9.872787
1755407462814,0.291924,-0.019741,9.903893
1755407462816,0.251246,-0.014955,9.899107
1755407462819,0.301496,-0.046062,9.88475
1755407462822,0.27996,-0.026919,9.889536
1755407462824,0.311067,-0.038883,9.882358
1755407462826,0.291924,-0.022134,9.88475
1755407462828,0.287139,-0.019741,9.851251
1755407462831,0.277567,-0.012562,9.887143
1755407462833,0.301496,-0.017348,9.889536
1755407462836,0.284746,-0.026919,9.879965
1755407462840,0.275175,-0.019741,9.877572
1755407462842,0.325424,-0.019741,9.868001
1755407462844,0.294317,-0.012562,9.891929
1755407462845,0.275175,-0.022134,9.879965
1755407462847,0.306281,0.001795,9.88475
1755407462850,0.258425,0.004187,9.896714
1755407462852,0.27996,-0.019741,9.894321
1755407462854,0.287139,-0.000598,9.870394
1755407462859,0.284746,-0.000598,9.894321
1755407462861,0.258425,-0.010169,9.896714
1755407462862,0.27996,-0.026919,9.889536
1755407462864,0.303888,-0.031705,9.887143
1755407462867,0.282353,-0.034098,9.863214
1755407462869,0.277567,-0.038883,9.891929
1755407462871,0.275175,-0.024526,9.882358
1755407462874,0.289532,-0.012562,9.877572
1755407462876,0.315853,-0.026919,9.870394
1755407462879,0.272782,-0.026919,9.879965
1755407462881,0.289532,-0.026919,9.877572
1755407462884,0.291924,-0.034098,9.913465
1755407462886,0.289532,-0.000598,9.894321
1755407462888,0.272782,-0.026919,9.863214
1755407462891,0.265603,-0.019741,9.906285
1755407462893,0.260818,-0.019741,9.877572
1755407462895,0.291924,-0.022134,9.887143
1755407462898,0.284746,-0.014955,9.894321
1755407462900,0.265603,-0.041276,9.894321
1755407462902,0.248854,-0.041276,9.877572
1755407462905,0.263211,-0.024526,9.879965
1755407462908,0.251246,-0.026919,9.879965
1755407462910,0.260818,-0.024526,9.877572
1755407462912,0.265603,-0.012562,9.877572
1755407462915,0.308674,-0.046062,9.870394
1755407462917,0.284746,-0.055633,9.88475
1755407462919,0.325424,-0.012562,9.88475
1755407462922,0.291924,-0.017348,9.877572
1755407462925,0.318245,-0.034098,9.889536
1755407462929,0.267996,-0.022134,9.863214
1755407462930,0.29671,-0.012562,9.858429
1755407462932,0.308674,-0.012562,9.882358
1755407462934,0.289532,-0.029312,9.889536
1755407462936,0.265603,-0.019741,9.899107
1755407462938,0.303888,-0.010169,9.834501
1755407462941,0.301496,-0.067597,9.882358
1755407462943,0.291924,-0.050847,9.875179
1755407462946,0.267996,-0.002991,9.872787
1755407462948,0.306281,-0.031705,9.877572
1755407462950,0.301496,-0.010169,9.879965
1755407462953,0.315853,-0.005384,9.872787
1755407462955,0.282353,-0.000598,9.887143
1755407462958,0.320638,-0.012562,9.836894
1755407462960,0.27996,-0.031705,9.865608
1755407462963,0.287139,-0.000598,9.930214
1755407462965,0.289532,0.013759,9.865608
1755407462967,0.251246,-0.046062,9.908679
1755407462969,0.258425,-0.029312,9.829716
1755407462972,0.320638,-0.041276,9.937392
1755407462975,0.311067,-0.007777,9.839287
1755407462978,0.270389,0.011366,9.851251
1755407462979,0.294317,-0.034098,9.959227
1755407462981,0.256032,-0.019741,9.932607
1755407462984,0.337388,-0.005384,9.719646
1755407462986,0.241675,-0.060419,9.947263
1755407462989,0.308674,-0.026919,9.860822
1755407462992,0.284746,0.013759,9.736395
1755407462994,0.260818,0.008973,10.05494
1755407462996,0.318245,-0.026919,9.805787
1755407462998,0.282353,-0.041276,9.920643
1755407463001,0.299103,-0.060419,9.786645
1755407463003,0.31346,-0.024526,9.944571
1755407463006,0.306281,-0.005384,9.846465
1755407463009,0.334995,0.044865,9.913465
1755407463012,0.275175,-0.022134,9.987941
1755407463014,0.289532,-0.029312,9.755538
1755407463015,0.246461,-0.06999,9.906285
1755407463017,0.267996,-0.062812,9.88475
1755407463020,0.311067,0.02333,9.796216
1755407463022,0.275175,0.016152,10.023833
1755407463025,0.294317,-0.000598,9.80818
1755407463027,0.301496,-0.050847,9.913465
1755407463030,0.29671,-0.072383,9.820144
1755407463032,0.289532,-0.036491,9.91825
1755407463034,0.267996,-0.007777,9.990334
1755407463037,0.284746,0.00658,9.815358
1755407463039,0.234497,-0.017348,9.975977
1755407463043,0.349352,-0.043669,9.755538
1755407463044,0.234497,-0.084347,9.877572
1755407463047,0.315853,-0.043669,9.796216
1755407463049,0.308674,-0.034098,9.908679
1755407463051,0.282353,-0.017348,9.968799
1755407463053,0.27996,0.028116,9.846465
1755407463056,0.27996,-0.024526,10.042975
1755407463058,0.294317,-0.019741,9.698111
1755407463061,0.253639,-0.091525,9.872787
1755407463063,0.272782,-0.065204,9.865608
1755407463065,0.294317,-0.017348,9.793823
1755407463068,0.27996,0.064008,10.045368
1755407463070,0.315853,0.04008,9.865608
1755407463073,0.227318,-0.046062,9.947263
1755407463075,0.272782,-0.067597,9.769895
1755407463077,0.265603,-0.010169,9.856036
1755407463081,0.320638,-0.048455,9.863214
1755407463083,0.318245,0.00658,9.882358
1755407463085,0.294317,0.020937,9.987941
1755407463087,0.248854,0.016152,9.812965
1755407463089,0.246461,-0.043669,10.069297
1755407463092,0.361316,-0.019741,9.71486
1755407463094,0.239282,-0.034098,9.930214
1755407463097,0.301496,-0.058026,9.803394
1755407463099,0.265603,0.011366,9.889536
1755407463101,0.253639,-0.022134,9.879965
1755407463104,0.287139,0.025723,9.769895
1755407463106,0.277567,-0.029312,10.026226
1755407463109,0.239282,0.008973,9.812965
1755407463112,0.320638,-0.074776,9.879965
1755407463114,0.265603,-0.048455,9.882358
1755407463116,0.358923,0.004187,9.872787
1755407463118,0.258425,-0.022134,9.908679
1755407463121,0.320638,0.018544,9.882358
1755407463123,0.287139,-0.038883,9.923036
1755407463125,0.284746,-0.050847,9.889536
1755407463128,0.248854,-0.005384,9.836894
1755407463131,0.303888,-0.017348,9.877572
1755407463132,0.251246,-0.043669,9.923036
1755407463135,0.291924,-0.017348,9.947263
1755407463137,0.244068,-0.017348,9.839287
1755407463140,0.260818,-0.022134,9.923036
1755407463142,0.301496,-0.022134,9.908679
1755407463145,0.287139,-0.034098,9.894321
1755407463147,0.299103,-0.031705,9.875179
1755407463150,0.287139,-0.022134,9.875179
1755407463152,0.299103,-0.034098,9.9015
1755407463154,0.301496,0.00658,9.868001
1755407463156,0.265603,-0.005384,9.891929
1755407463159,0.277567,-0.019741,9.889536
1755407463163,0.299103,-0.024526,9.877572
1755407463164,0.294317,-0.014955,9.863214
1755407463166,0.308674,-0.019741,9.877572
1755407463169,0.270389,-0.036491,9.868001
1755407463171,0.301496,-0.002991,9.856036
1755407463173,0.289532,-0.002991,9.894321
1755407463176,0.306281,-0.010169,9.858429
1755407463179,0.258425,-0.019741,9.889536
1755407463181,0.267996,-0.031705,9.877572
1755407463183,0.282353,-0.029312,9.896714
1755407463185,0.275175,-0.050847,9.853643
1755407463187,0.301496,-0.007777,9.870394
1755407463190,0.251246,-0.036491,9.913465
1755407463192,0.277567,0.02333,9.894321
1755407463195,0.332602,-0.024526,9.832108
1755407463199,0.248854,-0.081954,9.985548
1755407463200,0.342174,-0.019741,9.781859
1755407463202,0.263211,-0.043669,9.975977
1755407463204,0.320638,-0.007777,9.796216
1755407463207,0.198604,-0.014955,9.968799
1755407463209,0.337388,-0.036491,9.796216
1755407463211,0.253639,0.011366,9.930214
1755407463214,0.29671,-0.036491,9.760324
1755407463217,0.244068,-0.036491,9.920643
1755407463219,0.299103,-0.031705,9.812965
1755407463221,0.277567,-0.036491,9.870394
1755407463224,0.318245,-0.012562,9.875179
1755407463226,0.29671,-0.048455,9.80818
1755407463228,0.256032,-0.05324,10.014262
1755407463231,0.332602,-0.005384,9.805787
1755407463233,0.251246,-0.029312,10.062119
1755407463235,0.303888,0.020937,9.796216
1755407463238,0.265603,-0.024526,10.014262
1755407463240,0.334995,-0.031705,9.781859
1755407463243,0.241675,-0.022134,9.973584
1755407463246,0.299103,-0.031705,9.77468
1755407463248,0.277567,-0.034098,9.968799
1755407463250,0.287139,-0.019741,9.820144
1755407463252,0.236889,0.004187,9.920643
1755407463255,0.287139,-0.017348,9.827323
1755407463257,0.263211,-0.010169,9.942178
1755407463260,0.303888,-0.034098,9.863214
1755407463262,0.251246,-0.014955,9.851251
1755407463264,0.327817,-0.050847,9.877572
1755407463267,0.275175,-0.055633,9.920643
1755407463269,0.33021,-0.022134,9.820144
1755407463271,0.272782,-0.029312,9.927821
1755407463274,0.272782,-0.048455,9.865608
1755407463277,0.256032,-0.029312,9.870394
1755407463279,0.265603,-0.014955,9.803394
1755407463282,0.267996,-0.017348,9.896714
1755407463284,0.267996,-0.038883,9.856036
1755407463287,0.318245,-0.08674,9.836894
1755407463288,0.301496,-0.029312,9.856036
1755407463291,0.291924,-0.017348,9.891929
1755407463293,0.301496,-0.019741,9.913465
1755407463295,0.294317,-0.005384,9.920643
1755407463298,0.320638,-0.041276,9.925428
1755407463302,0.282353,-0.041276,9.889536
1755407463304,0.284746,-0.007777,9.863214
1755407463305,0.275175,-0.007777,9.844072
1755407463307,0.272782,-0.007777,9.863214
1755407463310,0.27996,-0.029312,9.834501
1755407463312,0.306281,-0.022134,9.879965
1755407463315,0.272782,-0.019741,9.863214
1755407463317,0.31346,-0.002991,9.877572
1755407463320,0.291924,0.00658,9.870394
1755407463322,0.282353,-0.024526,9.860822
1755407463324,0.315853,-0.017348,9.872787
1755407463327,0.315853,-0.007777,9.903893
1755407463329,0.315853,-0.010169,9.896714
1755407463332,0.289532,-0.005384,9.887143
1755407463334,0.308674,-0.050847,9.894321
1755407463336,0.303888,-0.014955,9.882358
1755407463339,0.306281,-0.038883,9.9015
1755407463341,0.303888,-0.014955,9.879965
1755407463343,0.291924,-0.043669,9.875179
1755407463346,0.289532,-0.024526,9.868001
1755407463349,0.282353,-0.017348,9.899107
1755407463351,0.287139,-0.022134,9.875179
1755407463353,0.287139,-0.026919,9.889536
1755407463355,0.267996,-0.024526,9.88475
1755407463358,0.27996,-0.014955,9.879965
1755407463360,0.287139,-0.007777,9.877572
1755407463362,0.275175,-0.029312,9.879965
1755407463366,0.272782,-0.002991,9.877572
1755407463368,0.294317,-0.029312,9.872787
1755407463370,0.299103,-0.029312,9.879965
1755407463372,0.318245,-0.029312,9.879965
1755407463374,0.291924,-0.014955,9.868001
1755407463377,0.253639,-0.022134,9.872787
1755407463379,0.301496,-0.017348,9.858429
1755407463383,0.294317,-0.029312,9.868001
1755407463384,0.256032,-0.002991,9.870394
1755407463386,0.294317,-0.046062,9.879965
1755407463389,0.323031,-0.005384,9.896714
1755407463391,0.272782,-0.014955,9.911072
1755407463393,0.265603,-0.034098,9.891929
1755407463396,0.308674,-0.010169,9.889536
1755407463399,0.291924,-0.012562,9.848858
1755407463401,0.303888,-0.026919,9.865608
1755407463403,0.282353,-0.019741,9.923036
1755407463406,0.275175,-0.031705,9.889536
1755407463408,0.289532,-0.010169,9.875179
1755407463410,0.284746,-0.034098,9.853643
1755407463413,0.267996,-0.046062,9.913465
1755407463416,0.272782,-0.022134,9.889536
1755407463419,0.277567,-0.000598,9.891929
1755407463423,0.272782,-0.024526,9.875179
1755407463424,0.270389,-0.019741,9.870394
1755407463425,0.303888,-0.014955,9.870394
1755407463427,0.27996,-0.026919,9.91825
1755407463429,0.308674,-0.031705,9.868001
1755407463432,0.27996,-0.014955,9.903893
1755407463434,0.301496,-0.000598,9.856036
1755407463437,0.301496,-0.029312,9.891929
1755407463439,0.291924,-0.017348,9.875179
1755407463442,0.299103,-0.062812,9.9015
1755407463444,0.277567,-0.010169,9.925428
1755407463447,0.332602,-0.007777,9.777073
1755407463449,0.258425,-0.091525,9.894321
1755407463452,0.289532,0.04008,10.011869
1755407463454,0.342174,0.078365,9.731609
1755407463456,0.181555,-0.153739,9.9015
1755407463459,0.337388,-0.034098,9.971191
1755407463461,0.356531,0.075972,9.762716
1755407463463,0.136092,-0.139382,9.925428
1755407463466,0.392423,0.001795,10.014262
1755407463469,0.356531,0.061615,9.769895
1755407463470,0.174377,-0.101097,9.9015
1755407463474,0.363709,-0.000598,10.007083
1755407463475,0.363709,0.080758,9.769895
1755407463478,0.157627,-0.115454,9.875179
1755407463480,0.315853,0.004187,9.999905
1755407463483,0.354138,0.095115,9.762716
1755407463485,0.174377,-0.132203,9.889536
1755407463488,0.339781,-0.031705,10.031012
1755407463490,0.323031,0.080758,9.702896
1755407463492,0.148056,-0.132203,9.913465
1755407463495,0.368495,0.032901,9.968799
1755407463497,0.351745,0.049651,9.702896
1755407463499,0.148056,-0.108275,10.021441
1755407463502,0.428315,0.035294,9.906285
1755407463505,0.320638,-0.017348,9.726824
1755407463506,0.16002,-0.113061,10.107582
1755407463509,0.42353,0.085543,9.772287
1755407463511,0.222533,-0.089133,9.829716
1755407463513,0.212961,-0.031705,10.081261
1755407463516,0.454636,0.064008,9.633504
1755407463519,0.128913,-0.125025,10.074082
1755407463522,0.363709,0.068794,9.863214
1755407463524,0.37328,-0.048455,9.765109
1755407463526,0.138485,-0.098704,10.11476
1755407463528,0.464208,0.052044,9.58804
1755407463530,0.148056,-0.122632,10.109975
1755407463533,0.344566,0.061615,9.762716
1755407463536,0.29671,-0.034098,9.812965
1755407463540,0.229711,-0.041276,9.992726
1755407463541,0.380459,0.030508,9.767502
1755407463542,0.205783,-0.06999,9.973584
1755407463545,0.282353,-0.036491,9.822537
1755407463547,0.318245,-0.017348,9.872787
1755407463549,0.229711,-0.034098,9.911072
1755407463552,0.284746,-0.036491,9.844072
1755407463554,0.308674,-0.031705,9.889536
1755407463557,0.234497,-0.036491,9.908679
1755407463559,0.311067,-0.014955,9.822537
1755407463561,0.256032,-0.041276,9.870394
1755407463564,0.294317,-0.012562,9.836894
1755407463566,0.244068,-0.014955,9.920643
1755407463568,0.306281,0.013759,9.872787
1755407463571,0.265603,-0.005384,9.889536
1755407463573,0.275175,-0.014955,9.887143
1755407463576,0.275175,-0.026919,9.877572
1755407463578,0.265603,-0.022134,9.925428
1755407463581,0.289532,-0.012562,9.889536
1755407463583,0.287139,-0.026919,9.906285
1755407463587,0.265603,-0.019741,9.839287
1755407463588,0.263211,-0.019741,9.930214
1755407463591,0.303888,-0.014955,9.875179
1755407463592,0.275175,-0.05324,9.848858
1755407463595,0.29671,-0.031705,9.942178
1755407463597,0.270389,-0.000598,9.844072
1755407463600,0.260818,0.004187,9.908679
1755407463602,0.299103,-0.022134,9.844072
1755407463604,0.325424,-0.041276,9.903893
1755407463607,0.272782,-0.019741,9.827323
1755407463609,0.282353,-0.010169,9.930214
1755407463612,0.272782,0.004187,9.834501
1755407463614,0.277567,-0.038883,9.9015
1755407463617,0.272782,-0.046062,9.848858
1755407463619,0.291924,-0.038883,9.925428
1755407463622,0.31346,-0.060419,9.887143
1755407463624,0.265603,-0.031705,9.865608
1755407463627,0.311067,-0.000598,9.868001
1755407463628,0.287139,-0.019741,9.829716
1755407463631,0.267996,-0.043669,9.964012
1755407463633,0.27996,0.02333,9.887143
1755407463636,0.320638,-0.081954,9.836894
1755407463638,0.284746,-0.019741,9.889536
1755407463642,0.301496,-0.055633,9.844072
1755407463644,0.277567,-0.012562,9.777073
1755407463646,0.270389,-0.010169,10.03819
1755407463648,0.344566,0.00658,9.834501
1755407463650,0.241675,-0.019741,9.954441
1755407463652,0.291924,-0.043669,9.767502
1755407463655,0.287139,-0.065204,9.985548
1755407463658,0.284746,0.013759,9.88475
1755407463660,0.311067,0.032901,9.952048
1755407463662,0.267996,0.001795,9.925428
1755407463665,0.260818,-0.060419,9.719646
1755407463667,0.287139,-0.108275,9.964012
1755407463669,0.301496,-0.019741,9.812965
1755407463672,0.308674,0.061615,9.944571
1755407463674,0.265603,0.008973,9.822537
1755407463676,0.311067,-0.079561,9.856036
1755407463679,0.291924,-0.096311,9.812965
1755407463681,0.294317,0.004187,10.095618
1755407463684,0.29671,0.059222,9.765109
1755407463686,0.299103,-0.043669,9.920643
1755407463689,0.31346,-0.098704,9.784252
1755407463691,0.29671,-0.031705,9.961619
1755407463693,0.260818,0.066401,9.913465
1755407463696,0.277567,-0.000598,9.738789
1755407463698,0.256032,-0.117847,9.858429
1755407463700,0.308674,-0.026919,9.923036
1755407463703,0.301496,0.04008,9.923036
1755407463706,0.256032,0.030508,9.863214
1755407463708,0.299103,-0.055633,9.82493
1755407463710,0.287139,-0.091525,9.868001
1755407463713,0.289532,0.025723,10.069297
1755407463715,0.282353,0.047258,9.793823
1755407463717,0.246461,-0.046062,9.896714
1755407463719,0.284746,-0.101097,9.757931
1755407463722,0.260818,-0.014955,9.980762
1755407463725,0.260818,0.066401,9.964012
1755407463727,0.303888,-0.005384,9.793823
1755407463729,0.272782,-0.098704,9.872787
1755407463731,0.315853,-0.055633,9.846465
1755407463734,0.277567,-0.014955,9.9015
1755407463736,0.260818,0.032901,9.961619
1755407463740,0.294317,0.00658,9.817751
1755407463742,0.284746,-0.043669,9.942178
1755407463744,0.272782,-0.05324,9.784252
1755407463746,0.258425,-0.036491,9.906285
1755407463748,0.323031,0.00658,9.853643
1755407463751,0.323031,-0.000598,9.865608
1755407463753,0.287139,-0.029312,9.88475
1755407463755,0.246461,-0.055633,9.858429
1755407463758,0.253639,-0.058026,9.879965
1755407463761,0.277567,-0.024526,9.858429
1755407463763,0.260818,-0.022134,9.88475
1755407463765,0.311067,-0.014955,9.860822
1755407463768,0.287139,-0.007777,9.879965
1755407463770,0.294317,-0.026919,9.865608
1755407463772,0.27996,-0.038883,9.872787
1755407463775,0.306281,-0.014955,9.899107
1755407463777,0.27996,-0.026919,9.879965
1755407463781,0.275175,-0.019741,9.889536
1755407463782,0.29671,-0.024526,9.868001
1755407463784,0.291924,-0.007777,9.882358
1755407463786,0.291924,-0.010169,9.877572
1755407463789,0.258425,-0.014955,9.872787
1755407463791,0.315853,-0.012562,9.836894
1755407463794,0.267996,-0.041276,9.887143
1755407463796,0.294317,-0.026919,9.872787
1755407463799,0.291924,-0.012562,9.889536
1755407463801,0.270389,-0.014955,9.868001
1755407463804,0.289532,-0.017348,9.903893
1755407463806,0.236889,0.011366,9.875179
1755407463808,0.282353,0.00658,9.851251
1755407463810,0.306281,-0.005384,9.91825
1755407463813,0.291924,-0.022134,9.839287
1755407463815,0.284746,-0.041276,9.858429
1755407463818,0.275175,-0.014955,9.84168
1755407463821,0.308674,-0.017348,9.877572
1755407463823,0.270389,-0.048455,9.832108
1755407463825,0.282353,0.001795,9.879965
1755407463827,0.387637,-0.072383,10.03819
1755407463830,0.318245,-0.065204,9.879965
1755407463832,0.301496,-0.05324,9.882358
1755407463835,0.287139,-0.055633,9.753145
1755407463837,0.234497,0.037687,9.781859
1755407463839,0.251246,-0.005384,9.796216
1755407463844,0.248854,-0.031705,9.822537
1755407463846,0.270389,0.001795,9.793823
1755407463847,0.27996,-0.007777,9.894321
1755407463849,0.327817,-0.067597,9.853643
1755407463852,0.318245,-0.017348,9.91825
1755407463854,0.287139,-0.038883,9.937392
1755407463856,0.299103,-0.034098,9.891929
1755407463860,0.291924,-0.017348,9.906285
1755407463861,0.260818,-0.022134,9.80818
1755407463863,0.291924,-0.043669,9.891929
1755407463866,0.27996,-0.038883,9.882358
1755407463869,0.320638,-0.022134,9.952048
1755407463871,0.289532,-0.005384,9.889536
1755407463873,0.339781,-0.017348,9.88475
1755407463876,0.299103,-0.022134,9.911072
1755407463880,0.27996,-0.029312,9.868001
1755407463881,0.299103,-0.046062,9.879965
1755407463883,0.294317,-0.017348,9.872787
1755407463885,0.248854,-0.046062,9.879965
1755407463887,0.275175,-0.029312,9.88475
1755407463890,0.270389,-0.034098,9.896714
1755407463893,0.275175,-0.034098,9.863214
1755407463896,0.272782,-0.031705,9.9015
1755407463897,0.263211,-0.000598,9.870394
1755407463899,0.272782,-0.002991,9.882358
1755407463902,0.301496,-0.029312,9.896714
1755407463904,0.265603,-0.038883,9.913465
1755407463907,0.27996,-0.055633,9.851251
1755407463909,0.241675,-0.046062,9.879965
1755407463912,0.277567,-0.002991,9.784252
1755407463914,0.275175,-0.022134,9.805787
1755407463916,0.272782,-0.012562,10.064511
1755407463918,0.339781,0.018544,9.753145
1755407463921,0.260818,-0.062812,9.906285
1755407463923,0.323031,0.001795,10.03819
1755407463927,0.308674,-0.000598,9.700503
1755407463929,0.234497,-0.048455,9.882358
1755407463930,0.315853,-0.022134,10.040583
1755407463933,0.287139,0.016152,9.738789
1755407463935,0.246461,-0.062812,9.844072
1755407463938,0.344566,-0.041276,9.990334
1755407463940,0.282353,0.013759,9.91825
1755407463944,0.232104,-0.050847,9.848858
1755407463945,0.339781,-0.022134,9.961619
1755407463947,0.318245,0.032901,9.805787
1755407463950,0.251246,0.035294,9.820144
1755407463952,0.294317,-0.077169,9.891929
1755407463954,0.275175,-0.043669,9.944571
1755407463957,0.267996,0.02333,9.786645
1755407463959,0.277567,-0.031705,9.863214
1755407463962,0.339781,-0.012562,9.906285
1755407463964,0.287139,-0.06999,9.913465
1755407463967,0.251246,-0.043669,9.877572
1755407463969,0.342174,0.018544,9.872787
1755407463971,0.267996,-0.072383,9.812965
1755407463974,0.339781,-0.031705,9.839287
1755407463976,0.308674,0.020937,10.119546
1755407463979,0.282353,0.037687,9.664611
1755407463981,0.270389,-0.060419,10.026226
1755407463984,0.33021,-0.019741,9.781859
1755407463986,0.258425,-0.058026,9.872787
1755407463989,0.315853,0.013759,9.829716
1755407463991,0.315853,-0.041276,9.899107
1755407463993,0.248854,-0.014955,9.915857
1755407463995,0.325424,0.011366,9.891929
1755407463997,0.27996,-0.022134,9.820144
1755407464000,0.323031,-0.019741,9.899107
1755407464002,0.248854,-0.050847,9.911072
1755407464005,0.308674,0.020937,9.872787
1755407464007,0.272782,0.004187,9.939785
1755407464009,0.270389,-0.046062,9.872787
1755407464012,0.291924,-0.046062,9.879965
1755407464014,0.27996,0.018544,9.879965
1755407464017,0.232104,-0.05324,9.872787
1755407464019,0.325424,0.016152,9.896714
1755407464021,0.246461,-0.024526,9.920643
1755407464024,0.265603,-0.041276,9.836894
1755407464026,0.327817,0.02333,9.985548
1755407464029,0.270389,0.020937,9.923036
1755407464031,0.287139,0.016152,9.779466
1755407464034,0.318245,-0.024526,9.899107
1755407464036,0.265603,-0.058026,9.923036
1755407464038,0.303888,0.00658,9.832108
1755407464041,0.272782,0.011366,9.88475
1755407464043,0.299103,-0.046062,9.894321
1755407464046,0.311067,-0.019741,9.815358
1755407464048,0.256032,-0.058026,9.934999
1755407464051,0.272782,0.04008,9.863214
1755407464053,0.29671,-0.055633,9.894321
1755407464055,0.260818,-0.043669,9.865608
1755407464057,0.29671,-0.038883,9.870394
1755407464060,0.315853,-0.036491,9.91825
1755407464063,0.315853,-0.010169,9.848858
1755407464065,0.301496,-0.036491,9.906285
1755407464067,0.263211,-0.029312,9.82493
1755407464069,0.265603,-0.031705,9.913465
1755407464072,0.327817,-0.007777,9.801002
1755407464074,0.246461,-0.007777,9.956834
1755407464076,0.289532,-0.010169,9.812965
1755407464079,0.27996,-0.029312,9.868001
1755407464082,0.289532,-0.043669,9.899107
1755407464084,0.267996,-0.005384,9.913465
1755407464086,0.29671,0.030508,9.856036
1755407464088,0.258425,-0.002991,9.906285
1755407464091,0.315853,-0.029312,9.88475
1755407464093,0.27996,-0.041276,9.817751
1755407464097,0.260818,-0.046062,9.944571
1755407464099,0.282353,-0.012562,9.798609
1755407464102,0.289532,-0.058026,9.942178
1755407464103,0.287139,-0.000598,9.793823
1755407464106,0.303888,-0.034098,9.961619
1755407464108,0.332602,-0.000598,9.786645
1755407464110,0.267996,-0.022134,9.952048
1755407464112,0.29671,0.001795,9.832108
1755407464115,0.277567,-0.012562,9.956834
1755407464117,0.294317,-0.036491,9.836894
1755407464120,0.263211,-0.026919,9.899107
1755407464122,0.289532,-0.043669,9.848858
1755407464125,0.27996,-0.012562,9.882358
1755407464127,0.289532,-0.026919,9.896714
1755407464129,0.291924,-0.012562,9.88475
1755407464132,0.289532,-0.017348,9.911072
1755407464134,0.294317,-0.022134,9.858429
1755407464137,0.277567,-0.026919,9.894321
1755407464139,0.275175,-0.017348,9.879965
1755407464142,0.282353,-0.012562,9.879965
1755407464144,0.289532,-0.012562,9.879965
1755407464146,0.277567,-0.043669,9.887143
1755407464149,0.29671,-0.026919,9.88475
1755407464151,0.289532,-0.024526,9.877572
1755407464154,0.277567,-0.041276,9.860822
1755407464156,0.306281,-0.019741,9.879965
1755407464158,0.308674,-0.017348,9.879965
1755407464160,0.265603,-0.010169,9.882358
1755407464163,0.270389,-0.022134,9.870394
1755407464166,0.251246,-0.041276,9.887143
1755407464168,0.294317,-0.024526,9.875179
1755407464171,0.260818,-0.014955,9.879965
1755407464172,0.265603,-0.002991,9.877572
1755407464175,0.291924,-0.029312,9.870394
1755407464177,0.299103,-0.019741,9.891929
1755407464180,0.277567,-0.000598,9.875179
1755407464183,0.287139,-0.017348,9.894321
1755407464185,0.284746,-0.022134,9.868001
1755407464187,0.272782,-0.031705,9.879965
1755407464189,0.27996,-0.014955,9.868001
1755407464192,0.294317,-0.010169,9.877572
1755407464194,0.303888,-0.031705,9.887143
1755407464196,0.299103,-0.012562,9.887143
1755407464200,0.275175,-0.029312,9.872787
1755407464202,0.263211,-0.029312,9.863214
1755407464204,0.267996,-0.031705,9.88475
1755407464206,0.315853,-0.022134,9.879965
1755407464208,0.289532,-0.038883,9.868001
1755407464211,0.289532,-0.019741,9.889536
1755407464213,0.265603,0.00658,9.882358
1755407464216,0.291924,-0.034098,9.9015
1755407464219,0.29671,-0.007777,9.882358
1755407464221,0.275175,-0.031705,9.887143
1755407464223,0.267996,-0.026919,9.868001
1755407464225,0.263211,-0.036491,9.908679
1755407464228,0.287139,-0.012562,9.887143
1755407464230,0.289532,-0.022134,9.889536
1755407464233,0.306281,-0.007777,9.899107
1755407464235,0.294317,-0.007777,9.894321
1755407464237,0.301496,-0.043669,9.868001
1755407464240,0.265603,-0.046062,9.894321
1755407464242,0.284746,-0.029312,9.882358
1755407464244,0.275175,-0.036491,9.88475
1755407464247,0.272782,-0.043669,9.868001
1755407464250,0.27996,-0.019741,9.896714
1755407464252,0.27996,-0.002991,9.9015
1755407464254,0.265603,-0.012562,9.894321
1755407464256,0.294317,-0.007777,9.872787
1755407464259,0.289532,-0.041276,9.908679
1755407464261,0.284746,0.001795,9.879965
1755407464263,0.272782,-0.017348,9.858429
1755407464267,0.299103,-0.024526,9.882358
1755407464270,0.277567,-0.048455,9.875179
1755407464271,0.299103,-0.048455,9.896714
1755407464273,0.289532,-0.019741,9.836894
1755407464275,0.270389,-0.012562,9.887143
1755407464278,0.284746,-0.010169,9.906285
1755407464280,0.303888,-0.012562,9.908679
1755407464283,0.301496,-0.019741,9.868001
1755407464286,0.277567,0.001795,9.899107
1755407464288,0.284746,0.011366,9.865608
1755407464290,0.275175,-0.007777,9.894321
1755407464292,0.303888,-0.007777,9.889536
1755407464295,0.282353,-0.017348,9.846465
1755407464297,0.251246,-0.022134,9.868001
1755407464299,0.284746,-0.002991,9.908679
1755407464302,0.320638,0.016152,9.875179
1755407464304,0.291924,-0.010169,9.88475
1755407464307,0.29671,0.001795,9.863214
1755407464309,0.299103,-0.000598,9.9015
1755407464311,0.284746,-0.019741,9.856036
1755407464314,0.308674,-0.022134,9.88475
1755407464316,0.27996,-0.038883,9.882358
1755407464319,0.299103,-0.038883,9.863214
1755407464323,0.282353,-0.026919,9.923036
1755407464324,0.306281,-0.014955,9.875179
1755407464326,0.265603,-0.017348,9.9015
1755407464328,0.267996,-0.034098,9.863214
1755407464331,0.284746,-0.041276,9.896714
1755407464333,0.287139,-0.048455,9.860822
1755407464336,0.289532,-0.026919,9.879965
1755407464338,0.299103,0.00658,9.899107
1755407464341,0.291924,-0.005384,9.875179
1755407464343,0.306281,0.018544,9.872787
1755407464345,0.291924,-0.041276,9.882358
1755407464347,0.287139,-0.014955,9.868001
1755407464350,0.275175,-0.019741,9.877572
1755407464352,0.303888,-0.017348,9.844072
1755407464355,0.291924,-0.000598,9.923036
1755407464357,0.275175,-0.022134,9.882358
1755407464359,0.31346,-0.010169,9.851251
1755407464362,0.291924,-0.017348,9.894321
1755407464364,0.31346,-0.026919,9.882358
1755407464366,0.270389,-0.046062,9.877572
1755407464369,0.272782,-0.031705,9.899107
1755407464372,0.303888,-0.010169,9.858429
1755407464374,0.282353,-0.007777,9.920643
1755407464377,0.284746,-0.034098,9.856036
1755407464379,0.277567,-0.029312,9.894321
1755407464381,0.277567,-0.029312,9.872787
1755407464383,0.270389,-0.014955,9.896714
1755407464387,0.277567,-0.010169,9.872787
1755407464389,0.282353,-0.022134,9.879965
1755407464391,0.27996,-0.017348,9.891929
1755407464393,0.256032,-0.014955,9.856036
1755407464396,0.263211,-0.012562,9.906285
1755407464398,0.277567,-0.024526,9.877572
1755407464400,0.258425,-0.050847,9.865608
1755407464404,0.277567,-0.022134,9.882358
1755407464406,0.270389,-0.002991,9.882358
1755407464407,0.299103,-0.034098,9.868001
1755407464410,0.299103,-0.031705,9.915857
1755407464412,0.277567,-0.010169,9.846465
1755407464414,0.246461,-0.043669,9.911072
1755407464417,0.277567,-0.022134,9.856036
1755407464421,0.301496,-0.024526,9.889536
1755407464422,0.291924,-0.031705,9.879965
1755407464424,0.301496,-0.026919,9.853643
1755407464427,0.311067,-0.038883,9.868001
1755407464429,0.291924,-0.022134,9.88475
1755407464432,0.308674,-0.024526,9.908679
1755407464434,0.258425,-0.022134,9.858429
1755407464438,0.284746,-0.019741,9.894321
1755407464440,0.287139,-0.005384,9.879965
1755407464441,0.291924,-0.022134,9.865608
1755407464444,0.284746,-0.014955,9.844072
1755407464446,0.253639,-0.014955,9.91825
1755407464448,0.260818,-0.012562,9.906285
1755407464450,0.270389,-0.024526,9.863214
1755407464453,0.284746,-0.005384,9.877572
1755407464456,0.270389,-0.026919,9.896714
1755407464458,0.284746,-0.029312,9.868001
1755407464460,0.277567,-0.050847,9.875179
1755407464463,0.272782,-0.031705,9.908679
1755407464465,0.287139,-0.024526,9.865608
1755407464467,0.272782,-0.019741,9.882358
1755407464470,0.301496,-0.036491,9.923036
1755407464473,0.33021,-0.041276,9.865608
1755407464475,0.270389,-0.024526,9.882358
1755407464477,0.299103,-0.012562,9.899107
1755407464479,0.265603,-0.022134,9.848858
1755407464482,0.289532,-0.022134,9.887143
1755407464484,0.287139,-0.041276,9.899107
1755407464487,0.289532,-0.010169,9.827323
1755407464489,0.267996,-0.026919,9.896714
1755407464492,0.289532,-0.031705,9.844072
1755407464494,0.318245,-0.036491,9.858429
1755407464496,0.294317,-0.036491,9.858429
1755407464499,0.275175,-0.038883,9.860822
1755407464501,0.284746,-0.026919,9.891929
1755407464503,0.287139,-0.022134,9.908679
1755407464506,0.29671,-0.019741,9.882358
1755407464508,0.291924,-0.024526,9.875179
1755407464511,0.287139,-0.019741,9.9015
1755407464513,0.27996,-0.014955,9.877572
1755407464515,0.27996,-0.022134,9.879965
1755407464517,0.253639,-0.058026,9.906285
1755407464520,0.294317,-0.000598,9.868001
1755407464523,0.315853,-0.005384,9.870394
1755407464525,0.306281,-0.012562,9.896714
1755407464527,0.263211,-0.031705,9.882358
1755407464530,0.275175,-0.043669,9.863214
1755407464532,0.272782,-0.012562,9.879965
1755407464534,0.287139,-0.043669,9.903893
1755407464537,0.289532,-0.019741,9.865608
1755407464540,0.258425,-0.036491,9.872787
1755407464543,0.284746,-0.029312,9.889536
1755407464544,0.258425,-0.038883,9.863214
1755407464547,0.275175,-0.019741,9.887143
1755407464549,0.31346,0.001795,9.9015
1755407464551,0.299103,0.00658,9.868001
1755407464554,0.289532,0.016152,9.860822
1755407464557,0.251246,-0.031705,9.88475
1755407464559,0.282353,-0.050847,9.908679
1755407464561,0.260818,-0.014955,9.832108
1755407464563,0.301496,-0.038883,9.968799
1755407464566,0.291924,-0.002991,9.839287
1755407464568,0.303888,-0.043669,9.777073
1755407464570,0.234497,-0.036491,10.031012
1755407464574,0.368495,0.030508,9.781859
1755407464576,0.20339,0.030508,10.019048
1755407464578,0.342174,-0.065204,9.726824
1755407464580,0.265603,-0.046062,9.987941
1755407464582,0.27996,-0.024526,9.815358
1755407464585,0.289532,-0.043669,9.820144
1755407464587,0.272782,-0.022134,9.999905
1755407464591,0.327817,0.02333,9.743574
1755407464593,0.251246,-0.022134,10.121939
1755407464595,0.325424,0.02333,9.68136
1755407464596,0.217747,-0.034098,10.119546
1755407464599,0.334995,-0.000598,9.690931
1755407464601,0.227318,-0.031705,10.028619
1755407464604,0.358923,-0.002991,9.683753
1755407464608,0.232104,-0.012562,10.026226
1755407464609,0.303888,-0.074776,9.712467
1755407464611,0.244068,-0.055633,9.975977
1755407464614,0.299103,-0.002991,9.913465
1755407464616,0.320638,0.001795,9.781859
1755407464618,0.239282,-0.024526,10.098011
1755407464620,0.346959,-0.007777,9.662218
1755407464625,0.19352,-0.05324,10.143475
1755407464627,0.37328,-0.012562,9.62154
1755407464628,0.239282,-0.036491,10.100404
1755407464630,0.325424,-0.010169,9.652647
1755407464633,0.248854,-0.024526,10.031012
1755407464635,0.33021,-0.031705,9.817751
1755407464637,0.239282,0.008973,9.947263
1755407464642,0.27996,-0.029312,9.947263
1755407464643,0.311067,0.008973,9.741181
1755407464645,0.258425,-0.029312,10.095618
1755407464647,0.318245,0.020937,9.690931
1755407464649,0.222533,-0.048455,10.076475
1755407464652,0.327817,-0.010169,9.662218
1755407464654,0.260818,-0.007777,10.031012
1755407464657,0.301496,-0.029312,9.796216
1755407464660,0.289532,-0.012562,9.894321
1755407464662,0.275175,-0.048455,10.014262
1755407464664,0.301496,0.030508,9.738789
1755407464667,0.232104,-0.05324,10.059726
1755407464668,0.303888,-0.034098,9.645468
1755407464671,0.239282,-0.077169,10.047761
1755407464673,0.308674,-0.026919,9.722038
1755407464680,0.265603,-0.012562,9.985548
1755407464681,0.308674,-0.022134,9.961619
1755407464682,0.334995,0.030508,9.80818
1755407464683,0.253639,-0.077169,10.05494
1755407464686,0.31346,-0.026919,9.633504
1755407464688,0.236889,-0.060419,10.035797
1755407464690,0.315853,-0.034098,9.690931
1755407464695,0.270389,-0.005384,9.973584
1755407464696,0.315853,0.011366,9.952048
1755407464697,0.332602,0.013759,9.798609
1755407464700,0.265603,-0.067597,10.026226
1755407464702,0.363709,-0.041276,9.619147
1755407464705,0.241675,-0.065204,10.00469
1755407464707,0.291924,-0.058026,9.765109
1755407464710,0.272782,-0.007777,9.959227
1755407464712,0.289532,0.04008,10.040583
1755407464714,0.342174,0.052044,9.724431
1755407464717,0.263211,-0.067597,9.97837
1755407464719,0.315853,-0.079561,9.631111
1755407464721,0.287139,-0.067597,9.927821
1755407464724,0.303888,0.032901,9.956834
1755407464726,0.289532,0.064008,9.899107
1755407464729,0.258425,-0.000598,9.927821
1755407464731,0.282353,-0.029312,9.760324
1755407464733,0.253639,-0.091525,9.949656
1755407464735,0.33021,-0.101097,9.80818
1755407464738,0.299103,0.02333,9.990334
1755407464741,0.256032,0.032901,10.028619
1755407464743,0.275175,0.001795,9.707682
1755407464745,0.263211,-0.110668,9.973584
1755407464748,0.294317,-0.089133,9.736395
1755407464750,0.29671,0.001795,9.959227
1755407464752,0.265603,0.087936,10.078868
1755407464755,0.301496,0.02333,9.650253
1755407464758,0.229711,-0.096311,9.915857
1755407464761,0.287139,-0.105882,9.777073
1755407464763,0.282353,0.028116,9.983155
1755407464765,0.265603,0.054437,10.045368
1755407464767,0.284746,0.00658,9.676575
1755407464769,0.248854,-0.139382,9.913465
1755407464771,0.320638,-0.115454,9.786645
1755407464774,0.29671,0.064008,10.026226
1755407464777,0.258425,0.090329,9.987941
1755407464779,0.303888,-0.019741,9.659825
1755407464781,0.282353,-0.148953,9.903893
1755407464783,0.294317,-0.08674,9.815358
1755407464786,0.327817,0.075972,10.040583
1755407464788,0.27996,0.061615,9.939785
1755407464791,0.323031,-0.041276,9.674182
1755407464794,0.301496,-0.141775,9.879965
1755407464796,0.291924,-0.062812,9.82493
1755407464799,0.320638,0.090329,10.052547
1755407464800,0.277567,0.078365,9.987941
1755407464803,0.308674,-0.079561,9.700503
1755407464805,0.282353,-0.165703,9.913465
1755407464808,0.306281,-0.062812,9.80818
1755407464810,0.325424,0.083151,10.047761
1755407464813,0.260818,0.073579,9.961619
1755407464815,0.299103,-0.072383,9.667004
1755407464817,0.272782,-0.132203,9.915857
1755407464820,0.289532,-0.062812,9.789038
1755407464822,0.27996,0.068794,9.915857
1755407464824,0.256032,0.035294,10.102797
1755407464827,0.306281,-0.022134,9.710074
1755407464829,0.256032,-0.101097,9.875179
1755407464832,0.282353,-0.120239,9.777073
1755407464834,0.270389,0.032901,9.812965
1755407464836,0.251246,0.090329,10.13151
1755407464839,0.272782,0.054437,9.82493
1755407464842,0.210568,-0.060419,9.832108
1755407464843,0.253639,-0.120239,9.690931
1755407464846,0.29671,-0.08674,9.915857
1755407464848,0.263211,0.052044,10.047761
1755407464851,0.303888,0.090329,9.952048
1755407464853,0.258425,-0.022134,9.908679
1755407464855,0.311067,-0.093918,9.676575
1755407464858,0.27996,-0.113061,9.91825
1755407464860,0.320638,0.032901,9.961619
1755407464863,0.306281,0.061615,9.875179
1755407464865,0.289532,-0.029312,9.992726
1755407464867,0.29671,-0.081954,9.664611
1755407464870,0.246461,-0.096311,9.930214
1755407464872,0.303888,0.00658,9.851251
1755407464875,0.272782,0.059222,9.939785
1755407464877,0.301496,0.02333,10.011869
1755407464880,0.311067,-0.000598,9.745967
1755407464884,0.263211,-0.127418,9.899107
1755407464884,0.325424,-0.065204,9.74836
1755407464887,0.267996,-0.038883,9.949656
1755407464889,0.299103,0.02333,9.990334
1755407464892,0.275175,0.037687,9.832108
1755407464894,0.270389,-0.036491,9.999905
1755407464897,0.306281,-0.091525,9.702896
1755407464899,0.270389,-0.098704,9.927821
1755407464901,0.272782,-0.010169,9.80818
1755407464903,0.282353,0.035294,9.973584
1755407464906,0.253639,0.030508,10.002297
1755407464909,0.301496,0.011366,9.784252
1755407464910,0.267996,-0.058026,9.968799
1755407464914,0.306281,-0.058026,9.719646
1755407464916,0.251246,-0.05324,9.887143
1755407464918,0.323031,-0.022134,9.879965
1755407464921,0.311067,0.037687,9.906285
1755407464922,0.263211,-0.024526,9.954441
1755407464925,0.334995,-0.029312,9.705289
1755407464927,0.289532,-0.043669,10.00469
1755407464931,0.277567,0.020937,9.9015
1755407464932,0.246461,-0.014955,9.906285
1755407464935,0.277567,-0.048455,9.741181
1755407464937,0.287139,-0.002991,9.944571
1755407464939,0.260818,-0.046062,9.822537
1755407464942,0.31346,-0.026919,9.879965
1755407464944,0.270389,-0.019741,10.026226
1755407464948,0.311067,0.013759,9.674182
1755407464949,0.289532,-0.058026,10.047761
1755407464952,0.370888,0.004187,9.875179
1755407464954,0.263211,-0.038883,9.964012
1755407464956,0.301496,-0.010169,9.798609
1755407464959,0.248854,-0.002991,9.939785
1755407464961,0.31346,-0.038883,9.765109
1755407464965,0.294317,-0.007777,9.964012
1755407464966,0.29671,-0.041276,9.84168
1755407464968,0.29671,-0.046062,9.894321
1755407464971,0.303888,-0.024526,9.899107
1755407464973,0.301496,-0.017348,9.762716
1755407464975,0.284746,-0.012562,10.002297
1755407464978,0.334995,-0.005384,9.719646
1755407464982,0.323031,-0.034098,10.033404
1755407464983,0.306281,0.025723,9.674182
1755407464985,0.284746,-0.043669,10.076475
1755407464987,0.318245,0.004187,9.695718
1755407464990,0.272782,-0.041276,10.064511
1755407464992,0.327817,-0.002991,9.729217
1755407464995,0.256032,-0.022134,10.050154
1755407464999,0.325424,0.020937,9.707682
1755407465001,0.210568,-0.041276,10.069297
1755407465003,0.337388,0.018544,9.690931
1755407465004,0.20339,-0.05324,10.074082
1755407465006,0.311067,-0.005384,9.712467
1755407465009,0.239282,-0.024526,10.062119
1755407465011,0.346959,0.013759,9.702896
1755407465013,0.260818,-0.019741,10.016655
1755407465016,0.311067,0.001795,9.772287
1755407465019,0.236889,-0.029312,9.997512
1755407465021,0.332602,-0.024526,9.772287
1755407465023,0.287139,-0.024526,10.00469
1755407465026,0.323031,-0.005384,9.79143
1755407465028,0.263211,-0.038883,9.952048
1755407465030,0.291924,-0.022134,9.846465
1755407465033,0.275175,-0.007777,9.896714
1755407465036,0.239282,-0.012562,9.877572
1755407465038,0.287139,-0.017348,9.872787
1755407465040,0.222533,-0.036491,9.911072
1755407465043,0.315853,-0.031705,9.848858
1755407465045,0.282353,-0.029312,9.925428
1755407465047,0.311067,-0.010169,9.817751
1755407465050,0.265603,-0.029312,9.930214
1755407465052,0.289532,-0.005384,9.801002
1755407465054,0.277567,-0.055633,9.915857
1755407465057,0.29671,-0.012562,9.875179
1755407465059,0.275175,-0.026919,9.875179
1755407465061,0.284746,0.016152,9.877572
1755407465064,0.260818,0.001795,9.875179
1755407465067,0.27996,-0.026919,9.913465
1755407465069,0.311067,-0.022134,9.836894
1755407465071,0.275175,-0.000598,9.913465
1755407465074,0.27996,-0.024526,9.870394
1755407465076,0.294317,-0.043669,9.9015
1755407465078,0.325424,-0.038883,9.856036
1755407465081,0.323031,-0.036491,9.877572
1755407465084,0.241675,-0.010169,9.882358
1755407465086,0.311067,-0.022134,9.851251
1755407465088,0.308674,-0.007777,9.860822
1755407465091,0.29671,-0.012562,9.870394
1755407465093,0.294317,-0.022134,9.91825
1755407465095,0.303888,-0.010169,9.868001
1755407465098,0.289532,-0.026919,9.911072
1755407465101,0.306281,-0.043669,9.894321
1755407465103,0.306281,-0.014955,9.894321
1755407465104,0.260818,-0.000598,9.915857
1755407465107,0.253639,-0.026919,9.894321
1755407465110,0.27996,-0.017348,9.908679
1755407465112,0.287139,-0.043669,9.863214
1755407465114,0.27996,-0.043669,9.88475
1755407465118,0.253639,-0.043669,9.872787
1755407465120,0.258425,-0.041276,9.88475
1755407465122,0.291924,-0.05324,9.865608
1755407465124,0.29671,-0.024526,9.891929
1755407465127,0.265603,-0.050847,9.879965
1755407465129,0.287139,-0.029312,9.863214
1755407465131,0.284746,0.001795,9.882358
1755407465135,0.315853,-0.026919,9.863214
1755407465136,0.299103,-0.012562,9.889536
1755407465138,0.294317,-0.007777,9.903893
1755407465141,0.289532,-0.036491,9.872787
1755407465144,0.265603,-0.026919,9.88475
1755407465145,0.301496,-0.012562,9.844072
1755407465148,0.265603,0.001795,9.868001
1755407465152,0.265603,-0.010169,9.875179
1755407465153,0.248854,-0.000598,9.887143
1755407465155,0.289532,-0.034098,9.882358
1755407465157,0.27996,-0.036491,9.868001
1755407465161,0.284746,-0.026919,9.875179
1755407465162,0.258425,-0.029312,9.968799
1755407465165,0.291924,0.016152,9.805787
1755407465167,0.267996,0.00658,9.836894
1755407465170,0.236889,-0.067597,9.971191
1755407465172,0.332602,0.016152,9.832108
1755407465174,0.301496,-0.050847,9.784252
1755407465177,0.263211,-0.026919,10.033404
1755407465179,0.392423,-0.000598,9.719646
1755407465181,0.208176,-0.041276,10.090832
1755407465184,0.349352,-0.002991,9.664611
1755407465187,0.265603,-0.067597,10.105189
1755407465189,0.342174,0.018544,9.674182
1755407465191,0.222533,-0.043669,10.081261
1755407465194,0.370888,0.025723,9.724431
1755407465195,0.236889,-0.029312,10.074082
1755407465198,0.339781,0.02333,9.690931
1755407465200,0.208176,-0.074776,10.078868
1755407465204,0.318245,0.025723,9.707682
1755407465206,0.236889,-0.065204,10.040583
1755407465207,0.323031,0.037687,9.755538
1755407465210,0.294317,-0.038883,9.956834
1755407465212,0.258425,0.035294,9.853643
1755407465215,0.337388,-0.06999,9.870394
1755407465217,0.215354,0.013759,9.944571
1755407465220,0.394816,-0.043669,9.803394
1755407465222,0.239282,0.008973,10.002297
1755407465224,0.37328,-0.026919,9.741181
1755407465227,0.17677,-0.031705,10.064511
1755407465229,0.378066,-0.014955,9.662218
1755407465231,0.16002,-0.036491,10.126724
1755407465234,0.416351,0.00658,9.626326
1755407465237,0.17677,-0.077169,10.165009
1755407465240,0.449851,0.00658,9.597611
1755407465242,0.162413,-0.055633,10.160224
1755407465244,0.382852,0.04008,9.60479
1755407465246,0.188734,-0.036491,10.107582
1755407465248,0.387637,0.020937,9.616755
1755407465251,0.200997,-0.058026,10.121939
1755407465253,0.380459,0.013759,9.62154
1755407465256,0.174377,-0.067597,10.105189
1755407465258,0.378066,0.00658,9.667004
1755407465261,0.263211,-0.062812,10.095618
1755407465263,0.342174,-0.012562,9.659825
1755407465265,0.236889,-0.050847,10.052547
1755407465267,0.346959,-0.019741,9.702896
1755407465270,0.19352,-0.022134,10.07169
1755407465272,0.327817,0.008973,9.710074
1755407465275,0.246461,-0.036491,10.035797
1755407465277,0.277567,0.011366,9.698111
1755407465279,0.232104,-0.060419,10.026226
1755407465282,0.320638,-0.000598,9.724431
1755407465284,0.256032,-0.041276,10.042975
1755407465287,0.311067,0.001795,9.753145
1755407465289,0.270389,-0.055633,10.014262
1755407465292,0.318245,-0.024526,9.815358
1755407465294,0.272782,-0.043669,9.983155
1755407465296,0.294317,-0.048455,9.798609
1755407465299,0.294317,-0.062812,9.930214
1755407465301,0.308674,-0.026919,9.865608
1755407465304,0.263211,-0.026919,9.908679
1755407465306,0.270389,-0.031705,9.879965
1755407465308,0.267996,-0.029312,9.839287
1755407465311,0.282353,-0.036491,9.896714
1755407465313,0.29671,-0.005384,9.863214
1755407465315,0.31346,-0.062812,9.908679
1755407465318,0.306281,-0.043669,9.856036
1755407465321,0.299103,-0.026919,9.879965
1755407465323,0.294317,-0.031705,9.879965
1755407465325,0.267996,-0.012562,9.903893
1755407465329,0.320638,-0.043669,9.851251
1755407465330,0.308674,-0.029312,9.896714
1755407465332,0.284746,-0.026919,9.882358
1755407465335,0.299103,0.00658,9.896714
1755407465338,0.258425,-0.019741,9.870394
1755407465341,0.27996,-0.029312,9.887143
1755407465342,0.272782,-0.002991,9.894321
1755407465345,0.303888,-0.031705,9.906285
1755407465347,0.294317,-0.012562,9.882358
1755407465349,0.275175,-0.012562,9.887143
1755407465351,0.275175,-0.026919,9.88475
1755407465354,0.272782,-0.000598,9.88475
1755407465358,0.253639,-0.014955,9.879965
1755407465359,0.282353,-0.012562,9.887143
1755407465361,0.272782,-0.029312,9.868001
1755407465364,0.287139,-0.031705,9.903893
1755407465366,0.289532,-0.036491,9.851251
1755407465368,0.284746,-0.000598,9.875179
1755407465370,0.325424,0.001795,9.868001
1755407465373,0.291924,0.016152,9.868001
1755407465375,0.284746,-0.017348,9.882358
1755407465378,0.289532,-0.014955,9.868001
1755407465380,0.272782,-0.000598,9.870394
1755407465382,0.323031,-0.05324,9.88475
1755407465385,0.287139,-0.034098,9.875179
1755407465387,0.275175,-0.031705,9.882358
1755407465390,0.311067,-0.019741,9.858429
1755407465392,0.265603,-0.022134,9.903893
1755407465395,0.265603,-0.036491,9.856036
1755407465397,0.267996,-0.038883,9.858429
1755407465399,0.275175,-0.007777,9.863214
1755407465402,0.265603,0.001795,9.872787
1755407465404,0.291924,-0.010169,9.875179
1755407465407,0.306281,-0.029312,9.863214
1755407465409,0.27996,-0.012562,9.875179
1755407465412,0.284746,-0.034098,9.860822
1755407465414,0.277567,-0.024526,9.870394
1755407465416,0.260818,-0.05324,9.879965
1755407465418,0.284746,-0.007777,9.88475
1755407465421,0.311067,-0.019741,9.887143
1755407465424,0.287139,-0.014955,9.88475
1755407465426,0.303888,-0.022134,9.889536
1755407465428,0.258425,-0.034098,9.887143
1755407465430,0.299103,-0.024526,9.870394
1755407465433,0.275175,-0.036491,9.860822
1755407465435,0.27996,-0.036491,9.872787
1755407465438,0.308674,-0.034098,9.877572
1755407465441,0.265603,-0.000598,9.839287
1755407465443,0.256032,-0.050847,9.879965
1755407465445,0.282353,-0.029312,9.875179
1755407465447,0.270389,-0.034098,9.879965
1755407465450,0.294317,-0.029312,9.894321
1755407465452,0.299103,-0.026919,9.868001
1755407465454,0.263211,-0.036491,9.879965
1755407465457,0.275175,-0.014955,9.889536
1755407465460,0.301496,-0.022134,9.88475
1755407465462,0.294317,-0.002991,9.877572
1755407465464,0.287139,-0.019741,9.882358
1755407465467,0.27996,-0.014955,9.868001
1755407465469,0.265603,-0.026919,9.9015
1755407465471,0.270389,-0.048455,9.872787
1755407465474,0.320638,-0.026919,9.872787
1755407465476,0.282353,-0.002991,9.882358
1755407465479,0.277567,-0.002991,9.839287
1755407465481,0.248854,-0.029312,9.877572
1755407465483,0.27996,-0.022134,9.923036
1755407465485,0.284746,-0.048455,9.848858
1755407465488,0.27996,-0.012562,9.920643
1755407465491,0.260818,-0.017348,9.856036
1755407465493,0.275175,-0.062812,9.966406
1755407465495,0.294317,0.008973,9.820144
1755407465497,0.31346,-0.036491,9.820144
1755407465500,0.212961,-0.038883,9.956834
1755407465502,0.363709,0.044865,9.80818
1755407465505,0.19352,-0.072383,10.021441
1755407465508,0.354138,0.04008,9.731609
1755407465510,0.301496,-0.046062,9.937392
1755407465512,0.263211,-0.050847,9.887143
1755407465515,0.332602,-0.024526,9.71486
1755407465517,0.224925,-0.050847,10.155438
1755407465519,0.349352,-0.031705,9.690931
1755407465521,0.217747,-0.017348,9.992726
1755407465525,0.351745,-0.019741,9.784252
1755407465527,0.227318,-0.05324,9.971191
1755407465529,0.325424,0.004187,9.738789
1755407465531,0.227318,-0.060419,10.002297
1755407465533,0.327817,0.008973,9.868001
1755407465536,0.267996,-0.065204,10.066904
1755407465538,0.289532,0.02333,9.676575
1755407465541,0.294317,-0.048455,9.822537
1755407465544,0.260818,-0.005384,10.059726
1755407465546,0.323031,-0.029312,9.686146
1755407465548,0.212961,-0.024526,10.059726
1755407465550,0.366102,-0.010169,9.678967
1755407465552,0.174377,-0.058026,10.028619
1755407465555,0.375673,0.02333,9.760324
1755407465557,0.217747,-0.077169,10.083653
1755407465560,0.361316,0.04008,9.657433
1755407465564,0.258425,-0.036491,9.975977
1755407465566,0.234497,-0.017348,9.97837
1755407465567,0.332602,-0.005384,9.688539
1755407465569,0.215354,-0.022134,10.100404
1755407465572,0.375673,-0.022134,9.695718
1755407465574,0.198604,-0.036491,10.040583
1755407465577,0.361316,0.008973,9.760324
1755407465579,0.191127,-0.06999,9.997512
1755407465581,0.299103,0.035294,9.772287
1755407465584,0.258425,-0.077169,10.047761
1755407465586,0.303888,-0.002991,9.753145
1755407465589,0.303888,-0.002991,9.944571
1755407465591,0.241675,0.02333,9.889536
1755407465593,0.351745,-0.005384,9.796216
1755407465596,0.224925,-0.014955,9.997512
1755407465598,0.387637,0.00658,9.695718
1755407465601,0.236889,-0.046062,10.05494
1755407465603,0.363709,0.004187,9.690931
1755407465605,0.20339,-0.026919,10.052547
1755407465608,0.356531,-0.010169,9.700503
1755407465610,0.215354,-0.058026,10.016655
1755407465613,0.363709,-0.038883,9.786645
1755407465615,0.227318,-0.058026,9.983155
1755407465617,0.323031,-0.000598,9.789038
1755407465620,0.256032,-0.007777,9.906285
1755407465622,0.33021,-0.043669,9.817751
1755407465624,0.241675,-0.005384,9.925428
1755407465627,0.284746,-0.029312,9.839287
1755407465629,0.29671,-0.026919,9.894321
1755407465632,0.260818,-0.022134,9.920643
1755407465634,0.320638,-0.029312,9.79143
1755407465636,0.299103,-0.014955,10.064511
1755407465639,0.33021,-0.012562,9.80818
1755407465641,0.251246,-0.019741,9.97837
1755407465644,0.284746,-0.017348,9.772287
1755407465647,0.251246,0.00658,9.879965
1755407465648,0.267996,-0.065204,9.805787
1755407465651,0.27996,-0.017348,9.9015
1755407465654,0.27996,-0.012562,9.966406
1755407465656,0.289532,0.030508,9.801002
1755407465658,0.267996,-0.005384,10.062119
1755407465661,0.318245,0.013759,9.753145
1755407465663,0.248854,-0.067597,9.934999
1755407465665,0.299103,-0.077169,9.753145
1755407465667,0.282353,-0.017348,9.848858
1755407465670,0.311067,0.02333,10.095618
1755407465673,0.301496,0.064008,9.767502
1755407465675,0.272782,-0.060419,9.937392
1755407465678,0.289532,-0.10349,9.700503
1755407465682,0.294317,-0.029312,9.860822
1755407465684,0.289532,0.028116,10.062119
1755407465685,0.294317,0.035294,9.820144
1755407465687,0.294317,-0.077169,9.882358
1755407465689,0.258425,-0.10349,9.920643
1755407465691,0.339781,-0.022134,9.839287
1755407465695,0.222533,-0.048455,9.944571
1755407465697,0.327817,0.04008,9.868001
1755407465699,0.277567,0.001795,9.915857
1755407465701,0.253639,-0.06999,9.793823
1755407465703,0.323031,-0.048455,9.980762
1755407465706,0.282353,0.013759,9.815358
1755407465708,0.234497,-0.005384,9.959227
1755407465711,0.294317,-0.055633,9.796216
1755407465713,0.311067,-0.036491,9.930214
1755407465716,0.287139,0.013759,9.846465
1755407465718,0.291924,-0.022134,9.827323
1755407465720,0.31346,-0.05324,9.930214
1755407465723,0.27996,-0.022134,9.863214
1755407465725,0.244068,0.008973,9.88475
1755407465727,0.277567,-0.005384,9.839287
1755407465731,0.303888,-0.046062,9.934999
1755407465732,0.29671,0.016152,9.868001
1755407465735,0.282353,-0.050847,9.851251
1755407465738,0.303888,-0.019741,9.908679
1755407465739,0.315853,-0.000598,9.877572
1755407465743,0.253639,0.001795,9.887143
1755407465744,0.323031,-0.041276,9.88475
1755407465747,0.315853,-0.026919,9.865608
1755407465749,0.277567,0.001795,9.88475
1755407465751,0.289532,0.030508,9.879965
1755407465754,0.270389,-0.048455,9.891929
1755407465756,0.294317,-0.005384,9.879965
1755407465759,0.253639,-0.010169,9.911072
1755407465761,0.284746,-0.017348,9.815358
1755407465764,0.323031,-0.062812,9.858429
1755407465766,0.301496,-0.038883,9.903893
1755407465768,0.291924,0.008973,9.846465
1755407465771,0.272782,-0.007777,9.911072
1755407465773,0.306281,-0.038883,9.877572
1755407465777,0.270389,-0.041276,9.906285
1755407465778,0.294317,-0.012562,9.870394
1755407465781,0.289532,-0.034098,9.891929
1755407465783,0.294317,-0.022134,9.836894
1755407465787,0.244068,-0.034098,9.934999
1755407465788,0.33021,-0.012562,9.84168
1755407465790,0.265603,-0.029312,9.939785
1755407465792,0.284746,-0.029312,9.875179
1755407465795,0.301496,-0.014955,9.872787
1755407465798,0.275175,-0.031705,9.872787
1755407465799,0.289532,0.00658,9.820144
1755407465802,0.260818,-0.026919,9.934999
1755407465804,0.308674,0.001795,9.834501
1755407465806,0.31346,-0.041276,9.891929
1755407465809,0.299103,-0.017348,9.863214
1755407465811,0.299103,0.00658,9.894321
1755407465814,0.287139,-0.024526,9.875179
1755407465817,0.311067,-0.000598,9.923036
1755407465818,0.289532,-0.014955,9.856036
1755407465821,0.256032,-0.022134,9.9015
1755407465823,0.306281,-0.034098,9.879965
1755407465826,0.284746,-0.031705,9.848858
1755407465828,0.272782,-0.029312,9.908679
1755407465832,0.31346,-0.022134,9.839287
1755407465834,0.260818,-0.010169,9.899107
1755407465835,0.265603,-0.038883,9.868001
1755407465838,0.275175,-0.024526,9.872787
1755407465840,0.282353,-0.014955,9.865608
1755407465842,0.270389,-0.017348,9.875179
1755407465845,0.263211,-0.019741,9.913465
1755407465848,0.263211,-0.002991,9.879965
1755407465850,0.258425,-0.019741,9.88475
1755407465852,0.291924,0.013759,9.846465
1755407465854,0.270389,0.001795,9.913465
1755407465857,0.27996,-0.022134,9.863214
1755407465859,0.265603,-0.034098,9.903893
1755407465862,0.303888,-0.029312,9.875179
1755407465865,0.291924,-0.034098,9.913465
1755407465867,0.287139,-0.029312,9.9015
1755407465869,0.275175,-0.038883,9.848858
1755407465871,0.287139,-0.022134,9.865608
1755407465874,0.263211,-0.014955,9.872787
1755407465876,0.287139,-0.014955,9.887143
1755407465879,0.277567,0.030508,9.872787
1755407465882,0.275175,-0.034098,9.906285
1755407465884,0.31346,-0.002991,9.88475
1755407465886,0.260818,-0.012562,9.870394
1755407465888,0.294317,-0.010169,9.877572
1755407465890,0.306281,-0.007777,9.894321
1755407465893,0.260818,0.001795,9.877572
1755407465896,0.256032,-0.022134,9.889536
1755407465899,0.29671,-0.007777,9.875179
1755407465900,0.287139,-0.014955,9.872787
1755407465903,0.256032,-0.029312,9.875179
1755407465905,0.272782,-0.005384,9.879965
1755407465907,0.275175,-0.041276,9.903893
1755407465909,0.303888,-0.007777,9.868001
1755407465912,0.236889,-0.034098,9.877572
1755407465914,0.294317,-0.026919,9.88475
1755407465918,0.303888,-0.017348,9.882358
1755407465919,0.308674,-0.034098,9.889536
1755407465922,0.260818,-0.029312,9.908679
1755407465924,0.267996,-0.024526,9.891929
1755407465926,0.251246,-0.014955,9.889536
1755407465929,0.299103,-0.010169,9.877572
1755407465931,0.272782,-0.007777,9.875179
1755407465933,0.315853,-0.002991,9.877572
1755407465936,0.325424,-0.000598,9.860822
1755407465939,0.258425,-0.017348,9.889536
1755407465941,0.287139,-0.010169,9.865608
1755407465943,0.299103,-0.010169,9.860822
1755407465946,0.311067,-0.038883,9.865608
1755407465948,0.260818,-0.012562,9.879965
1755407465951,0.272782,-0.024526,9.879965
1755407465953,0.27996,0.001795,9.868001
1755407465955,0.275175,-0.041276,9.891929
1755407465958,0.291924,-0.007777,9.875179
1755407465960,0.27996,-0.010169,9.9015
1755407465963,0.306281,-0.007777,9.865608
1755407465965,0.306281,-0.012562,9.891929
1755407465968,0.256032,0.011366,9.870394
1755407465970,0.270389,-0.010169,9.911072
1755407465972,0.277567,-0.029312,9.858429
1755407465974,0.256032,-0.038883,9.875179
1755407465977,0.315853,-0.022134,9.856036
1755407465979,0.289532,-0.024526,9.872787
1755407465982,0.29671,-0.038883,9.887143
1755407465985,0.308674,-0.031705,9.88475
1755407465987,0.267996,-0.017348,9.88475
1755407465989,0.272782,-0.000598,9.846465
1755407465991,0.308674,-0.055633,9.872787
1755407465994,0.291924,-0.026919,9.879965
1755407465996,0.251246,0.001795,9.88475
1755407465999,0.289532,-0.010169,9.882358
1755407466001,0.294317,-0.017348,9.856036
1755407466003,0.287139,-0.031705,9.882358
1755407466005,0.272782,-0.010169,9.896714
1755407466008,0.270389,-0.000598,9.870394
1755407466011,0.27996,-0.029312,9.896714
1755407466013,0.27996,-0.024526,9.889536
1755407466015,0.282353,-0.007777,9.877572
1755407466019,0.299103,-0.019741,9.879965
1755407466020,0.301496,-0.026919,9.879965
1755407466024,0.275175,-0.002991,9.877572
1755407466025,0.294317,-0.024526,9.896714
1755407466027,0.287139,-0.034098,9.870394
1755407466029,0.308674,-0.031705,9.882358
1755407466032,0.306281,-0.024526,9.887143
1755407466035,0.332602,-0.022134,9.88475
1755407466037,0.277567,-0.014955,9.906285
1755407466039,0.299103,-0.012562,9.877572
1755407466042,0.241675,-0.014955,9.889536
1755407466044,0.308674,-0.014955,9.865608
1755407466046,0.272782,-0.017348,9.865608
1755407466049,0.299103,0.00658,9.906285
1755407466051,0.303888,-0.002991,9.891929
1755407466054,0.272782,-0.031705,9.908679
1755407466056,0.332602,-0.022134,9.858429
1755407466058,0.303888,-0.019741,9.88475
1755407466061,0.27996,-0.017348,9.88475
1755407466063,0.289532,-0.022134,9.882358
1755407466065,0.311067,-0.048455,9.865608
1755407466068,0.291924,-0.026919,9.908679
1755407466070,0.289532,-0.038883,9.870394
1755407466072,0.291924,-0.005384,9.887143
1755407466075,0.299103,-0.005384,9.868001
1755407466077,0.277567,-0.024526,9.903893
1755407466080,0.282353,0.02333,9.870394
1755407466082,0.303888,-0.024526,9.894321
1755407466084,0.299103,-0.031705,9.848858
1755407466087,0.303888,-0.024526,9.865608
1755407466089,0.303888,-0.031705,9.891929
1755407466092,0.289532,-0.010169,9.879965
1755407466094,0.246461,-0.060419,9.872787
1755407466097,0.289532,-0.014955,9.844072
1755407466099,0.315853,-0.012562,9.882358
1755407466102,0.320638,-0.005384,9.865608
1755407466104,0.308674,-0.022134,9.891929
1755407466106,0.282353,-0.012562,9.882358
1755407466108,0.294317,-0.022134,9.887143
1755407466111,0.272782,-0.014955,9.88475
1755407466113,0.318245,-0.005384,9.891929
1755407466116,0.275175,-0.022134,9.879965
1755407466118,0.282353,-0.019741,9.875179
1755407466121,0.272782,-0.029312,9.903893
1755407466124,0.267996,-0.046062,9.860822
1755407466125,0.275175,-0.014955,9.891929
1755407466128,0.27996,-0.002991,9.875179
1755407466130,0.284746,-0.034098,9.879965
1755407466133,0.306281,-0.055633,9.896714
1755407466135,0.253639,-0.029312,9.896714
1755407466139,0.272782,-0.031705,9.870394
1755407466141,0.291924,-0.010169,9.851251
1755407466143,0.275175,-0.038883,9.870394
1755407466144,0.294317,-0.017348,9.872787
1755407466147,0.272782,-0.05324,9.860822
1755407466149,0.282353,-0.024526,9.889536
1755407466152,0.258425,-0.024526,9.879965
1755407466155,0.263211,-0.022134,9.889536
1755407466156,0.287139,-0.002991,9.877572
1755407466159,0.253639,-0.031705,9.894321
1755407466162,0.267996,-0.031705,9.877572
1755407466164,0.29671,-0.026919,9.877572
1755407466166,0.265603,-0.041276,9.887143
1755407466168,0.256032,-0.019741,9.889536
1755407466174,0.289532,-0.036491,9.908679
1755407466176,0.275175,-0.019741,9.858429
1755407466178,0.277567,-0.022134,9.877572
1755407466179,0.258425,-0.029312,9.882358
1755407466181,0.260818,-0.038883,9.877572
1755407466183,0.284746,0.004187,9.872787
1755407466185,0.287139,-0.029312,9.870394
1755407466188,0.306281,-0.036491,9.875179
1755407466190,0.299103,-0.026919,9.891929
1755407466192,0.301496,-0.012562,9.865608
1755407466195,0.29671,-0.036491,9.865608
1755407466197,0.270389,-0.019741,9.872787
1755407466200,0.246461,-0.043669,9.887143
1755407466202,0.291924,-0.024526,9.870394
1755407466205,0.263211,-0.007777,9.889536
1755407466207,0.265603,-0.048455,9.891929
1755407466209,0.284746,-0.022134,9.882358
1755407466211,0.224925,-0.026919,9.903893
1755407466214,0.277567,-0.024526,9.875179
1755407466216,0.27996,-0.010169,9.891929
1755407466219,0.272782,-0.017348,9.877572
1755407466222,0.282353,-0.034098,9.872787
1755407466224,0.315853,-0.048455,9.88475
1755407466226,0.315853,-0.022134,9.891929
1755407466228,0.291924,-0.007777,9.899107
1755407466231,0.284746,-0.022134,9.879965
1755407466233,0.289532,-0.005384,9.879965
1755407466235,0.289532,-0.024526,9.882358
1755407466239,0.272782,-0.031705,9.875179
1755407466243,0.308674,-0.017348,9.882358
1755407466244,0.284746,-0.014955,9.882358
1755407466245,0.291924,-0.029312,9.872787
1755407466247,0.275175,-0.002991,9.865608
1755407466250,0.29671,-0.002991,9.882358
1755407466252,0.306281,-0.010169,9.872787
1755407466255,0.294317,-0.041276,9.906285
1755407466257,0.294317,-0.007777,9.882358
1755407466259,0.306281,-0.022134,9.872787
1755407466262,0.294317,-0.029312,9.879965
1755407466265,0.284746,-0.019741,9.88475
1755407466267,0.244068,-0.036491,9.875179
1755407466269,0.251246,-0.000598,9.856036
1755407466271,0.267996,-0.041276,9.870394
1755407466274,0.27996,-0.019741,9.879965
1755407466276,0.270389,-0.024526,9.903893
1755407466279,0.294317,-0.022134,9.9015
1755407466281,0.284746,-0.019741,9.903893
1755407466284,0.253639,-0.022134,9.88475
1755407466286,0.299103,-0.034098,9.875179
1755407466288,0.282353,-0.005384,9.863214
1755407466291,0.27996,-0.014955,9.88475
1755407466293,0.291924,-0.050847,9.894321
1755407466295,0.284746,-0.050847,9.879965
1755407466298,0.294317,-0.041276,9.896714
1755407466301,0.253639,-0.031705,9.887143
1755407466302,0.267996,-0.024526,9.889536
1755407466305,0.277567,-0.036491,9.865608
1755407466308,0.277567,-0.012562,9.908679
1755407466310,0.306281,-0.034098,9.891929
1755407466313,0.287139,-0.000598,9.865608
1755407466315,0.289532,0.004187,9.882358
1755407466317,0.265603,-0.029312,9.863214
1755407466319,0.308674,-0.026919,9.875179
1755407466322,0.287139,-0.034098,9.88475
1755407466326,0.277567,-0.031705,9.870394
1755407466328,0.299103,-0.036491,9.894321
1755407466329,0.282353,-0.019741,9.894321
1755407466331,0.275175,-0.029312,9.882358
1755407466334,0.289532,-0.058026,9.877572
1755407466336,0.275175,-0.014955,9.879965
1755407466339,0.265603,-0.019741,9.870394
1755407466342,0.301496,-0.017348,9.887143
1755407466345,0.282353,-0.031705,9.863214
1755407466347,0.31346,-0.026919,9.908679
1755407466348,0.284746,-0.017348,9.88475
1755407466351,0.291924,-0.017348,9.875179
1755407466353,0.320638,-0.024526,9.889536
1755407466355,0.258425,-0.002991,9.899107
1755407466358,0.272782,-0.019741,9.887143
1755407466360,0.29671,-0.017348,9.894321
1755407466363,0.301496,-0.034098,9.899107
1755407466365,0.284746,-0.022134,9.887143
1755407466367,0.299103,-0.010169,9.865608
1755407466370,0.301496,-0.014955,9.906285
1755407466372,0.284746,-0.022134,9.875179
1755407466375,0.31346,-0.029312,9.865608
1755407466377,0.284746,-0.036491,9.877572
1755407466379,0.287139,-0.031705,9.865608
1755407466382,0.301496,-0.007777,9.887143
1755407466385,0.308674,-0.046062,9.875179
1755407466388,0.27996,-0.026919,9.877572
1755407466389,0.282353,-0.038883,9.872787
1755407466392,0.325424,-0.017348,9.906285
1755407466394,0.275175,0.00658,9.896714
1755407466396,0.299103,-0.005384,9.872787
1755407466398,0.289532,-0.012562,9.896714
1755407466401,0.291924,-0.017348,9.872787
1755407466403,0.291924,-0.041276,9.971191
1755407466406,0.291924,0.004187,9.741181
1755407466408,0.306281,-0.058026,9.954441
1755407466411,0.320638,-0.022134,9.858429
1755407466413,0.287139,-0.000598,9.896714
1755407466415,0.272782,-0.065204,9.88475
1755407466418,0.263211,-0.000598,9.865608
1755407466420,0.325424,-0.010169,9.834501
1755407466422,0.246461,-0.022134,9.932607
1755407466426,0.303888,-0.081954,9.820144
1755407466428,0.299103,-0.019741,9.868001
1755407466429,0.272782,-0.036491,9.9015
1755407466432,0.27996,-0.002991,9.772287
1755407466435,0.210568,-0.014955,10.109975
1755407466437,0.31346,-0.007777,9.643075
1755407466439,0.215354,-0.05324,10.14826
1755407466443,0.363709,-0.012562,9.659825
1755407466445,0.246461,-0.017348,10.00469
1755407466447,0.339781,-0.007777,9.741181
1755407466449,0.236889,-0.010169,9.999905
1755407466451,0.299103,-0.060419,9.793823
1755407466453,0.284746,-0.007777,9.903893
1755407466456,0.323031,-0.014955,9.971191
1755407466458,0.301496,0.04008,9.803394
1755407466461,0.265603,-0.026919,9.995119
1755407466465,0.299103,-0.036491,9.760324
1755407466466,0.284746,-0.031705,10.016655
1755407466469,0.284746,-0.046062,9.77468
1755407466470,0.263211,-0.000598,9.973584
1755407466472,0.337388,-0.024526,9.851251
1755407466475,0.265603,0.013759,9.913465
1755407466478,0.299103,-0.024526,9.906285
1755407466480,0.282353,0.02333,9.786645
1755407466482,0.289532,-0.05324,10.03819
1755407466485,0.289532,0.013759,9.736395
1755407466488,0.222533,-0.050847,10.076475
1755407466489,0.339781,0.011366,9.707682
1755407466492,0.258425,-0.024526,10.03819
1755407466495,0.320638,-0.012562,9.736395
1755407466497,0.258425,-0.019741,9.983155
1755407466499,0.289532,-0.022134,9.879965
1755407466502,0.294317,0.028116,9.827323
1755407466504,0.291924,-0.041276,9.980762
1755407466506,0.265603,0.011366,9.750752
1755407466509,0.27996,-0.036491,9.999905
1755407466512,0.29671,0.001795,9.741181
1755407466514,0.284746,-0.010169,9.990334
1755407466516,0.320638,-0.014955,9.80818
1755407466519,0.263211,-0.014955,9.937392
1755407466521,0.282353,-0.038883,9.798609
1755407466523,0.253639,-0.026919,9.91825
1755407466525,0.303888,-0.029312,9.903893
1755407466528,0.272782,-0.010169,9.836894
1755407466530,0.308674,-0.041276,9.923036
1755407466532,0.270389,-0.002991,9.846465
1755407466535,0.251246,0.018544,9.891929
1755407466538,0.270389,0.020937,9.889536
1755407466540,0.287139,-0.029312,9.889536
1755407466543,0.248854,0.004187,9.875179
1755407466545,0.263211,-0.007777,9.848858
1755407466547,0.294317,-0.036491,9.872787
1755407466550,0.27996,-0.014955,9.889536
1755407466552,0.291924,-0.026919,9.88475
1755407466555,0.29671,-0.048455,9.868001
1755407466557,0.27996,-0.017348,9.889536
1755407466559,0.287139,-0.022134,9.906285
1755407466562,0.287139,-0.012562,9.894321
1755407466565,0.306281,-0.026919,9.872787
1755407466566,0.258425,-0.002991,9.865608
1755407466569,0.284746,-0.034098,9.913465
1755407466571,0.289532,-0.012562,9.865608
1755407466573,0.246461,-0.017348,9.913465
1755407466576,0.318245,0.004187,9.88475
1755407466579,0.282353,-0.024526,9.894321
1755407466583,0.287139,0.016152,9.848858
1755407466584,0.299103,-0.007777,9.836894
1755407466586,0.287139,-0.010169,9.889536
1755407466588,0.29671,-0.019741,9.875179
1755407466591,0.318245,-0.012562,9.91825
1755407466592,0.265603,-0.005384,9.911072
1755407466596,0.29671,-0.024526,9.882358
1755407466598,0.294317,-0.014955,9.903893
1755407466600,0.284746,-0.041276,9.9015
1755407466603,0.277567,-0.002991,9.865608
1755407466605,0.272782,-0.043669,9.88475
1755407466607,0.282353,-0.002991,9.865608
1755407466609,0.315853,-0.024526,9.894321
1755407466613,0.289532,-0.017348,9.846465
1755407466615,0.244068,-0.034098,9.915857
1755407466617,0.282353,-0.012562,9.832108
1755407466619,0.265603,-0.019741,9.956834
1755407466621,0.320638,-0.000598,9.736395
1755407466623,0.251246,-0.077169,10.042975
1755407466626,0.318245,0.001795,9.734002
1755407466628,0.244068,-0.026919,10.083653
1755407466631,0.315853,0.00658,9.702896
1755407466633,0.251246,-0.038883,10.028619
1755407466636,0.308674,-0.079561,9.674182
1755407466638,0.212961,-0.06999,9.937392
1755407466640,0.311067,-0.014955,9.899107
1755407466643,0.308674,0.05683,9.891929
1755407466645,0.260818,0.025723,10.052547
1755407466648,0.308674,-0.019741,9.74836
1755407466650,0.246461,-0.05324,9.987941
1755407466653,0.31346,-0.060419,9.686146
1755407466655,0.227318,-0.038883,9.985548
1755407466657,0.294317,0.001795,9.846465
1755407466660,0.282353,-0.007777,9.832108
1755407466662,0.253639,-0.002991,10.035797
1755407466664,0.294317,0.020937,9.827323
1755407466667,0.263211,-0.014955,9.947263
1755407466669,0.287139,-0.06999,9.750752
1755407466672,0.277567,-0.062812,9.896714
1755407466674,0.306281,-0.026919,9.968799
1755407466676,0.31346,0.066401,9.872787
1755407466679,0.277567,0.011366,10.021441
1755407466683,0.29671,-0.031705,9.745967
1755407466684,0.287139,-0.065204,9.942178
1755407466687,0.306281,-0.072383,9.77468
1755407466688,0.323031,0.00658,9.908679
1755407466691,0.265603,0.035294,10.035797
1755407466694,0.287139,0.037687,9.779466
1755407466695,0.246461,-0.108275,9.906285
1755407466698,0.301496,-0.091525,9.750752
1755407466700,0.306281,-0.014955,9.812965
1755407466703,0.289532,0.037687,10.100404
1755407466705,0.332602,0.059222,9.889536
1755407466707,0.229711,-0.036491,9.964012
1755407466710,0.27996,-0.108275,9.674182
1755407466713,0.267996,-0.108275,9.911072
1755407466716,0.311067,-0.000598,9.934999
1755407466717,0.27996,0.061615,9.91825
1755407466720,0.272782,0.064008,10.00469
1755407466722,0.267996,-0.022134,9.743574
1755407466724,0.270389,-0.084347,9.956834
1755407466727,0.287139,-0.067597,9.789038
1755407466729,0.291924,-0.034098,9.858429
1755407466732,0.303888,0.049651,9.980762
1755407466735,0.306281,0.04008,9.891929
1755407466737,0.241675,-0.038883,9.971191
1755407466739,0.299103,-0.10349,9.688539
1755407466741,0.263211,-0.05324,9.889536
1755407466744,0.325424,0.001795,9.906285
1755407466746,0.315853,0.066401,9.906285
1755407466749,0.294317,-0.019741,9.949656
1755407466751,0.308674,-0.062812,9.793823
1755407466754,0.29671,-0.093918,9.903893
1755407466755,0.27996,-0.034098,9.844072
1755407466758,0.33021,-0.007777,9.920643
1755407466760,0.29671,-0.010169,9.920643
1755407466762,0.27996,-0.019741,9.879965
1755407466766,0.277567,-0.043669,9.865608
1755407466768,0.294317,-0.034098,9.891929
1755407466770,0.267996,-0.010169,9.9015
1755407466772,0.294317,-0.036491,9.868001
1755407466774,0.29671,-0.019741,9.9015
1755407466777,0.289532,-0.014955,9.877572
1755407466779,0.27996,-0.017348,9.865608
1755407466782,0.299103,-0.026919,9.877572
1755407466784,0.287139,-0.012562,9.868001
1755407466787,0.253639,-0.022134,9.870394
1755407466789,0.263211,-0.000598,9.882358
1755407466791,0.289532,-0.024526,9.913465
1755407466798,0.284746,-0.019741,9.879965
1755407466799,0.303888,-0.019741,9.894321
1755407466802,0.289532,-0.026919,9.879965
1755407466803,0.308674,-0.019741,9.875179
1755407466804,0.260818,-0.036491,9.899107
1755407466807,0.251246,-0.026919,9.875179
1755407466808,0.308674,-0.034098,9.894321
1755407466810,0.308674,-0.024526,9.88475
1755407466813,0.29671,-0.034098,9.908679
1755407466815,0.265603,-0.007777,9.915857
1755407466818,0.275175,-0.022134,9.815358
1755407466820,0.258425,-0.050847,9.887143
1755407466822,0.291924,-0.026919,9.875179
1755407466825,0.27996,-0.029312,9.9015
1755407466828,0.27996,-0.014955,9.868001
1755407466830,0.267996,-0.002991,9.865608
1755407466832,0.284746,-0.022134,9.899107
1755407466835,0.267996,-0.014955,9.858429
1755407466837,0.27996,-0.031705,9.851251
1755407466839,0.27996,-0.012562,9.9015
1755407466842,0.284746,-0.005384,9.844072
1755407466844,0.270389,-0.041276,9.877572
1755407466847,0.29671,-0.000598,9.887143
1755407466849,0.303888,-0.029312,9.887143
1755407466851,0.275175,-0.010169,9.894321
1755407466854,0.289532,-0.017348,9.889536
1755407466856,0.284746,0.025723,9.872787
1755407466858,0.267996,-0.002991,9.88475
1755407466861,0.299103,-0.038883,9.863214
1755407466863,0.306281,-0.024526,9.877572
1755407466866,0.294317,-0.007777,9.877572
1755407466868,0.263211,-0.017348,9.889536
1755407466871,0.284746,-0.031705,9.887143
1755407466873,0.303888,-0.026919,9.875179
1755407466876,0.294317,-0.034098,9.88475
1755407466877,0.246461,-0.010169,9.84168
1755407466880,0.275175,-0.031705,9.887143
1755407466882,0.294317,-0.031705,9.889536
1755407466885,0.275175,-0.010169,9.899107
1755407466887,0.251246,-0.014955,9.889536
1755407466890,0.246461,-0.022134,9.80818
1755407466892,0.284746,-0.005384,9.956834
1755407466895,0.289532,-0.000598,9.839287
1755407466897,0.289532,-0.038883,9.879965
1755407466899,0.275175,-0.007777,9.913465
1755407466902,0.301496,-0.017348,9.865608
1755407466904,0.289532,-0.017348,9.865608
1755407466906,0.301496,0.008973,9.860822
1755407466909,0.256032,-0.007777,9.925428
1755407466911,0.323031,-0.010169,9.801002
1755407466913,0.263211,-0.002991,10.007083
1755407466916,0.342174,0.028116,9.832108
1755407466919,0.227318,-0.077169,9.879965
1755407466924,0.291924,-0.007777,9.903893
1755407466926,0.282353,-0.038883,9.853643
1755407466927,0.232104,-0.010169,9.913465
1755407466929,0.320638,-0.041276,9.851251
1755407466930,0.272782,-0.012562,9.903893
1755407466933,0.303888,-0.031705,9.834501
1755407466936,0.294317,-0.014955,9.896714
1755407466938,0.311067,-0.038883,9.872787
1755407466940,0.260818,0.008973,9.894321
1755407466943,0.320638,-0.034098,9.875179
1755407466944,0.251246,-0.010169,9.88475
1755407466947,0.308674,-0.067597,9.844072
1755407466949,0.246461,-0.034098,9.925428
1755407466953,0.339781,-0.022134,9.834501
1755407466955,0.236889,-0.000598,9.903893
1755407466957,0.339781,-0.046062,9.820144
1755407466959,0.244068,-0.038883,9.964012
1755407466961,0.337388,-0.029312,9.82493
1755407466964,0.275175,-0.055633,9.925428
1755407466966,0.332602,-0.036491,9.865608
1755407466969,0.265603,-0.05324,9.834501
1755407466972,0.289532,0.008973,9.9015
1755407466974,0.289532,-0.08674,9.968799
1755407466976,0.31346,0.008973,9.983155
1755407466978,0.291924,-0.007777,9.88475
1755407466981,0.294317,-0.036491,9.882358
1755407466983,0.256032,-0.010169,9.923036
1755407466986,0.20339,0.044865,9.858429
1755407466989,0.164806,0.04008,9.717253
1755407466990,0.171984,0.044865,9.690931
1755407466993,0.289532,-0.024526,9.84168
1755407466995,0.358923,-0.06999,9.954441
1755407466998,0.299103,-0.031705,9.872787
1755407467001,0.411565,-0.117847,10.05494
1755407467002,0.282353,-0.002991,10.016655
1755407467006,0.253639,-0.031705,9.784252
1755407467008,0.323031,-0.062812,9.851251
1755407467009,0.291924,-0.007777,9.971191
1755407467012,0.275175,-0.031705,9.848858
1755407467014,0.186341,-0.034098,9.674182
1755407467017,0.344566,-0.038883,10.045368
1755407467019,0.356531,-0.096311,9.949656
1755407467022,0.291924,-0.043669,10.033404
1755407467025,0.29671,-0.036491,9.932607
1755407467026,0.270389,-0.010169,9.810573
1755407467028,0.323031,-0.000598,9.947263
1755407467031,0.306281,-0.014955,9.932607
1755407467033,0.232104,-0.002991,9.908679
1755407467036,0.282353,-0.043669,9.74836
1755407467039,0.294317,-0.046062,9.817751
1755407467041,0.380459,-0.074776,10.014262
1755407467044,0.294317,-0.000598,9.860822
1755407467045,0.246461,0.008973,9.865608
1755407467048,0.258425,-0.017348,9.812965
1755407467050,0.349352,-0.007777,9.985548
1755407467052,0.315853,-0.026919,9.899107
1755407467055,0.39003,-0.050847,9.952048
1755407467057,0.248854,-0.007777,9.793823
1755407467060,0.318245,-0.019741,9.870394
1755407467062,0.260818,-0.019741,9.803394
1755407467064,0.287139,-0.000598,9.88475
1755407467067,0.20339,0.028116,9.860822
1755407467069,0.157627,0.052044,9.745967
1755407467072,0.263211,-0.050847,9.760324
1755407467074,0.308674,-0.026919,10.07169
1755407467077,0.251246,-0.019741,9.827323
1755407467080,0.358923,-0.05324,9.872787
1755407467081,0.291924,-0.079561,9.815358
1755407467084,0.246461,0.001795,9.796216
1755407467086,0.282353,-0.050847,9.863214
1755407467089,0.31346,-0.062812,9.88475
1755407467091,0.332602,-0.036491,9.863214
1755407467093,0.323031,-0.050847,9.863214
1755407467096,0.260818,-0.043669,9.870394
1755407467098,0.234497,-0.005384,9.798609
1755407467101,0.308674,-0.046062,9.877572
1755407467103,0.267996,0.00658,9.868001
1755407467106,0.29671,0.004187,9.858429
1755407467109,0.306281,-0.012562,9.877572
1755407467110,0.272782,-0.036491,9.899107
1755407467112,0.323031,-0.024526,9.894321
1755407467115,0.327817,-0.000598,9.9015
1755407467117,0.272782,-0.014955,9.872787
1755407467120,0.277567,-0.034098,9.894321
1755407467123,0.318245,-0.019741,9.882358
1755407467125,0.291924,-0.031705,9.903893
1755407467127,0.315853,0.008973,9.868001
1755407467129,0.291924,-0.019741,9.923036
1755407467132,0.267996,-0.022134,9.84168
1755407467134,0.277567,-0.024526,9.896714
1755407467136,0.303888,-0.029312,9.896714
1755407467140,0.323031,-0.034098,10.047761
1755407467144,0.325424,-0.026919,9.983155
1755407467145,0.31346,0.001795,10.040583
1755407467146,0.265603,-0.007777,9.848858
1755407467148,0.272782,-0.038883,9.865608
1755407467151,0.282353,-0.007777,9.836894
1755407467153,0.244068,-0.029312,9.954441
1755407467157,0.260818,0.00658,9.839287
1755407467159,0.287139,-0.017348,9.889536
1755407467161,0.263211,-0.010169,9.899107
1755407467163,0.334995,-0.043669,9.686146
1755407467165,0.188734,-0.05324,10.074082
1755407467167,0.382852,-0.026919,9.793823
1755407467170,0.19352,-0.024526,9.964012
1755407467173,0.351745,-0.002991,9.853643
1755407467175,0.291924,-0.074776,9.889536
1755407467177,0.327817,0.020937,9.832108
1755407467179,0.277567,-0.067597,9.891929
1755407467182,0.287139,0.020937,9.853643
1755407467184,0.251246,-0.055633,9.915857
1755407467187,0.29671,0.047258,9.832108
1755407467189,0.284746,-0.034098,9.975977
1755407467192,0.256032,0.042473,9.853643
1755407467194,0.29671,-0.041276,9.956834
1755407467196,0.239282,-0.022134,9.865608
1755407467199,0.334995,-0.022134,9.868001
1755407467201,0.236889,-0.055633,9.964012
1755407467204,0.361316,0.011366,9.695718
1755407467206,0.200997,-0.043669,10.107582
1755407467210,0.342174,-0.000598,9.559326
1755407467212,0.179163,-0.036491,10.129117
1755407467214,0.382852,-0.002991,9.609575
1755407467216,0.215354,-0.041276,10.126724
1755407467218,0.344566,-0.017348,9.738789
1755407467220,0.198604,-0.043669,9.990334
1755407467223,0.358923,-0.007777,9.801002
1755407467225,0.229711,-0.060419,9.930214
1755407467227,0.332602,0.037687,9.839287
1755407467230,0.253639,-0.08674,9.925428
1755407467232,0.265603,0.04008,9.851251
1755407467235,0.287139,-0.058026,9.934999
1755407467237,0.224925,-0.000598,9.896714
1755407467239,0.337388,-0.026919,9.848858
1755407467243,0.229711,-0.034098,9.983155
1755407467246,0.356531,-0.022134,9.722038
1755407467248,0.212961,-0.036491,10.059726
1755407467249,0.39003,-0.014955,9.698111
1755407467251,0.236889,-0.06999,10.007083
1755407467254,0.311067,-0.007777,9.789038
1755407467256,0.265603,-0.002991,9.911072
1755407467259,0.306281,-0.022134,9.858429
1755407467261,0.251246,-0.002991,9.906285
1755407467263,0.284746,-0.043669,9.856036
1755407467266,0.251246,-0.026919,9.908679
1755407467268,0.291924,-0.017348,9.868001
1755407467270,0.318245,-0.043669,9.868001
1755407467273,0.251246,-0.041276,9.887143
1755407467279,0.267996,-0.034098,9.829716
1755407467280,0.251246,-0.024526,9.894321
1755407467281,0.303888,-0.055633,9.870394
1755407467283,0.265603,-0.029312,9.97837
1755407467285,0.301496,0.001795,9.779466
1755407467287,0.229711,-0.005384,10.011869
1755407467290,0.349352,0.004187,9.738789
1755407467293,0.215354,-0.065204,10.042975
1755407467295,0.349352,0.013759,9.702896
1755407467297,0.270389,-0.05324,9.97837
1755407467299,0.344566,-0.034098,9.707682
1755407467302,0.263211,-0.072383,9.851251
1755407467304,0.308674,0.032901,9.995119
1755407467307,0.287139,0.054437,9.891929
1755407467312,0.277567,-0.007777,9.954441
1755407467313,0.27996,-0.113061,9.659825
1755407467314,0.265603,-0.108275,9.853643
1755407467316,0.267996,0.054437,9.992726
1755407467319,0.323031,0.1334,9.923036
1755407467321,0.272782,0.008973,9.882358
1755407467324,0.277567,-0.158524,9.700503
1755407467326,0.294317,-0.122632,9.964012
1755407467329,0.289532,0.083151,9.999905
1755407467331,0.277567,0.080758,9.786645
1755407467333,0.258425,-0.120239,9.872787
1755407467335,0.284746,-0.127418,9.851251
1755407467338,0.287139,0.037687,9.990334
1755407467340,0.236889,0.075972,9.894321
1755407467344,0.306281,-0.065204,9.762716
1755407467345,0.291924,-0.10349,9.966406
1755407467347,0.282353,0.00658,9.923036
1755407467350,0.253639,0.114257,9.851251
1755407467352,0.270389,-0.077169,9.846465
1755407467355,0.275175,-0.134596,9.844072
1755407467357,0.282353,-0.022134,9.920643
1755407467359,0.256032,0.092722,9.990334
1755407467362,0.306281,-0.010169,9.810573
1755407467365,0.284746,-0.122632,9.817751
1755407467367,0.284746,-0.136989,9.853643
1755407467369,0.318245,0.013759,9.913465
1755407467372,0.239282,0.044865,10.047761
1755407467374,0.349352,-0.007777,9.820144
1755407467376,0.284746,-0.108275,9.846465
1755407467379,0.258425,-0.141775,9.741181
1755407467381,0.289532,-0.041276,9.915857
1755407467383,0.29671,0.061615,10.023833
1755407467386,0.275175,0.092722,9.903893
1755407467388,0.263211,-0.034098,9.848858
1755407467391,0.301496,-0.110668,9.693324
1755407467393,0.289532,-0.101097,9.906285
1755407467395,0.291924,0.087936,10.023833
1755407467398,0.289532,0.111864,9.887143
1755407467400,0.275175,-0.034098,9.82493
1755407467403,0.275175,-0.158524,9.781859
1755407467405,0.315853,-0.043669,9.930214
1755407467408,0.275175,0.05683,10.016655
1755407467410,0.301496,0.073579,9.832108
1755407467412,0.282353,-0.091525,9.822537
1755407467415,0.299103,-0.096311,9.820144
1755407467417,0.31346,-0.022134,9.879965
1755407467419,0.284746,0.025723,10.00469
1755407467422,0.291924,0.054437,9.844072
1755407467424,0.282353,-0.093918,9.827323
1755407467427,0.246461,-0.134596,9.877572
1755407467430,0.311067,-0.002991,9.801002
1755407467432,0.258425,-0.000598,9.992726
1755407467434,0.291924,0.008973,9.9015
1755407467436,0.289532,-0.000598,9.860822
1755407467438,0.258425,-0.038883,9.856036
1755407467441,0.308674,-0.043669,9.856036
1755407467444,0.251246,-0.031705,9.952048
1755407467447,0.282353,0.004187,9.762716
1755407467449,0.275175,-0.017348,10.033404
1755407467451,0.306281,0.013759,9.858429
1755407467453,0.282353,-0.038883,9.875179
1755407467455,0.27996,-0.019741,9.875179
1755407467458,0.277567,-0.022134,9.891929
1755407467460,0.256032,0.004187,9.851251
1755407467464,0.294317,-0.000598,9.887143
1755407467466,0.284746,-0.002991,9.903893
1755407467468,0.263211,-0.019741,9.88475
1755407467470,0.29671,-0.014955,9.856036
1755407467472,0.287139,-0.005384,9.872787
1755407467474,0.267996,-0.031705,9.927821
1755407467477,0.289532,-0.017348,9.839287
1755407467481,0.275175,-0.019741,9.9015
1755407467482,0.289532,0.008973,9.868001
1755407467484,0.301496,-0.036491,9.894321
1755407467487,0.287139,-0.017348,9.887143
1755407467489,0.303888,-0.007777,9.9015
1755407467491,0.277567,-0.041276,9.9015
1755407467494,0.27996,-0.029312,9.899107
1755407467498,0.289532,-0.005384,9.889536
1755407467499,0.301496,-0.014955,9.872787
1755407467501,0.289532,-0.055633,9.889536
1755407467503,0.27996,-0.029312,9.858429
1755407467506,0.29671,-0.034098,9.896714
1755407467508,0.27996,-0.041276,9.88475
1755407467511,0.275175,-0.007777,9.877572
1755407467513,0.267996,-0.010169,9.865608
1755407467515,0.308674,-0.031705,9.872787
1755407467518,0.315853,-0.022134,9.891929
1755407467521,0.306281,-0.041276,9.891929
1755407467522,0.291924,-0.005384,9.889536
1755407467525,0.31346,-0.038883,9.810573
1755407467528,0.306281,-0.024526,9.973584
1755407467529,0.289532,0.001795,9.896714
1755407467532,0.263211,-0.062812,9.889536
1755407467534,0.265603,-0.05324,9.827323
1755407467537,0.306281,-0.019741,9.858429
1755407467539,0.244068,-0.002991,9.973584
1755407467542,0.363709,0.013759,9.834501
1755407467544,0.236889,-0.007777,9.983155
1755407467546,0.327817,-0.031705,9.712467
1755407467549,0.244068,-0.072383,9.932607
1755407467552,0.270389,-0.058026,9.803394
1755407467554,0.308674,0.001795,9.801002
1755407467556,0.265603,0.011366,10.117153
1755407467558,0.325424,0.00658,9.781859
1755407467561,0.232104,-0.046062,9.995119
1755407467563,0.294317,-0.010169,9.734002
1755407467566,0.267996,-0.043669,9.983155
1755407467568,0.315853,-0.005384,9.834501
1755407467570,0.287139,0.013759,9.954441
1755407467573,0.284746,-0.017348,9.9015
1755407467575,0.248854,-0.012562,9.856036
1755407467577,0.284746,-0.034098,9.906285
1755407467580,0.287139,-0.007777,9.853643
1755407467583,0.308674,0.001795,9.952048
1755407467585,0.334995,0.004187,9.899107
1755407467587,0.306281,-0.046062,9.889536
1755407467589,0.272782,-0.026919,9.844072
1755407467592,0.303888,-0.014955,9.889536
1755407467594,0.291924,-0.017348,9.908679
1755407467597,0.287139,-0.005384,9.879965
1755407467601,0.289532,-0.010169,9.877572
1755407467602,0.320638,-0.026919,9.887143
1755407467604,0.282353,-0.036491,9.872787
1755407467606,0.267996,-0.024526,9.863214
1755407467609,0.294317,-0.014955,9.872787
1755407467611,0.248854,-0.024526,9.882358
1755407467614,0.251246,-0.024526,9.879965
1755407467616,0.320638,-0.010169,9.889536
1755407467619,0.251246,-0.029312,9.889536
1755407467620,0.277567,-0.007777,9.894321
1755407467623,0.267996,-0.012562,9.879965
1755407467626,0.253639,-0.007777,9.896714
1755407467628,0.282353,-0.031705,9.879965
1755407467630,0.284746,-0.012562,9.868001
1755407467633,0.318245,-0.019741,9.879965
1755407467635,0.27996,-0.017348,9.868001
1755407467637,0.265603,-0.043669,9.891929
1755407467640,0.272782,-0.019741,9.877572
1755407467643,0.253639,-0.007777,9.9015
1755407467644,0.272782,-0.024526,9.887143
1755407467647,0.284746,-0.019741,9.896714
1755407467651,0.299103,-0.005384,9.899107
1755407467652,0.311067,-0.029312,9.872787
1755407467654,0.263211,-0.002991,9.911072
1755407467657,0.289532,0.030508,9.88475
1755407467659,0.306281,-0.014955,9.870394
1755407467661,0.289532,-0.002991,9.856036
1755407467664,0.272782,-0.007777,9.925428
1755407467668,0.287139,-0.010169,9.820144
1755407467669,0.277567,-0.036491,9.949656
1755407467671,0.327817,0.018544,9.810573
1755407467673,0.289532,-0.034098,9.961619
1755407467676,0.306281,0.016152,9.769895
1755407467678,0.258425,-0.012562,10.062119
1755407467680,0.294317,-0.005384,9.71486
1755407467685,0.22014,-0.062812,10.026226
1755407467687,0.325424,-0.072383,9.683753
1755407467688,0.251246,-0.034098,9.971191
1755407467691,0.327817,-0.017348,9.834501
1755407467692,0.294317,0.008973,9.887143
1755407467695,0.291924,-0.007777,10.002297
1755407467697,0.327817,0.042473,9.717253
1755407467700,0.234497,-0.074776,10.095618
1755407467702,0.337388,-0.010169,9.640682
1755407467705,0.241675,-0.050847,10.066904
1755407467707,0.291924,-0.014955,9.707682
1755407467710,0.236889,-0.019741,9.990334
1755407467712,0.311067,-0.06999,9.889536
1755407467715,0.320638,-0.000598,9.815358
1755407467716,0.267996,-0.038883,10.007083
1755407467719,0.318245,-0.014955,9.68136
1755407467722,0.236889,-0.060419,10.098011
1755407467724,0.363709,0.001795,9.741181
1755407467726,0.229711,-0.000598,10.045368
1755407467729,0.311067,-0.029312,9.71486
1755407467731,0.260818,-0.007777,10.002297
1755407467733,0.284746,-0.041276,9.784252
1755407467736,0.263211,-0.060419,9.899107
1755407467738,0.282353,-0.031705,9.952048
1755407467740,0.29671,0.032901,9.731609
1755407467743,0.256032,-0.002991,10.078868
1755407467745,0.303888,0.016152,9.777073
1755407467747,0.241675,-0.060419,9.997512
1755407467750,0.334995,-0.046062,9.74836
1755407467753,0.248854,-0.038883,10.00469
1755407467755,0.320638,-0.062812,9.786645
1755407467757,0.27996,-0.019741,9.903893
1755407467760,0.284746,0.016152,9.91825
1755407467762,0.315853,0.00658,9.760324
1755407467764,0.287139,-0.034098,10.057333
1755407467767,0.306281,0.037687,9.765109
1755407467770,0.275175,-0.036491,9.990334
1755407467773,0.31346,-0.029312,9.736395
1755407467774,0.270389,-0.034098,9.964012
1755407467776,0.315853,-0.060419,9.789038
1755407467779,0.272782,-0.034098,9.870394
1755407467781,0.301496,-0.029312,9.920643
1755407467783,0.282353,0.013759,9.858429
1755407467787,0.263211,-0.007777,10.014262
1755407467788,0.291924,0.025723,9.734002
1755407467791,0.229711,-0.05324,9.942178
1755407467793,0.260818,-0.065204,9.820144
1755407467795,0.29671,-0.010169,9.903893
1755407467798,0.282353,-0.007777,9.934999
1755407467800,0.323031,0.011366,9.829716
1755407467804,0.27996,-0.019741,9.920643
1755407467806,0.311067,-0.000598,9.815358
1755407467810,0.265603,-0.043669,9.985548
1755407467811,0.308674,0.001795,9.827323
1755407467812,0.253639,-0.019741,9.944571
1755407467814,0.306281,-0.012562,9.832108
1755407467817,0.29671,-0.014955,9.891929
1755407467820,0.287139,-0.024526,9.868001
1755407467822,0.27996,-0.007777,9.887143
1755407467824,0.294317,-0.002991,9.913465
1755407467827,0.31346,-0.005384,9.846465
1755407467829,0.251246,-0.034098,9.915857
1755407467831,0.270389,-0.002991,9.820144
1755407467834,0.246461,0.004187,9.923036
1755407467837,0.327817,-0.012562,9.836894
1755407467841,0.260818,-0.024526,9.9015
1755407467842,0.291924,-0.029312,9.836894
1755407467843,0.284746,-0.010169,9.882358
1755407467846,0.267996,-0.017348,9.908679
1755407467848,0.306281,-0.024526,9.832108
1755407467850,0.308674,-0.024526,9.944571
1755407467854,0.318245,-0.014955,9.820144
1755407467856,0.256032,-0.019741,9.983155
1755407467859,0.315853,-0.022134,9.786645
1755407467860,0.27996,-0.026919,9.995119
1755407467862,0.339781,-0.029312,9.772287
1755407467865,0.217747,-0.031705,9.973584
1755407467867,0.315853,-0.041276,9.798609
1755407467871,0.267996,-0.036491,9.879965
1755407467874,0.327817,-0.050847,9.913465
1755407467876,0.256032,0.032901,9.887143
1755407467877,0.272782,0.001795,10.002297
1755407467879,0.260818,0.016152,9.726824
1755407467882,0.263211,-0.079561,9.865608
1755407467884,0.289532,-0.079561,9.779466
1755407467886,0.267996,0.004187,9.990334
1755407467889,0.289532,0.075972,9.992726
1755407467891,0.263211,0.025723,9.745967
1755407467894,0.253639,-0.134596,9.817751
1755407467896,0.277567,-0.091525,9.853643
1755407467899,0.265603,0.04008,9.997512
1755407467901,0.251246,0.111864,9.956834
1755407467903,0.306281,-0.019741,9.743574
1755407467906,0.299103,-0.127418,9.846465
1755407467908,0.303888,-0.043669,9.927821
1755407467911,0.323031,0.066401,9.920643
1755407467913,0.301496,0.044865,9.937392
1755407467915,0.311067,-0.079561,9.753145
1755407467917,0.31346,-0.117847,9.872787
1755407467921,0.260818,0.008973,9.987941
1755407467923,0.29671,0.092722,9.870394
1755407467926,0.284746,-0.002991,9.97837
1755407467928,0.320638,-0.132203,9.650253
1755407467930,0.265603,-0.084347,9.851251
1755407467932,0.270389,0.04008,10.105189
1755407467935,0.282353,0.092722,9.827323
1755407467937,0.263211,-0.010169,9.930214
1755407467939,0.284746,-0.127418,9.803394
1755407467942,0.308674,-0.034098,9.959227
1755407467944,0.241675,0.080758,9.887143
1755407467947,0.272782,-0.007777,9.789038
1755407467949,0.311067,-0.10349,9.911072
1755407467951,0.308674,-0.050847,9.966406
1755407467953,0.270389,0.032901,9.815358
1755407467956,0.253639,-0.022134,9.906285
1755407467959,0.308674,-0.060419,9.848858
1755407467961,0.315853,0.020937,9.887143
1755407467963,0.244068,0.013759,9.906285
1755407467966,0.275175,-0.05324,9.856036
1755407467969,0.31346,-0.034098,9.927821
1755407467970,0.244068,-0.019741,9.789038
1755407467973,0.263211,-0.029312,9.908679
1755407467975,0.385244,-0.012562,9.879965
1755407467978,0.258425,-0.034098,9.9015
1755407467980,0.258425,-0.026919,9.858429
1755407467982,0.323031,-0.012562,9.879965
1755407467985,0.270389,-0.017348,9.934999
1755407467987,0.270389,-0.000598,9.899107
1755407467990,0.318245,-0.017348,9.80818
1755407467992,0.227318,-0.081954,9.875179
1755407467995,0.289532,-0.029312,9.879965
1755407467997,0.303888,0.032901,9.865608
1755407467999,0.251246,-0.005384,9.966406
1755407468001,0.320638,-0.036491,9.755538
1755407468004,0.270389,-0.105882,9.942178
1755407468007,0.265603,0.016152,9.851251
1755407468009,0.308674,0.011366,9.889536
1755407468011,0.277567,-0.081954,9.860822
1755407468013,0.311067,-0.036491,9.887143
1755407468016,0.303888,-0.010169,9.877572
1755407468018,0.267996,0.047258,9.913465
1755407468021,0.301496,-0.036491,9.777073
1755407468024,0.241675,-0.077169,9.887143
1755407468026,0.334995,-0.022134,10.016655
1755407468028,0.27996,0.047258,9.844072
1755407468030,0.277567,-0.017348,9.930214
1755407468033,0.308674,-0.024526,9.84168
1755407468035,0.272782,-0.019741,9.851251
1755407468037,0.263211,-0.043669,9.805787
1755407468041,0.308674,-0.017348,9.937392
1755407468044,0.308674,-0.000598,9.84168
1755407468045,0.260818,-0.010169,9.942178
1755407468047,0.294317,0.016152,9.889536
1755407468049,0.253639,-0.065204,9.839287
1755407468052,0.277567,-0.048455,9.899107
1755407468054,0.308674,-0.017348,9.872787
1755407468058,0.275175,0.008973,9.875179
1755407468059,0.315853,-0.017348,9.896714
1755407468062,0.256032,-0.024526,9.863214
1755407468064,0.277567,0.004187,9.903893
1755407468066,0.253639,-0.019741,9.822537
1755407468068,0.275175,-0.010169,9.944571
1755407468071,0.315853,-0.000598,9.786645
1755407468073,0.227318,-0.024526,9.947263
1755407468076,0.31346,-0.043669,9.82493
1755407468078,0.272782,-0.026919,9.872787
1755407468080,0.284746,-0.017348,9.911072
1755407468083,0.301496,-0.012562,9.88475
1755407468085,0.308674,-0.019741,9.875179
1755407468088,0.29671,-0.002991,9.889536
1755407468090,0.289532,-0.017348,9.863214
1755407468093,0.306281,-0.050847,9.911072
1755407468095,0.289532,-0.007777,9.872787
1755407468098,0.287139,-0.029312,9.865608
1755407468100,0.31346,-0.024526,9.891929
1755407468102,0.311067,0.013759,9.879965
1755407468104,0.263211,-0.002991,9.860822
1755407468107,0.277567,-0.022134,9.875179
1755407468109,0.246461,-0.000598,9.879965
1755407468112,0.29671,-0.005384,9.856036
1755407468114,0.287139,-0.007777,9.915857
1755407468117,0.294317,-0.026919,9.88475
1755407468119,0.27996,-0.036491,9.911072
1755407468121,0.258425,-0.002991,9.865608
1755407468124,0.282353,-0.031705,9.88475
1755407468127,0.294317,-0.029312,9.860822
1755407468129,0.29671,-0.029312,9.9015
1755407468131,0.299103,-0.017348,9.875179
1755407468133,0.299103,-0.017348,9.889536
1755407468136,0.301496,0.016152,9.870394
1755407468139,0.308674,0.018544,9.870394
1755407468140,0.253639,-0.055633,9.908679
1755407468143,0.258425,-0.041276,9.899107
1755407468147,0.258425,-0.010169,9.872787
1755407468148,0.287139,-0.024526,9.875179
1755407468151,0.272782,-0.048455,9.875179
1755407468152,0.275175,-0.034098,9.889536
1755407468155,0.299103,-0.000598,9.872787
1755407468157,0.289532,-0.026919,9.868001
1755407468160,0.282353,-0.036491,9.896714
1755407468162,0.282353,-0.034098,9.863214
1755407468164,0.29671,-0.000598,9.899107
1755407468167,0.29671,-0.005384,9.88475
1755407468169,0.270389,-0.010169,9.877572
1755407468171,0.282353,-0.036491,9.896714
1755407468174,0.27996,-0.046062,9.875179
1755407468177,0.282353,-0.038883,9.882358
1755407468179,0.291924,-0.034098,9.903893
1755407468181,0.282353,-0.012562,9.750752
1755407468183,0.299103,-0.048455,9.913465
1755407468186,0.29671,-0.000598,9.875179
1755407468188,0.241675,-0.010169,9.834501
1755407468191,0.27996,-0.019741,9.860822
1755407468194,0.291924,-0.031705,9.853643
1755407468196,0.265603,-0.034098,9.856036
1755407468198,0.29671,-0.055633,9.903893
1755407468200,0.294317,-0.036491,9.906285
1755407468202,0.267996,-0.000598,9.863214
1755407468205,0.294317,-0.017348,9.911072
1755407468207,0.282353,-0.031705,9.882358
1755407468211,0.277567,-0.024526,9.889536
1755407468212,0.308674,-0.017348,9.889536
1755407468215,0.270389,-0.014955,9.868001
1755407468217,0.253639,-0.031705,9.882358
1755407468220,0.277567,-0.029312,9.894321
1755407468222,0.277567,-0.026919,9.891929
1755407468224,0.294317,-0.034098,9.872787
1755407468228,0.258425,-0.031705,9.879965
1755407468230,0.270389,-0.019741,9.894321
1755407468232,0.260818,-0.000598,9.920643
1755407468234,0.251246,-0.005384,9.863214
1755407468236,0.291924,0.001795,9.863214
1755407468239,0.270389,-0.038883,9.889536
1755407468241,0.253639,-0.029312,9.872787
1755407468243,0.27996,-0.014955,9.860822
1755407468246,0.299103,-0.014955,9.889536
1755407468250,0.29671,-0.019741,9.891929
1755407468251,0.308674,-0.034098,9.863214
1755407468253,0.277567,-0.019741,9.88475
1755407468255,0.308674,-0.024526,9.879965
1755407468258,0.29671,-0.031705,9.882358
1755407468261,0.287139,-0.000598,9.908679
1755407468263,0.251246,-0.022134,9.851251
1755407468265,0.299103,-0.038883,9.868001
1755407468267,0.306281,-0.055633,9.899107
1755407468270,0.29671,-0.055633,9.887143
1755407468272,0.287139,-0.010169,9.868001
1755407468274,0.277567,-0.036491,9.891929
1755407468277,0.299103,-0.022134,9.879965
1755407468279,0.272782,-0.022134,9.889536
1755407468282,0.299103,-0.046062,9.875179
1755407468284,0.265603,-0.019741,9.908679
1755407468286,0.291924,-0.029312,9.872787
1755407468289,0.332602,-0.038883,9.894321
1755407468291,0.29671,-0.017348,9.875179
1755407468294,0.282353,-0.010169,9.891929
1755407468297,0.29671,0.013759,9.875179
1755407468299,0.284746,-0.036491,9.858429
1755407468302,0.265603,-0.038883,9.875179
1755407468303,0.291924,-0.012562,9.875179
1755407468306,0.265603,-0.005384,9.889536
1755407468308,0.289532,-0.038883,9.875179
1755407468310,0.267996,-0.050847,9.877572
1755407468313,0.267996,-0.010169,9.872787
1755407468316,0.294317,-0.000598,9.899107
1755407468318,0.315853,-0.007777,9.882358
1755407468320,0.270389,-0.022134,9.889536
1755407468323,0.301496,-0.002991,9.889536
1755407468325,0.31346,-0.010169,9.88475
1755407468328,0.315853,-0.036491,9.872787
1755407468331,0.284746,-0.026919,9.9015
1755407468332,0.270389,-0.005384,9.865608
1755407468334,0.267996,-0.034098,9.891929
1755407468337,0.267996,-0.038883,9.877572
1755407468339,0.270389,-0.031705,9.896714
1755407468344,0.291924,-0.029312,9.865608
1755407468346,0.291924,-0.034098,9.903893
1755407468348,0.29671,-0.012562,9.872787
1755407468349,0.241675,0.00658,9.870394
1755407468352,0.272782,-0.022134,9.858429
1755407468356,0.267996,-0.048455,9.887143
1755407468357,0.267996,0.02333,9.856036
1755407468358,0.294317,-0.022134,9.868001
1755407468361,0.284746,-0.026919,9.891929
1755407468364,0.284746,-0.019741,9.882358
1755407468366,0.303888,-0.012562,9.889536
1755407468368,0.299103,-0.002991,9.875179
1755407468370,0.263211,0.001795,9.872787
1755407468373,0.289532,-0.007777,9.879965
1755407468375,0.294317,-0.022134,9.906285
1755407468377,0.315853,-0.031705,9.870394
1755407468381,0.299103,-0.012562,9.894321
1755407468383,0.289532,-0.036491,9.887143
1755407468385,0.303888,-0.019741,9.870394
1755407468387,0.27996,-0.050847,9.860822
1755407468389,0.27996,-0.050847,9.865608
1755407468392,0.277567,-0.046062,9.863214
1755407468394,0.318245,-0.034098,9.870394
1755407468398,0.272782,-0.058026,9.877572
1755407468400,0.29671,-0.014955,9.870394
1755407468402,0.267996,-0.024526,9.896714
1755407468404,0.284746,-0.034098,9.891929
1755407468407,0.267996,-0.019741,9.891929
1755407468409,0.277567,-0.024526,9.860822
1755407468411,0.29671,-0.012562,9.877572
1755407468415,0.272782,0.004187,9.894321
1755407468417,0.303888,-0.038883,9.877572
1755407468419,0.282353,-0.026919,9.894321
1755407468421,0.31346,-0.031705,9.9015
1755407468424,0.311067,-0.041276,9.891929
1755407468425,0.306281,-0.022134,9.875179
1755407468428,0.282353,-0.002991,9.896714
1755407468432,0.272782,-0.029312,9.870394
1755407468433,0.284746,-0.041276,9.889536
1755407468435,0.277567,-0.031705,9.896714
1755407468437,0.27996,-0.022134,9.863214
1755407468440,0.282353,-0.029312,9.865608
1755407468442,0.29671,-0.038883,9.872787
1755407468445,0.287139,-0.019741,9.891929
1755407468447,0.272782,-0.022134,9.887143
1755407468450,0.27996,-0.034098,9.868001
1755407468452,0.303888,0.001795,9.872787
1755407468454,0.284746,-0.024526,9.848858
1755407468457,0.270389,-0.002991,9.899107
1755407468459,0.29671,-0.000598,9.923036
1755407468461,0.263211,-0.019741,9.9015
1755407468465,0.294317,-0.019741,9.860822
1755407468467,0.282353,-0.038883,9.872787
1755407468470,0.301496,-0.043669,9.865608
1755407468471,0.299103,-0.019741,9.891929
1755407468473,0.27996,-0.029312,9.872787
1755407468476,0.275175,-0.050847,9.870394
1755407468478,0.251246,-0.031705,9.877572
1755407468481,0.301496,-0.000598,9.879965
1755407468483,0.308674,-0.014955,9.887143
1755407468486,0.29671,-0.005384,9.882358
1755407468488,0.265603,-0.010169,9.870394
1755407468490,0.284746,-0.031705,9.88475
1755407468492,0.267996,-0.041276,9.875179
1755407468495,0.306281,-0.024526,9.877572
1755407468497,0.265603,-0.000598,9.887143
1755407468500,0.287139,-0.024526,9.879965
1755407468503,0.270389,-0.022134,9.868001
1755407468505,0.294317,-0.024526,9.88475
1755407468507,0.282353,-0.036491,9.872787
1755407468509,0.267996,-0.026919,9.896714
1755407468512,0.306281,-0.029312,9.894321
1755407468514,0.27996,-0.014955,9.870394
1755407468517,0.275175,-0.019741,9.877572
1755407468519,0.239282,-0.007777,9.875179
1755407468521,0.27996,-0.012562,9.882358
1755407468524,0.258425,-0.010169,9.903893
1755407468526,0.270389,-0.024526,9.899107
1755407468528,0.289532,-0.038883,9.877572
1755407468531,0.289532,-0.007777,9.88475
1755407468534,0.270389,-0.010169,9.882358
1755407468536,0.287139,-0.019741,9.856036
1755407468539,0.301496,-0.014955,9.860822
1755407468541,0.31346,-0.024526,9.858429
1755407468543,0.282353,-0.038883,9.896714
1755407468546,0.272782,-0.036491,9.875179
1755407468548,0.299103,-0.014955,9.887143
1755407468551,0.289532,-0.017348,9.891929
1755407468553,0.270389,-0.010169,9.865608
1755407468555,0.251246,-0.017348,9.903893
1755407468557,0.270389,-0.014955,9.891929
1755407468560,0.267996,-0.034098,9.889536
1755407468562,0.256032,-0.017348,9.887143
1755407468565,0.284746,-0.014955,9.875179
1755407468568,0.311067,-0.012562,9.882358
1755407468570,0.294317,-0.000598,9.887143
1755407468572,0.263211,-0.012562,9.877572
1755407468574,0.282353,-0.017348,9.882358
1755407468577,0.323031,-0.026919,9.899107
1755407468579,0.282353,-0.034098,9.879965
1755407468582,0.284746,-0.034098,9.891929
1755407468585,0.27996,-0.050847,9.870394
1755407468587,0.270389,-0.043669,9.868001
1755407468589,0.270389,-0.026919,9.870394
1755407468591,0.282353,-0.026919,9.906285
1755407468593,0.291924,-0.029312,9.877572
1755407468595,0.294317,-0.024526,9.879965
1755407468598,0.267996,0.008973,9.870394
1755407468600,0.251246,-0.012562,9.9015
1755407468603,0.277567,-0.010169,9.856036
1755407468605,0.251246,-0.002991,9.875179
1755407468608,0.287139,-0.010169,9.877572
1755407468610,0.308674,-0.022134,9.877572
1755407468612,0.27996,-0.010169,9.887143
1755407468615,0.270389,-0.046062,9.865608
1755407468617,0.253639,-0.038883,9.879965
1755407468620,0.253639,-0.017348,9.88475
1755407468622,0.287139,-0.034098,9.868001
1755407468624,0.323031,0.008973,9.889536
1755407468627,0.294317,-0.007777,9.882358
1755407468629,0.27996,-0.036491,9.879965
1755407468632,0.282353,-0.029312,9.899107
1755407468634,0.294317,-0.048455,9.887143
1755407468637,0.323031,-0.024526,9.879965
1755407468639,0.284746,-0.022134,9.896714
1755407468642,0.289532,-0.000598,9.860822
1755407468643,0.284746,-0.007777,9.868001
1755407468646,0.27996,-0.012562,9.872787
1755407468648,0.284746,-0.012562,9.872787
1755407468651,0.299103,-0.031705,9.908679
1755407468653,0.291924,-0.026919,9.879965
1755407468655,0.260818,-0.038883,9.868001
1755407468658,0.267996,0.018544,9.858429
1755407468660,0.282353,-0.010169,9.887143
1755407468664,0.284746,-0.031705,9.870394
1755407468665,0.315853,-0.043669,9.858429
1755407468668,0.306281,0.00658,9.88475
1755407468670,0.29671,-0.007777,9.9015
1755407468672,0.251246,-0.019741,9.899107
1755407468675,0.31346,-0.005384,9.877572
1755407468677,0.315853,-0.007777,9.868001
1755407468680,0.294317,0.001795,9.877572
1755407468682,0.277567,-0.031705,9.882358
1755407468684,0.294317,-0.019741,9.865608
1755407468687,0.318245,-0.019741,9.868001
1755407468689,0.294317,-0.010169,9.858429
1755407468692,0.282353,-0.024526,9.872787
1755407468694,0.291924,-0.026919,9.872787
1755407468696,0.275175,-0.019741,9.889536
1755407468699,0.277567,-0.034098,9.88475
1755407468701,0.303888,-0.046062,9.860822
1755407468704,0.301496,-0.038883,9.872787
1755407468707,0.294317,-0.019741,9.88475
1755407468709,0.291924,-0.019741,9.856036
1755407468711,0.294317,-0.031705,9.877572
1755407468713,0.294317,-0.038883,9.887143
1755407468715,0.263211,-0.026919,9.894321
1755407468718,0.27996,-0.017348,9.872787
1755407468721,0.29671,-0.019741,9.870394
1755407468723,0.267996,-0.029312,9.906285
1755407468725,0.29671,-0.019741,9.868001
1755407468727,0.301496,-0.019741,9.877572
1755407468730,0.294317,-0.026919,9.879965
1755407468733,0.263211,-0.024526,9.894321
1755407468735,0.265603,-0.017348,9.870394
1755407468738,0.277567,-0.024526,9.896714
1755407468741,0.318245,-0.026919,9.875179
1755407468743,0.270389,-0.026919,9.870394
1755407468744,0.246461,-0.024526,9.882358
1755407468747,0.272782,-0.031705,9.887143
1755407468750,0.308674,-0.019741,9.908679
1755407468751,0.27996,-0.019741,9.88475
1755407468756,0.299103,-0.014955,9.882358
1755407468757,0.287139,-0.022134,9.908679
1755407468759,0.263211,-0.029312,9.875179
1755407468761,0.284746,-0.019741,9.875179
1755407468763,0.299103,-0.029312,9.9015
1755407468766,0.29671,-0.038883,9.88475
1755407468768,0.260818,-0.022134,9.891929
1755407468772,0.244068,-0.038883,9.882358
1755407468773,0.258425,-0.019741,9.894321
1755407468775,0.265603,-0.024526,9.896714
1755407468778,0.260818,-0.031705,9.887143
1755407468780,0.265603,-0.026919,9.889536
1755407468783,0.263211,-0.019741,9.882358
1755407468785,0.282353,-0.029312,9.877572
1755407468787,0.272782,-0.026919,9.913465
1755407468791,0.282353,-0.014955,9.875179
1755407468793,0.31346,-0.014955,9.879965
1755407468794,0.287139,-0.038883,9.877572
1755407468797,0.306281,-0.05324,9.882358
1755407468799,0.320638,-0.026919,9.903893
1755407468802,0.272782,-0.038883,9.899107
1755407468804,0.267996,-0.014955,9.889536
1755407468807,0.29671,-0.029312,9.875179
1755407468809,0.289532,-0.007777,9.877572
1755407468812,0.294317,0.008973,9.887143
1755407468814,0.323031,-0.029312,9.88475
1755407468816,0.289532,-0.014955,9.88475
1755407468818,0.272782,0.008973,9.865608
1755407468821,0.275175,-0.029312,9.891929
1755407468824,0.294317,0.001795,9.856036
1755407468826,0.267996,-0.024526,9.903893
1755407468828,0.320638,-0.002991,9.915857
1755407468831,0.303888,-0.012562,9.875179
1755407468833,0.267996,-0.026919,9.882358
1755407468835,0.267996,-0.022134,9.891929
1755407468838,0.282353,-0.019741,9.879965
1755407468841,0.289532,-0.017348,9.863214
1755407468843,0.291924,-0.012562,9.9015
1755407468845,0.299103,0.004187,9.870394
1755407468847,0.308674,-0.014955,9.88475
1755407468850,0.263211,-0.038883,9.872787
1755407468852,0.282353,-0.014955,9.896714
1755407468855,0.265603,-0.005384,9.879965
1755407468857,0.258425,-0.036491,9.875179
1755407468859,0.29671,0.00658,9.879965
1755407468861,0.27996,-0.043669,9.889536
1755407468864,0.287139,-0.024526,9.882358
1755407468867,0.299103,-0.024526,9.877572
1755407468869,0.287139,-0.043669,9.870394
1755407468872,0.311067,-0.031705,9.875179
1755407468874,0.27996,-0.000598,9.88475
1755407468876,0.275175,-0.026919,9.894321
1755407468878,0.29671,-0.026919,9.906285
1755407468881,0.27996,-0.038883,9.894321
1755407468883,0.272782,-0.029312,9.899107
1755407468885,0.325424,-0.038883,9.956834
1755407468888,0.291924,-0.029312,9.820144
1755407468891,0.277567,-0.019741,9.863214
1755407468894,0.294317,-0.014955,9.930214
1755407468895,0.263211,-0.026919,9.870394
1755407468897,0.29671,0.00658,9.872787
1755407468900,0.29671,-0.012562,9.872787
1755407468902,0.275175,-0.019741,9.889536
1755407468905,0.27996,-0.000598,9.863214
1755407468908,0.277567,-0.019741,9.906285
1755407468910,0.282353,-0.029312,9.88475
1755407468913,0.31346,-0.007777,9.877572
1755407468914,0.299103,-0.014955,9.853643
1755407468917,0.284746,-0.019741,9.887143
1755407468919,0.291924,0.008973,9.879965
1755407468922,0.267996,-0.002991,9.882358
1755407468925,0.270389,-0.010169,9.870394
1755407468928,0.258425,0.008973,9.870394
1755407468929,0.282353,0.008973,9.88475
1755407468931,0.27996,-0.05324,9.872787
1755407468934,0.29671,-0.002991,9.858429
1755407468936,0.291924,-0.05324,9.853643
1755407468939,0.272782,-0.029312,9.891929
1755407468942,0.275175,-0.036491,9.88475
1755407468944,0.256032,-0.026919,9.875179
1755407468945,0.263211,-0.012562,9.877572
1755407468948,0.272782,-0.029312,9.882358
1755407468951,0.272782,-0.038883,9.863214
1755407468953,0.289532,-0.034098,9.906285
1755407468955,0.272782,-0.000598,9.858429
1755407468957,0.311067,-0.002991,9.891929
1755407468960,0.27996,0.008973,9.887143
1755407468962,0.248854,-0.014955,9.863214
1755407468965,0.287139,-0.026919,9.870394
1755407468967,0.299103,-0.022134,9.887143
1755407468969,0.282353,0.008973,9.88475
1755407468972,0.289532,-0.024526,9.856036
1755407468974,0.291924,-0.012562,9.894321
1755407468977,0.282353,-0.038883,9.894321
1755407468979,0.272782,-0.031705,9.882358
1755407468981,0.277567,-0.024526,9.875179
1755407468984,0.27996,-0.010169,9.908679
1755407468986,0.308674,-0.017348,9.88475
1755407468989,0.301496,-0.026919,9.860822
1755407468991,0.272782,-0.031705,9.860822
1755407468995,0.277567,-0.026919,9.877572
1755407468996,0.291924,-0.012562,9.877572
1755407468998,0.282353,-0.010169,9.856036
1755407469001,0.277567,-0.029312,9.896714
1755407469003,0.301496,0.008973,9.889536
1755407469006,0.27996,-0.046062,9.88475
1755407469008,0.267996,-0.010169,9.870394
1755407469010,0.284746,-0.005384,9.877572
1755407469013,0.275175,0.011366,9.88475
1755407469015,0.27996,-0.000598,9.887143
1755407469018,0.287139,-0.019741,9.9015
1755407469020,0.27996,-0.002991,9.879965
1755407469022,0.289532,-0.036491,9.891929
1755407469025,0.284746,-0.038883,9.903893
1755407469027,0.318245,-0.043669,9.868001
1755407469031,0.299103,-0.010169,9.88475
1755407469032,0.263211,-0.012562,9.868001
1755407469035,0.29671,-0.010169,9.875179
1755407469036,0.289532,-0.005384,9.870394
1755407469039,0.303888,-0.014955,9.899107
1755407469042,0.29671,-0.041276,9.882358
1755407469045,0.299103,-0.036491,9.856036
1755407469047,0.263211,-0.029312,9.891929
1755407469049,0.267996,-0.031705,9.911072
1755407469051,0.277567,-0.007777,9.865608
1755407469053,0.308674,-0.062812,9.88475
1755407469056,0.289532,0.00658,9.894321
1755407469058,0.27996,-0.024526,9.870394
1755407469061,0.287139,-0.002991,9.882358
1755407469064,0.263211,-0.017348,9.870394
1755407469065,0.256032,0.013759,9.879965
1755407469068,0.287139,0.001795,9.872787
1755407469070,0.289532,-0.012562,9.894321
1755407469072,0.311067,0.00658,9.88475
1755407469075,0.272782,-0.029312,9.872787
1755407469078,0.27996,-0.024526,9.891929
1755407469080,0.287139,-0.024526,9.868001
1755407469082,0.301496,-0.017348,9.887143
1755407469085,0.265603,-0.041276,9.882358
1755407469087,0.272782,-0.019741,9.868001
1755407469090,0.289532,-0.026919,9.870394
1755407469092,0.299103,-0.024526,9.88475
1755407469095,0.267996,0.00658,9.906285
1755407469097,0.277567,-0.026919,9.856036
1755407469099,0.327817,-0.002991,9.906285
1755407469101,0.282353,-0.005384,9.889536
1755407469103,0.294317,0.00658,9.889536
1755407469106,0.301496,-0.024526,9.868001
1755407469108,0.275175,-0.043669,9.896714
1755407469112,0.256032,-0.029312,9.877572
1755407469114,0.311067,-0.007777,9.865608
1755407469116,0.27996,0.004187,9.865608
1755407469118,0.272782,-0.022134,9.894321
1755407469120,0.31346,-0.067597,9.899107
1755407469123,0.270389,-0.017348,9.879965
1755407469125,0.294317,-0.036491,9.891929
1755407469128,0.275175,-0.029312,9.858429
1755407469131,0.308674,0.00658,9.899107
1755407469133,0.270389,-0.022134,9.889536
1755407469135,0.301496,-0.043669,9.860822
1755407469137,0.270389,-0.022134,9.88475
1755407469139,0.282353,-0.022134,9.872787
1755407469142,0.301496,-0.007777,9.906285
1755407469144,0.29671,-0.022134,9.879965
1755407469148,0.267996,-0.022134,9.903893
1755407469149,0.311067,-0.041276,9.88475
1755407469152,0.27996,-0.024526,9.891929
1755407469154,0.287139,-0.050847,9.868001
1755407469157,0.315853,-0.043669,9.877572
1755407469159,0.284746,-0.005384,9.887143
1755407469163,0.282353,-0.007777,9.875179
1755407469165,0.31346,-0.024526,9.865608
1755407469166,0.27996,-0.014955,9.875179
1755407469168,0.299103,-0.031705,9.877572
1755407469171,0.301496,-0.029312,9.887143
1755407469173,0.29671,-0.043669,9.891929
1755407469175,0.315853,-0.007777,9.879965
1755407469178,0.308674,-0.007777,9.872787
1755407469181,0.303888,-0.024526,9.88475
1755407469183,0.29671,-0.000598,9.870394
1755407469185,0.265603,-0.012562,9.88475
1755407469187,0.294317,-0.034098,9.877572
1755407469190,0.299103,-0.041276,9.877572
1755407469192,0.260818,-0.055633,9.887143
1755407469195,0.282353,-0.031705,9.887143
1755407469197,0.287139,-0.036491,9.889536
1755407469199,0.275175,-0.019741,9.899107
1755407469202,0.287139,-0.024526,9.903893
1755407469204,0.275175,-0.019741,9.891929
1755407469207,0.299103,-0.029312,9.870394
1755407469209,0.299103,-0.000598,9.894321
1755407469211,0.289532,-0.026919,9.858429
1755407469214,0.294317,-0.002991,9.899107
1755407469216,0.29671,-0.017348,9.860822
1755407469219,0.303888,-0.014955,9.863214
1755407469221,0.287139,-0.014955,9.879965
1755407469224,0.284746,-0.014955,9.887143
1755407469226,0.27996,-0.038883,9.894321
1755407469228,0.294317,-0.038883,9.853643
1755407469231,0.27996,-0.038883,9.868001
1755407469233,0.291924,-0.031705,9.889536
1755407469236,0.303888,-0.019741,9.882358
1755407469239,0.289532,-0.017348,9.863214
1755407469241,0.289532,-0.010169,9.891929
1755407469243,0.308674,-0.007777,9.872787
1755407469245,0.301496,-0.031705,9.911072
1755407469248,0.299103,-0.058026,9.868001
1755407469252,0.284746,-0.012562,9.879965
1755407469254,0.29671,-0.038883,9.887143
1755407469255,0.289532,-0.036491,9.882358
1755407469257,0.277567,-0.034098,9.860822
1755407469259,0.294317,-0.055633,9.9015
1755407469262,0.301496,-0.034098,9.868001
1755407469265,0.301496,-0.046062,9.894321
1755407469268,0.272782,-0.010169,9.889536
1755407469269,0.29671,-0.022134,9.877572
1755407469271,0.282353,0.00658,9.899107
1755407469274,0.282353,-0.010169,9.903893
1755407469277,0.299103,-0.034098,9.879965
1755407469279,0.29671,-0.017348,9.896714
1755407469282,0.272782,-0.031705,9.863214
1755407469284,0.291924,-0.022134,9.889536
1755407469287,0.291924,0.00658,9.879965
1755407469288,0.29671,0.00658,9.875179
1755407469291,0.27996,-0.05324,9.899107
1755407469293,0.294317,-0.043669,9.860822
1755407469295,0.315853,-0.012562,9.868001
1755407469299,0.287139,-0.014955,9.863214
1755407469300,0.265603,-0.024526,9.891929
1755407469303,0.320638,-0.022134,9.872787
1755407469305,0.277567,-0.005384,9.863214
1755407469307,0.284746,0.001795,9.887143
1755407469310,0.33021,-0.019741,9.851251
1755407469312,0.267996,-0.065204,9.875179
1755407469315,0.275175,-0.036491,9.870394
1755407469317,0.277567,-0.002991,9.882358
1755407469320,0.267996,-0.026919,9.889536
1755407469322,0.323031,-0.024526,9.856036
1755407469324,0.308674,-0.031705,9.88475
1755407469326,0.306281,-0.043669,9.875179
1755407469329,0.272782,-0.031705,9.882358
1755407469331,0.270389,-0.022134,9.88475
1755407469334,0.260818,-0.024526,9.88475
1755407469337,0.301496,-0.043669,9.877572
1755407469338,0.272782,-0.043669,9.88475
1755407469341,0.263211,-0.014955,9.891929
1755407469344,0.291924,-0.014955,9.856036
1755407469345,0.284746,-0.034098,9.882358
1755407469348,0.263211,-0.043669,9.894321
1755407469351,0.267996,-0.005384,9.868001
1755407469353,0.248854,-0.029312,9.879965
1755407469355,0.267996,-0.022134,9.863214
1755407469358,0.289532,-0.034098,9.896714
1755407469360,0.308674,-0.002991,9.882358
1755407469362,0.244068,-0.022134,9.846465
1755407469365,0.275175,-0.036491,9.887143
1755407469367,0.29671,-0.043669,9.882358
1755407469371,0.289532,-0.024526,9.889536
1755407469373,0.306281,-0.026919,9.877572
1755407469374,0.265603,-0.014955,9.865608
1755407469377,0.289532,-0.043669,9.877572
1755407469379,0.291924,-0.022134,9.872787
1755407469381,0.287139,-0.036491,9.872787
1755407469384,0.284746,-0.022134,9.879965
1755407469386,0.299103,0.001795,9.870394
1755407469389,0.289532,-0.034098,9.889536
1755407469391,0.315853,-0.022134,9.877572
1755407469393,0.311067,-0.005384,9.887143
1755407469396,0.301496,0.001795,9.877572
1755407469398,0.29671,-0.029312,9.889536
1755407469402,0.277567,-0.036491,9.870394
1755407469404,0.275175,-0.014955,9.877572
1755407469406,0.27996,0.00658,9.889536
1755407469408,0.311067,-0.002991,9.906285
1755407469410,0.311067,-0.005384,9.882358
1755407469413,0.289532,-0.000598,9.891929
1755407469415,0.258425,-0.017348,9.903893
1755407469418,0.270389,-0.007777,9.865608
1755407469420,0.291924,-0.007777,9.872787
1755407469423,0.265603,-0.022134,9.894321
1755407469425,0.267996,-0.034098,9.875179
1755407469427,0.267996,-0.026919,9.872787
1755407469429,0.263211,-0.010169,9.889536
1755407469432,0.239282,-0.014955,9.88475
1755407469435,0.253639,-0.005384,9.868001
1755407469437,0.301496,-0.000598,9.879965
1755407469439,0.311067,-0.046062,9.879965
1755407469442,0.31346,-0.022134,9.903893
1755407469444,0.267996,0.001795,9.870394
1755407469446,0.277567,-0.019741,9.870394
1755407469449,0.267996,-0.034098,9.889536
1755407469452,0.27996,-0.012562,9.860822
1755407469454,0.301496,-0.019741,9.88475
1755407469456,0.294317,-0.055633,9.875179
1755407469458,0.284746,-0.012562,9.868001
1755407469461,0.277567,-0.022134,9.896714
1755407469463,0.27996,-0.022134,9.879965
1755407469466,0.258425,-0.029312,9.894321
1755407469469,0.265603,-0.029312,9.865608
1755407469472,0.299103,-0.017348,9.88475
1755407469473,0.299103,-0.038883,9.872787
1755407469475,0.315853,-0.038883,9.856036
1755407469478,0.29671,-0.010169,9.863214
1755407469480,0.27996,-0.022134,9.915857
1755407469483,0.282353,-0.031705,9.889536
1755407469486,0.282353,-0.019741,9.889536
1755407469490,0.256032,-0.019741,9.896714
1755407469491,0.256032,-0.012562,9.879965
1755407469493,0.289532,-0.050847,9.877572
1755407469495,0.27996,-0.005384,9.889536
1755407469497,0.289532,-0.002991,9.882358
1755407469499,0.303888,-0.024526,9.899107
1755407469501,0.289532,-0.036491,9.894321
1755407469505,0.308674,-0.043669,9.88475
1755407469506,0.291924,-0.038883,9.868001
1755407469508,0.275175,-0.017348,9.877572
1755407469511,0.282353,-0.000598,9.870394
1755407469513,0.282353,-0.046062,9.908679
1755407469516,0.287139,-0.041276,9.856036
1755407469518,0.29671,-0.031705,9.934999
1755407469521,0.342174,-0.012562,9.710074
1755407469523,0.246461,-0.043669,10.093225
1755407469525,0.358923,0.05683,9.650253
1755407469528,0.212961,-0.036491,10.11476
1755407469530,0.346959,0.016152,9.669396
1755407469533,0.256032,-0.050847,10.109975
1755407469535,0.334995,-0.005384,9.686146
1755407469537,0.224925,-0.022134,10.007083
1755407469540,0.349352,-0.031705,9.784252
1755407469543,0.263211,-0.017348,10.021441
1755407469545,0.339781,-0.022134,9.767502
1755407469547,0.229711,-0.024526,9.997512
1755407469549,0.356531,-0.034098,9.68136
1755407469552,0.16002,-0.046062,10.172188
1755407469555,0.399601,0.035294,9.516255
1755407469557,0.152842,-0.10349,10.313365
1755407469559,0.440279,0.04008,9.485149
1755407469562,0.155234,-0.093918,10.279865
1755407469564,0.409173,0.059222,9.492328
1755407469566,0.19352,-0.060419,10.27508
1755407469568,0.385244,0.061615,9.521041
1755407469571,0.140877,-0.06999,10.205688
1755407469573,0.375673,-0.014955,9.521041
1755407469576,0.183948,-0.065204,10.172188
1755407469578,0.416351,0.016152,9.533006
1755407469581,0.188734,-0.055633,10.167402
1755407469583,0.378066,0.028116,9.576077
1755407469585,0.208176,-0.05324,10.153046
1755407469588,0.397209,0.00658,9.623933
1755407469592,0.212961,-0.058026,10.155438
1755407469593,0.404387,-0.000598,9.65504
1755407469595,0.205783,-0.06999,10.05494
1755407469597,0.392423,-0.007777,9.736395
1755407469600,0.198604,-0.031705,10.040583
1755407469602,0.358923,-0.010169,9.700503
1755407469605,0.208176,-0.048455,9.992726
1755407469607,0.378066,0.004187,9.738789
1755407469610,0.212961,-0.007777,10.002297
1755407469612,0.397209,-0.007777,9.726824
1755407469614,0.171984,-0.058026,10.042975
1755407469616,0.349352,0.008973,9.676575
1755407469619,0.174377,-0.055633,10.086046
1755407469622,0.416351,0.018544,9.609575
1755407469624,0.17677,-0.026919,10.126724
1755407469626,0.413958,-0.026919,9.523434
1755407469629,0.188734,-0.060419,10.215259
1755407469631,0.387637,-0.005384,9.552148
1755407469633,0.167198,-0.050847,10.167402
1755407469635,0.404387,-0.012562,9.662218
1755407469639,0.169591,-0.06999,10.047761
1755407469641,0.368495,0.030508,9.690931
1755407469644,0.205783,-0.074776,10.019048
1755407469646,0.351745,0.052044,9.726824
1755407469647,0.29671,-0.036491,9.990334
1755407469650,0.258425,0.008973,9.920643
1755407469652,0.368495,-0.007777,9.674182
1755407469656,0.20339,-0.024526,10.155438
1755407469659,0.430708,-0.034098,9.647861
1755407469661,0.157627,-0.098704,10.129117
1755407469662,0.430708,0.059222,9.62154
1755407469664,0.186341,-0.10349,10.112368
1755407469667,0.320638,0.064008,9.822537
1755407469669,0.31346,-0.046062,9.757931
1755407469672,0.188734,-0.024526,10.05494
1755407469674,0.397209,0.075972,9.650253
1755407469676,0.200997,-0.115454,10.076475
1755407469679,0.315853,0.025723,9.820144
1755407469681,0.320638,-0.012562,9.702896
1755407469683,0.145663,-0.065204,10.136296
1755407469687,0.39003,0.111864,9.678967
1755407469690,0.191127,-0.125025,9.906285
1755407469691,0.29671,0.011366,10.026226
1755407469693,0.409173,0.073579,9.662218
1755407469696,0.14327,-0.113061,9.966406
1755407469698,0.358923,0.028116,9.930214
1755407469700,0.33021,0.011366,9.734002
1755407469703,0.155234,-0.141775,9.966406
1755407469705,0.428315,0.030508,9.932607
1755407469709,0.244068,0.028116,9.777073
1755407469710,0.22014,-0.148953,9.896714
1755407469713,0.366102,0.011366,9.983155
1755407469715,0.306281,0.075972,9.722038
1755407469717,0.215354,-0.105882,9.894321
1755407469720,0.339781,-0.022134,10.023833
1755407469722,0.282353,0.078365,9.722038
1755407469725,0.200997,-0.065204,9.88475
1755407469727,0.337388,-0.036491,9.956834
1755407469729,0.325424,0.059222,9.851251
1755407469732,0.217747,-0.002991,9.84168
1755407469734,0.306281,-0.113061,9.865608
1755407469736,0.354138,-0.000598,10.007083
1755407469739,0.265603,0.05683,9.702896
1755407469742,0.256032,-0.158524,9.839287
1755407469744,0.366102,-0.012562,10.021441
1755407469746,0.277567,0.064008,9.738789
1755407469748,0.229711,-0.062812,9.875179
1755407469751,0.315853,-0.079561,9.9015
1755407469753,0.294317,0.016152,9.942178
1755407469756,0.246461,0.073579,9.786645
1755407469758,0.253639,-0.122632,9.798609
1755407469761,0.33021,-0.026919,10.105189
1755407469763,0.284746,0.071186,9.784252
1755407469765,0.263211,-0.012562,9.911072
1755407469769,0.291924,-0.096311,9.772287
1755407469770,0.301496,-0.010169,10.021441
1755407469772,0.260818,0.075972,9.743574
1755407469775,0.251246,-0.120239,9.980762
1755407469777,0.346959,-0.034098,9.927821
1755407469779,0.239282,0.025723,9.803394
1755407469782,0.256032,-0.024526,9.961619
1755407469784,0.315853,-0.022134,9.77468
1755407469787,0.291924,-0.036491,9.971191
1755407469789,0.215354,0.035294,9.851251
1755407469793,0.284746,-0.029312,9.863214
1755407469794,0.311067,-0.019741,9.923036
1755407469796,0.241675,-0.000598,9.810573
1755407469799,0.224925,-0.007777,9.887143
1755407469801,0.315853,-0.022134,9.88475
1755407469803,0.284746,-0.019741,9.906285
1755407469806,0.291924,0.00658,9.863214
1755407469810,0.282353,-0.029312,9.860822
1755407469811,0.318245,-0.036491,9.9015
1755407469813,0.282353,0.004187,9.875179
1755407469815,0.294317,0.00658,9.875179
1755407469818,0.282353,-0.029312,9.88475
1755407469820,0.29671,-0.002991,9.908679
1755407469823,0.267996,-0.041276,9.882358
1755407469826,0.311067,-0.007777,9.879965
1755407469828,0.270389,-0.014955,9.889536
1755407469830,0.277567,-0.024526,9.860822
1755407469832,0.323031,0.011366,9.870394
1755407469834,0.275175,-0.019741,9.899107
1755407469837,0.287139,-0.002991,9.865608
1755407469839,0.267996,-0.014955,9.879965
1755407469843,0.256032,-0.050847,9.872787
1755407469845,0.287139,-0.031705,9.9015
1755407469847,0.301496,-0.034098,9.88475
1755407469849,0.299103,0.020937,9.9015
1755407469851,0.318245,-0.024526,9.91825
1755407469854,0.294317,-0.043669,9.863214
1755407469856,0.270389,-0.036491,9.856036
1755407469860,0.311067,-0.014955,9.860822
1755407469861,0.29671,-0.034098,9.872787
1755407469864,0.277567,-0.010169,9.844072
1755407469866,0.291924,-0.062812,9.934999
1755407469868,0.258425,0.020937,9.851251
1755407469870,0.27996,-0.072383,9.889536
1755407469873,0.275175,-0.034098,9.966406
1755407469875,0.354138,0.030508,9.817751
1755407469878,0.232104,-0.079561,10.040583
1755407469881,0.320638,0.042473,9.784252
1755407469883,0.294317,-0.091525,9.71486
1755407469885,0.200997,-0.010169,10.069297
1755407469887,0.387637,0.02333,9.784252
1755407469890,0.174377,-0.113061,10.031012
1755407469892,0.361316,0.030508,9.757931
1755407469895,0.284746,-0.05324,9.877572
1755407469898,0.200997,-0.026919,10.040583
1755407469899,0.370888,-0.007777,9.667004
1755407469901,0.128913,-0.058026,10.14826
1755407469904,0.368495,0.047258,9.712467
1755407469907,0.205783,-0.079561,9.97837
1755407469909,0.29671,0.028116,9.865608
1755407469913,0.358923,-0.019741,9.693324
1755407469914,0.148056,-0.077169,10.153046
1755407469916,0.428315,0.02333,9.607183
1755407469918,0.174377,-0.101097,10.098011
1755407469921,0.342174,0.052044,9.762716
1755407469923,0.275175,-0.062812,9.896714
1755407469925,0.222533,-0.007777,9.961619
1755407469928,0.387637,0.004187,9.650253
1755407469931,0.16002,-0.093918,10.145867
1755407469933,0.375673,0.030508,9.657433
1755407469935,0.191127,-0.081954,10.03819
1755407469938,0.308674,-0.017348,9.801002
1755407469940,0.294317,-0.000598,9.903893
1755407469943,0.270389,-0.024526,9.872787
1755407469945,0.308674,-0.019741,9.879965
1755407469947,0.299103,-0.050847,9.896714
1755407469949,0.217747,-0.017348,9.88475
1755407469952,0.337388,-0.014955,9.815358
1755407469955,0.272782,-0.024526,9.906285
1755407469957,0.272782,-0.029312,9.832108
1755407469959,0.267996,-0.034098,9.899107
1755407469962,0.265603,-0.010169,9.863214
1755407469964,0.27996,-0.007777,9.872787
1755407469967,0.253639,-0.019741,9.911072
1755407469969,0.299103,-0.022134,9.858429
1755407469972,0.248854,-0.038883,9.911072
1755407469974,0.320638,-0.024526,9.836894
1755407469976,0.267996,-0.043669,9.894321
1755407469979,0.291924,-0.010169,9.891929
1755407469981,0.299103,0.004187,9.856036
1755407469983,0.289532,-0.002991,9.908679
1755407469985,0.282353,-0.012562,9.853643
1755407469988,0.275175,-0.007777,9.891929
1755407469991,0.289532,-0.022134,9.870394
1755407469993,0.275175,-0.034098,9.899107
1755407469997,0.287139,-0.043669,9.877572
1755407469998,0.277567,-0.012562,9.860822
1755407470000,0.301496,-0.019741,9.9015
1755407470002,0.306281,-0.005384,9.872787
1755407470005,0.308674,-0.024526,9.903893
1755407470007,0.306281,-0.031705,9.906285
1755407470009,0.299103,-0.031705,9.887143
1755407470014,0.270389,-0.029312,9.88475
1755407470015,0.289532,-0.007777,9.875179
1755407470017,0.284746,-0.024526,9.88475
1755407470019,0.301496,-0.022134,9.879965
1755407470021,0.282353,0.001795,9.894321
1755407470024,0.275175,-0.019741,9.987941
1755407470026,0.272782,-0.019741,9.741181
1755407470031,0.248854,-0.050847,9.961619
1755407470032,0.303888,-0.019741,9.84168
1755407470033,0.244068,0.008973,9.932607
1755407470036,0.301496,-0.024526,9.84168
1755407470039,0.284746,-0.019741,9.934999
1755407470041,0.29671,-0.022134,9.853643
1755407470043,0.277567,-0.031705,9.856036
1755407470045,0.248854,-0.043669,9.911072
1755407470049,0.272782,-0.005384,9.887143
1755407470053,0.287139,-0.019741,9.894321
1755407470054,0.284746,-0.046062,9.858429
1755407470055,0.287139,-0.026919,9.908679
1755407470057,0.282353,0.001795,9.832108
1755407470060,0.277567,-0.022134,9.925428
1755407470064,0.311067,-0.002991,9.872787
1755407470065,0.31346,-0.05324,9.882358
1755407470068,0.270389,0.011366,10.00469
1755407470069,0.33021,-0.024526,9.683753
1755407470072,0.191127,-0.08674,10.133903
1755407470075,0.42353,0.020937,9.643075
1755407470077,0.150449,-0.08674,10.117153
1755407470079,0.375673,0.066401,9.750752
1755407470082,0.282353,-0.091525,9.942178
1755407470084,0.22014,0.00658,9.930214
1755407470086,0.332602,-0.034098,9.698111
1755407470089,0.183948,-0.002991,10.13151
1755407470091,0.440279,0.020937,9.609575
1755407470094,0.128913,-0.072383,10.18176
1755407470096,0.382852,0.078365,9.623933
1755407470099,0.186341,-0.074776,10.100404
1755407470101,0.356531,0.018544,9.750752
1755407470103,0.275175,-0.079561,9.899107
1755407470105,0.258425,-0.019741,9.985548
1755407470108,0.382852,0.016152,9.710074
1755407470110,0.164806,-0.031705,10.145867
1755407470112,0.404387,-0.019741,9.640682
1755407470116,0.179163,-0.046062,10.102797
1755407470117,0.397209,0.047258,9.700503
1755407470120,0.229711,-0.038883,9.964012
1755407470122,0.339781,0.035294,9.815358
1755407470125,0.227318,-0.060419,9.997512
1755407470127,0.33021,0.025723,9.817751
1755407470129,0.299103,-0.050847,10.021441
1755407470133,0.241675,0.02333,9.801002
1755407470135,0.308674,-0.029312,9.97837
1755407470136,0.234497,-0.002991,9.827323
1755407470139,0.325424,-0.048455,9.925428
1755407470142,0.246461,-0.024526,9.865608
1755407470144,0.351745,-0.029312,9.870394
1755407470146,0.215354,-0.022134,9.927821
1755407470150,0.363709,-0.022134,9.829716
1755407470151,0.19352,-0.036491,9.915857
1755407470154,0.366102,-0.029312,9.817751
1755407470156,0.215354,-0.038883,9.939785
1755407470159,0.323031,-0.017348,9.853643
1755407470161,0.227318,-0.029312,9.903893
1755407470163,0.29671,-0.029312,9.851251
1755407470167,0.248854,-0.043669,9.858429
1755407470168,0.346959,-0.022134,9.865608
1755407470171,0.267996,-0.038883,9.868001
1755407470173,0.354138,-0.031705,9.772287
1755407470175,0.246461,-0.029312,9.911072
1755407470177,0.332602,-0.038883,9.860822
1755407470179,0.244068,-0.012562,9.932607
1755407470183,0.323031,-0.034098,9.82493
1755407470185,0.284746,-0.034098,9.927821
1755407470187,0.289532,-0.022134,9.956834
1755407470189,0.289532,-0.007777,9.750752
1755407470192,0.287139,-0.065204,9.920643
1755407470194,0.275175,-0.026919,9.906285
1755407470196,0.29671,-0.002991,9.872787
1755407470201,0.270389,-0.048455,9.868001
1755407470203,0.277567,-0.050847,9.877572
1755407470204,0.270389,-0.022134,9.863214
1755407470206,0.289532,-0.007777,9.865608
1755407470209,0.272782,-0.000598,9.882358
1755407470211,0.289532,0.001795,9.889536
1755407470213,0.299103,-0.038883,9.870394
1755407470217,0.27996,-0.026919,9.915857
1755407470219,0.289532,-0.017348,9.848858
1755407470220,0.239282,-0.002991,9.934999
1755407470223,0.323031,-0.017348,9.865608
1755407470225,0.29671,-0.012562,9.896714
1755407470228,0.275175,-0.026919,9.868001
1755407470230,0.258425,-0.036491,9.877572
1755407470233,0.284746,-0.046062,9.889536
1755407470235,0.320638,-0.029312,9.872787
1755407470237,0.294317,-0.022134,9.899107
1755407470239,0.294317,-0.041276,9.875179
1755407470243,0.294317,-0.026919,9.896714
1755407470244,0.308674,-0.010169,9.865608
1755407470247,0.272782,-0.041276,9.882358
1755407470249,0.291924,-0.017348,9.858429
1755407470252,0.253639,-0.017348,9.891929
1755407470254,0.267996,-0.010169,9.887143
1755407470257,0.267996,0.016152,9.853643
1755407470259,0.275175,-0.019741,9.887143
1755407470261,0.299103,-0.046062,9.88475
1755407470263,0.289532,-0.041276,9.896714
1755407470266,0.299103,-0.022134,9.853643
1755407470270,0.253639,-0.022134,9.903893
1755407470271,0.303888,-0.005384,9.805787
1755407470273,0.29671,-0.024526,9.91825
1755407470275,0.299103,-0.024526,9.872787
1755407470278,0.294317,-0.041276,9.913465
1755407470280,0.301496,-0.002991,9.868001
1755407470283,0.272782,-0.026919,9.906285
1755407470286,0.27996,0.00658,9.877572
1755407470288,0.323031,0.008973,9.868001
1755407470291,0.27996,-0.029312,9.894321
1755407470292,0.263211,-0.002991,9.827323
1755407470295,0.282353,-0.036491,9.877572
1755407470297,0.311067,-0.010169,9.872787
1755407470299,0.284746,-0.012562,9.88475
1755407470303,0.284746,-0.024526,9.887143
1755407470304,0.287139,-0.031705,9.887143
1755407470307,0.277567,-0.024526,9.877572
1755407470309,0.308674,-0.007777,9.889536
1755407470311,0.318245,0.00658,9.887143
1755407470314,0.289532,-0.002991,9.863214
1755407470316,0.272782,-0.024526,9.908679
1755407470320,0.267996,-0.005384,9.882358
1755407470322,0.248854,-0.036491,9.896714
1755407470324,0.270389,-0.017348,9.863214
1755407470326,0.267996,-0.019741,9.896714
1755407470328,0.325424,-0.010169,9.856036
1755407470330,0.291924,-0.060419,9.882358
1755407470333,0.301496,-0.036491,9.846465
1755407470337,0.301496,-0.010169,9.872787
1755407470338,0.301496,0.001795,9.887143
1755407470340,0.282353,-0.046062,9.879965
1755407470343,0.29671,-0.031705,9.851251
1755407470345,0.27996,-0.038883,9.875179
1755407470347,0.253639,-0.046062,9.964012
1755407470350,0.258425,-0.041276,9.769895
1755407470354,0.27996,-0.002991,9.932607
1755407470355,0.282353,-0.017348,9.891929
1755407470357,0.267996,-0.029312,9.832108
1755407470359,0.265603,-0.046062,9.930214
1755407470362,0.33021,-0.014955,9.899107
1755407470364,0.299103,-0.000598,9.908679
1755407470366,0.294317,-0.002991,9.858429
1755407470371,0.29671,-0.058026,9.879965
1755407470372,0.244068,-0.038883,9.949656
1755407470374,0.342174,-0.022134,9.839287
1755407470376,0.260818,-0.007777,9.927821
1755407470379,0.354138,-0.014955,9.781859
1755407470381,0.195912,-0.074776,10.042975
1755407470383,0.358923,0.025723,9.779466
1755407470388,0.208176,-0.074776,9.911072
1755407470389,0.303888,0.04008,9.858429
1755407470391,0.294317,-0.043669,9.944571
1755407470393,0.222533,0.016152,9.860822
1755407470395,0.392423,-0.019741,9.832108
1755407470398,0.198604,-0.036491,10.031012
1755407470400,0.416351,-0.014955,9.626326
1755407470403,0.186341,-0.041276,10.176973
1755407470406,0.385244,0.035294,9.580862
1755407470408,0.181555,-0.036491,10.13151
1755407470410,0.39003,0.020937,9.693324
1755407470412,0.17677,-0.048455,10.083653
1755407470414,0.366102,0.05683,9.753145
1755407470417,0.186341,-0.079561,9.995119
1755407470420,0.29671,0.052044,9.77468
1755407470423,0.287139,-0.060419,9.990334
1755407470425,0.234497,-0.010169,9.9015
1755407470426,0.368495,-0.050847,9.760324
1755407470429,0.229711,-0.038883,10.088439
1755407470431,0.404387,0.011366,9.611969
1755407470433,0.157627,-0.081954,10.184153
1755407470436,0.39003,-0.005384,9.638289
1755407470438,0.138485,-0.046062,10.088439
1755407470441,0.380459,0.059222,9.710074
1755407470443,0.188734,-0.093918,10.066904
1755407470445,0.337388,-0.007777,9.722038
1755407470448,0.267996,-0.10349,10.016655
1755407470450,0.294317,0.013759,9.822537
1755407470452,0.291924,-0.067597,9.836894
1755407470455,0.227318,-0.022134,10.033404
1755407470457,0.387637,-0.019741,9.65504
1755407470460,0.179163,-0.000598,10.126724
1755407470462,0.40678,-0.000598,9.595219
1755407470465,0.174377,-0.048455,10.138689
1755407470467,0.39003,0.018544,9.650253
1755407470469,0.188734,-0.067597,10.086046
1755407470472,0.401994,0.042473,9.702896
1755407470474,0.212961,-0.065204,10.059726
1755407470477,0.356531,0.025723,9.734002
1755407470479,0.241675,-0.06999,9.980762
1755407470481,0.303888,0.037687,9.801002
1755407470484,0.277567,-0.06999,9.932607
1755407470486,0.251246,0.011366,9.851251
1755407470489,0.323031,-0.081954,9.877572
1755407470492,0.27996,-0.010169,9.88475
1755407470494,0.354138,-0.014955,9.853643
1755407470496,0.22014,-0.000598,9.937392
1755407470498,0.323031,-0.034098,9.79143
1755407470501,0.229711,-0.010169,9.964012
1755407470503,0.332602,-0.048455,9.769895
1755407470506,0.232104,-0.036491,9.990334
1755407470508,0.320638,-0.026919,9.829716
1755407470510,0.248854,-0.019741,9.896714
1755407470512,0.299103,-0.050847,9.868001
1755407470515,0.294317,-0.036491,9.844072
1755407470517,0.256032,-0.014955,10.007083
1755407470520,0.301496,-0.007777,9.710074
1755407470523,0.272782,-0.024526,10.086046
1755407470525,0.282353,-0.014955,9.796216
1755407470527,0.212961,-0.029312,9.927821
1755407470529,0.308674,-0.050847,9.815358
1755407470532,0.31346,-0.031705,9.889536
1755407470534,0.308674,-0.034098,9.937392
1755407470536,0.303888,0.008973,9.777073
1755407470540,0.267996,-0.017348,10.045368
1755407470544,0.303888,0.004187,9.712467
1755407470545,0.287139,-0.06999,9.964012
1755407470546,0.287139,-0.101097,9.798609
1755407470549,0.282353,-0.024526,9.832108
1755407470551,0.282353,0.037687,10.081261
1755407470553,0.31346,0.059222,9.781859
1755407470557,0.248854,-0.055633,9.877572
1755407470559,0.33021,-0.091525,9.741181
1755407470562,0.270389,-0.055633,9.894321
1755407470564,0.256032,0.016152,10.00469
1755407470565,0.27996,0.092722,9.923036
1755407470568,0.248854,0.013759,9.911072
1755407470570,0.323031,-0.096311,9.712467
1755407470572,0.258425,-0.108275,9.851251
1755407470575,0.267996,0.028116,9.997512
1755407470578,0.265603,0.097508,9.937392
1755407470580,0.275175,0.018544,9.860822
1755407470582,0.277567,-0.098704,9.707682
1755407470584,0.239282,-0.10349,9.891929
1755407470587,0.284746,0.025723,9.999905
1755407470589,0.272782,0.078365,9.851251
1755407470592,0.229711,-0.029312,9.913465
1755407470595,0.275175,-0.14656,9.712467
1755407470597,0.282353,-0.050847,10.016655
1755407470599,0.289532,0.068794,9.906285
1755407470601,0.253639,-0.012562,9.796216
1755407470603,0.239282,-0.132203,9.903893
1755407470606,0.303888,-0.029312,9.911072
1755407470608,0.253639,0.054437,9.906285
1755407470611,0.27996,0.032901,9.939785
1755407470613,0.311067,-0.050847,9.760324
1755407470615,0.289532,-0.136989,9.925428
1755407470618,0.320638,-0.005384,9.920643
1755407470620,0.275175,0.061615,9.875179
1755407470623,0.267996,-0.019741,9.915857
1755407470626,0.299103,-0.08674,9.724431
1755407470628,0.299103,-0.079561,9.97837
1755407470630,0.318245,0.064008,9.925428
1755407470633,0.287139,0.037687,9.836894
1755407470635,0.267996,-0.060419,9.875179
1755407470637,0.327817,-0.096311,9.822537
1755407470640,0.303888,0.030508,9.968799
1755407470643,0.294317,0.083151,9.891929
1755407470645,0.260818,-0.026919,9.812965
1755407470647,0.337388,-0.081954,9.846465
1755407470649,0.277567,-0.034098,9.980762
1755407470651,0.289532,0.078365,9.829716
1755407470654,0.229711,0.02333,9.889536
1755407470656,0.306281,-0.117847,9.856036
1755407470659,0.308674,-0.019741,9.872787
1755407470661,0.234497,0.075972,9.992726
1755407470664,0.323031,0.016152,9.731609
1755407470666,0.272782,-0.136989,9.9015
1755407470669,0.294317,-0.046062,9.875179
1755407470671,0.303888,0.071186,9.934999
1755407470673,0.308674,0.049651,9.91825
1755407470676,0.315853,-0.062812,9.757931
1755407470678,0.337388,-0.084347,9.903893
1755407470681,0.289532,0.025723,9.964012
1755407470683,0.289532,0.085543,9.817751
1755407470685,0.234497,-0.036491,9.853643
1755407470688,0.284746,-0.105882,9.834501
1755407470690,0.270389,-0.007777,9.947263
1755407470693,0.282353,0.059222,9.999905
1755407470696,0.315853,0.025723,9.767502
1755407470697,0.263211,-0.120239,9.91825
1755407470699,0.303888,-0.041276,9.889536
1755407470702,0.260818,0.059222,9.882358
1755407470705,0.31346,0.030508,9.920643
1755407470707,0.311067,-0.058026,9.870394
1755407470710,0.287139,-0.046062,9.870394
1755407470714,0.256032,0.011366,9.908679
1755407470715,0.258425,0.004187,9.84168
1755407470716,0.27996,-0.038883,9.952048
1755407470719,0.253639,-0.050847,9.860822
1755407470721,0.282353,-0.05324,9.872787
1755407470724,0.277567,-0.026919,9.903893
1755407470727,0.323031,-0.000598,9.803394
1755407470729,0.294317,-0.017348,9.968799
1755407470731,0.299103,-0.005384,9.803394
1755407470733,0.270389,-0.019741,9.927821
1755407470735,0.315853,-0.012562,9.846465
1755407470738,0.272782,-0.034098,9.915857
1755407470740,0.263211,-0.031705,9.853643
1755407470744,0.263211,-0.022134,9.865608
1755407470746,0.284746,-0.024526,9.908679
1755407470747,0.287139,-0.031705,9.887143
1755407470750,0.248854,-0.022134,9.882358
1755407470752,0.258425,-0.038883,9.875179
1755407470754,0.291924,-0.024526,9.894321
1755407470757,0.301496,-0.005384,9.925428
1755407470761,0.308674,-0.019741,9.74836
1755407470763,0.236889,-0.06999,9.925428
1755407470764,0.337388,0.004187,9.983155
1755407470767,0.256032,0.080758,9.947263
1755407470769,0.267996,0.02333,9.84168
1755407470771,0.267996,-0.160917,9.698111
1755407470774,0.301496,-0.14656,9.889536
1755407470777,0.291924,0.04008,10.016655
1755407470779,0.301496,0.114257,9.872787
1755407470781,0.229711,-0.034098,9.9015
1755407470784,0.289532,-0.184846,9.62154
1755407470787,0.272782,-0.079561,9.913465
1755407470788,0.272782,0.083151,10.107582
1755407470790,0.315853,0.135793,9.879965
1755407470793,0.227318,-0.08674,9.887143
1755407470796,0.27996,-0.18006,9.62154
1755407470798,0.275175,-0.101097,9.968799
1755407470800,0.287139,0.123829,10.031012
1755407470803,0.277567,0.135793,9.839287
1755407470805,0.244068,-0.10349,9.810573
1755407470807,0.303888,-0.194417,9.731609
1755407470810,0.320638,-0.029312,9.971191
1755407470812,0.267996,0.123829,10.019048
1755407470816,0.258425,0.054437,9.84168
1755407470817,0.320638,-0.127418,9.803394
1755407470819,0.301496,-0.141775,9.820144
1755407470822,0.354138,0.035294,9.894321
1755407470824,0.29671,0.078365,10.052547
1755407470827,0.289532,0.018544,9.801002
1755407470829,0.275175,-0.129811,9.79143
1755407470831,0.306281,-0.165703,9.786645
1755407470834,0.291924,0.02333,9.954441
1755407470836,0.303888,0.126221,10.014262
1755407470839,0.287139,0.037687,9.772287
1755407470841,0.282353,-0.134596,9.817751
1755407470843,0.303888,-0.132203,9.836894
1755407470846,0.294317,0.05683,10.011869
1755407470848,0.227318,0.097508,10.026226
1755407470850,0.31346,-0.014955,9.724431
1755407470853,0.260818,-0.165703,9.829716
1755407470855,0.31346,-0.101097,9.9015
1755407470857,0.291924,0.064008,9.995119
1755407470860,0.270389,0.075972,9.990334
1755407470863,0.318245,-0.046062,9.717253
1755407470865,0.275175,-0.14656,9.848858
1755407470868,0.291924,-0.043669,9.939785
1755407470870,0.306281,0.068794,9.927821
1755407470872,0.258425,0.047258,9.952048
1755407470874,0.27996,-0.091525,9.731609
1755407470877,0.275175,-0.14656,9.851251
1755407470880,0.284746,0.004187,10.002297
1755407470883,0.308674,0.075972,9.865608
1755407470885,0.241675,-0.017348,9.899107
1755407470887,0.277567,-0.105882,9.74836
1755407470889,0.27996,-0.079561,9.91825
1755407470891,0.306281,0.035294,10.014262
1755407470894,0.323031,0.090329,9.810573
1755407470897,0.306281,-0.060419,9.846465
1755407470899,0.275175,-0.08674,9.820144
1755407470901,0.308674,0.004187,9.911072
1755407470903,0.291924,0.090329,10.002297
1755407470906,0.299103,0.02333,9.786645
1755407470908,0.272782,-0.113061,9.832108
1755407470910,0.258425,-0.105882,9.844072
1755407470914,0.29671,0.020937,9.9015
1755407470916,0.277567,0.054437,9.987941
1755407470917,0.311067,-0.012562,9.741181
1755407470920,0.284746,-0.101097,9.84168
1755407470922,0.289532,-0.110668,9.872787
1755407470925,0.294317,0.030508,9.934999
1755407470927,0.270389,0.054437,9.985548
1755407470931,0.282353,-0.060419,9.745967
1755407470934,0.263211,-0.136989,9.832108
1755407470935,0.33021,-0.072383,9.915857
1755407470937,0.325424,0.044865,9.949656
1755407470939,0.253639,0.059222,9.944571
1755407470942,0.265603,-0.074776,9.719646
1755407470944,0.272782,-0.129811,9.836894
1755407470946,0.318245,-0.038883,9.947263
1755407470949,0.277567,0.097508,9.966406
1755407470951,0.272782,0.044865,9.923036
1755407470953,0.265603,-0.08674,9.71486
1755407470956,0.277567,-0.139382,9.820144
1755407470958,0.31346,-0.034098,9.990334
1755407470961,0.327817,0.102293,9.961619
1755407470963,0.246461,0.054437,9.942178
1755407470966,0.306281,-0.079561,9.705289
1755407470968,0.260818,-0.132203,9.836894
1755407470970,0.308674,-0.000598,9.973584
1755407470972,0.301496,0.095115,9.896714
1755407470975,0.275175,0.018544,9.944571
1755407470977,0.29671,-0.08674,9.765109
1755407470980,0.282353,-0.10349,9.889536
1755407470982,0.258425,0.00658,9.934999
1755407470985,0.29671,0.064008,9.877572
1755407470988,0.241675,-0.048455,9.925428
1755407470990,0.289532,-0.041276,9.829716
1755407470992,0.318245,-0.046062,9.860822
1755407470994,0.27996,-0.038883,9.932607
1755407470997,0.308674,-0.014955,9.836894
1755407471000,0.291924,-0.019741,9.952048
1755407471002,0.306281,-0.017348,9.829716
1755407471004,0.258425,0.001795,9.925428
1755407471006,0.282353,-0.007777,9.829716
1755407471009,0.289532,-0.038883,9.925428
1755407471011,0.301496,-0.034098,9.853643
1755407471013,0.287139,-0.024526,9.88475
1755407471016,0.27996,-0.029312,9.858429
1755407471018,0.267996,-0.038883,9.848858
1755407471021,0.253639,-0.019741,9.9015
1755407471023,0.258425,-0.017348,9.9015
1755407471025,0.287139,0.008973,9.865608
1755407471028,0.29671,-0.046062,9.836894
1755407471031,0.287139,-0.002991,9.961619
1755407471034,0.31346,-0.043669,9.74836
1755407471037,0.256032,-0.067597,9.887143
1755407471039,0.301496,-0.026919,9.956834
1755407471040,0.284746,0.052044,9.810573
1755407471042,0.263211,0.004187,10.009477
1755407471045,0.303888,0.00658,9.789038
1755407471047,0.241675,-0.043669,9.947263
1755407471050,0.301496,-0.067597,9.765109
1755407471052,0.270389,-0.031705,9.91825
1755407471054,0.248854,-0.014955,9.891929
1755407471056,0.284746,0.030508,9.705289
1755407471059,0.248854,0.00658,10.086046
1755407471061,0.311067,0.011366,9.777073
1755407471064,0.248854,-0.05324,9.954441
1755407471067,0.318245,-0.014955,9.789038
1755407471068,0.29671,-0.017348,9.966406
1755407471071,0.308674,-0.048455,9.779466
1755407471073,0.29671,-0.007777,9.79143
1755407471075,0.299103,0.011366,10.074082
1755407471078,0.351745,0.028116,9.812965
1755407471081,0.244068,-0.017348,9.966406
1755407471084,0.320638,-0.017348,9.688539
1755407471087,0.294317,-0.036491,9.987941
1755407471088,0.306281,-0.074776,9.731609
1755407471090,0.27996,0.011366,9.877572
1755407471092,0.258425,0.052044,10.028619
1755407471095,0.315853,0.066401,9.860822
1755407471097,0.246461,-0.007777,10.031012
1755407471100,0.294317,-0.034098,9.667004
1755407471103,0.263211,-0.060419,9.899107
1755407471104,0.289532,-0.074776,9.777073
1755407471107,0.263211,-0.022134,9.889536
1755407471109,0.267996,0.018544,10.057333
1755407471112,0.284746,0.044865,9.894321
1755407471114,0.241675,-0.026919,9.939785
1755407471116,0.272782,-0.029312,9.669396
1755407471119,0.251246,-0.081954,9.9015
1755407471123,0.294317,-0.043669,9.820144
1755407471124,0.299103,0.013759,9.765109
1755407471126,0.289532,-0.000598,10.14826
1755407471128,0.284746,0.02333,9.779466
1755407471131,0.234497,-0.067597,9.992726
1755407471133,0.287139,-0.079561,9.717253
1755407471136,0.284746,-0.058026,9.944571
1755407471140,0.289532,0.011366,9.97837
1755407471141,0.311067,0.047258,9.882358
1755407471143,0.258425,0.030508,10.007083
1755407471145,0.306281,-0.012562,9.736395
1755407471148,0.251246,-0.060419,9.937392
1755407471150,0.248854,-0.048455,9.738789
1755407471153,0.282353,0.018544,9.848858
1755407471155,0.289532,0.037687,10.05494
1755407471157,0.301496,0.018544,9.911072
1755407471159,0.263211,-0.062812,9.887143
1755407471162,0.294317,-0.067597,9.731609
1755407471165,0.263211,-0.091525,9.882358
1755407471167,0.291924,-0.019741,9.923036
1755407471169,0.284746,0.05683,9.899107
1755407471172,0.270389,0.028116,9.985548
1755407471174,0.303888,0.00658,9.712467
1755407471176,0.282353,-0.108275,9.836894
1755407471179,0.311067,-0.079561,9.868001
1755407471181,0.270389,0.030508,9.820144
1755407471183,0.253639,0.054437,10.090832
1755407471186,0.294317,0.032901,9.781859
1755407471188,0.256032,-0.110668,9.79143
1755407471191,0.291924,-0.058026,9.920643
1755407471194,0.294317,0.020937,9.856036
1755407471195,0.224925,0.032901,10.086046
1755407471198,0.320638,0.028116,9.74836
1755407471200,0.272782,-0.05324,9.983155
1755407471203,0.294317,-0.034098,9.822537
1755407471205,0.311067,-0.034098,9.930214
1755407471207,0.260818,-0.012562,9.846465
1755407471210,0.303888,-0.012562,9.834501
1755407471212,0.265603,-0.038883,9.959227
1755407471215,0.306281,-0.026919,9.767502
1755407471217,0.270389,-0.050847,9.983155
1755407471220,0.337388,-0.000598,9.77468
1755407471222,0.265603,-0.06999,9.930214
1755407471224,0.303888,0.004187,9.798609
1755407471226,0.272782,-0.031705,9.964012
1755407471229,0.287139,-0.005384,9.88475
1755407471232,0.301496,-0.091525,9.908679
1755407471234,0.239282,-0.05324,9.853643
1755407471237,0.308674,-0.038883,9.832108
1755407471240,0.27996,-0.031705,9.973584
1755407471241,0.33021,-0.017348,9.810573
1755407471244,0.244068,-0.022134,10.011869
1755407471246,0.311067,0.018544,9.815358
1755407471248,0.275175,-0.058026,9.846465
1755407471251,0.253639,-0.036491,9.889536
1755407471254,0.306281,-0.002991,9.899107
1755407471257,0.260818,0.011366,9.84168
1755407471258,0.287139,-0.026919,9.920643
1755407471261,0.260818,0.011366,9.868001
1755407471263,0.265603,-0.000598,9.812965
1755407471265,0.248854,-0.062812,9.906285
1755407471267,0.375673,-0.022134,9.827323
1755407471271,0.256032,-0.007777,10.105189
1755407471274,0.301496,0.054437,9.750752
1755407471276,0.246461,-0.067597,9.872787
1755407471277,0.306281,-0.098704,9.812965
1755407471280,0.311067,-0.041276,9.836894
1755407471282,0.256032,0.011366,10.078868
1755407471284,0.325424,0.061615,9.846465
1755407471287,0.282353,-0.055633,9.925428
1755407471289,0.282353,-0.043669,9.786645
1755407471291,0.306281,-0.05324,9.801002
1755407471294,0.282353,-0.022134,9.983155
1755407471296,0.33021,0.066401,9.820144
1755407471299,0.270389,-0.058026,9.949656
1755407471301,0.301496,-0.014955,9.868001
1755407471303,0.29671,-0.062812,9.738789
1755407471306,0.234497,-0.043669,9.995119
1755407471308,0.311067,0.030508,9.79143
1755407471310,0.236889,-0.024526,9.956834
1755407471313,0.289532,-0.024526,9.760324
1755407471316,0.29671,-0.050847,9.925428
1755407471317,0.277567,-0.002991,9.817751
1755407471320,0.27996,0.020937,9.944571
1755407471323,0.31346,0.001795,9.762716
1755407471325,0.246461,-0.036491,10.062119
1755407471327,0.342174,0.018544,9.750752
1755407471329,0.256032,-0.026919,9.980762
1755407471332,0.306281,-0.007777,9.834501
1755407471334,0.301496,-0.046062,9.879965
1755407471337,0.284746,-0.019741,9.908679
1755407471340,0.299103,-0.024526,9.834501
1755407471342,0.263211,0.008973,9.944571
1755407471344,0.339781,-0.034098,9.856036
1755407471347,0.241675,-0.010169,9.911072
1755407471349,0.327817,-0.041276,9.887143
1755407471351,0.239282,-0.019741,9.815358
1755407471353,0.277567,-0.048455,9.927821
1755407471356,0.258425,-0.031705,9.827323
1755407471360,0.263211,-0.014955,9.956834
1755407471361,0.265603,-0.000598,9.786645
1755407471363,0.272782,-0.012562,9.992726
1755407471366,0.291924,-0.038883,9.803394
1755407471368,0.272782,-0.007777,9.932607
1755407471370,0.284746,-0.017348,9.870394
1755407471373,0.248854,-0.012562,9.877572
1755407471375,0.267996,-0.038883,9.911072
1755407471377,0.277567,-0.002991,9.846465
1755407471380,0.263211,-0.050847,9.939785
1755407471383,0.263211,-0.029312,9.82493
1755407471385,0.291924,-0.022134,9.91825
1755407471387,0.299103,-0.002991,9.815358
1755407471390,0.270389,-0.060419,9.952048
1755407471392,0.27996,-0.038883,9.84168
1755407471394,0.287139,-0.017348,9.930214
1755407471399,0.263211,-0.002991,9.858429
1755407471400,0.287139,-0.017348,9.875179
1755407471402,0.27996,-0.010169,9.858429
1755407471404,0.272782,-0.017348,9.9015
1755407471407,0.29671,-0.026919,9.851251
1755407471409,0.29671,0.001795,9.903893
1755407471411,0.291924,-0.022134,9.899107
1755407471413,0.263211,0.001795,9.865608
1755407471416,0.272782,-0.034098,9.877572
1755407471419,0.258425,-0.024526,9.896714
1755407471420,0.267996,-0.036491,9.879965
1755407471424,0.320638,-0.022134,9.891929
1755407471425,0.284746,-0.029312,9.879965
1755407471428,0.299103,0.008973,9.899107
1755407471430,0.282353,-0.019741,9.903893
1755407471433,0.272782,-0.029312,9.865608
1755407471435,0.29671,-0.029312,9.894321
1755407471438,0.306281,-0.002991,9.863214
1755407471441,0.301496,-0.034098,9.896714
1755407471442,0.299103,-0.024526,9.88475
1755407471445,0.275175,-0.029312,9.906285
1755407471447,0.284746,-0.019741,9.877572
1755407471450,0.272782,-0.029312,9.879965
1755407471452,0.256032,-0.031705,9.863214
1755407471454,0.284746,0.008973,9.879965
1755407471458,0.251246,-0.010169,9.882358
1755407471459,0.294317,-0.014955,9.879965
1755407471461,0.311067,-0.017348,9.877572
1755407471464,0.294317,-0.019741,9.887143
1755407471466,0.27996,-0.007777,9.877572
1755407471468,0.284746,0.001795,9.903893
1755407471471,0.272782,-0.034098,9.88475
1755407471473,0.260818,-0.010169,9.896714
1755407471476,0.294317,-0.019741,9.891929
1755407471479,0.251246,-0.041276,9.875179
1755407471481,0.291924,-0.041276,9.868001
1755407471483,0.256032,-0.024526,9.870394
1755407471485,0.282353,-0.007777,9.879965
1755407471488,0.287139,-0.024526,9.887143
1755407471490,0.284746,-0.010169,9.903893
1755407471493,0.284746,-0.024526,9.88475
1755407471495,0.308674,-0.014955,9.877572
1755407471497,0.275175,-0.022134,9.915857
1755407471501,0.294317,-0.002991,9.896714
1755407471502,0.284746,-0.014955,9.891929
1755407471504,0.284746,-0.024526,9.896714
1755407471507,0.311067,-0.038883,9.891929
1755407471510,0.256032,-0.029312,9.887143
1755407471512,0.284746,-0.019741,9.872787
1755407471514,0.265603,-0.022134,9.870394
1755407471517,0.301496,0.013759,9.894321
1755407471519,0.277567,-0.026919,9.879965
1755407471521,0.27996,-0.036491,9.848858
1755407471524,0.272782,-0.022134,9.879965
1755407471526,0.275175,-0.041276,9.88475
1755407471529,0.294317,-0.034098,9.860822
1755407471531,0.315853,-0.019741,9.879965
1755407471534,0.289532,-0.017348,9.887143
1755407471536,0.311067,0.008973,9.903893
1755407471538,0.265603,-0.019741,9.877572
1755407471540,0.306281,-0.050847,9.894321
1755407471543,0.284746,-0.046062,9.870394
1755407471545,0.303888,-0.022134,9.887143
1755407471548,0.267996,-0.002991,9.894321
1755407471551,0.275175,-0.010169,9.911072
1755407471553,0.284746,-0.029312,9.882358
1755407471555,0.27996,-0.038883,9.889536
1755407471557,0.272782,-0.038883,9.889536
1755407471560,0.272782,-0.050847,9.894321
1755407471562,0.301496,-0.026919,9.865608
1755407471565,0.301496,-0.012562,9.88475
1755407471567,0.27996,-0.019741,9.879965
1755407471569,0.284746,-0.019741,9.889536
1755407471571,0.289532,-0.024526,9.896714
1755407471574,0.301496,-0.012562,9.906285
1755407471577,0.323031,0.018544,9.868001
1755407471579,0.289532,-0.014955,9.856036
1755407471581,0.301496,-0.036491,9.877572
1755407471584,0.27996,-0.046062,9.870394
1755407471586,0.306281,-0.022134,9.851251
1755407471588,0.289532,-0.012562,9.868001
1755407471591,0.299103,-0.002991,9.877572
1755407471594,0.272782,-0.010169,9.896714
1755407471597,0.294317,-0.010169,9.868001
1755407471598,0.31346,0.00658,9.879965
1755407471603,0.294317,-0.005384,9.879965
1755407471604,0.31346,-0.014955,9.856036
1755407471605,0.299103,-0.019741,9.851251
1755407471608,0.253639,-0.024526,9.903893
1755407471612,0.282353,-0.050847,9.872787
1755407471615,0.282353,-0.024526,9.894321
1755407471616,0.263211,-0.005384,9.875179
1755407471617,0.277567,-0.017348,9.896714
1755407471620,0.29671,-0.046062,9.891929
1755407471622,0.267996,-0.002991,9.875179
1755407471624,0.27996,-0.031705,9.872787
1755407471628,0.277567,-0.017348,9.88475
1755407471629,0.306281,-0.050847,9.851251
1755407471631,0.284746,-0.012562,9.9015
1755407471634,0.277567,-0.022134,9.930214
1755407471636,0.284746,-0.017348,9.865608
1755407471639,0.232104,-0.029312,9.894321
1755407471642,0.287139,-0.017348,9.844072
1755407471643,0.29671,-0.017348,9.920643
1755407471646,0.277567,-0.022134,9.853643
1755407471648,0.270389,-0.036491,9.899107
1755407471651,0.315853,-0.029312,9.84168
1755407471653,0.236889,-0.034098,9.923036
1755407471655,0.325424,-0.010169,9.717253
1755407471658,0.248854,-0.060419,9.999905
1755407471660,0.327817,-0.017348,9.726824
1755407471663,0.289532,-0.014955,10.119546
1755407471665,0.315853,0.018544,9.68136
1755407471668,0.239282,-0.079561,10.107582
1755407471670,0.356531,0.016152,9.767502
1755407471672,0.212961,-0.05324,9.9015
1755407471675,0.334995,-0.014955,9.934999
1755407471677,0.277567,0.00658,9.82493
1755407471680,0.260818,-0.091525,9.879965
1755407471682,0.299103,-0.043669,9.836894
1755407471684,0.265603,0.001795,9.956834
1755407471687,0.349352,-0.002991,9.786645
1755407471689,0.232104,-0.05324,10.105189
1755407471691,0.303888,-0.031705,9.693324
1755407471694,0.265603,-0.048455,9.903893
1755407471697,0.318245,-0.034098,9.906285
1755407471701,0.260818,-0.036491,9.903893
1755407471702,0.29671,-0.036491,9.812965
1755407471704,0.323031,0.013759,9.784252
1755407471706,0.301496,0.020937,10.14826
1755407471708,0.320638,0.00658,9.844072
1755407471711,0.236889,-0.050847,9.887143
1755407471714,0.301496,-0.010169,9.755538
1755407471716,0.258425,0.001795,10.023833
1755407471718,0.294317,-0.048455,9.810573
1755407471720,0.303888,-0.012562,9.817751
1755407471723,0.272782,0.016152,9.980762
1755407471725,0.29671,0.049651,9.896714
1755407471727,0.241675,-0.007777,10.021441
1755407471730,0.29671,-0.022134,9.60479
1755407471732,0.289532,-0.022134,9.956834
1755407471735,0.294317,-0.041276,9.822537
1755407471737,0.289532,-0.014955,9.9015
1755407471739,0.260818,-0.024526,9.906285
1755407471743,0.31346,0.028116,9.750752
1755407471744,0.260818,0.008973,10.169795
1755407471747,0.323031,0.011366,9.772287
1755407471749,0.251246,-0.046062,9.822537
1755407471751,0.366102,-0.058026,9.853643
1755407471754,0.287139,-0.036491,9.973584
1755407471756,0.277567,-0.062812,9.805787
1755407471758,0.306281,-0.019741,9.789038
1755407471761,0.256032,0.00658,10.040583
1755407471765,0.315853,0.013759,9.844072
1755407471767,0.239282,-0.036491,10.031012
1755407471769,0.320638,-0.036491,9.643075
1755407471770,0.272782,-0.036491,9.856036
1755407471773,0.301496,-0.043669,9.891929
1755407471775,0.265603,0.008973,9.97837
1755407471778,0.301496,-0.036491,9.80818
1755407471781,0.301496,-0.007777,9.796216
1755407471783,0.315853,0.016152,10.011869
1755407471785,0.327817,-0.010169,9.767502
1755407471787,0.272782,-0.046062,10.119546
1755407471790,0.318245,0.001795,9.79143
1755407471792,0.256032,-0.050847,9.997512
1755407471795,0.289532,-0.005384,9.724431
1755407471798,0.224925,-0.046062,9.868001
1755407471799,0.334995,-0.043669,9.889536
1755407471802,0.270389,-0.002991,9.894321
1755407471805,0.315853,-0.055633,9.903893
1755407471807,0.303888,0.004187,9.834501
1755407471809,0.277567,-0.067597,9.836894
1755407471811,0.287139,-0.024526,9.868001
1755407471815,0.270389,-0.022134,9.920643
1755407471817,0.327817,-0.017348,9.84168
1755407471820,0.20339,-0.024526,9.983155
1755407471821,0.33021,-0.012562,9.762716
1755407471823,0.251246,-0.012562,10.028619
1755407471825,0.325424,0.00658,9.671789
1755407471828,0.239282,-0.024526,10.047761
1755407471832,0.325424,-0.036491,9.678967
1755407471834,0.229711,-0.026919,10.102797
1755407471835,0.339781,-0.010169,9.626326
1755407471838,0.208176,-0.041276,10.109975
1755407471840,0.346959,-0.012562,9.631111
1755407471842,0.232104,-0.046062,10.133903
1755407471845,0.339781,-0.024526,9.643075
1755407471847,0.20339,-0.043669,10.126724
1755407471850,0.332602,-0.017348,9.650253
1755407471852,0.229711,-0.012562,10.11476
1755407471854,0.368495,-0.014955,9.671789
1755407471857,0.20339,-0.007777,10.076475
1755407471859,0.363709,-0.019741,9.745967
1755407471861,0.222533,-0.019741,10.002297
1755407471864,0.378066,-0.012562,9.77468
1755407471867,0.217747,-0.072383,9.999905
1755407471869,0.33021,0.030508,9.801002
1755407471872,0.236889,-0.081954,9.947263
1755407471873,0.342174,0.052044,9.79143
1755407471877,0.306281,-0.050847,9.973584
1755407471879,0.284746,0.042473,9.834501
1755407471881,0.325424,-0.029312,9.944571
1755407471883,0.215354,-0.014955,9.899107
1755407471886,0.334995,0.013759,9.762716
1755407471888,0.191127,-0.046062,10.102797
1755407471890,0.399601,-0.002991,9.576077
1755407471893,0.191127,-0.067597,10.229616
1755407471895,0.40678,-0.007777,9.499506
1755407471897,0.155234,-0.067597,10.205688
1755407471900,0.416351,-0.000598,9.602397
1755407471903,0.16002,-0.041276,10.124331
1755407471905,0.375673,0.00658,9.683753
1755407471908,0.171984,-0.000598,10.014262
1755407471910,0.368495,-0.005384,9.779466
1755407471912,0.195912,-0.007777,9.985548
1755407471914,0.327817,0.013759,9.79143
1755407471917,0.224925,-0.060419,9.915857
1755407471919,0.33021,-0.010169,9.84168
1755407471921,0.287139,-0.029312,9.906285
1755407471924,0.325424,-0.014955,9.865608
1755407471927,0.227318,-0.024526,9.863214
1755407471929,0.291924,-0.010169,9.872787
1755407471931,0.239282,-0.002991,9.887143
1755407471934,0.31346,-0.029312,9.875179
1755407471938,0.282353,-0.000598,9.911072
1755407471939,0.299103,-0.038883,9.858429
1755407471941,0.251246,-0.012562,9.959227
1755407471943,0.339781,-0.007777,9.753145
1755407471945,0.236889,-0.010169,10.057333
1755407471948,0.301496,-0.005384,9.671789
1755407471951,0.244068,-0.055633,10.11476
1755407471953,0.291924,0.035294,9.664611
1755407471955,0.222533,-0.05324,10.069297
1755407471957,0.311067,0.02333,9.762716
1755407471960,0.260818,-0.017348,9.944571
1755407471962,0.299103,-0.036491,9.834501
1755407471965,0.248854,0.004187,9.889536
1755407471968,0.318245,-0.089133,9.815358
1755407471970,0.29671,-0.000598,9.891929
1755407471972,0.265603,-0.026919,9.891929
1755407471974,0.320638,0.001795,9.793823
1755407471977,0.282353,-0.019741,10.069297
1755407471979,0.351745,-0.007777,9.786645
1755407471982,0.265603,-0.031705,9.939785
1755407471985,0.294317,-0.036491,9.815358
1755407471987,0.244068,-0.034098,9.952048
1755407471989,0.318245,-0.055633,9.79143
1755407471991,0.301496,-0.007777,9.827323
1755407471993,0.27996,0.013759,10.109975
1755407471996,0.282353,0.042473,9.851251
1755407471998,0.258425,-0.017348,9.903893
1755407472002,0.289532,-0.06999,9.760324
1755407472004,0.265603,-0.072383,9.934999
1755407472005,0.289532,-0.041276,9.889536
1755407472008,0.346959,0.018544,9.88475
1755407472011,0.287139,0.028116,10.050154
1755407472012,0.363709,-0.031705,9.793823
1755407472015,0.258425,-0.079561,9.911072
1755407472017,0.301496,-0.101097,9.717253
1755407472021,0.33021,-0.036491,9.942178
1755407472022,0.287139,0.064008,10.023833
1755407472025,0.31346,0.059222,9.839287
1755407472027,0.258425,-0.05324,9.903893
1755407472029,0.299103,-0.050847,9.848858
1755407472032,0.315853,-0.031705,9.860822
1755407472034,0.258425,-0.014955,9.930214
1755407472037,0.306281,0.025723,9.865608
1755407472039,0.253639,-0.048455,9.88475
1755407472042,0.260818,-0.060419,9.829716
1755407472044,0.320638,-0.041276,9.882358
1755407472046,0.323031,-0.012562,9.877572
1755407472049,0.306281,0.011366,9.911072
1755407472051,0.306281,-0.000598,9.858429
1755407472053,0.299103,-0.041276,9.882358
1755407472057,0.299103,-0.026919,9.875179
1755407472058,0.29671,-0.024526,9.882358
1755407472061,0.287139,-0.010169,9.891929
1755407472063,0.29671,0.02333,9.88475
1755407472065,0.256032,-0.014955,9.88475
1755407472067,0.282353,-0.026919,9.891929
1755407472070,0.308674,-0.022134,9.839287
1755407472072,0.299103,0.004187,9.913465
1755407472075,0.311067,0.018544,9.875179
1755407472078,0.325424,-0.010169,9.889536
1755407472080,0.299103,-0.012562,9.875179
1755407472082,0.272782,-0.010169,9.719646
1755407472084,0.227318,-0.072383,10.035797
1755407472087,0.332602,0.011366,9.772287
1755407472090,0.229711,0.001795,9.995119
1755407472091,0.308674,0.02333,9.80818
1755407472094,0.267996,-0.038883,9.899107
1755407472096,0.287139,-0.108275,9.848858
1755407472099,0.27996,-0.091525,9.801002
1755407472101,0.284746,0.008973,10.045368
1755407472104,0.289532,0.054437,9.812965
1755407472106,0.29671,-0.007777,9.88475
1755407472109,0.311067,-0.089133,9.757931
1755407472111,0.284746,-0.060419,9.930214
1755407472114,0.318245,0.013759,10.042975
1755407472115,0.301496,0.035294,9.769895
1755407472118,0.291924,-0.046062,9.863214
1755407472121,0.299103,-0.101097,9.810573
1755407472124,0.29671,-0.048455,10.007083
1755407472125,0.299103,0.049651,9.947263
1755407472128,0.301496,0.037687,9.781859
1755407472130,0.275175,-0.08674,9.894321
1755407472132,0.311067,-0.129811,9.726824
1755407472135,0.27996,-0.010169,10.078868
1755407472138,0.263211,0.085543,9.786645
1755407472141,0.308674,-0.010169,9.832108
1755407472142,0.277567,-0.089133,9.868001
1755407472144,0.275175,-0.098704,9.789038
1755407472146,0.270389,0.028116,9.911072
1755407472149,0.29671,0.068794,9.97837
1755407472152,0.287139,-0.038883,9.906285
1755407472155,0.275175,-0.048455,9.868001
1755407472157,0.282353,-0.055633,9.757931
1755407472159,0.272782,-0.038883,9.915857
1755407472161,0.332602,0.061615,9.971191
1755407472163,0.289532,-0.002991,9.887143
1755407472166,0.248854,-0.043669,9.983155
1755407472168,0.346959,-0.007777,9.65504
1755407472172,0.188734,-0.077169,9.975977
1755407472175,0.327817,0.013759,9.853643
1755407472176,0.289532,-0.005384,9.786645
1755407472178,0.222533,-0.029312,10.124331
1755407472180,0.342174,0.02333,9.712467
1755407472182,0.234497,-0.036491,9.923036
1755407472185,0.270389,-0.007777,9.879965
1755407472188,0.301496,0.011366,9.71486
1755407472190,0.212961,-0.062812,10.124331
1755407472192,0.368495,0.02333,9.77468
1755407472195,0.251246,-0.060419,9.872787
1755407472197,0.270389,-0.031705,9.925428
1755407472199,0.337388,0.001795,9.741181
1755407472202,0.241675,-0.038883,10.090832
1755407472204,0.318245,0.028116,9.803394
1755407472207,0.291924,-0.05324,9.853643
1755407472209,0.251246,-0.077169,9.913465
1755407472212,0.339781,-0.017348,9.812965
1755407472215,0.239282,-0.002991,9.927821
1755407472216,0.294317,0.013759,9.903893
1755407472218,0.299103,-0.005384,9.875179
1755407472221,0.227318,-0.079561,9.851251
1755407472224,0.327817,-0.029312,9.868001
1755407472226,0.244068,-0.041276,9.844072
1755407472228,0.270389,0.020937,9.952048
1755407472231,0.339781,0.028116,9.9015
1755407472233,0.272782,-0.026919,9.815358
1755407472235,0.311067,-0.026919,9.889536
1755407472238,0.318245,-0.014955,9.836894
1755407472241,0.229711,-0.034098,9.992726
1755407472243,0.378066,-0.007777,9.738789
1755407472245,0.265603,-0.005384,10.050154
1755407472247,0.311067,0.016152,9.815358
1755407472250,0.282353,-0.081954,9.848858
1755407472253,0.253639,-0.041276,9.923036
1755407472255,0.346959,0.011366,9.863214
1755407472258,0.241675,-0.031705,9.971191
1755407472260,0.344566,-0.014955,9.767502
1755407472262,0.265603,-0.093918,9.983155
1755407472264,0.327817,0.00658,9.79143
1755407472267,0.291924,-0.010169,9.779466
1755407472269,0.270389,-0.029312,10.052547
1755407472272,0.31346,-0.010169,9.80818
1755407472274,0.234497,-0.055633,9.927821
1755407472278,0.311067,0.011366,9.832108
1755407472279,0.325424,-0.034098,9.891929
1755407472281,0.227318,-0.036491,9.91825
1755407472283,0.325424,-0.022134,9.812965
1755407472286,0.229711,-0.060419,9.927821
1755407472288,0.291924,0.028116,9.846465
1755407472291,0.284746,-0.007777,9.882358
1755407472293,0.232104,-0.050847,10.042975
1755407472295,0.344566,-0.022134,9.734002
1755407472297,0.239282,-0.065204,9.944571
1755407472300,0.315853,-0.017348,9.803394
1755407472302,0.320638,-0.031705,9.870394
1755407472305,0.270389,-0.012562,9.877572
1755407472308,0.318245,-0.026919,9.729217
1755407472310,0.253639,-0.031705,10.109975
1755407472312,0.315853,-0.007777,9.745967
1755407472314,0.217747,-0.029312,9.942178
1755407472318,0.29671,-0.024526,9.798609
1755407472319,0.277567,-0.034098,9.887143
1755407472322,0.267996,0.001795,9.863214
1755407472325,0.287139,-0.067597,9.868001
1755407472327,0.267996,-0.043669,9.925428
1755407472329,0.299103,-0.007777,9.870394
1755407472331,0.306281,-0.019741,9.762716
1755407472335,0.31346,-0.036491,9.975977
1755407472336,0.332602,0.028116,9.889536
1755407472339,0.260818,-0.007777,9.887143
1755407472342,0.282353,-0.005384,9.858429
1755407472345,0.291924,-0.026919,9.903893
1755407472347,0.229711,0.030508,9.834501
1755407472348,0.267996,0.025723,9.908679
1755407472350,0.318245,0.032901,9.891929
1755407472353,0.287139,-0.062812,9.889536
1755407472355,0.27996,-0.024526,9.891929
1755407472358,0.303888,0.037687,9.889536
1755407472360,0.263211,-0.007777,9.882358
1755407472362,0.303888,-0.005384,9.891929
1755407472365,0.284746,-0.055633,9.765109
1755407472367,0.265603,-0.050847,10.040583
1755407472369,0.332602,0.028116,9.79143
1755407472372,0.267996,-0.012562,9.942178
1755407472376,0.311067,-0.014955,9.9015
1755407472377,0.320638,-0.034098,9.858429
1755407472379,0.270389,-0.022134,9.903893
1755407472382,0.284746,0.020937,9.891929
1755407472384,0.291924,-0.012562,9.829716
1755407472386,0.260818,-0.05324,9.934999
1755407472389,0.325424,0.00658,9.805787
1755407472391,0.272782,-0.014955,10.028619
1755407472394,0.272782,0.016152,9.796216
1755407472397,0.270389,-0.024526,9.896714
1755407472399,0.275175,-0.06999,9.899107
1755407472401,0.31346,-0.031705,9.853643
1755407472403,0.306281,0.035294,9.868001
1755407472406,0.258425,-0.022134,9.932607
1755407472408,0.351745,-0.031705,9.872787
1755407472411,0.246461,-0.005384,9.899107
1755407472413,0.284746,-0.005384,9.896714
1755407472415,0.325424,-0.000598,9.863214
1755407472417,0.272782,-0.043669,9.937392
1755407472420,0.260818,-0.002991,9.872787
1755407472423,0.289532,-0.012562,9.836894
1755407472425,0.270389,-0.041276,9.999905
1755407472427,0.323031,-0.024526,9.820144
1755407472430,0.287139,-0.000598,9.906285
1755407472432,0.311067,-0.041276,9.820144
1755407472434,0.275175,-0.002991,9.939785
1755407472437,0.308674,0.020937,9.79143
1755407472439,0.229711,-0.062812,9.927821
1755407472442,0.323031,-0.010169,9.829716
1755407472444,0.284746,-0.036491,9.877572
1755407472446,0.27996,-0.029312,9.872787
1755407472449,0.299103,-0.031705,9.851251
1755407472451,0.289532,-0.014955,9.875179
1755407472453,0.289532,-0.002991,9.863214
1755407472457,0.299103,-0.000598,9.846465
1755407472458,0.258425,-0.036491,9.896714
1755407472461,0.301496,-0.012562,9.889536
1755407472463,0.277567,-0.017348,9.877572
1755407472465,0.315853,-0.017348,9.889536
1755407472468,0.277567,-0.029312,9.896714
1755407472471,0.284746,-0.024526,9.88475
1755407472473,0.301496,-0.029312,9.879965
1755407472475,0.27996,-0.031705,9.894321
1755407472478,0.308674,-0.017348,9.863214
1755407472480,0.282353,-0.024526,9.882358
1755407472482,0.282353,-0.031705,9.894321
1755407472485,0.284746,-0.012562,9.875179
1755407472487,0.289532,-0.000598,9.875179
1755407472490,0.287139,-0.024526,9.894321
1755407472492,0.263211,-0.031705,9.882358
1755407472495,0.272782,-0.010169,9.879965
1755407472497,0.275175,-0.010169,9.875179
1755407472499,0.256032,-0.022134,9.868001
1755407472502,0.256032,-0.002991,9.875179
1755407472504,0.289532,-0.012562,9.868001
1755407472507,0.282353,-0.050847,9.887143
1755407472509,0.303888,-0.029312,9.887143
1755407472512,0.275175,-0.019741,9.889536
1755407472515,0.294317,0.004187,9.868001
1755407472516,0.253639,-0.014955,9.887143
1755407472518,0.272782,-0.019741,9.872787
1755407472521,0.289532,-0.034098,9.870394
1755407472523,0.291924,-0.012562,9.937392
1755407472526,0.263211,-0.005384,9.851251
1755407472529,0.291924,-0.005384,9.88475
1755407472531,0.277567,-0.022134,9.903893
1755407472532,0.318245,-0.043669,9.911072
1755407472535,0.270389,-0.034098,9.879965
1755407472538,0.291924,-0.019741,9.889536
1755407472541,0.277567,-0.014955,9.868001
1755407472545,0.277567,-0.029312,9.868001
1755407472546,0.315853,-0.019741,9.870394
1755407472548,0.289532,-0.036491,9.911072
1755407472549,0.289532,-0.012562,9.906285
1755407472552,0.260818,-0.022134,9.887143
1755407472554,0.294317,-0.022134,9.872787
1755407472557,0.256032,0.011366,9.887143
1755407472559,0.260818,-0.026919,9.875179
1755407472561,0.29671,-0.024526,9.882358
1755407472564,0.263211,-0.000598,9.9015
1755407472566,0.289532,-0.019741,9.896714
1755407472568,0.27996,-0.005384,9.91825
1755407472571,0.287139,-0.012562,9.879965
1755407472573,0.260818,-0.005384,9.906285
1755407472576,0.258425,-0.046062,9.887143
1755407472580,0.27996,-0.036491,9.879965
1755407472581,0.260818,-0.022134,9.879965
1755407472583,0.31346,-0.000598,9.899107
1755407472586,0.299103,-0.022134,9.894321
1755407472588,0.299103,-0.036491,9.848858
1755407472590,0.287139,-0.022134,9.891929
1755407472593,0.299103,-0.022134,9.870394
1755407472596,0.308674,-0.017348,9.875179
1755407472598,0.294317,-0.014955,9.872787
1755407472600,0.272782,-0.026919,9.903893
1755407472602,0.277567,-0.029312,9.858429
1755407472604,0.306281,-0.026919,9.865608
1755407472607,0.308674,0.011366,9.894321
1755407472609,0.332602,-0.002991,9.875179
1755407472611,0.29671,-0.026919,9.891929
1755407472614,0.29671,-0.043669,9.875179
1755407472617,0.256032,-0.022134,9.887143
1755407472619,0.267996,-0.002991,9.879965
1755407472621,0.301496,-0.017348,9.868001
1755407472625,0.315853,-0.022134,9.889536
1755407472626,0.284746,-0.026919,9.899107
1755407472628,0.267996,-0.024526,9.911072
1755407472631,0.287139,-0.026919,9.88475
1755407472633,0.277567,-0.010169,9.891929
1755407472636,0.289532,-0.036491,9.894321
1755407472638,0.265603,-0.007777,9.868001
1755407472640,0.294317,-0.005384,9.875179
1755407472643,0.270389,-0.031705,9.856036
1755407472645,0.299103,-0.036491,9.865608
1755407472649,0.306281,-0.017348,9.858429
1755407472651,0.303888,-0.026919,9.889536
1755407472652,0.299103,-0.031705,9.875179
1755407472655,0.270389,-0.031705,9.899107
1755407472657,0.272782,-0.050847,9.882358
1755407472660,0.287139,-0.029312,9.887143
1755407472662,0.272782,-0.043669,9.863214
1755407472666,0.294317,-0.038883,9.891929
1755407472667,0.303888,-0.046062,9.894321
1755407472669,0.311067,-0.002991,9.875179
1755407472672,0.282353,-0.031705,9.877572
1755407472674,0.275175,-0.010169,9.908679
1755407472677,0.275175,0.001795,9.891929
1755407472679,0.29671,-0.048455,9.882358
1755407472682,0.318245,-0.05324,9.879965
1755407472683,0.323031,-0.026919,9.870394
1755407472686,0.320638,-0.022134,9.882358
1755407472689,0.31346,-0.026919,9.865608
1755407472691,0.303888,-0.007777,9.872787
1755407472693,0.306281,0.001795,9.860822
1755407472695,0.282353,-0.024526,9.865608
1755407472700,0.289532,-0.043669,9.891929
1755407472701,0.248854,-0.036491,9.9015
1755407472703,0.265603,-0.026919,9.88475
1755407472705,0.265603,0.004187,9.875179
1755407472708,0.256032,-0.017348,9.863214
1755407472711,0.311067,-0.022134,9.870394
1755407472712,0.303888,-0.038883,9.894321
1755407472717,0.267996,-0.002991,9.906285
1755407472719,0.284746,-0.002991,9.858429
1755407472720,0.303888,-0.026919,9.863214
