1755407767791,0.294317,-0.022134,9.88475
1755407767795,0.265603,-0.031705,9.848858
1755407767797,0.287139,-0.031705,9.879965
1755407767798,0.291924,-0.038883,9.887143
1755407767799,0.282353,-0.041276,9.88475
1755407767800,0.270389,-0.041276,9.906285
1755407767801,0.303888,-0.017348,9.872787
1755407767803,0.29671,-0.038883,9.870394
1755407767804,0.315853,-0.019741,9.882358
1755407767804,0.289532,-0.019741,9.865608
1755407767805,0.277567,-0.029312,9.896714
1755407767806,0.275175,-0.019741,9.896714
1755407767807,0.260818,-0.019741,9.868001
1755407767808,0.265603,-0.036491,9.877572
1755407767809,0.282353,-0.014955,9.875179
1755407767810,0.29671,-0.019741,9.896714
1755407767811,0.282353,-0.024526,9.865608
1755407767812,0.258425,-0.022134,9.894321
1755407767813,0.263211,-0.012562,9.875179
1755407767814,0.29671,-0.046062,9.891929
1755407767815,0.287139,0.00658,9.889536
1755407767815,0.287139,-0.026919,9.9015
1755407767816,0.29671,-0.010169,9.891929
1755407767817,0.267996,-0.024526,9.887143
1755407767818,0.287139,-0.019741,9.887143
1755407767819,0.299103,-0.026919,9.875179
1755407767819,0.308674,-0.024526,9.868001
1755407767820,0.282353,-0.005384,9.860822
1755407767821,0.31346,-0.007777,9.872787
1755407767822,0.299103,-0.026919,9.899107
1755407767823,0.291924,-0.026919,9.865608
1755407767823,0.258425,-0.017348,9.889536
1755407767824,0.260818,-0.005384,9.882358
1755407767825,0.267996,-0.019741,9.882358
1755407767826,0.265603,-0.019741,9.88475
1755407767827,0.27996,-0.048455,9.88475
1755407767828,0.277567,-0.031705,9.877572
1755407767828,0.289532,-0.043669,9.882358
1755407767829,0.306281,-0.024526,9.891929
1755407767831,0.301496,-0.036491,9.889536
1755407767831,0.270389,-0.031705,9.882358
1755407767832,0.311067,-0.012562,9.896714
1755407767832,0.275175,-0.046062,9.894321
1755407767833,0.272782,-0.031705,9.875179
1755407767833,0.258425,-0.005384,9.88475
1755407767833,0.291924,-0.026919,9.88475
1755407767834,0.284746,-0.010169,9.865608
1755407767834,0.289532,-0.038883,9.88475
1755407767835,0.289532,-0.041276,9.896714
1755407767835,0.282353,-0.012562,9.860822
1755407767835,0.29671,-0.012562,9.903893
1755407767836,0.284746,-0.036491,9.882358
1755407767838,0.284746,-0.034098,9.872787
1755407767839,0.270389,-0.012562,9.889536
1755407767846,0.272782,0.001795,9.868001
1755407767846,0.303888,0.001795,9.891929
1755407767847,0.31346,-0.046062,9.896714
1755407767850,0.291924,-0.014955,9.88475
1755407767851,0.301496,0.008973,9.877572
1755407767853,0.270389,-0.026919,9.870394
1755407767855,0.275175,-0.062812,9.894321
1755407767858,0.291924,-0.036491,9.889536
1755407767864,0.289532,-0.024526,9.877572
1755407767866,0.289532,-0.022134,9.882358
1755407767867,0.303888,-0.019741,9.88475
1755407767870,0.27996,-0.002991,9.879965
1755407767871,0.267996,-0.012562,9.88475
1755407767872,0.270389,-0.017348,9.88475
1755407767874,0.294317,-0.048455,9.872787
1755407767877,0.315853,-0.017348,9.88475
1755407767880,0.320638,-0.046062,9.879965
1755407767882,0.299103,-0.041276,9.875179
1755407767884,0.308674,-0.029312,9.879965
1755407767886,0.263211,-0.036491,9.877572
1755407767889,0.284746,-0.026919,9.879965
1755407767891,0.277567,-0.000598,9.894321
1755407767894,0.282353,-0.024526,9.891929
1755407767896,0.29671,-0.036491,9.872787
1755407767899,0.303888,-0.024526,9.887143
1755407767901,0.301496,-0.026919,9.875179
1755407767904,0.289532,0.00658,9.891929
1755407767906,0.277567,-0.034098,9.875179
1755407767908,0.29671,-0.014955,9.870394
1755407767910,0.27996,-0.005384,9.887143
1755407767913,0.294317,-0.005384,9.872787
1755407767916,0.291924,-0.038883,9.872787
1755407767918,0.282353,-0.007777,9.894321
1755407767920,0.272782,-0.012562,9.889536
1755407767923,0.303888,-0.043669,9.899107
1755407767925,0.311067,-0.041276,9.894321
1755407767927,0.291924,-0.005384,9.877572
1755407767931,0.282353,-0.024526,9.875179
1755407767937,0.327817,-0.019741,9.891929
1755407767938,0.275175,-0.019741,9.879965
1755407767939,0.289532,-0.019741,9.872787
1755407767943,0.284746,-0.014955,9.882358
1755407767944,0.272782,-0.017348,9.875179
1755407767945,0.282353,-0.029312,9.872787
1755407767947,0.277567,-0.036491,9.882358
1755407767950,0.282353,-0.002991,9.872787
1755407767952,0.272782,-0.017348,9.88475
1755407767954,0.289532,-0.038883,9.915857
1755407767956,0.289532,-0.019741,9.908679
1755407767958,0.287139,-0.038883,9.896714
1755407767961,0.301496,-0.012562,9.879965
1755407767963,0.327817,-0.048455,9.877572
1755407767966,0.282353,-0.041276,9.870394
1755407767968,0.263211,-0.034098,9.863214
1755407767971,0.289532,-0.034098,9.877572
1755407767973,0.303888,-0.062812,9.88475
1755407767975,0.294317,-0.010169,9.872787
1755407767978,0.270389,-0.031705,9.877572
1755407767980,0.29671,-0.014955,9.889536
1755407767983,0.306281,-0.050847,9.882358
1755407767985,0.299103,-0.019741,9.88475
1755407767987,0.301496,-0.022134,9.889536
1755407767990,0.275175,-0.014955,9.863214
1755407767992,0.270389,-0.022134,9.875179
1755407767994,0.267996,0.004187,9.875179
1755407767997,0.284746,-0.017348,9.863214
1755407768000,0.289532,-0.022134,9.894321
1755407768003,0.270389,-0.034098,9.882358
1755407768004,0.260818,-0.007777,9.887143
1755407768007,0.289532,-0.017348,9.877572
1755407768009,0.275175,-0.026919,9.875179
1755407768011,0.29671,-0.026919,9.879965
1755407768014,0.287139,-0.034098,9.88475
1755407768016,0.287139,-0.007777,9.875179
1755407768019,0.277567,-0.022134,9.863214
1755407768021,0.284746,-0.010169,9.899107
1755407768023,0.289532,0.004187,9.887143
1755407768025,0.253639,-0.010169,9.879965
1755407768028,0.258425,-0.017348,9.88475
1755407768030,0.282353,-0.012562,9.88475
1755407768033,0.332602,-0.012562,9.882358
1755407768036,0.291924,-0.014955,9.872787
1755407768038,0.289532,-0.010169,9.891929
1755407768040,0.267996,-0.007777,9.891929
1755407768043,0.299103,-0.007777,9.894321
1755407768045,0.260818,-0.029312,9.882358
1755407768047,0.289532,-0.034098,9.887143
1755407768050,0.291924,-0.034098,9.899107
1755407768053,0.282353,-0.014955,9.906285
1755407768054,0.291924,-0.014955,9.872787
1755407768057,0.267996,0.004187,9.913465
1755407768059,0.301496,-0.012562,9.872787
1755407768062,0.31346,-0.010169,9.88475
1755407768064,0.291924,-0.038883,9.896714
1755407768067,0.291924,-0.029312,9.903893
1755407768069,0.287139,-0.034098,9.88475
1755407768071,0.320638,-0.012562,9.896714
1755407768074,0.301496,-0.024526,9.887143
1755407768076,0.291924,-0.012562,9.872787
1755407768078,0.29671,-0.034098,9.865608
1755407768081,0.318245,-0.022134,9.860822
1755407768084,0.29671,-0.026919,9.891929
1755407768086,0.299103,-0.019741,9.899107
1755407768088,0.282353,-0.036491,9.887143
1755407768091,0.272782,-0.041276,9.891929
1755407768093,0.289532,-0.038883,9.882358
1755407768095,0.272782,-0.007777,9.865608
1755407768098,0.253639,-0.031705,9.870394
1755407768100,0.282353,-0.036491,9.868001
1755407768103,0.29671,-0.043669,9.875179
1755407768105,0.272782,0.001795,9.882358
1755407768107,0.29671,-0.002991,9.88475
1755407768109,0.294317,-0.017348,9.903893
1755407768112,0.294317,-0.010169,9.875179
1755407768115,0.287139,-0.014955,9.88475
1755407768118,0.275175,-0.050847,9.896714
1755407768119,0.294317,-0.043669,9.863214
1755407768122,0.251246,-0.017348,9.868001
1755407768124,0.251246,-0.007777,9.877572
1755407768126,0.303888,-0.022134,9.887143
1755407768129,0.323031,-0.026919,9.88475
1755407768131,0.311067,-0.019741,9.88475
1755407768134,0.299103,-0.034098,9.872787
1755407768137,0.299103,-0.043669,9.860822
1755407768140,0.27996,-0.012562,9.879965
1755407768141,0.275175,-0.019741,9.887143
1755407768143,0.277567,-0.010169,9.899107
1755407768146,0.253639,-0.022134,9.875179
1755407768148,0.29671,-0.014955,9.877572
1755407768150,0.27996,-0.026919,9.868001
1755407768155,0.272782,-0.031705,9.860822
1755407768156,0.265603,-0.046062,9.899107
1755407768158,0.299103,-0.031705,9.875179
1755407768160,0.289532,-0.026919,9.88475
1755407768162,0.282353,-0.012562,9.877572
1755407768165,0.291924,-0.034098,9.863214
1755407768167,0.282353,-0.005384,9.879965
1755407768170,0.263211,-0.000598,9.877572
1755407768172,0.265603,-0.029312,9.860822
1755407768174,0.291924,-0.026919,9.872787
1755407768177,0.277567,-0.024526,9.887143
1755407768179,0.265603,-0.019741,9.870394
1755407768181,0.270389,-0.038883,9.887143
1755407768184,0.31346,-0.002991,9.891929
1755407768187,0.29671,-0.007777,9.891929
1755407768189,0.282353,-0.029312,9.875179
1755407768191,0.320638,-0.017348,9.877572
1755407768193,0.318245,0.00658,9.889536
1755407768196,0.308674,-0.017348,9.889536
1755407768198,0.303888,-0.002991,9.903893
1755407768200,0.318245,-0.024526,9.870394
1755407768203,0.31346,-0.031705,9.868001
1755407768206,0.315853,-0.031705,9.882358
1755407768208,0.275175,-0.026919,9.88475
1755407768210,0.282353,-0.041276,9.870394
1755407768212,0.303888,-0.010169,9.903893
1755407768215,0.291924,-0.005384,9.911072
1755407768217,0.263211,-0.041276,9.88475
1755407768220,0.272782,-0.026919,9.894321
1755407768223,0.267996,0.00658,9.894321
1755407768224,0.287139,-0.010169,9.879965
1755407768227,0.263211,-0.024526,9.858429
1755407768229,0.29671,-0.022134,9.877572
1755407768232,0.275175,-0.024526,9.868001
1755407768234,0.294317,-0.024526,9.882358
1755407768238,0.311067,-0.026919,9.865608
1755407768240,0.253639,-0.014955,9.882358
1755407768244,0.270389,-0.022134,9.860822
1755407768245,0.275175,-0.007777,9.868001
1755407768246,0.299103,-0.022134,9.870394
1755407768249,0.263211,-0.010169,9.894321
1755407768251,0.277567,-0.034098,9.896714
1755407768254,0.270389,-0.050847,9.891929
1755407768256,0.303888,-0.029312,9.887143
1755407768258,0.275175,-0.038883,9.896714
1755407768260,0.263211,-0.022134,9.872787
1755407768263,0.289532,-0.046062,9.877572
1755407768265,0.27996,-0.041276,9.879965
1755407768268,0.306281,-0.014955,9.879965
1755407768271,0.308674,-0.017348,9.903893
1755407768274,0.270389,0.001795,9.872787
1755407768275,0.287139,0.004187,9.877572
1755407768277,0.31346,-0.034098,9.88475
1755407768280,0.275175,-0.031705,9.872787
1755407768282,0.29671,-0.036491,9.875179
1755407768284,0.267996,-0.062812,9.9015
1755407768288,0.277567,-0.022134,9.877572
1755407768289,0.275175,-0.041276,9.889536
1755407768292,0.287139,-0.010169,9.896714
1755407768294,0.31346,-0.019741,9.889536
1755407768296,0.258425,-0.002991,9.88475
1755407768299,0.27996,-0.022134,9.88475
1755407768301,0.294317,-0.022134,9.889536
1755407768305,0.294317,-0.017348,9.879965
1755407768306,0.31346,-0.007777,9.891929
1755407768309,0.284746,-0.048455,9.875179
1755407768311,0.303888,-0.024526,9.877572
1755407768313,0.29671,-0.036491,9.88475
1755407768316,0.303888,-0.029312,9.887143
1755407768318,0.277567,-0.046062,9.896714
1755407768322,0.284746,-0.031705,9.877572
1755407768324,0.287139,-0.007777,9.872787
1755407768325,0.318245,-0.019741,9.887143
1755407768327,0.291924,-0.036491,9.88475
1755407768330,0.284746,-0.010169,9.887143
1755407768332,0.270389,-0.055633,9.891929
1755407768334,0.29671,-0.048455,9.877572
1755407768339,0.284746,-0.024526,9.88475
1755407768340,0.289532,-0.024526,9.911072
1755407768343,0.29671,-0.022134,9.887143
1755407768344,0.29671,-0.010169,9.870394
1755407768346,0.291924,-0.010169,9.88475
1755407768349,0.267996,-0.014955,9.877572
1755407768351,0.287139,-0.017348,9.911072
1755407768356,0.294317,-0.005384,9.889536
1755407768357,0.27996,-0.024526,9.899107
1755407768359,0.301496,-0.022134,9.887143
1755407768361,0.260818,-0.031705,9.879965
1755407768363,0.282353,-0.043669,9.896714
1755407768366,0.294317,-0.022134,9.872787
1755407768368,0.267996,-0.007777,9.865608
1755407768371,0.29671,-0.029312,9.877572
1755407768373,0.284746,-0.010169,9.879965
1755407768377,0.299103,-0.012562,9.9015
1755407768379,0.301496,-0.026919,9.894321
1755407768380,0.29671,-0.022134,9.88475
1755407768383,0.267996,0.001795,9.875179
1755407768385,0.284746,-0.012562,9.894321
1755407768387,0.303888,-0.005384,9.91825
1755407768390,0.323031,-0.012562,9.82493
1755407768392,0.289532,-0.036491,9.959227
1755407768395,0.332602,0.025723,9.846465
1755407768397,0.308674,-0.046062,9.79143
1755407768399,0.251246,-0.007777,10.014262
1755407768402,0.344566,0.013759,9.724431
1755407768404,0.222533,-0.007777,10.112368
1755407768407,0.325424,0.008973,9.686146
1755407768409,0.195912,-0.058026,9.973584
1755407768411,0.311067,-0.079561,9.753145
1755407768414,0.311067,-0.024526,9.913465
1755407768416,0.270389,-0.010169,9.997512
1755407768419,0.282353,0.047258,9.767502
1755407768421,0.270389,-0.026919,10.05494
1755407768424,0.311067,-0.019741,9.695718
1755407768426,0.282353,-0.036491,9.999905
1755407768428,0.294317,-0.019741,9.848858
1755407768431,0.301496,0.049651,9.891929
1755407768434,0.260818,-0.000598,9.964012
1755407768435,0.291924,0.001795,9.734002
1755407768438,0.275175,-0.048455,9.999905
1755407768441,0.332602,-0.017348,9.784252
1755407768443,0.275175,-0.05324,9.961619
1755407768445,0.29671,-0.012562,9.882358
1755407768447,0.272782,-0.019741,9.860822
1755407768450,0.311067,-0.048455,9.923036
1755407768452,0.291924,-0.036491,9.863214
1755407768455,0.29671,-0.012562,9.863214
1755407768458,0.303888,0.037687,9.851251
1755407768460,0.277567,-0.007777,9.908679
1755407768461,0.260818,-0.038883,9.908679
1755407768464,0.267996,-0.046062,9.851251
1755407768467,0.263211,-0.010169,9.846465
1755407768469,0.277567,-0.010169,9.927821
1755407768472,0.272782,-0.029312,9.927821
1755407768475,0.299103,-0.022134,9.851251
1755407768477,0.315853,-0.012562,9.860822
1755407768479,0.248854,-0.05324,9.911072
1755407768481,0.361316,-0.026919,9.889536
1755407768483,0.22014,-0.007777,9.983155
1755407768485,0.342174,0.008973,9.674182
1755407768488,0.248854,-0.034098,10.102797
1755407768492,0.349352,0.00658,9.750752
1755407768493,0.265603,-0.038883,10.026226
1755407768496,0.339781,-0.017348,9.664611
1755407768497,0.248854,-0.046062,10.016655
1755407768500,0.318245,-0.067597,9.868001
1755407768502,0.265603,-0.005384,9.908679
1755407768505,0.306281,-0.062812,9.820144
1755407768507,0.282353,-0.038883,9.915857
1755407768510,0.246461,-0.034098,9.971191
1755407768512,0.299103,0.008973,9.626326
1755407768515,0.275175,-0.022134,10.124331
1755407768517,0.315853,-0.019741,9.856036
1755407768519,0.232104,-0.048455,9.952048
1755407768522,0.354138,-0.043669,9.736395
1755407768524,0.263211,-0.024526,9.920643
1755407768527,0.339781,-0.019741,9.772287
1755407768529,0.291924,-0.05324,9.985548
1755407768531,0.325424,-0.048455,9.827323
1755407768533,0.303888,-0.014955,9.906285
1755407768536,0.315853,-0.036491,9.88475
1755407768538,0.217747,-0.010169,9.913465
1755407768541,0.332602,-0.029312,9.762716
1755407768543,0.20339,-0.046062,10.047761
1755407768545,0.378066,-0.043669,9.650253
1755407768548,0.181555,-0.062812,10.11476
1755407768551,0.37328,0.030508,9.678967
1755407768553,0.152842,-0.036491,10.050154
1755407768555,0.363709,0.044865,9.669396
1755407768557,0.241675,-0.093918,10.076475
1755407768560,0.311067,0.011366,9.80818
1755407768562,0.284746,-0.041276,9.805787
1755407768565,0.205783,-0.024526,9.997512
1755407768567,0.375673,0.04008,9.712467
1755407768569,0.20339,-0.096311,10.109975
1755407768572,0.363709,0.028116,9.817751
1755407768574,0.275175,-0.05324,9.801002
1755407768577,0.212961,-0.08674,10.066904
1755407768579,0.409173,0.042473,9.671789
1755407768581,0.222533,-0.062812,9.91825
1755407768584,0.275175,-0.012562,10.064511
1755407768587,0.385244,0.05683,9.690931
1755407768589,0.17677,-0.10349,9.937392
1755407768591,0.346959,-0.000598,9.990334
1755407768594,0.334995,0.04008,9.741181
1755407768596,0.183948,-0.077169,9.877572
1755407768598,0.337388,-0.065204,9.944571
1755407768601,0.349352,0.028116,9.844072
1755407768603,0.222533,0.004187,9.820144
1755407768606,0.267996,-0.117847,9.868001
1755407768608,0.375673,0.008973,10.066904
1755407768611,0.22014,0.047258,9.71486
1755407768615,0.248854,-0.074776,9.925428
1755407768616,0.351745,-0.098704,9.887143
1755407768618,0.287139,0.011366,9.865608
1755407768620,0.244068,0.020937,9.868001
1755407768623,0.315853,-0.031705,9.923036
1755407768625,0.344566,-0.050847,9.865608
1755407768628,0.246461,-0.046062,9.891929
1755407768630,0.31346,-0.019741,9.887143
1755407768632,0.33021,-0.019741,9.894321
1755407768635,0.260818,-0.041276,9.865608
1755407768637,0.270389,-0.010169,9.879965
1755407768639,0.27996,-0.031705,9.868001
1755407768642,0.289532,-0.022134,9.84168
1755407768645,0.287139,-0.022134,9.889536
1755407768647,0.294317,-0.029312,9.920643
1755407768649,0.306281,-0.007777,9.858429
1755407768651,0.236889,-0.043669,9.925428
1755407768653,0.284746,-0.024526,9.865608
1755407768656,0.267996,-0.05324,9.896714
1755407768658,0.272782,-0.038883,9.899107
1755407768662,0.284746,-0.014955,9.868001
1755407768664,0.267996,-0.014955,9.88475
1755407768665,0.311067,-0.012562,9.870394
1755407768668,0.27996,-0.005384,9.899107
1755407768670,0.275175,-0.019741,9.88475
1755407768673,0.299103,0.001795,9.882358
1755407768675,0.284746,-0.019741,9.865608
1755407768678,0.282353,0.011366,9.872787
1755407768681,0.277567,-0.022134,9.88475
1755407768682,0.265603,-0.055633,9.891929
1755407768685,0.275175,-0.029312,9.894321
1755407768687,0.284746,-0.017348,9.868001
1755407768689,0.287139,-0.022134,9.899107
1755407768692,0.306281,-0.022134,9.858429
1755407768696,0.287139,-0.012562,9.872787
1755407768697,0.299103,-0.012562,9.899107
1755407768699,0.311067,-0.022134,9.858429
1755407768701,0.282353,-0.010169,9.872787
1755407768703,0.299103,-0.005384,9.875179
1755407768706,0.306281,-0.024526,9.887143
1755407768708,0.270389,-0.034098,9.88475
1755407768711,0.306281,-0.048455,9.870394
1755407768714,0.291924,-0.031705,9.863214
1755407768717,0.277567,-0.022134,9.882358
1755407768718,0.294317,-0.010169,9.899107
1755407768721,0.320638,-0.019741,9.9015
1755407768723,0.265603,-0.007777,9.88475
1755407768725,0.29671,0.004187,9.860822
1755407768728,0.256032,-0.017348,9.858429
1755407768730,0.277567,-0.026919,9.937392
1755407768732,0.27996,-0.024526,9.908679
1755407768735,0.291924,-0.012562,9.84168
1755407768737,0.229711,-0.089133,9.913465
1755407768740,0.301496,-0.017348,9.913465
1755407768742,0.339781,0.028116,9.717253
1755407768744,0.232104,-0.058026,10.086046
1755407768747,0.409173,0.047258,9.801002
1755407768749,0.251246,-0.067597,9.848858
1755407768751,0.251246,-0.048455,9.964012
1755407768755,0.380459,0.035294,9.731609
1755407768757,0.188734,-0.074776,10.066904
1755407768759,0.339781,0.030508,9.827323
1755407768761,0.339781,-0.034098,9.755538
1755407768764,0.171984,-0.065204,10.035797
1755407768766,0.392423,0.049651,9.741181
1755407768768,0.22014,-0.10349,9.959227
1755407768771,0.301496,-0.029312,9.896714
1755407768773,0.361316,-0.000598,9.705289
1755407768775,0.22014,-0.058026,10.059726
1755407768778,0.344566,0.028116,9.769895
1755407768781,0.236889,-0.05324,9.980762
1755407768783,0.236889,-0.022134,9.879965
1755407768785,0.31346,0.011366,9.784252
1755407768787,0.270389,-0.031705,10.021441
1755407768790,0.346959,0.044865,9.789038
1755407768792,0.270389,-0.034098,9.932607
1755407768795,0.282353,0.001795,9.9015
1755407768799,0.318245,-0.041276,9.875179
1755407768800,0.244068,-0.022134,9.911072
1755407768802,0.311067,-0.002991,9.834501
1755407768804,0.294317,-0.058026,9.980762
1755407768807,0.320638,-0.058026,9.851251
1755407768809,0.311067,-0.029312,9.846465
1755407768811,0.284746,0.001795,9.870394
1755407768814,0.291924,-0.038883,9.860822
1755407768816,0.275175,-0.05324,9.870394
1755407768819,0.318245,-0.024526,9.939785
1755407768821,0.277567,0.011366,9.920643
1755407768824,0.31346,-0.017348,9.832108
1755407768826,0.282353,0.001795,9.872787
1755407768828,0.320638,-0.038883,9.877572
1755407768832,0.284746,-0.036491,9.887143
1755407768834,0.294317,-0.022134,9.920643
1755407768836,0.299103,-0.034098,9.817751
1755407768838,0.260818,-0.034098,9.947263
1755407768840,0.315853,-0.038883,9.856036
1755407768843,0.256032,-0.089133,9.82493
1755407768845,0.308674,-0.036491,9.997512
1755407768848,0.349352,0.042473,9.760324
1755407768850,0.152842,-0.077169,9.964012
1755407768852,0.325424,0.020937,9.844072
1755407768855,0.284746,-0.074776,9.777073
1755407768858,0.145663,-0.041276,10.011869
1755407768859,0.413958,0.071186,9.79143
1755407768862,0.227318,-0.08674,9.961619
1755407768865,0.299103,-0.000598,9.875179
1755407768867,0.354138,-0.036491,9.700503
1755407768869,0.195912,-0.060419,10.081261
1755407768872,0.370888,0.059222,9.79143
1755407768874,0.191127,-0.072383,9.990334
1755407768876,0.263211,0.011366,9.906285
1755407768879,0.380459,-0.019741,9.705289
1755407768883,0.181555,-0.067597,10.059726
1755407768884,0.40678,0.052044,9.722038
1755407768886,0.191127,-0.072383,10.047761
1755407768888,0.306281,0.042473,9.84168
1755407768891,0.306281,-0.038883,9.777073
1755407768893,0.167198,-0.050847,10.07169
1755407768895,0.378066,-0.005384,9.662218
1755407768898,0.17677,-0.065204,10.074082
1755407768901,0.311067,0.020937,9.789038
1755407768903,0.239282,-0.065204,9.954441
1755407768905,0.260818,0.028116,9.851251
1755407768907,0.339781,-0.017348,9.832108
1755407768910,0.212961,-0.046062,9.992726
1755407768912,0.366102,0.020937,9.686146
1755407768914,0.222533,-0.036491,10.076475
1755407768917,0.344566,0.013759,9.68136
1755407768920,0.251246,-0.077169,10.07169
1755407768922,0.315853,0.020937,9.724431
1755407768924,0.239282,-0.043669,9.985548
1755407768926,0.318245,0.020937,9.848858
1755407768929,0.27996,-0.029312,9.915857
1755407768931,0.236889,0.004187,9.899107
1755407768934,0.294317,-0.043669,9.836894
1755407768936,0.277567,-0.002991,9.920643
1755407768939,0.299103,-0.036491,9.84168
1755407768941,0.222533,-0.024526,9.971191
1755407768943,0.33021,-0.034098,9.781859
1755407768945,0.246461,-0.022134,9.999905
1755407768948,0.344566,-0.019741,9.729217
1755407768951,0.20339,-0.022134,10.031012
1755407768955,0.380459,-0.022134,9.722038
1755407768956,0.208176,-0.031705,10.002297
1755407768958,0.337388,0.016152,9.757931
1755407768961,0.205783,-0.019741,10.002297
1755407768963,0.370888,0.013759,9.750752
1755407768965,0.222533,-0.026919,10.014262
1755407768968,0.327817,-0.022134,9.729217
1755407768970,0.217747,-0.06999,10.026226
1755407768972,0.339781,-0.014955,9.705289
1755407768975,0.234497,-0.077169,10.059726
1755407768977,0.332602,-0.005384,9.690931
1755407768979,0.212961,-0.055633,10.047761
1755407768981,0.332602,-0.000598,9.686146
1755407768984,0.251246,-0.074776,10.019048
1755407768987,0.31346,-0.017348,9.741181
1755407768989,0.217747,-0.05324,10.016655
1755407768992,0.308674,0.016152,9.79143
1755407768994,0.303888,-0.046062,9.959227
1755407768996,0.301496,-0.014955,9.844072
1755407768998,0.308674,-0.058026,9.889536
1755407769002,0.267996,-0.014955,9.856036
1755407769004,0.311067,-0.034098,9.856036
1755407769006,0.270389,-0.031705,9.899107
1755407769008,0.31346,-0.017348,9.84168
1755407769010,0.263211,-0.007777,9.966406
1755407769013,0.315853,-0.026919,9.784252
1755407769015,0.246461,-0.05324,10.035797
1755407769018,0.323031,-0.026919,9.71486
1755407769020,0.253639,-0.022134,10.047761
1755407769022,0.294317,-0.034098,9.712467
1755407769025,0.244068,-0.034098,10.011869
1755407769027,0.318245,-0.005384,9.757931
1755407769029,0.270389,-0.019741,9.997512
1755407769032,0.294317,-0.043669,9.762716
1755407769035,0.256032,0.004187,10.011869
1755407769037,0.301496,-0.012562,9.803394
1755407769039,0.241675,-0.05324,9.91825
1755407769044,0.27996,-0.060419,9.868001
1755407769045,0.260818,-0.029312,9.870394
1755407769046,0.277567,-0.002991,9.908679
1755407769049,0.282353,-0.007777,9.803394
1755407769051,0.275175,-0.048455,9.956834
1755407769054,0.258425,-0.007777,9.750752
1755407769057,0.265603,-0.022134,10.002297
1755407769058,0.258425,0.004187,9.722038
1755407769061,0.260818,-0.072383,10.078868
1755407769063,0.270389,0.025723,9.741181
1755407769065,0.272782,-0.017348,10.059726
1755407769068,0.308674,0.020937,9.74836
1755407769071,0.236889,-0.046062,10.016655
1755407769073,0.294317,0.011366,9.777073
1755407769075,0.241675,-0.034098,9.983155
1755407769077,0.332602,0.037687,9.810573
1755407769080,0.239282,-0.046062,9.952048
1755407769082,0.31346,-0.010169,9.810573
1755407769085,0.236889,-0.019741,9.944571
1755407769087,0.351745,-0.002991,9.832108
1755407769091,0.205783,0.00658,9.959227
1755407769092,0.33021,-0.029312,9.801002
1755407769094,0.246461,0.001795,9.975977
1755407769096,0.339781,-0.029312,9.738789
1755407769099,0.265603,-0.014955,9.97837
1755407769101,0.346959,-0.046062,9.757931
1755407769104,0.232104,-0.000598,9.983155
1755407769106,0.306281,-0.038883,9.769895
1755407769109,0.256032,-0.007777,9.952048
1755407769111,0.311067,-0.024526,9.796216
1755407769113,0.272782,0.008973,9.927821
1755407769116,0.308674,-0.022134,9.875179
1755407769118,0.270389,-0.046062,9.834501
1755407769121,0.267996,-0.05324,9.934999
1755407769123,0.294317,0.001795,9.801002
1755407769126,0.29671,-0.026919,9.952048
1755407769128,0.258425,-0.017348,9.848858
1755407769130,0.263211,-0.065204,9.913465
1755407769132,0.277567,-0.034098,9.848858
1755407769135,0.299103,-0.010169,9.88475
1755407769137,0.284746,0.001795,9.868001
1755407769140,0.258425,-0.012562,9.879965
1755407769142,0.289532,-0.046062,9.906285
1755407769144,0.246461,-0.005384,9.903893
1755407769147,0.246461,-0.029312,9.896714
1755407769149,0.320638,-0.022134,9.772287
1755407769152,0.27996,-0.034098,9.990334
1755407769155,0.291924,0.004187,9.836894
1755407769157,0.270389,-0.029312,9.942178
1755407769159,0.287139,0.02333,9.848858
1755407769161,0.287139,-0.007777,9.889536
1755407769165,0.258425,-0.007777,9.896714
1755407769166,0.315853,-0.048455,9.805787
1755407769169,0.246461,-0.019741,9.97837
1755407769172,0.311067,-0.079561,9.827323
1755407769175,0.287139,-0.026919,9.952048
1755407769176,0.284746,-0.024526,9.858429
1755407769178,0.284746,-0.060419,9.810573
1755407769180,0.246461,0.004187,10.011869
1755407769183,0.361316,-0.029312,9.767502
1755407769185,0.27996,-0.019741,10.095618
1755407769189,0.323031,0.013759,9.784252
1755407769190,0.224925,-0.038883,9.844072
1755407769193,0.282353,-0.041276,9.848858
1755407769195,0.258425,-0.005384,9.942178
1755407769197,0.284746,-0.048455,9.82493
1755407769200,0.311067,-0.024526,9.79143
1755407769202,0.275175,0.00658,10.05494
1755407769206,0.31346,0.018544,9.868001
1755407769207,0.258425,-0.038883,9.906285
1755407769209,0.308674,-0.029312,9.769895
1755407769212,0.256032,-0.034098,9.906285
1755407769214,0.29671,-0.050847,9.798609
1755407769216,0.270389,-0.014955,9.870394
1755407769219,0.289532,-0.007777,9.956834
1755407769223,0.267996,-0.005384,9.757931
1755407769224,0.299103,-0.065204,10.023833
1755407769227,0.325424,-0.002991,9.879965
1755407769228,0.232104,-0.017348,9.959227
1755407769231,0.263211,-0.062812,9.767502
1755407769233,0.265603,-0.034098,9.964012
1755407769235,0.325424,-0.048455,9.817751
1755407769238,0.299103,-0.014955,9.887143
1755407769241,0.275175,-0.022134,9.920643
1755407769244,0.291924,-0.002991,9.779466
1755407769246,0.270389,-0.043669,10.023833
1755407769248,0.301496,0.013759,9.822537
1755407769250,0.27996,-0.046062,10.002297
1755407769252,0.327817,-0.019741,9.724431
1755407769255,0.263211,-0.058026,9.942178
1755407769257,0.299103,-0.038883,9.786645
1755407769260,0.301496,-0.007777,9.839287
1755407769262,0.258425,-0.031705,9.959227
1755407769265,0.334995,0.016152,9.786645
1755407769267,0.267996,-0.031705,10.052547
1755407769269,0.306281,-0.007777,9.779466
1755407769271,0.275175,-0.05324,10.002297
1755407769274,0.303888,-0.036491,9.777073
1755407769278,0.270389,-0.031705,9.956834
1755407769279,0.289532,-0.038883,9.803394
1755407769281,0.248854,-0.000598,9.88475
1755407769283,0.294317,-0.043669,9.927821
1755407769286,0.318245,0.016152,9.77468
1755407769288,0.282353,-0.046062,10.028619
1755407769291,0.301496,0.00658,9.777073
1755407769293,0.253639,-0.05324,10.019048
1755407769296,0.308674,-0.010169,9.736395
1755407769298,0.265603,-0.038883,9.971191
1755407769300,0.318245,-0.050847,9.769895
1755407769303,0.299103,0.011366,9.88475
1755407769305,0.299103,-0.038883,9.906285
1755407769308,0.306281,-0.000598,9.803394
1755407769310,0.282353,-0.031705,10.035797
1755407769312,0.291924,0.018544,9.779466
1755407769315,0.267996,-0.022134,10.047761
1755407769317,0.299103,-0.007777,9.753145
1755407769319,0.222533,-0.060419,9.983155
1755407769322,0.291924,-0.034098,9.755538
1755407769324,0.272782,-0.012562,9.956834
1755407769327,0.299103,-0.005384,9.851251
1755407769329,0.256032,0.013759,9.875179
1755407769331,0.31346,-0.05324,9.870394
1755407769334,0.327817,-0.048455,9.817751
1755407769336,0.275175,-0.022134,9.939785
1755407769339,0.287139,-0.012562,9.755538
1755407769342,0.244068,-0.024526,10.057333
1755407769344,0.325424,0.013759,9.688539
1755407769346,0.277567,-0.029312,10.066904
1755407769348,0.346959,-0.002991,9.77468
1755407769350,0.265603,-0.036491,9.975977
1755407769353,0.318245,-0.022134,9.827323
1755407769355,0.246461,-0.014955,9.908679
1755407769358,0.31346,-0.041276,9.79143
1755407769361,0.248854,-0.019741,9.927821
1755407769363,0.29671,-0.079561,9.88475
1755407769365,0.232104,-0.024526,9.891929
1755407769370,0.267996,-0.041276,9.896714
1755407769371,0.289532,-0.007777,9.832108
1755407769372,0.275175,-0.048455,9.930214
1755407769376,0.306281,-0.041276,9.846465
1755407769378,0.282353,-0.012562,9.930214
1755407769379,0.33021,-0.012562,9.836894
1755407769382,0.256032,-0.072383,9.983155
1755407769384,0.311067,-0.017348,9.767502
1755407769386,0.258425,-0.046062,10.007083
1755407769389,0.354138,-0.022134,9.729217
1755407769392,0.244068,-0.029312,10.00469
1755407769396,0.337388,-0.000598,9.702896
1755407769397,0.253639,-0.024526,10.076475
1755407769399,0.358923,-0.007777,9.698111
1755407769401,0.253639,-0.031705,10.07169
1755407769403,0.378066,0.001795,9.676575
1755407769406,0.227318,-0.034098,10.124331
1755407769409,0.380459,0.020937,9.647861
1755407769413,0.20339,-0.050847,10.129117
1755407769414,0.325424,-0.012562,9.628718
1755407769416,0.217747,-0.043669,10.107582
1755407769418,0.33021,-0.017348,9.688539
1755407769420,0.227318,-0.046062,10.047761
1755407769422,0.334995,0.004187,9.760324
1755407769425,0.244068,-0.017348,10.007083
1755407769427,0.327817,-0.007777,9.803394
1755407769430,0.263211,-0.005384,9.956834
1755407769432,0.303888,-0.031705,9.848858
1755407769434,0.260818,-0.019741,9.889536
1755407769437,0.284746,-0.012562,9.923036
1755407769439,0.306281,0.004187,9.853643
1755407769442,0.277567,-0.022134,9.930214
1755407769445,0.289532,0.001795,9.822537
1755407769446,0.27996,-0.038883,9.944571
1755407769449,0.306281,-0.019741,9.822537
1755407769451,0.299103,-0.012562,9.942178
1755407769453,0.318245,-0.010169,9.848858
1755407769456,0.303888,-0.026919,9.851251
1755407769458,0.291924,-0.024526,9.91825
1755407769461,0.27996,-0.05324,9.827323
1755407769463,0.287139,-0.05324,9.975977
1755407769466,0.272782,-0.014955,9.856036
1755407769468,0.267996,-0.034098,9.903893
1755407769471,0.291924,-0.058026,9.745967
1755407769473,0.260818,-0.060419,9.932607
1755407769475,0.31346,-0.06999,9.801002
1755407769481,0.270389,-0.014955,9.812965
1755407769483,0.267996,0.020937,10.040583
1755407769484,0.272782,0.064008,9.9015
1755407769485,0.234497,0.028116,9.906285
1755407769487,0.29671,-0.048455,9.729217
1755407769490,0.253639,-0.084347,9.959227
1755407769492,0.270389,-0.038883,9.815358
1755407769495,0.27996,0.013759,9.829716
1755407769497,0.267996,0.030508,10.023833
1755407769499,0.29671,0.061615,9.801002
1755407769502,0.236889,-0.065204,9.934999
1755407769504,0.284746,-0.091525,9.726824
1755407769507,0.287139,-0.034098,9.870394
1755407769509,0.270389,0.073579,10.031012
1755407769511,0.311067,0.097508,9.930214
1755407769515,0.287139,-0.036491,9.915857
1755407769516,0.306281,-0.141775,9.705289
1755407769518,0.277567,-0.060419,9.844072
1755407769521,0.306281,0.047258,10.035797
1755407769523,0.284746,0.104686,9.903893
1755407769526,0.267996,-0.046062,9.913465
1755407769528,0.289532,-0.144168,9.731609
1755407769532,0.315853,-0.046062,9.889536
1755407769533,0.29671,0.102293,10.014262
1755407769535,0.287139,0.078365,9.846465
1755407769537,0.287139,-0.089133,9.848858
1755407769540,0.301496,-0.151346,9.784252
1755407769542,0.301496,-0.010169,9.949656
1755407769546,0.294317,0.102293,9.973584
1755407769548,0.265603,0.020937,9.772287
1755407769550,0.260818,-0.158524,9.84168
1755407769552,0.311067,-0.108275,9.903893
1755407769555,0.284746,0.066401,9.915857
1755407769557,0.27996,0.052044,9.911072
1755407769559,0.308674,-0.101097,9.801002
1755407769563,0.315853,-0.093918,9.961619
1755407769564,0.27996,0.04008,9.868001
1755407769567,0.246461,-0.007777,9.844072
1755407769569,0.31346,-0.062812,9.894321
1755407769572,0.33021,-0.029312,9.906285
1755407769574,0.263211,0.02333,9.853643
1755407769576,0.251246,-0.041276,9.934999
1755407769580,0.323031,-0.043669,9.848858
1755407769581,0.282353,-0.024526,9.856036
1755407769583,0.282353,-0.017348,9.887143
1755407769586,0.320638,-0.000598,9.82493
1755407769588,0.289532,-0.043669,9.932607
1755407769590,0.306281,0.001795,9.860822
1755407769593,0.275175,-0.038883,9.875179
1755407769597,0.308674,-0.041276,9.877572
1755407769599,0.306281,-0.022134,9.870394
1755407769601,0.258425,-0.038883,9.923036
1755407769603,0.318245,-0.024526,9.858429
1755407769605,0.318245,-0.012562,9.899107
1755407769607,0.299103,-0.014955,9.870394
1755407769609,0.272782,-0.026919,9.91825
1755407769614,0.265603,-0.036491,9.887143
1755407769616,0.291924,-0.012562,9.820144
1755407769617,0.27996,-0.029312,9.920643
1755407769619,0.315853,-0.017348,9.832108
1755407769622,0.275175,-0.038883,9.920643
1755407769624,0.270389,-0.022134,9.882358
1755407769626,0.303888,-0.014955,9.88475
1755407769629,0.265603,-0.010169,9.896714
1755407769632,0.303888,-0.010169,9.877572
1755407769634,0.277567,-0.048455,9.891929
1755407769636,0.287139,-0.029312,9.844072
1755407769638,0.282353,-0.007777,9.927821
1755407769641,0.282353,-0.000598,9.829716
1755407769643,0.284746,-0.048455,9.915857
1755407769646,0.311067,-0.010169,9.858429
1755407769648,0.308674,-0.012562,9.875179
1755407769651,0.260818,-0.026919,9.844072
1755407769653,0.27996,-0.010169,9.932607
1755407769655,0.315853,-0.000598,9.853643
1755407769658,0.263211,-0.031705,9.865608
1755407769660,0.308674,-0.055633,9.915857
1755407769662,0.33021,-0.019741,9.848858
1755407769665,0.289532,-0.036491,9.882358
1755407769668,0.287139,-0.029312,9.877572
1755407769669,0.294317,0.004187,9.91825
1755407769672,0.282353,-0.022134,9.801002
1755407769675,0.248854,-0.048455,9.937392
1755407769677,0.275175,-0.000598,9.860822
1755407769679,0.256032,0.004187,9.891929
1755407769681,0.22014,-0.000598,9.891929
1755407769684,0.294317,-0.031705,9.805787
1755407769686,0.272782,-0.084347,9.973584
1755407769689,0.303888,0.04008,9.870394
1755407769691,0.270389,0.016152,9.899107
1755407769694,0.306281,-0.007777,9.887143
1755407769696,0.27996,-0.038883,9.851251
1755407769700,0.244068,-0.041276,9.887143
1755407769701,0.256032,-0.074776,9.870394
1755407769703,0.308674,-0.026919,9.906285
1755407769706,0.315853,-0.05324,9.860822
1755407769708,0.258425,0.001795,9.875179
1755407769710,0.289532,-0.010169,9.872787
1755407769713,0.318245,-0.031705,9.913465
1755407769717,0.308674,0.032901,9.877572
1755407769719,0.301496,-0.043669,9.786645
1755407769720,0.291924,-0.055633,9.932607
1755407769722,0.337388,-0.000598,9.84168
1755407769725,0.241675,0.020937,9.891929
1755407769727,0.325424,0.00658,9.899107
1755407769730,0.301496,-0.062812,9.870394
1755407769733,0.256032,-0.050847,9.891929
1755407769736,0.287139,-0.022134,9.9015
1755407769737,0.301496,-0.036491,9.822537
1755407769739,0.260818,-0.079561,9.903893
1755407769741,0.325424,-0.014955,9.870394
1755407769744,0.287139,-0.019741,9.82493
1755407769746,0.282353,-0.038883,9.980762
1755407769751,0.327817,0.018544,9.877572
1755407769753,0.267996,-0.046062,9.906285
1755407769754,0.260818,-0.041276,9.88475
1755407769756,0.294317,-0.024526,9.894321
1755407769758,0.248854,-0.007777,9.896714
1755407769760,0.272782,-0.002991,9.877572
1755407769763,0.299103,-0.014955,9.877572
1755407769765,0.291924,0.016152,9.870394
1755407769768,0.289532,-0.036491,9.858429
1755407769770,0.270389,-0.005384,9.903893
1755407769772,0.299103,-0.019741,9.84168
1755407769776,0.289532,-0.036491,9.911072
1755407769778,0.301496,-0.017348,9.863214
1755407769780,0.277567,-0.026919,9.877572
1755407769782,0.267996,-0.058026,9.877572
1755407769785,0.301496,-0.034098,9.870394
1755407769787,0.287139,-0.014955,9.848858
1755407769789,0.277567,0.013759,9.920643
1755407769792,0.29671,0.00658,9.798609
1755407769794,0.263211,-0.014955,9.954441
1755407769797,0.344566,-0.034098,9.848858
1755407769799,0.277567,-0.010169,9.894321
1755407769801,0.277567,-0.031705,9.899107
1755407769804,0.320638,-0.022134,9.870394
1755407769806,0.263211,-0.05324,9.889536
1755407769808,0.258425,-0.000598,9.88475
1755407769811,0.299103,0.001795,9.858429
1755407769813,0.299103,-0.031705,9.896714
1755407769816,0.287139,-0.002991,9.860822
1755407769819,0.27996,-0.029312,9.903893
1755407769821,0.282353,-0.014955,9.858429
1755407769823,0.27996,-0.034098,9.879965
1755407769825,0.277567,-0.022134,9.877572
1755407769827,0.284746,-0.036491,9.9015
1755407769830,0.275175,-0.022134,9.887143
1755407769832,0.277567,-0.024526,9.875179
1755407769835,0.275175,-0.022134,9.879965
1755407769838,0.275175,-0.012562,9.88475
1755407769839,0.253639,-0.026919,9.875179
1755407769843,0.275175,-0.038883,9.856036
1755407769844,0.270389,-0.060419,9.9015
1755407769847,0.284746,-0.046062,9.875179
1755407769849,0.301496,-0.05324,9.851251
1755407769851,0.303888,-0.036491,9.88475
1755407769854,0.301496,-0.026919,9.894321
1755407769857,0.265603,-0.055633,9.889536
1755407769859,0.277567,-0.019741,9.891929
1755407769861,0.287139,-0.010169,9.848858
1755407769864,0.299103,0.008973,9.872787
1755407769866,0.277567,-0.019741,9.894321
1755407769869,0.265603,0.001795,9.882358
1755407769871,0.275175,-0.026919,9.891929
1755407769873,0.270389,-0.041276,9.889536
1755407769875,0.287139,-0.050847,9.856036
1755407769878,0.294317,-0.029312,9.844072
1755407769881,0.29671,-0.007777,9.899107
1755407769883,0.270389,-0.012562,9.88475
1755407769886,0.294317,-0.022134,9.856036
1755407769888,0.282353,-0.002991,9.899107
1755407769890,0.284746,0.013759,9.908679
1755407769892,0.303888,-0.014955,9.889536
1755407769895,0.267996,-0.007777,9.9015
1755407769898,0.27996,-0.019741,9.879965
1755407769900,0.284746,-0.024526,9.872787
1755407769903,0.284746,-0.019741,9.860822
1755407769905,0.303888,-0.038883,9.879965
1755407769907,0.29671,-0.014955,9.887143
1755407769909,0.294317,-0.012562,9.894321
1755407769911,0.244068,-0.022134,9.865608
1755407769914,0.291924,-0.002991,9.891929
1755407769916,0.306281,-0.014955,9.889536
1755407769920,0.263211,-0.022134,9.872787
1755407769921,0.289532,-0.019741,9.872787
1755407769923,0.291924,-0.012562,9.88475
1755407769926,0.272782,-0.022134,9.891929
1755407769928,0.287139,-0.024526,9.911072
1755407769931,0.315853,-0.031705,9.882358
1755407769933,0.291924,-0.014955,9.894321
1755407769937,0.241675,-0.017348,9.877572
1755407769939,0.301496,-0.014955,9.88475
1755407769941,0.27996,-0.026919,9.863214
1755407769943,0.265603,-0.019741,9.913465
1755407769945,0.289532,-0.014955,9.887143
1755407769948,0.287139,-0.007777,9.858429
1755407769950,0.301496,-0.024526,9.88475
1755407769952,0.303888,-0.038883,9.879965
1755407769955,0.291924,-0.017348,9.889536
1755407769957,0.282353,-0.043669,9.870394
1755407769960,0.270389,-0.026919,9.889536
1755407769962,0.282353,-0.012562,9.882358
1755407769964,0.275175,-0.029312,9.858429
1755407769966,0.289532,-0.043669,9.88475
1755407769969,0.299103,-0.010169,9.875179
1755407769972,0.277567,-0.029312,9.9015
1755407769974,0.284746,-0.036491,9.882358
1755407769976,0.306281,-0.026919,9.879965
1755407769979,0.265603,-0.005384,9.88475
1755407769981,0.270389,-0.026919,9.877572
1755407769984,0.308674,-0.041276,9.877572
1755407769986,0.282353,-0.026919,9.868001
1755407769989,0.270389,-0.005384,9.865608
1755407769991,0.265603,0.004187,9.911072
1755407769993,0.29671,-0.014955,9.887143
1755407769995,0.306281,-0.038883,9.882358
1755407769998,0.291924,-0.005384,9.865608
1755407770000,0.289532,-0.002991,9.915857
1755407770002,0.289532,-0.050847,9.896714
1755407770005,0.346959,-0.043669,9.877572
1755407770007,0.320638,-0.041276,9.877572
1755407770009,0.294317,-0.058026,9.870394
1755407770012,0.282353,-0.026919,9.887143
1755407770015,0.277567,-0.019741,9.879965
1755407770017,0.277567,-0.002991,9.891929
1755407770019,0.308674,-0.022134,9.870394
1755407770022,0.256032,-0.005384,9.9015
1755407770024,0.282353,-0.055633,9.872787
1755407770026,0.275175,-0.038883,9.875179
1755407770029,0.272782,-0.031705,9.891929
1755407770031,0.277567,-0.034098,9.879965
1755407770033,0.267996,-0.034098,9.853643
1755407770036,0.318245,-0.014955,9.9015
1755407770039,0.299103,-0.010169,9.875179
1755407770041,0.272782,0.011366,9.868001
1755407770043,0.282353,-0.002991,9.872787
1755407770045,0.289532,-0.019741,9.879965
1755407770048,0.303888,-0.014955,9.868001
1755407770050,0.325424,-0.048455,9.877572
1755407770053,0.284746,-0.026919,9.872787
1755407770055,0.263211,0.028116,9.9015
1755407770060,0.29671,-0.012562,9.863214
1755407770060,0.275175,-0.034098,9.882358
1755407770063,0.263211,-0.026919,9.853643
1755407770065,0.294317,-0.026919,9.844072
1755407770067,0.306281,-0.079561,9.853643
1755407770069,0.311067,-0.043669,9.985548
1755407770073,0.275175,0.061615,9.908679
1755407770075,0.289532,-0.019741,9.868001
1755407770077,0.29671,-0.058026,9.915857
1755407770079,0.31346,-0.060419,9.726824
1755407770082,0.22014,-0.077169,10.078868
1755407770084,0.37328,0.02333,9.65504
1755407770086,0.17677,-0.026919,10.129117
1755407770089,0.354138,0.013759,9.597611
1755407770091,0.208176,-0.072383,10.119546
1755407770093,0.385244,0.025723,9.645468
1755407770096,0.20339,-0.067597,10.100404
1755407770098,0.337388,0.04008,9.674182
1755407770101,0.222533,-0.065204,10.074082
1755407770103,0.354138,0.030508,9.734002
1755407770107,0.251246,-0.06999,9.997512
1755407770108,0.315853,0.016152,9.789038
1755407770110,0.267996,-0.067597,9.949656
1755407770112,0.263211,0.011366,9.856036
1755407770115,0.318245,-0.046062,9.911072
1755407770117,0.265603,0.011366,9.9015
1755407770120,0.311067,-0.081954,9.872787
1755407770122,0.234497,0.008973,9.952048
1755407770125,0.351745,-0.043669,9.82493
1755407770127,0.244068,0.00658,9.939785
1755407770129,0.358923,-0.048455,9.82493
1755407770132,0.195912,-0.014955,9.980762
1755407770134,0.354138,-0.043669,9.801002
1755407770136,0.236889,-0.002991,9.956834
1755407770139,0.334995,-0.041276,9.803394
1755407770142,0.222533,-0.005384,9.973584
1755407770144,0.354138,-0.031705,9.836894
1755407770146,0.232104,0.018544,9.9015
1755407770149,0.344566,-0.031705,9.829716
1755407770151,0.244068,0.00658,9.915857
1755407770153,0.303888,-0.022134,9.853643
1755407770156,0.236889,-0.005384,9.9015
1755407770158,0.299103,-0.022134,9.908679
1755407770162,0.234497,-0.026919,9.865608
1755407770163,0.306281,-0.048455,9.930214
1755407770166,0.277567,0.011366,9.836894
1755407770168,0.256032,-0.038883,9.959227
1755407770170,0.29671,0.013759,9.762716
1755407770172,0.256032,-0.065204,10.011869
1755407770176,0.282353,0.016152,9.741181
1755407770181,0.282353,-0.029312,10.035797
1755407770182,0.308674,0.001795,9.678967
1755407770183,0.270389,-0.050847,10.083653
1755407770185,0.337388,-0.014955,9.645468
1755407770187,0.251246,-0.026919,10.090832
1755407770189,0.334995,0.00658,9.659825
1755407770192,0.246461,-0.046062,10.100404
1755407770194,0.339781,-0.010169,9.678967
1755407770197,0.208176,-0.055633,10.078868
1755407770199,0.361316,-0.026919,9.700503
1755407770202,0.22014,-0.06999,10.016655
1755407770203,0.315853,0.004187,9.745967
1755407770206,0.251246,-0.058026,10.045368
1755407770209,0.315853,0.016152,9.79143
1755407770211,0.27996,-0.067597,9.937392
1755407770213,0.287139,-0.010169,9.870394
1755407770216,0.31346,-0.060419,9.932607
1755407770218,0.248854,0.013759,9.88475
1755407770220,0.303888,-0.067597,9.923036
1755407770223,0.244068,-0.024526,9.906285
1755407770226,0.387637,-0.014955,9.781859
1755407770227,0.208176,-0.029312,10.069297
1755407770230,0.392423,-0.012562,9.600004
1755407770232,0.179163,-0.058026,10.117153
1755407770235,0.409173,-0.002991,9.652647
1755407770237,0.179163,-0.067597,10.126724
1755407770240,0.378066,0.035294,9.736395
1755407770242,0.200997,-0.093918,10.033404
1755407770245,0.311067,0.047258,9.769895
1755407770247,0.284746,-0.022134,9.844072
1755407770250,0.253639,-0.014955,10.019048
1755407770251,0.349352,0.042473,9.762716
1755407770254,0.191127,-0.050847,10.014262
1755407770256,0.354138,0.032901,9.743574
1755407770259,0.253639,-0.081954,9.896714
1755407770262,0.241675,-0.026919,9.973584
1755407770264,0.339781,0.020937,9.812965
1755407770266,0.198604,-0.079561,9.920643
1755407770268,0.315853,-0.000598,9.877572
1755407770271,0.332602,-0.012562,9.846465
1755407770273,0.210568,-0.055633,10.042975
1755407770277,0.380459,0.018544,9.784252
1755407770279,0.227318,-0.055633,9.913465
1755407770281,0.241675,-0.012562,9.961619
1755407770284,0.361316,-0.007777,9.786645
1755407770285,0.260818,-0.058026,9.858429
1755407770287,0.282353,-0.024526,9.949656
1755407770290,0.337388,0.042473,9.834501
1755407770294,0.253639,-0.000598,9.844072
1755407770295,0.260818,-0.034098,9.760324
1755407770297,0.315853,-0.058026,9.990334
1755407770300,0.315853,0.071186,9.772287
1755407770302,0.275175,-0.10349,9.915857
1755407770305,0.334995,0.001795,10.042975
1755407770307,0.265603,0.044865,9.84168
1755407770309,0.246461,-0.022134,9.834501
1755407770312,0.256032,-0.089133,9.767502
1755407770314,0.31346,-0.017348,9.971191
1755407770316,0.29671,0.064008,9.836894
1755407770319,0.263211,-0.096311,9.903893
1755407770321,0.33021,-0.050847,10.066904
1755407770323,0.294317,0.037687,9.760324
1755407770326,0.284746,-0.038883,9.810573
1755407770329,0.325424,-0.127418,9.815358
1755407770331,0.342174,-0.038883,10.019048
1755407770333,0.299103,0.054437,9.832108
1755407770335,0.217747,-0.117847,9.856036
1755407770338,0.358923,-0.060419,10.064511
1755407770340,0.287139,0.068794,9.745967
1755407770342,0.232104,-0.050847,9.810573
1755407770346,0.308674,-0.046062,10.021441
1755407770347,0.323031,0.016152,9.757931
1755407770350,0.212961,-0.050847,9.820144
1755407770352,0.260818,-0.046062,10.028619
1755407770354,0.368495,0.02333,9.810573
1755407770357,0.236889,-0.029312,9.820144
1755407770359,0.248854,-0.038883,9.985548
1755407770362,0.378066,0.025723,9.877572
1755407770364,0.208176,-0.096311,9.913465
1755407770367,0.272782,-0.046062,9.860822
1755407770369,0.354138,-0.007777,9.745967
1755407770371,0.179163,-0.046062,10.064511
1755407770374,0.378066,0.052044,9.786645
1755407770376,0.217747,-0.072383,9.987941
1755407770379,0.306281,-0.010169,9.868001
1755407770381,0.334995,-0.038883,9.82493
1755407770383,0.17677,-0.019741,9.987941
1755407770386,0.375673,0.00658,9.724431
1755407770388,0.186341,-0.055633,10.040583
1755407770391,0.339781,0.001795,9.698111
1755407770393,0.215354,-0.055633,10.052547
1755407770396,0.344566,-0.017348,9.707682
1755407770398,0.210568,-0.022134,10.028619
1755407770401,0.323031,-0.012562,9.724431
1755407770403,0.179163,-0.050847,10.047761
1755407770405,0.354138,-0.036491,9.712467
1755407770407,0.205783,-0.007777,10.023833
1755407770410,0.33021,-0.002991,9.700503
1755407770412,0.241675,-0.036491,10.00469
1755407770415,0.306281,-0.000598,9.798609
1755407770418,0.248854,-0.007777,9.956834
1755407770419,0.287139,-0.000598,9.942178
1755407770422,0.291924,-0.007777,9.803394
1755407770424,0.258425,-0.060419,9.952048
1755407770427,0.323031,-0.041276,9.777073
1755407770429,0.267996,-0.019741,9.980762
1755407770431,0.320638,-0.036491,9.844072
1755407770434,0.248854,-0.017348,9.899107
1755407770436,0.29671,-0.014955,9.932607
1755407770439,0.289532,0.008973,9.848858
1755407770441,0.260818,-0.036491,9.947263
1755407770444,0.291924,-0.043669,9.848858
1755407770447,0.258425,-0.014955,9.899107
1755407770449,0.299103,-0.005384,9.911072
1755407770451,0.287139,-0.036491,9.836894
1755407770453,0.277567,-0.029312,9.908679
1755407770455,0.253639,-0.05324,9.868001
1755407770457,0.277567,-0.024526,9.891929
1755407770460,0.289532,-0.005384,9.927821
1755407770464,0.277567,-0.014955,9.789038
1755407770465,0.263211,-0.05324,9.961619
1755407770469,0.289532,0.001795,9.879965
1755407770470,0.284746,-0.022134,9.930214
1755407770472,0.303888,-0.041276,9.863214
1755407770474,0.289532,-0.024526,9.915857
1755407770477,0.291924,-0.014955,9.832108
1755407770480,0.260818,-0.031705,9.9015
1755407770482,0.287139,-0.031705,9.767502
1755407770484,0.265603,-0.065204,9.961619
1755407770486,0.311067,0.008973,9.846465
1755407770489,0.244068,-0.041276,9.913465
1755407770491,0.270389,-0.034098,9.915857
1755407770494,0.320638,0.008973,9.992726
1755407770496,0.287139,0.028116,9.77468
1755407770498,0.315853,-0.048455,9.939785
1755407770501,0.303888,-0.091525,9.846465
1755407770503,0.270389,-0.026919,9.889536
1755407770505,0.27996,0.030508,9.987941
1755407770508,0.306281,0.087936,9.846465
1755407770511,0.272782,-0.036491,9.990334
1755407770513,0.284746,-0.096311,9.753145
1755407770517,0.284746,-0.091525,9.834501
1755407770518,0.301496,0.013759,9.947263
1755407770522,0.282353,0.061615,9.985548
1755407770524,0.256032,-0.022134,9.947263
1755407770525,0.253639,-0.117847,9.700503
1755407770527,0.29671,-0.122632,9.810573
1755407770529,0.311067,-0.022134,9.952048
1755407770533,0.291924,0.080758,10.047761
1755407770535,0.275175,0.032901,9.944571
1755407770537,0.27996,-0.093918,9.664611
1755407770539,0.284746,-0.136989,9.810573
1755407770542,0.303888,-0.036491,9.908679
1755407770544,0.303888,0.05683,10.07169
1755407770547,0.275175,0.020937,9.927821
1755407770549,0.272782,-0.043669,9.695718
1755407770551,0.270389,-0.125025,9.879965
1755407770554,0.289532,-0.081954,9.923036
1755407770556,0.301496,0.047258,9.896714
1755407770558,0.289532,0.037687,9.920643
1755407770561,0.299103,-0.017348,9.820144
1755407770563,0.287139,-0.065204,9.961619
1755407770566,0.311067,-0.113061,9.726824
1755407770568,0.311067,-0.010169,10.021441
1755407770571,0.303888,0.05683,9.911072
1755407770573,0.241675,0.025723,9.810573
1755407770575,0.277567,-0.060419,9.944571
1755407770577,0.294317,-0.089133,9.719646
1755407770580,0.272782,-0.017348,10.002297
1755407770583,0.299103,0.044865,9.894321
1755407770585,0.272782,-0.022134,9.84168
1755407770587,0.282353,-0.017348,9.968799
1755407770590,0.267996,-0.113061,9.743574
1755407770592,0.275175,-0.005384,9.939785
1755407770594,0.31346,0.049651,9.954441
1755407770597,0.272782,-0.017348,9.920643
1755407770600,0.277567,-0.031705,9.805787
1755407770603,0.332602,-0.036491,9.827323
1755407770604,0.277567,-0.093918,9.954441
1755407770606,0.332602,0.016152,9.870394
1755407770609,0.258425,0.00658,9.741181
1755407770611,0.251246,-0.031705,10.13151
1755407770614,0.301496,0.001795,9.683753
1755407770617,0.256032,-0.06999,9.891929
1755407770620,0.301496,-0.026919,9.894321
1755407770621,0.320638,0.030508,9.779466
1755407770623,0.227318,0.016152,10.062119
1755407770625,0.380459,0.047258,9.810573
1755407770628,0.267996,-0.012562,9.932607
1755407770630,0.256032,-0.077169,9.793823
1755407770634,0.306281,-0.034098,9.939785
1755407770637,0.267996,-0.043669,9.851251
1755407770639,0.267996,0.035294,9.829716
1755407770640,0.287139,0.04008,10.076475
1755407770642,0.299103,0.013759,9.812965
1755407770644,0.27996,-0.055633,9.836894
1755407770647,0.308674,-0.050847,9.769895
1755407770650,0.229711,-0.048455,9.973584
1755407770652,0.265603,-0.014955,9.772287
1755407770654,0.246461,-0.019741,9.84168
1755407770656,0.27996,0.004187,10.064511
1755407770659,0.31346,0.030508,9.853643
1755407770661,0.334995,-0.041276,9.894321
1755407770664,0.323031,-0.029312,9.753145
1755407770666,0.272782,-0.055633,9.97837
1755407770669,0.275175,-0.024526,9.803394
1755407770671,0.282353,0.00658,9.789038
1755407770673,0.27996,-0.007777,10.023833
1755407770676,0.308674,0.020937,9.942178
1755407770678,0.301496,-0.024526,9.839287
1755407770680,0.334995,-0.058026,9.700503
1755407770683,0.29671,-0.055633,9.968799
1755407770686,0.323031,-0.002991,9.97837
1755407770688,0.303888,0.059222,9.846465
1755407770690,0.244068,0.028116,9.865608
1755407770693,0.27996,-0.046062,9.860822
1755407770695,0.284746,-0.05324,9.954441
1755407770697,0.284746,-0.055633,9.702896
1755407770701,0.289532,-0.002991,9.851251
1755407770703,0.284746,0.042473,10.07169
1755407770704,0.267996,0.05683,9.9015
1755407770707,0.246461,-0.024526,9.781859
1755407770709,0.308674,-0.098704,9.736395
1755407770712,0.244068,-0.055633,9.937392
1755407770714,0.306281,0.020937,9.949656
1755407770716,0.275175,0.020937,9.853643
1755407770719,0.256032,-0.000598,9.983155
1755407770721,0.31346,-0.067597,9.750752
1755407770724,0.267996,-0.113061,9.88475
1755407770726,0.291924,-0.031705,9.877572
1755407770728,0.318245,0.047258,10.050154
1755407770731,0.248854,0.059222,9.777073
1755407770733,0.282353,-0.055633,9.812965
1755407770736,0.282353,-0.079561,9.887143
1755407770738,0.33021,-0.007777,9.803394
1755407770740,0.256032,0.020937,9.999905
1755407770743,0.311067,0.020937,9.88475
1755407770745,0.265603,-0.048455,9.896714
1755407770747,0.246461,-0.034098,9.779466
1755407770750,0.315853,-0.029312,9.870394
1755407770754,0.253639,-0.038883,9.964012
1755407770755,0.334995,-0.000598,9.741181
1755407770757,0.244068,-0.012562,10.100404
1755407770759,0.306281,0.011366,9.767502
1755407770762,0.256032,-0.031705,9.942178
1755407770764,0.277567,-0.105882,9.745967
1755407770766,0.287139,-0.017348,9.851251
1755407770769,0.265603,0.008973,10.042975
1755407770771,0.29671,0.068794,9.82493
1755407770774,0.270389,-0.014955,9.975977
1755407770776,0.282353,-0.074776,9.741181
1755407770779,0.244068,-0.065204,9.954441
1755407770781,0.311067,-0.029312,9.812965
1755407770784,0.253639,-0.000598,9.923036
1755407770787,0.291924,0.001795,9.88475
1755407770788,0.282353,-0.031705,9.877572
1755407770791,0.318245,-0.06999,9.877572
1755407770794,0.272782,-0.014955,9.839287
1755407770796,0.291924,-0.019741,9.894321
1755407770798,0.267996,-0.017348,9.88475
1755407770801,0.277567,-0.012562,9.899107
1755407770803,0.272782,-0.031705,9.877572
1755407770805,0.284746,-0.041276,9.872787
1755407770807,0.263211,-0.019741,9.872787
1755407770810,0.260818,-0.022134,9.875179
1755407770812,0.291924,-0.022134,9.899107
1755407770814,0.311067,-0.038883,9.858429
1755407770817,0.284746,-0.029312,9.877572
1755407770820,0.253639,0.00658,9.879965
1755407770822,0.265603,-0.050847,9.882358
1755407770824,0.284746,-0.041276,9.88475
1755407770826,0.275175,-0.017348,9.870394
1755407770829,0.291924,-0.036491,9.858429
1755407770831,0.284746,-0.026919,9.877572
1755407770834,0.318245,-0.038883,9.889536
1755407770837,0.311067,-0.05324,9.858429
1755407770840,0.267996,0.004187,9.882358
1755407770841,0.294317,-0.000598,9.88475
1755407770844,0.265603,-0.002991,9.894321
1755407770846,0.323031,-0.014955,9.887143
1755407770848,0.282353,-0.026919,9.88475
1755407770851,0.289532,-0.000598,9.872787
1755407770853,0.27996,-0.048455,9.911072
1755407770856,0.306281,-0.012562,9.88475
1755407770858,0.239282,-0.046062,9.863214
1755407770861,0.284746,-0.026919,9.875179
1755407770864,0.303888,-0.000598,9.848858
1755407770865,0.246461,-0.010169,9.882358
1755407770867,0.272782,-0.024526,9.875179
1755407770870,0.29671,-0.017348,9.865608
1755407770872,0.267996,-0.036491,9.891929
1755407770875,0.272782,-0.014955,9.899107
1755407770877,0.275175,0.004187,9.860822
1755407770880,0.289532,-0.022134,9.923036
1755407770882,0.265603,-0.007777,9.925428
1755407770884,0.294317,0.001795,9.879965
1755407770887,0.267996,0.00658,9.91825
1755407770890,0.301496,-0.024526,9.80818
1755407770892,0.301496,-0.022134,9.882358
1755407770894,0.277567,-0.017348,9.882358
1755407770896,0.272782,-0.010169,9.896714
1755407770898,0.275175,-0.019741,9.865608
1755407770901,0.275175,-0.002991,9.908679
1755407770905,0.265603,-0.007777,9.877572
1755407770907,0.282353,-0.024526,9.875179
1755407770908,0.31346,-0.017348,9.863214
1755407770910,0.272782,-0.014955,9.860822
1755407770913,0.291924,-0.026919,9.913465
1755407770916,0.277567,0.001795,9.887143
1755407770917,0.277567,-0.062812,9.865608
1755407770920,0.265603,-0.024526,9.877572
1755407770923,0.315853,-0.031705,9.853643
1755407770925,0.270389,0.001795,9.822537
1755407770927,0.301496,-0.031705,9.983155
1755407770930,0.289532,0.028116,9.856036
1755407770932,0.291924,-0.014955,9.995119
1755407770934,0.315853,-0.029312,9.750752
1755407770937,0.27996,-0.058026,9.97837
1755407770939,0.303888,-0.031705,9.79143
1755407770942,0.289532,-0.024526,9.872787
1755407770944,0.241675,-0.022134,9.939785
1755407770947,0.308674,0.02333,9.827323
1755407770949,0.277567,-0.031705,10.021441
1755407770951,0.303888,-0.026919,9.750752
1755407770954,0.229711,-0.012562,10.028619
1755407770956,0.291924,0.013759,9.710074
1755407770959,0.248854,-0.007777,10.019048
1755407770961,0.325424,-0.036491,9.760324
1755407770963,0.22014,-0.041276,9.975977
1755407770965,0.306281,-0.048455,9.798609
1755407770968,0.251246,-0.007777,9.934999
1755407770971,0.31346,-0.029312,9.848858
1755407770974,0.275175,-0.002991,9.913465
1755407770977,0.306281,-0.038883,9.879965
1755407770979,0.260818,-0.010169,9.856036
1755407770981,0.344566,-0.034098,9.927821
1755407770983,0.287139,-0.010169,9.848858
1755407770985,0.337388,-0.041276,9.915857
1755407770987,0.272782,-0.024526,9.848858
1755407770991,0.284746,-0.050847,9.932607
1755407770992,0.275175,-0.019741,9.860822
1755407770995,0.27996,-0.002991,9.868001
1755407770997,0.275175,-0.022134,9.879965
1755407770999,0.291924,-0.017348,9.868001
1755407771001,0.265603,-0.050847,9.887143
1755407771004,0.275175,-0.000598,9.858429
1755407771008,0.294317,-0.005384,9.872787
1755407771009,0.284746,-0.012562,9.875179
1755407771011,0.301496,-0.012562,9.891929
1755407771013,0.294317,-0.019741,9.860822
1755407771016,0.299103,-0.043669,9.875179
1755407771018,0.287139,-0.012562,9.889536
1755407771022,0.306281,-0.029312,9.891929
1755407771023,0.301496,-0.010169,9.875179
1755407771026,0.265603,-0.029312,9.88475
1755407771028,0.251246,-0.031705,9.889536
1755407771031,0.282353,-0.048455,9.860822
1755407771033,0.315853,-0.024526,9.9015
1755407771035,0.294317,-0.034098,9.894321
1755407771038,0.275175,-0.031705,9.899107
1755407771040,0.256032,-0.031705,9.88475
1755407771043,0.267996,-0.017348,9.877572
1755407771045,0.270389,-0.022134,9.891929
1755407771047,0.284746,-0.05324,9.879965
1755407771049,0.282353,-0.026919,9.896714
1755407771052,0.299103,-0.029312,9.877572
1755407771055,0.303888,-0.043669,9.863214
1755407771056,0.275175,-0.034098,9.879965
1755407771059,0.27996,-0.019741,9.887143
1755407771061,0.287139,0.001795,9.903893
1755407771064,0.303888,-0.029312,9.868001
1755407771066,0.31346,-0.024526,9.906285
1755407771068,0.303888,-0.019741,9.887143
1755407771071,0.260818,0.001795,9.911072
1755407771073,0.311067,-0.079561,9.817751
1755407771076,0.236889,-0.000598,9.973584
1755407771079,0.332602,-0.026919,9.729217
1755407771081,0.215354,-0.029312,9.952048
1755407771083,0.346959,-0.024526,9.803394
1755407771086,0.272782,-0.017348,9.865608
1755407771088,0.289532,-0.014955,9.91825
1755407771090,0.33021,-0.012562,9.82493
1755407771093,0.291924,-0.024526,9.997512
1755407771097,0.315853,0.035294,9.801002
1755407771098,0.241675,-0.026919,10.007083
1755407771100,0.272782,-0.031705,9.801002
1755407771102,0.241675,-0.055633,9.968799
1755407771105,0.289532,-0.05324,9.750752
1755407771107,0.270389,-0.077169,9.872787
1755407771110,0.306281,-0.017348,9.908679
1755407771112,0.325424,0.020937,9.88475
1755407771114,0.258425,0.018544,9.999905
1755407771117,0.277567,0.00658,9.79143
1755407771119,0.299103,-0.055633,9.925428
1755407771121,0.303888,-0.079561,9.769895
1755407771124,0.301496,-0.067597,9.805787
1755407771126,0.282353,0.030508,10.011869
1755407771128,0.267996,0.075972,9.983155
1755407771131,0.301496,-0.024526,9.966406
1755407771133,0.31346,-0.10349,9.671789
1755407771136,0.248854,-0.108275,9.889536
1755407771139,0.325424,-0.038883,9.9015
1755407771140,0.299103,0.047258,9.851251
1755407771144,0.272782,0.013759,9.983155
1755407771146,0.308674,0.04008,9.865608
1755407771148,0.244068,-0.022134,9.954441
1755407771150,0.301496,-0.060419,9.722038
1755407771152,0.265603,-0.046062,9.875179
1755407771155,0.299103,-0.002991,9.947263
1755407771157,0.289532,0.032901,9.860822
1755407771163,0.267996,0.001795,9.934999
1755407771165,0.323031,-0.010169,9.844072
1755407771166,0.275175,-0.060419,9.947263
1755407771168,0.308674,-0.06999,9.724431
1755407771170,0.301496,-0.058026,9.856036
1755407771172,0.294317,0.016152,9.992726
1755407771174,0.29671,0.066401,9.903893
1755407771177,0.256032,-0.026919,9.899107
1755407771179,0.303888,-0.031705,9.760324
1755407771181,0.289532,-0.06999,9.968799
1755407771183,0.29671,-0.055633,9.848858
1755407771186,0.301496,0.004187,9.827323
1755407771189,0.244068,0.011366,9.944571
1755407771191,0.277567,0.011366,9.863214
1755407771195,0.258425,-0.060419,9.947263
1755407771196,0.299103,-0.101097,9.772287
1755407771198,0.29671,-0.022134,9.908679
1755407771201,0.277567,0.025723,9.896714
1755407771203,0.248854,0.00658,9.803394
1755407771205,0.258425,-0.096311,9.9015
1755407771207,0.303888,-0.072383,9.856036
1755407771211,0.301496,-0.014955,9.915857
1755407771214,0.287139,0.02333,9.927821
1755407771216,0.277567,0.011366,9.891929
1755407771217,0.272782,-0.055633,9.868001
1755407771219,0.287139,-0.012562,9.844072
1755407771222,0.303888,-0.010169,9.868001
1755407771224,0.282353,-0.005384,9.887143
1755407771227,0.284746,0.020937,9.911072
1755407771229,0.301496,-0.022134,9.84168
1755407771232,0.287139,-0.038883,9.882358
1755407771234,0.29671,-0.043669,9.868001
1755407771236,0.284746,-0.024526,9.887143
1755407771239,0.306281,-0.000598,9.913465
1755407771244,0.27996,-0.012562,9.891929
1755407771245,0.284746,-0.024526,9.779466
1755407771246,0.256032,-0.065204,9.944571
1755407771249,0.277567,0.00658,9.91825
1755407771251,0.260818,-0.000598,9.812965
1755407771253,0.270389,-0.046062,9.927821
1755407771256,0.277567,-0.019741,9.836894
1755407771258,0.256032,-0.036491,9.88475
1755407771260,0.263211,-0.050847,9.856036
1755407771263,0.294317,-0.019741,9.899107
1755407771265,0.265603,-0.012562,9.934999
1755407771267,0.294317,-0.005384,9.889536
1755407771270,0.301496,-0.019741,9.860822
1755407771272,0.291924,-0.05324,9.868001
1755407771275,0.301496,-0.048455,9.894321
1755407771277,0.284746,-0.034098,9.879965
1755407771280,0.265603,-0.019741,9.896714
1755407771283,0.270389,-0.034098,9.887143
1755407771284,0.303888,0.001795,9.851251
1755407771287,0.267996,-0.036491,9.875179
1755407771290,0.265603,-0.010169,9.915857
1755407771291,0.327817,0.008973,9.822537
1755407771294,0.222533,-0.05324,9.995119
1755407771297,0.323031,-0.010169,9.870394
1755407771299,0.241675,0.018544,9.889536
1755407771301,0.263211,-0.002991,9.745967
1755407771303,0.270389,-0.079561,9.868001
1755407771306,0.284746,-0.041276,9.973584
1755407771308,0.29671,0.049651,9.971191
1755407771310,0.277567,0.037687,9.954441
1755407771314,0.337388,-0.084347,9.690931
1755407771317,0.287139,-0.144168,9.868001
1755407771319,0.291924,-0.055633,9.923036
1755407771320,0.320638,0.073579,9.872787
1755407771323,0.301496,0.042473,10.021441
1755407771325,0.332602,0.004187,9.803394
1755407771327,0.270389,-0.05324,9.966406
1755407771331,0.299103,-0.06999,9.726824
1755407771332,0.260818,-0.043669,9.930214
1755407771335,0.275175,-0.002991,9.896714
1755407771337,0.294317,0.028116,9.891929
1755407771339,0.265603,-0.034098,9.879965
1755407771342,0.267996,-0.024526,9.815358
1755407771344,0.270389,-0.041276,9.930214
1755407771348,0.267996,-0.05324,9.832108
1755407771350,0.306281,0.004187,9.939785
1755407771352,0.294317,-0.024526,9.836894
1755407771354,0.260818,-0.041276,9.868001
1755407771357,0.325424,-0.048455,9.899107
1755407771358,0.291924,-0.002991,9.822537
1755407771361,0.29671,-0.022134,10.047761
1755407771365,0.303888,0.020937,9.822537
1755407771366,0.282353,-0.014955,9.999905
1755407771369,0.33021,-0.041276,9.745967
1755407771371,0.299103,-0.062812,9.911072
1755407771373,0.287139,-0.055633,9.860822
1755407771375,0.308674,0.001795,9.860822
1755407771378,0.299103,0.001795,10.014262
1755407771380,0.315853,0.028116,9.793823
1755407771383,0.256032,-0.038883,9.997512
1755407771385,0.291924,-0.060419,9.734002
1755407771387,0.27996,-0.055633,9.88475
1755407771390,0.31346,-0.002991,9.894321
1755407771392,0.299103,0.008973,9.882358
1755407771394,0.263211,-0.005384,10.002297
1755407771397,0.315853,-0.031705,9.786645
1755407771400,0.258425,-0.074776,9.952048
1755407771402,0.303888,-0.041276,9.781859
1755407771404,0.29671,-0.005384,9.934999
1755407771407,0.308674,-0.002991,9.894321
1755407771409,0.294317,0.008973,9.856036
1755407771411,0.275175,-0.041276,9.882358
1755407771414,0.287139,-0.019741,9.853643
1755407771417,0.294317,-0.029312,9.911072
1755407771420,0.275175,-0.048455,9.860822
1755407771421,0.282353,-0.024526,9.934999
1755407771424,0.267996,0.001795,9.882358
1755407771426,0.303888,-0.010169,9.846465
1755407771428,0.275175,-0.055633,9.9015
1755407771430,0.289532,-0.043669,9.851251
1755407771433,0.27996,-0.005384,9.896714
1755407771435,0.272782,0.004187,9.868001
1755407771437,0.265603,-0.019741,9.875179
1755407771441,0.267996,-0.022134,9.887143
1755407771443,0.291924,-0.043669,9.865608
1755407771445,0.272782,-0.000598,9.877572
1755407771447,0.303888,-0.010169,9.891929
1755407771451,0.272782,-0.031705,9.891929
1755407771452,0.31346,-0.036491,9.908679
1755407771455,0.291924,0.001795,9.844072
1755407771457,0.29671,-0.012562,9.877572
1755407771459,0.248854,-0.005384,9.913465
1755407771462,0.27996,-0.024526,9.865608
1755407771464,0.289532,0.004187,9.846465
1755407771467,0.282353,-0.024526,9.920643
1755407771471,0.253639,-0.026919,9.848858
1755407771472,0.282353,0.008973,9.906285
1755407771474,0.284746,-0.019741,9.846465
1755407771476,0.308674,-0.026919,9.870394
1755407771479,0.323031,-0.002991,9.91825
1755407771481,0.287139,0.004187,9.889536
1755407771483,0.275175,-0.029312,9.863214
1755407771486,0.246461,-0.031705,9.88475
1755407771488,0.284746,-0.005384,9.889536
1755407771491,0.29671,-0.019741,9.88475
1755407771493,0.287139,-0.022134,9.872787
1755407771495,0.263211,-0.029312,9.899107
1755407771497,0.294317,-0.014955,9.877572
1755407771500,0.306281,-0.014955,9.851251
1755407771503,0.29671,-0.029312,9.894321
1755407771505,0.248854,-0.026919,9.894321
1755407771507,0.287139,-0.017348,9.844072
1755407771509,0.29671,-0.002991,9.887143
1755407771512,0.282353,-0.007777,9.877572
1755407771514,0.291924,-0.019741,9.865608
1755407771518,0.270389,-0.024526,9.911072
1755407771520,0.303888,-0.024526,9.856036
1755407771521,0.289532,-0.055633,9.887143
1755407771524,0.289532,-0.022134,9.906285
1755407771527,0.287139,-0.029312,9.860822
1755407771529,0.308674,-0.022134,9.877572
1755407771531,0.299103,-0.022134,9.882358
1755407771534,0.282353,-0.029312,9.889536
1755407771536,0.287139,-0.010169,9.882358
1755407771539,0.289532,-0.007777,9.911072
1755407771541,0.253639,-0.043669,9.891929
1755407771543,0.272782,-0.022134,9.832108
1755407771545,0.246461,-0.041276,9.925428
1755407771548,0.31346,0.020937,9.911072
1755407771552,0.267996,-0.058026,9.741181
1755407771554,0.241675,-0.050847,10.019048
1755407771557,0.342174,0.020937,9.815358
1755407771558,0.232104,-0.019741,10.007083
1755407771560,0.33021,-0.005384,9.827323
1755407771562,0.303888,-0.038883,9.80818
1755407771565,0.248854,-0.017348,10.002297
1755407771569,0.356531,0.00658,9.772287
1755407771570,0.236889,-0.055633,10.021441
1755407771572,0.323031,0.018544,9.803394
1755407771574,0.277567,-0.048455,9.784252
1755407771577,0.186341,-0.043669,10.00469
1755407771579,0.356531,0.025723,9.789038
1755407771581,0.22014,-0.038883,9.985548
1755407771584,0.344566,0.020937,9.834501
1755407771587,0.334995,-0.048455,9.829716
1755407771589,0.265603,-0.026919,9.927821
1755407771591,0.349352,0.018544,9.805787
1755407771593,0.212961,-0.007777,9.985548
1755407771596,0.29671,0.02333,9.834501
1755407771598,0.267996,-0.058026,9.899107
1755407771600,0.253639,-0.024526,9.877572
1755407771603,0.344566,-0.005384,9.734002
1755407771605,0.236889,-0.031705,10.052547
1755407771609,0.358923,0.020937,9.798609
1755407771610,0.251246,-0.072383,9.949656
1755407771612,0.308674,0.004187,9.812965
1755407771615,0.33021,-0.002991,9.781859
1755407771617,0.212961,-0.041276,10.011869
1755407771620,0.368495,0.011366,9.738789
1755407771623,0.208176,-0.058026,10.062119
1755407771625,0.342174,-0.000598,9.772287
1755407771627,0.224925,-0.065204,9.995119
1755407771629,0.29671,-0.019741,9.84168
1755407771632,0.299103,-0.034098,9.836894
1755407771634,0.239282,-0.012562,9.915857
1755407771637,0.311067,-0.026919,9.846465
1755407771639,0.200997,-0.005384,9.870394
1755407771642,0.29671,-0.019741,9.844072
1755407771644,0.248854,-0.043669,9.954441
1755407771646,0.344566,0.016152,9.745967
1755407771649,0.241675,-0.000598,9.999905
1755407771651,0.334995,0.001795,9.769895
1755407771653,0.248854,-0.029312,9.990334
1755407771657,0.368495,-0.014955,9.851251
1755407771659,0.241675,-0.048455,9.983155
1755407771660,0.349352,-0.022134,9.844072
1755407771663,0.224925,-0.024526,9.959227
1755407771665,0.318245,-0.034098,9.731609
1755407771668,0.234497,-0.007777,10.028619
1755407771671,0.294317,-0.022134,9.765109
1755407771673,0.272782,-0.067597,9.868001
1755407771676,0.323031,-0.046062,9.930214
1755407771677,0.289532,0.008973,9.79143
1755407771680,0.270389,-0.026919,9.995119
1755407771682,0.318245,0.011366,9.868001
1755407771684,0.251246,-0.029312,9.927821
1755407771688,0.303888,-0.065204,9.71486
1755407771692,0.275175,-0.046062,9.911072
1755407771694,0.282353,-0.031705,9.944571
1755407771695,0.289532,0.008973,9.84168
1755407771697,0.282353,-0.007777,9.954441
1755407771699,0.303888,-0.002991,9.80818
1755407771701,0.253639,-0.065204,9.959227
1755407771705,0.277567,-0.074776,9.84168
1755407771707,0.301496,-0.022134,9.853643
1755407771708,0.284746,0.037687,9.959227
1755407771711,0.299103,0.061615,9.836894
1755407771713,0.253639,-0.065204,9.903893
1755407771716,0.308674,-0.091525,9.851251
1755407771718,0.318245,-0.017348,9.995119
1755407771722,0.289532,0.071186,9.952048
1755407771724,0.294317,-0.012562,9.745967
1755407771725,0.29671,-0.06999,9.968799
1755407771727,0.320638,-0.005384,9.829716
1755407771730,0.267996,-0.043669,9.798609
1755407771732,0.246461,-0.046062,9.863214
1755407771735,0.306281,0.018544,9.990334
1755407771739,0.284746,0.054437,9.858429
1755407771740,0.253639,-0.034098,9.913465
1755407771742,0.311067,-0.065204,9.786645
1755407771744,0.31346,-0.115454,9.856036
1755407771747,0.256032,-0.005384,9.954441
1755407771749,0.339781,0.109472,9.949656
1755407771751,0.260818,0.028116,9.82493
1755407771754,0.260818,-0.101097,9.915857
1755407771758,0.318245,-0.098704,9.79143
1755407771759,0.27996,-0.010169,9.903893
1755407771761,0.272782,0.013759,9.942178
1755407771763,0.31346,-0.007777,9.860822
1755407771766,0.244068,-0.038883,9.9015
1755407771768,0.272782,-0.031705,9.844072
1755407771773,0.299103,-0.022134,9.879965
1755407771774,0.303888,0.02333,9.911072
1755407771776,0.289532,0.013759,9.896714
1755407771778,0.311067,-0.002991,9.848858
1755407771780,0.265603,-0.055633,9.836894
1755407771783,0.27996,-0.038883,9.891929
1755407771785,0.27996,-0.012562,9.908679
1755407771787,0.31346,0.02333,9.889536
1755407771790,0.31346,-0.017348,9.863214
1755407771792,0.294317,-0.043669,9.91825
1755407771795,0.294317,-0.014955,9.879965
1755407771797,0.282353,-0.034098,9.894321
1755407771800,0.303888,-0.022134,9.872787
1755407771802,0.289532,-0.038883,9.899107
1755407771804,0.287139,-0.026919,9.863214
1755407771807,0.289532,-0.022134,9.870394
1755407771809,0.282353,-0.019741,9.899107
1755407771812,0.294317,-0.012562,9.882358
1755407771814,0.287139,-0.024526,9.889536
1755407771816,0.299103,-0.017348,9.872787
1755407771818,0.282353,-0.019741,9.906285
1755407771821,0.270389,-0.002991,9.875179
1755407771824,0.287139,0.011366,9.877572
1755407771827,0.29671,-0.031705,9.872787
1755407771828,0.277567,-0.046062,9.872787
1755407771831,0.31346,-0.036491,9.896714
1755407771833,0.303888,-0.046062,9.887143
1755407771835,0.301496,-0.024526,9.896714
1755407771838,0.299103,-0.038883,9.863214
1755407771841,0.332602,-0.036491,9.879965
1755407771843,0.301496,-0.014955,9.899107
1755407771845,0.277567,-0.005384,9.88475
1755407771847,0.299103,-0.012562,9.856036
1755407771850,0.289532,-0.024526,9.877572
1755407771853,0.299103,-0.026919,9.887143
1755407771854,0.282353,-0.022134,9.879965
1755407771859,0.294317,-0.014955,9.877572
1755407771860,0.265603,-0.019741,9.889536
1755407771863,0.325424,-0.002991,9.877572
1755407771865,0.277567,-0.005384,9.899107
1755407771867,0.282353,-0.022134,9.865608
1755407771869,0.267996,-0.048455,9.899107
1755407771871,0.29671,-0.010169,9.870394
1755407771875,0.301496,-0.019741,9.887143
1755407771877,0.303888,-0.007777,9.899107
1755407771879,0.289532,-0.036491,9.879965
1755407771881,0.308674,-0.029312,9.88475
1755407771883,0.282353,-0.038883,9.868001
1755407771886,0.265603,-0.012562,9.877572
1755407771889,0.301496,-0.043669,9.865608
1755407771893,0.275175,-0.014955,9.961619
1755407771894,0.31346,-0.017348,9.695718
1755407771896,0.229711,-0.105882,10.016655
1755407771898,0.332602,0.004187,9.846465
1755407771900,0.275175,0.025723,9.846465
1755407771903,0.303888,-0.029312,9.983155
1755407771905,0.33021,-0.022134,9.853643
1755407771909,0.248854,-0.058026,9.836894
1755407771911,0.267996,-0.091525,9.865608
1755407771912,0.327817,-0.012562,9.927821
1755407771915,0.267996,0.018544,9.882358
1755407771917,0.248854,0.018544,9.88475
1755407771919,0.33021,-0.046062,9.865608
1755407771922,0.234497,-0.041276,9.887143
1755407771924,0.258425,-0.012562,9.848858
1755407771927,0.308674,0.00658,9.913465
1755407771930,0.301496,-0.012562,9.894321
1755407771931,0.289532,-0.014955,9.923036
1755407771934,0.244068,-0.017348,9.856036
1755407771936,0.260818,-0.022134,9.858429
1755407771938,0.306281,-0.014955,9.925428
1755407771941,0.253639,0.011366,9.923036
1755407771944,0.284746,0.013759,9.894321
1755407771946,0.306281,0.00658,9.891929
1755407771949,0.306281,-0.024526,9.920643
1755407771951,0.287139,-0.026919,9.84168
1755407771953,0.272782,-0.043669,9.915857
1755407771955,0.29671,-0.010169,9.894321
1755407771958,0.301496,-0.007777,9.891929
1755407771960,0.289532,-0.048455,9.872787
1755407771962,0.327817,-0.024526,9.911072
1755407771965,0.323031,-0.017348,9.887143
1755407771967,0.287139,-0.026919,9.868001
1755407771970,0.303888,-0.026919,9.877572
1755407771972,0.301496,-0.017348,9.9015
1755407771975,0.272782,-0.024526,9.877572
1755407771977,0.263211,0.004187,9.906285
1755407771980,0.289532,-0.036491,9.908679
1755407771982,0.33021,-0.036491,9.863214
1755407771984,0.291924,-0.036491,9.911072
1755407771986,0.246461,-0.012562,9.88475
1755407771989,0.308674,-0.029312,9.911072
1755407771991,0.277567,-0.038883,9.870394
1755407771994,0.265603,-0.022134,9.899107
1755407771996,0.270389,-0.024526,9.832108
1755407771998,0.27996,-0.031705,9.899107
1755407772001,0.287139,-0.000598,9.84168
1755407772003,0.315853,-0.048455,9.891929
1755407772005,0.308674,-0.029312,9.844072
1755407772008,0.29671,-0.005384,9.91825
1755407772011,0.29671,-0.000598,9.915857
1755407772013,0.294317,-0.014955,9.851251
1755407772016,0.306281,-0.002991,9.891929
1755407772018,0.315853,-0.019741,9.930214
1755407772020,0.294317,-0.022134,9.870394
1755407772023,0.272782,-0.007777,9.868001
1755407772025,0.282353,-0.002991,9.889536
1755407772028,0.311067,-0.029312,9.879965
1755407772031,0.246461,-0.036491,9.911072
1755407772032,0.301496,-0.019741,9.844072
1755407772034,0.282353,-0.024526,9.899107
1755407772037,0.337388,-0.019741,9.84168
1755407772039,0.270389,-0.038883,9.995119
1755407772042,0.325424,0.037687,9.779466
1755407772045,0.241675,-0.060419,9.956834
1755407772046,0.294317,-0.062812,9.779466
1755407772049,0.287139,0.004187,9.915857
1755407772051,0.294317,0.013759,10.035797
1755407772054,0.275175,0.016152,9.757931
1755407772057,0.239282,-0.127418,9.836894
1755407772058,0.275175,-0.017348,9.934999
1755407772061,0.284746,0.025723,10.00469
1755407772064,0.265603,0.020937,9.84168
1755407772066,0.299103,-0.029312,9.781859
1755407772068,0.284746,-0.079561,9.937392
1755407772071,0.306281,-0.017348,9.777073
1755407772073,0.236889,-0.005384,9.947263
1755407772075,0.291924,0.011366,9.990334
1755407772078,0.27996,-0.007777,9.934999
1755407772082,0.287139,-0.029312,9.734002
1755407772083,0.270389,-0.074776,9.908679
1755407772085,0.301496,-0.024526,9.762716
1755407772087,0.270389,-0.026919,10.028619
1755407772089,0.323031,0.00658,9.906285
1755407772092,0.272782,-0.05324,9.834501
1755407772096,0.289532,-0.024526,9.820144
1755407772098,0.289532,-0.034098,9.911072
1755407772099,0.258425,-0.029312,9.903893
1755407772102,0.311067,0.016152,9.870394
1755407772104,0.248854,-0.019741,9.853643
1755407772106,0.306281,-0.029312,9.908679
1755407772109,0.27996,-0.017348,9.908679
1755407772113,0.253639,0.02333,9.832108
1755407772115,0.260818,-0.031705,9.894321
1755407772116,0.332602,-0.084347,9.827323
1755407772118,0.256032,-0.031705,9.937392
1755407772121,0.287139,0.037687,9.868001
1755407772123,0.270389,-0.012562,9.860822
1755407772125,0.287139,-0.055633,9.903893
1755407772128,0.29671,0.004187,9.834501
1755407772131,0.244068,-0.026919,9.889536
1755407772134,0.277567,-0.041276,9.956834
1755407772135,0.344566,-0.012562,9.820144
1755407772138,0.277567,-0.065204,9.769895
1755407772140,0.277567,-0.026919,9.959227
1755407772142,0.277567,-0.05324,9.870394
1755407772145,0.265603,-0.000598,9.856036
1755407772151,0.267996,-0.017348,9.887143
1755407772152,0.31346,0.001795,9.856036
1755407772152,0.287139,-0.029312,9.894321
1755407772155,0.284746,-0.026919,9.868001
1755407772157,0.29671,-0.010169,9.899107
1755407772159,0.284746,-0.024526,9.875179
1755407772161,0.301496,-0.014955,9.868001
1755407772164,0.284746,-0.036491,9.877572
1755407772166,0.315853,0.004187,9.875179
1755407772169,0.294317,-0.031705,9.899107
1755407772171,0.267996,-0.036491,9.870394
1755407772173,0.277567,-0.043669,9.891929
1755407772176,0.282353,-0.034098,9.879965
1755407772179,0.270389,0.001795,9.887143
1755407772181,0.251246,0.008973,9.949656
1755407772184,0.306281,-0.014955,9.801002
1755407772185,0.272782,-0.048455,9.889536
1755407772188,0.289532,-0.024526,9.915857
1755407772190,0.256032,-0.022134,9.887143
1755407772193,0.318245,0.001795,9.863214
1755407772195,0.323031,-0.024526,9.9015
1755407772198,0.315853,-0.019741,9.832108
1755407772200,0.315853,-0.026919,9.877572
1755407772203,0.284746,-0.005384,9.851251
1755407772204,0.256032,-0.014955,9.889536
1755407772207,0.29671,-0.038883,9.856036
1755407772210,0.291924,-0.041276,9.896714
1755407772212,0.318245,-0.038883,9.88475
1755407772214,0.282353,-0.019741,9.868001
1755407772216,0.282353,-0.031705,9.872787
1755407772219,0.272782,-0.034098,9.899107
1755407772221,0.253639,-0.012562,9.872787
1755407772224,0.272782,-0.002991,9.858429
1755407772226,0.334995,-0.024526,9.903893
1755407772229,0.272782,-0.029312,9.887143
1755407772232,0.320638,-0.002991,9.887143
1755407772233,0.251246,-0.019741,9.891929
1755407772236,0.29671,-0.019741,9.920643
1755407772238,0.282353,-0.014955,9.894321
1755407772241,0.299103,-0.002991,9.875179
1755407772243,0.294317,-0.048455,9.875179
1755407772245,0.294317,-0.024526,9.870394
1755407772249,0.289532,-0.024526,9.899107
1755407772251,0.272782,-0.026919,9.877572
1755407772252,0.270389,-0.026919,9.868001
1755407772255,0.294317,-0.017348,9.887143
1755407772257,0.287139,-0.017348,9.88475
1755407772260,0.301496,-0.019741,9.9015
1755407772262,0.275175,-0.026919,9.863214
1755407772266,0.289532,-0.043669,9.896714
1755407772268,0.315853,-0.029312,9.889536
1755407772269,0.29671,-0.034098,9.875179
1755407772271,0.291924,0.001795,9.856036
1755407772274,0.29671,0.00658,9.877572
1755407772276,0.299103,-0.005384,9.882358
1755407772279,0.289532,-0.046062,9.896714
1755407772283,0.308674,-0.029312,9.879965
1755407772284,0.284746,-0.031705,9.872787
1755407772286,0.253639,-0.014955,9.872787
1755407772288,0.31346,-0.022134,9.863214
1755407772291,0.320638,-0.014955,9.868001
1755407772293,0.306281,-0.024526,9.889536
1755407772296,0.306281,-0.014955,9.877572
1755407772298,0.275175,-0.046062,9.88475
1755407772302,0.301496,-0.029312,9.875179
1755407772303,0.263211,-0.038883,9.872787
1755407772305,0.275175,-0.022134,9.860822
1755407772307,0.289532,0.013759,9.894321
1755407772310,0.27996,-0.034098,9.889536
1755407772313,0.29671,-0.017348,9.877572
1755407772315,0.287139,-0.005384,9.887143
1755407772318,0.299103,-0.026919,9.88475
1755407772320,0.289532,-0.046062,9.870394
1755407772322,0.311067,-0.043669,9.851251
1755407772324,0.291924,-0.060419,9.860822
1755407772327,0.291924,-0.031705,9.88475
1755407772329,0.301496,-0.029312,9.846465
1755407772331,0.270389,-0.017348,9.896714
1755407772334,0.284746,-0.024526,9.872787
1755407772336,0.294317,-0.024526,9.872787
1755407772339,0.284746,-0.022134,9.887143
1755407772342,0.284746,-0.046062,9.853643
1755407772343,0.272782,-0.031705,9.891929
1755407772346,0.284746,-0.031705,9.88475
1755407772348,0.29671,-0.019741,9.875179
1755407772351,0.275175,-0.005384,9.879965
1755407772354,0.265603,-0.010169,9.865608
1755407772355,0.291924,-0.002991,9.870394
1755407772358,0.253639,-0.010169,9.882358
1755407772360,0.31346,-0.022134,9.88475
1755407772363,0.291924,-0.036491,9.88475
1755407772365,0.299103,-0.034098,9.877572
1755407772367,0.299103,-0.024526,9.88475
1755407772370,0.308674,0.025723,9.887143
1755407772372,0.277567,-0.007777,9.882358
1755407772375,0.277567,-0.014955,9.868001
1755407772377,0.339781,-0.014955,9.877572
1755407772380,0.27996,0.020937,9.872787
1755407772382,0.287139,-0.026919,9.875179
1755407772385,0.232104,-0.024526,9.891929
1755407772387,0.291924,-0.036491,9.896714
1755407772389,0.303888,-0.005384,9.870394
1755407772391,0.287139,0.004187,9.872787
1755407772394,0.267996,-0.072383,9.879965
1755407772396,0.248854,-0.026919,9.860822
1755407772399,0.303888,-0.026919,9.875179
1755407772402,0.282353,-0.034098,9.887143
1755407772405,0.308674,-0.036491,9.887143
1755407772406,0.260818,-0.046062,9.891929
1755407772408,0.282353,-0.026919,9.891929
1755407772411,0.284746,-0.034098,9.872787
1755407772413,0.289532,-0.012562,9.891929
1755407772415,0.284746,-0.046062,9.865608
1755407772418,0.29671,-0.043669,9.882358
1755407772420,0.272782,-0.014955,9.879965
1755407772423,0.277567,-0.014955,9.913465
1755407772425,0.263211,-0.005384,9.872787
1755407772427,0.277567,-0.007777,9.894321
1755407772430,0.253639,-0.019741,9.858429
1755407772432,0.265603,-0.012562,9.875179
1755407772435,0.289532,-0.014955,9.877572
1755407772437,0.267996,-0.019741,9.865608
1755407772440,0.306281,-0.024526,9.887143
1755407772443,0.320638,-0.026919,9.875179
1755407772444,0.284746,-0.060419,9.877572
1755407772447,0.277567,-0.036491,9.894321
1755407772449,0.284746,-0.019741,9.887143
1755407772453,0.315853,-0.007777,9.882358
1755407772454,0.29671,-0.012562,9.829716
1755407772456,0.27996,-0.034098,9.860822
1755407772459,0.308674,-0.029312,9.887143
1755407772461,0.315853,-0.007777,9.856036
1755407772464,0.301496,-0.007777,9.882358
1755407772465,0.263211,-0.034098,9.870394
1755407772468,0.270389,-0.022134,9.887143
1755407772471,0.318245,-0.036491,9.858429
1755407772473,0.306281,-0.002991,9.887143
1755407772475,0.306281,-0.046062,9.891929
1755407772478,0.287139,-0.022134,9.906285
1755407772480,0.267996,-0.026919,9.875179
1755407772482,0.318245,0.001795,9.879965
1755407772485,0.289532,-0.031705,9.858429
1755407772488,0.282353,-0.017348,9.875179
1755407772490,0.294317,-0.043669,9.920643
1755407772492,0.291924,-0.024526,9.889536
1755407772495,0.294317,-0.007777,9.889536
1755407772497,0.289532,-0.014955,9.868001
1755407772499,0.299103,-0.005384,9.868001
1755407772502,0.272782,-0.024526,9.913465
1755407772505,0.29671,-0.010169,9.872787
1755407772508,0.287139,0.008973,9.863214
1755407772509,0.287139,-0.019741,9.865608
1755407772511,0.258425,-0.007777,9.896714
1755407772514,0.301496,-0.019741,9.887143
1755407772516,0.284746,-0.034098,9.882358
1755407772519,0.272782,-0.038883,9.865608
1755407772521,0.263211,-0.041276,9.894321
1755407772523,0.267996,-0.031705,9.889536
1755407772525,0.270389,-0.05324,9.899107
1755407772528,0.272782,-0.026919,9.887143
1755407772531,0.29671,-0.005384,9.870394
1755407772533,0.301496,-0.043669,9.887143
1755407772535,0.31346,-0.046062,9.870394
1755407772538,0.287139,-0.048455,9.894321
1755407772540,0.267996,-0.029312,9.896714
1755407772543,0.29671,-0.036491,9.865608
1755407772546,0.284746,-0.038883,9.877572
1755407772547,0.275175,-0.031705,9.882358
1755407772550,0.275175,-0.022134,9.889536
1755407772552,0.291924,-0.029312,9.882358
1755407772555,0.277567,-0.007777,9.882358
1755407772557,0.253639,-0.007777,9.887143
1755407772559,0.27996,0.013759,9.896714
1755407772562,0.282353,-0.022134,9.879965
1755407772564,0.275175,-0.010169,9.887143
1755407772566,0.239282,-0.017348,9.860822
1755407772569,0.272782,-0.036491,9.879965
1755407772572,0.282353,-0.024526,9.899107
1755407772574,0.303888,-0.014955,9.894321
1755407772576,0.308674,0.001795,9.868001
1755407772579,0.287139,-0.019741,9.882358
1755407772581,0.272782,-0.017348,9.879965
1755407772583,0.229711,-0.041276,9.879965
1755407772586,0.270389,-0.036491,9.872787
1755407772589,0.275175,-0.010169,9.891929
1755407772591,0.248854,-0.024526,9.9015
1755407772593,0.282353,-0.005384,9.868001
1755407772596,0.311067,-0.026919,9.877572
1755407772598,0.256032,-0.019741,9.882358
1755407772600,0.299103,-0.031705,9.887143
1755407772602,0.289532,-0.017348,9.872787
1755407772606,0.291924,-0.026919,9.875179
1755407772607,0.277567,-0.022134,9.882358
1755407772610,0.294317,-0.024526,9.856036
1755407772612,0.282353,-0.014955,9.88475
1755407772615,0.263211,-0.029312,9.875179
1755407772617,0.267996,-0.012562,9.906285
1755407772619,0.282353,-0.036491,9.903893
1755407772624,0.299103,-0.019741,9.889536
1755407772626,0.277567,-0.000598,9.894321
1755407772627,0.299103,-0.017348,9.877572
1755407772629,0.299103,-0.010169,9.889536
1755407772631,0.291924,-0.024526,9.88475
1755407772633,0.275175,-0.022134,9.9015
1755407772636,0.287139,0.004187,9.870394
1755407772639,0.27996,-0.014955,9.879965
1755407772641,0.27996,-0.029312,9.887143
1755407772645,0.299103,-0.031705,9.88475
1755407772646,0.315853,-0.026919,9.889536
1755407772648,0.287139,-0.048455,9.868001
1755407772650,0.318245,-0.024526,9.868001
1755407772652,0.29671,-0.041276,9.879965
1755407772655,0.246461,-0.024526,9.870394
1755407772659,0.248854,-0.038883,9.868001
1755407772661,0.31346,-0.058026,9.894321
1755407772662,0.315853,-0.005384,9.870394
1755407772665,0.277567,-0.010169,9.887143
1755407772667,0.267996,0.004187,9.879965
1755407772669,0.27996,-0.019741,9.882358
1755407772671,0.303888,-0.017348,9.88475
1755407772674,0.299103,-0.012562,9.879965
1755407772676,0.31346,-0.019741,9.894321
1755407772679,0.303888,-0.038883,9.891929
1755407772682,0.291924,0.008973,9.88475
1755407772684,0.284746,-0.022134,9.868001
1755407772686,0.31346,-0.034098,9.88475
1755407772688,0.287139,-0.038883,9.870394
1755407772691,0.31346,-0.012562,9.88475
1755407772693,0.29671,-0.022134,9.88475
1755407772696,0.284746,-0.000598,9.875179
1755407772698,0.284746,-0.024526,9.88475
1755407772700,0.303888,-0.017348,9.891929
1755407772703,0.282353,0.004187,9.889536
1755407772705,0.299103,-0.017348,9.889536
1755407772708,0.246461,-0.019741,9.920643
1755407772710,0.27996,-0.024526,9.88475
1755407772712,0.27996,-0.036491,9.88475
1755407772715,0.270389,-0.029312,9.863214
1755407772717,0.263211,-0.024526,9.88475
1755407772719,0.284746,-0.019741,9.899107
1755407772722,0.318245,-0.007777,9.896714
1755407772724,0.299103,-0.034098,9.882358
1755407772727,0.284746,-0.024526,9.9015
1755407772729,0.287139,-0.026919,9.879965
1755407772731,0.287139,-0.029312,9.896714
1755407772734,0.267996,-0.022134,9.889536
1755407772736,0.287139,-0.019741,9.9015
1755407772739,0.253639,-0.010169,9.88475
1755407772741,0.291924,-0.005384,9.879965
1755407772745,0.308674,-0.046062,9.872787
1755407772747,0.267996,-0.019741,9.870394
1755407772750,0.267996,-0.026919,9.870394
1755407772751,0.270389,-0.043669,9.868001
1755407772753,0.301496,-0.017348,9.882358
1755407772755,0.282353,-0.029312,9.882358
1755407772758,0.265603,-0.026919,9.887143
1755407772760,0.272782,-0.038883,9.863214
1755407772763,0.270389,-0.019741,9.882358
1755407772765,0.253639,0.001795,9.879965
1755407772767,0.306281,-0.022134,9.877572
1755407772770,0.301496,-0.022134,9.906285
1755407772772,0.287139,-0.024526,9.875179
1755407772775,0.265603,-0.019741,9.870394
1755407772777,0.294317,0.004187,9.858429
1755407772779,0.265603,-0.034098,9.872787
1755407772782,0.263211,-0.017348,9.889536
1755407772784,0.260818,-0.031705,9.875179
1755407772787,0.256032,-0.036491,9.875179
1755407772791,0.301496,-0.029312,9.872787
1755407772793,0.29671,0.008973,9.887143
1755407772797,0.258425,-0.017348,9.870394
1755407772798,0.267996,0.001795,9.882358
1755407772799,0.258425,-0.026919,9.877572
1755407772801,0.267996,-0.031705,9.889536
1755407772803,0.308674,-0.024526,9.911072
1755407772806,0.289532,-0.031705,9.887143
1755407772810,0.308674,-0.038883,9.88475
1755407772811,0.291924,-0.026919,9.894321
1755407772813,0.267996,-0.022134,9.872787
1755407772815,0.29671,-0.055633,9.844072
1755407772818,0.289532,-0.036491,9.877572
1755407772820,0.29671,-0.038883,9.810573
1755407772822,0.289532,-0.041276,9.932607
1755407772825,0.306281,-0.007777,9.88475
1755407772828,0.291924,-0.034098,9.858429
1755407772830,0.270389,-0.024526,9.9015
1755407772833,0.287139,-0.043669,9.865608
1755407772835,0.272782,-0.024526,9.91825
1755407772837,0.325424,0.035294,9.827323
1755407772839,0.227318,-0.098704,9.995119
1755407772844,0.33021,-0.010169,9.829716
1755407772845,0.311067,-0.005384,9.798609
1755407772847,0.200997,-0.014955,9.973584
1755407772850,0.366102,-0.017348,9.712467
1755407772852,0.198604,-0.06999,10.002297
1755407772854,0.339781,0.032901,9.832108
1755407772856,0.256032,-0.048455,9.906285
1755407772858,0.236889,-0.022134,9.903893
1755407772862,0.311067,-0.029312,9.757931
1755407772863,0.210568,-0.060419,10.035797
1755407772866,0.334995,0.016152,9.798609
1755407772868,0.265603,-0.048455,9.995119
1755407772871,0.33021,0.018544,9.82493
1755407772873,0.334995,-0.055633,9.80818
1755407772875,0.232104,-0.007777,9.985548
1755407772878,0.354138,-0.002991,9.743574
1755407772880,0.236889,-0.038883,9.934999
1755407772883,0.37328,0.049651,9.853643
1755407772885,0.244068,-0.062812,10.078868
1755407772887,0.267996,0.018544,9.786645
1755407772889,0.291924,-0.036491,9.705289
1755407772892,0.188734,-0.017348,10.112368
1755407772895,0.392423,-0.012562,9.683753
1755407772897,0.200997,-0.065204,10.014262
1755407772899,0.363709,0.047258,9.74836
1755407772902,0.236889,-0.048455,9.937392
1755407772904,0.267996,0.008973,9.949656
1755407772907,0.33021,-0.048455,9.74836
1755407772909,0.174377,-0.043669,10.026226
1755407772912,0.399601,0.032901,9.738789
1755407772914,0.191127,-0.089133,10.126724
1755407772916,0.320638,0.049651,9.631111
1755407772918,0.251246,-0.050847,9.851251
1755407772921,0.229711,-0.022134,10.052547
1755407772923,0.339781,-0.036491,9.702896
1755407772926,0.195912,-0.060419,10.07169
1755407772928,0.394816,0.018544,9.712467
1755407772932,0.198604,-0.096311,10.102797
1755407772933,0.291924,0.049651,9.801002
1755407772935,0.299103,-0.050847,9.753145
1755407772938,0.174377,-0.022134,10.023833
1755407772940,0.411565,0.032901,9.734002
1755407772943,0.179163,-0.098704,10.121939
1755407772945,0.351745,0.059222,9.686146
1755407772947,0.287139,-0.058026,9.812965
1755407772950,0.227318,-0.005384,10.03819
1755407772954,0.382852,0.066401,9.71486
1755407772956,0.150449,-0.098704,10.07169
1755407772958,0.311067,0.075972,9.786645
1755407772960,0.342174,-0.026919,9.755538
1755407772962,0.181555,-0.058026,10.119546
1755407772964,0.430708,0.073579,9.65504
1755407772968,0.14327,-0.089133,9.980762
1755407772969,0.303888,0.016152,9.947263
1755407772971,0.387637,0.020937,9.731609
1755407772973,0.136092,-0.096311,10.028619
1755407772976,0.399601,0.042473,9.777073
1755407772979,0.253639,-0.034098,9.911072
1755407772981,0.258425,-0.019741,9.899107
1755407772983,0.344566,-0.024526,9.858429
1755407772986,0.270389,-0.046062,9.903893
1755407772988,0.27996,-0.014955,9.865608
1755407772990,0.299103,-0.007777,9.894321
1755407772993,0.318245,-0.041276,9.891929
1755407772996,0.263211,-0.010169,9.88475
1755407772999,0.31346,-0.012562,9.88475
1755407773000,0.27996,-0.043669,9.937392
1755407773002,0.291924,-0.019741,9.860822
1755407773005,0.263211,-0.000598,9.887143
1755407773007,0.272782,0.008973,9.863214
1755407773009,0.284746,-0.031705,9.860822
1755407773012,0.251246,-0.017348,9.9015
1755407773015,0.311067,-0.019741,9.868001
1755407773017,0.27996,0.00658,9.875179
1755407773019,0.299103,-0.022134,9.868001
1755407773022,0.299103,-0.005384,9.877572
1755407773024,0.272782,-0.060419,9.882358
1755407773027,0.265603,-0.029312,9.879965
1755407773029,0.287139,-0.019741,9.88475
1755407773031,0.275175,-0.005384,9.879965
1755407773035,0.27996,-0.029312,9.894321
1755407773036,0.291924,0.00658,9.84168
1755407773038,0.287139,-0.024526,9.896714
1755407773041,0.282353,-0.010169,9.836894
1755407773043,0.287139,0.00658,9.91825
1755407773045,0.241675,-0.026919,9.856036
1755407773048,0.248854,-0.019741,9.889536
1755407773051,0.260818,-0.014955,9.889536
1755407773053,0.291924,-0.046062,9.865608
1755407773055,0.282353,-0.017348,9.925428
1755407773057,0.291924,-0.017348,9.875179
1755407773060,0.287139,-0.036491,9.868001
1755407773062,0.311067,0.001795,9.865608
1755407773065,0.277567,-0.022134,9.848858
1755407773068,0.263211,-0.055633,9.915857
1755407773069,0.272782,-0.012562,9.879965
1755407773072,0.265603,-0.014955,9.879965
1755407773074,0.315853,-0.026919,9.877572
1755407773076,0.287139,-0.029312,9.9015
1755407773079,0.287139,-0.024526,9.846465
1755407773083,0.248854,-0.012562,9.908679
1755407773085,0.265603,-0.014955,9.858429
1755407773086,0.294317,-0.041276,9.863214
1755407773088,0.299103,-0.036491,9.964012
1755407773091,0.315853,0.030508,9.853643
1755407773093,0.289532,-0.012562,9.784252
1755407773096,0.258425,-0.06999,9.91825
1755407773098,0.342174,0.016152,10.021441
1755407773101,0.248854,0.131007,9.765109
1755407773103,0.212961,-0.101097,9.817751
1755407773105,0.294317,-0.093918,10.069297
1755407773108,0.267996,0.085543,9.781859
1755407773110,0.208176,-0.046062,9.793823
1755407773112,0.327817,-0.134596,9.987941
1755407773115,0.346959,0.047258,9.975977
1755407773118,0.181555,0.068794,9.798609
1755407773120,0.265603,-0.125025,9.765109
1755407773122,0.382852,-0.08674,10.126724
1755407773124,0.272782,0.107079,9.738789
1755407773127,0.205783,-0.043669,9.832108
1755407773129,0.318245,-0.148953,9.944571
1755407773132,0.344566,-0.002991,9.930214
1755407773134,0.210568,0.080758,9.798609
1755407773136,0.263211,-0.139382,9.839287
1755407773139,0.354138,-0.046062,10.129117
1755407773141,0.229711,0.111864,9.738789
1755407773144,0.229711,-0.067597,9.805787
1755407773146,0.33021,-0.129811,9.968799
1755407773150,0.299103,0.013759,9.848858
1755407773151,0.227318,0.052044,9.798609
1755407773153,0.263211,-0.129811,9.865608
1755407773156,0.378066,-0.014955,10.093225
1755407773159,0.22014,0.102293,9.700503
1755407773160,0.215354,-0.084347,9.82493
1755407773163,0.354138,-0.089133,10.069297
1755407773166,0.299103,0.078365,9.772287
1755407773168,0.157627,0.001795,9.796216
1755407773170,0.311067,-0.144168,9.911072
1755407773172,0.356531,0.004187,10.011869
1755407773175,0.205783,0.119043,9.772287
1755407773177,0.232104,-0.096311,9.836894
1755407773180,0.361316,-0.05324,10.098011
1755407773182,0.277567,0.073579,9.729217
1755407773186,0.186341,-0.036491,9.848858
1755407773187,0.334995,-0.117847,9.961619
1755407773189,0.385244,0.04008,9.949656
1755407773191,0.244068,0.068794,9.743574
1755407773194,0.248854,-0.141775,9.879965
1755407773197,0.39003,-0.022134,10.105189
1755407773199,0.215354,0.083151,9.719646
1755407773202,0.22014,-0.091525,9.82493
1755407773203,0.351745,-0.113061,10.047761
1755407773206,0.287139,0.075972,9.801002
1755407773208,0.148056,0.011366,9.784252
1755407773211,0.306281,-0.127418,9.9015
1755407773213,0.382852,-0.002991,10.057333
1755407773215,0.270389,0.11665,9.736395
1755407773218,0.229711,-0.096311,9.786645
1755407773220,0.342174,-0.062812,10.095618
1755407773223,0.263211,0.083151,9.750752
1755407773225,0.17677,-0.024526,9.803394
1755407773227,0.344566,-0.074776,10.050154
1755407773230,0.354138,-0.005384,9.834501
1755407773232,0.164806,0.016152,9.812965
1755407773235,0.287139,-0.067597,9.947263
1755407773237,0.39003,0.004187,9.875179
1755407773239,0.232104,-0.017348,9.851251
1755407773243,0.265603,-0.014955,9.882358
1755407773244,0.334995,-0.046062,9.891929
1755407773247,0.270389,-0.029312,9.894321
1755407773249,0.275175,0.030508,9.88475
1755407773252,0.282353,-0.017348,9.908679
1755407773254,0.270389,-0.024526,9.9015
1755407773257,0.27996,0.004187,9.851251
1755407773259,0.248854,-0.010169,9.908679
1755407773261,0.260818,-0.026919,9.863214
1755407773264,0.272782,-0.036491,9.920643
1755407773266,0.251246,-0.005384,9.9015
1755407773269,0.282353,-0.010169,9.903893
1755407773271,0.308674,-0.038883,9.875179
1755407773273,0.275175,-0.012562,9.856036
1755407773275,0.294317,-0.019741,9.903893
1755407773279,0.291924,-0.031705,9.911072
1755407773280,0.287139,-0.007777,9.894321
1755407773283,0.270389,0.008973,9.9015
1755407773286,0.272782,-0.000598,9.858429
1755407773289,0.308674,-0.017348,9.877572
1755407773291,0.272782,-0.022134,9.872787
1755407773292,0.287139,0.00658,9.882358
1755407773294,0.29671,-0.029312,9.875179
1755407773297,0.294317,-0.029312,9.9015
1755407773299,0.272782,-0.026919,9.858429
1755407773303,0.277567,-0.026919,9.853643
1755407773304,0.311067,-0.000598,9.882358
1755407773307,0.272782,-0.048455,9.865608
1755407773309,0.284746,-0.034098,9.891929
1755407773311,0.308674,-0.031705,9.848858
1755407773314,0.301496,-0.029312,9.860822
1755407773316,0.299103,-0.014955,9.889536
1755407773319,0.270389,-0.029312,9.860822
1755407773321,0.29671,0.001795,9.889536
1755407773323,0.308674,0.018544,9.879965
1755407773326,0.284746,-0.022134,9.877572
1755407773328,0.282353,-0.029312,9.891929
1755407773331,0.270389,-0.017348,9.891929
1755407773333,0.291924,-0.046062,9.903893
1755407773336,0.299103,-0.029312,9.84168
1755407773338,0.289532,-0.038883,9.937392
1755407773341,0.260818,0.011366,9.844072
1755407773342,0.308674,-0.062812,9.731609
1755407773345,0.222533,-0.058026,10.05494
1755407773347,0.332602,0.054437,9.827323
1755407773350,0.258425,-0.014955,9.882358
1755407773353,0.246461,-0.019741,9.956834
1755407773355,0.356531,-0.038883,9.707682
1755407773357,0.162413,-0.062812,10.081261
1755407773361,0.385244,0.037687,9.669396
1755407773362,0.260818,-0.065204,10.052547
1755407773364,0.311067,-0.012562,9.817751
1755407773366,0.306281,-0.036491,9.875179
1755407773370,0.275175,-0.000598,9.875179
1755407773372,0.29671,-0.022134,9.91825
1755407773374,0.294317,0.037687,9.865608
1755407773376,0.289532,0.00658,9.927821
1755407773378,0.315853,-0.007777,9.836894
1755407773381,0.284746,-0.036491,9.920643
1755407773383,0.253639,-0.012562,9.882358
1755407773386,0.27996,-0.036491,9.913465
1755407773389,0.239282,-0.012562,9.836894
1755407773392,0.275175,0.004187,9.930214
1755407773393,0.236889,-0.002991,9.858429
1755407773395,0.27996,-0.029312,9.915857
1755407773398,0.258425,0.008973,9.815358
1755407773401,0.29671,0.008973,9.934999
1755407773402,0.320638,0.028116,9.82493
1755407773405,0.27996,-0.007777,9.968799
1755407773407,0.27996,0.008973,9.779466
1755407773410,0.282353,-0.029312,9.97837
1755407773412,0.332602,-0.031705,9.812965
1755407773415,0.236889,-0.046062,9.952048
1755407773417,0.303888,-0.007777,9.815358
1755407773419,0.311067,-0.019741,9.947263
1755407773422,0.327817,-0.034098,9.822537
1755407773424,0.294317,-0.000598,9.9015
1755407773426,0.334995,-0.017348,9.844072
1755407773429,0.275175,-0.010169,9.908679
1755407773431,0.301496,-0.029312,9.858429
1755407773434,0.289532,-0.024526,9.920643
1755407773436,0.275175,-0.014955,9.891929
1755407773439,0.320638,-0.031705,9.894321
1755407773442,0.275175,-0.005384,9.870394
1755407773444,0.291924,-0.000598,9.896714
1755407773446,0.282353,-0.022134,9.899107
1755407773448,0.282353,-0.046062,9.865608
1755407773451,0.275175,-0.017348,9.889536
1755407773453,0.275175,-0.034098,9.882358
1755407773456,0.275175,-0.026919,9.877572
1755407773458,0.29671,-0.026919,9.891929
1755407773460,0.291924,-0.034098,9.91825
1755407773463,0.270389,-0.014955,9.882358
1755407773465,0.260818,-0.026919,9.896714
1755407773467,0.263211,-0.012562,9.879965
1755407773470,0.27996,-0.017348,9.891929
1755407773472,0.284746,-0.024526,9.891929
1755407773474,0.291924,-0.024526,9.879965
1755407773477,0.311067,-0.005384,9.879965
1755407773479,0.263211,-0.017348,9.863214
1755407773483,0.320638,-0.043669,9.887143
1755407773484,0.263211,-0.014955,9.872787
1755407773487,0.267996,-0.002991,9.891929
1755407773490,0.275175,-0.036491,9.865608
1755407773493,0.311067,-0.048455,9.84168
1755407773495,0.265603,-0.012562,9.882358
1755407773496,0.27996,-0.005384,9.899107
1755407773498,0.291924,-0.014955,9.9015
1755407773501,0.289532,-0.031705,9.882358
1755407773503,0.301496,-0.041276,9.851251
1755407773507,0.253639,-0.031705,9.851251
1755407773510,0.291924,-0.019741,9.937392
1755407773511,0.263211,0.016152,9.868001
1755407773513,0.301496,-0.077169,9.729217
1755407773515,0.251246,-0.08674,10.023833
1755407773517,0.370888,0.052044,9.767502
1755407773520,0.200997,-0.024526,10.03819
1755407773523,0.325424,-0.007777,9.705289
1755407773525,0.275175,-0.048455,10.045368
1755407773527,0.306281,-0.031705,9.695718
1755407773530,0.253639,-0.038883,10.064511
1755407773532,0.315853,0.049651,9.702896
1755407773534,0.236889,-0.060419,10.095618
1755407773537,0.356531,-0.007777,9.669396
1755407773539,0.260818,-0.031705,10.117153
1755407773543,0.349352,-0.014955,9.619147
1755407773544,0.246461,-0.034098,10.093225
1755407773546,0.31346,0.004187,9.645468
1755407773549,0.251246,-0.038883,10.124331
1755407773551,0.301496,0.001795,9.647861
1755407773553,0.277567,-0.041276,10.117153
1755407773556,0.37328,0.011366,9.753145
1755407773559,0.277567,-0.067597,10.014262
1755407773561,0.33021,0.001795,9.82493
1755407773563,0.258425,-0.058026,9.903893
1755407773566,0.33021,-0.046062,9.779466
1755407773568,0.265603,-0.024526,9.923036
1755407773570,0.320638,-0.038883,9.887143
1755407773572,0.294317,-0.000598,9.858429
1755407773575,0.308674,-0.046062,9.887143
1755407773577,0.315853,-0.007777,9.887143
1755407773580,0.267996,-0.029312,9.903893
1755407773582,0.275175,-0.010169,9.693324
1755407773584,0.294317,-0.036491,10.066904
1755407773587,0.320638,-0.014955,9.868001
1755407773589,0.246461,-0.046062,9.932607
1755407773592,0.311067,-0.038883,9.712467
1755407773594,0.284746,-0.026919,9.911072
1755407773596,0.311067,-0.048455,9.868001
1755407773599,0.299103,-0.019741,9.944571
1755407773602,0.265603,-0.036491,9.891929
1755407773604,0.291924,0.016152,9.789038
1755407773606,0.291924,-0.007777,10.011869
1755407773609,0.303888,-0.019741,9.793823
1755407773612,0.284746,-0.031705,9.846465
1755407773614,0.291924,-0.050847,9.810573
1755407773616,0.277567,-0.007777,9.915857
1755407773618,0.291924,0.02333,9.992726
1755407773621,0.260818,0.04008,9.923036
1755407773623,0.303888,-0.048455,9.822537
1755407773626,0.337388,-0.06999,9.79143
1755407773628,0.299103,-0.091525,9.846465
1755407773630,0.31346,0.001795,10.00469
1755407773633,0.303888,0.061615,9.877572
1755407773635,0.272782,0.008973,9.903893
1755407773637,0.299103,-0.117847,9.815358
1755407773640,0.29671,-0.058026,9.856036
1755407773643,0.294317,0.02333,9.956834
1755407773645,0.327817,0.035294,9.875179
1755407773647,0.270389,-0.005384,9.952048
1755407773650,0.351745,-0.048455,9.710074
1755407773651,0.246461,-0.067597,9.947263
1755407773654,0.315853,-0.060419,9.868001
1755407773656,0.284746,0.02333,9.863214
1755407773660,0.27996,-0.029312,9.944571
1755407773661,0.256032,-0.012562,9.789038
1755407773663,0.272782,-0.074776,9.939785
1755407773666,0.294317,-0.002991,9.820144
1755407773668,0.284746,-0.024526,9.939785
1755407773671,0.301496,-0.017348,9.851251
1755407773673,0.311067,-0.019741,9.915857
1755407773677,0.282353,-0.038883,9.84168
1755407773678,0.294317,-0.060419,9.91825
1755407773680,0.294317,-0.024526,9.932607
1755407773683,0.361316,-0.036491,9.930214
1755407773686,0.318245,-0.019741,9.966406
1755407773688,0.303888,-0.031705,9.820144
1755407773690,0.270389,-0.026919,9.879965
1755407773694,0.303888,-0.002991,9.932607
1755407773696,0.248854,-0.029312,9.863214
1755407773697,0.275175,-0.002991,9.879965
1755407773699,0.272782,-0.024526,9.848858
1755407773702,0.260818,-0.019741,9.927821
1755407773704,0.241675,-0.019741,9.875179
1755407773707,0.256032,-0.024526,9.889536
1755407773711,0.272782,-0.029312,9.872787
1755407773712,0.248854,0.016152,9.930214
1755407773714,0.303888,-0.005384,9.899107
1755407773717,0.301496,0.001795,9.853643
1755407773719,0.320638,-0.014955,9.863214
1755407773721,0.275175,-0.019741,9.896714
1755407773723,0.267996,-0.034098,9.908679
1755407773727,0.29671,-0.014955,9.903893
1755407773729,0.265603,-0.010169,9.903893
1755407773731,0.277567,-0.029312,9.858429
1755407773733,0.294317,-0.022134,9.891929
1755407773735,0.246461,-0.048455,9.829716
1755407773738,0.291924,-0.024526,9.879965
1755407773740,0.31346,-0.022134,9.915857
1755407773743,0.289532,-0.012562,9.911072
1755407773745,0.29671,-0.026919,9.889536
1755407773747,0.248854,0.00658,9.829716
1755407773750,0.29671,-0.012562,9.879965
1755407773752,0.263211,-0.005384,9.88475
1755407773755,0.342174,-0.067597,9.937392
1755407773757,0.272782,-0.017348,9.868001
1755407773759,0.270389,-0.007777,9.891929
1755407773762,0.263211,0.001795,9.925428
1755407773764,0.301496,-0.036491,9.91825
1755407773768,0.318245,-0.000598,9.834501
1755407773769,0.265603,-0.007777,9.887143
1755407773772,0.265603,-0.002991,9.877572
1755407773774,0.306281,-0.012562,9.872787
1755407773776,0.294317,0.004187,9.899107
1755407773779,0.303888,-0.010169,9.860822
1755407773781,0.282353,-0.029312,9.882358
1755407773783,0.294317,-0.007777,9.939785
1755407773786,0.303888,-0.014955,9.858429
1755407773788,0.270389,-0.022134,9.899107
1755407773791,0.270389,-0.017348,9.903893
1755407773793,0.272782,-0.031705,9.896714
1755407773796,0.308674,-0.010169,9.879965
1755407773798,0.275175,-0.022134,9.882358
1755407773800,0.301496,-0.005384,9.903893
1755407773803,0.334995,-0.005384,9.91825
1755407773805,0.315853,-0.041276,9.863214
1755407773808,0.308674,-0.017348,9.882358
1755407773810,0.284746,-0.031705,9.889536
1755407773813,0.291924,-0.012562,9.891929
1755407773815,0.311067,-0.014955,9.877572
1755407773818,0.272782,-0.038883,9.896714
1755407773819,0.284746,-0.022134,9.896714
1755407773822,0.284746,-0.007777,9.872787
1755407773824,0.27996,-0.000598,9.877572
1755407773827,0.277567,-0.019741,9.911072
1755407773829,0.27996,-0.041276,9.879965
1755407773832,0.306281,-0.024526,9.879965
1755407773834,0.277567,0.001795,9.877572
1755407773836,0.289532,0.020937,9.887143
1755407773839,0.291924,0.004187,9.906285
1755407773842,0.294317,-0.043669,9.894321
1755407773844,0.291924,-0.017348,9.889536
1755407773847,0.263211,-0.034098,9.877572
1755407773849,0.291924,-0.017348,9.903893
1755407773851,0.27996,-0.034098,9.896714
1755407773854,0.287139,-0.012562,9.906285
1755407773856,0.29671,-0.036491,9.906285
1755407773858,0.277567,-0.031705,9.906285
1755407773860,0.258425,-0.036491,9.887143
1755407773863,0.27996,-0.046062,9.868001
1755407773866,0.299103,-0.002991,9.870394
1755407773867,0.325424,-0.000598,9.891929
1755407773870,0.29671,-0.014955,9.915857
1755407773872,0.265603,-0.029312,9.846465
1755407773875,0.267996,-0.022134,9.889536
1755407773877,0.287139,-0.010169,9.944571
1755407773880,0.308674,-0.002991,9.860822
1755407773883,0.263211,0.018544,9.875179
1755407773885,0.311067,-0.014955,9.875179
1755407773886,0.263211,0.016152,9.879965
1755407773890,0.294317,-0.012562,9.879965
1755407773891,0.27996,-0.036491,9.786645
1755407773893,0.349352,-0.072383,10.009477
1755407773896,0.315853,-0.012562,9.889536
1755407773899,0.232104,-0.034098,9.738789
1755407773901,0.315853,-0.034098,9.964012
1755407773903,0.251246,-0.012562,9.863214
1755407773906,0.323031,-0.029312,9.932607
1755407773908,0.363709,-0.022134,9.997512
1755407773910,0.311067,-0.017348,9.863214
1755407773913,0.275175,0.001795,9.779466
1755407773916,0.263211,0.02333,9.891929
1755407773918,0.27996,-0.046062,9.834501
1755407773920,0.361316,-0.060419,10.019048
1755407773923,0.27996,-0.010169,9.853643
1755407773925,0.256032,-0.031705,9.913465
1755407773927,0.344566,-0.031705,9.954441
1755407773931,0.289532,0.013759,9.812965
1755407773934,0.291924,-0.005384,9.832108
1755407773935,0.284746,-0.024526,9.915857
1755407773937,0.299103,-0.026919,10.011869
1755407773939,0.244068,-0.000598,9.944571
1755407773942,0.291924,-0.036491,9.971191
1755407773944,0.291924,-0.019741,9.908679
1755407773946,0.306281,-0.000598,9.803394
1755407773949,0.275175,-0.031705,9.836894
1755407773951,0.311067,-0.036491,9.877572
1755407773954,0.275175,-0.026919,9.879965
1755407773956,0.29671,-0.000598,9.903893
1755407773958,0.294317,-0.017348,9.877572
1755407773961,0.299103,-0.022134,9.858429
1755407773963,0.277567,0.008973,9.891929
1755407773965,0.29671,-0.019741,9.942178
1755407773969,0.303888,-0.007777,9.872787
1755407773971,0.260818,-0.019741,9.88475
1755407773973,0.291924,-0.024526,9.882358
1755407773975,0.31346,-0.043669,9.887143
1755407773978,0.291924,0.001795,9.875179
1755407773980,0.27996,-0.002991,9.887143
1755407773983,0.299103,-0.017348,9.860822
1755407773985,0.267996,-0.026919,9.896714
1755407773987,0.246461,-0.014955,9.863214
1755407773990,0.256032,-0.012562,9.872787
1755407773992,0.260818,-0.026919,9.88475
1755407773994,0.299103,-0.012562,9.882358
1755407773997,0.275175,-0.026919,9.894321
1755407773999,0.284746,-0.036491,9.872787
1755407774002,0.306281,-0.012562,9.88475
1755407774004,0.287139,-0.024526,9.875179
1755407774006,0.289532,-0.007777,9.879965
1755407774009,0.299103,-0.031705,9.891929
1755407774012,0.299103,-0.010169,9.889536
1755407774013,0.315853,-0.038883,9.882358
1755407774017,0.291924,-0.022134,9.88475
1755407774018,0.267996,-0.029312,9.872787
1755407774021,0.289532,-0.024526,9.88475
1755407774023,0.29671,0.004187,9.882358
1755407774026,0.29671,-0.022134,9.868001
1755407774028,0.311067,-0.041276,9.891929
1755407774031,0.260818,-0.017348,9.877572
1755407774033,0.291924,-0.012562,9.9015
1755407774035,0.289532,-0.012562,9.863214
1755407774037,0.284746,-0.034098,9.863214
1755407774041,0.272782,-0.026919,9.858429
1755407774043,0.291924,-0.012562,9.853643
1755407774045,0.27996,-0.036491,9.839287
1755407774047,0.308674,-0.024526,9.853643
1755407774050,0.306281,-0.019741,9.932607
1755407774052,0.332602,-0.010169,9.923036
1755407774054,0.27996,-0.014955,9.810573
1755407774057,0.308674,-0.038883,9.820144
1755407774059,0.311067,-0.031705,9.858429
1755407774061,0.282353,-0.002991,9.915857
1755407774064,0.308674,-0.029312,9.971191
1755407774067,0.325424,-0.024526,9.91825
1755407774071,0.306281,-0.038883,9.959227
1755407774072,0.311067,-0.026919,9.80818
1755407774073,0.275175,-0.043669,9.899107
1755407774076,0.282353,-0.000598,9.911072
1755407774078,0.311067,-0.031705,9.879965
1755407774081,0.27996,-0.026919,9.882358
1755407774083,0.306281,-0.031705,9.875179
1755407774086,0.315853,-0.038883,9.908679
1755407774088,0.272782,-0.046062,9.858429
1755407774091,0.315853,-0.026919,9.872787
1755407774093,0.287139,-0.029312,9.923036
1755407774095,0.275175,-0.022134,9.887143
1755407774097,0.287139,-0.029312,9.872787
1755407774100,0.284746,-0.034098,9.9015
1755407774103,0.258425,0.001795,9.882358
1755407774104,0.301496,-0.026919,9.848858
1755407774107,0.289532,-0.029312,9.91825
1755407774110,0.308674,-0.031705,9.899107
1755407774112,0.291924,-0.007777,9.9015
1755407774114,0.29671,-0.017348,9.872787
1755407774116,0.260818,-0.002991,9.934999
1755407774119,0.294317,-0.048455,9.705289
1755407774121,0.224925,-0.074776,10.098011
1755407774124,0.399601,0.044865,9.676575
1755407774126,0.210568,-0.026919,10.121939
1755407774128,0.366102,0.049651,9.690931
1755407774131,0.229711,-0.048455,10.078868
1755407774134,0.358923,-0.007777,9.71486
1755407774136,0.258425,-0.012562,10.011869
1755407774138,0.334995,0.004187,9.750752
1755407774141,0.258425,-0.036491,9.97837
1755407774143,0.303888,-0.002991,9.80818
1755407774145,0.260818,-0.041276,9.911072
1755407774147,0.327817,-0.026919,9.887143
1755407774150,0.308674,-0.017348,9.832108
1755407774153,0.29671,-0.072383,9.956834
1755407774155,0.29671,0.001795,9.762716
1755407774157,0.253639,-0.043669,10.035797
1755407774160,0.303888,0.011366,9.710074
1755407774162,0.270389,-0.043669,10.07169
1755407774164,0.327817,-0.002991,9.731609
1755407774167,0.277567,-0.058026,10.033404
1755407774169,0.323031,-0.000598,9.734002
1755407774173,0.263211,-0.046062,9.971191
1755407774175,0.299103,-0.050847,9.786645
1755407774176,0.301496,-0.036491,9.875179
1755407774179,0.275175,-0.026919,9.954441
1755407774182,0.311067,0.047258,9.820144
1755407774184,0.227318,-0.017348,10.028619
1755407774187,0.303888,0.004187,9.784252
1755407774188,0.241675,-0.058026,9.999905
1755407774191,0.291924,-0.067597,9.750752
1755407774193,0.277567,-0.031705,9.923036
1755407774195,0.301496,0.016152,9.829716
1755407774198,0.318245,-0.005384,9.832108
1755407774200,0.258425,-0.022134,9.961619
1755407774203,0.306281,0.008973,9.757931
1755407774206,0.236889,-0.034098,10.047761
1755407774208,0.33021,-0.010169,9.755538
1755407774210,0.246461,-0.048455,10.011869
1755407774212,0.320638,-0.029312,9.77468
1755407774215,0.260818,-0.000598,9.954441
1755407774217,0.301496,-0.019741,9.798609
1755407774220,0.260818,-0.000598,9.863214
1755407774225,0.291924,-0.046062,9.937392
1755407774226,0.29671,0.00658,9.789038
1755407774227,0.258425,-0.022134,10.016655
1755407774229,0.318245,0.018544,9.784252
1755407774231,0.31346,-0.050847,10.011869
1755407774234,0.332602,-0.019741,9.755538
1755407774237,0.272782,-0.031705,9.968799
1755407774242,0.342174,-0.041276,9.762716
1755407774243,0.301496,-0.022134,9.899107
1755407774244,0.275175,0.00658,9.911072
1755407774246,0.29671,0.013759,9.803394
1755407774248,0.308674,0.008973,10.023833
1755407774251,0.33021,0.011366,9.765109
1755407774253,0.256032,-0.041276,10.014262
1755407774256,0.308674,0.00658,9.765109
1755407774258,0.212961,-0.041276,9.992726
1755407774260,0.284746,-0.022134,9.779466
1755407774263,0.263211,-0.012562,9.925428
1755407774265,0.320638,-0.024526,9.805787
1755407774267,0.260818,-0.034098,9.887143
1755407774270,0.29671,-0.048455,9.891929
1755407774273,0.284746,-0.022134,9.793823
1755407774276,0.301496,-0.019741,9.987941
1755407774278,0.303888,0.001795,9.796216
1755407774279,0.239282,-0.005384,10.026226
1755407774282,0.303888,0.018544,9.79143
1755407774285,0.256032,-0.034098,9.992726
1755407774286,0.332602,-0.048455,9.798609
1755407774289,0.27996,-0.036491,9.949656
1755407774292,0.311067,-0.06999,9.798609
1755407774294,0.275175,-0.029312,9.894321
1755407774297,0.27996,-0.036491,9.906285
1755407774299,0.301496,0.011366,9.798609
1755407774301,0.31346,-0.038883,9.997512
1755407774303,0.337388,0.001795,9.781859
1755407774306,0.275175,-0.043669,10.019048
1755407774308,0.306281,0.016152,9.789038
1755407774311,0.258425,-0.010169,9.973584
1755407774313,0.31346,-0.014955,9.755538
1755407774315,0.289532,-0.046062,9.91825
1755407774318,0.301496,-0.058026,9.789038
1755407774320,0.27996,-0.019741,9.868001
1755407774323,0.301496,-0.029312,9.923036
1755407774325,0.323031,0.013759,9.82493
1755407774327,0.291924,-0.022134,10.074082
1755407774330,0.294317,0.032901,9.836894
1755407774332,0.244068,-0.048455,9.971191
1755407774334,0.275175,-0.048455,9.71486
1755407774337,0.299103,-0.06999,9.906285
1755407774340,0.311067,-0.060419,9.889536
1755407774343,0.284746,0.018544,9.88475
1755407774344,0.256032,-0.002991,10.00469
1755407774347,0.291924,0.020937,9.750752
1755407774349,0.282353,-0.110668,9.908679
1755407774351,0.284746,-0.091525,9.801002
1755407774354,0.303888,-0.005384,9.983155
1755407774357,0.258425,0.111864,9.947263
1755407774359,0.282353,0.032901,9.765109
1755407774361,0.258425,-0.156132,9.863214
1755407774363,0.29671,-0.141775,9.789038
1755407774366,0.282353,0.00658,10.045368
1755407774368,0.303888,0.1334,9.952048
1755407774370,0.299103,0.018544,9.731609
1755407774374,0.287139,-0.139382,9.77468
1755407774376,0.346959,-0.101097,9.947263
1755407774378,0.287139,0.054437,9.903893
1755407774380,0.260818,0.080758,9.915857
1755407774382,0.263211,-0.110668,9.80818
1755407774385,0.272782,-0.091525,9.973584
1755407774388,0.267996,0.037687,9.877572
1755407774391,0.289532,0.04008,9.777073
1755407774393,0.311067,-0.067597,9.923036
1755407774396,0.318245,-0.022134,9.932607
1755407774397,0.289532,0.042473,9.822537
1755407774399,0.282353,-0.038883,9.844072
1755407774402,0.334995,-0.062812,9.932607
1755407774404,0.272782,-0.012562,9.829716
1755407774408,0.244068,-0.000598,9.887143
1755407774409,0.325424,-0.055633,9.84168
1755407774411,0.33021,-0.043669,9.906285
1755407774413,0.294317,0.035294,9.872787
1755407774416,0.256032,0.001795,9.891929
1755407774419,0.327817,-0.060419,9.822537
1755407774421,0.27996,-0.050847,10.011869
1755407774425,0.294317,0.035294,9.80818
1755407774426,0.248854,-0.024526,9.973584
1755407774428,0.325424,-0.022134,9.863214
1755407774430,0.275175,-0.024526,9.913465
1755407774433,0.272782,-0.012562,9.863214
1755407774435,0.291924,-0.007777,9.947263
1755407774437,0.33021,-0.012562,9.765109
1755407774442,0.251246,-0.060419,9.947263
1755407774443,0.289532,-0.041276,9.827323
1755407774445,0.291924,-0.012562,9.877572
1755407774447,0.272782,0.008973,9.856036
1755407774449,0.301496,-0.041276,9.887143
1755407774452,0.287139,-0.012562,9.937392
1755407774454,0.277567,0.047258,9.9015
1755407774459,0.22014,-0.043669,9.781859
1755407774461,0.287139,-0.036491,10.00469
1755407774463,0.284746,0.001795,9.88475
1755407774465,0.246461,-0.019741,9.753145
1755407774466,0.265603,-0.043669,9.944571
1755407774469,0.318245,-0.005384,9.906285
1755407774471,0.260818,0.025723,9.834501
1755407774473,0.244068,-0.072383,9.858429
1755407774476,0.315853,-0.113061,9.964012
1755407774478,0.306281,0.028116,9.903893
1755407774481,0.239282,0.064008,9.865608
1755407774483,0.27996,-0.060419,9.769895
1755407774486,0.299103,-0.134596,9.820144
1755407774488,0.248854,0.013759,10.040583
1755407774491,0.284746,0.114257,9.934999
1755407774493,0.265603,-0.002991,9.891929
1755407774495,0.289532,-0.125025,9.719646
1755407774497,0.265603,-0.122632,9.820144
1755407774500,0.275175,-0.012562,10.074082
1755407774502,0.320638,0.087936,9.932607
1755407774504,0.277567,0.011366,9.868001
1755407774507,0.248854,-0.105882,9.757931
1755407774511,0.275175,-0.113061,9.923036
1755407774513,0.270389,-0.055633,9.848858
1755407774514,0.272782,0.02333,9.79143
1755407774516,0.260818,0.04008,10.066904
1755407774519,0.315853,0.011366,9.906285
1755407774521,0.260818,-0.017348,9.896714
1755407774524,0.277567,-0.065204,9.707682
1755407774527,0.29671,-0.06999,10.014262
1755407774529,0.308674,-0.005384,9.827323
1755407774531,0.282353,0.00658,9.79143
1755407774533,0.289532,-0.005384,10.026226
1755407774536,0.31346,0.016152,9.805787
1755407774538,0.232104,-0.038883,9.97837
1755407774541,0.303888,0.004187,9.805787
1755407774543,0.263211,-0.029312,9.97837
1755407774545,0.291924,-0.034098,9.71486
1755407774548,0.277567,-0.055633,9.930214
1755407774550,0.311067,-0.017348,9.877572
1755407774553,0.294317,-0.010169,9.891929
1755407774555,0.272782,-0.000598,9.968799
1755407774557,0.272782,-0.019741,9.858429
1755407774560,0.260818,-0.041276,9.952048
1755407774562,0.311067,-0.048455,9.801002
1755407774564,0.287139,-0.034098,9.964012
1755407774567,0.27996,-0.000598,9.836894
1755407774569,0.282353,-0.012562,9.88475
1755407774572,0.299103,-0.026919,9.925428
1755407774574,0.270389,-0.019741,9.82493
1755407774577,0.29671,-0.043669,9.930214
1755407774580,0.308674,-0.005384,9.803394
1755407774582,0.270389,-0.046062,9.925428
1755407774584,0.29671,-0.017348,9.844072
1755407774586,0.27996,-0.017348,9.882358
1755407774588,0.27996,-0.036491,9.896714
1755407774592,0.284746,-0.010169,9.851251
1755407774595,0.294317,-0.050847,9.934999
1755407774597,0.31346,-0.005384,9.805787
1755407774599,0.301496,-0.029312,9.952048
1755407774600,0.289532,0.011366,9.805787
1755407774603,0.267996,0.00658,9.923036
1755407774605,0.303888,-0.012562,9.889536
1755407774608,0.284746,-0.017348,9.870394
1755407774612,0.289532,-0.048455,9.894321
1755407774613,0.31346,-0.007777,9.88475
1755407774615,0.327817,-0.022134,9.903893
1755407774618,0.306281,-0.041276,9.84168
1755407774619,0.282353,-0.022134,9.913465
1755407774622,0.270389,-0.031705,9.84168
1755407774625,0.260818,-0.026919,9.894321
1755407774627,0.275175,-0.014955,9.860822
1755407774630,0.29671,-0.010169,9.872787
1755407774632,0.29671,-0.017348,9.868001
1755407774634,0.291924,-0.022134,9.894321
1755407774636,0.289532,-0.019741,9.88475
1755407774639,0.275175,-0.036491,9.879965
1755407774642,0.282353,-0.026919,9.870394
1755407774644,0.31346,-0.012562,9.875179
1755407774647,0.320638,0.001795,9.858429
1755407774651,0.301496,-0.022134,9.872787
1755407774652,0.260818,-0.017348,9.889536
1755407774653,0.270389,-0.024526,9.865608
1755407774656,0.270389,-0.036491,9.903893
1755407774658,0.27996,-0.014955,9.848858
1755407774660,0.282353,-0.058026,9.879965
1755407774665,0.323031,-0.026919,9.877572
1755407774667,0.31346,-0.014955,9.9015
1755407774668,0.315853,-0.012562,9.834501
1755407774670,0.267996,-0.029312,9.913465
1755407774672,0.291924,-0.041276,9.84168
1755407774675,0.263211,-0.002991,9.985548
1755407774677,0.303888,0.02333,9.803394
1755407774681,0.248854,-0.046062,9.877572
1755407774683,0.325424,-0.055633,9.812965
1755407774684,0.260818,-0.010169,10.045368
1755407774687,0.29671,0.075972,9.760324
1755407774689,0.277567,-0.048455,10.03819
1755407774691,0.311067,0.00658,9.712467
1755407774695,0.239282,-0.024526,9.894321
1755407774697,0.291924,-0.050847,9.939785
1755407774699,0.263211,0.032901,9.887143
1755407774701,0.306281,-0.010169,9.820144
1755407774704,0.277567,-0.000598,9.939785
1755407774706,0.308674,-0.010169,9.894321
1755407774708,0.318245,-0.007777,9.745967
1755407774711,0.263211,0.00658,10.047761
1755407774713,0.301496,0.037687,9.789038
1755407774716,0.265603,-0.060419,10.028619
1755407774718,0.303888,0.008973,9.765109
1755407774721,0.260818,-0.055633,9.872787
1755407774723,0.325424,-0.038883,9.822537
1755407774725,0.244068,0.004187,9.939785
1755407774728,0.306281,-0.050847,9.789038
1755407774731,0.217747,-0.022134,9.968799
1755407774734,0.289532,-0.041276,9.796216
1755407774735,0.284746,-0.007777,9.911072
1755407774737,0.291924,0.020937,9.887143
1755407774739,0.27996,-0.062812,9.817751
1755407774742,0.270389,-0.046062,9.961619
1755407774745,0.289532,-0.022134,9.765109
1755407774748,0.284746,-0.06999,10.047761
1755407774751,0.301496,-0.024526,9.700503
1755407774752,0.265603,-0.058026,10.040583
1755407774754,0.306281,0.013759,9.741181
1755407774756,0.272782,-0.055633,9.997512
1755407774759,0.315853,0.016152,9.79143
1755407774761,0.227318,-0.022134,9.980762
1755407774764,0.33021,-0.007777,9.834501
1755407774769,0.222533,-0.019741,9.961619
1755407774770,0.334995,-0.012562,9.863214
1755407774771,0.227318,-0.010169,9.939785
1755407774773,0.325424,-0.046062,9.856036
1755407774776,0.29671,-0.041276,9.952048
1755407774778,0.334995,-0.005384,9.827323
1755407774780,0.227318,-0.012562,9.949656
1755407774783,0.318245,-0.012562,9.82493
1755407774786,0.246461,-0.005384,9.934999
1755407774788,0.368495,-0.022134,9.84168
1755407774790,0.248854,0.004187,9.944571
1755407774792,0.320638,-0.034098,9.820144
1755407774796,0.212961,-0.038883,9.939785
1755407774799,0.318245,-0.014955,9.812965
1755407774800,0.224925,-0.012562,9.964012
1755407774802,0.342174,-0.014955,9.793823
1755407774804,0.227318,-0.029312,9.959227
1755407774806,0.308674,-0.038883,9.803394
1755407774809,0.227318,0.004187,9.954441
1755407774812,0.306281,-0.014955,9.781859
1755407774814,0.217747,0.00658,9.987941
1755407774817,0.346959,-0.007777,9.779466
1755407774819,0.256032,-0.010169,9.934999
1755407774821,0.33021,-0.034098,9.80818
1755407774823,0.227318,-0.029312,9.944571
1755407774826,0.311067,-0.058026,9.851251
1755407774828,0.244068,-0.062812,9.927821
1755407774831,0.315853,-0.017348,9.872787
1755407774834,0.282353,-0.034098,9.891929
1755407774836,0.33021,-0.060419,9.88475
1755407774838,0.325424,-0.029312,9.88475
1755407774840,0.282353,0.011366,9.887143
1755407774843,0.270389,-0.022134,9.860822
1755407774845,0.284746,-0.043669,9.848858
1755407774847,0.27996,-0.038883,9.899107
1755407774850,0.299103,-0.024526,9.872787
1755407774852,0.270389,-0.002991,9.870394
1755407774855,0.323031,0.008973,9.887143
1755407774857,0.291924,0.00658,9.851251
1755407774859,0.263211,-0.022134,9.865608
1755407774862,0.277567,-0.038883,9.88475
1755407774864,0.282353,-0.036491,9.908679
1755407774867,0.253639,-0.038883,9.863214
1755407774869,0.31346,-0.019741,9.894321
1755407774871,0.320638,-0.024526,9.879965
1755407774874,0.27996,-0.017348,9.882358
1755407774876,0.29671,-0.024526,9.894321
1755407774879,0.287139,-0.017348,9.870394
1755407774881,0.294317,-0.019741,9.923036
1755407774884,0.275175,-0.019741,9.877572
1755407774887,0.284746,-0.036491,9.875179
1755407774888,0.299103,-0.002991,9.877572
1755407774891,0.311067,-0.041276,9.927821
1755407774893,0.275175,0.001795,9.875179
1755407774895,0.332602,-0.046062,9.762716
1755407774898,0.246461,-0.062812,10.002297
1755407774901,0.332602,0.008973,9.820144
1755407774903,0.210568,-0.034098,9.97837
1755407774905,0.277567,-0.024526,9.79143
1755407774908,0.277567,-0.019741,9.964012
1755407774910,0.334995,-0.055633,9.784252
1755407774913,0.251246,0.004187,9.942178
1755407774914,0.323031,-0.002991,9.760324
1755407774918,0.270389,-0.002991,9.937392
1755407774920,0.33021,-0.043669,9.812965
1755407774922,0.232104,-0.038883,9.923036
1755407774924,0.27996,-0.007777,9.872787
1755407774926,0.272782,0.018544,9.853643
1755407774929,0.29671,-0.014955,9.937392
1755407774931,0.311067,-0.005384,9.760324
1755407774934,0.253639,-0.038883,9.990334
1755407774936,0.27996,-0.002991,9.769895
1755407774939,0.282353,-0.029312,10.011869
1755407774941,0.301496,0.028116,9.798609
1755407774943,0.224925,-0.010169,10.009477
1755407774946,0.323031,-0.000598,9.875179
1755407774949,0.263211,-0.014955,9.954441
1755407774951,0.284746,-0.012562,9.877572
1755407774954,0.236889,-0.007777,9.906285
1755407774955,0.275175,-0.012562,9.803394
1755407774958,0.270389,-0.046062,9.985548
1755407774960,0.284746,-0.038883,9.729217
1755407774963,0.265603,-0.014955,9.971191
1755407774965,0.289532,-0.043669,9.868001
1755407774969,0.251246,-0.050847,9.834501
1755407774971,0.301496,-0.019741,9.942178
1755407774972,0.289532,0.02333,9.710074
1755407774974,0.277567,-0.024526,10.042975
1755407774977,0.303888,0.001795,9.784252
1755407774979,0.234497,-0.038883,9.997512
1755407774982,0.29671,0.025723,9.856036
1755407774984,0.222533,-0.026919,9.942178
1755407774987,0.337388,-0.031705,9.851251
1755407774989,0.260818,-0.014955,9.920643
1755407774991,0.308674,-0.043669,9.767502
1755407774994,0.258425,0.001795,9.985548
1755407774996,0.27996,-0.017348,9.820144
1755407774998,0.29671,-0.012562,9.934999
1755407775002,0.289532,-0.005384,9.9015
1755407775003,0.311067,-0.019741,9.722038
1755407775006,0.306281,-0.034098,9.997512
1755407775008,0.31346,0.00658,9.786645
1755407775011,0.282353,-0.034098,9.995119
1755407775013,0.306281,0.013759,9.853643
1755407775015,0.287139,-0.029312,9.980762
1755407775017,0.327817,-0.010169,9.767502
1755407775020,0.258425,-0.024526,9.923036
1755407775022,0.315853,-0.034098,9.765109
1755407775025,0.258425,-0.041276,9.927821
1755407775027,0.284746,-0.038883,9.870394
1755407775030,0.241675,-0.005384,9.915857
1755407775032,0.303888,-0.017348,9.896714
1755407775034,0.289532,-0.010169,9.844072
1755407775037,0.287139,-0.019741,9.906285
1755407775040,0.284746,-0.034098,9.82493
1755407775042,0.270389,-0.036491,9.920643
1755407775044,0.284746,-0.017348,9.865608
1755407775047,0.299103,-0.014955,9.887143
1755407775049,0.308674,-0.031705,9.877572
1755407775051,0.253639,-0.038883,9.877572
1755407775055,0.277567,-0.010169,9.915857
1755407775056,0.258425,-0.010169,9.865608
1755407775059,0.29671,-0.010169,9.870394
1755407775061,0.303888,-0.024526,9.887143
1755407775064,0.294317,-0.014955,9.865608
1755407775065,0.306281,-0.000598,9.868001
1755407775068,0.303888,-0.026919,9.906285
1755407775071,0.306281,-0.022134,9.88475
1755407775073,0.277567,-0.029312,9.903893
1755407775076,0.275175,-0.031705,9.853643
1755407775078,0.272782,0.00658,9.882358
1755407775080,0.241675,-0.026919,9.879965
1755407775082,0.272782,-0.019741,9.860822
1755407775085,0.27996,-0.017348,9.870394
1755407775088,0.267996,-0.022134,9.891929
1755407775090,0.284746,-0.017348,9.872787
1755407775092,0.303888,-0.012562,9.879965
1755407775094,0.284746,-0.048455,9.872787
1755407775097,0.289532,0.001795,9.887143
1755407775099,0.27996,-0.031705,9.887143
1755407775102,0.291924,-0.026919,9.903893
1755407775105,0.282353,-0.024526,9.877572
1755407775106,0.289532,-0.014955,9.899107
1755407775108,0.303888,-0.017348,9.894321
1755407775112,0.29671,-0.022134,9.952048
1755407775114,0.299103,-0.036491,9.834501
1755407775116,0.306281,-0.000598,9.829716
1755407775118,0.246461,-0.007777,9.856036
1755407775122,0.31346,-0.022134,9.875179
1755407775124,0.301496,-0.048455,9.865608
1755407775126,0.239282,0.001795,9.79143
1755407775128,0.282353,-0.010169,9.777073
1755407775130,0.318245,-0.060419,9.903893
1755407775132,0.263211,-0.002991,9.863214
1755407775135,0.27996,-0.019741,9.891929
1755407775139,0.301496,-0.010169,9.908679
1755407775140,0.299103,-0.014955,9.9015
1755407775143,0.246461,-0.017348,9.84168
1755407775144,0.311067,-0.046062,9.875179
1755407775147,0.318245,-0.029312,9.913465
1755407775149,0.275175,0.004187,9.868001
1755407775152,0.263211,-0.022134,9.856036
1755407775154,0.267996,-0.043669,9.942178
1755407775157,0.272782,0.004187,9.765109
1755407775160,0.291924,-0.024526,9.952048
1755407775161,0.287139,-0.019741,9.879965
1755407775164,0.311067,0.011366,9.920643
1755407775166,0.308674,-0.014955,9.832108
1755407775169,0.284746,-0.034098,9.906285
1755407775171,0.272782,-0.024526,9.875179
1755407775174,0.275175,-0.024526,9.870394
1755407775176,0.284746,-0.019741,9.937392
1755407775178,0.303888,0.00658,9.947263
1755407775181,0.251246,0.004187,9.836894
1755407775183,0.253639,-0.024526,9.865608
1755407775185,0.303888,-0.010169,9.829716
1755407775188,0.284746,0.001795,9.971191
1755407775190,0.284746,-0.022134,9.796216
1755407775193,0.287139,-0.038883,9.952048
1755407775195,0.272782,-0.017348,9.760324
1755407775198,0.27996,-0.046062,10.014262
1755407775200,0.27996,-0.012562,9.772287
1755407775202,0.291924,-0.06999,9.887143
1755407775204,0.267996,-0.041276,10.019048
1755407775207,0.349352,0.061615,9.74836
1755407775210,0.210568,-0.132203,10.019048
1755407775212,0.351745,0.020937,9.84168
1755407775214,0.287139,-0.000598,9.798609
1755407775216,0.20339,-0.074776,10.11476
1755407775219,0.399601,0.075972,9.690931
1755407775221,0.232104,-0.055633,9.879965
1755407775225,0.246461,-0.010169,10.011869
1755407775227,0.375673,0.044865,9.734002
1755407775228,0.16002,-0.06999,9.932607
1755407775231,0.315853,0.011366,9.964012
1755407775233,0.342174,-0.010169,9.803394
1755407775235,0.181555,-0.08674,10.011869
1755407775238,0.375673,0.044865,9.645468
1755407775241,0.236889,-0.043669,9.879965
1755407775244,0.270389,-0.012562,10.023833
1755407775245,0.416351,0.001795,9.801002
1755407775248,0.183948,-0.05324,9.983155
1755407775250,0.356531,0.020937,9.789038
1755407775252,0.232104,-0.055633,10.03819
1755407775255,0.265603,-0.000598,9.793823
1755407775258,0.287139,-0.038883,9.923036
1755407775260,0.256032,-0.012562,9.879965
1755407775262,0.303888,-0.012562,9.801002
1755407775265,0.212961,-0.048455,9.980762
1755407775269,0.315853,-0.005384,9.80818
1755407775270,0.253639,-0.005384,9.968799
1755407775271,0.351745,-0.007777,9.779466
1755407775276,0.260818,-0.005384,9.964012
1755407775277,0.320638,-0.000598,9.784252
1755407775279,0.224925,-0.06999,9.937392
1755407775283,0.308674,-0.065204,9.863214
1755407775284,0.260818,-0.026919,9.9015
1755407775286,0.301496,-0.034098,9.860822
1755407775288,0.27996,-0.046062,9.930214
1755407775292,0.325424,0.028116,9.863214
1755407775294,0.258425,-0.029312,9.79143
1755407775296,0.272782,-0.046062,10.028619
1755407775298,0.327817,0.016152,9.846465
1755407775301,0.267996,-0.014955,9.959227
1755407775303,0.31346,-0.048455,9.777073
1755407775305,0.282353,-0.050847,9.894321
1755407775309,0.315853,-0.079561,9.836894
1755407775311,0.303888,0.004187,9.947263
1755407775313,0.308674,0.001795,9.920643
1755407775315,0.277567,-0.019741,9.896714
1755407775317,0.277567,-0.024526,9.889536
1755407775319,0.272782,-0.055633,9.803394
1755407775322,0.294317,-0.084347,9.927821
1755407775326,0.344566,-0.000598,9.879965
1755407775328,0.258425,0.030508,9.9015
1755407775329,0.287139,-0.014955,9.812965
1755407775331,0.263211,-0.029312,9.985548
1755407775334,0.289532,-0.012562,9.79143
1755407775336,0.222533,-0.055633,9.939785
1755407775338,0.334995,-0.043669,9.848858
1755407775341,0.299103,-0.029312,9.925428
1755407775344,0.267996,-0.002991,9.853643
1755407775346,0.263211,0.001795,9.896714
1755407775349,0.318245,-0.019741,9.834501
1755407775350,0.265603,-0.026919,9.954441
1755407775353,0.275175,-0.005384,9.846465
1755407775355,0.265603,-0.022134,9.925428
1755407775357,0.299103,-0.022134,9.872787
1755407775360,0.251246,-0.010169,9.88475
1755407775362,0.265603,-0.019741,9.88475
1755407775365,0.29671,-0.024526,9.887143
1755407775367,0.299103,-0.026919,9.887143
1755407775369,0.287139,-0.014955,9.887143
1755407775372,0.284746,-0.010169,9.894321
1755407775374,0.260818,-0.022134,9.872787
1755407775380,0.270389,-0.005384,9.9015
1755407775381,0.272782,-0.010169,9.9015
1755407775382,0.318245,-0.014955,9.915857
1755407775384,0.272782,-0.022134,9.817751
1755407775386,0.282353,-0.012562,9.927821
1755407775389,0.318245,-0.007777,9.832108
1755407775391,0.284746,-0.002991,9.896714
1755407775394,0.294317,-0.034098,9.856036
1755407775397,0.265603,-0.050847,9.911072
1755407775401,0.306281,-0.036491,9.863214
1755407775402,0.315853,-0.036491,9.91825
1755407775403,0.31346,-0.017348,9.863214
1755407775405,0.284746,-0.017348,9.88475
1755407775408,0.299103,-0.050847,9.863214
1755407775411,0.29671,-0.024526,9.894321
1755407775413,0.270389,-0.038883,9.851251
1755407775415,0.277567,-0.019741,9.853643
1755407775418,0.282353,-0.007777,9.9015
1755407775420,0.284746,-0.012562,9.870394
1755407775422,0.258425,-0.019741,9.915857
1755407775425,0.306281,-0.007777,9.88475
1755407775427,0.287139,-0.007777,9.906285
1755407775429,0.287139,-0.026919,9.872787
1755407775432,0.27996,-0.005384,9.865608
1755407775434,0.27996,-0.007777,9.879965
1755407775437,0.301496,0.008973,9.879965
1755407775439,0.29671,-0.024526,9.875179
1755407775442,0.311067,-0.024526,9.882358
1755407775445,0.27996,-0.002991,9.870394
1755407775447,0.265603,-0.010169,9.879965
1755407775449,0.308674,-0.026919,9.899107
1755407775452,0.275175,-0.017348,9.820144
1755407775453,0.282353,0.001795,9.903893
1755407775456,0.275175,-0.029312,9.899107
1755407775458,0.284746,-0.031705,9.879965
1755407775462,0.277567,-0.005384,9.9015
1755407775463,0.291924,-0.038883,9.875179
1755407775466,0.301496,-0.014955,9.911072
1755407775468,0.289532,-0.060419,9.887143
1755407775471,0.284746,-0.026919,9.882358
1755407775473,0.29671,-0.014955,9.889536
1755407775475,0.294317,-0.026919,9.899107
1755407775479,0.308674,-0.005384,9.882358
1755407775481,0.289532,-0.031705,9.891929
1755407775483,0.291924,-0.012562,9.875179
1755407775485,0.253639,-0.043669,9.872787
1755407775487,0.270389,-0.046062,9.896714
1755407775489,0.294317,-0.017348,9.891929
1755407775492,0.284746,-0.036491,9.868001
1755407775495,0.27996,-0.050847,9.872787
1755407775497,0.265603,-0.031705,9.870394
1755407775499,0.294317,-0.014955,9.868001
1755407775501,0.318245,-0.026919,9.894321
1755407775504,0.263211,-0.038883,9.889536
1755407775506,0.282353,-0.036491,9.903893
1755407775508,0.299103,-0.041276,9.889536
1755407775512,0.311067,-0.017348,9.908679
1755407775514,0.275175,-0.019741,9.870394
1755407775516,0.270389,-0.022134,9.882358
1755407775519,0.287139,0.004187,9.877572
1755407775521,0.289532,-0.000598,9.879965
1755407775523,0.267996,-0.026919,9.865608
1755407775526,0.263211,-0.036491,9.899107
1755407775528,0.287139,-0.014955,9.906285
1755407775531,0.275175,-0.034098,9.848858
1755407775533,0.289532,-0.048455,9.932607
1755407775535,0.263211,-0.031705,9.882358
1755407775538,0.306281,-0.031705,9.889536
1755407775540,0.287139,-0.002991,9.88475
1755407775542,0.263211,-0.022134,9.88475
1755407775545,0.299103,-0.036491,9.887143
1755407775548,0.289532,-0.029312,9.899107
1755407775550,0.294317,-0.017348,9.879965
1755407775552,0.299103,-0.000598,9.868001
1755407775554,0.284746,-0.014955,9.908679
1755407775556,0.29671,0.004187,9.882358
1755407775559,0.27996,-0.038883,9.894321
1755407775561,0.284746,-0.043669,9.882358
1755407775564,0.29671,-0.026919,9.896714
1755407775566,0.301496,-0.026919,9.863214
1755407775569,0.301496,-0.050847,9.877572
1755407775571,0.272782,-0.046062,9.899107
1755407775574,0.306281,0.008973,9.868001
1755407775576,0.270389,-0.000598,9.88475
1755407775578,0.29671,-0.005384,9.887143
1755407775581,0.284746,-0.026919,9.88475
1755407775583,0.289532,-0.012562,9.879965
1755407775586,0.299103,-0.029312,9.877572
1755407775588,0.277567,0.00658,9.877572
1755407775590,0.265603,-0.000598,9.903893
1755407775593,0.294317,-0.024526,9.934999
1755407775595,0.265603,-0.000598,9.942178
1755407775598,0.323031,-0.048455,9.71486
1755407775602,0.224925,-0.091525,9.913465
1755407775603,0.318245,-0.072383,9.820144
1755407775605,0.277567,0.047258,9.944571
1755407775607,0.287139,0.068794,9.973584
1755407775609,0.294317,0.035294,9.777073
1755407775611,0.265603,-0.125025,9.872787
1755407775615,0.301496,-0.125025,9.805787
1755407775619,0.315853,0.008973,9.971191
1755407775620,0.253639,0.107079,10.016655
1755407775622,0.291924,0.025723,9.741181
1755407775624,0.291924,-0.184846,9.777073
1755407775626,0.306281,-0.153739,9.911072
1755407775628,0.289532,0.068794,10.066904
1755407775632,0.251246,0.123829,9.983155
1755407775633,0.291924,-0.050847,9.676575
1755407775636,0.258425,-0.165703,9.815358
1755407775638,0.291924,-0.036491,9.975977
1755407775641,0.299103,0.131007,9.887143
1755407775643,0.244068,0.020937,9.923036
1755407775645,0.311067,-0.148953,9.784252
1755407775648,0.323031,-0.05324,9.968799
1755407775651,0.275175,0.071186,9.925428
1755407775652,0.267996,0.013759,9.79143
1755407775655,0.323031,-0.096311,9.987941
1755407775657,0.306281,0.001795,9.903893
1755407775660,0.246461,0.028116,9.772287
1755407775662,0.258425,-0.046062,9.88475
1755407775664,0.351745,-0.058026,9.9015
1755407775667,0.282353,0.00658,9.836894
1755407775669,0.232104,-0.007777,9.91825
1755407775672,0.339781,-0.014955,9.860822
1755407775674,0.327817,-0.060419,9.877572
1755407775676,0.246461,-0.031705,9.937392
1755407775679,0.27996,-0.000598,9.801002
1755407775682,0.282353,-0.036491,9.964012
1755407775685,0.320638,-0.010169,9.832108
1755407775686,0.263211,-0.038883,9.875179
1755407775688,0.299103,-0.017348,9.903893
1755407775691,0.275175,-0.017348,9.877572
1755407775693,0.267996,-0.019741,9.896714
1755407775695,0.303888,-0.024526,9.851251
1755407775698,0.294317,-0.031705,9.920643
1755407775703,0.282353,-0.017348,9.856036
1755407775705,0.287139,-0.041276,9.903893
1755407775706,0.284746,-0.014955,9.829716
1755407775708,0.260818,-0.017348,9.894321
1755407775710,0.282353,-0.000598,9.865608
1755407775712,0.282353,0.004187,9.882358
1755407775715,0.327817,-0.024526,9.891929
1755407775719,0.301496,-0.024526,9.858429
1755407775720,0.325424,-0.026919,9.860822
1755407775723,0.318245,-0.012562,9.911072
1755407775724,0.265603,-0.029312,9.896714
1755407775727,0.29671,-0.005384,9.879965
1755407775729,0.270389,-0.029312,9.875179
1755407775731,0.289532,-0.022134,9.868001
1755407775734,0.241675,-0.065204,9.870394
1755407775737,0.29671,-0.017348,9.877572
1755407775739,0.299103,-0.014955,9.870394
1755407775741,0.29671,-0.026919,9.860822
1755407775743,0.294317,-0.034098,9.88475
1755407775746,0.287139,-0.005384,9.827323
1755407775748,0.29671,-0.026919,9.920643
1755407775751,0.301496,-0.043669,9.877572
1755407775753,0.303888,0.001795,9.882358
1755407775755,0.265603,-0.010169,9.88475
1755407775758,0.282353,-0.029312,9.872787
1755407775760,0.277567,-0.034098,9.906285
1755407775764,0.306281,-0.022134,9.875179
1755407775765,0.291924,-0.017348,9.877572
1755407775768,0.299103,-0.031705,9.882358
1755407775770,0.289532,-0.034098,9.889536
1755407775773,0.284746,-0.022134,9.858429
1755407775775,0.301496,-0.002991,9.863214
1755407775777,0.311067,-0.005384,9.894321
1755407775779,0.282353,-0.002991,9.793823
1755407775782,0.265603,-0.048455,9.964012
1755407775785,0.294317,-0.024526,9.932607
1755407775787,0.291924,-0.038883,9.903893
1755407775790,0.270389,-0.026919,9.851251
1755407775792,0.275175,-0.019741,9.858429
1755407775794,0.282353,-0.046062,9.937392
1755407775796,0.294317,-0.034098,9.887143
1755407775799,0.284746,-0.041276,9.872787
1755407775802,0.272782,-0.026919,9.887143
1755407775804,0.287139,-0.014955,9.844072
1755407775806,0.27996,-0.029312,9.896714
1755407775808,0.27996,-0.022134,9.887143
1755407775810,0.270389,-0.012562,9.896714
1755407775813,0.258425,-0.005384,9.870394
1755407775815,0.260818,0.011366,9.920643
1755407775818,0.325424,-0.034098,9.836894
1755407775821,0.294317,-0.022134,9.856036
1755407775823,0.289532,-0.058026,9.956834
1755407775825,0.31346,0.004187,9.801002
1755407775827,0.258425,-0.079561,9.952048
1755407775830,0.299103,-0.017348,9.798609
1755407775832,0.287139,-0.062812,9.999905
1755407775836,0.327817,-0.019741,9.767502
1755407775837,0.275175,-0.060419,10.031012
1755407775839,0.303888,-0.005384,9.786645
1755407775842,0.241675,-0.017348,10.042975
1755407775844,0.320638,-0.012562,9.726824
1755407775846,0.244068,-0.048455,9.995119
1755407775849,0.334995,-0.029312,9.700503
1755407775852,0.270389,-0.024526,9.980762
1755407775856,0.332602,-0.038883,9.836894
1755407775857,0.275175,-0.038883,9.853643
1755407775858,0.284746,-0.046062,9.956834
1755407775861,0.303888,0.020937,9.796216
1755407775863,0.270389,-0.014955,10.05494
1755407775866,0.320638,0.011366,9.820144
1755407775869,0.267996,-0.046062,9.966406
1755407775871,0.29671,-0.084347,9.712467
1755407775873,0.260818,-0.077169,9.88475
1755407775875,0.287139,-0.007777,9.939785
1755407775878,0.282353,0.052044,9.894321
1755407775880,0.270389,0.044865,9.985548
1755407775882,0.301496,-0.034098,9.702896
1755407775887,0.272782,-0.127418,9.870394
1755407775888,0.272782,-0.074776,9.889536
1755407775890,0.315853,0.071186,9.939785
1755407775892,0.282353,0.0999,9.947263
1755407775894,0.306281,-0.014955,9.724431
1755407775897,0.301496,-0.129811,9.836894
1755407775899,0.272782,-0.046062,9.9015
1755407775902,0.291924,0.059222,9.990334
1755407775905,0.246461,0.087936,9.923036
1755407775907,0.306281,-0.026919,9.71486
1755407775909,0.282353,-0.14656,9.844072
1755407775912,0.294317,-0.067597,9.990334
1755407775914,0.263211,0.071186,9.91825
1755407775916,0.253639,0.047258,9.887143
1755407775919,0.272782,-0.117847,9.762716
1755407775921,0.291924,-0.10349,9.82493
1755407775925,0.270389,0.016152,10.021441
1755407775926,0.320638,0.080758,9.879965
1755407775928,0.253639,-0.010169,9.934999
1755407775930,0.282353,-0.10349,9.745967
1755407775933,0.289532,-0.072383,9.868001
1755407775935,0.258425,0.047258,10.009477
1755407775938,0.234497,0.061615,9.887143
1755407775940,0.260818,-0.019741,9.882358
1755407775943,0.287139,-0.105882,9.769895
1755407775945,0.282353,-0.041276,9.920643
1755407775947,0.258425,0.068794,9.959227
1755407775949,0.311067,0.059222,9.784252
1755407775952,0.263211,-0.084347,9.868001
1755407775955,0.260818,-0.081954,9.882358
1755407775957,0.327817,0.037687,9.934999
1755407775959,0.272782,0.061615,9.91825
1755407775962,0.323031,-0.022134,9.77468
1755407775964,0.275175,-0.113061,9.906285
1755407775967,0.29671,-0.014955,9.875179
1755407775969,0.253639,0.028116,9.865608
1755407775971,0.260818,-0.024526,9.934999
1755407775973,0.308674,-0.062812,9.80818
1755407775976,0.260818,-0.024526,9.927821
1755407775979,0.263211,0.035294,9.908679
1755407775981,0.294317,0.013759,9.856036
1755407775983,0.287139,0.004187,9.949656
1755407775986,0.299103,-0.010169,9.753145
1755407775989,0.270389,-0.077169,9.903893
1755407775991,0.318245,-0.010169,9.827323
1755407775993,0.277567,-0.019741,9.875179
1755407775995,0.265603,-0.012562,9.971191
1755407775997,0.284746,0.001795,9.853643
1755407776000,0.263211,-0.034098,9.920643
1755407776003,0.301496,-0.060419,9.724431
1755407776006,0.272782,-0.067597,9.9015
1755407776008,0.320638,-0.029312,9.899107
1755407776009,0.315853,0.049651,9.934999
1755407776012,0.294317,0.052044,9.932607
1755407776014,0.29671,-0.026919,9.731609
1755407776016,0.256032,-0.117847,9.856036
1755407776019,0.27996,-0.072383,9.906285
1755407776023,0.320638,0.061615,9.906285
1755407776024,0.27996,0.030508,9.91825
1755407776027,0.284746,-0.091525,9.74836
1755407776029,0.291924,-0.072383,9.937392
1755407776031,0.277567,0.04008,9.952048
1755407776033,0.29671,0.085543,9.810573
1755407776036,0.282353,-0.06999,9.870394
1755407776039,0.282353,-0.117847,9.846465
1755407776041,0.272782,-0.017348,9.927821
1755407776044,0.287139,0.064008,9.932607
1755407776045,0.306281,-0.022134,9.777073
1755407776048,0.282353,-0.127418,9.875179
1755407776050,0.272782,-0.022134,9.959227
1755407776053,0.284746,0.090329,9.899107
1755407776055,0.287139,0.016152,9.920643
1755407776058,0.287139,-0.10349,9.745967
1755407776060,0.284746,-0.105882,9.875179
1755407776062,0.27996,0.059222,10.03819
1755407776065,0.31346,0.126221,9.858429
1755407776067,0.256032,-0.024526,9.894321
1755407776070,0.315853,-0.168096,9.719646
1755407776072,0.318245,-0.091525,9.908679
1755407776074,0.284746,0.097508,10.062119
1755407776076,0.275175,0.114257,9.863214
1755407776079,0.227318,-0.067597,9.887143
1755407776081,0.299103,-0.168096,9.678967
1755407776084,0.282353,-0.065204,9.915857
1755407776087,0.303888,0.092722,9.997512
1755407776089,0.315853,0.107079,9.88475
1755407776092,0.256032,-0.031705,9.947263
1755407776093,0.291924,-0.108275,9.729217
1755407776096,0.272782,-0.055633,9.896714
1755407776098,0.29671,0.008973,9.80818
1755407776101,0.267996,0.030508,9.997512
1755407776103,0.332602,0.00658,9.973584
1755407776105,0.31346,0.001795,9.822537
1755407776108,0.282353,-0.031705,9.925428
1755407776110,0.289532,-0.043669,9.757931
1755407776113,0.289532,-0.060419,9.934999
1755407776115,0.277567,-0.046062,9.812965
1755407776117,0.320638,-0.024526,9.894321
1755407776120,0.287139,-0.024526,10.035797
1755407776122,0.315853,0.001795,9.674182
1755407776125,0.246461,-0.067597,10.050154
1755407776127,0.327817,-0.012562,9.927821
1755407776131,0.270389,-0.043669,9.877572
1755407776132,0.291924,-0.065204,9.693324
1755407776134,0.284746,-0.041276,9.944571
1755407776137,0.299103,-0.031705,9.868001
1755407776139,0.284746,-0.019741,9.875179
1755407776142,0.270389,-0.050847,10.011869
1755407776144,0.351745,-0.000598,9.688539
1755407776146,0.246461,-0.014955,10.052547
1755407776148,0.311067,-0.002991,9.851251
1755407776151,0.241675,-0.022134,9.964012
1755407776153,0.325424,-0.026919,9.860822
1755407776156,0.267996,-0.019741,9.891929
1755407776159,0.301496,-0.031705,9.750752
1755407776162,0.265603,-0.010169,9.937392
1755407776164,0.315853,-0.058026,9.872787
1755407776165,0.301496,-0.024526,9.829716
1755407776168,0.284746,-0.026919,9.968799
1755407776171,0.308674,0.018544,9.846465
1755407776172,0.270389,-0.048455,9.930214
1755407776175,0.251246,-0.022134,9.846465
1755407776177,0.303888,-0.014955,9.882358
1755407776179,0.267996,-0.041276,9.894321
1755407776182,0.311067,-0.034098,9.829716
1755407776184,0.275175,-0.007777,9.985548
1755407776187,0.29671,0.025723,9.860822
1755407776189,0.244068,0.020937,10.00469
1755407776192,0.287139,-0.036491,9.77468
1755407776194,0.272782,-0.08674,9.934999
1755407776196,0.284746,-0.062812,9.875179
1755407776199,0.29671,0.028116,9.906285
1755407776201,0.267996,0.044865,9.964012
1755407776204,0.289532,-0.036491,9.79143
1755407776206,0.229711,-0.10349,9.875179
1755407776209,0.291924,-0.105882,9.851251
1755407776211,0.287139,-0.010169,9.9015
1755407776213,0.256032,0.05683,9.949656
1755407776215,0.299103,-0.007777,9.834501
1755407776218,0.306281,-0.067597,9.930214
1755407776220,0.306281,-0.093918,9.743574
1755407776223,0.332602,-0.031705,9.891929
1755407776226,0.29671,-0.010169,10.021441
1755407776228,0.29671,0.030508,9.863214
1755407776231,0.270389,-0.026919,9.891929
1755407776233,0.263211,-0.077169,9.88475
1755407776235,0.31346,-0.024526,9.923036
1755407776237,0.306281,0.00658,9.827323
1755407776240,0.239282,-0.010169,9.942178
1755407776244,0.299103,-0.017348,9.925428
1755407776245,0.277567,0.016152,9.872787
1755407776247,0.301496,-0.026919,9.817751
1755407776249,0.294317,-0.060419,9.903893
1755407776252,0.325424,-0.036491,9.913465
1755407776254,0.275175,-0.000598,9.851251
1755407776256,0.272782,-0.010169,9.896714
1755407776259,0.294317,-0.022134,9.889536
1755407776262,0.301496,-0.043669,9.896714
1755407776265,0.301496,-0.041276,9.836894
1755407776266,0.306281,-0.010169,9.964012
1755407776268,0.320638,0.025723,9.848858
1755407776271,0.27996,-0.000598,9.908679
1755407776273,0.299103,-0.046062,9.844072
1755407776275,0.272782,-0.05324,9.891929
1755407776278,0.275175,-0.010169,9.879965
1755407776280,0.284746,-0.005384,9.868001
1755407776283,0.294317,-0.024526,9.903893
1755407776285,0.275175,-0.024526,9.906285
1755407776287,0.275175,-0.026919,9.868001
1755407776290,0.270389,-0.036491,9.896714
1755407776293,0.284746,-0.046062,9.870394
1755407776296,0.275175,-0.043669,9.903893
1755407776298,0.265603,-0.022134,9.865608
1755407776299,0.294317,-0.031705,9.887143
1755407776302,0.31346,-0.024526,9.870394
1755407776305,0.294317,-0.005384,9.894321
1755407776307,0.241675,0.00658,9.856036
1755407776309,0.260818,-0.043669,9.937392
1755407776312,0.323031,-0.019741,9.870394
1755407776314,0.29671,-0.000598,9.882358
1755407776316,0.265603,-0.041276,9.896714
1755407776318,0.29671,-0.038883,9.88475
1755407776321,0.299103,-0.055633,9.875179
1755407776323,0.277567,-0.034098,9.88475
1755407776326,0.291924,-0.036491,9.870394
1755407776329,0.265603,-0.005384,9.889536
1755407776331,0.291924,-0.026919,9.868001
1755407776334,0.289532,-0.031705,9.88475
1755407776336,0.265603,-0.014955,9.899107
1755407776338,0.275175,-0.026919,9.870394
1755407776340,0.251246,-0.024526,9.937392
1755407776343,0.287139,-0.007777,9.827323
1755407776346,0.265603,-0.014955,9.947263
1755407776348,0.29671,0.016152,9.820144
1755407776350,0.258425,-0.036491,9.915857
1755407776352,0.275175,-0.007777,9.853643
1755407776355,0.29671,-0.005384,9.903893
1755407776357,0.301496,-0.002991,9.872787
1755407776359,0.272782,-0.031705,9.870394
1755407776363,0.299103,-0.038883,9.896714
1755407776364,0.299103,-0.024526,9.872787
1755407776366,0.282353,-0.007777,9.882358
1755407776369,0.287139,-0.012562,9.879965
1755407776371,0.260818,-0.036491,9.9015
1755407776374,0.284746,-0.055633,9.872787
1755407776376,0.299103,-0.031705,9.882358
1755407776380,0.272782,-0.010169,9.863214
1755407776381,0.277567,-0.024526,9.88475
1755407776384,0.301496,0.001795,9.868001
1755407776386,0.284746,-0.026919,9.879965
1755407776389,0.275175,-0.007777,9.858429
1755407776390,0.306281,-0.026919,9.891929
1755407776393,0.31346,-0.017348,9.863214
1755407776396,0.337388,0.001795,9.889536
1755407776398,0.27996,-0.010169,9.879965
1755407776401,0.260818,-0.043669,9.870394
1755407776402,0.294317,-0.036491,9.868001
1755407776405,0.277567,-0.029312,9.891929
1755407776407,0.275175,-0.007777,9.863214
1755407776410,0.251246,-0.000598,9.894321
1755407776413,0.301496,-0.002991,9.882358
1755407776415,0.291924,-0.029312,9.875179
1755407776418,0.299103,-0.005384,9.889536
1755407776419,0.294317,-0.036491,9.899107
1755407776422,0.320638,-0.065204,9.903893
1755407776424,0.291924,-0.026919,9.889536
1755407776427,0.31346,-0.014955,9.894321
1755407776429,0.284746,-0.034098,9.88475
1755407776431,0.299103,-0.046062,9.882358
1755407776433,0.277567,-0.031705,9.894321
1755407776436,0.294317,-0.012562,9.882358
1755407776439,0.272782,-0.024526,9.872787
1755407776441,0.294317,-0.029312,9.879965
1755407776443,0.263211,-0.029312,9.877572
1755407776446,0.275175,-0.014955,9.875179
1755407776448,0.308674,-0.017348,9.882358
1755407776450,0.267996,-0.005384,9.889536
1755407776453,0.320638,-0.010169,9.887143
1755407776456,0.265603,-0.022134,9.889536
1755407776458,0.284746,-0.019741,9.9015
1755407776460,0.275175,-0.034098,9.879965
1755407776462,0.27996,-0.014955,9.875179
1755407776465,0.256032,-0.031705,9.882358
1755407776467,0.291924,-0.026919,9.889536
1755407776470,0.29671,-0.022134,9.879965
1755407776472,0.323031,-0.024526,9.88475
1755407776474,0.294317,-0.029312,9.889536
1755407776477,0.299103,-0.024526,9.877572
1755407776479,0.282353,-0.022134,9.882358
1755407776481,0.272782,-0.012562,9.879965
1755407776484,0.272782,-0.014955,9.88475
1755407776487,0.294317,-0.038883,9.870394
1755407776489,0.308674,-0.014955,9.882358
1755407776491,0.311067,-0.022134,9.91825
1755407776493,0.27996,-0.012562,9.879965
1755407776496,0.284746,-0.024526,9.88475
1755407776499,0.315853,0.004187,9.851251
1755407776502,0.282353,-0.034098,9.894321
1755407776503,0.299103,-0.026919,9.877572
1755407776505,0.299103,-0.026919,9.863214
1755407776508,0.289532,-0.034098,9.882358
1755407776510,0.294317,-0.014955,9.882358
1755407776512,0.267996,-0.026919,9.860822
1755407776515,0.294317,-0.034098,9.875179
1755407776517,0.270389,-0.029312,9.882358
1755407776520,0.301496,-0.036491,9.872787
1755407776522,0.27996,-0.029312,9.872787
1755407776524,0.29671,-0.029312,9.887143
1755407776527,0.301496,-0.026919,9.879965
1755407776529,0.284746,-0.002991,9.863214
1755407776532,0.267996,-0.026919,9.877572
1755407776534,0.275175,-0.031705,9.889536
1755407776540,0.284746,-0.038883,9.896714
1755407776541,0.291924,-0.014955,9.870394
1755407776542,0.272782,-0.010169,9.872787
1755407776544,0.284746,-0.026919,9.856036
1755407776546,0.287139,-0.007777,9.927821
1755407776549,0.291924,-0.012562,9.856036
1755407776551,0.289532,-0.014955,9.868001
1755407776553,0.284746,0.001795,9.894321
1755407776556,0.272782,-0.036491,9.872787
1755407776558,0.265603,-0.019741,9.860822
1755407776561,0.289532,-0.024526,9.889536
1755407776563,0.315853,-0.019741,9.887143
1755407776567,0.287139,-0.017348,9.899107
1755407776568,0.294317,-0.002991,9.877572
1755407776570,0.27996,0.004187,9.872787
1755407776573,0.31346,-0.005384,9.891929
1755407776575,0.277567,-0.029312,9.889536
1755407776578,0.267996,-0.017348,9.903893
1755407776580,0.282353,-0.007777,9.889536
1755407776583,0.315853,-0.029312,9.853643
1755407776585,0.299103,-0.007777,9.887143
1755407776587,0.299103,-0.029312,9.875179
1755407776590,0.260818,-0.005384,9.872787
1755407776591,0.284746,-0.012562,9.860822
1755407776594,0.308674,-0.019741,9.863214
1755407776596,0.282353,-0.007777,9.899107
1755407776599,0.29671,-0.017348,9.920643
1755407776602,0.31346,-0.034098,9.865608
1755407776605,0.284746,-0.029312,9.887143
1755407776606,0.287139,-0.000598,9.872787
1755407776608,0.289532,-0.005384,9.877572
1755407776611,0.258425,-0.012562,9.875179
1755407776613,0.229711,-0.017348,9.865608
1755407776615,0.289532,-0.036491,9.882358
1755407776618,0.289532,-0.019741,9.88475
1755407776621,0.31346,-0.034098,9.889536
1755407776623,0.299103,-0.017348,9.879965
1755407776625,0.27996,-0.026919,9.887143
1755407776628,0.260818,-0.024526,9.889536
1755407776630,0.277567,-0.019741,9.868001
1755407776633,0.301496,-0.026919,9.887143
1755407776635,0.289532,-0.007777,9.877572
1755407776637,0.301496,-0.026919,9.875179
1755407776641,0.294317,-0.050847,9.903893
1755407776643,0.301496,-0.014955,9.896714
1755407776644,0.299103,-0.046062,9.889536
1755407776647,0.27996,-0.031705,9.872787
1755407776649,0.325424,0.00658,9.877572
1755407776652,0.311067,-0.022134,9.882358
