1755405372868,0.306281,-0.002991,9.877572
1755405372870,0.299103,-0.034098,9.882358
1755405372871,0.272782,-0.024526,9.877572
1755405372872,0.277567,-0.046062,9.856036
1755405372872,0.284746,0.004187,9.872787
1755405372873,0.303888,-0.019741,9.865608
1755405372874,0.287139,-0.012562,9.894321
1755405372875,0.289532,-0.029312,9.870394
1755405372875,0.289532,-0.034098,9.868001
1755405372876,0.301496,0.008973,9.887143
1755405372877,0.282353,-0.043669,9.868001
1755405372878,0.284746,-0.012562,9.887143
1755405372879,0.275175,-0.036491,9.88475
1755405372879,0.308674,-0.012562,9.882358
1755405372880,0.260818,-0.005384,9.875179
1755405372881,0.294317,-0.034098,9.88475
1755405372881,0.251246,-0.029312,9.88475
1755405372882,0.301496,-0.007777,9.879965
1755405372883,0.289532,-0.010169,9.887143
1755405372884,0.287139,-0.000598,9.887143
1755405372885,0.277567,-0.010169,9.882358
1755405372885,0.272782,-0.022134,9.899107
1755405372886,0.253639,-0.022134,9.88475
1755405372886,0.272782,-0.005384,9.872787
1755405372887,0.275175,-0.043669,9.877572
1755405372887,0.299103,-0.031705,9.865608
1755405372888,0.291924,-0.038883,9.875179
1755405372888,0.270389,-0.034098,9.879965
1755405372888,0.291924,-0.029312,9.887143
1755405372889,0.277567,-0.038883,9.879965
1755405372889,0.270389,-0.036491,9.870394
1755405372889,0.284746,-0.000598,9.899107
1755405372890,0.287139,-0.022134,9.879965
1755405372890,0.291924,-0.007777,9.868001
1755405372890,0.267996,-0.024526,9.88475
1755405372891,0.284746,-0.019741,9.887143
1755405372891,0.284746,-0.034098,9.882358
1755405372891,0.287139,-0.041276,9.860822
1755405372892,0.284746,-0.019741,9.860822
1755405372892,0.251246,0.001795,9.913465
1755405372892,0.29671,-0.002991,9.889536
1755405372893,0.29671,-0.026919,9.882358
1755405372893,0.284746,-0.014955,9.868001
1755405372893,0.258425,-0.043669,9.860822
1755405372894,0.315853,-0.043669,9.899107
1755405372894,0.267996,-0.038883,9.889536
1755405372895,0.287139,-0.000598,9.882358
1755405372895,0.294317,0.001795,9.896714
1755405372895,0.253639,0.001795,9.9015
1755405372896,0.284746,-0.041276,9.9015
1755405372898,0.27996,-0.029312,9.915857
1755405372899,0.29671,-0.029312,9.887143
1755405372901,0.291924,-0.012562,9.903893
1755405372903,0.291924,-0.019741,9.889536
1755405372906,0.301496,-0.017348,9.894321
1755405372909,0.287139,-0.017348,9.882358
1755405372911,0.284746,-0.005384,9.875179
1755405372913,0.311067,-0.014955,9.887143
1755405372916,0.27996,-0.041276,9.865608
1755405372919,0.291924,-0.048455,9.863214
1755405372920,0.289532,-0.012562,9.868001
1755405372923,0.258425,-0.038883,9.877572
1755405372926,0.282353,-0.014955,9.863214
1755405372928,0.301496,0.008973,9.870394
1755405372930,0.287139,-0.010169,9.887143
1755405372932,0.301496,-0.019741,9.894321
1755405372935,0.303888,0.011366,9.879965
1755405372937,0.29671,-0.017348,9.889536
1755405372939,0.272782,-0.024526,9.84168
1755405372943,0.294317,-0.034098,9.887143
1755405372945,0.29671,-0.05324,9.903893
1755405372947,0.294317,-0.062812,9.870394
1755405372949,0.277567,-0.019741,9.88475
1755405372951,0.267996,-0.019741,9.872787
1755405372954,0.263211,0.001795,9.906285
1755405372956,0.289532,-0.010169,9.88475
1755405372958,0.270389,-0.043669,9.879965
1755405372961,0.320638,-0.017348,9.853643
1755405372963,0.27996,-0.029312,9.865608
1755405372966,0.270389,-0.036491,9.870394
1755405372968,0.323031,-0.022134,9.894321
1755405372971,0.287139,-0.014955,9.877572
1755405372973,0.291924,-0.010169,9.913465
1755405372975,0.282353,-0.012562,9.9015
1755405372979,0.265603,-0.041276,9.887143
1755405372981,0.29671,-0.005384,9.860822
1755405372982,0.29671,-0.034098,9.865608
1755405372985,0.294317,-0.000598,9.865608
1755405372987,0.301496,0.018544,9.894321
1755405372990,0.294317,0.004187,9.872787
1755405372992,0.299103,-0.029312,9.868001
1755405373004,0.260818,-0.031705,9.879965
1755405373009,0.270389,-0.041276,9.875179
1755405373010,0.27996,-0.019741,9.887143
1755405373011,0.282353,-0.050847,9.887143
1755405373012,0.265603,-0.029312,9.872787
1755405373013,0.277567,-0.036491,9.865608
1755405373014,0.275175,-0.029312,9.915857
1755405373015,0.294317,-0.010169,9.877572
1755405373015,0.287139,-0.017348,9.896714
1755405373016,0.267996,-0.036491,9.88475
1755405373019,0.301496,-0.019741,9.882358
1755405373022,0.277567,0.011366,9.872787
1755405373024,0.265603,0.001795,9.894321
1755405373026,0.272782,-0.007777,9.891929
1755405373029,0.289532,-0.014955,9.882358
1755405373031,0.275175,-0.019741,9.872787
1755405373033,0.275175,-0.036491,9.872787
1755405373035,0.291924,-0.000598,9.894321
1755405373038,0.29671,-0.005384,9.891929
1755405373040,0.277567,-0.041276,9.875179
1755405373042,0.294317,0.004187,9.88475
1755405373045,0.287139,-0.014955,9.891929
1755405373047,0.275175,-0.019741,9.863214
1755405373050,0.282353,0.004187,9.88475
1755405373052,0.27996,0.001795,9.891929
1755405373054,0.291924,-0.017348,9.891929
1755405373057,0.311067,0.004187,9.896714
1755405373059,0.325424,-0.022134,9.882358
1755405373062,0.29671,-0.043669,9.882358
1755405373064,0.294317,-0.019741,9.858429
1755405373066,0.275175,-0.038883,9.858429
1755405373069,0.29671,-0.014955,9.870394
1755405373071,0.299103,-0.041276,9.894321
1755405373073,0.308674,-0.019741,9.865608
1755405373076,0.306281,-0.041276,9.865608
1755405373079,0.272782,0.001795,9.896714
1755405373081,0.299103,-0.038883,9.88475
1755405373083,0.289532,-0.012562,9.896714
1755405373086,0.299103,-0.026919,9.882358
1755405373088,0.282353,-0.005384,9.88475
1755405373090,0.306281,-0.036491,9.9015
1755405373093,0.289532,-0.007777,9.894321
1755405373096,0.263211,-0.014955,9.879965
1755405373098,0.277567,-0.038883,9.882358
1755405373100,0.311067,-0.029312,9.860822
1755405373102,0.301496,-0.017348,9.868001
1755405373105,0.270389,-0.024526,9.875179
1755405373107,0.248854,-0.019741,9.903893
1755405373110,0.299103,-0.034098,9.872787
1755405373113,0.291924,-0.034098,9.875179
1755405373115,0.29671,-0.017348,9.860822
1755405373117,0.267996,-0.002991,9.870394
1755405373119,0.311067,-0.010169,9.877572
1755405373121,0.277567,-0.002991,9.868001
1755405373124,0.284746,-0.007777,9.887143
1755405373126,0.267996,-0.034098,9.868001
1755405373129,0.272782,-0.017348,9.88475
1755405373131,0.275175,-0.012562,9.88475
1755405373135,0.265603,-0.010169,9.896714
1755405373137,0.275175,-0.019741,9.88475
1755405373138,0.272782,-0.007777,9.88475
1755405373141,0.284746,-0.010169,9.891929
1755405373143,0.284746,-0.026919,9.875179
1755405373145,0.287139,-0.029312,9.894321
1755405373148,0.325424,-0.031705,9.887143
1755405373151,0.291924,-0.046062,9.887143
1755405373153,0.267996,0.001795,9.863214
1755405373155,0.284746,-0.036491,9.863214
1755405373157,0.301496,-0.014955,9.879965
1755405373160,0.320638,-0.010169,9.872787
1755405373162,0.318245,0.00658,9.889536
1755405373165,0.284746,-0.007777,9.877572
1755405373167,0.306281,-0.005384,9.879965
1755405373169,0.265603,-0.019741,9.868001
1755405373172,0.251246,-0.014955,9.877572
1755405373175,0.275175,-0.000598,9.879965
1755405373177,0.284746,-0.007777,9.870394
1755405373179,0.270389,-0.005384,9.882358
1755405373182,0.260818,-0.017348,9.889536
1755405373184,0.311067,-0.000598,9.875179
1755405373187,0.294317,-0.010169,9.894321
1755405373189,0.260818,-0.026919,9.875179
1755405373191,0.284746,-0.012562,9.877572
1755405373193,0.275175,-0.017348,9.875179
1755405373196,0.284746,-0.043669,9.891929
1755405373199,0.270389,-0.007777,9.889536
1755405373201,0.267996,-0.014955,9.877572
1755405373203,0.287139,-0.017348,9.872787
1755405373205,0.291924,-0.036491,9.882358
1755405373208,0.303888,-0.024526,9.889536
1755405373210,0.291924,-0.002991,9.868001
1755405373213,0.277567,-0.017348,9.877572
1755405373216,0.287139,-0.019741,9.887143
1755405373218,0.270389,-0.014955,9.889536
1755405373220,0.318245,0.001795,9.889536
1755405373222,0.299103,-0.017348,9.856036
1755405373225,0.31346,0.004187,9.858429
1755405373227,0.287139,-0.012562,9.879965
1755405373229,0.303888,-0.031705,9.870394
1755405373233,0.334995,-0.010169,9.903893
1755405373235,0.27996,-0.043669,9.872787
1755405373236,0.267996,-0.034098,9.863214
1755405373239,0.277567,-0.034098,9.865608
1755405373243,0.306281,-0.024526,9.860822
1755405373244,0.306281,-0.010169,9.894321
1755405373246,0.291924,-0.010169,9.894321
1755405373250,0.301496,-0.005384,9.882358
1755405373252,0.272782,-0.012562,9.891929
1755405373255,0.299103,-0.007777,9.889536
1755405373256,0.299103,-0.007777,9.875179
1755405373258,0.289532,-0.019741,9.889536
1755405373260,0.275175,-0.002991,9.88475
1755405373263,0.270389,0.001795,9.887143
1755405373266,0.306281,-0.017348,9.872787
1755405373270,0.33021,-0.012562,9.872787
1755405373272,0.27996,-0.007777,9.891929
1755405373273,0.299103,-0.019741,9.856036
1755405373275,0.294317,-0.036491,9.88475
1755405373277,0.27996,-0.014955,9.899107
1755405373280,0.299103,0.004187,9.88475
1755405373283,0.289532,-0.017348,9.887143
1755405373285,0.29671,-0.038883,9.870394
1755405373287,0.284746,-0.014955,9.879965
1755405373289,0.282353,-0.034098,9.879965
1755405373292,0.303888,-0.029312,9.877572
1755405373294,0.31346,-0.019741,9.9015
1755405373298,0.265603,-0.019741,9.887143
1755405373300,0.306281,-0.014955,9.882358
1755405373304,0.284746,-0.010169,9.877572
1755405373305,0.289532,-0.005384,9.877572
1755405373306,0.289532,-0.036491,9.908679
1755405373309,0.275175,0.016152,9.891929
1755405373311,0.289532,-0.010169,9.877572
1755405373313,0.294317,-0.019741,9.906285
1755405373316,0.27996,-0.017348,9.908679
1755405373319,0.287139,-0.005384,9.88475
1755405373321,0.248854,-0.022134,9.863214
1755405373323,0.277567,-0.010169,9.860822
1755405373325,0.270389,-0.012562,9.896714
1755405373327,0.270389,0.00658,9.88475
1755405373330,0.289532,-0.036491,9.887143
1755405373334,0.263211,-0.005384,9.894321
1755405373335,0.27996,-0.012562,9.868001
1755405373339,0.272782,-0.034098,9.844072
1755405373341,0.303888,-0.022134,9.889536
1755405373343,0.299103,0.013759,9.872787
1755405373344,0.289532,0.018544,9.875179
1755405373347,0.308674,-0.010169,9.882358
1755405373349,0.272782,-0.005384,9.889536
1755405373352,0.294317,-0.048455,9.851251
1755405373354,0.306281,-0.010169,9.846465
1755405373356,0.282353,-0.002991,9.879965
1755405373359,0.272782,-0.029312,9.882358
1755405373361,0.251246,0.00658,9.899107
1755405373364,0.256032,-0.024526,9.870394
1755405373366,0.294317,-0.048455,9.860822
1755405373368,0.287139,-0.043669,9.9015
1755405373371,0.27996,-0.019741,9.879965
1755405373373,0.258425,-0.017348,9.88475
1755405373376,0.248854,0.001795,9.915857
1755405373378,0.282353,-0.029312,9.875179
1755405373380,0.308674,-0.014955,9.887143
1755405373383,0.277567,-0.029312,9.879965
1755405373385,0.287139,-0.022134,9.882358
1755405373387,0.277567,-0.019741,9.879965
1755405373390,0.287139,0.004187,9.877572
1755405373393,0.29671,-0.012562,9.865608
1755405373395,0.287139,-0.007777,9.868001
1755405373397,0.301496,-0.026919,9.865608
1755405373399,0.284746,-0.038883,9.868001
1755405373402,0.256032,-0.031705,9.882358
1755405373404,0.294317,-0.046062,9.858429
1755405373406,0.287139,-0.034098,9.882358
1755405373409,0.27996,-0.014955,9.894321
1755405373411,0.277567,-0.010169,9.899107
1755405373414,0.306281,-0.017348,9.906285
1755405373417,0.294317,-0.041276,9.88475
1755405373420,0.323031,-0.036491,9.872787
1755405373421,0.303888,-0.022134,9.877572
1755405373423,0.265603,-0.041276,9.889536
1755405373426,0.256032,-0.029312,9.875179
1755405373428,0.27996,-0.022134,9.865608
1755405373431,0.258425,-0.024526,9.903893
1755405373433,0.291924,-0.010169,9.868001
1755405373436,0.303888,0.016152,9.903893
1755405373438,0.306281,-0.005384,9.872787
1755405373440,0.315853,-0.024526,9.872787
1755405373443,0.306281,-0.010169,9.860822
1755405373445,0.289532,-0.029312,9.887143
1755405373447,0.33021,-0.031705,9.889536
1755405373450,0.284746,0.011366,9.872787
1755405373453,0.267996,-0.031705,9.872787
1755405373455,0.282353,-0.024526,9.872787
1755405373457,0.265603,-0.017348,9.870394
1755405373460,0.287139,-0.043669,9.865608
1755405373462,0.299103,-0.019741,9.863214
1755405373464,0.272782,-0.017348,9.889536
1755405373467,0.284746,-0.019741,9.872787
1755405373470,0.284746,-0.000598,9.891929
1755405373472,0.270389,-0.024526,9.875179
1755405373474,0.258425,0.001795,9.868001
1755405373476,0.294317,-0.043669,9.882358
1755405373478,0.265603,-0.024526,9.887143
1755405373481,0.287139,0.004187,9.887143
1755405373484,0.260818,-0.019741,9.870394
1755405373487,0.275175,0.008973,9.882358
1755405373490,0.291924,-0.024526,9.870394
1755405373492,0.275175,-0.005384,9.868001
1755405373493,0.308674,-0.019741,9.875179
1755405373496,0.301496,-0.036491,9.860822
1755405373498,0.270389,-0.002991,9.896714
1755405373501,0.267996,-0.026919,9.891929
1755405373502,0.289532,-0.017348,9.894321
1755405373505,0.311067,-0.036491,9.868001
1755405373507,0.277567,-0.012562,9.887143
1755405373510,0.260818,-0.012562,9.875179
1755405373512,0.291924,0.008973,9.879965
1755405373515,0.287139,0.008973,9.865608
1755405373517,0.301496,-0.019741,9.882358
1755405373519,0.303888,-0.010169,9.88475
1755405373523,0.287139,-0.022134,9.899107
1755405373525,0.27996,-0.007777,9.872787
1755405373527,0.287139,-0.007777,9.889536
1755405373529,0.294317,-0.010169,9.858429
1755405373531,0.318245,-0.000598,9.868001
1755405373534,0.31346,-0.024526,9.875179
1755405373536,0.270389,-0.029312,9.879965
1755405373539,0.287139,-0.038883,9.9015
1755405373542,0.287139,-0.029312,9.877572
1755405373544,0.267996,-0.019741,9.863214
1755405373546,0.294317,-0.002991,9.870394
1755405373548,0.282353,-0.034098,9.887143
1755405373550,0.323031,-0.019741,9.870394
1755405373553,0.277567,-0.010169,9.846465
1755405373555,0.287139,-0.014955,9.858429
1755405373558,0.303888,-0.034098,9.870394
1755405373560,0.289532,-0.007777,9.882358
1755405373562,0.289532,-0.000598,9.868001
1755405373565,0.277567,-0.024526,9.870394
1755405373567,0.277567,-0.019741,9.872787
1755405373569,0.277567,0.00658,9.882358
1755405373572,0.289532,-0.024526,9.875179
1755405373575,0.299103,-0.014955,9.877572
1755405373577,0.315853,0.004187,9.896714
1755405373579,0.318245,-0.034098,9.875179
1755405373582,0.299103,-0.048455,9.891929
1755405373584,0.291924,-0.019741,9.863214
1755405373586,0.270389,0.028116,9.875179
1755405373590,0.320638,0.00658,9.879965
1755405373593,0.282353,0.008973,9.879965
1755405373594,0.253639,-0.031705,9.9015
1755405373596,0.270389,-0.034098,9.879965
1755405373598,0.308674,0.011366,9.870394
1755405373601,0.253639,0.016152,9.899107
1755405373603,0.294317,-0.010169,9.88475
1755405373606,0.27996,-0.029312,9.853643
1755405373608,0.303888,-0.017348,9.860822
1755405373610,0.29671,-0.017348,9.868001
1755405373613,0.282353,-0.014955,9.88475
1755405373615,0.291924,-0.046062,9.899107
1755405373618,0.291924,-0.019741,9.891929
1755405373620,0.270389,-0.022134,9.875179
1755405373623,0.306281,-0.012562,9.877572
1755405373625,0.284746,-0.005384,9.891929
1755405373627,0.301496,0.001795,9.877572
1755405373629,0.301496,-0.022134,9.903893
1755405373632,0.311067,0.004187,9.896714
1755405373634,0.282353,-0.017348,9.952048
1755405373636,0.291924,0.016152,9.834501
1755405373640,0.31346,-0.034098,9.781859
1755405373642,0.241675,-0.105882,9.987941
1755405373644,0.334995,0.032901,9.848858
1755405373646,0.224925,-0.019741,9.91825
1755405373648,0.332602,0.001795,9.868001
1755405373651,0.37328,-0.06999,9.789038
1755405373653,0.215354,-0.031705,9.980762
1755405373657,0.358923,0.020937,9.805787
1755405373659,0.232104,-0.034098,10.026226
1755405373661,0.323031,0.004187,9.796216
1755405373663,0.27996,-0.041276,9.863214
1755405373665,0.246461,-0.017348,9.875179
1755405373668,0.320638,-0.038883,9.812965
1755405373670,0.258425,-0.026919,9.959227
1755405373673,0.33021,-0.022134,9.796216
1755405373675,0.217747,-0.026919,9.97837
1755405373677,0.323031,-0.012562,9.805787
1755405373680,0.267996,-0.010169,9.968799
1755405373682,0.299103,-0.014955,9.832108
1755405373685,0.244068,-0.026919,9.927821
1755405373687,0.289532,-0.000598,9.889536
1755405373689,0.275175,0.00658,9.937392
1755405373692,0.282353,-0.038883,9.777073
1755405373695,0.248854,-0.067597,9.927821
1755405373696,0.318245,-0.002991,9.834501
1755405373700,0.19352,-0.036491,9.937392
1755405373702,0.272782,-0.024526,9.858429
1755405373704,0.263211,0.001795,9.868001
1755405373706,0.265603,-0.010169,9.88475
1755405373709,0.306281,-0.012562,9.870394
1755405373711,0.294317,-0.034098,9.882358
1755405373713,0.308674,-0.034098,9.851251
1755405373715,0.282353,-0.012562,9.899107
1755405373718,0.289532,-0.012562,9.891929
1755405373720,0.318245,0.016152,9.865608
1755405373723,0.253639,-0.007777,9.882358
1755405373726,0.287139,-0.038883,9.882358
1755405373728,0.289532,-0.060419,9.865608
1755405373730,0.291924,-0.034098,9.872787
1755405373733,0.301496,0.00658,9.882358
1755405373735,0.272782,-0.034098,9.88475
1755405373737,0.282353,-0.024526,9.875179
1755405373740,0.275175,-0.041276,9.851251
1755405373743,0.260818,-0.026919,9.872787
1755405373745,0.282353,-0.014955,9.870394
1755405373747,0.291924,-0.002991,9.908679
1755405373749,0.301496,-0.036491,9.891929
1755405373752,0.291924,-0.010169,9.882358
1755405373754,0.282353,-0.029312,9.865608
1755405373756,0.277567,0.013759,9.870394
1755405373759,0.287139,0.018544,9.911072
1755405373761,0.301496,-0.036491,9.980762
1755405373764,0.270389,-0.019741,9.789038
1755405373766,0.351745,-0.06999,9.975977
1755405373769,0.258425,0.004187,9.815358
1755405373771,0.323031,-0.065204,9.906285
1755405373773,0.301496,-0.036491,9.836894
1755405373776,0.260818,-0.017348,9.836894
1755405373779,0.287139,-0.007777,9.906285
1755405373781,0.311067,0.011366,9.968799
1755405373783,0.244068,-0.010169,9.856036
1755405373787,0.306281,-0.002991,9.870394
1755405373788,0.31346,-0.019741,9.908679
1755405373790,0.29671,-0.024526,9.925428
1755405373793,0.277567,-0.017348,9.903893
1755405373795,0.267996,0.004187,9.944571
1755405373797,0.29671,-0.017348,9.84168
1755405373799,0.263211,-0.026919,9.853643
1755405373803,0.282353,-0.058026,9.863214
1755405373804,0.284746,-0.031705,9.865608
1755405373807,0.306281,-0.012562,9.879965
1755405373810,0.275175,-0.007777,9.872787
1755405373812,0.265603,-0.026919,9.925428
1755405373815,0.287139,-0.024526,9.796216
1755405373817,0.251246,-0.046062,9.91825
1755405373819,0.33021,0.018544,9.858429
1755405373821,0.29671,-0.067597,9.777073
1755405373824,0.263211,-0.058026,10.102797
1755405373827,0.351745,0.111864,9.71486
1755405373828,0.215354,-0.081954,9.889536
1755405373831,0.308674,-0.031705,10.033404
1755405373833,0.356531,0.107079,9.717253
1755405373836,0.181555,-0.077169,9.908679
1755405373838,0.323031,-0.026919,9.971191
1755405373840,0.363709,0.02333,9.810573
1755405373843,0.157627,-0.06999,9.896714
1755405373845,0.337388,0.00658,9.839287
1755405373848,0.318245,0.030508,9.939785
1755405373850,0.215354,-0.026919,9.88475
1755405373852,0.366102,-0.038883,9.812965
1755405373855,0.294317,-0.043669,9.889536
1755405373857,0.267996,-0.017348,9.930214
1755405373859,0.308674,0.016152,9.882358
1755405373862,0.256032,-0.060419,9.896714
1755405373864,0.258425,-0.036491,9.82493
1755405373867,0.291924,-0.036491,9.875179
1755405373869,0.275175,0.018544,9.959227
1755405373871,0.253639,0.011366,9.846465
1755405373874,0.289532,-0.101097,9.853643
1755405373876,0.270389,-0.041276,9.865608
1755405373879,0.270389,0.001795,9.906285
1755405373881,0.253639,0.020937,9.911072
1755405373883,0.29671,0.016152,9.853643
1755405373886,0.301496,-0.046062,9.844072
1755405373888,0.289532,-0.062812,9.879965
1755405373891,0.29671,-0.043669,9.863214
1755405373893,0.289532,0.008973,9.879965
1755405373896,0.315853,-0.031705,9.896714
1755405373898,0.311067,-0.043669,9.863214
1755405373900,0.265603,-0.029312,9.879965
1755405373903,0.27996,-0.002991,9.88475
1755405373905,0.299103,-0.022134,9.875179
1755405373908,0.267996,-0.019741,9.9015
1755405373910,0.299103,-0.031705,9.870394
1755405373912,0.275175,-0.012562,9.860822
1755405373915,0.275175,-0.014955,9.889536
1755405373917,0.248854,-0.019741,9.877572
1755405373919,0.291924,-0.014955,9.879965
1755405373922,0.272782,-0.038883,9.887143
1755405373924,0.294317,0.011366,9.877572
1755405373926,0.27996,-0.029312,9.891929
1755405373931,0.315853,0.004187,9.868001
1755405373932,0.284746,-0.007777,9.858429
1755405373934,0.308674,-0.010169,9.868001
1755405373936,0.277567,-0.036491,9.877572
1755405373939,0.299103,-0.026919,9.896714
1755405373941,0.287139,-0.022134,9.88475
1755405373944,0.277567,-0.000598,9.875179
1755405373946,0.272782,-0.007777,9.870394
1755405373948,0.275175,-0.010169,9.865608
1755405373951,0.27996,-0.010169,9.961619
1755405373953,0.291924,-0.024526,9.798609
1755405373955,0.282353,-0.024526,9.887143
1755405373958,0.27996,-0.048455,9.894321
1755405373960,0.282353,-0.010169,9.911072
1755405373963,0.275175,-0.000598,9.865608
1755405373965,0.27996,-0.050847,9.865608
1755405373967,0.265603,-0.041276,9.858429
1755405373970,0.294317,0.013759,9.858429
1755405373972,0.27996,-0.019741,9.863214
1755405373975,0.277567,-0.022134,9.891929
1755405373977,0.251246,-0.019741,9.865608
1755405373980,0.291924,-0.034098,9.872787
1755405373982,0.263211,-0.038883,9.903893
1755405373984,0.31346,-0.005384,9.894321
1755405373987,0.270389,-0.014955,9.877572
1755405373989,0.270389,-0.017348,9.870394
1755405373991,0.299103,-0.036491,9.887143
1755405373994,0.311067,-0.029312,9.856036
1755405373997,0.282353,-0.026919,9.870394
1755405374001,0.270389,-0.026919,9.88475
1755405374002,0.294317,-0.005384,9.875179
1755405374004,0.275175,-0.038883,9.872787
1755405374006,0.315853,-0.041276,9.858429
1755405374008,0.284746,-0.024526,9.88475
1755405374010,0.277567,-0.031705,9.856036
1755405374014,0.294317,-0.024526,9.956834
1755405374016,0.31346,-0.019741,9.877572
1755405374018,0.270389,-0.029312,9.877572
1755405374020,0.342174,-0.029312,9.84168
1755405374022,0.315853,-0.031705,9.911072
1755405374025,0.277567,-0.058026,9.765109
1755405374027,0.256032,-0.048455,9.877572
1755405374031,0.301496,-0.014955,9.836894
1755405374032,0.256032,0.042473,9.865608
1755405374035,0.291924,-0.000598,9.975977
1755405374037,0.275175,-0.019741,9.846465
1755405374039,0.299103,-0.041276,9.79143
1755405374042,0.258425,-0.043669,9.966406
1755405374044,0.320638,0.013759,9.839287
1755405374046,0.303888,-0.012562,9.894321
1755405374050,0.275175,-0.017348,9.9015
1755405374051,0.33021,-0.036491,9.853643
1755405374054,0.272782,-0.024526,9.927821
1755405374056,0.287139,-0.005384,9.863214
1755405374058,0.263211,-0.048455,9.923036
1755405374061,0.354138,-0.002991,9.77468
1755405374063,0.246461,-0.079561,10.069297
1755405374065,0.356531,0.02333,9.777073
1755405374068,0.265603,-0.05324,9.937392
1755405374071,0.301496,-0.010169,9.908679
1755405374073,0.394816,-0.024526,9.688539
1755405374075,0.181555,-0.031705,10.109975
1755405374077,0.416351,0.030508,9.674182
1755405374080,0.186341,-0.067597,9.992726
1755405374083,0.349352,0.04008,9.745967
1755405374085,0.227318,-0.065204,10.011869
1755405374087,0.287139,-0.002991,9.796216
1755405374089,0.253639,-0.046062,9.97837
1755405374092,0.251246,-0.007777,9.858429
1755405374094,0.320638,-0.026919,9.836894
1755405374097,0.244068,-0.017348,9.942178
1755405374099,0.325424,-0.022134,9.765109
1755405374101,0.267996,-0.055633,9.923036
1755405374104,0.370888,-0.031705,9.812965
1755405374106,0.232104,-0.014955,9.88475
1755405374109,0.306281,-0.014955,9.875179
1755405374111,0.289532,0.004187,9.887143
1755405374113,0.318245,-0.024526,9.896714
1755405374117,0.289532,-0.000598,9.839287
1755405374118,0.315853,-0.026919,9.875179
1755405374121,0.284746,-0.007777,9.896714
1755405374123,0.263211,-0.019741,9.872787
1755405374125,0.27996,-0.034098,9.870394
1755405374128,0.284746,-0.019741,9.88475
1755405374130,0.294317,-0.043669,9.853643
1755405374133,0.284746,-0.024526,9.88475
1755405374136,0.282353,-0.010169,9.88475
1755405374138,0.263211,-0.002991,9.875179
1755405374140,0.306281,-0.026919,9.896714
1755405374143,0.306281,-0.019741,9.891929
1755405374144,0.289532,-0.019741,9.889536
1755405374147,0.29671,-0.000598,9.868001
1755405374150,0.301496,0.008973,9.863214
1755405374154,0.287139,-0.019741,9.882358
1755405374155,0.27996,-0.031705,9.851251
1755405374157,0.294317,-0.050847,9.877572
1755405374159,0.289532,0.001795,9.870394
1755405374161,0.272782,-0.024526,9.891929
1755405374164,0.287139,-0.010169,9.865608
1755405374167,0.272782,-0.029312,9.887143
1755405374169,0.291924,-0.036491,9.868001
1755405374171,0.270389,-0.034098,9.722038
1755405374173,0.287139,-0.010169,10.05494
1755405374176,0.289532,-0.024526,9.769895
1755405374178,0.232104,-0.043669,9.949656
1755405374180,0.311067,-0.022134,9.812965
1755405374184,0.291924,-0.031705,9.908679
1755405374185,0.308674,-0.024526,9.860822
1755405374188,0.239282,-0.019741,9.879965
1755405374190,0.284746,-0.029312,9.887143
1755405374193,0.303888,-0.007777,9.927821
1755405374195,0.282353,-0.005384,9.853643
1755405374197,0.265603,-0.026919,9.832108
1755405374200,0.27996,-0.043669,9.923036
1755405374202,0.311067,0.008973,9.870394
1755405374205,0.258425,-0.007777,9.889536
1755405374207,0.267996,-0.005384,9.896714
1755405374209,0.318245,-0.038883,9.84168
1755405374212,0.244068,-0.014955,9.939785
1755405374214,0.366102,-0.05324,9.820144
1755405374217,0.248854,0.004187,9.911072
1755405374219,0.299103,0.020937,9.829716
1755405374221,0.270389,-0.005384,9.97837
1755405374224,0.351745,-0.005384,9.803394
1755405374226,0.232104,-0.024526,10.007083
1755405374228,0.363709,-0.002991,9.662218
1755405374231,0.181555,-0.055633,10.100404
1755405374235,0.385244,0.05683,9.674182
1755405374236,0.195912,-0.093918,10.138689
1755405374238,0.363709,0.075972,9.734002
1755405374240,0.265603,-0.105882,9.84168
1755405374243,0.239282,-0.005384,10.011869
1755405374245,0.421137,0.049651,9.729217
1755405374248,0.133699,-0.074776,10.153046
1755405374250,0.375673,0.032901,9.643075
1755405374253,0.270389,-0.081954,9.822537
1755405374256,0.29671,0.018544,9.966406
1755405374257,0.334995,0.00658,9.769895
1755405374260,0.227318,-0.038883,9.966406
1755405374262,0.375673,-0.000598,9.717253
1755405374264,0.258425,-0.024526,10.107582
1755405374267,0.299103,-0.036491,9.738789
1755405374269,0.277567,-0.058026,9.870394
1755405374272,0.263211,-0.036491,9.903893
1755405374274,0.284746,0.004187,9.803394
1755405374276,0.277567,-0.012562,9.999905
1755405374279,0.272782,-0.038883,9.77468
1755405374281,0.294317,-0.050847,9.858429
1755405374284,0.325424,-0.031705,9.966406
1755405374286,0.256032,-0.005384,9.959227
1755405374289,0.270389,-0.000598,9.729217
1755405374291,0.31346,-0.043669,9.927821
1755405374293,0.29671,-0.055633,9.934999
1755405374296,0.301496,0.008973,9.959227
1755405374298,0.337388,0.001795,9.738789
1755405374301,0.284746,-0.06999,9.810573
1755405374304,0.315853,-0.072383,9.868001
1755405374306,0.294317,-0.014955,9.956834
1755405374308,0.272782,0.042473,9.915857
1755405374310,0.267996,-0.026919,9.891929
1755405374313,0.294317,-0.079561,9.810573
1755405374315,0.270389,-0.034098,9.91825
1755405374317,0.275175,-0.010169,9.810573
1755405374320,0.275175,0.020937,9.987941
1755405374322,0.356531,-0.024526,9.726824
1755405374324,0.222533,-0.065204,10.042975
1755405374327,0.366102,0.016152,9.707682
1755405374329,0.205783,-0.072383,10.019048
1755405374331,0.31346,0.008973,9.844072
1755405374334,0.315853,-0.026919,9.793823
1755405374337,0.215354,-0.014955,9.990334
1755405374340,0.356531,-0.022134,9.731609
1755405374341,0.191127,-0.026919,10.019048
1755405374343,0.306281,0.008973,9.760324
1755405374346,0.272782,-0.007777,9.952048
1755405374348,0.33021,-0.002991,9.798609
1755405374351,0.275175,-0.017348,9.934999
1755405374354,0.294317,-0.014955,9.877572
1755405374356,0.282353,0.020937,9.844072
1755405374358,0.358923,-0.014955,9.865608
1755405374360,0.282353,-0.017348,9.882358
1755405374363,0.284746,-0.022134,9.875179
1755405374365,0.263211,-0.038883,9.896714
1755405374368,0.315853,-0.029312,9.868001
1755405374371,0.275175,-0.019741,9.882358
1755405374373,0.258425,-0.000598,9.882358
1755405374376,0.29671,-0.036491,9.887143
1755405374377,0.287139,-0.002991,9.882358
1755405374379,0.289532,-0.058026,9.88475
1755405374382,0.277567,-0.024526,9.894321
1755405374384,0.277567,-0.024526,9.848858
1755405374387,0.270389,-0.017348,9.872787
1755405374389,0.277567,-0.014955,9.903893
1755405374391,0.291924,-0.038883,9.858429
1755405374394,0.294317,-0.058026,9.894321
1755405374396,0.277567,-0.046062,9.865608
1755405374398,0.303888,-0.029312,9.860822
1755405374401,0.318245,-0.034098,9.947263
1755405374403,0.323031,-0.050847,9.882358
1755405374406,0.258425,-0.022134,9.911072
1755405374408,0.232104,0.001795,9.851251
1755405374411,0.277567,-0.002991,9.891929
1755405374413,0.361316,-0.060419,9.952048
1755405374416,0.289532,-0.048455,9.911072
1755405374418,0.291924,-0.002991,9.942178
1755405374420,0.306281,0.004187,9.877572
1755405374423,0.318245,-0.034098,9.932607
1755405374425,0.29671,-0.024526,9.925428
1755405374427,0.275175,-0.055633,9.894321
1755405374430,0.294317,-0.000598,9.856036
1755405374432,0.31346,-0.019741,9.887143
1755405374435,0.267996,-0.005384,9.903893
1755405374437,0.29671,-0.002991,9.88475
1755405374441,0.267996,-0.038883,9.896714
1755405374442,0.272782,-0.002991,9.865608
1755405374444,0.260818,-0.022134,9.887143
1755405374446,0.311067,-0.012562,9.844072
1755405374449,0.299103,-0.034098,9.877572
1755405374451,0.303888,-0.019741,9.858429
1755405374454,0.282353,-0.034098,9.858429
1755405374456,0.303888,-0.014955,9.899107
1755405374459,0.289532,-0.000598,9.839287
1755405374461,0.284746,-0.014955,9.947263
1755405374464,0.299103,0.004187,9.829716
1755405374466,0.246461,-0.062812,9.968799
1755405374468,0.31346,0.030508,9.815358
1755405374470,0.282353,-0.041276,9.939785
1755405374473,0.244068,0.013759,9.877572
1755405374475,0.320638,-0.036491,9.896714
1755405374478,0.212961,0.001795,9.91825
1755405374480,0.349352,-0.022134,9.829716
1755405374482,0.282353,-0.012562,9.858429
1755405374485,0.346959,-0.043669,9.793823
1755405374487,0.246461,-0.024526,9.937392
1755405374490,0.31346,-0.055633,9.88475
1755405374494,0.277567,-0.026919,9.801002
1755405374495,0.267996,-0.012562,9.973584
1755405374497,0.308674,0.020937,9.820144
1755405374499,0.263211,0.004187,10.014262
1755405374502,0.299103,-0.002991,9.896714
1755405374504,0.251246,-0.022134,9.88475
1755405374507,0.284746,-0.058026,9.71486
1755405374509,0.289532,-0.05324,9.865608
1755405374511,0.284746,-0.050847,9.944571
1755405374513,0.315853,0.020937,9.817751
1755405374516,0.270389,-0.007777,9.987941
1755405374519,0.306281,0.004187,9.879965
1755405374521,0.265603,-0.031705,9.906285
1755405374524,0.301496,-0.050847,9.722038
1755405374526,0.291924,-0.043669,9.856036
1755405374528,0.306281,-0.058026,9.896714
1755405374530,0.282353,-0.017348,9.848858
1755405374533,0.270389,0.02333,9.997512
1755405374535,0.299103,0.035294,9.934999
1755405374538,0.241675,-0.024526,9.913465
1755405374541,0.325424,-0.024526,9.686146
1755405374543,0.260818,-0.060419,9.964012
1755405374545,0.299103,-0.019741,9.796216
1755405374547,0.294317,-0.005384,9.9015
1755405374549,0.308674,0.016152,9.983155
1755405374552,0.284746,0.042473,9.798609
1755405374554,0.275175,-0.031705,10.059726
1755405374558,0.327817,-0.019741,9.724431
1755405374560,0.258425,-0.065204,9.925428
1755405374562,0.320638,-0.062812,9.817751
1755405374564,0.287139,-0.034098,9.851251
1755405374566,0.294317,-0.026919,9.997512
1755405374569,0.303888,0.04008,9.88475
1755405374571,0.251246,-0.031705,10.011869
1755405374575,0.282353,-0.029312,9.736395
1755405374576,0.267996,-0.055633,9.949656
1755405374579,0.323031,-0.079561,9.79143
1755405374581,0.253639,-0.046062,9.844072
1755405374583,0.270389,0.004187,9.954441
1755405374585,0.323031,0.071186,9.971191
1755405374588,0.256032,-0.005384,9.952048
1755405374591,0.267996,-0.072383,9.662218
1755405374593,0.265603,-0.098704,9.872787
1755405374596,0.282353,-0.060419,9.84168
1755405374597,0.284746,0.035294,9.894321
1755405374600,0.27996,0.047258,9.975977
1755405374602,0.284746,0.02333,9.875179
1755405374605,0.239282,-0.046062,9.937392
1755405374607,0.318245,-0.067597,9.707682
1755405374610,0.311067,-0.08674,9.820144
1755405374612,0.260818,-0.002991,9.9015
1755405374614,0.320638,0.049651,9.983155
1755405374617,0.289532,0.016152,10.00469
1755405374620,0.320638,-0.031705,9.707682
1755405374621,0.236889,-0.10349,9.896714
1755405374624,0.306281,-0.072383,9.827323
1755405374627,0.289532,0.018544,9.91825
1755405374629,0.270389,0.04008,9.956834
1755405374631,0.311067,0.016152,9.848858
1755405374634,0.267996,-0.077169,9.925428
1755405374636,0.294317,-0.081954,9.724431
1755405374638,0.256032,-0.093918,9.839287
1755405374643,0.318245,-0.019741,9.925428
1755405374644,0.299103,0.075972,9.987941
1755405374646,0.244068,0.011366,9.995119
1755405374648,0.246461,-0.058026,9.690931
1755405374650,0.258425,-0.110668,9.836894
1755405374652,0.323031,-0.050847,9.829716
1755405374655,0.267996,0.028116,9.987941
1755405374658,0.272782,0.111864,9.985548
1755405374660,0.289532,-0.000598,9.848858
1755405374662,0.265603,-0.101097,9.860822
1755405374664,0.301496,-0.108275,9.695718
1755405374667,0.246461,-0.055633,9.860822
1755405374669,0.241675,0.020937,9.947263
1755405374672,0.263211,0.083151,9.973584
1755405374674,0.277567,0.001795,9.975977
1755405374677,0.291924,-0.065204,9.755538
1755405374679,0.232104,-0.096311,9.877572
1755405374682,0.291924,-0.055633,9.77468
1755405374684,0.251246,-0.005384,9.959227
1755405374686,0.303888,0.085543,9.915857
1755405374688,0.282353,0.016152,9.755538
1755405374691,0.265603,-0.10349,9.959227
1755405374694,0.31346,-0.029312,9.84168
1755405374696,0.244068,0.020937,9.939785
1755405374698,0.260818,-0.019741,9.851251
1755405374700,0.289532,-0.014955,9.973584
1755405374703,0.311067,-0.038883,9.767502
1755405374705,0.270389,-0.072383,9.913465
1755405374708,0.344566,-0.024526,9.932607
1755405374711,0.275175,0.042473,9.908679
1755405374713,0.246461,0.037687,9.956834
1755405374715,0.33021,-0.058026,9.722038
1755405374717,0.270389,-0.120239,9.846465
1755405374719,0.291924,-0.022134,9.891929
1755405374725,0.318245,0.078365,9.937392
1755405374726,0.270389,0.068794,9.992726
1755405374728,0.311067,-0.014955,9.789038
1755405374729,0.299103,-0.091525,9.906285
1755405374732,0.311067,-0.043669,9.731609
1755405374734,0.299103,-0.026919,9.889536
1755405374737,0.294317,-0.014955,9.913465
1755405374739,0.320638,0.011366,9.872787
1755405374742,0.308674,-0.017348,10.007083
1755405374746,0.282353,0.008973,9.777073
1755405374747,0.248854,-0.043669,9.956834
1755405374749,0.294317,-0.034098,9.724431
1755405374751,0.265603,-0.022134,9.923036
1755405374753,0.251246,-0.036491,9.815358
1755405374756,0.277567,0.00658,9.882358
1755405374758,0.291924,-0.05324,9.985548
1755405374760,0.294317,-0.002991,9.779466
1755405374765,0.263211,-0.046062,10.028619
1755405374766,0.334995,-0.010169,9.779466
1755405374768,0.284746,-0.046062,9.973584
1755405374770,0.323031,-0.017348,9.784252
1755405374772,0.277567,-0.007777,9.913465
1755405374775,0.31346,-0.038883,9.856036
1755405374779,0.275175,0.016152,9.832108
1755405374780,0.267996,-0.022134,9.952048
1755405374782,0.301496,0.004187,9.786645
1755405374784,0.267996,-0.060419,9.97837
1755405374787,0.277567,-0.000598,9.772287
1755405374789,0.260818,-0.050847,9.980762
1755405374792,0.277567,0.011366,9.769895
1755405374794,0.263211,-0.019741,9.971191
1755405374797,0.315853,0.001795,9.856036
1755405374800,0.27996,-0.005384,9.899107
1755405374801,0.265603,-0.007777,9.858429
1755405374804,0.289532,-0.005384,9.844072
1755405374806,0.272782,-0.055633,9.9015
1755405374809,0.301496,-0.017348,9.868001
1755405374811,0.284746,-0.019741,9.872787
1755405374814,0.282353,-0.022134,9.832108
1755405374816,0.282353,-0.012562,9.923036
1755405374818,0.282353,-0.010169,9.870394
1755405374820,0.263211,-0.019741,9.9015
1755405374823,0.282353,-0.007777,9.853643
1755405374826,0.27996,-0.029312,9.865608
1755405374828,0.311067,-0.010169,9.863214
1755405374832,0.301496,-0.026919,9.894321
1755405374833,0.337388,-0.017348,9.863214
1755405374835,0.267996,-0.019741,9.879965
1755405374837,0.306281,-0.031705,9.865608
1755405374840,0.258425,-0.014955,9.877572
1755405374842,0.267996,0.016152,9.882358
1755405374845,0.277567,-0.019741,9.860822
1755405374847,0.227318,-0.036491,9.879965
1755405374850,0.29671,-0.043669,9.877572
1755405374852,0.29671,-0.012562,9.882358
1755405374854,0.277567,-0.034098,9.863214
1755405374856,0.287139,-0.026919,9.851251
1755405374859,0.287139,0.011366,9.88475
1755405374861,0.284746,-0.000598,9.851251
1755405374864,0.289532,-0.017348,9.9015
1755405374866,0.29671,0.008973,9.865608
1755405374868,0.253639,-0.007777,9.870394
1755405374871,0.260818,0.008973,9.839287
1755405374873,0.287139,-0.012562,9.877572
1755405374876,0.308674,-0.022134,9.84168
1755405374878,0.277567,0.00658,9.868001
1755405374881,0.311067,-0.022134,9.865608
1755405374883,0.318245,0.00658,9.820144
1755405374885,0.267996,-0.005384,9.832108
1755405374887,0.27996,0.00658,9.829716
1755405374890,0.270389,-0.000598,9.925428
1755405374892,0.263211,-0.005384,9.844072
1755405374895,0.270389,-0.046062,9.875179
1755405374898,0.291924,-0.048455,9.853643
1755405374900,0.282353,-0.031705,9.88475
1755405374902,0.320638,-0.022134,9.903893
1755405374904,0.265603,-0.007777,9.865608
1755405374906,0.287139,-0.000598,9.870394
1755405374909,0.27996,0.004187,9.896714
1755405374911,0.291924,-0.017348,9.887143
1755405374915,0.27996,-0.029312,9.877572
1755405374916,0.299103,-0.019741,9.899107
1755405374919,0.29671,-0.010169,9.865608
1755405374921,0.303888,0.004187,9.932607
1755405374923,0.275175,0.032901,9.856036
1755405374929,0.29671,-0.060419,9.920643
1755405374930,0.272782,0.001795,9.903893
1755405374933,0.342174,-0.017348,9.779466
1755405374935,0.239282,-0.019741,9.999905
1755405374936,0.366102,-0.010169,9.734002
1755405374939,0.188734,-0.048455,10.03819
1755405374940,0.344566,0.004187,9.690931
1755405374943,0.188734,-0.029312,10.016655
1755405374945,0.368495,-0.034098,9.700503
1755405374947,0.208176,-0.050847,10.026226
1755405374953,0.342174,-0.010169,9.698111
1755405374955,0.200997,-0.043669,10.076475
1755405374956,0.354138,0.030508,9.731609
1755405374958,0.246461,-0.022134,10.059726
1755405374960,0.339781,0.001795,9.710074
1755405374962,0.248854,-0.012562,10.062119
1755405374964,0.363709,0.00658,9.755538
1755405374968,0.258425,-0.024526,10.031012
1755405374969,0.306281,-0.024526,9.767502
1755405374971,0.275175,-0.036491,9.947263
1755405374974,0.29671,-0.038883,9.817751
1755405374976,0.253639,-0.012562,9.952048
1755405374979,0.289532,-0.019741,9.856036
1755405374981,0.291924,0.02333,9.891929
1755405374985,0.320638,-0.038883,9.872787
1755405374987,0.27996,-0.019741,9.853643
1755405374988,0.277567,-0.017348,9.9015
1755405374990,0.289532,0.004187,9.820144
1755405374993,0.299103,-0.026919,9.966406
1755405374995,0.258425,-0.007777,9.796216
1755405374998,0.224925,-0.041276,9.964012
1755405375000,0.301496,-0.022134,9.769895
1755405375003,0.287139,-0.036491,9.959227
1755405375005,0.311067,-0.022134,9.812965
1755405375008,0.265603,-0.012562,9.927821
1755405375010,0.334995,0.004187,9.858429
1755405375012,0.308674,-0.026919,9.868001
1755405375014,0.306281,-0.048455,9.891929
1755405375017,0.275175,-0.019741,9.846465
1755405375020,0.289532,-0.036491,9.887143
1755405375022,0.289532,-0.014955,9.863214
1755405375024,0.31346,-0.002991,9.887143
1755405375027,0.239282,-0.029312,9.851251
1755405375029,0.289532,-0.041276,9.903893
1755405375031,0.277567,-0.024526,9.856036
1755405375034,0.272782,-0.010169,9.944571
1755405375036,0.282353,0.004187,9.796216
1755405375039,0.256032,-0.029312,9.877572
1755405375041,0.260818,-0.022134,9.985548
1755405375043,0.275175,-0.017348,9.923036
1755405375046,0.294317,0.004187,9.863214
1755405375048,0.284746,-0.012562,9.856036
1755405375051,0.270389,-0.026919,9.913465
1755405375053,0.270389,-0.007777,9.872787
1755405375055,0.291924,-0.029312,9.903893
1755405375058,0.284746,-0.000598,9.851251
1755405375060,0.306281,-0.041276,9.899107
1755405375063,0.27996,-0.010169,9.980762
1755405375065,0.323031,-0.022134,9.683753
1755405375069,0.217747,-0.072383,10.019048
1755405375070,0.346959,0.02333,9.738789
1755405375072,0.200997,-0.017348,10.093225
1755405375075,0.323031,0.00658,9.667004
1755405375077,0.256032,-0.084347,10.009477
1755405375079,0.291924,0.02333,9.822537
1755405375081,0.227318,-0.055633,9.920643
1755405375085,0.301496,0.032901,9.868001
1755405375087,0.267996,-0.038883,9.952048
1755405375089,0.27996,-0.017348,9.822537
1755405375091,0.344566,-0.050847,9.939785
1755405375094,0.251246,-0.005384,9.868001
1755405375096,0.327817,-0.014955,9.815358
1755405375098,0.22014,-0.038883,9.944571
1755405375103,0.337388,-0.029312,9.719646
1755405375104,0.181555,-0.036491,10.007083
1755405375106,0.344566,-0.041276,9.712467
1755405375108,0.227318,-0.043669,10.069297
1755405375111,0.356531,-0.029312,9.700503
1755405375113,0.224925,-0.022134,10.047761
1755405375115,0.39003,0.018544,9.702896
1755405375117,0.186341,-0.043669,10.019048
1755405375120,0.351745,0.016152,9.710074
1755405375123,0.22014,-0.026919,10.059726
1755405375125,0.385244,-0.026919,9.698111
1755405375127,0.224925,-0.041276,10.050154
1755405375131,0.339781,-0.005384,9.729217
1755405375133,0.215354,-0.06999,9.999905
1755405375136,0.323031,-0.000598,9.731609
1755405375137,0.284746,-0.06999,9.956834
1755405375140,0.31346,0.001795,9.772287
1755405375142,0.263211,-0.046062,9.983155
1755405375145,0.318245,0.001795,9.793823
1755405375146,0.282353,-0.046062,9.939785
1755405375149,0.318245,-0.012562,9.789038
1755405375151,0.256032,-0.062812,9.954441
1755405375155,0.31346,-0.031705,9.786645
1755405375156,0.263211,-0.031705,9.959227
1755405375159,0.299103,-0.010169,9.815358
1755405375161,0.29671,-0.055633,9.937392
1755405375163,0.301496,0.001795,9.80818
1755405375165,0.263211,-0.017348,9.925428
1755405375168,0.311067,0.004187,9.829716
1755405375171,0.287139,-0.034098,9.980762
1755405375173,0.323031,-0.005384,9.810573
1755405375175,0.277567,-0.017348,9.939785
1755405375178,0.289532,0.004187,9.784252
1755405375180,0.287139,-0.024526,9.964012
1755405375182,0.303888,-0.017348,9.805787
1755405375184,0.253639,-0.038883,10.009477
1755405375188,0.303888,-0.022134,9.79143
1755405375190,0.246461,-0.029312,9.956834
1755405375192,0.272782,-0.038883,9.781859
1755405375194,0.241675,-0.036491,9.992726
1755405375197,0.325424,-0.022134,9.793823
1755405375199,0.232104,-0.026919,9.975977
1755405375201,0.337388,-0.014955,9.812965
1755405375205,0.299103,-0.038883,9.999905
1755405375206,0.337388,-0.017348,9.755538
1755405375208,0.239282,-0.026919,9.995119
1755405375211,0.356531,-0.007777,9.769895
1755405375213,0.270389,-0.029312,9.999905
1755405375216,0.332602,0.004187,9.734002
1755405375218,0.251246,-0.000598,10.007083
1755405375222,0.342174,-0.010169,9.722038
1755405375223,0.275175,-0.014955,9.999905
1755405375225,0.354138,-0.005384,9.736395
1755405375228,0.183948,-0.031705,10.035797
1755405375230,0.315853,-0.007777,9.731609
1755405375233,0.208176,0.001795,10.042975
1755405375235,0.356531,-0.012562,9.729217
1755405375239,0.234497,-0.046062,10.052547
1755405375241,0.346959,0.013759,9.71486
1755405375243,0.246461,0.004187,10.035797
1755405375245,0.380459,-0.002991,9.724431
1755405375247,0.22014,-0.024526,10.026226
1755405375249,0.315853,0.00658,9.71486
1755405375252,0.229711,-0.019741,10.057333
1755405375256,0.378066,-0.022134,9.702896
1755405375259,0.248854,-0.038883,10.042975
1755405375260,0.368495,-0.014955,9.700503
1755405375261,0.210568,-0.029312,10.064511
1755405375264,0.370888,0.00658,9.705289
1755405375266,0.229711,-0.010169,10.062119
1755405375269,0.378066,-0.019741,9.760324
1755405375273,0.234497,-0.05324,10.016655
1755405375274,0.337388,-0.038883,9.777073
1755405375276,0.263211,-0.038883,9.930214
1755405375278,0.318245,-0.065204,9.848858
1755405375280,0.260818,-0.014955,9.899107
1755405375283,0.315853,-0.048455,9.879965
1755405375285,0.267996,-0.005384,9.863214
1755405375288,0.29671,-0.050847,9.934999
1755405375291,0.267996,-0.041276,9.84168
1755405375293,0.306281,0.00658,9.959227
1755405375295,0.294317,-0.026919,9.793823
1755405375297,0.284746,-0.084347,9.952048
1755405375300,0.258425,-0.026919,9.844072
1755405375302,0.267996,0.008973,9.952048
1755405375304,0.289532,-0.005384,9.870394
1755405375307,0.275175,-0.046062,9.899107
1755405375309,0.284746,-0.036491,9.891929
1755405375312,0.277567,-0.036491,9.863214
1755405375314,0.282353,-0.017348,9.872787
1755405375316,0.284746,-0.010169,9.889536
1755405375319,0.251246,0.001795,9.896714
1755405375321,0.289532,-0.048455,9.863214
1755405375324,0.258425,-0.012562,9.868001
1755405375326,0.272782,-0.038883,9.889536
1755405375328,0.29671,0.008973,9.827323
1755405375331,0.260818,-0.012562,9.966406
1755405375334,0.205783,0.001795,9.688539
1755405375336,0.270389,-0.019741,9.911072
1755405375338,0.27996,-0.002991,9.906285
1755405375341,0.263211,-0.000598,9.812965
1755405375344,0.256032,-0.041276,9.822537
1755405375345,0.291924,-0.022134,9.932607
1755405375347,0.270389,-0.026919,9.894321
1755405375350,0.263211,-0.002991,9.906285
1755405375352,0.277567,-0.029312,9.853643
1755405375355,0.306281,-0.012562,9.896714
1755405375358,0.325424,-0.010169,9.853643
1755405375360,0.289532,-0.007777,9.896714
1755405375362,0.301496,-0.017348,9.896714
1755405375364,0.267996,-0.038883,9.868001
1755405375367,0.272782,-0.002991,9.9015
1755405375369,0.265603,-0.017348,9.863214
1755405375371,0.284746,0.011366,9.91825
1755405375375,0.291924,-0.043669,9.844072
1755405375377,0.229711,-0.024526,9.930214
1755405375379,0.325424,-0.000598,9.765109
1755405375381,0.246461,-0.010169,10.00469
1755405375383,0.354138,-0.029312,9.695718
1755405375386,0.181555,-0.010169,10.066904
1755405375388,0.397209,-0.002991,9.690931
1755405375392,0.208176,-0.034098,10.057333
1755405375393,0.332602,-0.010169,9.719646
1755405375396,0.253639,-0.031705,10.064511
1755405375398,0.311067,-0.014955,9.700503
1755405375400,0.236889,-0.046062,10.028619
1755405375403,0.337388,-0.007777,9.79143
1755405375405,0.239282,-0.031705,9.954441
1755405375409,0.337388,-0.024526,9.784252
1755405375411,0.275175,-0.000598,9.896714
1755405375413,0.291924,-0.067597,9.908679
1755405375415,0.311067,0.004187,9.829716
1755405375417,0.284746,-0.036491,9.934999
1755405375419,0.315853,-0.007777,9.741181
1755405375422,0.277567,-0.034098,10.109975
1755405375425,0.33021,-0.000598,9.839287
1755405375427,0.244068,-0.043669,9.875179
1755405375429,0.291924,-0.058026,9.755538
1755405375431,0.265603,-0.041276,9.954441
1755405375434,0.351745,-0.06999,9.856036
1755405375436,0.275175,0.028116,9.781859
1755405375439,0.289532,0.011366,10.050154
1755405375443,0.306281,0.011366,9.865608
1755405375444,0.256032,-0.029312,9.954441
1755405375446,0.277567,-0.036491,9.676575
1755405375448,0.272782,-0.041276,9.952048
1755405375451,0.308674,-0.034098,9.832108
1755405375453,0.323031,-0.012562,9.844072
1755405375456,0.282353,0.004187,9.992726
1755405375460,0.282353,0.016152,9.805787
1755405375461,0.27996,-0.034098,10.033404
1755405375463,0.318245,-0.024526,9.71486
1755405375465,0.275175,-0.060419,9.923036
1755405375467,0.287139,-0.055633,9.805787
1755405375470,0.301496,-0.014955,9.844072
1755405375472,0.308674,0.00658,9.964012
1755405375475,0.303888,0.054437,9.913465
1755405375478,0.289532,-0.038883,9.947263
1755405375481,0.29671,-0.050847,9.726824
1755405375482,0.287139,-0.058026,9.911072
1755405375484,0.272782,0.008973,9.889536
1755405375486,0.275175,0.035294,9.891929
1755405375489,0.277567,-0.002991,9.925428
1755405375491,0.29671,-0.019741,9.803394
1755405375495,0.241675,-0.036491,9.942178
1755405375497,0.318245,0.00658,9.856036
1755405375498,0.308674,-0.041276,9.913465
1755405375501,0.291924,-0.024526,9.899107
1755405375503,0.294317,-0.026919,9.84168
1755405375505,0.284746,-0.022134,9.887143
1755405375508,0.301496,-0.026919,9.856036
1755405375511,0.272782,-0.022134,9.911072
1755405375513,0.287139,-0.019741,9.894321
1755405375515,0.277567,-0.024526,9.877572
1755405375517,0.29671,-0.019741,9.903893
1755405375520,0.272782,-0.014955,9.860822
1755405375522,0.277567,-0.014955,9.942178
1755405375525,0.287139,-0.012562,9.767502
1755405375527,0.284746,-0.050847,9.992726
1755405375530,0.303888,0.04008,9.805787
1755405375532,0.239282,-0.002991,9.980762
1755405375534,0.29671,0.00658,9.877572
1755405375537,0.256032,-0.029312,9.889536
1755405375540,0.284746,-0.058026,9.777073
1755405375542,0.282353,-0.05324,9.975977
1755405375544,0.344566,-0.007777,9.846465
1755405375547,0.291924,0.004187,9.913465
1755405375549,0.303888,-0.007777,9.930214
1755405375551,0.29671,-0.041276,9.777073
1755405375553,0.260818,-0.062812,9.882358
1755405375556,0.282353,-0.034098,9.844072
1755405375559,0.282353,-0.007777,9.903893
1755405375561,0.234497,-0.000598,9.865608
1755405375564,0.303888,-0.012562,9.896714
1755405375566,0.284746,-0.043669,9.865608
1755405375568,0.306281,-0.017348,9.868001
1755405375570,0.277567,-0.010169,9.9015
1755405375573,0.294317,0.00658,9.879965
1755405375575,0.301496,-0.024526,9.863214
1755405375579,0.282353,-0.034098,9.882358
1755405375581,0.289532,-0.017348,9.853643
1755405375583,0.287139,-0.026919,9.877572
1755405375585,0.299103,-0.019741,9.865608
1755405375587,0.294317,-0.038883,9.887143
1755405375589,0.31346,-0.002991,9.856036
1755405375592,0.270389,-0.014955,9.896714
1755405375595,0.294317,-0.017348,9.865608
1755405375599,0.263211,-0.036491,9.875179
1755405375600,0.277567,-0.000598,9.899107
1755405375602,0.294317,-0.012562,9.887143
1755405375604,0.282353,-0.014955,9.877572
1755405375606,0.263211,-0.041276,9.88475
1755405375609,0.284746,-0.031705,9.851251
1755405375612,0.248854,-0.002991,9.899107
1755405375616,0.287139,-0.026919,9.875179
1755405375618,0.287139,-0.060419,9.872787
1755405375619,0.270389,-0.026919,9.879965
1755405375620,0.294317,-0.062812,9.903893
1755405375623,0.294317,-0.024526,9.860822
1755405375625,0.287139,-0.000598,9.899107
1755405375629,0.29671,0.00658,9.868001
1755405375631,0.287139,-0.026919,9.745967
1755405375632,0.301496,-0.019741,9.949656
1755405375635,0.303888,-0.012562,9.906285
1755405375637,0.289532,-0.043669,9.868001
1755405375640,0.320638,-0.048455,9.846465
1755405375643,0.275175,-0.000598,9.949656
1755405375645,0.267996,-0.024526,9.915857
1755405375647,0.299103,-0.029312,9.805787
1755405375649,0.267996,-0.005384,9.966406
1755405375652,0.284746,-0.000598,9.872787
1755405375654,0.248854,-0.026919,9.84168
1755405375656,0.31346,-0.050847,9.628718
1755405375659,0.244068,-0.034098,10.107582
1755405375661,0.327817,0.011366,9.777073
1755405375664,0.258425,-0.029312,10.064511
1755405375666,0.356531,-0.031705,9.722038
1755405375669,0.200997,-0.043669,10.050154
1755405375671,0.337388,-0.005384,9.705289
1755405375673,0.191127,-0.058026,10.081261
1755405375676,0.361316,0.025723,9.683753
1755405375678,0.212961,-0.065204,10.026226
1755405375681,0.378066,0.02333,9.762716
1755405375683,0.191127,-0.043669,10.007083
1755405375686,0.339781,0.049651,9.755538
1755405375688,0.294317,-0.05324,10.014262
1755405375690,0.308674,0.011366,9.789038
1755405375693,0.248854,-0.022134,9.915857
1755405375695,0.260818,0.008973,9.829716
1755405375698,0.27996,-0.029312,9.927821
1755405375702,0.253639,-0.000598,9.839287
1755405375703,0.253639,-0.022134,9.894321
1755405375704,0.253639,-0.000598,9.868001
1755405375707,0.241675,-0.000598,9.927821
1755405375709,0.265603,-0.041276,9.872787
1755405375711,0.277567,-0.005384,9.858429
1755405375714,0.270389,-0.05324,9.906285
1755405375716,0.284746,-0.017348,9.848858
1755405375719,0.284746,-0.014955,9.91825
1755405375721,0.270389,-0.007777,9.872787
1755405375724,0.263211,-0.055633,9.913465
1755405375726,0.265603,-0.005384,9.868001
1755405375728,0.282353,-0.043669,9.88475
1755405375731,0.282353,-0.019741,9.896714
1755405375733,0.31346,0.004187,9.870394
1755405375736,0.311067,0.013759,9.891929
1755405375738,0.265603,-0.017348,9.863214
1755405375741,0.284746,-0.012562,9.891929
1755405375744,0.337388,-0.007777,9.875179
1755405375746,0.301496,-0.029312,9.906285
1755405375748,0.308674,-0.029312,9.872787
1755405375750,0.299103,-0.034098,9.858429
1755405375752,0.258425,-0.036491,9.887143
1755405375755,0.275175,0.011366,9.889536
1755405375757,0.284746,-0.014955,9.865608
1755405375759,0.306281,-0.024526,9.882358
1755405375762,0.299103,-0.014955,9.872787
1755405375765,0.275175,-0.034098,9.868001
1755405375767,0.29671,-0.024526,9.887143
1755405375770,0.303888,-0.017348,9.877572
1755405375771,0.318245,-0.017348,9.91825
1755405375774,0.277567,-0.012562,9.913465
1755405375776,0.277567,-0.031705,9.877572
1755405375779,0.308674,-0.034098,9.84168
1755405375783,0.287139,-0.022134,9.860822
1755405375784,0.287139,0.011366,9.899107
1755405375786,0.289532,-0.038883,9.860822
1755405375788,0.31346,-0.012562,9.848858
1755405375791,0.299103,0.016152,10.07169
1755405375793,0.349352,0.030508,9.710074
1755405375796,0.234497,-0.067597,9.805787
1755405375799,0.294317,-0.022134,10.021441
1755405375801,0.33021,-0.012562,9.777073
1755405375803,0.198604,-0.05324,10.14826
1755405375805,0.351745,0.042473,9.726824
1755405375807,0.215354,-0.081954,9.762716
1755405375810,0.303888,-0.012562,10.011869
1755405375812,0.318245,-0.024526,9.784252
1755405375816,0.229711,-0.026919,9.959227
1755405375818,0.342174,0.001795,9.939785
1755405375821,0.212961,-0.050847,9.987941
1755405375823,0.31346,-0.002991,9.710074
1755405375824,0.258425,-0.060419,9.738789
1755405375827,0.291924,0.001795,10.042975
1755405375829,0.315853,-0.026919,9.971191
1755405375833,0.234497,-0.031705,9.798609
1755405375834,0.320638,0.004187,9.602397
1755405375836,0.241675,-0.031705,10.169795
1755405375839,0.378066,-0.022134,9.923036
1755405375841,0.244068,-0.043669,9.741181
1755405375843,0.320638,-0.010169,9.956834
1755405375846,0.246461,-0.048455,9.997512
1755405375850,0.301496,-0.000598,9.590433
1755405375852,0.275175,-0.036491,10.222438
1755405375853,0.299103,0.025723,9.611969
1755405375855,0.256032,-0.017348,10.100404
1755405375858,0.303888,0.00658,9.877572
1755405375860,0.277567,-0.067597,9.836894
1755405375863,0.299103,-0.022134,10.026226
1755405375865,0.334995,-0.031705,9.619147
1755405375867,0.265603,0.008973,9.985548
1755405375870,0.287139,-0.050847,9.817751
1755405375872,0.270389,-0.007777,9.877572
1755405375875,0.318245,-0.031705,9.997512
1755405375877,0.267996,0.020937,9.812965
1755405375879,0.327817,-0.029312,10.011869
1755405375882,0.260818,-0.041276,9.817751
1755405375885,0.323031,-0.038883,9.834501
1755405375887,0.251246,-0.017348,9.872787
1755405375889,0.363709,-0.024526,9.698111
1755405375891,0.272782,-0.026919,10.011869
1755405375894,0.320638,0.008973,9.645468
1755405375896,0.239282,-0.024526,10.062119
1755405375899,0.303888,0.020937,9.688539
1755405375902,0.224925,-0.034098,10.102797
1755405375904,0.346959,-0.024526,9.755538
1755405375906,0.248854,-0.026919,10.057333
1755405375908,0.337388,0.008973,9.801002
1755405375910,0.270389,-0.060419,10.007083
1755405375913,0.33021,0.008973,9.82493
1755405375915,0.248854,-0.036491,9.961619
1755405375918,0.303888,0.008973,9.832108
1755405375920,0.244068,-0.038883,9.920643
1755405375922,0.318245,0.004187,9.860822
1755405375925,0.253639,-0.043669,9.911072
1755405375927,0.299103,0.018544,9.836894
1755405375930,0.289532,-0.031705,9.913465
1755405375932,0.320638,-0.000598,9.82493
1755405375935,0.27996,-0.014955,9.954441
1755405375940,0.31346,-0.007777,9.82493
1755405375941,0.301496,-0.043669,9.964012
1755405375942,0.303888,-0.036491,9.820144
1755405375944,0.284746,-0.060419,9.985548
1755405375946,0.320638,0.001795,9.810573
1755405375950,0.291924,0.030508,9.973584
1755405375952,0.251246,0.00658,9.803394
1755405375954,0.31346,-0.012562,9.930214
1755405375956,0.258425,-0.022134,9.812965
1755405375958,0.299103,-0.026919,9.911072
1755405375961,0.284746,-0.010169,9.84168
1755405375963,0.287139,-0.019741,9.88475
1755405375966,0.277567,0.004187,9.88475
1755405375969,0.301496,-0.058026,9.879965
1755405375971,0.248854,-0.000598,9.865608
1755405375973,0.272782,-0.038883,9.911072
1755405375975,0.260818,-0.012562,9.82493
1755405375977,0.267996,-0.050847,9.952048
1755405375980,0.301496,0.001795,9.745967
1755405375983,0.253639,-0.062812,10.011869
1755405375986,0.289532,0.020937,9.789038
1755405375988,0.248854,-0.007777,10.026226
1755405375990,0.272782,0.032901,9.760324
1755405375992,0.260818,-0.026919,9.983155
1755405375994,0.327817,-0.022134,9.84168
1755405375997,0.248854,-0.034098,9.906285
1755405375999,0.272782,-0.000598,9.779466
1755405376003,0.260818,0.032901,9.82493
1755405376005,0.267996,0.001795,9.891929
1755405376007,0.287139,-0.019741,9.846465
1755405376009,0.04995,0.085543,9.657433
1755405376011,0.31346,-0.019741,9.865608
1755405376013,0.33021,-0.062812,9.923036
1755405376016,0.222533,0.035294,9.789038
1755405376020,0.346959,-0.065204,9.891929
1755405376022,0.29671,-0.055633,9.772287
1755405376023,0.256032,0.001795,9.767502
1755405376026,0.263211,-0.079561,9.911072
1755405376028,0.318245,-0.050847,9.88475
1755405376030,0.277567,-0.058026,9.80818
1755405376033,0.325424,-0.050847,9.934999
1755405376035,0.260818,-0.012562,9.760324
1755405376038,0.27996,-0.041276,9.822537
1755405376040,0.275175,-0.026919,9.882358
1755405376042,0.270389,0.018544,9.896714
1755405376045,0.291924,-0.014955,9.856036
1755405376047,0.282353,-0.002991,9.908679
1755405376050,0.306281,-0.000598,9.868001
1755405376053,0.299103,0.013759,9.913465
1755405376055,0.308674,-0.019741,9.772287
1755405376059,0.234497,-0.019741,9.908679
1755405376060,0.29671,-0.048455,9.877572
1755405376062,0.289532,-0.036491,9.817751
1755405376064,0.258425,-0.050847,9.964012
1755405376067,0.334995,0.028116,9.793823
1755405376069,0.239282,-0.019741,10.088439
1755405376071,0.303888,-0.002991,9.784252
1755405376073,0.241675,-0.062812,10.014262
1755405376076,0.299103,-0.041276,9.683753
1755405376078,0.260818,-0.036491,9.923036
1755405376080,0.315853,-0.024526,9.805787
1755405376083,0.277567,-0.007777,9.868001
1755405376085,0.272782,0.016152,9.973584
1755405376088,0.272782,0.05683,9.848858
1755405376090,0.229711,-0.024526,10.050154
1755405376093,0.289532,-0.029312,9.688539
1755405376095,0.253639,-0.041276,9.920643
1755405376097,0.308674,-0.06999,9.779466
1755405376100,0.251246,-0.017348,9.937392
1755405376102,0.258425,0.02333,10.00469
1755405376105,0.332602,0.071186,9.827323
1755405376108,0.253639,-0.062812,9.985548
1755405376109,0.325424,-0.074776,9.664611
1755405376112,0.291924,-0.081954,9.91825
1755405376116,0.301496,0.011366,9.84168
1755405376118,0.287139,0.059222,9.961619
1755405376119,0.301496,0.018544,10.009477
1755405376122,0.325424,0.04008,9.820144
1755405376124,0.248854,-0.019741,9.952048
1755405376126,0.267996,-0.041276,9.688539
1755405376130,0.244068,-0.062812,9.925428
1755405376134,0.306281,-0.036491,9.812965
1755405376135,0.299103,0.037687,9.952048
1755405376148,0.282353,0.032901,10.021441
1755405376151,0.289532,0.02333,9.844072
1755405376152,0.253639,-0.050847,9.964012
1755405376153,0.29671,-0.08674,9.635897
1755405376154,0.253639,-0.065204,9.899107
1755405376155,0.299103,-0.041276,9.84168
1755405376156,0.27996,0.035294,9.987941
1755405376158,0.227318,0.028116,10.045368
1755405376159,0.256032,-0.002991,9.755538
1755405376159,0.244068,-0.108275,9.879965
1755405376160,0.303888,-0.084347,9.695718
1755405376163,0.260818,-0.050847,9.91825
1755405376164,0.306281,0.030508,9.954441
1755405376167,0.299103,0.059222,9.961619
1755405376169,0.277567,0.001795,9.983155
1755405376172,0.31346,-0.062812,9.695718
1755405376174,0.244068,-0.096311,9.889536
1755405376177,0.315853,-0.014955,9.793823
1755405376179,0.284746,0.052044,10.00469
1755405376181,0.275175,0.042473,9.944571
1755405376184,0.299103,-0.010169,9.812965
1755405376186,0.282353,-0.077169,9.844072
1755405376190,0.284746,-0.065204,9.836894
1755405376191,0.325424,-0.002991,9.964012
1755405376194,0.294317,0.035294,9.927821
1755405376196,0.303888,0.030508,9.856036
1755405376198,0.299103,-0.062812,9.887143
1755405376201,0.323031,-0.055633,9.846465
1755405376203,0.27996,-0.007777,9.839287
1755405376205,0.287139,0.016152,9.899107
1755405376208,0.320638,-0.002991,9.889536
1755405376210,0.256032,0.008973,9.925428
1755405376213,0.303888,-0.029312,9.812965
1755405376215,0.277567,-0.034098,9.88475
1755405376218,0.31346,-0.024526,9.803394
1755405376220,0.251246,-0.014955,9.877572
1755405376222,0.301496,-0.017348,9.927821
1755405376225,0.275175,0.025723,9.858429
1755405376228,0.232104,0.004187,10.026226
1755405376230,0.318245,-0.012562,9.815358
1755405376232,0.22014,-0.041276,9.966406
1755405376234,0.315853,-0.007777,9.755538
1755405376236,0.248854,-0.022134,9.930214
1755405376239,0.267996,-0.034098,9.836894
1755405376242,0.27996,-0.007777,9.836894
1755405376244,0.265603,-0.029312,9.949656
1755405376246,0.308674,0.030508,9.820144
1755405376248,0.260818,0.001795,10.023833
1755405376251,0.299103,0.001795,9.812965
1755405376253,0.234497,-0.026919,9.995119
1755405376256,0.287139,-0.017348,9.745967
1755405376259,0.258425,-0.024526,9.920643
1755405376261,0.301496,-0.046062,9.781859
1755405376263,0.253639,-0.019741,9.84168
1755405376266,0.272782,-0.014955,9.934999
1755405376268,0.315853,0.008973,9.793823
1755405376270,0.267996,-0.000598,10.019048
1755405376272,0.308674,0.018544,9.829716
1755405376276,0.260818,-0.026919,9.954441
1755405376279,0.284746,-0.041276,9.724431
1755405376280,0.258425,-0.050847,9.932607
1755405376282,0.327817,-0.036491,9.858429
1755405376285,0.299103,0.00658,9.848858
1755405376287,0.294317,0.018544,9.97837
1755405376289,0.327817,0.025723,9.820144
1755405376293,0.267996,-0.055633,9.934999
1755405376295,0.265603,-0.048455,9.82493
1755405376296,0.27996,-0.024526,9.879965
1755405376299,0.267996,0.001795,9.9015
1755405376301,0.299103,-0.014955,9.88475
1755405376303,0.251246,-0.058026,9.9015
1755405376306,0.311067,-0.010169,9.82493
1755405376310,0.301496,-0.012562,9.882358
1755405376311,0.263211,-0.005384,9.889536
1755405376313,0.267996,-0.036491,9.889536
1755405376315,0.270389,-0.000598,9.870394
1755405376318,0.267996,-0.017348,9.91825
1755405376320,0.294317,0.020937,9.858429
1755405376323,0.284746,-0.058026,9.82493
1755405376327,0.272782,-0.022134,9.827323
1755405376328,0.275175,-0.017348,9.923036
1755405376330,0.277567,0.032901,9.851251
1755405376332,0.29671,0.011366,10.023833
1755405376335,0.325424,0.008973,9.853643
1755405376337,0.251246,-0.043669,9.956834
1755405376340,0.308674,-0.062812,9.738789
1755405376344,0.303888,-0.034098,9.906285
1755405376345,0.306281,-0.038883,9.832108
1755405376347,0.270389,0.011366,9.829716
1755405376349,0.287139,-0.007777,9.997512
1755405376352,0.303888,0.032901,9.872787
1755405376354,0.289532,-0.034098,10.019048
1755405376356,0.327817,-0.038883,9.71486
1755405376360,0.287139,-0.074776,9.913465
1755405376362,0.291924,-0.060419,9.812965
1755405376364,0.308674,-0.000598,9.844072
1755405376366,0.27996,-0.017348,10.019048
1755405376368,0.31346,0.044865,9.894321
1755405376370,0.27996,-0.024526,10.011869
1755405376373,0.315853,-0.074776,9.693324
1755405376375,0.258425,-0.115454,9.891929
1755405376378,0.294317,-0.038883,9.810573
1755405376381,0.301496,0.025723,9.894321
1755405376383,0.311067,0.049651,10.002297
1755405376386,0.31346,0.044865,9.858429
1755405376387,0.289532,-0.041276,9.923036
1755405376390,0.263211,-0.098704,9.664611
1755405376394,0.256032,-0.105882,9.877572
1755405376395,0.284746,-0.017348,9.937392
1755405376398,0.253639,0.064008,9.959227
1755405376399,0.246461,0.044865,9.961619
1755405376402,0.303888,-0.038883,9.767502
1755405376404,0.277567,-0.096311,9.853643
1755405376407,0.315853,-0.060419,9.710074
1755405376409,0.303888,0.004187,9.932607
1755405376412,0.277567,0.049651,9.959227
1755405376414,0.284746,0.049651,9.947263
1755405376416,0.303888,0.008973,9.961619
1755405376419,0.303888,-0.038883,9.765109
1755405376421,0.272782,-0.074776,9.908679
1755405376423,0.308674,-0.050847,9.755538
1755405376426,0.267996,-0.007777,9.942178
1755405376428,0.31346,0.04008,9.952048
1755405376431,0.277567,0.018544,9.894321
1755405376433,0.287139,-0.043669,9.930214
1755405376436,0.277567,-0.029312,9.772287
1755405376438,0.33021,-0.067597,9.925428
1755405376440,0.306281,-0.002991,9.856036
1755405376443,0.291924,-0.005384,9.879965
1755405376446,0.287139,-0.024526,9.851251
1755405376448,0.272782,-0.029312,9.82493
1755405376450,0.29671,-0.041276,9.889536
1755405376452,0.299103,-0.002991,9.868001
1755405376454,0.301496,-0.026919,9.908679
1755405376457,0.277567,-0.017348,9.877572
1755405376460,0.284746,-0.031705,9.887143
1755405376463,0.263211,-0.002991,9.88475
1755405376464,0.301496,-0.019741,9.894321
1755405376467,0.315853,0.00658,9.875179
1755405376469,0.287139,-0.010169,9.865608
1755405376471,0.275175,-0.017348,9.879965
1755405376474,0.248854,-0.041276,9.836894
1755405376476,0.291924,-0.022134,9.906285
1755405376479,0.299103,-0.010169,9.872787
1755405376481,0.287139,0.008973,9.856036
1755405376483,0.241675,-0.034098,9.879965
1755405376486,0.306281,-0.007777,9.894321
1755405376488,0.282353,-0.022134,9.908679
1755405376490,0.260818,-0.017348,9.856036
1755405376493,0.277567,-0.007777,9.887143
1755405376498,0.308674,-0.005384,9.875179
1755405376500,0.303888,-0.034098,9.875179
1755405376501,0.277567,-0.026919,9.877572
1755405376503,0.308674,-0.029312,9.889536
1755405376505,0.294317,-0.012562,9.896714
1755405376507,0.294317,-0.014955,9.853643
1755405376510,0.260818,-0.019741,9.853643
1755405376513,0.299103,-0.012562,9.908679
1755405376515,0.303888,-0.017348,9.913465
1755405376517,0.258425,-0.012562,9.887143
1755405376519,0.303888,-0.010169,9.877572
1755405376521,0.277567,0.001795,9.91825
1755405376524,0.272782,-0.022134,9.877572
1755405376526,0.289532,-0.002991,9.872787
1755405376530,0.284746,-0.022134,9.858429
1755405376532,0.299103,-0.065204,9.879965
1755405376535,0.277567,-0.050847,9.906285
1755405376536,0.284746,0.016152,9.803394
1755405376538,0.291924,-0.010169,9.915857
1755405376541,0.299103,-0.007777,9.908679
1755405376543,0.270389,-0.005384,9.889536
1755405376545,0.287139,-0.043669,9.798609
1755405376548,0.303888,-0.002991,9.887143
1755405376551,0.299103,-0.019741,9.82493
1755405376554,0.275175,-0.017348,9.939785
1755405376555,0.311067,-0.031705,9.815358
1755405376557,0.248854,0.018544,9.961619
1755405376560,0.323031,-0.038883,9.820144
1755405376563,0.246461,-0.012562,9.937392
1755405376565,0.33021,-0.031705,9.786645
1755405376568,0.244068,-0.031705,10.045368
1755405376570,0.385244,-0.012562,9.688539
1755405376572,0.210568,-0.065204,10.086046
1755405376574,0.363709,0.018544,9.736395
1755405376577,0.20339,-0.055633,10.076475
1755405376579,0.40678,0.008973,9.671789
1755405376582,0.222533,-0.074776,10.042975
1755405376584,0.380459,0.04008,9.707682
1755405376586,0.229711,-0.055633,10.03819
1755405376589,0.356531,0.004187,9.750752
1755405376591,0.270389,-0.058026,10.011869
1755405376594,0.31346,0.001795,9.801002
1755405376596,0.270389,-0.062812,9.999905
1755405376599,0.306281,-0.002991,9.834501
1755405376601,0.287139,-0.029312,9.920643
1755405376603,0.260818,0.00658,9.84168
1755405376605,0.308674,-0.041276,9.894321
1755405376608,0.267996,-0.000598,9.858429
1755405376610,0.29671,-0.029312,9.894321
1755405376613,0.241675,-0.017348,9.868001
1755405376617,0.284746,-0.026919,9.856036
1755405376618,0.232104,-0.005384,9.848858
1755405376620,0.265603,-0.029312,9.860822
1755405376622,0.282353,0.001795,9.856036
1755405376625,0.308674,-0.034098,9.944571
1755405376627,0.244068,-0.007777,9.839287
1755405376629,0.29671,-0.041276,9.947263
1755405376633,0.29671,0.011366,9.820144
1755405376635,0.251246,-0.012562,9.939785
1755405376637,0.294317,0.008973,9.844072
1755405376639,0.318245,-0.012562,9.966406
1755405376642,0.282353,0.037687,9.779466
1755405376644,0.256032,-0.041276,9.995119
1755405376652,0.287139,-0.005384,9.77468
1755405376654,0.267996,-0.055633,10.011869
1755405376655,0.303888,0.011366,9.741181
1755405376657,0.265603,-0.019741,10.059726
1755405376658,0.301496,0.013759,9.726824
1755405376659,0.248854,-0.038883,10.059726
1755405376660,0.315853,0.011366,9.702896
1755405376663,0.258425,-0.036491,10.03819
1755405376666,0.33021,-0.017348,9.698111
1755405376667,0.227318,-0.058026,10.045368
1755405376670,0.344566,-0.038883,9.702896
1755405376673,0.195912,-0.017348,9.985548
1755405376675,0.277567,-0.017348,9.772287
1755405376678,0.236889,-0.022134,9.947263
1755405376680,0.306281,-0.034098,9.872787
1755405376683,0.256032,0.004187,9.863214
1755405376685,0.287139,-0.05324,9.980762
1755405376687,0.287139,0.028116,9.793823
1755405376689,0.289532,-0.060419,9.987941
1755405376691,0.301496,-0.017348,9.729217
1755405376694,0.284746,-0.048455,9.990334
1755405376697,0.287139,0.013759,9.793823
1755405376700,0.27996,-0.050847,9.932607
1755405376703,0.291924,-0.034098,9.899107
1755405376704,0.301496,-0.031705,9.851251
1755405376706,0.260818,-0.019741,9.899107
1755405376708,0.282353,0.013759,9.872787
1755405376711,0.284746,-0.031705,9.891929
1755405376713,0.31346,-0.050847,9.856036
1755405376717,0.287139,-0.034098,9.932607
1755405376720,0.241675,-0.024526,9.820144
1755405376721,0.275175,-0.010169,9.887143
1755405376723,0.306281,-0.014955,9.848858
1755405376725,0.306281,-0.046062,9.91825
1755405376727,0.303888,-0.024526,9.870394
1755405376730,0.284746,-0.017348,9.863214
1755405376733,0.349352,-0.038883,9.851251
1755405376735,0.275175,-0.031705,9.865608
1755405376737,0.301496,0.00658,9.891929
1755405376739,0.260818,-0.026919,9.860822
1755405376743,0.277567,-0.031705,9.810573
1755405376744,0.29671,-0.026919,9.903893
1755405376747,0.277567,-0.019741,9.88475
1755405376749,0.327817,-0.034098,9.882358
1755405376752,0.270389,-0.012562,9.9015
1755405376754,0.256032,-0.019741,9.836894
1755405376756,0.256032,-0.014955,9.882358
1755405376759,0.246461,-0.024526,9.796216
1755405376761,0.246461,-0.010169,9.875179
1755405376764,0.291924,-0.026919,9.896714
1755405376769,0.354138,-0.022134,9.908679
1755405376770,0.256032,-0.007777,9.812965
1755405376772,0.275175,-0.007777,9.868001
1755405376774,0.291924,-0.024526,9.925428
1755405376775,0.301496,-0.031705,9.891929
1755405376778,0.277567,-0.002991,9.9015
1755405376780,0.289532,-0.010169,9.853643
1755405376783,0.306281,-0.012562,9.903893
1755405376786,0.299103,-0.007777,9.894321
1755405376788,0.272782,-0.034098,9.887143
1755405376790,0.289532,-0.017348,9.882358
1755405376792,0.27996,-0.012562,9.863214
1755405376795,0.291924,0.001795,9.870394
1755405376797,0.318245,-0.019741,9.844072
1755405376802,0.299103,-0.012562,9.899107
1755405376804,0.267996,-0.031705,9.868001
1755405376805,0.303888,0.001795,9.899107
1755405376807,0.301496,-0.012562,9.9015
1755405376809,0.306281,-0.019741,9.870394
1755405376811,0.320638,-0.019741,9.9015
1755405376814,0.282353,0.011366,9.903893
1755405376816,0.301496,-0.067597,9.846465
1755405376819,0.275175,-0.024526,9.889536
1755405376822,0.315853,-0.036491,9.82493
1755405376824,0.263211,-0.002991,9.889536
1755405376826,0.265603,-0.05324,9.937392
1755405376828,0.318245,-0.017348,9.769895
1755405376831,0.29671,-0.043669,9.987941
1755405376833,0.325424,0.025723,9.805787
1755405376836,0.294317,-0.034098,10.064511
1755405376838,0.311067,0.001795,9.690931
1755405376841,0.263211,-0.05324,9.906285
1755405376842,0.308674,-0.072383,9.870394
1755405376845,0.308674,0.011366,9.832108
1755405376847,0.253639,0.032901,10.031012
1755405376850,0.311067,0.054437,9.889536
1755405376853,0.253639,-0.034098,9.937392
1755405376855,0.282353,-0.10349,9.65504
1755405376857,0.294317,-0.089133,9.851251
1755405376859,0.263211,0.054437,10.026226
1755405376862,0.29671,0.128614,9.932607
1755405376864,0.267996,-0.010169,9.877572
1755405376867,0.294317,-0.120239,9.705289
1755405376870,0.291924,-0.10349,9.875179
1755405376872,0.270389,0.087936,10.014262
1755405376874,0.318245,0.085543,9.822537
1755405376876,0.260818,-0.08674,9.891929
1755405376879,0.265603,-0.153739,9.779466
1755405376881,0.27996,0.028116,9.983155
1755405376883,0.27996,0.109472,10.00469
1755405376886,0.294317,0.011366,9.719646
1755405376889,0.291924,-0.168096,9.803394
1755405376891,0.320638,-0.065204,9.932607
1755405376893,0.272782,0.128614,10.007083
1755405376895,0.260818,0.068794,9.9015
1755405376898,0.308674,-0.10349,9.731609
1755405376900,0.277567,-0.139382,9.891929
1755405376904,0.27996,0.054437,10.016655
1755405376906,0.29671,0.111864,9.896714
1755405376907,0.27996,-0.062812,9.832108
1755405376910,0.260818,-0.158524,9.726824
1755405376912,0.301496,-0.048455,9.964012
1755405376914,0.263211,0.140578,10.026226
1755405376917,0.284746,0.068794,9.789038
1755405376919,0.248854,-0.153739,9.812965
1755405376925,0.287139,-0.139382,9.786645
1755405376926,0.277567,0.037687,10.021441
1755405376927,0.256032,0.104686,10.019048
1755405376929,0.267996,-0.007777,9.736395
1755405376931,0.253639,-0.194417,9.801002
1755405376933,0.299103,-0.05324,9.877572
1755405376936,0.277567,0.087936,9.983155
1755405376939,0.277567,0.032901,9.891929
1755405376941,0.299103,-0.06999,9.79143
1755405376944,0.272782,-0.132203,9.879965
1755405376945,0.251246,-0.010169,9.927821
1755405376948,0.311067,0.049651,9.944571
1755405376952,0.308674,-0.012562,9.932607
1755405376953,0.294317,-0.048455,9.741181
1755405376960,0.263211,-0.06999,9.88475
1755405376961,0.267996,-0.010169,9.906285
1755405376963,0.253639,0.02333,9.964012
1755405376963,0.256032,0.037687,9.927821
1755405376965,0.287139,-0.089133,9.753145
1755405376967,0.282353,-0.081954,9.879965
1755405376970,0.299103,-0.022134,9.820144
1755405376981,0.289532,0.049651,9.934999
1755405376983,0.301496,0.011366,9.927821
1755405376984,0.270389,0.004187,9.839287
1755405376985,0.282353,-0.089133,9.858429
1755405376986,0.275175,-0.041276,9.79143
1755405376987,0.284746,-0.005384,9.949656
1755405376987,0.265603,0.032901,9.834501
1755405376989,0.244068,0.028116,9.966406
1755405376991,0.327817,-0.007777,9.856036
1755405376993,0.270389,-0.029312,9.879965
1755405376996,0.241675,0.016152,9.968799
1755405376998,0.294317,0.008973,9.734002
1755405377001,0.258425,-0.05324,9.920643
1755405377003,0.29671,-0.014955,9.846465
1755405377006,0.301496,-0.007777,9.860822
1755405377008,0.248854,-0.038883,9.947263
1755405377010,0.294317,-0.002991,9.779466
1755405377013,0.248854,-0.038883,10.009477
1755405377015,0.289532,0.030508,9.784252
1755405377017,0.267996,-0.026919,9.923036
1755405377020,0.306281,-0.026919,9.832108
1755405377023,0.267996,-0.022134,9.84168
1755405377025,0.270389,-0.007777,9.925428
1755405377027,0.306281,0.018544,9.815358
1755405377029,0.303888,-0.048455,9.985548
1755405377032,0.301496,-0.019741,9.832108
1755405377034,0.29671,-0.036491,9.91825
1755405377037,0.248854,-0.031705,9.803394
1755405377040,0.315853,-0.055633,9.908679
1755405377043,0.318245,-0.022134,9.88475
1755405377045,0.287139,-0.012562,9.88475
1755405377046,0.306281,-0.022134,9.915857
1755405377049,0.301496,-0.05324,9.870394
1755405377051,0.282353,-0.024526,9.815358
1755405377053,0.294317,-0.007777,9.942178
1755405377057,0.301496,-0.017348,9.798609
1755405377059,0.270389,0.001795,9.846465
1755405377061,0.354138,-0.010169,9.97837
1755405377063,0.200997,0.018544,9.796216
1755405377066,0.265603,-0.029312,9.872787
1755405377068,0.303888,-0.026919,9.930214
1755405377070,0.291924,-0.022134,9.858429
1755405377074,0.31346,-0.010169,9.961619
1755405377078,0.22014,0.02333,9.784252
1755405377080,0.339781,-0.043669,9.865608
1755405377081,0.289532,-0.022134,9.930214
1755405377083,0.256032,-0.012562,9.796216
1755405377085,0.294317,-0.026919,9.836894
1755405377087,0.294317,-0.034098,9.801002
1755405377090,0.260818,-0.019741,9.805787
1755405377093,0.227318,0.037687,9.973584
1755405377096,0.29671,-0.017348,9.925428
1755405377097,0.29671,-0.041276,9.817751
1755405377099,0.29671,0.004187,9.832108
1755405377101,0.272782,0.011366,9.927821
1755405377104,0.299103,-0.026919,9.887143
1755405377106,0.291924,-0.017348,9.868001
1755405377109,0.318245,-0.048455,9.968799
1755405377111,0.289532,-0.000598,9.9015
1755405377114,0.29671,0.011366,9.920643
1755405377116,0.282353,0.018544,9.889536
1755405377118,0.289532,-0.046062,9.882358
1755405377121,0.265603,-0.048455,9.877572
1755405377123,0.277567,-0.043669,9.863214
1755405377127,0.256032,-0.026919,9.856036
1755405377128,0.248854,0.008973,9.870394
1755405377130,0.272782,-0.005384,9.875179
1755405377132,0.265603,-0.029312,9.88475
1755405377135,0.308674,-0.022134,9.894321
1755405377137,0.258425,-0.019741,9.856036
1755405377140,0.275175,0.00658,9.875179
1755405377143,0.270389,-0.010169,9.853643
1755405377144,0.284746,-0.022134,9.88475
1755405377147,0.256032,0.008973,9.865608
1755405377149,0.287139,0.001795,9.891929
1755405377152,0.291924,-0.031705,9.860822
1755405377154,0.282353,-0.034098,9.868001
1755405377157,0.320638,-0.024526,9.882358
1755405377160,0.29671,0.00658,9.868001
1755405377161,0.275175,-0.007777,9.887143
1755405377164,0.291924,-0.017348,9.868001
1755405377167,0.325424,-0.005384,9.882358
1755405377168,0.303888,-0.017348,9.870394
1755405377171,0.291924,-0.002991,9.877572
1755405377173,0.294317,-0.036491,9.894321
1755405377176,0.287139,-0.031705,9.882358
1755405377178,0.282353,-0.005384,9.88475
1755405377180,0.270389,-0.029312,9.887143
1755405377183,0.272782,-0.041276,9.872787
1755405377185,0.258425,-0.022134,9.875179
1755405377188,0.291924,0.001795,9.88475
1755405377190,0.323031,-0.026919,9.899107
1755405377193,0.284746,-0.022134,9.872787
1755405377195,0.256032,-0.002991,9.877572
1755405377197,0.287139,-0.002991,9.882358
1755405377199,0.267996,-0.031705,9.896714
1755405377202,0.272782,-0.029312,9.858429
1755405377204,0.258425,-0.029312,9.899107
1755405377207,0.29671,0.018544,9.894321
1755405377210,0.294317,-0.005384,9.879965
1755405377212,0.287139,-0.012562,9.856036
1755405377214,0.277567,-0.012562,9.879965
1755405377216,0.318245,-0.007777,9.860822
1755405377219,0.303888,-0.019741,9.894321
1755405377221,0.287139,-0.019741,9.882358
1755405377224,0.287139,-0.005384,9.887143
1755405377227,0.27996,-0.019741,9.872787
1755405377229,0.289532,-0.014955,9.88475
1755405377231,0.267996,-0.026919,9.889536
1755405377233,0.275175,-0.019741,9.894321
1755405377235,0.303888,-0.005384,9.891929
1755405377238,0.327817,-0.031705,9.856036
1755405377240,0.308674,-0.010169,9.868001
1755405377244,0.306281,-0.060419,9.863214
1755405377246,0.275175,-0.029312,9.875179
1755405377248,0.258425,-0.029312,9.875179
1755405377250,0.270389,-0.010169,9.868001
1755405377252,0.246461,0.00658,9.896714
1755405377255,0.294317,-0.034098,9.860822
1755405377257,0.320638,-0.022134,9.856036
1755405377259,0.284746,-0.005384,9.856036
1755405377262,0.267996,-0.014955,9.863214
1755405377266,0.282353,-0.026919,9.891929
1755405377267,0.287139,-0.019741,9.908679
1755405377269,0.275175,-0.017348,9.899107
1755405377271,0.308674,-0.005384,9.868001
1755405377274,0.299103,-0.012562,9.872787
1755405377277,0.275175,-0.048455,9.879965
1755405377279,0.272782,-0.026919,9.863214
1755405377281,0.291924,-0.048455,9.88475
1755405377283,0.299103,-0.022134,9.872787
1755405377286,0.267996,-0.031705,9.863214
1755405377289,0.294317,-0.000598,9.860822
1755405377291,0.277567,-0.012562,9.894321
1755405377293,0.31346,-0.043669,9.875179
1755405377296,0.244068,-0.024526,9.894321
1755405377298,0.287139,-0.029312,9.88475
1755405377300,0.284746,-0.024526,9.894321
1755405377302,0.31346,-0.017348,9.882358
1755405377305,0.253639,-0.014955,9.877572
1755405377307,0.294317,-0.005384,9.88475
1755405377310,0.256032,-0.017348,9.879965
1755405377312,0.241675,-0.026919,9.872787
1755405377315,0.284746,-0.019741,9.913465
1755405377317,0.277567,-0.036491,9.858429
1755405377319,0.248854,-0.014955,9.88475
1755405377322,0.308674,-0.034098,9.870394
1755405377324,0.301496,-0.031705,9.882358
1755405377327,0.263211,-0.019741,9.9015
1755405377330,0.301496,-0.007777,9.875179
1755405377331,0.265603,-0.029312,9.879965
1755405377334,0.244068,-0.026919,9.868001
1755405377337,0.244068,-0.034098,9.896714
1755405377339,0.311067,-0.031705,9.856036
1755405377341,0.301496,-0.029312,9.865608
1755405377344,0.327817,-0.031705,9.882358
1755405377347,0.284746,-0.012562,9.863214
1755405377349,0.234497,-0.024526,9.875179
1755405377351,0.29671,-0.007777,9.906285
1755405377353,0.306281,-0.038883,9.865608
1755405377355,0.27996,-0.043669,9.868001
1755405377358,0.301496,-0.046062,9.858429
1755405377360,0.291924,-0.026919,9.879965
1755405377363,0.315853,0.008973,9.875179
1755405377365,0.308674,0.001795,9.863214
1755405377367,0.320638,-0.014955,9.863214
1755405377370,0.33021,-0.019741,9.891929
1755405377372,0.311067,-0.034098,9.865608
1755405377375,0.258425,-0.007777,9.865608
1755405377377,0.267996,-0.024526,9.875179
1755405377380,0.320638,-0.019741,9.891929
1755405377384,0.27996,-0.000598,9.891929
1755405377385,0.287139,-0.041276,9.863214
1755405377387,0.27996,-0.024526,9.875179
1755405377389,0.301496,-0.014955,9.875179
1755405377391,0.301496,-0.010169,9.882358
1755405377394,0.29671,-0.026919,9.887143
1755405377397,0.29671,-0.017348,9.88475
1755405377399,0.277567,-0.024526,9.865608
1755405377401,0.306281,-0.034098,9.858429
1755405377403,0.311067,-0.010169,9.877572
1755405377406,0.27996,-0.000598,9.872787
1755405377408,0.291924,-0.010169,9.882358
1755405377411,0.294317,-0.036491,9.891929
1755405377414,0.299103,-0.024526,9.882358
1755405377416,0.275175,-0.038883,9.891929
1755405377418,0.251246,0.004187,9.858429
1755405377420,0.260818,-0.014955,9.891929
1755405377422,0.291924,-0.024526,9.889536
1755405377425,0.282353,-0.022134,9.889536
1755405377428,0.306281,-0.026919,9.860822
1755405377431,0.282353,-0.010169,9.889536
1755405377433,0.272782,-0.007777,9.865608
1755405377435,0.282353,-0.010169,9.889536
1755405377437,0.258425,-0.026919,9.896714
1755405377439,0.289532,-0.002991,9.882358
1755405377442,0.27996,0.001795,9.870394
1755405377444,0.277567,-0.019741,9.896714
1755405377447,0.303888,-0.017348,9.894321
1755405377449,0.27996,-0.014955,9.877572
1755405377452,0.284746,-0.029312,9.88475
1755405377453,0.277567,-0.010169,9.877572
1755405377456,0.270389,-0.024526,9.877572
1755405377459,0.29671,-0.022134,9.860822
1755405377461,0.301496,-0.043669,9.899107
1755405377463,0.287139,-0.029312,9.899107
1755405377466,0.306281,-0.017348,9.875179
1755405377468,0.294317,-0.036491,9.879965
1755405377471,0.27996,-0.019741,9.877572
1755405377473,0.272782,-0.029312,9.91825
1755405377475,0.253639,0.004187,9.877572
1755405377478,0.289532,-0.031705,9.903893
1755405377480,0.284746,-0.014955,9.872787
1755405377485,0.282353,-0.017348,9.889536
1755405377487,0.318245,-0.022134,9.891929
1755405377488,0.27996,-0.017348,9.879965
1755405377490,0.282353,0.020937,9.872787
1755405377493,0.265603,-0.000598,9.887143
1755405377494,0.311067,-0.036491,9.875179
1755405377497,0.291924,-0.024526,9.863214
1755405377500,0.287139,-0.005384,9.877572
1755405377502,0.315853,-0.026919,9.908679
1755405377504,0.282353,-0.022134,9.887143
1755405377506,0.344566,-0.002991,9.877572
1755405377509,0.287139,-0.007777,9.887143
1755405377511,0.299103,-0.024526,9.889536
1755405377514,0.267996,-0.019741,9.875179
1755405377520,0.29671,-0.007777,9.870394
1755405377522,0.287139,-0.036491,9.896714
1755405377523,0.301496,-0.007777,9.887143
1755405377523,0.260818,-0.014955,9.872787
1755405377526,0.248854,-0.012562,9.875179
1755405377528,0.270389,-0.012562,9.88475
1755405377530,0.301496,-0.038883,9.889536
1755405377533,0.291924,-0.019741,9.865608
1755405377535,0.289532,-0.026919,9.906285
1755405377538,0.306281,-0.034098,9.894321
1755405377540,0.299103,-0.048455,9.911072
1755405377543,0.272782,-0.041276,9.88475
1755405377545,0.301496,-0.024526,9.906285
1755405377547,0.282353,-0.010169,9.891929
1755405377550,0.311067,-0.026919,9.875179
1755405377553,0.277567,-0.022134,9.882358
1755405377555,0.31346,0.004187,9.877572
1755405377557,0.265603,-0.005384,9.887143
1755405377559,0.27996,-0.010169,9.858429
1755405377561,0.29671,-0.014955,9.865608
1755405377564,0.294317,-0.007777,9.868001
1755405377568,0.289532,-0.012562,9.875179
1755405377569,0.308674,0.00658,9.882358
1755405377571,0.284746,-0.022134,9.894321
1755405377574,0.258425,-0.014955,9.889536
1755405377576,0.289532,-0.014955,9.891929
1755405377578,0.256032,-0.017348,9.872787
1755405377581,0.301496,-0.012562,9.865608
1755405377585,0.263211,-0.014955,9.887143
1755405377588,0.287139,-0.017348,9.894321
1755405377589,0.287139,0.004187,9.896714
1755405377590,0.291924,-0.026919,9.79143
1755405377593,0.265603,0.008973,9.834501
1755405377595,0.212961,0.001795,9.872787
1755405377597,0.27996,-0.026919,9.846465
1755405377602,0.244068,-0.024526,9.80818
1755405377603,0.244068,0.011366,9.877572
1755405377605,0.303888,-0.005384,10.031012
1755405377607,0.289532,-0.034098,9.84168
1755405377609,0.442672,-0.055633,10.165009
1755405377612,0.263211,-0.007777,9.822537
1755405377615,0.332602,-0.046062,9.851251
1755405377619,0.356531,-0.019741,9.937392
1755405377620,0.253639,-0.010169,9.772287
1755405377621,0.308674,-0.014955,9.913465
1755405377624,0.22014,0.02333,9.834501
1755405377626,0.294317,-0.014955,9.858429
1755405377628,0.212961,0.016152,9.700503
1755405377631,0.246461,0.037687,9.858429
1755405377633,0.380459,-0.060419,10.057333
1755405377636,0.318245,-0.031705,9.925428
1755405377638,0.363709,-0.050847,9.949656
1755405377640,0.265603,0.008973,9.846465
1755405377643,0.287139,-0.046062,9.832108
1755405377645,0.20339,0.001795,9.772287
1755405377648,0.275175,-0.024526,9.832108
1755405377650,0.289532,0.001795,9.889536
1755405377653,0.318245,-0.06999,9.961619
1755405377655,0.31346,-0.038883,9.856036
1755405377658,0.275175,-0.002991,9.865608
1755405377660,0.282353,-0.024526,9.906285
1755405377662,0.275175,-0.010169,9.870394
1755405377664,0.263211,-0.022134,9.88475
1755405377667,0.267996,-0.024526,9.836894
1755405377669,0.277567,-0.072383,9.793823
1755405377672,0.251246,-0.005384,10.124331
1755405377674,0.320638,0.109472,9.80818
1755405377677,0.22014,-0.129811,9.726824
1755405377679,0.265603,-0.127418,10.074082
1755405377681,0.401994,0.15015,9.817751
1755405377684,0.217747,-0.046062,9.757931
1755405377687,0.275175,-0.151346,10.088439
1755405377690,0.378066,0.085543,9.822537
1755405377691,0.186341,-0.055633,9.698111
1755405377693,0.267996,-0.139382,10.019048
1755405377696,0.382852,0.078365,9.839287
1755405377698,0.188734,-0.026919,9.719646
1755405377700,0.253639,-0.141775,10.074082
1755405377703,0.413958,0.083151,9.896714
1755405377705,0.212961,-0.036491,9.74836
1755405377708,0.19352,-0.110668,10.042975
1755405377710,0.430708,0.095115,9.848858
1755405377712,0.20339,-0.041276,9.743574
1755405377715,0.212961,-0.110668,10.078868
1755405377717,0.454636,0.054437,9.834501
1755405377720,0.236889,-0.055633,9.784252
1755405377722,0.260818,-0.10349,10.033404
1755405377724,0.42353,0.087936,9.724431
1755405377727,0.14327,-0.058026,9.934999
1755405377729,0.342174,-0.050847,9.937392
1755405377732,0.387637,-0.029312,9.729217
1755405377734,0.140877,-0.046062,10.035797
1755405377737,0.385244,0.030508,9.717253
1755405377739,0.239282,-0.062812,10.007083
1755405377741,0.299103,0.025723,9.827323
1755405377744,0.351745,-0.074776,9.784252
1755405377746,0.208176,-0.060419,10.059726
1755405377748,0.387637,0.013759,9.678967
1755405377751,0.148056,-0.117847,10.129117
1755405377754,0.387637,0.049651,9.817751
1755405377756,0.229711,-0.079561,9.846465
1755405377758,0.217747,-0.005384,9.990334
1755405377760,0.421137,0.011366,9.671789
1755405377763,0.148056,-0.077169,10.107582
1755405377765,0.387637,0.064008,9.68136
1755405377767,0.272782,-0.089133,10.009477
1755405377770,0.272782,0.02333,9.877572
1755405377773,0.327817,-0.029312,9.798609
1755405377775,0.229711,-0.046062,10.042975
1755405377778,0.416351,0.059222,9.628718
1755405377779,0.169591,-0.089133,10.13151
1755405377782,0.378066,0.071186,9.757931
1755405377784,0.241675,-0.062812,9.91825
1755405377787,0.229711,0.008973,9.964012
1755405377790,0.39003,0.011366,9.671789
1755405377792,0.171984,-0.048455,10.119546
1755405377794,0.40678,0.064008,9.659825
1755405377796,0.239282,-0.120239,10.011869
1755405377799,0.301496,0.00658,9.896714
1755405377801,0.380459,-0.048455,9.700503
1755405377803,0.167198,-0.077169,10.121939
1755405377806,0.392423,0.080758,9.698111
1755405377809,0.200997,-0.108275,9.875179
1755405377811,0.308674,-0.029312,9.959227
1755405377813,0.356531,-0.022134,9.726824
1755405377815,0.171984,-0.058026,10.05494
1755405377818,0.387637,0.025723,9.700503
1755405377820,0.224925,-0.048455,9.91825
1755405377823,0.289532,0.013759,9.954441
1755405377825,0.349352,0.030508,9.789038
1755405377827,0.200997,-0.058026,10.014262
1755405377830,0.344566,0.00658,9.722038
1755405377832,0.205783,-0.06999,9.868001
1755405377835,0.282353,0.001795,9.954441
1755405377837,0.320638,-0.022134,9.805787
1755405377840,0.200997,-0.067597,10.026226
1755405377843,0.361316,0.020937,9.796216
1755405377844,0.181555,-0.038883,9.832108
1755405377846,0.29671,0.020937,10.002297
1755405377849,0.33021,-0.055633,9.832108
1755405377851,0.212961,-0.034098,9.975977
1755405377854,0.385244,0.00658,9.822537
1755405377856,0.222533,-0.05324,9.822537
1755405377859,0.334995,0.013759,9.980762
1755405377861,0.31346,-0.041276,9.812965
1755405377863,0.272782,-0.026919,10.011869
1755405377866,0.363709,0.032901,9.777073
1755405377868,0.208176,-0.034098,9.822537
1755405377870,0.342174,0.00658,9.990334
1755405377873,0.308674,-0.055633,9.777073
1755405377875,0.234497,-0.031705,10.160224
1755405377878,0.344566,0.013759,9.707682
1755405377880,0.265603,-0.062812,9.990334
1755405377883,0.270389,0.011366,9.865608
1755405377885,0.315853,-0.017348,9.915857
1755405377887,0.227318,-0.029312,10.016655
1755405377890,0.354138,-0.002991,9.786645
1755405377893,0.241675,-0.043669,9.88475
1755405377895,0.253639,-0.022134,9.875179
1755405377897,0.346959,-0.007777,9.789038
1755405377900,0.229711,-0.081954,9.810573
1755405377902,0.339781,-0.005384,9.930214
1755405377904,0.284746,0.001795,9.846465
1755405377907,0.275175,-0.034098,10.100404
1755405377910,0.306281,0.004187,9.781859
1755405377912,0.256032,-0.046062,9.947263
1755405377914,0.260818,-0.034098,9.820144
1755405377916,0.320638,0.020937,9.801002
1755405377918,0.217747,-0.079561,9.865608
1755405377921,0.289532,-0.012562,9.947263
1755405377924,0.299103,-0.002991,9.863214
1755405377926,0.215354,-0.05324,9.860822
1755405377928,0.332602,-0.010169,9.88475
1755405377930,0.253639,-0.036491,9.726824
1755405377933,0.277567,-0.046062,10.155438
1755405377935,0.344566,0.008973,9.710074
1755405377938,0.212961,-0.091525,10.057333
1755405377941,0.272782,0.018544,9.757931
1755405377943,0.31346,0.001795,9.875179
1755405377945,0.227318,-0.05324,9.769895
1755405377947,0.29671,0.020937,9.992726
1755405377950,0.272782,-0.012562,9.767502
1755405377952,0.212961,-0.034098,10.13151
1755405377954,0.342174,0.035294,9.717253
1755405377958,0.248854,-0.06999,9.913465
1755405377960,0.275175,-0.012562,9.829716
1755405377962,0.346959,0.00658,9.829716
1755405377964,0.169591,-0.050847,9.961619
1755405377966,0.291924,0.04008,9.858429
1755405377969,0.29671,-0.06999,9.80818
1755405377971,0.20339,-0.062812,10.031012
1755405377974,0.385244,0.035294,9.71486
1755405377977,0.181555,-0.048455,9.906285
1755405377979,0.325424,0.001795,9.911072
1755405377981,0.342174,-0.010169,9.786645
1755405377983,0.183948,-0.026919,10.031012
1755405377985,0.342174,0.044865,9.726824
1755405377988,0.253639,-0.058026,9.947263
1755405377990,0.27996,-0.024526,9.879965
1755405377993,0.325424,-0.002991,9.858429
1755405377995,0.246461,-0.012562,9.925428
1755405377997,0.327817,0.00658,9.832108
1755405378000,0.241675,-0.029312,9.954441
1755405378002,0.284746,-0.002991,9.80818
1755405378005,0.277567,-0.010169,9.939785
1755405378007,0.325424,-0.007777,9.84168
1755405378010,0.29671,-0.029312,9.896714
1755405378012,0.260818,-0.005384,9.872787
1755405378014,0.291924,-0.019741,9.789038
1755405378017,0.27996,-0.026919,9.975977
1755405378019,0.31346,-0.029312,9.887143
1755405378022,0.275175,0.00658,9.858429
1755405378024,0.33021,-0.017348,10.007083
1755405378027,0.260818,0.008973,9.906285
1755405378029,0.344566,-0.012562,10.069297
1755405378031,0.208176,0.013759,9.678967
1755405378033,0.382852,-0.036491,10.002297
1755405378036,0.27996,-0.046062,9.889536
1755405378038,0.282353,-0.012562,9.815358
1755405378040,0.244068,-0.029312,9.889536
1755405378043,0.287139,-0.014955,9.803394
1755405378045,0.232104,0.00658,9.760324
1755405378048,0.308674,-0.031705,9.863214
1755405378050,0.342174,-0.060419,9.872787
1755405378053,0.311067,-0.034098,9.9015
1755405378055,0.346959,-0.026919,9.964012
1755405378057,0.299103,0.004187,9.903893
1755405378060,0.311067,-0.031705,10.03819
1755405378063,0.308674,0.030508,9.961619
1755405378065,0.358923,-0.055633,9.942178
1755405378067,0.277567,0.02333,9.908679
1755405378069,0.323031,-0.026919,10.062119
1755405378072,0.349352,-0.024526,9.913465
1755405378074,0.29671,-0.060419,9.858429
1755405378077,0.234497,-0.002991,9.815358
1755405378079,0.256032,0.00658,9.891929
1755405378081,0.270389,-0.036491,9.875179
1755405378084,0.263211,-0.041276,9.872787
1755405378086,0.267996,-0.022134,9.896714
1755405378088,0.284746,-0.026919,9.877572
1755405378091,0.270389,-0.014955,9.875179
1755405378094,0.306281,0.011366,9.865608
1755405378097,0.277567,-0.007777,9.894321
1755405378098,0.31346,-0.005384,9.887143
1755405378101,0.31346,-0.017348,9.891929
1755405378103,0.306281,-0.029312,9.894321
1755405378105,0.270389,-0.031705,9.870394
1755405378108,0.272782,-0.005384,9.872787
1755405378111,0.291924,-0.036491,9.870394
1755405378113,0.308674,-0.017348,9.894321
1755405378115,0.294317,-0.007777,9.927821
1755405378117,0.272782,-0.019741,9.882358
1755405378120,0.251246,-0.026919,9.875179
1755405378122,0.301496,0.00658,9.9015
1755405378124,0.299103,-0.029312,9.91825
1755405378128,0.282353,-0.024526,9.877572
1755405378131,0.299103,-0.019741,9.870394
1755405378133,0.27996,-0.029312,9.891929
1755405378134,0.299103,-0.014955,9.870394
1755405378136,0.327817,-0.038883,9.894321
1755405378139,0.287139,-0.017348,9.891929
1755405378141,0.284746,-0.031705,9.88475
1755405378145,0.308674,-0.034098,9.903893
1755405378147,0.277567,-0.031705,9.856036
1755405378148,0.291924,-0.046062,9.872787
1755405378151,0.277567,-0.012562,9.882358
1755405378153,0.311067,-0.010169,9.848858
1755405378156,0.291924,-0.010169,9.88475
1755405378158,0.320638,-0.012562,9.882358
1755405378160,0.282353,-0.038883,9.872787
1755405378164,0.301496,-0.017348,9.851251
1755405378165,0.31346,-0.031705,9.894321
1755405378168,0.277567,-0.026919,9.839287
1755405378170,0.282353,-0.024526,9.889536
1755405378172,0.301496,-0.022134,9.812965
1755405378175,0.248854,-0.034098,9.964012
1755405378177,0.334995,0.020937,9.82493
1755405378180,0.272782,-0.050847,9.985548
1755405378182,0.318245,0.044865,9.848858
1755405378185,0.31346,-0.050847,9.836894
1755405378187,0.224925,-0.012562,9.944571
1755405378189,0.387637,-0.002991,9.726824
1755405378191,0.195912,-0.024526,10.03819
1755405378194,0.378066,-0.007777,9.676575
1755405378196,0.191127,-0.031705,10.086046
1755405378199,0.37328,0.016152,9.647861
1755405378201,0.222533,-0.081954,10.090832
1755405378203,0.349352,0.013759,9.68136
1755405378206,0.205783,-0.060419,10.100404
1755405378208,0.337388,0.025723,9.712467
1755405378211,0.236889,-0.029312,10.062119
1755405378213,0.33021,0.020937,9.686146
1755405378216,0.215354,-0.05324,10.059726
1755405378218,0.342174,0.030508,9.68136
1755405378220,0.244068,-0.055633,10.088439
1755405378223,0.325424,0.032901,9.671789
1755405378225,0.208176,-0.038883,10.105189
1755405378227,0.320638,0.018544,9.698111
1755405378230,0.229711,-0.036491,10.088439
1755405378234,0.349352,-0.002991,9.702896
1755405378235,0.227318,-0.022134,10.023833
1755405378237,0.31346,-0.043669,9.757931
1755405378239,0.265603,-0.046062,9.985548
1755405378242,0.327817,-0.024526,9.834501
1755405378244,0.244068,-0.024526,9.934999
1755405378247,0.31346,-0.029312,9.913465
1755405378249,0.287139,-0.014955,9.899107
1755405378252,0.306281,-0.055633,9.947263
1755405378254,0.308674,0.004187,9.820144
1755405378256,0.311067,-0.055633,9.961619
1755405378259,0.253639,0.001795,9.786645
1755405378261,0.31346,-0.074776,9.913465
1755405378265,0.232104,0.011366,9.779466
1755405378266,0.222533,0.04008,9.829716
1755405378268,0.210568,0.004187,9.765109
1755405378270,0.294317,-0.024526,9.834501
1755405378273,0.425922,-0.079561,10.109975
1755405378275,0.354138,-0.060419,10.129117
1755405378278,0.291924,0.013759,10.098011
1755405378281,0.287139,-0.031705,9.88475
1755405378283,0.306281,0.016152,9.772287
1755405378285,0.291924,-0.041276,9.798609
1755405378287,0.306281,-0.031705,9.920643
1755405378290,0.277567,-0.022134,9.952048
1755405378292,0.260818,-0.034098,9.77468
1755405378294,0.224925,0.016152,9.829716
1755405378298,0.370888,-0.024526,9.999905
1755405378300,0.339781,0.001795,9.997512
1755405378302,0.327817,-0.005384,9.952048
1755405378304,0.217747,0.001795,9.798609
1755405378307,0.282353,-0.007777,9.865608
1755405378309,0.31346,-0.048455,9.882358
1755405378311,0.308674,-0.043669,9.930214
1755405378315,0.342174,-0.029312,10.009477
1755405378317,0.29671,-0.017348,10.00469
1755405378318,0.244068,-0.022134,9.82493
1755405378322,0.346959,-0.06999,9.959227
1755405378323,0.222533,-0.012562,9.832108
1755405378326,0.270389,0.004187,9.84168
1755405378328,0.325424,-0.026919,9.932607
1755405378332,0.308674,-0.05324,9.903893
1755405378335,0.287139,-0.019741,9.966406
1755405378336,0.208176,0.044865,9.762716
1755405378338,0.294317,-0.062812,9.889536
1755405378340,0.270389,0.004187,9.829716
1755405378343,0.263211,-0.034098,9.846465
1755405378345,0.246461,-0.017348,9.88475
1755405378349,0.291924,-0.007777,9.870394
1755405378350,0.289532,-0.026919,9.903893
1755405378353,0.272782,-0.014955,9.853643
1755405378354,0.306281,-0.026919,9.889536
1755405378357,0.301496,-0.000598,9.903893
1755405378359,0.267996,-0.005384,9.870394
1755405378362,0.265603,-0.026919,9.944571
1755405378364,0.31346,-0.019741,9.717253
1755405378367,0.239282,-0.026919,10.069297
1755405378370,0.334995,-0.005384,9.671789
1755405378371,0.210568,0.004187,10.100404
1755405378373,0.375673,-0.000598,9.82493
1755405378376,0.265603,-0.026919,9.906285
1755405378378,0.291924,-0.031705,9.757931
1755405378381,0.284746,-0.000598,9.949656
1755405378383,0.323031,-0.046062,9.937392
1755405378386,0.275175,0.011366,9.79143
1755405378388,0.282353,-0.048455,9.954441
1755405378391,0.311067,-0.000598,9.889536
1755405378393,0.267996,-0.041276,9.846465
1755405378395,0.299103,0.008973,9.688539
1755405378398,0.270389,-0.050847,10.157831
1755405378401,0.33021,-0.014955,9.959227
1755405378403,0.248854,-0.024526,9.810573
1755405378405,0.265603,-0.017348,9.812965
1755405378407,0.277567,0.016152,9.887143
1755405378410,0.27996,-0.062812,9.954441
1755405378412,0.277567,-0.022134,9.944571
1755405378415,0.27996,-0.005384,9.844072
1755405378417,0.306281,0.004187,9.688539
1755405378420,0.272782,-0.062812,10.11476
1755405378422,0.299103,-0.034098,9.695718
1755405378424,0.246461,-0.041276,10.014262
1755405378426,0.275175,-0.029312,9.839287
1755405378429,0.294317,0.020937,9.934999
1755405378431,0.282353,0.018544,9.868001
1755405378435,0.299103,0.025723,9.657433
1755405378436,0.267996,-0.041276,10.083653
1755405378439,0.325424,-0.012562,9.678967
1755405378441,0.265603,-0.024526,9.980762
1755405378443,0.318245,-0.026919,9.872787
1755405378445,0.291924,-0.024526,9.990334
1755405378448,0.258425,-0.024526,9.844072
1755405378451,0.303888,0.028116,9.710074
1755405378453,0.275175,-0.014955,10.109975
1755405378455,0.275175,-0.062812,9.698111
1755405378458,0.260818,-0.041276,9.942178
1755405378460,0.277567,-0.046062,9.896714
1755405378462,0.323031,-0.029312,9.908679
1755405378465,0.284746,-0.005384,9.891929
1755405378468,0.299103,0.025723,9.65504
1755405378471,0.277567,-0.034098,10.150653
1755405378472,0.27996,-0.007777,9.731609
1755405378474,0.267996,-0.05324,9.932607
1755405378477,0.287139,-0.048455,9.879965
1755405378479,0.320638,-0.029312,9.947263
1755405378482,0.299103,-0.000598,9.882358
1755405378485,0.308674,0.035294,9.712467
1755405378487,0.241675,-0.019741,10.129117
1755405378489,0.291924,-0.017348,9.698111
1755405378491,0.275175,-0.038883,9.915857
1755405378494,0.318245,-0.024526,9.872787
1755405378496,0.294317,-0.038883,9.925428
1755405378498,0.272782,-0.010169,9.915857
1755405378502,0.29671,0.047258,9.810573
1755405378504,0.246461,-0.046062,10.07169
1755405378506,0.272782,-0.024526,9.693324
1755405378508,0.246461,-0.065204,9.939785
1755405378511,0.272782,-0.048455,9.844072
1755405378513,0.27996,-0.017348,9.870394
1755405378515,0.284746,-0.000598,9.949656
1755405378517,0.306281,0.028116,9.839287
1755405378520,0.260818,-0.048455,9.956834
1755405378522,0.291924,-0.050847,9.707682
1755405378525,0.282353,-0.046062,9.947263
1755405378527,0.301496,0.011366,9.865608
1755405378529,0.308674,-0.007777,9.894321
1755405378532,0.248854,-0.022134,9.82493
1755405378535,0.275175,-0.014955,9.836894
1755405378538,0.303888,-0.014955,9.865608
1755405378539,0.306281,-0.041276,9.860822
1755405378542,0.277567,-0.007777,9.927821
1755405378544,0.258425,0.016152,9.879965
1755405378546,0.291924,-0.014955,9.9015
1755405378549,0.272782,-0.031705,9.848858
1755405378551,0.265603,-0.014955,9.877572
1755405378554,0.256032,-0.024526,9.899107
1755405378556,0.277567,-0.043669,9.879965
1755405378558,0.270389,-0.043669,9.877572
1755405378560,0.275175,0.004187,9.882358
1755405378563,0.294317,-0.048455,9.870394
1755405378565,0.291924,-0.017348,9.879965
1755405378568,0.275175,-0.026919,9.894321
1755405378571,0.287139,-0.034098,9.9015
1755405378573,0.303888,-0.010169,9.860822
1755405378576,0.270389,-0.012562,9.903893
1755405378578,0.308674,-0.007777,9.896714
1755405378580,0.275175,-0.007777,9.868001
1755405378583,0.294317,-0.024526,9.911072
1755405378584,0.253639,-0.041276,9.832108
1755405378587,0.272782,-0.022134,9.91825
1755405378589,0.284746,-0.000598,9.908679
1755405378592,0.265603,-0.031705,9.839287
1755405378594,0.263211,-0.065204,9.872787
1755405378596,0.327817,-0.036491,9.851251
1755405378599,0.294317,-0.010169,9.865608
1755405378602,0.284746,-0.007777,9.942178
1755405378604,0.256032,0.013759,9.927821
1755405378607,0.294317,0.004187,9.80818
1755405378609,0.234497,-0.098704,9.920643
1755405378611,0.311067,-0.055633,9.767502
1755405378613,0.282353,0.011366,9.903893
1755405378616,0.282353,0.013759,9.891929
1755405378618,0.301496,-0.036491,9.971191
1755405378621,0.294317,-0.046062,9.678967
1755405378623,0.270389,-0.017348,9.930214
1755405378625,0.308674,0.013759,9.911072
1755405378628,0.294317,0.004187,9.899107
1755405378630,0.29671,-0.043669,9.839287
1755405378633,0.267996,-0.017348,9.891929
1755405378635,0.299103,0.00658,9.868001
1755405378638,0.236889,-0.026919,9.983155
1755405378640,0.265603,-0.012562,9.798609
1755405378642,0.272782,-0.117847,9.79143
1755405378645,0.272782,-0.055633,9.949656
1755405378647,0.354138,0.049651,9.920643
1755405378650,0.253639,0.016152,9.913465
1755405378652,0.318245,-0.031705,9.755538
1755405378655,0.277567,-0.060419,9.985548
1755405378657,0.303888,-0.014955,9.832108
1755405378659,0.267996,0.02333,9.927821
1755405378662,0.303888,-0.010169,9.894321
1755405378664,0.236889,-0.034098,9.870394
1755405378667,0.29671,-0.065204,9.803394
1755405378669,0.256032,-0.036491,9.877572
1755405378672,0.291924,-0.031705,9.863214
1755405378674,0.275175,-0.024526,9.822537
1755405378676,0.282353,-0.034098,9.954441
1755405378678,0.289532,0.016152,9.822537
1755405378680,0.272782,-0.050847,9.949656
1755405378683,0.267996,0.011366,9.760324
1755405378685,0.29671,-0.024526,10.009477
1755405378687,0.289532,-0.014955,9.789038
1755405378692,0.236889,-0.026919,10.03819
1755405378693,0.337388,-0.010169,9.712467
1755405378695,0.229711,-0.048455,10.042975
1755405378697,0.351745,-0.038883,9.726824
1755405378699,0.224925,-0.034098,10.021441
1755405378702,0.339781,-0.029312,9.760324
1755405378704,0.244068,-0.038883,9.983155
1755405378707,0.308674,-0.050847,9.772287
1755405378710,0.20339,-0.036491,9.937392
1755405378712,0.306281,-0.019741,9.803394
1755405378715,0.31346,-0.024526,9.927821
1755405378716,0.31346,-0.017348,9.872787
1755405378719,0.284746,-0.007777,9.889536
1755405378721,0.303888,-0.046062,9.894321
1755405378724,0.29671,-0.046062,9.801002
1755405378726,0.282353,-0.055633,9.971191
1755405378728,0.289532,0.04008,9.767502
1755405378730,0.251246,-0.010169,10.023833
1755405378733,0.323031,0.018544,9.731609
1755405378735,0.241675,-0.029312,10.057333
1755405378738,0.31346,-0.024526,9.803394
1755405378740,0.210568,-0.012562,9.999905
1755405378743,0.306281,-0.024526,9.79143
1755405378745,0.244068,-0.017348,9.899107
1755405378747,0.272782,-0.050847,9.858429
1755405378750,0.241675,0.001795,9.879965
1755405378752,0.267996,-0.002991,9.942178
1755405378755,0.303888,-0.017348,9.777073
1755405378758,0.284746,-0.036491,9.930214
1755405378760,0.358923,-0.005384,9.757931
1755405378762,0.258425,-0.010169,10.00469
1755405378764,0.308674,-0.014955,9.779466
1755405378767,0.227318,-0.038883,10.052547
1755405378769,0.332602,-0.026919,9.762716
1755405378771,0.256032,-0.024526,10.007083
1755405378774,0.311067,-0.002991,9.750752
1755405378776,0.232104,-0.055633,9.870394
1755405378779,0.320638,-0.079561,9.839287
1755405378781,0.308674,-0.014955,9.877572
1755405378783,0.303888,-0.005384,9.915857
1755405378786,0.291924,-0.005384,9.851251
1755405378788,0.29671,-0.060419,9.923036
1755405378791,0.275175,-0.010169,9.767502
1755405378794,0.277567,-0.019741,9.987941
1755405378796,0.315853,0.008973,9.784252
1755405378798,0.270389,-0.014955,10.047761
1755405378800,0.299103,0.020937,9.738789
1755405378802,0.256032,-0.050847,10.047761
1755405378805,0.308674,-0.024526,9.717253
1755405378808,0.236889,-0.041276,10.014262
1755405378810,0.337388,0.011366,9.762716
1755405378813,0.215354,-0.022134,9.997512
1755405378814,0.318245,-0.046062,9.765109
1755405378817,0.227318,0.001795,9.949656
1755405378819,0.29671,-0.031705,9.79143
1755405378822,0.260818,-0.000598,9.930214
1755405378825,0.282353,-0.022134,9.88475
1755405378827,0.272782,-0.012562,9.875179
1755405378829,0.29671,-0.050847,9.927821
1755405378831,0.294317,-0.007777,9.829716
1755405378834,0.306281,-0.026919,9.983155
1755405378836,0.291924,0.032901,9.777073
1755405378839,0.258425,0.001795,10.026226
1755405378842,0.291924,0.018544,9.757931
1755405378844,0.263211,-0.050847,10.031012
1755405378846,0.31346,0.011366,9.74836
1755405378848,0.275175,-0.055633,10.040583
1755405378850,0.342174,0.004187,9.722038
1755405378853,0.222533,-0.017348,10.021441
1755405378855,0.318245,-0.022134,9.738789
1755405378859,0.251246,-0.022134,9.956834
1755405378860,0.315853,-0.050847,9.777073
1755405378863,0.241675,-0.038883,9.927821
1755405378865,0.339781,-0.05324,9.815358
1755405378867,0.236889,-0.000598,9.915857
1755405378869,0.291924,-0.055633,9.858429
1755405378872,0.27996,-0.010169,9.875179
1755405378875,0.315853,-0.031705,9.9015
1755405378881,0.299103,0.00658,9.894321
1755405378882,0.291924,-0.058026,9.903893
1755405378883,0.277567,-0.026919,9.829716
1755405378884,0.277567,-0.031705,9.9015
1755405378886,0.284746,-0.014955,9.82493
1755405378889,0.263211,-0.038883,9.944571
1755405378891,0.282353,-0.024526,9.79143
1755405378894,0.253639,-0.034098,10.021441
1755405378897,0.301496,-0.029312,9.753145
1755405378898,0.263211,-0.022134,10.009477
1755405378901,0.308674,-0.041276,9.738789
1755405378903,0.229711,-0.041276,10.042975
1755405378906,0.27996,-0.022134,9.760324
1755405378908,0.224925,-0.019741,9.97837
1755405378911,0.332602,-0.014955,9.805787
1755405378913,0.258425,-0.024526,9.954441
1755405378915,0.342174,-0.022134,9.858429
1755405378918,0.275175,0.013759,9.903893
1755405378920,0.303888,-0.041276,9.829716
1755405378923,0.236889,-0.002991,9.877572
1755405378925,0.308674,-0.041276,9.865608
1755405378928,0.289532,0.018544,9.870394
1755405378930,0.277567,-0.022134,9.879965
1755405378932,0.256032,-0.019741,9.844072
1755405378935,0.287139,-0.048455,9.903893
1755405378937,0.291924,0.008973,9.805787
1755405378939,0.256032,-0.043669,9.942178
1755405378942,0.323031,-0.031705,9.803394
1755405378944,0.241675,-0.031705,9.987941
1755405378946,0.320638,-0.000598,9.757931
1755405378949,0.272782,-0.038883,10.016655
1755405378951,0.33021,-0.002991,9.765109
1755405378954,0.248854,-0.043669,10.023833
1755405378956,0.334995,-0.002991,9.77468
1755405378959,0.222533,-0.029312,10.019048
1755405378961,0.339781,0.001795,9.781859
1755405378963,0.236889,-0.019741,9.983155
1755405378965,0.334995,-0.014955,9.781859
1755405378968,0.236889,-0.002991,9.937392
1755405378970,0.346959,-0.029312,9.817751
1755405378973,0.263211,-0.007777,9.9015
1755405378975,0.325424,-0.038883,9.829716
1755405378978,0.284746,-0.029312,9.882358
1755405378980,0.311067,-0.019741,9.858429
1755405378982,0.263211,-0.041276,9.834501
1755405378985,0.270389,-0.050847,9.875179
1755405378987,0.267996,-0.022134,9.863214
1755405378989,0.270389,-0.017348,9.896714
1755405378992,0.263211,0.001795,9.789038
1755405378995,0.270389,-0.024526,9.954441
1755405378997,0.27996,0.013759,9.822537
1755405378999,0.265603,-0.034098,9.992726
1755405379002,0.33021,0.008973,9.762716
1755405379004,0.27996,-0.029312,10.05494
1755405379006,0.342174,0.030508,9.769895
1755405379009,0.246461,-0.019741,10.035797
1755405379012,0.332602,-0.002991,9.74836
1755405379014,0.22014,-0.026919,10.042975
1755405379017,0.325424,-0.022134,9.719646
1755405379019,0.212961,-0.002991,10.016655
1755405379021,0.323031,-0.007777,9.767502
1755405379023,0.260818,-0.017348,9.966406
1755405379026,0.31346,-0.005384,9.779466
1755405379028,0.256032,-0.029312,9.927821
1755405379031,0.315853,-0.014955,9.822537
1755405379033,0.256032,-0.031705,9.906285
1755405379035,0.33021,-0.034098,9.84168
1755405379037,0.289532,-0.031705,9.875179
1755405379040,0.303888,-0.062812,9.882358
1755405379042,0.308674,-0.029312,9.834501
1755405379046,0.29671,-0.034098,9.91825
1755405379047,0.315853,0.030508,9.753145
1755405379049,0.277567,-0.014955,9.959227
1755405379052,0.33021,0.018544,9.805787
1755405379054,0.260818,-0.05324,10.040583
1755405379056,0.306281,0.011366,9.762716
1755405379059,0.234497,-0.029312,10.042975
1755405379061,0.29671,-0.029312,9.757931
1755405379064,0.260818,-0.041276,9.975977
1755405379066,0.299103,-0.046062,9.772287
1755405379069,0.251246,-0.041276,9.937392
1755405379071,0.174377,0.037687,9.719646
1755405379074,0.291924,-0.014955,9.947263
1755405379076,0.284746,-0.041276,9.971191
1755405379079,0.303888,-0.036491,9.865608
1755405379081,0.327817,-0.101097,9.856036
1755405379083,0.236889,0.001795,9.731609
1755405379085,0.19352,0.001795,9.911072
1755405379088,0.29671,0.004187,9.863214
1755405379090,0.227318,-0.010169,9.844072
1755405379093,0.289532,-0.084347,9.602397
1755405379095,0.291924,-0.005384,9.9015
1755405379098,0.236889,0.030508,10.031012
1755405379100,0.20339,0.047258,9.848858
1755405379102,0.33021,-0.026919,10.040583
1755405379104,0.227318,0.016152,9.784252
1755405379107,0.387637,-0.074776,10.031012
1755405379109,0.299103,-0.017348,9.9015
1755405379112,0.27996,-0.005384,9.889536
1755405379114,0.248854,-0.005384,9.911072
1755405379117,0.27996,0.00658,9.870394
1755405379120,0.306281,-0.043669,9.915857
1755405379122,0.320638,-0.038883,9.870394
1755405379124,0.282353,-0.026919,10.011869
1755405379126,0.31346,-0.029312,9.77468
1755405379128,0.246461,-0.019741,10.026226
1755405379131,0.332602,0.02333,9.827323
1755405379135,0.22014,-0.014955,9.964012
1755405379136,0.287139,-0.036491,9.745967
1755405379138,0.265603,-0.046062,9.894321
1755405379141,0.282353,-0.026919,9.834501
1755405379143,0.277567,-0.031705,9.839287
1755405379145,0.260818,-0.046062,9.956834
1755405379148,0.291924,-0.024526,9.77468
1755405379150,0.282353,-0.048455,10.028619
1755405379153,0.318245,0.011366,9.769895
1755405379155,0.256032,-0.019741,10.031012
1755405379157,0.303888,0.030508,9.827323
1755405379159,0.270389,-0.038883,9.939785
1755405379162,0.29671,-0.026919,9.757931
1755405379166,0.263211,-0.034098,9.947263
1755405379168,0.311067,-0.062812,9.848858
1755405379169,0.31346,-0.005384,9.868001
1755405379171,0.289532,-0.029312,9.927821
1755405379174,0.323031,0.02333,9.769895
1755405379176,0.234497,-0.002991,10.016655
1755405379179,0.306281,0.035294,9.812965
1755405379182,0.277567,-0.012562,9.966406
1755405379185,0.327817,-0.024526,9.726824
1755405379187,0.260818,-0.048455,9.937392
1755405379188,0.315853,-0.024526,9.812965
1755405379191,0.306281,-0.024526,9.856036
1755405379193,0.27996,-0.007777,9.983155
1755405379195,0.301496,0.044865,9.860822
1755405379199,0.291924,-0.031705,10.026226
1755405379201,0.306281,-0.038883,9.712467
1755405379203,0.27996,-0.060419,9.91825
1755405379205,0.289532,-0.005384,9.834501
1755405379207,0.325424,-0.024526,9.934999
1755405379210,0.289532,0.008973,9.923036
1755405379212,0.315853,-0.010169,9.805787
1755405379216,0.275175,-0.06999,9.879965
1755405379219,0.270389,-0.058026,9.839287
1755405379220,0.301496,-0.007777,9.930214
1755405379222,0.306281,0.030508,9.91825
1755405379224,0.31346,0.00658,9.851251
1755405379226,0.258425,-0.048455,9.865608
1755405379229,0.27996,-0.046062,9.851251
1755405379233,0.282353,0.001795,9.9015
1755405379234,0.260818,0.00658,9.932607
1755405379236,0.287139,-0.002991,9.822537
1755405379239,0.270389,-0.034098,9.899107
1755405379241,0.282353,-0.065204,9.858429
1755405379244,0.267996,-0.012562,9.903893
1755405379246,0.311067,0.004187,9.930214
1755405379248,0.318245,0.016152,9.834501
1755405379251,0.289532,-0.036491,9.891929
1755405379254,0.251246,-0.038883,9.853643
1755405379255,0.267996,-0.005384,9.882358
1755405379258,0.277567,-0.002991,9.91825
1755405379260,0.27996,-0.000598,9.832108
1755405379263,0.265603,-0.029312,9.894321
1755405379265,0.289532,-0.002991,9.851251
1755405379267,0.267996,0.020937,9.877572
1755405379270,0.289532,-0.017348,9.91825
1755405379272,0.289532,-0.024526,9.836894
1755405379275,0.239282,-0.019741,9.906285
1755405379277,0.308674,-0.034098,9.829716
1755405379279,0.282353,-0.014955,9.858429
1755405379282,0.277567,0.020937,9.906285
1755405379284,0.301496,-0.002991,9.858429
1755405379287,0.289532,-0.000598,9.889536
1755405379289,0.289532,-0.031705,9.84168
1755405379291,0.246461,-0.010169,9.870394
1755405379294,0.284746,-0.019741,9.913465
1755405379296,0.272782,0.011366,9.832108
1755405379299,0.282353,-0.046062,9.949656
1755405379302,0.282353,-0.017348,9.803394
1755405379304,0.260818,-0.022134,9.939785
1755405379306,0.315853,-0.022134,9.798609
1755405379308,0.272782,-0.005384,9.920643
1755405379310,0.31346,-0.031705,9.851251
1755405379313,0.306281,-0.024526,9.858429
1755405379315,0.289532,-0.043669,9.913465
1755405379318,0.306281,-0.000598,9.829716
1755405379320,0.265603,-0.067597,9.949656
1755405379323,0.287139,-0.007777,9.745967
1755405379325,0.258425,-0.043669,9.985548
1755405379327,0.318245,-0.012562,9.767502
1755405379330,0.256032,-0.014955,10.009477
1755405379332,0.323031,-0.012562,9.755538
1755405379335,0.227318,-0.034098,10.040583
1755405379338,0.31346,0.001795,9.755538
1755405379340,0.224925,-0.046062,10.031012
1755405379342,0.339781,-0.000598,9.731609
1755405379344,0.246461,-0.046062,10.042975
1755405379346,0.31346,-0.007777,9.738789
1755405379349,0.210568,-0.043669,10.035797
1755405379352,0.342174,-0.012562,9.786645
1755405379354,0.248854,-0.024526,10.021441
1755405379356,0.320638,0.004187,9.741181
1755405379359,0.224925,-0.024526,10.002297
1755405379361,0.361316,-0.005384,9.757931
1755405379363,0.222533,-0.012562,10.011869
1755405379366,0.323031,-0.005384,9.755538
1755405379369,0.200997,-0.024526,9.987941
1755405379371,0.327817,-0.048455,9.786645
1755405379374,0.253639,0.008973,9.966406
1755405379375,0.311067,-0.029312,9.796216
1755405379378,0.239282,-0.017348,9.932607
1755405379380,0.332602,0.004187,9.815358
1755405379382,0.229711,-0.002991,9.915857
1755405379387,0.33021,-0.012562,9.815358
1755405379388,0.227318,-0.017348,9.894321
1755405379390,0.311067,-0.022134,9.817751
1755405379392,0.251246,-0.019741,9.899107
1755405379395,0.282353,-0.036491,9.887143
1755405379397,0.272782,0.016152,9.856036
1755405379399,0.339781,-0.034098,9.911072
1755405379402,0.287139,-0.000598,9.817751
1755405379404,0.277567,-0.060419,9.954441
1755405379407,0.303888,-0.005384,9.767502
1755405379409,0.260818,-0.031705,9.961619
1755405379411,0.289532,0.028116,9.767502
1755405379413,0.263211,-0.079561,10.026226
1755405379416,0.366102,-0.055633,9.820144
1755405379418,0.289532,0.001795,9.971191
1755405379421,0.308674,0.00658,9.860822
1755405379423,0.270389,0.013759,9.925428
1755405379426,0.232104,0.001795,9.844072
1755405379428,0.253639,-0.026919,9.84168
1755405379430,0.284746,-0.043669,9.908679
1755405379433,0.277567,-0.012562,9.82493
1755405379435,0.315853,-0.010169,10.098011
1755405379438,0.299103,0.001795,9.729217
1755405379440,0.256032,-0.007777,9.860822
1755405379442,0.382852,-0.058026,9.975977
1755405379445,0.272782,-0.036491,9.891929
1755405379447,0.248854,0.028116,9.913465
1755405379449,0.318245,-0.007777,9.777073
1755405379452,0.284746,-0.026919,9.896714
1755405379454,0.311067,-0.014955,9.932607
1755405379457,0.236889,0.004187,9.839287
1755405379459,0.267996,0.016152,9.848858
1755405379461,0.244068,-0.007777,9.810573
1755405379464,0.33021,-0.029312,9.964012
1755405379466,0.284746,-0.079561,9.805787
1755405379469,0.265603,-0.026919,9.817751
1755405379471,0.27996,-0.012562,9.84168
1755405379474,0.275175,-0.024526,9.908679
1755405379476,0.339781,-0.031705,9.908679
1755405379478,0.260818,-0.026919,9.971191
1755405379481,0.311067,0.00658,9.769895
1755405379483,0.258425,-0.026919,9.894321
1755405379485,0.33021,-0.067597,9.853643
1755405379490,0.275175,-0.026919,9.88475
1755405379492,0.229711,0.028116,10.014262
1755405379493,0.332602,0.035294,9.870394
1755405379495,0.246461,-0.022134,9.968799
1755405379497,0.308674,-0.08674,9.669396
1755405379500,0.256032,-0.093918,9.903893
1755405379502,0.29671,-0.05324,9.860822
1755405379505,0.301496,0.04008,9.856036
1755405379507,0.270389,0.032901,10.026226
1755405379509,0.267996,0.047258,9.891929
1755405379512,0.236889,-0.031705,9.932607
1755405379514,0.272782,-0.031705,9.645468
1755405379517,0.232104,-0.048455,9.923036
1755405379519,0.299103,-0.055633,9.870394
1755405379522,0.327817,0.025723,9.848858
1755405379524,0.27996,0.04008,10.066904
1755405379526,0.311067,0.028116,9.868001
1755405379530,0.270389,-0.055633,9.920643
1755405379531,0.325424,-0.098704,9.729217
1755405379533,0.270389,-0.046062,9.858429
1755405379536,0.272782,0.016152,9.964012
1755405379539,0.287139,0.085543,9.971191
1755405379540,0.265603,0.00658,9.954441
1755405379543,0.291924,-0.08674,9.645468
1755405379545,0.277567,-0.141775,9.84168
1755405379548,0.277567,-0.019741,9.934999
1755405379550,0.308674,0.0999,9.997512
1755405379552,0.246461,0.092722,10.007083
1755405379556,0.282353,-0.014955,9.678967
1755405379558,0.267996,-0.165703,9.829716
1755405379560,0.29671,-0.079561,9.860822
1755405379562,0.272782,0.083151,10.00469
1755405379565,0.287139,0.109472,10.011869
1755405379567,0.275175,-0.019741,9.664611
1755405379570,0.275175,-0.172881,9.80818
1755405379573,0.318245,-0.105882,9.844072
1755405379575,0.29671,0.049651,10.019048
1755405379577,0.275175,0.126221,10.031012
1755405379579,0.282353,0.020937,9.693324
1755405379581,0.265603,-0.14656,9.801002
1755405379584,0.303888,-0.084347,9.863214
1755405379586,0.289532,0.080758,10.088439
1755405379590,0.263211,0.114257,9.925428
1755405379592,0.267996,-0.055633,9.710074
1755405379594,0.277567,-0.160917,9.786645
1755405379597,0.311067,-0.036491,9.923036
1755405379598,0.299103,0.102293,9.954441
1755405379600,0.267996,0.054437,9.889536
1755405379603,0.282353,-0.079561,9.784252
1755405379607,0.315853,-0.113061,9.84168
1755405379608,0.303888,0.018544,9.961619
1755405379610,0.282353,0.085543,9.923036
1755405379612,0.270389,-0.007777,9.891929
1755405379615,0.267996,-0.098704,9.822537
1755405379617,0.256032,-0.074776,9.88475
1755405379619,0.275175,-0.026919,9.848858
1755405379622,0.303888,-0.005384,9.990334
1755405379625,0.323031,0.030508,9.868001
1755405379627,0.258425,-0.017348,9.891929
1755405379630,0.267996,-0.031705,9.97837
1755405379631,0.332602,-0.007777,9.695718
1755405379634,0.265603,-0.101097,9.932607
1755405379636,0.327817,-0.002991,9.865608
1755405379639,0.253639,0.032901,9.822537
1755405379641,0.234497,-0.034098,10.007083
1755405379644,0.342174,0.008973,9.832108
1755405379646,0.282353,-0.036491,9.887143
1755405379648,0.301496,-0.074776,9.846465
1755405379652,0.334995,-0.022134,9.911072
1755405379653,0.267996,-0.036491,9.803394
1755405379656,0.253639,-0.026919,9.987941
1755405379658,0.346959,0.02333,9.91825
1755405379660,0.251246,-0.007777,9.815358
1755405379663,0.246461,-0.096311,9.995119
1755405379665,0.339781,-0.031705,9.700503
1755405379667,0.227318,-0.058026,9.920643
1755405379670,0.299103,-0.043669,9.872787
1755405379672,0.337388,0.013759,9.882358
1755405379675,0.229711,-0.022134,9.9015
1755405379678,0.27996,0.016152,9.91825
1755405379679,0.29671,0.030508,9.973584
1755405379682,0.217747,-0.014955,9.803394
1755405379684,0.294317,-0.113061,9.856036
1755405379687,0.294317,-0.05324,9.853643
1755405379689,0.277567,0.044865,9.848858
1755405379692,0.239282,-0.036491,9.91825
1755405379694,0.291924,-0.017348,9.932607
1755405379696,0.275175,0.011366,9.839287
1755405379699,0.253639,-0.024526,9.860822
1755405379701,0.342174,-0.036491,9.91825
1755405379703,0.294317,-0.012562,9.80818
1755405379706,0.253639,0.001795,9.927821
1755405379709,0.327817,-0.036491,9.817751
1755405379712,0.275175,-0.019741,9.952048
1755405379713,0.289532,-0.010169,9.765109
1755405379715,0.275175,-0.017348,10.009477
1755405379718,0.315853,0.001795,9.726824
1755405379720,0.212961,-0.046062,9.939785
1755405379723,0.346959,-0.019741,9.860822
1755405379726,0.291924,-0.017348,9.832108
1755405379729,0.284746,-0.026919,9.947263
1755405379731,0.33021,-0.014955,9.77468
1755405379733,0.284746,-0.077169,10.002297
1755405379735,0.289532,-0.002991,9.829716
1755405379737,0.287139,-0.036491,9.896714
1755405379740,0.265603,-0.043669,9.82493
1755405379743,0.306281,-0.036491,9.911072
1755405379745,0.27996,-0.031705,9.9015
1755405379747,0.303888,0.00658,9.875179
1755405379749,0.311067,-0.022134,9.853643
1755405379751,0.270389,-0.041276,9.767502
1755405379754,0.27996,-0.029312,9.894321
1755405379756,0.294317,-0.019741,9.875179
1755405379760,0.241675,-0.002991,9.827323
1755405379761,0.253639,-0.024526,9.822537
1755405379763,0.287139,-0.050847,9.930214
1755405379766,0.251246,-0.014955,9.836894
1755405379768,0.229711,-0.048455,9.872787
1755405379770,0.282353,-0.038883,9.896714
1755405379774,0.301496,0.001795,9.949656
1755405379775,0.260818,-0.007777,9.848858
1755405379781,0.318245,-0.014955,9.810573
1755405379782,0.258425,0.004187,9.863214
1755405379785,0.289532,0.02333,9.834501
1755405379786,0.289532,-0.019741,9.894321
1755405379787,0.337388,0.004187,9.987941
1755405379790,0.275175,-0.005384,9.810573
1755405379792,0.306281,-0.012562,9.865608
1755405379795,0.301496,-0.048455,9.834501
1755405379797,0.284746,-0.062812,9.707682
1755405379799,0.244068,-0.022134,9.822537
1755405379802,0.205783,0.004187,9.745967
1755405379804,0.332602,-0.050847,9.973584
1755405379807,0.263211,-0.007777,9.722038
1755405379809,0.260818,0.011366,9.848858
1755405379812,0.256032,-0.010169,9.80818
1755405379815,0.287139,-0.019741,9.896714
1755405379816,0.277567,-0.017348,9.858429
1755405379818,0.179163,0.054437,9.827323
1755405379821,0.277567,-0.029312,9.856036
1755405379823,0.282353,-0.031705,9.913465
1755405379826,0.251246,-0.000598,9.863214
1755405379828,0.289532,-0.024526,9.870394
1755405379831,0.349352,-0.05324,9.968799
1755405379833,0.27996,0.00658,9.875179
1755405379836,0.291924,-0.038883,9.937392
1755405379838,0.263211,-0.007777,9.836894
1755405379840,0.29671,-0.022134,9.846465
1755405379842,0.275175,-0.024526,9.860822
1755405379845,0.272782,-0.014955,9.875179
1755405379847,0.282353,-0.019741,9.894321
1755405379850,0.284746,-0.017348,9.88475
1755405379852,0.256032,-0.014955,9.853643
1755405379855,0.27996,-0.019741,9.903893
1755405379857,0.294317,-0.017348,9.88475
1755405379859,0.289532,-0.041276,9.889536
1755405379862,0.289532,-0.014955,9.887143
1755405379864,0.27996,-0.014955,9.870394
1755405379866,0.260818,-0.002991,9.88475
1755405379869,0.265603,-0.031705,9.870394
1755405379871,0.277567,-0.017348,9.877572
1755405379874,0.299103,-0.010169,9.872787
1755405379876,0.29671,-0.024526,9.899107
1755405379879,0.299103,0.00658,9.882358
1755405379881,0.270389,0.004187,9.887143
1755405379883,0.303888,-0.010169,9.887143
1755405379886,0.29671,-0.038883,9.872787
1755405379888,0.284746,-0.026919,9.879965
1755405379890,0.272782,-0.026919,9.877572
1755405379893,0.277567,-0.010169,9.879965
1755405379896,0.303888,-0.031705,9.896714
1755405379899,0.265603,-0.031705,9.872787
1755405379900,0.270389,-0.022134,9.889536
1755405379902,0.263211,-0.046062,9.911072
1755405379905,0.31346,0.001795,9.887143
1755405379907,0.275175,-0.010169,9.870394
1755405379909,0.291924,-0.055633,9.88475
1755405379913,0.256032,-0.046062,9.860822
1755405379917,0.301496,-0.036491,9.865608
1755405379918,0.272782,-0.012562,9.879965
1755405379920,0.327817,-0.024526,9.858429
1755405379922,0.29671,-0.043669,9.863214
1755405379924,0.27996,-0.022134,9.868001
1755405379927,0.251246,-0.022134,9.868001
1755405379929,0.260818,-0.007777,9.882358
1755405379931,0.284746,0.00658,9.889536
1755405379935,0.289532,-0.000598,9.896714
1755405379937,0.291924,-0.043669,9.848858
1755405379939,0.282353,-0.041276,9.856036
1755405379941,0.291924,-0.029312,9.9015
1755405379943,0.299103,-0.022134,9.868001
1755405379946,0.282353,-0.019741,9.879965
1755405379949,0.27996,-0.026919,9.856036
1755405379952,0.253639,-0.031705,9.913465
1755405379953,0.291924,-0.005384,9.891929
1755405379955,0.294317,-0.024526,9.88475
1755405379957,0.284746,-0.000598,9.879965
1755405379960,0.306281,-0.031705,9.865608
1755405379963,0.27996,-0.022134,9.899107
1755405379965,0.277567,-0.017348,9.889536
1755405379967,0.291924,0.004187,9.896714
1755405379969,0.282353,-0.002991,9.84168
1755405379972,0.258425,-0.019741,9.877572
1755405379975,0.27996,-0.017348,9.856036
1755405379977,0.277567,-0.005384,9.877572
1755405379979,0.265603,-0.014955,9.868001
1755405379981,0.29671,-0.024526,9.877572
1755405379984,0.272782,-0.024526,9.870394
1755405379986,0.282353,-0.043669,9.879965
1755405379988,0.289532,-0.026919,9.875179
1755405379991,0.284746,-0.012562,9.891929
1755405379993,0.275175,-0.034098,9.875179
1755405379997,0.287139,-0.000598,9.899107
1755405379999,0.277567,-0.029312,9.858429
1755405380001,0.272782,-0.038883,9.875179
1755405380003,0.267996,-0.022134,9.875179
1755405380005,0.294317,-0.012562,9.858429
1755405380008,0.265603,-0.026919,9.899107
1755405380010,0.282353,-0.031705,9.891929
1755405380013,0.263211,-0.022134,9.882358
1755405380015,0.29671,-0.007777,9.863214
1755405380019,0.275175,0.016152,9.877572
1755405380020,0.287139,-0.034098,9.870394
1755405380023,0.267996,-0.014955,9.887143
1755405380025,0.303888,-0.022134,9.868001
1755405380027,0.282353,-0.024526,9.877572
1755405380029,0.284746,-0.017348,9.863214
1755405380034,0.299103,-0.007777,9.894321
1755405380036,0.234497,-0.017348,9.887143
1755405380037,0.277567,-0.019741,9.879965
1755405380040,0.325424,-0.055633,9.88475
1755405380042,0.306281,-0.026919,9.877572
1755405380044,0.287139,-0.038883,9.868001
1755405380046,0.291924,-0.041276,9.863214
1755405380050,0.294317,-0.000598,9.877572
1755405380051,0.289532,-0.017348,9.879965
1755405380053,0.299103,-0.022134,9.882358
1755405380055,0.294317,-0.024526,9.865608
1755405380059,0.303888,-0.026919,9.863214
1755405380060,0.31346,-0.017348,9.863214
1755405380063,0.294317,-0.014955,9.860822
1755405380065,0.315853,0.00658,9.856036
1755405380068,0.27996,-0.048455,9.879965
1755405380070,0.270389,-0.010169,9.882358
1755405380072,0.303888,-0.024526,9.872787
1755405380075,0.272782,-0.026919,9.865608
1755405380077,0.287139,-0.026919,9.868001
1755405380080,0.284746,-0.034098,9.899107
1755405380083,0.303888,-0.017348,9.906285
1755405380085,0.253639,-0.029312,9.863214
1755405380087,0.272782,-0.026919,9.868001
1755405380090,0.287139,-0.014955,9.868001
1755405380092,0.29671,-0.005384,9.877572
1755405380094,0.287139,-0.012562,9.863214
1755405380096,0.29671,-0.002991,9.870394
1755405380100,0.284746,-0.017348,9.858429
1755405380101,0.267996,-0.022134,9.879965
1755405380104,0.260818,-0.036491,9.872787
1755405380106,0.284746,-0.017348,9.870394
1755405380109,0.294317,-0.005384,9.896714
1755405380111,0.308674,-0.024526,9.868001
1755405380114,0.282353,-0.026919,9.856036
1755405380116,0.303888,-0.012562,9.875179
1755405380118,0.239282,-0.019741,9.889536
1755405380120,0.306281,-0.012562,9.84168
1755405380123,0.282353,-0.022134,9.882358
1755405380125,0.263211,-0.026919,9.877572
1755405380127,0.323031,-0.000598,9.870394
1755405380130,0.301496,-0.036491,9.844072
1755405380132,0.284746,-0.026919,9.882358
1755405380135,0.241675,-0.050847,9.882358
1755405380137,0.289532,-0.048455,9.896714
1755405380140,0.260818,-0.005384,9.868001
1755405380144,0.306281,-0.05324,9.879965
1755405380145,0.284746,-0.026919,9.848858
1755405380147,0.303888,-0.014955,9.757931
1755405380149,0.301496,-0.026919,10.057333
1755405380152,0.320638,0.061615,9.856036
1755405380155,0.282353,-0.010169,9.836894
1755405380156,0.229711,-0.046062,9.91825
1755405380159,0.344566,-0.084347,9.734002
1755405380161,0.195912,-0.031705,9.995119
1755405380164,0.363709,-0.002991,9.729217
1755405380166,0.222533,-0.031705,10.069297
1755405380168,0.349352,0.001795,9.77468
1755405380171,0.191127,-0.012562,9.97837
1755405380173,0.356531,0.018544,9.793823
1755405380176,0.236889,-0.029312,10.00469
1755405380178,0.253639,0.049651,9.836894
1755405380181,0.291924,-0.058026,9.80818
1755405380183,0.210568,-0.000598,9.992726
1755405380186,0.368495,0.011366,9.686146
1755405380188,0.17677,-0.014955,10.088439
1755405380190,0.401994,-0.007777,9.659825
1755405380192,0.179163,-0.067597,10.167402
1755405380195,0.430708,0.04008,9.583255
1755405380197,0.169591,-0.050847,10.14826
1755405380200,0.361316,0.028116,9.664611
1755405380202,0.195912,-0.065204,10.035797
1755405380204,0.320638,0.008973,9.753145
1755405380207,0.260818,-0.050847,9.968799
1755405380210,0.272782,-0.026919,9.822537
1755405380211,0.275175,-0.031705,9.966406
1755405380214,0.263211,-0.017348,9.789038
1755405380217,0.311067,-0.029312,9.947263
1755405380219,0.27996,-0.007777,9.822537
1755405380222,0.289532,-0.017348,9.870394
1755405380224,0.308674,-0.017348,9.930214
1755405380226,0.301496,-0.048455,9.848858
1755405380229,0.282353,0.004187,9.870394
1755405380231,0.272782,0.011366,9.793823
1755405380233,0.270389,-0.031705,9.851251
1755405380237,0.265603,-0.005384,9.925428
1755405380238,0.315853,-0.029312,9.882358
1755405380241,0.291924,-0.017348,9.870394
1755405380243,0.251246,-0.031705,9.887143
1755405380245,0.267996,0.00658,9.865608
1755405380248,0.289532,-0.022134,9.863214
1755405380250,0.299103,-0.058026,9.891929
1755405380254,0.287139,-0.034098,9.858429
1755405380256,0.256032,-0.007777,9.889536
1755405380258,0.253639,-0.007777,9.887143
1755405380259,0.320638,-0.041276,9.906285
1755405380262,0.282353,-0.034098,9.896714
1755405380264,0.308674,-0.024526,9.863214
1755405380267,0.272782,-0.022134,9.894321
1755405380271,0.258425,-0.012562,9.860822
1755405380272,0.289532,0.004187,9.868001
1755405380274,0.258425,-0.029312,9.9015
1755405380277,0.275175,-0.014955,9.913465
1755405380279,0.258425,-0.012562,9.882358
1755405380281,0.277567,-0.024526,9.879965
1755405380283,0.29671,-0.029312,9.84168
1755405380288,0.294317,-0.031705,9.88475
1755405380289,0.306281,-0.031705,9.88475
1755405380291,0.284746,-0.022134,9.9015
1755405380293,0.303888,-0.034098,9.882358
1755405380296,0.251246,-0.024526,9.877572
1755405380298,0.294317,-0.012562,9.863214
1755405380300,0.311067,-0.036491,9.915857
1755405380304,0.277567,-0.026919,9.875179
1755405380305,0.275175,0.016152,9.853643
1755405380307,0.244068,0.001795,9.858429
1755405380310,0.282353,0.011366,9.870394
1755405380312,0.277567,-0.022134,9.887143
1755405380315,0.27996,-0.048455,9.872787
1755405380317,0.287139,-0.065204,9.84168
1755405380319,0.263211,-0.046062,9.906285
1755405380323,0.265603,-0.022134,9.863214
1755405380325,0.29671,-0.019741,9.894321
1755405380327,0.284746,-0.010169,9.82493
1755405380329,0.31346,-0.08674,9.942178
1755405380331,0.244068,0.016152,9.913465
1755405380334,0.354138,0.025723,9.688539
1755405380336,0.179163,-0.022134,10.052547
1755405380339,0.363709,0.011366,9.779466
1755405380341,0.232104,-0.072383,10.220045
1755405380344,0.327817,0.008973,9.743574
1755405380346,0.258425,0.011366,9.619147
1755405380348,0.291924,-0.007777,9.915857
1755405380351,0.375673,-0.065204,10.031012
1755405380353,0.263211,-0.031705,10.023833
1755405380356,0.368495,-0.007777,9.623933
1755405380358,0.232104,-0.050847,9.949656
1755405380360,0.397209,-0.007777,9.856036
1755405380363,0.241675,-0.055633,10.090832
1755405380365,0.334995,0.02333,9.700503
1755405380368,0.256032,-0.048455,10.095618
1755405380369,0.272782,0.013759,9.844072
1755405380372,0.29671,-0.034098,9.760324
1755405380375,0.282353,-0.014955,9.88475
1755405380377,0.346959,-0.048455,9.891929
1755405380379,0.229711,-0.014955,9.942178
1755405380381,0.325424,-0.017348,9.667004
1755405380384,0.205783,-0.029312,10.050154
1755405380386,0.337388,0.035294,9.779466
1755405380390,0.179163,-0.062812,9.975977
1755405380392,0.351745,0.020937,9.667004
1755405380394,0.22014,-0.067597,10.200902
1755405380396,0.311067,0.037687,9.767502
1755405380399,0.272782,-0.034098,9.942178
1755405380401,0.275175,0.004187,9.853643
1755405380403,0.308674,-0.007777,9.815358
1755405380407,0.205783,0.018544,9.959227
1755405380409,0.342174,-0.026919,9.726824
1755405380411,0.198604,-0.043669,10.050154
1755405380413,0.370888,-0.002991,9.726824
1755405380415,0.215354,-0.084347,10.05494
1755405380418,0.378066,0.030508,9.686146
1755405380420,0.22014,-0.074776,10.009477
1755405380424,0.366102,0.035294,9.688539
1755405380426,0.239282,-0.072383,10.121939
1755405380427,0.301496,0.037687,9.789038
1755405380430,0.248854,-0.043669,9.863214
1755405380432,0.275175,-0.005384,9.906285
1755405380434,0.325424,-0.043669,9.789038
1755405380437,0.210568,-0.022134,9.983155
1755405380441,0.342174,-0.029312,9.712467
1755405380442,0.169591,-0.062812,10.064511
1755405380444,0.399601,0.008973,9.695718
1755405380446,0.212961,-0.060419,10.042975
1755405380449,0.351745,0.047258,9.664611
1755405380451,0.171984,-0.043669,10.035797
1755405380453,0.378066,0.059222,9.712467
1755405380457,0.222533,-0.058026,10.05494
1755405380458,0.306281,0.037687,9.777073
1755405380461,0.224925,-0.048455,10.035797
1755405380463,0.251246,0.030508,9.789038
1755405380466,0.27996,-0.022134,9.863214
1755405380468,0.236889,0.011366,9.937392
1755405380471,0.325424,-0.038883,9.741181
1755405380473,0.22014,-0.005384,10.019048
1755405380476,0.368495,-0.05324,9.698111
1755405380479,0.217747,-0.058026,10.047761
1755405380480,0.385244,-0.017348,9.68136
1755405380482,0.210568,-0.050847,10.03819
1755405380485,0.375673,-0.010169,9.676575
1755405380487,0.169591,-0.072383,10.045368
1755405380489,0.361316,-0.000598,9.674182
1755405380492,0.186341,-0.043669,10.05494
1755405380495,0.356531,0.018544,9.724431
1755405380497,0.251246,-0.060419,10.047761
1755405380499,0.382852,0.035294,9.741181
1755405380501,0.246461,-0.041276,10.021441
1755405380504,0.306281,0.035294,9.74836
1755405380508,0.256032,-0.043669,9.968799
1755405380509,0.303888,0.020937,9.822537
1755405380511,0.275175,-0.048455,9.939785
1755405380513,0.299103,0.018544,9.827323
1755405380516,0.291924,-0.031705,9.91825
1755405380518,0.275175,0.011366,9.832108
1755405380521,0.306281,-0.034098,9.896714
1755405380523,0.263211,-0.000598,9.913465
1755405380526,0.315853,-0.038883,9.848858
1755405380528,0.234497,0.001795,9.925428
1755405380530,0.332602,-0.034098,9.786645
1755405380532,0.22014,-0.026919,10.007083
1755405380535,0.346959,-0.014955,9.755538
1755405380537,0.208176,-0.038883,10.019048
1755405380540,0.366102,-0.036491,9.702896
1755405380543,0.212961,-0.050847,10.052547
1755405380545,0.380459,-0.000598,9.686146
1755405380547,0.174377,-0.05324,10.064511
1755405380550,0.37328,0.004187,9.68136
1755405380552,0.205783,-0.048455,10.050154
1755405380554,0.380459,-0.000598,9.68136
1755405380557,0.217747,-0.031705,10.069297
1755405380559,0.378066,-0.014955,9.686146
1755405380563,0.222533,-0.043669,10.062119
1755405380565,0.351745,0.00658,9.702896
1755405380566,0.227318,-0.050847,10.074082
1755405380568,0.33021,0.001795,9.717253
1755405380571,0.200997,-0.041276,10.062119
1755405380573,0.380459,-0.005384,9.688539
1755405380576,0.22014,-0.055633,10.062119
1755405380578,0.342174,0.016152,9.667004
1755405380580,0.239282,-0.067597,10.047761
1755405380583,0.31346,-0.005384,9.678967
1755405380585,0.215354,-0.038883,10.095618
1755405380588,0.33021,0.037687,9.698111
1755405380590,0.205783,-0.041276,10.083653
1755405380593,0.354138,0.04008,9.676575
1755405380597,0.224925,-0.031705,10.078868
1755405380598,0.320638,0.011366,9.695718
1755405380600,0.198604,-0.046062,10.052547
1755405380602,0.325424,-0.024526,9.678967
1755405380604,0.22014,-0.046062,10.069297
1755405380607,0.342174,-0.014955,9.705289
1755405380610,0.200997,-0.024526,10.026226
1755405380612,0.306281,-0.019741,9.724431
1755405380614,0.217747,-0.043669,9.961619
1755405380616,0.337388,-0.019741,9.793823
1755405380619,0.244068,-0.019741,9.923036
1755405380621,0.299103,-0.036491,9.870394
1755405380624,0.263211,-0.002991,9.860822
1755405380627,0.29671,-0.043669,9.949656
1755405380630,0.246461,-0.010169,9.810573
1755405380632,0.275175,-0.038883,9.968799
1755405380633,0.277567,-0.024526,9.769895
1755405380635,0.267996,-0.038883,9.964012
1755405380638,0.325424,-0.002991,9.793823
1755405380640,0.270389,-0.019741,9.915857
1755405380643,0.256032,-0.029312,9.853643
1755405380646,0.270389,-0.026919,9.899107
1755405380647,0.270389,-0.041276,9.88475
1755405380650,0.294317,-0.002991,9.877572
1755405380652,0.303888,-0.058026,9.872787
1755405380655,0.308674,-0.036491,9.877572
1755405380658,0.275175,-0.029312,9.903893
1755405380660,0.270389,-0.038883,9.903893
1755405380662,0.294317,-0.019741,9.875179
1755405380664,0.308674,-0.038883,9.908679
1755405380667,0.282353,-0.024526,9.88475
1755405380669,0.299103,-0.038883,9.896714
1755405380671,0.27996,0.001795,9.839287
1755405380674,0.265603,-0.050847,9.889536
1755405380676,0.287139,-0.026919,9.851251
1755405380679,0.299103,-0.036491,9.915857
1755405380681,0.284746,0.00658,9.870394
1755405380683,0.284746,-0.019741,9.91825
1755405380686,0.265603,-0.010169,9.858429
1755405380688,0.315853,-0.014955,9.899107
1755405380690,0.267996,-0.014955,9.848858
1755405380693,0.272782,-0.036491,9.860822
1755405380696,0.270389,-0.007777,9.882358
1755405380700,0.29671,-0.029312,9.894321
1755405380701,0.289532,0.001795,9.875179
1755405380702,0.272782,-0.022134,9.891929
1755405380705,0.263211,-0.048455,9.822537
1755405380707,0.260818,-0.041276,9.937392
1755405380710,0.31346,-0.014955,9.743574
1755405380713,0.217747,-0.06999,9.966406
1755405380715,0.315853,0.008973,9.762716
1755405380717,0.217747,-0.029312,9.983155
1755405380719,0.337388,0.011366,9.779466
1755405380722,0.260818,-0.034098,10.002297
1755405380724,0.320638,0.001795,9.777073
1755405380727,0.244068,-0.048455,9.992726
1755405380729,0.294317,0.004187,9.762716
1755405380731,0.265603,-0.012562,9.997512
1755405380734,0.301496,0.00658,9.769895
1755405380736,0.260818,-0.024526,9.985548
1755405380738,0.320638,0.00658,9.762716
1755405380741,0.253639,-0.005384,9.990334
1755405380743,0.320638,-0.031705,9.769895
1755405380746,0.282353,-0.036491,10.00469
1755405380748,0.349352,-0.010169,9.760324
1755405380751,0.253639,-0.046062,10.033404
1755405380753,0.342174,-0.005384,9.726824
1755405380756,0.236889,-0.007777,10.023833
1755405380758,0.31346,0.004187,9.738789
1755405380760,0.227318,-0.012562,10.040583
1755405380763,0.33021,0.004187,9.734002
1755405380766,0.229711,-0.012562,10.019048
1755405380767,0.380459,-0.043669,9.767502
1755405380770,0.239282,-0.050847,9.961619
1755405380772,0.349352,-0.012562,9.796216
1755405380775,0.241675,0.00658,9.911072
1755405380777,0.318245,-0.048455,9.784252
1755405380780,0.248854,-0.031705,9.906285
1755405380782,0.325424,-0.026919,9.887143
1755405380784,0.284746,0.025723,9.839287
1755405380786,0.275175,-0.043669,9.964012
1755405380789,0.31346,0.042473,9.77468
1755405380793,0.272782,-0.022134,9.973584
1755405380794,0.29671,-0.005384,9.750752
1755405380797,0.267996,-0.022134,10.057333
1755405380800,0.349352,0.025723,9.757931
1755405380801,0.22014,-0.050847,10.052547
1755405380803,0.301496,0.004187,9.738789
1755405380806,0.236889,-0.022134,10.033404
1755405380808,0.323031,-0.005384,9.726824
1755405380810,0.232104,-0.038883,9.97837
1755405380814,0.299103,-0.014955,9.745967
1755405380817,0.224925,-0.012562,9.91825
1755405380819,0.303888,-0.026919,9.80818
1755405380821,0.272782,0.016152,9.913465
1755405380823,0.306281,-0.012562,9.865608
1755405380825,0.282353,0.02333,9.851251
1755405380827,0.294317,-0.046062,9.947263
1755405380831,0.282353,0.004187,9.803394
1755405380833,0.287139,-0.000598,9.992726
1755405380834,0.332602,0.066401,9.786645
1755405380837,0.251246,-0.007777,10.019048
1755405380839,0.303888,-0.022134,9.755538
1755405380842,0.275175,-0.038883,9.983155
1755405380844,0.306281,-0.019741,9.757931
1755405380848,0.246461,-0.034098,9.947263
1755405380849,0.308674,-0.038883,9.77468
1755405380851,0.260818,-0.031705,9.913465
1755405380854,0.301496,-0.014955,9.887143
1755405380857,0.284746,0.008973,9.870394
1755405380858,0.303888,0.004187,9.990334
1755405380861,0.29671,0.00658,9.829716
1755405380864,0.246461,-0.002991,10.007083
1755405380866,0.272782,-0.026919,9.793823
1755405380868,0.303888,-0.058026,9.954441
1755405380871,0.301496,-0.024526,9.757931
1755405380873,0.248854,-0.005384,9.91825
1755405380875,0.320638,-0.043669,9.82493
1755405380877,0.303888,-0.012562,9.848858
1755405380880,0.306281,-0.029312,9.952048
1755405380882,0.265603,0.004187,9.796216
1755405380885,0.265603,-0.036491,9.997512
1755405380887,0.320638,0.008973,9.731609
1755405380889,0.272782,-0.017348,9.983155
1755405380892,0.287139,-0.048455,9.793823
1755405380894,0.236889,-0.024526,9.966406
1755405380897,0.303888,-0.017348,9.877572
1755405380900,0.27996,-0.005384,9.865608
1755405380903,0.275175,-0.067597,9.91825
1755405380904,0.315853,-0.014955,9.844072
1755405380906,0.339781,-0.024526,10.047761
1755405380909,0.244068,-0.014955,9.745967
1755405380911,0.370888,-0.093918,9.930214
1755405380914,0.272782,-0.022134,9.743574
1755405380916,0.200997,0.020937,9.750752
1755405380918,0.198604,0.018544,9.688539
1755405380921,0.323031,-0.041276,9.932607
1755405380923,0.334995,-0.05324,9.920643
1755405380925,0.260818,-0.005384,9.84168
1755405380928,0.277567,0.001795,9.88475
1755405380930,0.346959,-0.046062,9.999905
1755405380933,0.253639,-0.038883,9.932607
1755405380937,0.229711,-0.007777,9.693324
1755405380938,0.29671,-0.038883,9.798609
1755405380940,0.267996,-0.029312,9.903893
1755405380942,0.270389,-0.050847,9.84168
1755405380944,0.29671,-0.041276,9.9015
1755405380947,0.284746,-0.017348,9.88475
1755405380950,0.282353,-0.034098,9.903893
1755405380952,0.301496,0.001795,9.882358
1755405380955,0.299103,-0.024526,9.879965
1755405380957,0.31346,-0.026919,9.896714
1755405380959,0.303888,-0.038883,9.865608
1755405380961,0.27996,-0.010169,9.872787
1755405380964,0.287139,-0.002991,9.882358
1755405380967,0.289532,-0.005384,9.896714
1755405380969,0.27996,-0.019741,9.882358
1755405380971,0.284746,0.008973,9.88475
1755405380973,0.284746,-0.019741,9.877572
1755405380976,0.294317,-0.046062,9.88475
1755405380978,0.277567,-0.055633,9.882358
1755405380981,0.308674,-0.017348,9.891929
1755405380984,0.306281,-0.022134,9.879965
1755405380986,0.323031,-0.036491,9.915857
1755405380988,0.306281,0.004187,9.863214
1755405380990,0.294317,-0.024526,9.915857
1755405380992,0.311067,-0.014955,9.870394
1755405380995,0.29671,-0.007777,9.894321
1755405380997,0.301496,-0.031705,9.879965
1755405381001,0.301496,-0.014955,9.877572
1755405381002,0.277567,-0.000598,9.865608
1755405381005,0.251246,-0.005384,9.894321
1755405381007,0.294317,-0.000598,9.899107
1755405381009,0.294317,-0.019741,9.872787
1755405381011,0.299103,-0.010169,9.88475
1755405381014,0.267996,-0.012562,9.865608
1755405381017,0.31346,-0.034098,9.820144
1755405381019,0.27996,-0.055633,9.956834
1755405381021,0.31346,0.025723,9.812965
1755405381024,0.265603,-0.055633,9.925428
1755405381026,0.31346,0.008973,9.834501
1755405381028,0.306281,-0.034098,9.908679
1755405381031,0.267996,0.008973,9.848858
1755405381033,0.29671,-0.034098,9.9015
1755405381037,0.27996,-0.002991,9.839287
1755405381040,0.311067,-0.007777,9.956834
1755405381041,0.267996,-0.000598,9.793823
1755405381043,0.282353,-0.026919,9.980762
1755405381045,0.315853,0.001795,9.784252
1755405381048,0.27996,-0.029312,9.985548
1755405381050,0.318245,0.011366,9.812965
1755405381052,0.289532,-0.017348,9.91825
1755405381055,0.327817,-0.022134,9.863214
1755405381058,0.320638,-0.014955,9.844072
1755405381060,0.282353,-0.031705,9.942178
1755405381062,0.284746,0.011366,9.805787
1755405381064,0.277567,-0.024526,9.985548
1755405381067,0.284746,0.032901,9.760324
1755405381069,0.241675,-0.079561,9.956834
1755405381071,0.299103,0.013759,9.793823
1755405381074,0.244068,-0.031705,9.908679
1755405381077,0.287139,0.008973,9.889536
1755405381079,0.275175,0.018544,9.870394
1755405381081,0.301496,-0.036491,9.930214
1755405381083,0.318245,-0.014955,9.786645
1755405381086,0.275175,-0.062812,9.966406
1755405381088,0.265603,-0.022134,9.815358
1755405381091,0.256032,-0.024526,9.930214
1755405381093,0.325424,-0.029312,9.877572
1755405381095,0.294317,-0.038883,9.817751
1755405381098,0.270389,-0.017348,10.016655
1755405381100,0.315853,0.049651,9.777073
1755405381103,0.234497,-0.017348,10.033404
1755405381105,0.301496,-0.010169,9.729217
1755405381107,0.239282,-0.055633,9.995119
1755405381110,0.325424,-0.038883,9.707682
1755405381113,0.256032,-0.034098,9.997512
1755405381115,0.334995,-0.031705,9.74836
1755405381117,0.241675,-0.002991,9.954441
1755405381120,0.315853,-0.043669,9.796216
1755405381122,0.272782,-0.017348,9.930214
1755405381125,0.311067,0.011366,9.853643
1755405381127,0.265603,0.02333,9.88475
1755405381129,0.284746,-0.050847,9.937392
1755405381132,0.282353,-0.002991,9.82493
1755405381134,0.260818,-0.060419,10.016655
1755405381137,0.277567,-0.002991,9.786645
1755405381139,0.241675,-0.036491,10.035797
1755405381141,0.342174,-0.002991,9.705289
1755405381144,0.282353,-0.046062,10.019048
1755405381146,0.339781,-0.041276,9.695718
1755405381148,0.20339,-0.062812,9.995119
1755405381151,0.325424,-0.010169,9.789038
1755405381154,0.263211,-0.036491,9.937392
1755405381157,0.291924,-0.012562,9.887143
1755405381158,0.258425,-0.010169,9.865608
1755405381160,0.277567,-0.007777,9.934999
1755405381163,0.318245,-0.005384,9.793823
1755405381165,0.282353,-0.034098,9.956834
1755405381167,0.308674,-0.007777,9.851251
1755405381172,0.282353,0.004187,9.896714
1755405381174,0.311067,-0.010169,9.9015
1755405381175,0.320638,-0.022134,9.815358
1755405381177,0.303888,-0.065204,9.932607
1755405381179,0.275175,-0.019741,9.827323
1755405381182,0.258425,-0.026919,9.908679
1755405381184,0.265603,0.011366,9.882358
1755405381188,0.284746,-0.002991,9.877572
1755405381190,0.27996,-0.014955,9.889536
1755405381191,0.282353,-0.038883,9.863214
1755405381194,0.27996,-0.024526,9.879965
1755405381196,0.294317,-0.002991,9.879965
1755405381199,0.294317,-0.029312,9.84168
1755405381201,0.291924,-0.036491,9.9015
1755405381203,0.291924,-0.019741,9.844072
1755405381206,0.275175,-0.007777,9.9015
1755405381208,0.306281,-0.002991,9.844072
1755405381211,0.277567,-0.019741,9.879965
1755405381213,0.270389,-0.010169,9.851251
1755405381216,0.294317,-0.026919,9.834501
1755405381218,0.272782,-0.014955,9.88475
1755405381220,0.303888,-0.043669,9.853643
1755405381223,0.29671,-0.036491,9.872787
1755405381225,0.27996,-0.007777,9.801002
1755405381227,0.287139,-0.060419,9.848858
1755405381230,0.256032,-0.017348,9.894321
1755405381232,0.301496,-0.005384,9.868001
1755405381235,0.315853,-0.029312,9.872787
1755405381237,0.315853,0.001795,9.810573
1755405381240,0.311067,-0.005384,9.952048
1755405381242,0.311067,0.025723,9.913465
1755405381244,0.311067,-0.014955,9.860822
1755405381246,0.301496,-0.014955,9.903893
1755405381249,0.323031,-0.041276,9.803394
1755405381251,0.287139,0.001795,9.906285
1755405381254,0.332602,-0.029312,9.846465
1755405381256,0.265603,-0.024526,9.903893
1755405381260,0.289532,-0.036491,9.868001
1755405381262,0.260818,-0.002991,9.889536
1755405381263,0.29671,-0.041276,9.865608
1755405381267,0.260818,-0.010169,9.858429
1755405381268,0.265603,-0.017348,9.925428
1755405381270,0.284746,0.049651,9.765109
1755405381273,0.258425,-0.031705,9.987941
1755405381275,0.311067,0.00658,9.82493
1755405381278,0.275175,-0.038883,9.947263
1755405381281,0.311067,0.004187,9.851251
1755405381283,0.236889,-0.036491,10.00469
1755405381285,0.299103,-0.007777,9.789038
1755405381287,0.265603,-0.012562,9.954441
1755405381290,0.346959,-0.055633,9.683753
1755405381293,0.236889,-0.036491,10.090832
1755405381295,0.33021,-0.038883,9.769895
1755405381298,0.256032,-0.043669,9.959227
1755405381299,0.318245,-0.000598,9.834501
1755405381301,0.227318,-0.010169,9.911072
1755405381304,0.334995,-0.041276,9.812965
1755405381307,0.239282,-0.012562,9.923036
1755405381310,0.29671,-0.007777,9.829716
1755405381311,0.29671,0.030508,9.911072
1755405381314,0.291924,-0.05324,9.944571
1755405381316,0.284746,0.011366,9.750752
1755405381318,0.248854,-0.005384,9.894321
1755405381321,0.306281,-0.000598,9.80818
1755405381324,0.287139,-0.046062,9.966406
1755405381326,0.287139,-0.024526,9.832108
1755405381328,0.236889,-0.019741,9.973584
1755405381330,0.33021,-0.041276,9.767502
1755405381333,0.267996,-0.024526,10.028619
1755405381335,0.332602,-0.010169,9.688539
1755405381338,0.246461,-0.005384,10.074082
1755405381341,0.334995,0.001795,9.772287
1755405381344,0.260818,-0.019741,9.990334
1755405381345,0.344566,-0.031705,9.836894
1755405381347,0.258425,-0.029312,9.913465
1755405381350,0.299103,-0.050847,9.829716
1755405381352,0.258425,-0.010169,9.853643
1755405381354,0.29671,-0.005384,9.84168
1755405381358,0.265603,-0.012562,9.870394
1755405381360,0.27996,-0.031705,9.906285
1755405381362,0.294317,0.004187,9.769895
1755405381364,0.256032,-0.010169,9.915857
1755405381367,0.327817,-0.014955,9.80818
1755405381369,0.258425,-0.036491,10.040583
1755405381371,0.311067,0.008973,9.801002
1755405381373,0.272782,-0.019741,9.971191
1755405381376,0.282353,-0.046062,9.750752
1755405381379,0.248854,-0.041276,9.925428
1755405381381,0.306281,-0.029312,9.781859
1755405381383,0.248854,-0.014955,9.923036
1755405381385,0.311067,-0.029312,9.889536
1755405381388,0.287139,-0.026919,9.868001
1755405381390,0.275175,-0.022134,9.939785
1755405381393,0.308674,0.00658,9.801002
1755405381395,0.270389,-0.046062,10.016655
1755405381398,0.301496,0.004187,9.765109
1755405381400,0.229711,-0.05324,10.05494
1755405381402,0.339781,-0.000598,9.729217
1755405381405,0.222533,-0.041276,10.002297
1755405381407,0.337388,0.011366,9.738789
1755405381409,0.246461,-0.031705,9.954441
1755405381412,0.308674,-0.029312,9.757931
1755405381415,0.208176,-0.014955,9.949656
1755405381417,0.303888,-0.029312,9.815358
1755405381419,0.251246,-0.031705,9.91825
1755405381421,0.332602,0.001795,9.88475
1755405381424,0.258425,-0.007777,9.846465
1755405381426,0.265603,-0.038883,9.97837
1755405381429,0.303888,0.018544,9.812965
1755405381431,0.256032,-0.007777,10.019048
1755405381434,0.308674,0.001795,9.789038
1755405381436,0.289532,-0.007777,9.999905
1755405381438,0.320638,-0.031705,9.753145
1755405381440,0.256032,-0.014955,9.968799
1755405381443,0.318245,-0.041276,9.762716
1755405381445,0.244068,-0.031705,9.932607
1755405381448,0.318245,-0.043669,9.817751
1755405381450,0.246461,0.016152,9.894321
1755405381453,0.270389,-0.036491,9.932607
1755405381455,0.289532,0.00658,9.832108
1755405381457,0.303888,-0.017348,9.987941
1755405381460,0.306281,0.030508,9.817751
1755405381462,0.272782,-0.000598,10.035797
1755405381465,0.277567,0.00658,9.74836
1755405381467,0.265603,-0.019741,9.968799
1755405381470,0.27996,-0.000598,9.762716
1755405381472,0.248854,-0.034098,9.942178
1755405381474,0.270389,-0.029312,9.872787
1755405381477,0.256032,0.032901,9.925428
1755405381479,0.275175,-0.002991,9.934999
1755405381481,0.282353,0.008973,9.80818
1755405381484,0.258425,-0.055633,9.937392
1755405381486,0.306281,-0.062812,9.803394
1755405381489,0.27996,-0.043669,9.939785
1755405381491,0.294317,0.001795,9.88475
1755405381494,0.256032,-0.017348,9.899107
1755405381497,0.258425,0.001795,9.872787
1755405381500,0.291924,-0.029312,9.844072
1755405381502,0.284746,-0.019741,9.894321
1755405381503,0.301496,0.011366,9.848858
1755405381505,0.294317,-0.048455,9.911072
1755405381508,0.287139,-0.036491,9.877572
1755405381511,0.287139,-0.034098,9.875179
1755405381513,0.294317,-0.038883,9.889536
1755405381515,0.301496,-0.014955,9.829716
1755405381517,0.265603,-0.019741,9.906285
1755405381520,0.277567,-0.010169,9.865608
1755405381522,0.258425,-0.019741,9.899107
1755405381525,0.318245,-0.002991,9.961619
1755405381528,0.29671,-0.022134,9.805787
1755405381530,0.301496,-0.007777,9.882358
1755405381532,0.351745,-0.024526,9.817751
1755405381534,0.277567,-0.031705,9.920643
1755405381537,0.303888,-0.005384,9.712467
1755405381539,0.251246,-0.019741,10.064511
1755405381542,0.311067,-0.041276,9.983155
1755405381544,0.251246,-0.043669,9.832108
1755405381546,0.323031,-0.031705,9.743574
1755405381548,0.27996,-0.005384,9.839287
1755405381551,0.31346,-0.026919,10.014262
1755405381553,0.282353,0.011366,9.767502
1755405381555,0.282353,0.016152,10.019048
1755405381558,0.311067,-0.026919,9.995119
1755405381560,0.229711,-0.010169,9.736395
1755405381563,0.277567,-0.055633,9.798609
1755405381566,0.270389,-0.031705,9.801002
1755405381568,0.270389,-0.024526,10.05494
1755405381570,0.294317,0.028116,9.635897
1755405381573,0.251246,-0.017348,10.112368
1755405381575,0.299103,0.001795,9.84168
1755405381577,0.256032,-0.062812,9.865608
1755405381580,0.270389,-0.05324,9.731609
1755405381582,0.306281,-0.034098,9.939785
1755405381584,0.244068,-0.002991,10.00469
1755405381587,0.291924,0.052044,9.702896
1755405381589,0.270389,-0.010169,10.102797
1755405381591,0.272782,-0.031705,9.62154
1755405381594,0.267996,-0.050847,9.908679
1755405381596,0.27996,-0.034098,9.877572
1755405381599,0.291924,0.011366,9.903893
1755405381601,0.258425,0.035294,9.959227
1755405381604,0.337388,-0.000598,9.952048
1755405381606,0.258425,-0.050847,9.844072
1755405381608,0.275175,-0.048455,9.633504
1755405381611,0.277567,-0.050847,9.949656
1755405381613,0.299103,-0.012562,9.925428
1755405381617,0.311067,0.032901,9.753145
1755405381618,0.277567,0.00658,10.100404
1755405381621,0.31346,0.00658,9.848858
1755405381623,0.241675,-0.05324,9.812965
1755405381625,0.325424,-0.072383,9.734002
1755405381627,0.306281,-0.041276,9.942178
1755405381630,0.31346,-0.010169,9.934999
1755405381632,0.332602,0.054437,9.80818
1755405381635,0.29671,0.025723,10.093225
1755405381637,0.306281,0.00658,9.688539
1755405381639,0.236889,-0.081954,9.903893
1755405381642,0.318245,-0.093918,9.781859
1755405381644,0.275175,-0.022134,9.887143
1755405381647,0.263211,0.049651,10.016655
1755405381649,0.282353,0.064008,9.927821
1755405381651,0.227318,-0.046062,9.930214
1755405381654,0.31346,-0.077169,9.592826
1755405381657,0.294317,-0.065204,9.999905
1755405381659,0.289532,0.008973,9.863214
1755405381661,0.287139,0.013759,9.812965
1755405381664,0.27996,0.030508,10.016655
1755405381666,0.318245,0.004187,9.968799
1755405381668,0.246461,-0.026919,9.817751
1755405381671,0.29671,-0.058026,9.68136
1755405381673,0.256032,-0.058026,9.968799
1755405381676,0.282353,-0.005384,9.947263
1755405381678,0.299103,0.05683,9.760324
1755405381681,0.282353,0.04008,10.047761
1755405381684,0.27996,-0.014955,9.829716
1755405381685,0.236889,-0.072383,9.815358
1755405381688,0.301496,-0.060419,9.805787
1755405381690,0.315853,-0.012562,9.911072
1755405381692,0.282353,0.028116,9.927821
1755405381695,0.267996,0.04008,9.91825
1755405381698,0.248854,-0.019741,9.971191
1755405381701,0.282353,-0.072383,9.583255
1755405381702,0.289532,-0.108275,10.016655
1755405381704,0.284746,-0.043669,9.863214
1755405381706,0.277567,0.04008,9.801002
1755405381709,0.282353,-0.014955,9.983155
1755405381711,0.318245,0.018544,10.00469
1755405381715,0.270389,-0.041276,9.786645
1755405381717,0.289532,-0.113061,9.690931
1755405381719,0.253639,-0.074776,9.930214
1755405381721,0.284746,0.025723,9.932607
1755405381723,0.291924,0.059222,9.767502
1755405381726,0.282353,0.020937,10.026226
1755405381728,0.301496,0.00658,9.927821
1755405381731,0.239282,-0.05324,9.817751
1755405381734,0.284746,-0.055633,9.779466
1755405381736,0.267996,-0.002991,9.882358
1755405381739,0.289532,0.004187,9.959227
1755405381741,0.236889,0.042473,9.793823
1755405381743,0.260818,-0.012562,9.999905
1755405381745,0.323031,-0.034098,9.875179
1755405381747,0.248854,-0.012562,9.91825
1755405381750,0.306281,-0.048455,9.80818
1755405381753,0.291924,-0.034098,9.834501
1755405381754,0.291924,0.020937,9.975977
1755405381757,0.27996,0.035294,9.827323
1755405381759,0.287139,0.008973,9.999905
1755405381761,0.311067,-0.014955,9.719646
1755405381764,0.265603,-0.060419,9.975977
1755405381767,0.282353,-0.048455,9.812965
1755405381771,0.306281,-0.050847,9.875179
1755405381772,0.303888,0.016152,9.932607
1755405381774,0.308674,0.047258,9.934999
1755405381777,0.29671,-0.014955,9.987941
1755405381778,0.29671,-0.017348,9.705289
1755405381781,0.284746,-0.072383,9.911072
1755405381783,0.299103,-0.055633,9.853643
1755405381786,0.277567,-0.017348,9.915857
1755405381788,0.306281,0.00658,9.949656
1755405381790,0.289532,0.001795,9.887143
1755405381793,0.256032,-0.046062,9.927821
1755405381795,0.303888,-0.060419,9.769895
1755405381798,0.284746,-0.077169,9.891929
1755405381801,0.301496,-0.029312,9.896714
1755405381803,0.299103,0.018544,9.896714
1755405381805,0.27996,0.011366,9.947263
1755405381807,0.275175,-0.002991,9.796216
1755405381810,0.29671,-0.048455,9.891929
1755405381812,0.315853,-0.019741,9.803394
1755405381814,0.265603,-0.007777,9.915857
1755405381817,0.282353,-0.017348,9.903893
1755405381819,0.282353,0.030508,9.872787
1755405381822,0.282353,-0.043669,9.920643
1755405381824,0.272782,-0.022134,9.82493
1755405381826,0.251246,-0.019741,9.947263
1755405381829,0.29671,-0.014955,9.832108
1755405381831,0.291924,-0.005384,9.9015
1755405381834,0.27996,-0.007777,9.872787
1755405381836,0.27996,-0.019741,9.856036
1755405381838,0.294317,-0.055633,9.947263
1755405381841,0.320638,-0.010169,9.801002
1755405381843,0.294317,-0.031705,9.975977
1755405381845,0.282353,0.016152,9.796216
1755405381848,0.253639,-0.038883,9.964012
1755405381851,0.31346,-0.031705,9.796216
1755405381854,0.260818,-0.017348,9.942178
1755405381855,0.308674,-0.041276,9.80818
1755405381857,0.248854,0.008973,9.915857
1755405381860,0.289532,-0.034098,9.834501
1755405381862,0.258425,-0.022134,9.91825
1755405381865,0.308674,-0.048455,9.846465
1755405381868,0.260818,-0.024526,9.899107
1755405381870,0.308674,-0.046062,9.889536
1755405381872,0.311067,-0.002991,9.84168
1755405381874,0.272782,-0.034098,9.913465
1755405381876,0.265603,-0.005384,9.772287
1755405381880,0.260818,-0.036491,9.934999
1755405381882,0.301496,0.030508,9.760324
1755405381885,0.260818,-0.005384,10.007083
1755405381887,0.308674,0.025723,9.731609
1755405381889,0.258425,-0.024526,10.040583
1755405381891,0.33021,0.028116,9.738789
1755405381893,0.229711,-0.002991,10.026226
1755405381896,0.308674,-0.007777,9.810573
1755405381898,0.258425,-0.005384,9.913465
1755405381901,0.315853,-0.029312,9.801002
1755405381903,0.251246,-0.012562,9.968799
1755405381906,0.27996,-0.058026,9.80818
1755405381908,0.27996,-0.012562,9.913465
1755405381910,0.308674,-0.036491,9.879965
1755405381912,0.267996,-0.002991,9.817751
1755405381915,0.256032,-0.034098,9.947263
1755405381917,0.256032,0.001795,9.755538
1755405381921,0.265603,-0.014955,10.042975
1755405381923,0.29671,0.049651,9.736395
1755405381925,0.256032,-0.048455,10.03819
1755405381927,0.308674,0.016152,9.786645
1755405381929,0.282353,-0.034098,9.875179
1755405381932,0.311067,-0.036491,9.760324
1755405381934,0.287139,-0.024526,9.91825
1755405381937,0.270389,-0.067597,9.872787
1755405381939,0.251246,-0.000598,9.784252
1755405381942,0.265603,0.004187,10.028619
1755405381944,0.287139,0.025723,9.863214
1755405381946,0.270389,-0.043669,9.9015
1755405381949,0.289532,-0.031705,9.753145
1755405381951,0.256032,-0.043669,9.923036
1755405381955,0.258425,-0.031705,9.868001
1755405381957,0.325424,0.028116,9.937392
1755405381959,0.29671,-0.048455,9.887143
1755405381961,0.287139,-0.002991,9.868001
1755405381963,0.301496,-0.031705,9.870394
1755405381965,0.284746,-0.081954,9.844072
1755405381968,0.332602,-0.000598,9.944571
1755405381970,0.318245,0.013759,9.801002
1755405381973,0.277567,-0.072383,9.911072
1755405381975,0.301496,-0.055633,9.868001
1755405381977,0.323031,0.016152,9.91825
1755405381980,0.244068,0.025723,9.848858
1755405381982,0.275175,-0.046062,9.796216
1755405381985,0.31346,-0.091525,9.856036
1755405381987,0.277567,-0.041276,9.942178
1755405381989,0.320638,0.059222,9.9015
1755405381992,0.282353,-0.012562,9.860822
1755405381994,0.320638,-0.041276,9.911072
1755405381996,0.301496,-0.007777,9.865608
1755405381999,0.248854,-0.017348,9.915857
1755405382001,0.306281,-0.014955,9.908679
1755405382004,0.315853,-0.002991,9.853643
1755405382007,0.241675,-0.031705,9.9015
1755405382008,0.267996,-0.024526,9.846465
1755405382011,0.284746,-0.046062,9.934999
1755405382014,0.287139,-0.017348,9.844072
1755405382016,0.299103,-0.014955,9.915857
1755405382018,0.29671,-0.029312,9.908679
1755405382021,0.299103,-0.031705,9.865608
1755405382023,0.31346,-0.014955,9.896714
1755405382025,0.323031,-0.000598,9.877572
1755405382028,0.289532,0.008973,9.899107
1755405382030,0.289532,-0.007777,9.856036
1755405382032,0.287139,-0.014955,9.906285
1755405382035,0.306281,0.001795,9.870394
1755405382038,0.318245,-0.007777,9.872787
1755405382040,0.303888,-0.005384,9.870394
1755405382042,0.311067,0.001795,9.889536
1755405382044,0.306281,-0.012562,9.906285
1755405382047,0.267996,-0.026919,9.872787
1755405382049,0.29671,-0.010169,9.863214
1755405382052,0.27996,-0.050847,9.88475
1755405382055,0.31346,-0.043669,9.877572
1755405382059,0.275175,-0.005384,9.88475
1755405382060,0.275175,-0.000598,9.865608
1755405382061,0.294317,-0.010169,9.870394
1755405382064,0.244068,-0.019741,9.877572
1755405382066,0.325424,-0.029312,9.846465
1755405382069,0.323031,-0.043669,9.887143
1755405382072,0.315853,-0.005384,9.875179
1755405382075,0.318245,-0.038883,9.911072
1755405382077,0.301496,-0.000598,9.879965
1755405382078,0.323031,-0.012562,9.896714
1755405382080,0.308674,0.013759,9.879965
1755405382083,0.284746,-0.019741,9.877572
1755405382085,0.291924,-0.029312,9.9015
1755405382089,0.267996,-0.031705,9.875179
1755405382091,0.320638,0.00658,9.91825
1755405382092,0.294317,-0.014955,9.88475
1755405382095,0.287139,-0.041276,9.899107
1755405382097,0.260818,-0.002991,9.894321
1755405382099,0.289532,-0.014955,9.834501
1755405382102,0.301496,-0.005384,9.810573
1755405382104,0.284746,-0.002991,9.923036
1755405382107,0.327817,-0.031705,9.889536
1755405382109,0.282353,-0.024526,9.91825
1755405382111,0.27996,-0.019741,9.815358
1755405382114,0.284746,-0.014955,9.844072
1755405382116,0.318245,-0.026919,9.980762
1755405382119,0.275175,-0.014955,9.939785
1755405382121,0.289532,-0.019741,9.915857
1755405382124,0.284746,-0.014955,9.913465
1755405382126,0.303888,-0.036491,9.810573
1755405382128,0.27996,0.030508,9.913465
1755405382131,0.301496,0.008973,9.827323
1755405382133,0.258425,-0.019741,9.932607
1755405382136,0.277567,-0.029312,9.959227
1755405382138,0.275175,-0.002991,9.920643
1755405382141,0.188734,-0.007777,9.762716
1755405382143,0.301496,-0.050847,9.882358
1755405382145,0.258425,0.020937,9.903893
1755405382147,0.282353,-0.043669,9.745967
1755405382150,0.306281,-0.019741,9.896714
1755405382152,0.282353,-0.005384,9.949656
1755405382155,0.222533,-0.002991,9.712467
1755405382157,0.198604,0.018544,9.745967
1755405382160,0.260818,-0.019741,9.870394
1755405382162,0.282353,-0.034098,9.9015
1755405382164,0.263211,-0.017348,9.891929
1755405382167,0.251246,0.004187,9.856036
1755405382169,0.275175,-0.024526,9.961619
1755405382172,0.22014,0.004187,9.801002
1755405382174,0.291924,0.013759,9.868001
1755405382178,0.29671,-0.007777,9.9015
1755405382179,0.29671,-0.043669,9.88475
1755405382181,0.277567,-0.046062,9.868001
1755405382184,0.258425,-0.065204,9.887143
1755405382186,0.284746,-0.034098,9.915857
1755405382188,0.323031,-0.010169,9.930214
1755405382191,0.289532,-0.034098,9.88475
1755405382193,0.272782,0.011366,9.894321
1755405382195,0.29671,-0.029312,9.879965
1755405382198,0.323031,-0.014955,9.913465
1755405382200,0.306281,-0.043669,9.887143
1755405382202,0.265603,-0.000598,9.887143
1755405382205,0.275175,-0.017348,9.882358
1755405382208,0.299103,-0.017348,9.887143
1755405382211,0.260818,-0.038883,9.877572
1755405382212,0.29671,-0.026919,9.896714
1755405382215,0.275175,-0.043669,9.88475
1755405382217,0.270389,-0.010169,9.877572
1755405382219,0.284746,-0.014955,9.889536
1755405382222,0.287139,-0.019741,9.870394
1755405382225,0.291924,0.004187,9.877572
1755405382227,0.270389,-0.043669,9.88475
1755405382229,0.294317,-0.019741,9.891929
1755405382231,0.275175,-0.005384,9.903893
1755405382234,0.277567,-0.005384,9.865608
1755405382236,0.253639,-0.000598,9.875179
1755405382239,0.265603,-0.010169,9.865608
1755405382242,0.265603,-0.024526,9.889536
1755405382243,0.267996,-0.041276,9.875179
1755405382246,0.258425,-0.034098,9.860822
1755405382248,0.282353,-0.055633,9.875179
1755405382251,0.301496,-0.024526,9.868001
1755405382253,0.284746,0.001795,9.882358
1755405382256,0.308674,0.008973,9.851251
1755405382259,0.248854,-0.000598,9.868001
1755405382261,0.289532,-0.014955,9.88475
1755405382263,0.306281,-0.036491,9.9015
1755405382265,0.289532,-0.026919,9.879965
1755405382267,0.303888,-0.019741,9.863214
1755405382270,0.275175,-0.060419,9.868001
1755405382273,0.315853,-0.048455,9.887143
1755405382276,0.303888,-0.012562,9.882358
1755405382277,0.294317,-0.024526,9.889536
1755405382279,0.267996,-0.022134,9.879965
1755405382282,0.275175,-0.026919,9.891929
1755405382284,0.287139,-0.034098,9.868001
1755405382286,0.253639,-0.048455,9.872787
1755405382290,0.27996,-0.019741,9.899107
1755405382291,0.272782,0.001795,9.9015
1755405382295,0.287139,-0.024526,9.868001
1755405382296,0.284746,-0.022134,9.882358
1755405382299,0.270389,-0.019741,9.856036
1755405382301,0.289532,-0.014955,9.877572
1755405382303,0.29671,-0.041276,9.853643
1755405382306,0.294317,-0.007777,9.872787
1755405382308,0.287139,-0.014955,9.875179
1755405382311,0.31346,-0.026919,9.896714
1755405382313,0.275175,-0.002991,9.891929
1755405382315,0.277567,-0.026919,9.889536
1755405382317,0.258425,-0.007777,9.894321
1755405382320,0.291924,-0.022134,9.872787
1755405382322,0.277567,-0.029312,9.872787
1755405382325,0.275175,-0.007777,9.870394
1755405382327,0.282353,-0.019741,9.903893
1755405382330,0.287139,-0.014955,9.903893
1755405382332,0.27996,-0.034098,9.851251
1755405382335,0.303888,-0.031705,9.853643
1755405382339,0.251246,-0.024526,9.88475
1755405382340,0.260818,-0.012562,9.870394
1755405382342,0.275175,0.018544,9.891929
1755405382345,0.27996,-0.017348,9.877572
1755405382346,0.275175,-0.005384,9.88475
1755405382349,0.29671,-0.029312,9.839287
1755405382351,0.291924,-0.031705,9.899107
1755405382354,0.29671,-0.046062,9.872787
1755405382356,0.291924,-0.007777,9.887143
1755405382358,0.284746,0.013759,9.899107
1755405382361,0.282353,-0.017348,9.863214
1755405382363,0.282353,-0.041276,9.88475
1755405382366,0.301496,-0.026919,9.834501
1755405382368,0.299103,-0.012562,9.930214
1755405382371,0.339781,-0.007777,9.887143
1755405382373,0.275175,-0.034098,9.836894
1755405382375,0.246461,-0.058026,9.872787
1755405382379,0.299103,0.018544,9.911072
1755405382381,0.270389,-0.002991,9.757931
1755405382382,0.244068,-0.048455,9.966406
1755405382385,0.375673,-0.005384,9.803394
1755405382387,0.246461,-0.019741,9.97837
1755405382390,0.291924,0.052044,9.79143
1755405382392,0.232104,-0.007777,10.009477
1755405382395,0.323031,0.00658,9.805787
1755405382397,0.232104,-0.050847,9.930214
1755405382399,0.275175,0.001795,9.844072
1755405382402,0.303888,-0.012562,9.911072
1755405382404,0.294317,-0.002991,9.887143
1755405382406,0.318245,-0.007777,9.84168
1755405382409,0.241675,0.004187,9.980762
1755405382412,0.339781,-0.017348,9.71486
1755405382413,0.217747,-0.026919,10.028619
1755405382417,0.375673,-0.007777,9.688539
1755405382418,0.155234,-0.026919,10.088439
1755405382421,0.349352,-0.000598,9.669396
1755405382423,0.20339,-0.062812,10.078868
1755405382425,0.375673,0.00658,9.738789
1755405382429,0.188734,-0.048455,10.069297
1755405382432,0.363709,-0.010169,9.616755
1755405382433,0.17677,-0.084347,10.112368
1755405382435,0.378066,-0.002991,9.667004
1755405382437,0.217747,-0.034098,10.045368
1755405382440,0.344566,0.018544,9.760324
1755405382443,0.229711,-0.091525,9.999905
1755405382444,0.303888,0.018544,9.810573
1755405382447,0.272782,-0.046062,9.961619
1755405382449,0.287139,0.013759,9.88475
1755405382452,0.318245,-0.038883,9.877572
1755405382454,0.229711,0.02333,9.956834
1755405382457,0.325424,-0.024526,9.757931
1755405382459,0.232104,-0.017348,10.023833
1755405382463,0.370888,-0.005384,9.712467
1755405382464,0.171984,-0.019741,10.057333
1755405382466,0.397209,-0.002991,9.647861
1755405382468,0.174377,-0.024526,10.093225
1755405382471,0.397209,-0.005384,9.645468
1755405382473,0.195912,-0.034098,10.100404
1755405382475,0.370888,0.020937,9.645468
1755405382478,0.150449,-0.067597,10.105189
1755405382480,0.356531,0.004187,9.676575
1755405382483,0.232104,-0.067597,10.098011
1755405382485,0.342174,0.00658,9.678967
1755405382488,0.210568,-0.022134,10.050154
1755405382491,0.39003,0.008973,9.710074
1755405382493,0.227318,-0.029312,10.023833
1755405382495,0.325424,-0.019741,9.765109
1755405382497,0.236889,-0.002991,9.954441
1755405382500,0.323031,-0.034098,9.858429
1755405382503,0.256032,-0.012562,9.937392
1755405382505,0.351745,-0.010169,9.820144
1755405382507,0.248854,-0.010169,9.911072
1755405382509,0.301496,-0.038883,9.863214
1755405382512,0.282353,0.001795,9.920643
1755405382514,0.303888,-0.007777,9.877572
1755405382516,0.289532,0.016152,9.913465
1755405382519,0.31346,-0.014955,9.872787
1755405382521,0.267996,0.025723,9.887143
1755405382524,0.306281,-0.043669,9.879965
1755405382526,0.267996,0.008973,9.899107
1755405382528,0.284746,-0.034098,9.879965
1755405382532,0.248854,-0.007777,9.879965
1755405382535,0.260818,-0.046062,9.851251
1755405382536,0.270389,0.011366,9.877572
1755405382538,0.323031,-0.036491,9.863214
1755405382540,0.270389,-0.010169,9.870394
1755405382544,0.294317,-0.05324,9.877572
1755405382545,0.277567,-0.014955,9.879965
1755405382548,0.301496,-0.010169,9.923036
1755405382550,0.241675,-0.007777,9.832108
1755405382552,0.320638,-0.022134,9.925428
1755405382555,0.289532,-0.038883,9.796216
1755405382557,0.294317,-0.031705,9.911072
1755405382559,0.31346,-0.012562,9.827323
1755405382562,0.299103,-0.000598,9.937392
1755405382565,0.272782,-0.026919,9.848858
1755405382567,0.277567,-0.024526,9.872787
1755405382569,0.306281,-0.014955,9.848858
1755405382571,0.284746,-0.002991,9.88475
1755405382574,0.277567,0.004187,9.863214
1755405382576,0.311067,-0.002991,9.877572
1755405382579,0.315853,-0.019741,9.865608
1755405382581,0.275175,-0.026919,9.915857
1755405382584,0.31346,-0.005384,9.836894
1755405382586,0.287139,-0.055633,9.891929
1755405382588,0.306281,-0.026919,9.851251
1755405382591,0.308674,-0.005384,9.906285
1755405382593,0.282353,-0.000598,9.860822
1755405382596,0.27996,-0.014955,9.894321
1755405382599,0.29671,0.02333,9.882358
1755405382601,0.29671,0.011366,9.889536
1755405382603,0.294317,0.001795,9.865608
1755405382605,0.263211,-0.007777,9.908679
1755405382608,0.270389,-0.022134,9.875179
1755405382610,0.294317,-0.022134,9.887143
1755405382614,0.270389,-0.005384,9.891929
1755405382616,0.284746,-0.024526,9.899107
1755405382620,0.31346,-0.024526,9.851251
1755405382622,0.291924,-0.036491,9.88475
1755405382624,0.27996,-0.029312,9.9015
1755405382626,0.263211,0.00658,9.805787
1755405382627,0.27996,0.004187,9.872787
1755405382629,0.260818,-0.019741,9.91825
1755405382633,0.284746,-0.012562,9.860822
1755405382634,0.308674,-0.024526,9.870394
1755405382636,0.265603,-0.024526,9.903893
1755405382639,0.31346,-0.007777,9.891929
1755405382641,0.306281,-0.029312,9.827323
1755405382644,0.267996,-0.002991,9.925428
1755405382646,0.323031,-0.012562,9.863214
1755405382648,0.315853,-0.012562,9.868001
1755405382651,0.287139,-0.005384,9.891929
1755405382653,0.267996,0.008973,9.903893
1755405382655,0.301496,-0.014955,9.815358
1755405382658,0.272782,-0.005384,9.868001
1755405382660,0.299103,-0.046062,9.923036
1755405382663,0.289532,-0.014955,9.875179
1755405382667,0.260818,-0.050847,9.853643
1755405382668,0.284746,-0.024526,9.911072
1755405382670,0.294317,-0.024526,9.812965
1755405382672,0.246461,-0.019741,9.97837
1755405382675,0.31346,-0.024526,9.887143
1755405382677,0.258425,-0.026919,9.903893
1755405382679,0.275175,-0.038883,9.848858
1755405382682,0.31346,-0.002991,9.908679
1755405382684,0.299103,-0.012562,9.949656
1755405382687,0.299103,0.013759,9.722038
1755405382689,0.272782,-0.041276,10.042975
1755405382692,0.299103,-0.026919,9.734002
1755405382694,0.195912,-0.014955,10.052547
1755405382697,0.325424,-0.041276,9.731609
1755405382699,0.241675,-0.002991,10.023833
1755405382701,0.337388,-0.017348,9.772287
1755405382703,0.244068,-0.017348,10.007083
1755405382706,0.356531,-0.026919,9.650253
1755405382708,0.208176,-0.043669,10.095618
1755405382711,0.380459,-0.038883,9.705289
1755405382713,0.22014,-0.034098,10.086046
1755405382715,0.409173,-0.002991,9.676575
1755405382718,0.200997,-0.036491,10.069297
1755405382720,0.346959,-0.000598,9.707682
1755405382723,0.188734,-0.05324,10.074082
1755405382725,0.349352,-0.010169,9.671789
1755405382727,0.205783,-0.050847,10.062119
1755405382730,0.320638,0.00658,9.719646
1755405382732,0.229711,-0.036491,10.081261
1755405382735,0.342174,0.004187,9.68136
1755405382737,0.198604,-0.034098,10.021441
1755405382739,0.349352,-0.026919,9.674182
1755405382743,0.222533,-0.031705,10.07169
1755405382744,0.342174,0.004187,9.717253
1755405382747,0.258425,-0.024526,10.090832
1755405382749,0.344566,-0.000598,9.710074
1755405382753,0.229711,-0.026919,10.03819
1755405382754,0.325424,-0.010169,9.762716
1755405382757,0.229711,-0.038883,9.961619
1755405382759,0.344566,-0.036491,9.74836
1755405382761,0.236889,-0.031705,10.019048
1755405382763,0.346959,-0.014955,9.753145
1755405382766,0.239282,-0.002991,10.040583
1755405382770,0.334995,-0.000598,9.760324
1755405382771,0.229711,-0.017348,10.045368
1755405382773,0.339781,-0.031705,9.760324
1755405382775,0.19352,-0.007777,9.983155
1755405382778,0.337388,-0.005384,9.743574
1755405382780,0.217747,-0.024526,9.990334
1755405382782,0.334995,0.00658,9.760324
1755405382787,0.210568,0.008973,9.971191
1755405382789,0.311067,-0.034098,9.777073
1755405382790,0.251246,0.00658,9.975977
1755405382793,0.366102,-0.019741,9.755538
1755405382795,0.256032,-0.031705,9.954441
1755405382797,0.361316,-0.043669,9.74836
1755405382800,0.234497,-0.022134,9.975977
1755405382802,0.337388,-0.010169,9.784252
1755405382804,0.210568,-0.026919,9.937392
1755405382807,0.318245,-0.031705,9.789038
1755405382809,0.248854,0.004187,9.944571
1755405382811,0.318245,-0.010169,9.82493
1755405382814,0.229711,-0.012562,9.925428
1755405382816,0.306281,-0.024526,9.858429
1755405382819,0.294317,-0.000598,9.865608
1755405382821,0.306281,-0.038883,9.908679
1755405382823,0.287139,0.016152,9.829716
1755405382826,0.291924,-0.017348,9.966406
1755405382829,0.289532,0.02333,9.777073
1755405382830,0.244068,-0.036491,10.03819
1755405382833,0.311067,0.020937,9.760324
1755405382835,0.256032,-0.048455,10.011869
1755405382838,0.306281,-0.048455,9.717253
1755405382840,0.244068,-0.036491,9.997512
1755405382843,0.284746,-0.017348,9.777073
1755405382845,0.270389,-0.014955,9.927821
1755405382847,0.270389,-0.038883,9.875179
1755405382849,0.263211,-0.022134,9.863214
1755405382852,0.301496,-0.038883,9.875179
1755405382855,0.248854,-0.060419,9.812965
1755405382857,0.275175,-0.019741,9.882358
1755405382859,0.27996,-0.029312,9.934999
1755405382862,0.284746,-0.000598,9.877572
1755405382864,0.265603,-0.007777,9.980762
1755405382867,0.301496,0.00658,9.817751
1755405382869,0.263211,-0.031705,9.927821
1755405382871,0.294317,-0.050847,9.726824
1755405382874,0.251246,-0.043669,9.91825
1755405382876,0.315853,-0.010169,9.865608
1755405382878,0.299103,0.001795,9.848858
1755405382881,0.29671,-0.019741,9.999905
1755405382883,0.315853,0.028116,9.836894
1755405382885,0.308674,-0.014955,9.968799
1755405382888,0.318245,-0.029312,9.803394
1755405382891,0.263211,-0.043669,9.891929
1755405382893,0.291924,-0.041276,9.77468
1755405382896,0.270389,-0.043669,9.846465
1755405382897,0.277567,-0.002991,9.961619
1755405382900,0.27996,0.052044,9.834501
1755405382903,0.236889,0.013759,10.064511
1755405382905,0.29671,0.001795,9.832108
1755405382907,0.239282,-0.048455,9.91825
1755405382910,0.299103,-0.046062,9.729217
1755405382912,0.270389,-0.014955,9.908679
1755405382915,0.318245,-0.014955,9.882358
1755405382917,0.308674,0.011366,9.834501
1755405382919,0.267996,0.004187,10.069297
1755405382922,0.318245,0.004187,9.827323
1755405382924,0.282353,-0.019741,9.920643
1755405382927,0.291924,-0.048455,9.722038
1755405382928,0.272782,-0.067597,9.879965
1755405382931,0.299103,-0.031705,9.875179
1755405382933,0.332602,0.064008,9.889536
1755405382936,0.256032,0.025723,10.07169
1755405382940,0.303888,0.013759,9.786645
1755405382941,0.251246,-0.091525,9.915857
1755405382944,0.270389,-0.08674,9.71486
1755405382945,0.234497,-0.038883,9.846465
1755405382948,0.289532,0.016152,9.964012
1755405382951,0.284746,0.073579,9.952048
1755405382952,0.267996,-0.005384,9.956834
1755405382957,0.306281,-0.077169,9.676575
1755405382959,0.301496,-0.120239,9.851251
1755405382960,0.311067,-0.038883,9.939785
1755405382962,0.303888,0.107079,9.971191
1755405382965,0.248854,0.047258,9.985548
1755405382967,0.301496,-0.060419,9.690931
1755405382969,0.234497,-0.194417,9.844072
1755405382974,0.303888,-0.072383,9.80818
1755405382975,0.287139,0.071186,10.042975
1755405382977,0.315853,0.085543,10.023833
1755405382979,0.306281,0.013759,9.77468
1755405382981,0.244068,-0.134596,9.786645
1755405382984,0.289532,-0.105882,9.789038
1755405382986,0.301496,0.030508,10.05494
1755405382988,0.315853,0.114257,9.923036
1755405382991,0.299103,-0.017348,9.79143
1755405382994,0.272782,-0.10349,9.992726
1755405382996,0.315853,0.037687,9.738789
1755405382998,0.239282,-0.017348,9.88475
1755405383000,0.303888,-0.034098,9.894321
1755405383003,0.344566,0.020937,9.894321
1755405383005,0.241675,-0.046062,9.899107
1755405383008,0.287139,0.00658,9.925428
1755405383011,0.339781,-0.067597,9.798609
1755405383013,0.234497,-0.060419,9.959227
1755405383015,0.323031,0.028116,9.908679
1755405383017,0.299103,0.013759,9.820144
1755405383020,0.263211,-0.038883,10.002297
1755405383022,0.31346,0.004187,9.803394
1755405383025,0.248854,-0.058026,9.870394
1755405383027,0.277567,-0.046062,9.920643
1755405383029,0.318245,0.030508,9.875179
1755405383032,0.251246,-0.046062,9.851251
1755405383034,0.272782,-0.050847,9.930214
1755405383036,0.334995,-0.010169,9.88475
1755405383039,0.181555,-0.017348,9.889536
1755405383042,0.287139,-0.029312,9.858429
1755405383044,0.287139,-0.048455,9.851251
1755405383046,0.289532,0.001795,9.908679
1755405383048,0.27996,0.016152,9.868001
1755405383051,0.315853,-0.024526,9.868001
1755405383053,0.299103,-0.007777,9.870394
1755405383056,0.318245,-0.010169,9.870394
1755405383058,0.287139,-0.012562,9.91825
1755405383061,0.270389,-0.014955,9.887143
1755405383063,0.294317,-0.022134,9.877572
1755405383065,0.282353,-0.012562,9.870394
1755405383068,0.267996,-0.046062,9.870394
1755405383070,0.229711,-0.038883,9.88475
1755405383073,0.272782,-0.024526,9.872787
1755405383076,0.275175,-0.005384,9.865608
1755405383077,0.315853,-0.038883,9.887143
1755405383080,0.294317,-0.031705,9.863214
1755405383082,0.275175,-0.014955,9.879965
1755405383084,0.284746,0.011366,9.894321
1755405383087,0.294317,-0.007777,9.899107
1755405383089,0.315853,0.001795,9.879965
1755405383092,0.311067,-0.046062,9.872787
1755405383095,0.270389,-0.055633,9.860822
1755405383096,0.260818,-0.019741,9.887143
1755405383099,0.270389,-0.024526,9.879965
1755405383101,0.306281,-0.014955,9.875179
1755405383103,0.306281,-0.046062,9.88475
1755405383107,0.265603,-0.010169,9.865608
1755405383110,0.272782,-0.031705,9.889536
1755405383111,0.31346,-0.05324,9.865608
1755405383114,0.287139,0.001795,9.860822
1755405383115,0.287139,-0.043669,9.877572
1755405383118,0.248854,-0.034098,9.894321
1755405383120,0.267996,-0.014955,9.887143
1755405383123,0.272782,0.018544,9.870394
1755405383127,0.294317,-0.007777,9.891929
1755405383129,0.306281,-0.022134,9.896714
1755405383131,0.287139,-0.010169,9.889536
1755405383132,0.27996,-0.019741,9.856036
1755405383135,0.29671,-0.034098,9.9015
1755405383137,0.282353,-0.024526,9.870394
1755405383139,0.27996,-0.017348,9.863214
1755405383143,0.284746,-0.038883,9.875179
1755405383145,0.282353,-0.022134,9.887143
1755405383147,0.29671,-0.005384,9.889536
1755405383149,0.294317,-0.041276,9.865608
1755405383151,0.282353,-0.060419,9.891929
1755405383155,0.287139,-0.038883,9.879965
1755405383156,0.282353,-0.000598,9.88475
1755405383160,0.253639,-0.000598,9.865608
1755405383162,0.263211,-0.010169,9.851251
1755405383163,0.291924,-0.065204,9.887143
1755405383166,0.265603,-0.012562,9.9015
1755405383168,0.270389,-0.005384,9.870394
1755405383170,0.265603,0.008973,9.891929
1755405383173,0.294317,-0.050847,9.870394
1755405383175,0.301496,0.004187,9.899107
1755405383178,0.291924,-0.005384,9.882358
1755405383180,0.289532,-0.007777,9.846465
1755405383183,0.303888,-0.010169,9.9015
1755405383185,0.301496,-0.007777,9.889536
1755405383187,0.267996,-0.038883,9.860822
1755405383190,0.265603,0.001795,9.848858
1755405383192,0.287139,-0.026919,9.875179
1755405383197,0.29671,-0.031705,9.889536
1755405383199,0.315853,-0.041276,9.913465
1755405383200,0.272782,-0.019741,9.865608
1755405383202,0.284746,-0.031705,9.860822
1755405383204,0.284746,-0.019741,9.870394
1755405383206,0.29671,-0.034098,9.923036
1755405383211,0.272782,-0.000598,9.875179
1755405383212,0.311067,0.001795,9.947263
1755405383214,0.306281,-0.005384,9.908679
1755405383216,0.294317,0.004187,9.959227
1755405383218,0.256032,0.001795,9.817751
1755405383221,0.284746,-0.022134,9.956834
1755405383223,0.236889,-0.029312,9.88475
1755405383226,0.246461,-0.000598,9.865608
1755405383229,0.282353,-0.048455,9.781859
1755405383230,0.256032,-0.05324,9.956834
1755405383233,0.37328,-0.022134,9.724431
1755405383235,0.181555,-0.048455,10.045368
1755405383237,0.401994,-0.005384,9.690931
1755405383240,0.212961,-0.074776,10.045368
1755405383243,0.37328,0.013759,9.767502
1755405383245,0.236889,-0.055633,9.997512
1755405383247,0.356531,0.004187,9.836894
1755405383250,0.29671,-0.046062,9.930214
1755405383252,0.251246,-0.002991,9.853643
1755405383255,0.33021,-0.022134,9.71486
1755405383257,0.20339,-0.034098,10.03819
1755405383259,0.375673,0.020937,9.674182
1755405383262,0.174377,-0.024526,10.093225
1755405383264,0.411565,0.00658,9.695718
1755405383266,0.212961,-0.012562,10.062119
1755405383269,0.387637,0.02333,9.760324
1755405383271,0.205783,-0.079561,10.019048
1755405383274,0.323031,0.052044,9.765109
1755405383276,0.227318,-0.065204,10.052547
1755405383279,0.299103,0.035294,9.762716
1755405383281,0.253639,-0.029312,10.019048
1755405383283,0.289532,0.013759,9.805787
1755405383286,0.31346,-0.005384,9.769895
1755405383288,0.232104,-0.022134,10.050154
1755405383290,0.361316,0.004187,9.671789
1755405383293,0.198604,-0.012562,10.086046
1755405383296,0.366102,-0.002991,9.719646
1755405383299,0.171984,0.001795,10.057333
1755405383300,0.368495,-0.010169,9.707682
1755405383302,0.22014,-0.050847,10.028619
1755405383305,0.366102,-0.031705,9.71486
1755405383307,0.222533,-0.079561,10.021441
1755405383310,0.342174,0.042473,9.772287
1755405383313,0.227318,-0.072383,10.026226
1755405383316,0.349352,0.032901,9.767502
1755405383318,0.251246,-0.06999,9.983155
1755405383319,0.287139,-0.002991,9.79143
1755405383321,0.284746,-0.034098,9.899107
1755405383324,0.301496,-0.012562,9.798609
1755405383326,0.265603,-0.017348,9.954441
1755405383330,0.33021,-0.000598,9.801002
1755405383334,0.256032,-0.065204,9.966406
1755405383336,0.299103,0.004187,9.798609
1755405383337,0.267996,-0.05324,9.983155
1755405383339,0.306281,0.016152,9.803394
1755405383341,0.282353,-0.022134,9.966406
1755405383344,0.272782,0.02333,9.839287
1755405383346,0.27996,-0.062812,9.923036
1755405383349,0.248854,-0.029312,9.853643
1755405383350,0.311067,-0.022134,9.894321
1755405383353,0.294317,0.001795,9.911072
1755405383355,0.354138,-0.065204,9.858429
1755405383358,0.236889,-0.002991,9.908679
1755405383360,0.334995,-0.024526,9.836894
1755405383364,0.241675,-0.010169,9.934999
1755405383365,0.303888,-0.017348,9.789038
1755405383367,0.210568,-0.007777,9.975977
1755405383369,0.306281,-0.022134,9.784252
1755405383372,0.241675,-0.038883,9.999905
1755405383374,0.366102,-0.019741,9.750752
1755405383378,0.224925,-0.048455,10.007083
1755405383380,0.368495,-0.017348,9.750752
1755405383382,0.205783,0.001795,10.002297
1755405383384,0.387637,-0.036491,9.719646
1755405383386,0.212961,-0.012562,10.014262
1755405383388,0.344566,-0.043669,9.717253
1755405383391,0.186341,-0.019741,10.03819
1755405383393,0.351745,0.001795,9.724431
1755405383396,0.246461,-0.019741,10.035797
1755405383399,0.382852,-0.010169,9.750752
1755405383401,0.210568,-0.024526,9.968799
1755405383403,0.358923,-0.048455,9.803394
1755405383405,0.267996,-0.041276,9.927821
1755405383408,0.346959,-0.005384,9.812965
1755405383410,0.222533,-0.002991,9.939785
1755405383413,0.344566,-0.014955,9.834501
1755405383416,0.232104,-0.024526,9.906285
1755405383418,0.327817,-0.029312,9.820144
1755405383421,0.232104,0.001795,9.9015
1755405383422,0.311067,-0.031705,9.88475
1755405383424,0.263211,-0.012562,9.88475
1755405383427,0.299103,-0.024526,9.887143
1755405383429,0.27996,-0.005384,9.848858
1755405383432,0.270389,-0.048455,9.949656
1755405383434,0.291924,-0.002991,9.760324
1755405383436,0.256032,-0.029312,9.959227
1755405383439,0.29671,0.004187,9.765109
1755405383441,0.246461,-0.019741,9.987941
1755405383444,0.31346,0.011366,9.724431
1755405383446,0.244068,-0.029312,10.05494
1755405383449,0.337388,0.00658,9.726824
1755405383453,0.248854,-0.050847,10.03819
1755405383454,0.337388,-0.007777,9.77468
1755405383456,0.236889,-0.007777,10.026226
1755405383458,0.320638,-0.026919,9.779466
1755405383460,0.256032,-0.022134,9.865608
1755405383463,0.272782,-0.043669,9.812965
1755405383466,0.275175,-0.019741,9.887143
1755405383468,0.306281,-0.050847,9.877572
1755405383470,0.287139,-0.010169,9.822537
1755405383472,0.272782,-0.031705,9.923036
1755405383475,0.325424,0.016152,9.801002
1755405383477,0.27996,-0.014955,9.985548
1755405383481,0.29671,-0.017348,9.765109
1755405383483,0.253639,-0.029312,10.042975
1755405383485,0.291924,-0.022134,9.827323
1755405383487,0.248854,-0.029312,9.891929
1755405383489,0.308674,-0.029312,9.777073
1755405383491,0.27996,0.004187,9.88475
1755405383494,0.27996,-0.036491,9.920643
1755405383497,0.291924,0.008973,9.832108
1755405383500,0.253639,-0.041276,9.932607
1755405383502,0.303888,0.004187,9.736395
1755405383504,0.253639,-0.038883,10.014262
1755405383506,0.342174,0.02333,9.734002
1755405383509,0.270389,-0.05324,10.069297
1755405383511,0.31346,-0.000598,9.817751
1755405383513,0.267996,-0.031705,9.952048
1755405383517,0.289532,0.008973,9.767502
1755405383519,0.244068,-0.014955,9.856036
1755405383521,0.291924,-0.038883,9.889536
1755405383523,0.267996,-0.029312,9.860822
1755405383525,0.272782,-0.043669,9.906285
1755405383527,0.318245,0.004187,9.74836
1755405383530,0.277567,-0.014955,10.016655
1755405383532,0.323031,0.030508,9.765109
1755405383537,0.234497,-0.036491,10.07169
1755405383538,0.332602,-0.012562,9.798609
1755405383540,0.251246,-0.022134,9.882358
1755405383542,0.291924,-0.050847,9.762716
1755405383544,0.272782,-0.007777,9.887143
1755405383547,0.256032,-0.048455,9.903893
1755405383549,0.291924,-0.019741,9.817751
1755405383552,0.258425,0.00658,9.990334
1755405383554,0.29671,0.011366,9.724431
1755405383556,0.227318,0.001795,10.088439
1755405383559,0.315853,0.008973,9.738789
1755405383561,0.253639,-0.050847,10.007083
1755405383564,0.303888,-0.026919,9.726824
1755405383566,0.244068,-0.034098,9.964012
1755405383569,0.27996,-0.024526,9.829716
1755405383571,0.275175,-0.014955,9.844072
1755405383573,0.256032,-0.000598,9.954441
1755405383575,0.277567,0.008973,9.724431
1755405383578,0.263211,-0.05324,9.908679
1755405383580,0.370888,-0.010169,9.932607
1755405383583,0.229711,0.008973,9.913465
1755405383586,0.232104,0.00658,9.726824
1755405383587,0.246461,-0.024526,9.674182
1755405383590,0.31346,-0.081954,9.796216
1755405383593,0.351745,-0.062812,9.939785
1755405383594,0.253639,-0.007777,9.803394
1755405383597,0.306281,-0.005384,9.877572
1755405383599,0.33021,0.004187,10.031012
1755405383602,0.244068,0.025723,9.889536
1755405383604,0.236889,0.00658,9.903893
1755405383607,0.325424,-0.034098,9.870394
1755405383609,0.323031,0.004187,9.870394
1755405383611,0.270389,0.018544,9.903893
1755405383614,0.246461,0.025723,9.899107
1755405383617,0.222533,-0.046062,9.82493
1755405383619,0.318245,-0.036491,9.84168
1755405383621,0.12652,0.04008,9.576077
1755405383623,0.287139,-0.022134,9.966406
1755405383626,0.198604,-0.024526,9.683753
1755405383628,0.217747,-0.007777,9.796216
1755405383631,0.299103,-0.036491,10.102797
1755405383633,0.339781,-0.031705,9.815358
1755405383636,0.323031,-0.048455,9.97837
1755405383640,0.272782,-0.007777,9.796216
1755405383642,0.306281,-0.026919,9.868001
1755405383643,0.282353,-0.043669,9.88475
1755405383645,0.270389,0.00658,9.80818
1755405383647,0.315853,-0.048455,9.964012
1755405383650,0.27996,-0.029312,9.882358
1755405383653,0.301496,-0.034098,9.844072
1755405383656,0.323031,-0.026919,9.863214
1755405383657,0.31346,-0.046062,9.882358
1755405383659,0.263211,-0.022134,9.872787
1755405383662,0.291924,-0.029312,9.868001
1755405383664,0.272782,-0.000598,9.865608
1755405383667,0.253639,-0.022134,9.868001
1755405383670,0.265603,-0.041276,9.879965
1755405383672,0.229711,0.013759,9.860822
1755405383674,0.265603,-0.007777,9.894321
1755405383676,0.27996,-0.014955,9.882358
1755405383678,0.284746,-0.005384,9.877572
1755405383681,0.282353,-0.012562,9.872787
1755405383684,0.272782,-0.029312,9.877572
1755405383687,0.267996,-0.017348,9.877572
1755405383689,0.265603,-0.010169,9.882358
1755405383691,0.282353,-0.029312,9.868001
1755405383693,0.325424,-0.007777,9.889536
1755405383696,0.275175,-0.005384,9.9015
1755405383698,0.289532,-0.034098,9.863214
1755405383700,0.265603,-0.041276,9.868001
1755405383704,0.284746,0.013759,9.887143
1755405383705,0.263211,-0.029312,9.879965
1755405383707,0.284746,-0.000598,9.858429
1755405383710,0.306281,-0.034098,9.879965
1755405383712,0.282353,-0.017348,9.889536
1755405383714,0.267996,-0.014955,9.88475
1755405383717,0.270389,-0.014955,9.894321
1755405383721,0.27996,-0.041276,9.882358
1755405383722,0.311067,-0.014955,9.896714
1755405383724,0.29671,-0.038883,9.879965
1755405383727,0.270389,-0.046062,9.879965
1755405383729,0.301496,-0.034098,9.889536
1755405383731,0.267996,-0.005384,9.88475
1755405383734,0.287139,0.018544,9.896714
1755405383736,0.27996,-0.007777,9.944571
1755405383739,0.289532,-0.010169,9.784252
1755405383741,0.284746,-0.019741,9.868001
1755405383744,0.260818,-0.029312,9.891929
1755405383745,0.260818,-0.029312,9.961619
1755405383748,0.267996,0.008973,9.812965
1755405383750,0.327817,-0.043669,9.939785
1755405383753,0.308674,0.016152,9.848858
1755405383755,0.287139,0.011366,9.868001
1755405383757,0.315853,-0.007777,9.877572
1755405383760,0.272782,-0.046062,9.820144
1755405383762,0.267996,0.00658,9.927821
1755405383767,0.287139,-0.002991,9.767502
1755405383769,0.239282,-0.046062,9.959227
1755405383770,0.318245,-0.007777,9.762716
1755405383773,0.251246,0.00658,10.016655
1755405383775,0.334995,0.001795,9.844072
1755405383777,0.244068,-0.014955,9.949656
1755405383779,0.318245,-0.000598,9.822537
1755405383781,0.267996,-0.036491,9.934999
1755405383784,0.318245,-0.026919,9.870394
1755405383786,0.272782,-0.022134,9.858429
1755405383789,0.311067,-0.041276,9.822537
1755405383791,0.239282,0.013759,9.851251
1755405383794,0.301496,-0.031705,9.848858
1755405383796,0.291924,0.001795,9.908679
1755405383798,0.287139,-0.043669,9.896714
1755405383801,0.303888,-0.002991,9.856036
1755405383803,0.277567,-0.019741,9.903893
1755405383807,0.301496,0.001795,9.846465
1755405383808,0.263211,0.016152,9.889536
1755405383810,0.311067,0.00658,9.755538
1755405383813,0.232104,-0.002991,9.983155
1755405383815,0.31346,-0.022134,9.786645
1755405383817,0.258425,-0.019741,10.042975
1755405383820,0.33021,-0.043669,9.827323
1755405383823,0.277567,-0.005384,9.937392
1755405383825,0.344566,-0.010169,9.700503
1755405383827,0.248854,-0.043669,10.023833
1755405383829,0.31346,0.018544,9.705289
1755405383832,0.251246,-0.022134,10.028619
1755405383834,0.318245,-0.026919,9.903893
1755405383837,0.248854,-0.029312,9.860822
1755405383840,0.294317,-0.012562,9.79143
1755405383842,0.217747,-0.000598,9.863214
1755405383844,0.277567,-0.046062,9.903893
1755405383847,0.301496,0.004187,9.937392
1755405383849,0.287139,-0.024526,9.836894
1755405383851,0.31346,-0.012562,9.762716
1755405383853,0.287139,-0.002991,9.971191
1755405383857,0.27996,0.018544,9.829716
1755405383860,0.277567,-0.002991,10.00469
1755405383861,0.306281,0.001795,9.772287
1755405383863,0.236889,-0.019741,10.026226
1755405383866,0.337388,-0.000598,9.817751
1755405383868,0.270389,-0.048455,10.011869
1755405383870,0.332602,-0.012562,9.789038
1755405383872,0.253639,-0.034098,9.810573
1755405383875,0.31346,-0.060419,9.925428
1755405383877,0.291924,-0.041276,9.939785
1755405383880,0.301496,-0.034098,9.815358
1755405383882,0.308674,-0.029312,9.745967
1755405383884,0.244068,-0.010169,10.014262
1755405383888,0.29671,-0.002991,9.753145
1755405383889,0.260818,-0.007777,9.990334
1755405383892,0.291924,-0.002991,9.856036
1755405383894,0.258425,-0.038883,9.944571
1755405383897,0.260818,-0.010169,9.671789
1755405383899,0.258425,0.004187,9.942178
1755405383901,0.299103,-0.031705,9.887143
1755405383904,0.277567,-0.043669,9.781859
1755405383906,0.284746,-0.017348,10.016655
1755405383909,0.323031,0.001795,9.79143
1755405383911,0.287139,0.02333,10.011869
1755405383913,0.27996,-0.007777,9.985548
1755405383916,0.210568,-0.012562,9.803394
1755405383918,0.301496,-0.046062,9.750752
1755405383920,0.248854,-0.038883,10.007083
1755405383925,0.303888,-0.050847,9.798609
1755405383926,0.289532,0.020937,9.903893
1755405383928,0.263211,-0.007777,9.908679
1755405383930,0.284746,0.004187,9.798609
1755405383933,0.289532,-0.029312,10.086046
1755405383935,0.284746,-0.012562,9.573684
1755405383937,0.287139,-0.038883,10.011869
1755405383940,0.294317,-0.043669,9.810573
1755405383943,0.31346,-0.000598,9.932607
1755405383944,0.287139,0.032901,9.858429
1755405383947,0.31346,0.030508,9.772287
1755405383949,0.267996,0.004187,10.155438
1755405383952,0.291924,-0.022134,9.609575
1755405383954,0.306281,-0.019741,9.983155
1755405383956,0.282353,0.011366,9.777073
1755405383959,0.315853,0.001795,10.035797
1755405383963,0.275175,0.008973,9.724431
1755405383964,0.299103,0.001795,9.964012
1755405383966,0.277567,-0.048455,9.997512
1755405383969,0.299103,-0.031705,9.686146
1755405383971,0.29671,-0.043669,9.949656
1755405383973,0.301496,-0.038883,9.863214
1755405383976,0.301496,-0.029312,9.894321
1755405383978,0.277567,0.037687,9.822537
1755405383981,0.327817,0.016152,10.023833
1755405383983,0.275175,-0.005384,9.762716
1755405383986,0.260818,-0.022134,9.805787
1755405383987,0.232104,-0.012562,9.872787
1755405383990,0.275175,-0.05324,9.975977
1755405383993,0.258425,0.001795,9.700503
1755405383995,0.294317,0.00658,10.205688
1755405383997,0.277567,-0.005384,9.743574
1755405384000,0.287139,-0.036491,9.964012
1755405384002,0.323031,-0.060419,9.796216
1755405384004,0.325424,-0.031705,10.014262
1755405384007,0.265603,0.016152,9.753145
1755405384010,0.306281,0.04008,9.992726
1755405384012,0.270389,-0.026919,9.896714
1755405384014,0.282353,-0.024526,9.74836
1755405384016,0.267996,-0.026919,9.903893
1755405384019,0.294317,-0.055633,9.925428
1755405384021,0.31346,-0.012562,9.79143
1755405384023,0.306281,0.016152,9.944571
1755405384027,0.325424,-0.010169,10.019048
1755405384029,0.246461,-0.05324,9.812965
1755405384031,0.277567,-0.060419,9.750752
1755405384034,0.31346,-0.072383,9.88475
1755405384036,0.301496,-0.050847,9.949656
1755405384038,0.306281,-0.000598,9.707682
1755405384040,0.289532,0.025723,10.109975
1755405384044,0.308674,0.011366,9.798609
1755405384046,0.267996,-0.058026,9.923036
1755405384047,0.287139,-0.06999,9.750752
1755405384050,0.263211,-0.046062,9.899107
1755405384053,0.260818,0.016152,9.949656
1755405384055,0.272782,0.037687,9.832108
1755405384057,0.246461,-0.005384,9.973584
1755405384059,0.270389,-0.041276,9.753145
1755405384062,0.227318,-0.058026,9.966406
1755405384065,0.272782,-0.058026,9.789038
1755405384067,0.263211,-0.024526,9.851251
1755405384069,0.294317,-0.002991,9.952048
1755405384071,0.267996,0.04008,9.80818
1755405384074,0.275175,0.004187,9.973584
1755405384076,0.33021,-0.002991,9.872787
1755405384079,0.253639,-0.041276,9.915857
1755405384081,0.282353,-0.048455,9.762716
1755405384083,0.294317,-0.072383,9.872787
1755405384086,0.308674,-0.041276,9.932607
1755405384088,0.27996,0.025723,9.798609
1755405384091,0.308674,-0.036491,9.990334
1755405384093,0.275175,-0.034098,9.853643
1755405384096,0.251246,-0.041276,9.934999
1755405384098,0.277567,-0.034098,9.757931
1755405384100,0.267996,-0.026919,9.942178
1755405384103,0.315853,-0.036491,9.882358
1755405384105,0.275175,-0.002991,9.856036
1755405384107,0.291924,-0.019741,9.949656
1755405384110,0.282353,0.011366,9.796216
1755405384113,0.289532,-0.038883,9.959227
1755405384114,0.291924,0.004187,9.822537
1755405384117,0.260818,0.001795,9.949656
1755405384119,0.258425,0.004187,9.82493
1755405384122,0.277567,-0.005384,9.882358
1755405384124,0.241675,-0.010169,9.870394
1755405384126,0.241675,-0.017348,9.856036
1755405384130,0.246461,-0.017348,9.872787
1755405384132,0.289532,0.02333,9.856036
1755405384134,0.287139,-0.005384,9.875179
1755405384136,0.270389,-0.024526,9.863214
1755405384139,0.267996,-0.031705,9.889536
1755405384141,0.260818,-0.046062,9.870394
1755405384143,0.29671,-0.048455,9.879965
1755405384146,0.339781,-0.029312,9.899107
1755405384148,0.277567,-0.046062,9.879965
1755405384151,0.251246,-0.019741,9.875179
1755405384153,0.258425,0.00658,9.889536
1755405384155,0.267996,-0.000598,9.882358
1755405384158,0.287139,-0.022134,9.88475
1755405384160,0.315853,-0.012562,9.882358
1755405384162,0.27996,-0.002991,9.879965
1755405384165,0.282353,-0.007777,9.863214
1755405384167,0.299103,-0.036491,9.9015
1755405384170,0.320638,-0.012562,9.877572
1755405384172,0.301496,0.008973,9.863214
1755405384174,0.27996,0.004187,9.903893
1755405384177,0.258425,-0.014955,9.88475
1755405384180,0.272782,-0.012562,9.877572
1755405384183,0.282353,-0.002991,9.865608
1755405384184,0.239282,-0.005384,9.858429
1755405384187,0.272782,-0.014955,9.875179
1755405384189,0.289532,-0.029312,9.879965
1755405384191,0.277567,0.001795,9.887143
1755405384194,0.282353,-0.026919,9.887143
1755405384197,0.289532,-0.012562,9.877572
1755405384199,0.291924,-0.026919,9.875179
1755405384201,0.29671,-0.050847,9.877572
1755405384203,0.272782,-0.022134,9.889536
1755405384206,0.258425,-0.007777,9.863214
1755405384208,0.301496,0.001795,9.91825
1755405384210,0.318245,-0.024526,9.889536
1755405384214,0.306281,-0.002991,9.868001
1755405384219,0.277567,-0.022134,9.860822
1755405384220,0.260818,-0.036491,9.887143
1755405384221,0.291924,-0.031705,9.882358
1755405384222,0.294317,-0.005384,9.896714
1755405384225,0.315853,0.001795,9.868001
1755405384227,0.282353,-0.005384,9.860822
1755405384231,0.272782,-0.005384,9.896714
1755405384234,0.265603,-0.017348,9.860822
1755405384235,0.270389,-0.010169,9.860822
1755405384237,0.275175,-0.012562,9.889536
1755405384239,0.263211,-0.031705,9.877572
1755405384242,0.263211,-0.002991,9.908679
1755405384244,0.306281,-0.017348,9.853643
1755405384248,0.299103,-0.007777,9.899107
1755405384249,0.31346,-0.007777,9.903893
1755405384251,0.311067,-0.005384,9.858429
1755405384254,0.253639,0.008973,9.882358
1755405384256,0.289532,-0.031705,9.848858
1755405384258,0.289532,-0.010169,9.882358
1755405384261,0.289532,-0.034098,9.846465
1755405384263,0.263211,-0.050847,9.908679
1755405384266,0.267996,-0.031705,9.863214
1755405384268,0.260818,0.00658,9.896714
1755405384270,0.27996,-0.019741,9.868001
1755405384273,0.301496,-0.019741,9.882358
1755405384275,0.303888,-0.034098,9.882358
1755405384277,0.272782,-0.022134,9.870394
1755405384280,0.275175,-0.034098,9.870394
1755405384284,0.272782,-0.017348,9.868001
1755405384286,0.287139,-0.017348,9.91825
1755405384287,0.267996,-0.010169,9.868001
1755405384289,0.327817,-0.05324,9.877572
1755405384292,0.299103,-0.017348,9.877572
1755405384295,0.294317,-0.010169,9.870394
1755405384297,0.265603,-0.048455,9.896714
1755405384299,0.267996,-0.038883,9.872787
1755405384302,0.27996,-0.046062,9.853643
1755405384304,0.289532,-0.026919,9.836894
1755405384306,0.277567,-0.029312,9.879965
1755405384309,0.282353,-0.014955,9.872787
1755405384311,0.272782,-0.010169,9.882358
1755405384313,0.272782,-0.005384,9.860822
1755405384316,0.277567,-0.031705,9.858429
1755405384318,0.306281,-0.024526,9.868001
1755405384321,0.301496,-0.031705,9.868001
1755405384323,0.291924,-0.029312,9.894321
1755405384325,0.311067,-0.000598,9.887143
1755405384328,0.289532,-0.017348,9.896714
1755405384330,0.308674,-0.026919,9.906285
1755405384334,0.275175,0.008973,9.865608
1755405384336,0.270389,-0.014955,9.894321
1755405384339,0.282353,-0.007777,9.868001
1755405384340,0.301496,-0.034098,9.896714
1755405384343,0.270389,-0.019741,9.868001
1755405384344,0.277567,-0.024526,9.863214
1755405384347,0.287139,-0.022134,9.875179
1755405384349,0.287139,-0.019741,9.870394
1755405384352,0.265603,0.001795,9.891929
1755405384354,0.260818,-0.029312,9.877572
1755405384357,0.291924,-0.017348,9.870394
1755405384359,0.29671,-0.000598,9.879965
1755405384361,0.29671,-0.026919,9.870394
1755405384364,0.284746,-0.012562,9.879965
1755405384367,0.27996,-0.012562,9.891929
1755405384369,0.29671,-0.038883,9.887143
1755405384371,0.277567,-0.046062,9.860822
1755405384373,0.272782,-0.022134,9.891929
1755405384376,0.31346,-0.022134,9.9015
1755405384378,0.291924,-0.024526,9.903893
1755405384381,0.272782,-0.029312,9.903893
1755405384384,0.27996,-0.007777,9.872787
1755405384387,0.284746,-0.022134,9.875179
1755405384388,0.284746,0.016152,9.889536
1755405384390,0.284746,-0.007777,9.865608
1755405384392,0.287139,-0.024526,9.872787
1755405384395,0.267996,-0.022134,9.856036
1755405384397,0.232104,-0.024526,9.879965
1755405384401,0.287139,0.001795,9.870394
1755405384404,0.265603,-0.017348,9.879965
1755405384405,0.263211,-0.031705,9.84168
1755405384407,0.270389,-0.031705,9.875179
1755405384409,0.277567,-0.007777,9.882358
1755405384411,0.303888,-0.029312,9.877572
1755405384414,0.301496,-0.007777,9.889536
1755405384417,0.29671,-0.050847,9.899107
1755405384419,0.282353,-0.019741,9.865608
1755405384421,0.301496,-0.041276,9.851251
1755405384424,0.272782,-0.005384,9.863214
1755405384426,0.291924,-0.026919,9.877572
1755405384428,0.291924,-0.024526,9.865608
1755405384431,0.284746,-0.000598,9.889536
1755405384433,0.267996,-0.000598,9.887143
1755405384436,0.284746,-0.029312,9.88475
1755405384438,0.311067,-0.041276,9.860822
1755405384440,0.29671,-0.024526,9.858429
1755405384443,0.267996,-0.024526,9.891929
1755405384445,0.282353,0.001795,9.882358
1755405384448,0.256032,-0.031705,9.889536
1755405384450,0.275175,-0.043669,9.853643
1755405384452,0.289532,-0.024526,9.896714
1755405384455,0.263211,-0.007777,9.858429
1755405384458,0.320638,-0.026919,9.908679
1755405384460,0.284746,0.020937,9.860822
1755405384462,0.284746,-0.048455,9.844072
1755405384464,0.256032,-0.019741,9.999905
1755405384467,0.33021,-0.000598,9.669396
1755405384470,0.183948,-0.081954,10.090832
1755405384472,0.380459,0.092722,9.736395
1755405384474,0.234497,-0.081954,9.920643
1755405384476,0.248854,-0.000598,9.959227
1755405384479,0.361316,-0.005384,9.667004
1755405384481,0.112164,-0.065204,10.133903
1755405384484,0.430708,0.073579,9.609575
1755405384487,0.162413,-0.091525,10.107582
1755405384491,0.318245,0.052044,9.793823
1755405384492,0.354138,-0.067597,9.846465
1755405384494,0.186341,-0.036491,10.069297
1755405384496,0.42353,-0.002991,9.60479
1755405384498,0.131306,-0.08674,10.193724
1755405384500,0.428315,0.059222,9.578469
1755405384503,0.179163,-0.089133,10.064511
1755405384508,0.334995,0.016152,9.755538
1755405384509,0.299103,-0.022134,9.975977
1755405384510,0.277567,-0.024526,9.836894
1755405384512,0.287139,-0.022134,9.925428
1755405384515,0.275175,-0.031705,9.810573
1755405384517,0.241675,-0.010169,9.915857
1755405384520,0.327817,0.00658,9.820144
1755405384522,0.265603,-0.019741,9.956834
1755405384524,0.318245,-0.005384,9.817751
1755405384527,0.270389,-0.036491,9.899107
1755405384529,0.294317,-0.029312,9.856036
1755405384531,0.303888,-0.017348,9.879965
1755405384534,0.284746,-0.029312,9.91825
1755405384537,0.342174,-0.019741,9.868001
1755405384539,0.258425,-0.036491,9.925428
1755405384541,0.315853,-0.014955,9.848858
1755405384544,0.291924,-0.022134,9.887143
1755405384546,0.263211,-0.012562,9.891929
1755405384548,0.33021,0.018544,10.007083
1755405384551,0.236889,-0.012562,9.839287
1755405384554,0.277567,-0.036491,9.793823
1755405384556,0.217747,-0.014955,9.777073
1755405384558,0.258425,-0.036491,9.812965
1755405384560,0.275175,-0.002991,9.853643
1755405384563,0.256032,-0.017348,9.817751
1755405384565,0.303888,-0.036491,9.848858
1755405384567,0.291924,-0.031705,9.899107
1755405384571,0.323031,-0.029312,9.872787
1755405384574,0.323031,-0.026919,9.860822
1755405384576,0.27996,-0.041276,9.899107
1755405384577,0.294317,0.016152,9.896714
1755405384580,0.267996,-0.041276,9.82493
1755405384582,0.258425,-0.05324,9.939785
1755405384584,0.287139,-0.010169,9.875179
1755405384588,0.284746,-0.000598,9.889536
1755405384591,0.260818,-0.014955,9.863214
1755405384593,0.294317,-0.041276,9.870394
1755405384594,0.289532,-0.038883,9.877572
1755405384596,0.265603,-0.012562,9.964012
1755405384599,0.323031,0.032901,9.827323
1755405384601,0.208176,-0.105882,9.903893
1755405384605,0.306281,0.016152,9.875179
1755405384606,0.315853,-0.022134,9.760324
1755405384609,0.188734,-0.038883,10.016655
1755405384611,0.437887,0.020937,9.822537
1755405384613,0.22014,-0.077169,9.987941
1755405384615,0.308674,0.00658,9.80818
1755405384618,0.342174,-0.048455,9.836894
1755405384622,0.224925,-0.012562,9.964012
1755405384624,0.344566,0.028116,9.719646
1755405384625,0.167198,-0.034098,10.078868
1755405384627,0.368495,0.032901,9.796216
1755405384630,0.239282,-0.050847,9.985548
1755405384632,0.301496,0.013759,9.82493
1755405384635,0.294317,-0.041276,9.91825
1755405384637,0.275175,-0.022134,9.903893
1755405384640,0.349352,-0.024526,9.820144
1755405384642,0.244068,-0.026919,9.942178
1755405384644,0.325424,-0.031705,9.82493
1755405384647,0.258425,-0.029312,9.908679
1755405384649,0.31346,-0.038883,9.868001
1755405384651,0.291924,-0.012562,9.889536
1755405384654,0.299103,-0.012562,9.906285
1755405384657,0.27996,-0.005384,9.870394
1755405384659,0.31346,-0.029312,9.882358
1755405384661,0.253639,-0.046062,9.879965
1755405384663,0.306281,-0.022134,9.846465
1755405384666,0.260818,-0.046062,9.894321
1755405384668,0.299103,-0.017348,9.856036
1755405384671,0.277567,-0.036491,9.889536
1755405384673,0.256032,-0.017348,9.877572
1755405384675,0.306281,-0.024526,9.844072
1755405384678,0.301496,-0.024526,9.889536
1755405384680,0.31346,-0.014955,9.822537
1755405384683,0.282353,-0.048455,9.9015
1755405384685,0.246461,-0.055633,9.872787
1755405384687,0.287139,-0.000598,9.870394
1755405384690,0.284746,-0.005384,9.875179
1755405384692,0.291924,-0.010169,9.860822
1755405384695,0.256032,-0.019741,9.860822
1755405384697,0.282353,-0.024526,9.870394
1755405384699,0.301496,-0.007777,9.920643
1755405384702,0.294317,-0.010169,9.887143
1755405384704,0.294317,-0.024526,9.743574
1755405384707,0.272782,-0.026919,9.889536
1755405384709,0.294317,-0.046062,9.906285
1755405384711,0.260818,-0.022134,9.894321
1755405384714,0.287139,-0.014955,9.877572
1755405384716,0.287139,-0.010169,9.887143
1755405384718,0.284746,-0.012562,9.868001
1755405384721,0.27996,-0.005384,9.908679
1755405384724,0.31346,-0.002991,9.887143
1755405384728,0.265603,-0.014955,9.9015
1755405384730,0.308674,-0.000598,9.820144
1755405384731,0.251246,-0.065204,9.923036
1755405384733,0.308674,0.018544,9.810573
1755405384735,0.265603,-0.014955,9.964012
1755405384738,0.275175,-0.014955,9.860822
1755405384741,0.323031,-0.041276,9.724431
1755405384746,0.222533,-0.022134,10.014262
1755405384747,0.334995,-0.043669,9.789038
1755405384748,0.248854,-0.024526,9.97837
1755405384750,0.346959,-0.002991,9.726824
1755405384752,0.19352,-0.038883,10.028619
1755405384754,0.334995,0.011366,9.729217
1755405384758,0.239282,-0.081954,10.014262
1755405384760,0.354138,-0.017348,9.853643
1755405384762,0.181555,-0.046062,9.932607
1755405384764,0.315853,0.030508,9.860822
1755405384766,0.251246,-0.034098,9.966406
1755405384769,0.299103,0.030508,9.803394
1755405384771,0.31346,-0.055633,9.985548
1755405384775,0.320638,0.011366,9.779466
1755405384777,0.33021,-0.031705,9.954441
1755405384779,0.263211,-0.017348,9.815358
1755405384781,0.320638,-0.005384,9.853643
1755405384785,0.27996,-0.031705,9.889536
1755405384786,0.342174,-0.038883,9.803394
1755405384788,0.215354,-0.038883,9.97837
1755405384792,0.342174,-0.005384,9.74836
1755405384793,0.217747,-0.019741,10.00469
1755405384795,0.370888,0.004187,9.743574
1755405384798,0.241675,-0.024526,10.009477
1755405384800,0.325424,-0.026919,9.745967
1755405384802,0.272782,-0.022134,10.021441
1755405384805,0.358923,-0.010169,9.745967
1755405384807,0.239282,-0.050847,10.019048
1755405384809,0.325424,-0.024526,9.789038
1755405384812,0.227318,-0.014955,10.026226
1755405384814,0.31346,-0.017348,9.772287
1755405384817,0.22014,-0.024526,10.002297
1755405384819,0.337388,0.00658,9.750752
1755405384821,0.263211,-0.026919,10.007083
1755405384824,0.354138,-0.017348,9.710074
1755405384827,0.232104,-0.038883,10.031012
1755405384829,0.382852,0.001795,9.724431
1755405384832,0.244068,-0.036491,10.042975
1755405384833,0.394816,0.008973,9.698111
1755405384836,0.232104,-0.026919,10.033404
1755405384839,0.354138,0.001795,9.705289
1755405384841,0.195912,-0.041276,10.047761
1755405384843,0.392423,-0.010169,9.693324
1755405384846,0.198604,-0.036491,10.03819
1755405384848,0.361316,0.008973,9.71486
1755405384850,0.200997,-0.026919,10.026226
1755405384853,0.366102,-0.034098,9.71486
1755405384855,0.186341,-0.022134,9.999905
1755405384857,0.325424,-0.005384,9.74836
1755405384860,0.241675,-0.062812,9.985548
1755405384862,0.33021,0.001795,9.753145
1755405384865,0.232104,-0.041276,10.009477
1755405384867,0.284746,0.008973,9.793823
1755405384869,0.248854,0.001795,10.002297
1755405384872,0.282353,-0.002991,9.726824
1755405384874,0.236889,-0.041276,9.992726
1755405384877,0.306281,-0.000598,9.753145
1755405384879,0.299103,-0.058026,10.026226
1755405384881,0.334995,0.011366,9.710074
1755405384884,0.282353,-0.036491,10.028619
1755405384886,0.318245,0.011366,9.731609
1755405384889,0.270389,-0.06999,10.050154
1755405384891,0.327817,0.004187,9.722038
1755405384894,0.241675,-0.036491,10.045368
1755405384896,0.311067,0.030508,9.755538
1755405384898,0.275175,-0.05324,10.062119
1755405384900,0.301496,0.008973,9.74836
1755405384903,0.282353,-0.041276,10.028619
1755405384906,0.318245,0.001795,9.755538
1755405384908,0.263211,-0.034098,10.033404
1755405384911,0.291924,-0.017348,9.765109
1755405384913,0.260818,-0.026919,10.00469
1755405384915,0.284746,0.00658,9.789038
1755405384917,0.260818,-0.012562,9.968799
1755405384920,0.315853,-0.024526,9.77468
1755405384922,0.239282,-0.072383,9.992726
1755405384924,0.301496,0.025723,9.79143
1755405384928,0.239282,-0.038883,9.961619
1755405384930,0.318245,0.00658,9.798609
1755405384931,0.272782,-0.046062,9.968799
1755405384934,0.33021,-0.002991,9.789038
1755405384937,0.265603,-0.012562,9.97837
1755405384939,0.289532,0.00658,9.753145
1755405384942,0.217747,-0.048455,9.975977
1755405384945,0.282353,-0.017348,9.786645
1755405384949,0.236889,-0.055633,9.959227
1755405384950,0.306281,-0.022134,9.827323
1755405384951,0.272782,-0.019741,9.927821
1755405384953,0.315853,-0.002991,9.834501
1755405384956,0.251246,-0.034098,9.913465
1755405384958,0.29671,-0.019741,9.848858
1755405384960,0.284746,-0.048455,9.88475
1755405384963,0.320638,-0.026919,9.865608
1755405384965,0.270389,-0.05324,9.887143
1755405384967,0.291924,-0.036491,9.887143
1755405384970,0.270389,-0.043669,9.870394
1755405384972,0.291924,-0.010169,9.851251
1755405384975,0.27996,-0.029312,9.877572
1755405384977,0.272782,-0.010169,9.872787
1755405384980,0.27996,-0.055633,9.908679
1755405384982,0.284746,-0.005384,9.844072
1755405384984,0.284746,-0.036491,9.908679
1755405384987,0.27996,-0.012562,9.84168
1755405384989,0.265603,-0.036491,9.939785
1755405384991,0.270389,-0.005384,9.822537
1755405384994,0.265603,-0.024526,9.91825
1755405384996,0.27996,-0.007777,9.810573
1755405384999,0.318245,-0.005384,9.923036
1755405385001,0.272782,0.004187,9.817751
1755405385004,0.260818,-0.022134,9.91825
1755405385006,0.227318,-0.014955,9.827323
1755405385008,0.272782,-0.041276,9.906285
1755405385011,0.229711,-0.024526,9.846465
1755405385013,0.31346,-0.019741,9.927821
1755405385015,0.27996,-0.007777,9.846465
1755405385018,0.315853,-0.036491,9.932607
1755405385020,0.27996,0.008973,9.812965
1755405385023,0.282353,-0.046062,9.942178
1755405385025,0.287139,0.016152,9.820144
1755405385028,0.29671,-0.022134,9.927821
1755405385031,0.27996,-0.002991,9.82493
1755405385033,0.277567,-0.05324,9.923036
1755405385035,0.287139,-0.014955,9.820144
1755405385037,0.253639,-0.050847,9.927821
1755405385040,0.284746,0.032901,9.827323
1755405385042,0.289532,-0.019741,9.889536
1755405385044,0.308674,0.032901,9.82493
1755405385047,0.31346,-0.041276,9.870394
1755405385050,0.277567,0.032901,9.844072
1755405385051,0.275175,-0.036491,9.903893
1755405385055,0.248854,-0.010169,9.834501
1755405385057,0.265603,-0.036491,9.868001
1755405385059,0.294317,0.016152,9.848858
1755405385061,0.272782,-0.034098,9.925428
1755405385064,0.282353,-0.026919,9.781859
1755405385067,0.234497,0.008973,9.947263
1755405385069,0.277567,-0.000598,9.772287
1755405385071,0.234497,-0.014955,9.987941
1755405385073,0.311067,0.018544,9.750752
1755405385075,0.258425,-0.022134,9.999905
1755405385078,0.31346,-0.012562,9.755538
1755405385081,0.234497,-0.012562,10.009477
1755405385083,0.358923,0.004187,9.743574
1755405385085,0.234497,-0.026919,10.047761
1755405385088,0.301496,-0.005384,9.750752
1755405385090,0.258425,-0.022134,9.975977
1755405385092,0.306281,-0.017348,9.77468
1755405385095,0.256032,-0.014955,9.949656
1755405385098,0.31346,-0.031705,9.836894
1755405385100,0.284746,-0.005384,9.913465
1755405385102,0.349352,-0.005384,9.860822
1755405385104,0.272782,-0.002991,9.870394
1755405385107,0.320638,-0.022134,9.91825
1755405385109,0.246461,0.004187,9.844072
1755405385111,0.265603,-0.038883,9.937392
1755405385115,0.256032,-0.022134,9.796216
1755405385116,0.263211,-0.029312,9.915857
1755405385119,0.291924,-0.026919,9.810573
1755405385121,0.284746,-0.034098,9.915857
1755405385123,0.294317,-0.024526,9.863214
1755405385126,0.265603,-0.034098,9.887143
1755405385128,0.294317,-0.041276,9.903893
1755405385131,0.29671,-0.012562,9.858429
1755405385133,0.27996,-0.050847,9.930214
1755405385136,0.275175,-0.038883,9.801002
1755405385138,0.246461,-0.012562,9.966406
1755405385140,0.275175,0.018544,9.810573
1755405385143,0.275175,-0.031705,9.915857
1755405385145,0.277567,-0.024526,9.84168
1755405385148,0.287139,-0.026919,9.891929
1755405385151,0.303888,-0.012562,9.925428
1755405385153,0.294317,-0.024526,9.915857
1755405385155,0.294317,-0.034098,9.851251
1755405385157,0.260818,-0.029312,9.891929
1755405385159,0.306281,-0.014955,9.896714
1755405385162,0.344566,-0.067597,9.91825
1755405385164,0.275175,0.00658,9.868001
1755405385169,0.253639,0.025723,9.848858
1755405385170,0.318245,-0.029312,9.894321
1755405385171,0.291924,-0.000598,9.923036
1755405385174,0.275175,-0.012562,9.939785
1755405385176,0.291924,-0.022134,9.834501
1755405385178,0.263211,-0.000598,9.870394
1755405385181,0.325424,-0.067597,9.961619
1755405385186,0.318245,-0.034098,9.964012
1755405385187,0.301496,-0.010169,9.877572
1755405385188,0.272782,-0.012562,9.827323
1755405385191,0.239282,-0.007777,9.810573
1755405385193,0.275175,-0.029312,9.870394
1755405385195,0.260818,0.00658,9.868001
1755405385198,0.272782,0.00658,9.875179
1755405385204,0.299103,-0.031705,9.870394
1755405385206,0.301496,-0.034098,9.865608
1755405385207,0.265603,-0.036491,9.887143
1755405385208,0.270389,-0.029312,9.875179
1755405385210,0.265603,-0.014955,9.894321
1755405385212,0.258425,-0.019741,9.872787
1755405385215,0.299103,-0.024526,9.887143
1755405385217,0.265603,-0.024526,9.848858
1755405385219,0.337388,-0.062812,9.863214
1755405385222,0.287139,-0.024526,9.887143
1755405385224,0.248854,-0.007777,9.860822
1755405385226,0.256032,-0.012562,9.875179
1755405385229,0.289532,-0.031705,9.891929
1755405385231,0.287139,-0.036491,9.879965
1755405385233,0.284746,-0.017348,9.870394
1755405385236,0.272782,-0.024526,9.863214
1755405385239,0.289532,-0.017348,9.903893
1755405385241,0.29671,-0.036491,9.894321
1755405385243,0.299103,-0.026919,9.908679
1755405385246,0.311067,-0.043669,9.839287
1755405385248,0.337388,-0.022134,9.882358
1755405385251,0.308674,-0.031705,9.899107
1755405385254,0.282353,-0.019741,9.870394
1755405385255,0.27996,-0.036491,9.879965
1755405385258,0.29671,-0.043669,9.896714
1755405385260,0.270389,-0.010169,9.856036
1755405385263,0.287139,-0.038883,9.860822
1755405385265,0.260818,-0.029312,9.882358
1755405385267,0.275175,-0.010169,9.889536
1755405385270,0.270389,-0.024526,9.889536
1755405385272,0.277567,-0.029312,9.887143
1755405385275,0.299103,-0.005384,9.908679
1755405385277,0.301496,-0.017348,9.903893
1755405385279,0.277567,-0.005384,9.877572
1755405385282,0.291924,-0.007777,9.887143
1755405385285,0.315853,0.00658,9.906285
1755405385287,0.308674,-0.014955,9.870394
1755405385289,0.303888,-0.026919,9.889536
1755405385291,0.265603,-0.000598,9.911072
1755405385293,0.287139,-0.012562,9.891929
1755405385296,0.272782,0.013759,9.863214
1755405385299,0.282353,-0.002991,9.868001
1755405385303,0.282353,-0.005384,9.899107
1755405385304,0.282353,0.013759,9.858429
1755405385306,0.251246,0.001795,9.889536
1755405385309,0.265603,-0.022134,9.899107
1755405385310,0.306281,-0.022134,9.906285
1755405385313,0.267996,0.008973,9.887143
1755405385315,0.289532,-0.019741,9.899107
1755405385320,0.301496,0.008973,9.882358
1755405385322,0.277567,0.00658,9.896714
1755405385323,0.289532,0.00658,9.882358
1755405385325,0.277567,-0.014955,9.877572
1755405385327,0.294317,0.008973,9.887143
1755405385329,0.263211,-0.024526,9.879965
1755405385332,0.301496,-0.005384,9.836894
1755405385334,0.282353,-0.048455,9.939785
1755405385337,0.299103,0.030508,9.875179
1755405385339,0.320638,-0.079561,9.767502
1755405385342,0.215354,-0.046062,10.05494
1755405385344,0.409173,0.049651,9.631111
1755405385346,0.155234,-0.10349,10.098011
1755405385349,0.425922,0.054437,9.745967
1755405385351,0.289532,-0.05324,9.939785
1755405385354,0.208176,-0.000598,9.952048
1755405385357,0.394816,-0.024526,9.705289
1755405385359,0.162413,-0.060419,10.098011
1755405385360,0.397209,0.028116,9.633504
1755405385363,0.179163,-0.072383,10.078868
1755405385365,0.351745,0.061615,9.79143
1755405385368,0.284746,-0.05324,9.863214
1755405385370,0.183948,0.013759,9.990334
1755405385373,0.39003,-0.005384,9.650253
1755405385376,0.162413,-0.062812,10.102797
1755405385378,0.380459,0.02333,9.664611
1755405385380,0.19352,-0.08674,10.05494
1755405385382,0.337388,0.044865,9.851251
1755405385385,0.323031,-0.041276,9.834501
1755405385387,0.198604,-0.010169,10.016655
1755405385390,0.378066,0.016152,9.633504
1755405385392,0.174377,-0.058026,10.11476
1755405385395,0.37328,0.059222,9.678967
1755405385397,0.205783,-0.10349,10.052547
1755405385399,0.294317,0.052044,9.832108
1755405385401,0.301496,-0.05324,9.872787
1755405385404,0.236889,-0.012562,9.985548
1755405385406,0.368495,-0.010169,9.678967
1755405385409,0.224925,-0.062812,10.098011
1755405385411,0.380459,0.016152,9.628718
1755405385413,0.169591,-0.058026,10.081261
1755405385416,0.339781,0.013759,9.702896
1755405385418,0.236889,-0.058026,9.985548
1755405385422,0.342174,-0.005384,9.772287
1755405385423,0.260818,-0.055633,10.014262
1755405385426,0.320638,0.059222,9.793823
1755405385428,0.258425,-0.065204,9.949656
1755405385430,0.284746,-0.017348,9.889536
1755405385433,0.318245,-0.055633,9.868001
1755405385436,0.248854,0.030508,9.952048
1755405385439,0.349352,-0.012562,9.781859
1755405385441,0.217747,-0.017348,10.045368
1755405385443,0.392423,-0.024526,9.68136
1755405385444,0.138485,-0.041276,10.086046
1755405385447,0.442672,0.004187,9.633504
1755405385449,0.17677,-0.041276,10.129117
1755405385452,0.42353,0.004187,9.614362
1755405385456,0.183948,-0.060419,10.143475
1755405385458,0.39003,0.035294,9.60479
1755405385460,0.210568,-0.060419,10.138689
1755405385461,0.368495,0.028116,9.616755
1755405385464,0.191127,-0.060419,10.107582
1755405385466,0.370888,0.020937,9.623933
1755405385468,0.198604,-0.079561,10.093225
1755405385473,0.358923,0.035294,9.662218
1755405385474,0.229711,-0.062812,10.042975
1755405385477,0.346959,0.020937,9.760324
1755405385478,0.241675,-0.077169,9.980762
1755405385481,0.33021,-0.012562,9.815358
1755405385483,0.287139,-0.055633,9.961619
1755405385485,0.277567,-0.012562,9.856036
1755405385489,0.291924,-0.048455,9.915857
1755405385491,0.27996,-0.024526,9.846465
1755405385493,0.260818,-0.026919,9.899107
1755405385495,0.275175,-0.002991,9.875179
1755405385497,0.320638,-0.031705,9.889536
1755405385500,0.270389,-0.012562,9.863214
1755405385502,0.318245,-0.005384,9.887143
1755405385505,0.325424,0.001795,9.832108
1755405385507,0.29671,-0.010169,9.925428
1755405385510,0.303888,-0.017348,9.839287
1755405385512,0.275175,0.02333,9.954441
1755405385514,0.27996,-0.026919,9.798609
1755405385517,0.308674,-0.050847,9.959227
1755405385519,0.303888,-0.010169,9.822537
1755405385521,0.308674,-0.024526,9.961619
1755405385524,0.29671,-0.002991,9.79143
1755405385526,0.263211,-0.072383,9.968799
1755405385528,0.306281,-0.000598,9.772287
1755405385531,0.256032,-0.002991,10.007083
1755405385533,0.299103,0.00658,9.79143
1755405385536,0.253639,-0.024526,10.021441
1755405385538,0.354138,-0.017348,9.734002
1755405385541,0.253639,-0.043669,10.011869
1755405385544,0.334995,-0.012562,9.717253
1755405385545,0.227318,-0.002991,10.052547
1755405385547,0.346959,0.001795,9.724431
1755405385550,0.227318,-0.007777,10.033404
1755405385552,0.315853,-0.026919,9.731609
1755405385555,0.239282,0.00658,9.997512
1755405385558,0.325424,-0.010169,9.793823
1755405385561,0.241675,-0.012562,9.961619
1755405385562,0.318245,-0.034098,9.80818
1755405385564,0.232104,-0.005384,9.920643
1755405385567,0.301496,-0.012562,9.868001
1755405385569,0.265603,-0.000598,9.872787
1755405385571,0.306281,-0.067597,9.925428
1755405385574,0.287139,0.001795,9.84168
1755405385577,0.287139,-0.038883,10.002297
1755405385579,0.258425,-0.002991,9.784252
1755405385581,0.256032,-0.029312,10.021441
1755405385583,0.277567,0.013759,9.772287
1755405385586,0.229711,-0.026919,10.042975
1755405385588,0.29671,-0.022134,9.722038
1755405385591,0.251246,-0.014955,9.999905
1755405385593,0.294317,-0.012562,9.765109
1755405385595,0.244068,-0.024526,9.925428
1755405385598,0.287139,-0.010169,9.827323
1755405385600,0.282353,-0.010169,9.9015
1755405385603,0.284746,-0.022134,9.91825
1755405385605,0.27996,0.016152,9.812965
1755405385608,0.27996,-0.007777,9.975977
1755405385610,0.303888,0.011366,9.745967
1755405385612,0.258425,-0.036491,10.023833
1755405385614,0.291924,-0.038883,9.743574
1755405385617,0.244068,-0.029312,10.009477
1755405385619,0.334995,-0.024526,9.731609
1755405385622,0.258425,-0.038883,9.947263
1755405385626,0.284746,-0.026919,9.82493
1755405385627,0.27996,-0.002991,9.915857
1755405385629,0.299103,-0.007777,9.949656
1755405385631,0.294317,-0.010169,9.836894
1755405385634,0.275175,-0.036491,9.999905
1755405385636,0.299103,-0.010169,9.769895
1755405385639,0.27996,-0.024526,9.983155
1755405385643,0.291924,-0.022134,9.755538
1755405385644,0.275175,-0.019741,9.925428
1755405385646,0.318245,-0.019741,9.865608
1755405385648,0.301496,0.025723,9.879965
1755405385650,0.320638,-0.058026,9.937392
1755405385653,0.320638,-0.014955,9.793823
1755405385655,0.294317,-0.074776,9.934999
1755405385660,0.31346,0.004187,9.801002
1755405385661,0.299103,-0.034098,9.925428
1755405385663,0.258425,-0.014955,9.913465
1755405385665,0.327817,-0.022134,9.846465
1755405385667,0.308674,-0.048455,9.925428
1755405385670,0.29671,-0.031705,9.829716
1755405385672,0.253639,-0.019741,9.927821
1755405385677,0.308674,0.001795,9.875179
1755405385678,0.277567,-0.026919,9.934999
1755405385680,0.325424,-0.029312,9.906285
1755405385682,0.323031,-0.026919,9.903893
1755405385684,0.303888,-0.019741,9.903893
1755405385686,0.272782,-0.029312,9.899107
1755405385689,0.27996,-0.012562,9.863214
1755405385691,0.29671,-0.024526,9.863214
1755405385695,0.287139,-0.024526,9.856036
1755405385696,0.263211,-0.005384,9.891929
1755405385698,0.253639,0.008973,9.863214
1755405385701,0.265603,-0.034098,9.966406
1755405385703,0.289532,0.025723,9.793823
1755405385705,0.248854,-0.05324,9.983155
1755405385708,0.339781,-0.002991,9.762716
1755405385711,0.294317,-0.017348,10.014262
1755405385713,0.289532,0.018544,9.772287
1755405385715,0.253639,-0.034098,10.009477
1755405385718,0.27996,0.001795,9.731609
1755405385720,0.248854,-0.017348,10.023833
1755405385723,0.311067,0.013759,9.741181
1755405385725,0.229711,-0.024526,10.016655
1755405385729,0.315853,0.004187,9.79143
1755405385730,0.198604,-0.043669,9.980762
1755405385732,0.33021,-0.038883,9.796216
1755405385734,0.236889,-0.017348,9.966406
1755405385737,0.320638,-0.036491,9.817751
1755405385739,0.236889,0.013759,9.927821
1755405385742,0.315853,-0.048455,9.853643
1755405385744,0.215354,0.00658,9.9015
1755405385746,0.327817,-0.046062,9.844072
1755405385749,0.236889,-0.005384,9.882358
1755405385751,0.325424,-0.05324,9.887143
1755405385753,0.275175,-0.002991,9.879965
1755405385756,0.315853,-0.031705,9.879965
1755405385758,0.301496,-0.024526,9.872787
1755405385761,0.320638,-0.05324,9.870394
1755405385763,0.236889,-0.002991,9.865608
1755405385766,0.289532,-0.041276,9.872787
1755405385768,0.265603,-0.017348,9.863214
1755405385771,0.27996,-0.058026,9.860822
1755405385773,0.239282,0.013759,9.889536
1755405385775,0.351745,-0.043669,9.848858
1755405385778,0.248854,0.008973,9.88475
1755405385780,0.339781,-0.034098,9.856036
1755405385782,0.253639,-0.002991,9.9015
1755405385785,0.320638,-0.026919,9.860822
1755405385787,0.236889,-0.007777,9.891929
1755405385789,0.318245,-0.017348,9.870394
1755405385792,0.251246,0.032901,9.906285
1755405385795,0.294317,-0.019741,9.834501
1755405385798,0.244068,-0.002991,9.908679
1755405385800,0.325424,-0.048455,9.846465
1755405385803,0.258425,-0.000598,9.91825
1755405385804,0.323031,-0.031705,9.834501
1755405385806,0.258425,-0.002991,9.906285
1755405385809,0.315853,-0.050847,9.844072
1755405385812,0.244068,-0.019741,9.911072
1755405385813,0.342174,-0.017348,9.812965
1755405385816,0.256032,-0.031705,9.944571
1755405385818,0.339781,-0.024526,9.80818
1755405385821,0.232104,-0.026919,9.925428
1755405385823,0.33021,-0.024526,9.810573
1755405385825,0.22014,-0.031705,9.91825
1755405385829,0.294317,-0.029312,9.777073
1755405385831,0.232104,0.00658,9.930214
1755405385832,0.33021,-0.019741,9.803394
1755405385835,0.260818,0.016152,9.913465
1755405385837,0.315853,-0.031705,9.848858
1755405385840,0.260818,0.011366,9.88475
1755405385843,0.299103,-0.026919,9.858429
1755405385845,0.27996,0.004187,9.853643
1755405385849,0.277567,-0.029312,9.939785
1755405385851,0.325424,-0.019741,9.786645
1755405385852,0.258425,-0.010169,9.968799
1755405385854,0.323031,-0.000598,9.760324
1755405385856,0.260818,-0.014955,10.016655
1755405385859,0.315853,-0.010169,9.743574
1755405385862,0.251246,-0.026919,10.047761
1755405385864,0.366102,0.018544,9.750752
1755405385867,0.248854,-0.014955,10.047761
1755405385868,0.337388,-0.029312,9.765109
1755405385871,0.239282,-0.031705,9.961619
1755405385873,0.284746,-0.014955,9.760324
1755405385876,0.267996,-0.026919,9.930214
1755405385879,0.294317,-0.041276,9.836894
1755405385881,0.251246,0.008973,9.853643
1755405385884,0.29671,0.001795,9.894321
1755405385886,0.308674,-0.005384,9.848858
1755405385888,0.303888,-0.046062,10.00469
1755405385890,0.315853,0.011366,9.798609
1755405385893,0.232104,-0.005384,10.021441
1755405385895,0.306281,0.016152,9.803394
1755405385898,0.263211,0.001795,9.97837
1755405385901,0.301496,-0.034098,9.798609
1755405385902,0.303888,-0.043669,9.903893
1755405385905,0.253639,-0.041276,9.832108
1755405385907,0.265603,0.00658,9.827323
1755405385909,0.272782,-0.05324,9.939785
1755405385912,0.301496,0.016152,9.822537
1755405385914,0.248854,-0.010169,10.042975
1755405385916,0.291924,0.030508,9.757931
1755405385919,0.232104,-0.012562,10.021441
1755405385921,0.327817,-0.019741,9.743574
1755405385924,0.232104,-0.031705,9.947263
1755405385926,0.323031,-0.079561,9.784252
1755405385928,0.270389,-0.060419,9.894321
1755405385931,0.284746,-0.022134,9.865608
1755405385933,0.253639,0.013759,9.875179
1755405385935,0.301496,0.016152,10.00469
1755405385938,0.33021,0.028116,9.817751
1755405385940,0.272782,-0.002991,9.987941
1755405385943,0.31346,-0.014955,9.729217
1755405385945,0.258425,-0.048455,9.932607
1755405385948,0.299103,-0.031705,9.801002
1755405385950,0.241675,-0.024526,9.844072
1755405385952,0.291924,-0.010169,9.908679
1755405385955,0.320638,0.037687,9.894321
1755405385957,0.287139,-0.000598,10.002297
1755405385959,0.282353,-0.022134,9.805787
1755405385962,0.251246,-0.029312,9.944571
1755405385965,0.325424,-0.046062,9.786645
1755405385967,0.327817,-0.034098,9.894321
1755405385970,0.318245,-0.026919,9.832108
1755405385971,0.318245,-0.010169,9.82493
1755405385974,0.291924,-0.031705,9.937392
1755405385976,0.301496,0.018544,9.896714
1755405385979,0.260818,0.004187,9.915857
1755405385982,0.287139,-0.041276,9.726824
1755405385984,0.291924,-0.096311,9.949656
1755405385986,0.31346,0.013759,9.875179
1755405385988,0.270389,0.05683,9.987941
1755405385991,0.33021,0.00658,9.796216
1755405385993,0.256032,-0.093918,9.911072
1755405385996,0.289532,-0.062812,9.923036
1755405385999,0.282353,0.030508,9.827323
1755405386000,0.299103,0.013759,9.827323
1755405386003,0.311067,-0.034098,9.889536
1755405386006,0.31346,-0.041276,9.870394
1755405386007,0.260818,-0.024526,9.875179
1755405386010,0.291924,-0.046062,9.899107
1755405386013,0.27996,0.016152,9.853643
1755405386016,0.267996,-0.019741,9.870394
1755405386019,0.27996,-0.007777,9.954441
1755405386020,0.301496,-0.000598,9.798609
1755405386022,0.272782,-0.024526,10.019048
1755405386024,0.33021,-0.000598,9.817751
1755405386027,0.263211,-0.041276,9.952048
1755405386029,0.289532,-0.019741,9.781859
1755405386033,0.29671,-0.058026,9.968799
1755405386035,0.308674,0.00658,9.817751
1755405386036,0.308674,-0.010169,9.882358
1755405386039,0.27996,-0.019741,9.832108
1755405386041,0.320638,0.001795,9.882358
1755405386043,0.29671,0.020937,9.954441
1755405386046,0.277567,-0.050847,9.966406
1755405386048,0.27996,-0.043669,9.97837
1755405386051,0.263211,0.049651,9.722038
1755405386053,0.263211,-0.010169,9.79143
1755405386055,0.308674,-0.065204,9.980762
1755405386058,0.258425,-0.065204,9.903893
1755405386060,0.275175,0.035294,9.724431
1755405386063,0.284746,0.066401,9.961619
1755405386065,0.327817,-0.007777,9.9015
1755405386068,0.270389,-0.034098,10.066904
1755405386070,0.263211,-0.046062,9.80818
1755405386073,0.248854,-0.019741,9.779466
1755405386074,0.303888,-0.019741,9.865608
1755405386077,0.265603,0.008973,9.887143
1755405386080,0.284746,-0.046062,9.952048
1755405386082,0.315853,-0.055633,9.894321
1755405386085,0.270389,-0.031705,9.908679
1755405386087,0.303888,0.013759,9.832108
1755405386089,0.306281,-0.036491,9.894321
1755405386091,0.275175,-0.010169,9.815358
1755405386094,0.232104,-0.017348,9.927821
1755405386096,0.311067,-0.017348,9.820144
1755405386098,0.275175,-0.024526,10.014262
1755405386101,0.337388,-0.024526,9.722038
1755405386103,0.272782,-0.024526,10.050154
1755405386106,0.363709,-0.022134,9.765109
1755405386108,0.270389,-0.000598,9.990334
1755405386110,0.315853,-0.026919,9.726824
1755405386113,0.27996,-0.05324,9.906285
1755405386115,0.287139,-0.031705,9.858429
1755405386118,0.301496,-0.048455,9.84168
1755405386121,0.308674,-0.017348,9.959227
1755405386122,0.294317,-0.002991,9.815358
1755405386125,0.301496,-0.005384,9.997512
1755405386128,0.275175,-0.002991,9.793823
1755405386130,0.234497,-0.067597,9.952048
1755405386132,0.282353,-0.058026,9.80818
1755405386135,0.263211,-0.019741,9.853643
1755405386137,0.306281,-0.012562,9.915857
1755405386139,0.29671,0.013759,9.817751
1755405386142,0.248854,-0.041276,10.002297
1755405386144,0.29671,-0.019741,9.801002
1755405386147,0.244068,-0.007777,9.956834
1755405386149,0.320638,-0.002991,9.755538
1755405386152,0.246461,-0.012562,9.925428
1755405386154,0.282353,-0.050847,9.82493
1755405386156,0.282353,-0.017348,9.903893
1755405386159,0.272782,0.00658,9.889536
1755405386161,0.299103,0.016152,9.805787
1755405386163,0.301496,-0.026919,9.925428
1755405386166,0.308674,-0.019741,9.760324
1755405386169,0.263211,-0.024526,10.031012
1755405386173,0.318245,-0.002991,9.74836
1755405386174,0.244068,-0.029312,10.047761
1755405386175,0.325424,0.037687,9.726824
1755405386177,0.229711,-0.010169,10.035797
1755405386180,0.299103,-0.005384,9.755538
1755405386182,0.215354,-0.010169,9.947263
1755405386186,0.318245,-0.034098,9.784252
1755405386188,0.263211,-0.026919,9.894321
1755405386189,0.308674,-0.026919,9.889536
1755405386192,0.308674,0.035294,9.887143
1755405386194,0.31346,-0.026919,9.942178
1755405386197,0.294317,-0.031705,9.815358
1755405386199,0.282353,-0.046062,9.949656
1755405386203,0.294317,-0.038883,9.860822
1755405386204,0.287139,-0.000598,9.911072
1755405386207,0.270389,-0.014955,9.887143
1755405386209,0.299103,-0.034098,9.846465
1755405386211,0.272782,-0.024526,9.88475
1755405386214,0.308674,-0.026919,9.868001
1755405386216,0.308674,-0.012562,9.887143
1755405386220,0.287139,-0.000598,9.865608
1755405386221,0.284746,-0.010169,9.9015
1755405386223,0.251246,-0.010169,9.879965
1755405386226,0.303888,-0.050847,9.88475
1755405386228,0.299103,0.020937,9.879965
1755405386231,0.29671,0.001795,9.858429
1755405386233,0.315853,-0.026919,9.879965
1755405386235,0.287139,-0.005384,9.88475
1755405386238,0.29671,-0.034098,9.872787
1755405386241,0.291924,-0.036491,9.872787
1755405386243,0.284746,-0.031705,9.870394
1755405386245,0.282353,-0.002991,9.858429
1755405386247,0.282353,-0.017348,9.9015
1755405386250,0.301496,0.016152,9.853643
1755405386252,0.27996,-0.055633,9.872787
1755405386254,0.294317,-0.024526,9.848858
1755405386259,0.299103,-0.055633,9.815358
1755405386260,0.29671,-0.005384,9.983155
1755405386261,0.318245,0.008973,9.947263
1755405386264,0.294317,-0.005384,9.882358
1755405386266,0.267996,-0.014955,9.832108
1755405386269,0.27996,-0.029312,9.934999
1755405386272,0.260818,-0.026919,9.887143
1755405386273,0.287139,-0.005384,9.9015
1755405386276,0.311067,-0.019741,9.860822
1755405386278,0.308674,-0.010169,9.88475
1755405386281,0.277567,-0.017348,9.908679
1755405386283,0.272782,-0.019741,9.875179
1755405386285,0.267996,-0.024526,9.875179
1755405386289,0.325424,-0.012562,9.88475
1755405386291,0.291924,-0.029312,9.911072
1755405386293,0.320638,0.011366,9.860822
1755405386295,0.27996,-0.029312,9.882358
1755405386298,0.275175,-0.014955,9.858429
1755405386300,0.284746,0.008973,9.903893
1755405386302,0.289532,-0.019741,9.822537
1755405386305,0.267996,-0.038883,9.903893
1755405386307,0.258425,-0.002991,9.868001
1755405386309,0.294317,0.020937,9.856036
1755405386312,0.282353,-0.022134,9.913465
1755405386314,0.263211,-0.007777,9.882358
1755405386316,0.272782,-0.019741,9.80818
1755405386319,0.263211,-0.060419,9.923036
1755405386322,0.320638,0.004187,9.870394
1755405386324,0.277567,0.001795,9.88475
1755405386326,0.263211,-0.026919,9.91825
1755405386329,0.311067,-0.036491,9.877572
1755405386332,0.303888,-0.034098,9.858429
1755405386333,0.27996,-0.038883,9.877572
1755405386336,0.299103,-0.014955,9.891929
1755405386339,0.282353,-0.022134,9.858429
1755405386340,0.270389,-0.029312,9.889536
1755405386343,0.294317,0.001795,9.88475
1755405386345,0.294317,-0.007777,9.894321
1755405386348,0.275175,-0.038883,9.875179
1755405386350,0.270389,-0.007777,9.923036
1755405386353,0.318245,-0.010169,9.856036
1755405386356,0.260818,-0.031705,9.923036
1755405386360,0.284746,-0.010169,9.80818
1755405386361,0.263211,-0.029312,9.949656
1755405386362,0.287139,0.02333,9.815358
1755405386365,0.299103,-0.026919,9.968799
1755405386367,0.272782,0.025723,9.853643
1755405386369,0.294317,-0.038883,9.803394
1755405386372,0.239282,-0.036491,9.975977
1755405386374,0.361316,-0.012562,9.678967
1755405386376,0.208176,-0.074776,10.035797
1755405386379,0.382852,-0.010169,9.71486
1755405386382,0.239282,-0.05324,10.016655
1755405386383,0.349352,0.044865,9.74836
1755405386386,0.27996,-0.060419,10.007083
1755405386389,0.29671,-0.007777,9.846465
1755405386392,0.267996,-0.036491,9.971191
1755405386393,0.31346,0.032901,9.832108
1755405386396,0.301496,-0.000598,9.930214
1755405386398,0.29671,0.016152,9.860822
1755405386400,0.258425,-0.029312,9.870394
1755405386403,0.258425,-0.017348,9.906285
1755405386405,0.334995,-0.010169,9.79143
1755405386408,0.239282,0.011366,9.944571
1755405386410,0.325424,0.00658,9.731609
1755405386413,0.227318,-0.038883,10.021441
1755405386415,0.361316,0.004187,9.690931
1755405386417,0.210568,-0.06999,10.035797
1755405386419,0.342174,-0.007777,9.690931
1755405386422,0.22014,-0.048455,10.019048
1755405386425,0.337388,0.013759,9.755538
1755405386427,0.258425,-0.074776,9.997512
1755405386429,0.289532,0.004187,9.834501
1755405386432,0.29671,-0.05324,9.9015
1755405386434,0.236889,-0.000598,9.908679
1755405386436,0.349352,-0.041276,9.832108
1755405386439,0.248854,-0.007777,9.975977
1755405386442,0.349352,-0.022134,9.77468
1755405386444,0.208176,-0.024526,10.011869
1755405386446,0.368495,-0.005384,9.712467
1755405386449,0.236889,-0.05324,10.042975
1755405386451,0.411565,-0.007777,9.683753
1755405386454,0.164806,-0.046062,10.100404
1755405386455,0.378066,0.013759,9.647861
1755405386458,0.186341,-0.065204,10.117153
1755405386460,0.378066,0.013759,9.638289
1755405386463,0.171984,-0.05324,10.086046
1755405386465,0.354138,0.00658,9.638289
1755405386468,0.205783,-0.060419,10.112368
1755405386470,0.363709,0.028116,9.659825
1755405386472,0.232104,-0.031705,10.112368
1755405386475,0.339781,0.028116,9.676575
1755405386478,0.256032,-0.062812,10.083653
1755405386480,0.378066,0.011366,9.686146
1755405386482,0.222533,-0.058026,10.07169
1755405386484,0.363709,0.013759,9.702896
1755405386487,0.229711,-0.067597,10.074082
1755405386489,0.337388,0.032901,9.698111
1755405386492,0.248854,-0.036491,10.033404
1755405386494,0.320638,0.001795,9.700503
1755405386496,0.253639,-0.038883,10.057333
1755405386499,0.349352,0.035294,9.688539
1755405386501,0.232104,-0.002991,10.05494
1755405386503,0.334995,0.004187,9.719646
1755405386506,0.265603,-0.031705,10.066904
1755405386509,0.339781,0.00658,9.710074
1755405386511,0.248854,-0.048455,10.03819
1755405386513,0.29671,-0.010169,9.722038
1755405386516,0.270389,-0.024526,10.00469
1755405386518,0.33021,-0.012562,9.757931
1755405386520,0.265603,-0.017348,9.961619
1755405386523,0.294317,-0.007777,9.832108
1755405386526,0.291924,-0.010169,9.887143
1755405386528,0.289532,-0.036491,9.891929
1755405386530,0.31346,0.018544,9.863214
1755405386533,0.294317,-0.036491,10.026226
1755405386535,0.260818,0.016152,9.741181
1755405386537,0.267996,-0.036491,9.995119
1755405386539,0.339781,-0.000598,9.84168
1755405386543,0.303888,0.001795,9.997512
1755405386544,0.287139,0.004187,9.810573
1755405386547,0.29671,-0.017348,9.877572
1755405386549,0.318245,-0.036491,9.980762
1755405386551,0.256032,0.001795,9.827323
1755405386554,0.208176,0.011366,9.853643
1755405386556,0.229711,-0.022134,9.772287
1755405386560,0.291924,-0.002991,9.822537
1755405386562,0.306281,-0.038883,9.956834
1755405386563,0.246461,0.00658,9.822537
1755405386566,0.33021,-0.058026,9.942178
1755405386568,0.275175,-0.010169,9.848858
1755405386570,0.260818,-0.022134,9.932607
1755405386573,0.277567,-0.002991,9.793823
1755405386577,0.287139,-0.041276,9.911072
1755405386580,0.344566,-0.043669,9.899107
1755405386581,0.301496,0.016152,9.846465
1755405386583,0.258425,-0.026919,9.891929
1755405386585,0.346959,-0.043669,9.805787
1755405386587,0.258425,-0.048455,9.949656
1755405386590,0.301496,0.018544,9.79143
1755405386592,0.258425,-0.019741,10.026226
1755405386595,0.27996,0.00658,9.80818
1755405386597,0.267996,-0.019741,9.925428
1755405386600,0.270389,-0.06999,9.698111
1755405386602,0.260818,-0.038883,9.9015
1755405386604,0.299103,-0.05324,9.846465
1755405386607,0.289532,0.013759,9.829716
1755405386609,0.27996,-0.014955,10.011869
1755405386611,0.308674,0.035294,9.829716
1755405386614,0.239282,-0.014955,10.050154
1755405386617,0.299103,-0.000598,9.683753
1755405386618,0.265603,-0.041276,9.915857
1755405386621,0.320638,-0.062812,9.820144
1755405386623,0.29671,-0.034098,9.853643
1755405386626,0.272782,0.020937,9.952048
1755405386628,0.318245,0.05683,9.932607
1755405386631,0.263211,-0.010169,10.00469
1755405386633,0.306281,-0.034098,9.62154
1755405386635,0.291924,-0.108275,9.937392
1755405386638,0.289532,-0.067597,9.894321
1755405386640,0.282353,-0.014955,9.856036
1755405386643,0.272782,0.032901,10.00469
1755405386646,0.29671,-0.007777,9.896714
1755405386648,0.277567,-0.05324,9.891929
1755405386650,0.282353,-0.10349,9.741181
1755405386653,0.306281,-0.060419,9.829716
1755405386655,0.284746,-0.002991,9.930214
1755405386658,0.282353,0.078365,10.05494
1755405386660,0.258425,0.011366,9.939785
1755405386662,0.277567,-0.074776,9.626326
1755405386664,0.267996,-0.134596,9.827323
1755405386667,0.277567,-0.041276,9.913465
1755405386669,0.284746,0.066401,9.959227
1755405386671,0.263211,0.068794,10.040583
1755405386674,0.277567,-0.012562,9.671789
1755405386676,0.248854,-0.14656,9.865608
1755405386679,0.275175,-0.113061,9.853643
1755405386683,0.275175,0.052044,9.956834
1755405386684,0.270389,0.114257,10.011869
1755405386686,0.277567,0.001795,9.726824
1755405386688,0.275175,-0.127418,9.863214
1755405386690,0.27996,-0.101097,9.805787
1755405386693,0.31346,0.068794,9.971191
1755405386696,0.267996,0.121436,10.021441
1755405386698,0.294317,0.011366,9.719646
1755405386700,0.241675,-0.122632,9.827323
1755405386702,0.308674,-0.120239,9.815358
1755405386705,0.27996,0.05683,10.021441
1755405386707,0.27996,0.11665,10.011869
1755405386709,0.289532,-0.007777,9.705289
1755405386713,0.272782,-0.168096,9.84168
1755405386715,0.291924,-0.038883,9.887143
1755405386717,0.294317,0.085543,9.959227
1755405386719,0.267996,0.030508,9.915857
1755405386721,0.294317,-0.074776,9.753145
1755405386724,0.287139,-0.081954,9.9015
1755405386726,0.29671,0.02333,9.930214
1755405386730,0.291924,0.064008,9.832108
1755405386732,0.265603,-0.024526,9.925428
1755405386734,0.306281,-0.096311,9.738789
1755405386736,0.267996,-0.036491,9.88475
1755405386738,0.303888,-0.002991,9.889536
1755405386741,0.29671,0.052044,9.942178
1755405386743,0.260818,-0.017348,9.932607
1755405386745,0.299103,-0.041276,9.765109
1755405386748,0.301496,-0.093918,9.903893
1755405386750,0.258425,-0.055633,9.769895
1755405386752,0.282353,0.008973,9.923036
1755405386755,0.31346,0.066401,9.949656
1755405386757,0.277567,0.059222,9.920643
1755405386760,0.244068,-0.036491,9.896714
1755405386762,0.270389,-0.101097,9.662218
1755405386765,0.308674,-0.115454,9.882358
1755405386767,0.311067,0.032901,9.942178
1755405386769,0.29671,0.114257,10.009477
1755405386772,0.27996,0.032901,9.925428
1755405386774,0.31346,-0.091525,9.695718
1755405386776,0.282353,-0.115454,9.853643
1755405386781,0.318245,0.028116,9.911072
1755405386782,0.294317,0.090329,9.985548
1755405386784,0.272782,0.028116,9.937392
1755405386787,0.299103,-0.067597,9.731609
1755405386789,0.294317,-0.10349,9.88475
1755405386791,0.308674,-0.036491,9.839287
1755405386793,0.299103,0.042473,9.906285
1755405386796,0.289532,0.016152,9.937392
1755405386798,0.29671,-0.005384,9.836894
1755405386801,0.263211,-0.046062,9.848858
1755405386803,0.27996,-0.067597,9.851251
1755405386805,0.315853,0.020937,9.944571
1755405386808,0.294317,-0.005384,9.767502
1755405386810,0.275175,-0.022134,9.968799
1755405386812,0.306281,0.018544,9.889536
1755405386815,0.248854,-0.029312,9.930214
1755405386818,0.275175,-0.022134,9.879965
1755405386821,0.299103,-0.036491,9.74836
1755405386822,0.248854,-0.062812,9.983155
1755405386825,0.301496,0.02333,9.863214
1755405386827,0.263211,-0.010169,9.868001
1755405386829,0.267996,-0.022134,9.887143
1755405386832,0.287139,-0.058026,9.757931
1755405386834,0.244068,-0.048455,9.966406
1755405386836,0.327817,0.020937,9.882358
1755405386839,0.256032,-0.010169,9.906285
1755405386842,0.299103,-0.017348,9.903893
1755405386844,0.291924,-0.067597,9.822537
1755405386846,0.270389,-0.031705,9.865608
1755405386849,0.299103,0.025723,9.934999
1755405386851,0.301496,0.011366,9.899107
1755405386853,0.31346,-0.007777,9.973584
1755405386856,0.318245,-0.019741,9.848858
1755405386858,0.260818,-0.043669,9.954441
1755405386861,0.208176,0.020937,9.767502
1755405386863,0.303888,-0.026919,9.896714
1755405386866,0.265603,-0.000598,9.80818
1755405386868,0.267996,-0.002991,9.803394
1755405386871,0.222533,-0.010169,9.858429
1755405386872,0.358923,-0.019741,9.934999
1755405386875,0.275175,-0.012562,9.810573
1755405386877,0.291924,-0.034098,9.903893
1755405386880,0.282353,-0.034098,9.88475
1755405386883,0.275175,-0.024526,9.894321
1755405386885,0.287139,-0.017348,9.913465
1755405386887,0.31346,-0.012562,9.932607
1755405386890,0.282353,0.001795,9.846465
1755405386891,0.29671,-0.012562,9.870394
1755405386894,0.258425,0.02333,9.781859
1755405386897,0.241675,-0.000598,9.796216
1755405386900,0.327817,-0.06999,9.896714
1755405386902,0.246461,0.02333,9.844072
1755405386904,0.277567,-0.031705,9.872787
1755405386906,0.263211,-0.010169,9.887143
1755405386909,0.294317,-0.017348,9.851251
1755405386911,0.306281,-0.019741,9.889536
1755405386913,0.291924,-0.029312,9.865608
1755405386917,0.291924,-0.022134,9.887143
1755405386920,0.291924,-0.010169,9.88475
1755405386921,0.267996,-0.031705,9.879965
1755405386923,0.289532,-0.012562,9.923036
1755405386925,0.294317,0.016152,9.877572
1755405386927,0.248854,0.020937,9.863214
1755405386930,0.263211,-0.034098,9.863214
1755405386932,0.294317,-0.034098,9.858429
1755405386936,0.282353,0.016152,9.889536
1755405386939,0.241675,0.001795,9.925428
1755405386940,0.272782,-0.012562,9.889536
1755405386943,0.27996,-0.019741,9.882358
1755405386944,0.270389,-0.043669,9.848858
1755405386947,0.289532,0.020937,9.868001
1755405386949,0.260818,-0.000598,9.848858
1755405386952,0.267996,-0.019741,9.863214
1755405386954,0.267996,-0.019741,9.870394
1755405386956,0.299103,-0.024526,9.863214
1755405386959,0.289532,-0.036491,9.870394
1755405386961,0.29671,-0.022134,9.868001
1755405386963,0.308674,-0.034098,9.868001
1755405386966,0.306281,-0.002991,9.877572
1755405386969,0.277567,-0.019741,9.877572
1755405386972,0.265603,0.00658,9.870394
1755405386973,0.272782,-0.010169,9.870394
1755405386975,0.291924,0.008973,9.896714
1755405386978,0.284746,-0.038883,9.908679
1755405386980,0.275175,-0.014955,9.879965
1755405386983,0.282353,-0.034098,9.875179
1755405386986,0.29671,-0.036491,9.839287
1755405386990,0.277567,-0.022134,9.896714
1755405386991,0.260818,0.001795,9.891929
1755405386993,0.282353,-0.024526,9.887143
1755405386995,0.260818,-0.031705,9.860822
1755405386997,0.301496,-0.048455,9.875179
1755405386999,0.282353,-0.019741,9.906285
1755405387002,0.323031,0.030508,9.789038
1755405387004,0.256032,-0.034098,10.064511
1755405387007,0.342174,-0.031705,9.784252
1755405387009,0.282353,-0.014955,9.942178
1755405387011,0.251246,-0.002991,9.832108
1755405387014,0.301496,-0.017348,9.853643
1755405387016,0.248854,-0.034098,9.91825
1755405387019,0.354138,-0.010169,9.784252
1755405387023,0.224925,-0.043669,9.956834
1755405387024,0.334995,-0.029312,9.789038
1755405387026,0.210568,-0.014955,9.947263
1755405387028,0.325424,-0.055633,9.777073
1755405387030,0.222533,-0.007777,9.997512
1755405387033,0.358923,-0.007777,9.741181
1755405387036,0.224925,-0.000598,10.023833
1755405387038,0.358923,-0.002991,9.734002
1755405387040,0.174377,-0.026919,10.045368
1755405387043,0.378066,-0.012562,9.731609
1755405387045,0.215354,-0.029312,10.059726
1755405387047,0.334995,0.011366,9.736395
1755405387050,0.19352,-0.041276,10.066904
1755405387053,0.320638,-0.012562,9.755538
1755405387056,0.229711,-0.048455,9.992726
1755405387057,0.346959,-0.029312,9.77468
1755405387059,0.244068,-0.038883,9.927821
1755405387062,0.31346,-0.029312,9.777073
1755405387064,0.267996,-0.038883,9.896714
1755405387067,0.354138,-0.012562,9.877572
1755405387070,0.246461,-0.010169,9.894321
1755405387072,0.337388,-0.007777,9.82493
1755405387074,0.260818,-0.038883,9.88475
1755405387076,0.301496,-0.019741,9.995119
1755405387079,0.289532,0.004187,9.856036
1755405387081,0.248854,-0.038883,9.834501
1755405387083,0.265603,-0.034098,9.844072
1755405387087,0.282353,-0.019741,9.853643
1755405387088,0.270389,0.035294,9.971191
1755405387090,0.303888,0.004187,9.920643
1755405387093,0.256032,-0.062812,9.82493
1755405387095,0.308674,-0.062812,9.820144
1755405387098,0.31346,0.001795,9.91825
1755405387100,0.303888,0.025723,10.007083
1755405387104,0.267996,-0.010169,9.863214
1755405387106,0.294317,-0.081954,9.789038
1755405387107,0.294317,-0.031705,9.762716
1755405387110,0.270389,-0.005384,9.952048
1755405387112,0.294317,-0.014955,9.903893
1755405387114,0.27996,-0.012562,9.88475
1755405387117,0.289532,0.004187,9.817751
1755405387121,0.239282,-0.036491,9.889536
1755405387122,0.277567,-0.046062,9.966406
1755405387124,0.275175,-0.05324,9.803394
1755405387126,0.265603,0.001795,9.966406
1755405387129,0.246461,0.02333,9.879965
1755405387131,0.287139,-0.019741,9.743574
1755405387134,0.270389,-0.062812,10.074082
1755405387136,0.301496,-0.046062,9.812965
1755405387141,0.284746,-0.022134,9.652647
1755405387143,0.287139,-0.024526,9.920643
1755405387144,0.306281,-0.012562,9.947263
1755405387146,0.265603,-0.038883,9.999905
1755405387148,0.294317,-0.031705,9.956834
1755405387150,0.275175,-0.048455,9.856036
1755405387153,0.31346,-0.022134,9.923036
1755405387156,0.253639,-0.031705,9.820144
1755405387158,0.29671,-0.014955,9.834501
1755405387160,0.270389,-0.031705,9.858429
1755405387162,0.315853,-0.012562,9.793823
1755405387165,0.275175,-0.048455,9.927821
1755405387167,0.303888,0.004187,9.738789
1755405387170,0.282353,-0.019741,10.066904
1755405387172,0.337388,-0.022134,9.827323
1755405387175,0.227318,-0.012562,10.100404
1755405387177,0.337388,-0.017348,9.942178
1755405387179,0.234497,-0.002991,9.887143
1755405387181,0.325424,-0.034098,9.796216
1755405387184,0.234497,-0.019741,9.879965
1755405387187,0.308674,-0.026919,9.762716
1755405387189,0.241675,0.013759,9.964012
1755405387191,0.29671,-0.038883,9.705289
1755405387194,0.239282,-0.002991,10.078868
1755405387197,0.306281,-0.012562,9.676575
1755405387198,0.241675,-0.041276,10.124331
1755405387201,0.308674,-0.017348,9.760324
1755405387203,0.241675,-0.022134,10.023833
1755405387206,0.339781,0.004187,9.870394
1755405387208,0.246461,-0.002991,9.939785
1755405387210,0.306281,-0.038883,9.870394
1755405387213,0.234497,-0.000598,9.858429
1755405387215,0.318245,-0.031705,9.851251
1755405387218,0.272782,-0.041276,9.820144
1755405387220,0.287139,-0.034098,9.848858
1755405387223,0.248854,-0.022134,9.872787
1755405387226,0.291924,-0.031705,9.889536
1755405387227,0.265603,-0.002991,9.903893
1755405387230,0.311067,-0.036491,9.903893
1755405387232,0.323031,-0.007777,9.817751
1755405387234,0.299103,-0.041276,9.877572
1755405387237,0.258425,-0.005384,9.860822
1755405387240,0.294317,-0.012562,9.894321
1755405387244,0.299103,-0.026919,9.872787
1755405387245,0.320638,-0.017348,9.882358
1755405387247,0.272782,-0.026919,9.872787
1755405387249,0.287139,0.00658,9.877572
1755405387251,0.287139,-0.007777,9.872787
1755405387254,0.260818,-0.010169,9.889536
1755405387257,0.267996,-0.050847,9.894321
1755405387261,0.27996,-0.007777,9.891929
1755405387262,0.294317,-0.005384,9.856036
1755405387263,0.289532,-0.022134,9.865608
1755405387265,0.299103,-0.046062,9.872787
1755405387268,0.308674,-0.010169,9.865608
1755405387270,0.31346,-0.026919,9.868001
1755405387274,0.284746,-0.029312,9.860822
1755405387276,0.272782,-0.022134,9.88475
1755405387278,0.289532,0.008973,9.848858
1755405387280,0.301496,-0.000598,9.827323
1755405387282,0.311067,-0.048455,9.868001
1755405387284,0.289532,-0.034098,9.932607
1755405387287,0.323031,-0.005384,9.801002
1755405387291,0.236889,-0.012562,9.968799
1755405387292,0.325424,0.008973,9.757931
1755405387294,0.232104,-0.06999,9.980762
1755405387296,0.361316,-0.022134,9.755538
1755405387299,0.260818,-0.022134,10.052547
1755405387301,0.332602,0.013759,9.755538
1755405387304,0.256032,-0.019741,10.016655
1755405387306,0.327817,-0.007777,9.724431
1755405387309,0.224925,-0.029312,10.035797
1755405387311,0.342174,0.001795,9.719646
1755405387313,0.241675,-0.046062,10.028619
1755405387315,0.332602,-0.007777,9.74836
1755405387318,0.222533,-0.038883,9.999905
1755405387321,0.346959,-0.019741,9.760324
1755405387323,0.244068,-0.002991,9.983155
1755405387325,0.325424,0.001795,9.836894
1755405387328,0.267996,-0.012562,9.961619
1755405387331,0.29671,-0.000598,9.870394
1755405387333,0.251246,0.001795,9.908679
1755405387335,0.311067,-0.029312,9.836894
1755405387337,0.241675,-0.024526,9.88475
1755405387339,0.260818,-0.048455,9.853643
1755405387342,0.270389,-0.010169,9.836894
1755405387345,0.275175,-0.06999,9.906285
1755405387347,0.272782,0.016152,9.801002
1755405387350,0.29671,-0.026919,9.971191
1755405387352,0.344566,0.013759,9.822537
1755405387354,0.263211,-0.029312,10.062119
1755405387356,0.320638,0.004187,9.772287
1755405387359,0.272782,-0.031705,10.059726
1755405387361,0.315853,-0.000598,9.724431
1755405387364,0.27996,-0.022134,9.980762
1755405387366,0.325424,-0.026919,9.729217
1755405387368,0.282353,-0.024526,9.968799
1755405387371,0.344566,-0.012562,9.829716
1755405387373,0.277567,-0.019741,9.923036
1755405387376,0.303888,-0.060419,9.925428
1755405387378,0.315853,-0.022134,9.815358
1755405387381,0.275175,-0.058026,9.949656
1755405387383,0.315853,-0.017348,9.786645
1755405387385,0.270389,-0.034098,9.949656
1755405387388,0.301496,-0.022134,9.815358
1755405387390,0.265603,0.008973,9.903893
1755405387393,0.291924,-0.007777,9.889536
1755405387395,0.270389,0.008973,9.863214
1755405387397,0.284746,0.011366,9.91825
1755405387400,0.299103,-0.019741,9.801002
1755405387402,0.232104,-0.026919,9.930214
1755405387404,0.303888,-0.034098,9.858429
1755405387407,0.287139,0.001795,9.899107
1755405387410,0.270389,0.00658,9.865608
1755405387412,0.301496,-0.017348,9.88475
1755405387414,0.294317,-0.05324,9.971191
1755405387416,0.320638,-0.026919,9.784252
1755405387419,0.253639,0.00658,9.942178
1755405387421,0.29671,0.001795,9.812965
1755405387423,0.263211,-0.036491,9.927821
1755405387427,0.301496,-0.06999,9.769895
1755405387429,0.263211,-0.026919,9.887143
1755405387431,0.291924,-0.022134,9.820144
1755405387433,0.284746,-0.007777,9.879965
1755405387435,0.284746,-0.038883,9.872787
1755405387438,0.236889,-0.048455,9.858429
1755405387440,0.277567,-0.031705,9.882358
1755405387443,0.287139,-0.010169,9.836894
1755405387445,0.291924,-0.031705,9.927821
1755405387447,0.294317,-0.010169,9.772287
1755405387450,0.260818,-0.022134,9.990334
1755405387452,0.287139,0.00658,9.812965
1755405387455,0.244068,-0.031705,10.019048
1755405387457,0.33021,0.013759,9.765109
1755405387460,0.263211,-0.022134,10.007083
1755405387464,0.318245,0.00658,9.803394
1755405387465,0.232104,-0.017348,10.014262
1755405387467,0.31346,-0.010169,9.781859
1755405387469,0.236889,-0.000598,9.980762
1755405387473,0.344566,-0.031705,9.827323
1755405387474,0.251246,-0.005384,9.97837
1755405387476,0.342174,-0.012562,9.848858
1755405387480,0.282353,-0.005384,9.906285
1755405387481,0.306281,-0.036491,9.832108
1755405387483,0.258425,-0.019741,9.865608
1755405387486,0.301496,-0.041276,9.868001
1755405387488,0.267996,-0.031705,9.868001
1755405387490,0.270389,-0.038883,9.887143
1755405387493,0.272782,-0.012562,9.851251
1755405387496,0.289532,-0.026919,9.927821
1755405387498,0.311067,-0.014955,9.844072
1755405387500,0.282353,-0.014955,9.944571
1755405387503,0.29671,-0.014955,9.80818
1755405387505,0.251246,-0.017348,9.930214
1755405387507,0.291924,-0.014955,9.772287
1755405387510,0.263211,-0.017348,9.966406
1755405387513,0.318245,-0.026919,9.786645
1755405387514,0.234497,-0.024526,9.997512
1755405387517,0.311067,0.004187,9.781859
1755405387519,0.234497,-0.000598,10.014262
1755405387522,0.320638,-0.024526,9.757931
1755405387524,0.241675,-0.034098,10.021441
1755405387527,0.339781,0.001795,9.745967
1755405387529,0.227318,-0.010169,10.016655
1755405387531,0.320638,0.001795,9.743574
1755405387534,0.215354,-0.041276,10.007083
1755405387536,0.31346,-0.026919,9.781859
1755405387538,0.246461,-0.010169,9.973584
1755405387541,0.301496,-0.024526,9.810573
1755405387543,0.236889,-0.017348,9.947263
1755405387546,0.291924,-0.029312,9.801002
1755405387548,0.260818,-0.022134,9.906285
1755405387551,0.320638,-0.005384,9.872787
1755405387553,0.275175,-0.007777,9.853643
1755405387555,0.337388,-0.046062,9.9015
1755405387558,0.27996,-0.012562,9.79143
1755405387560,0.265603,-0.072383,9.987941
1755405387564,0.339781,0.001795,9.743574
1755405387566,0.251246,-0.024526,10.059726
1755405387569,0.301496,0.020937,9.702896
1755405387570,0.244068,-0.026919,10.047761
1755405387572,0.320638,-0.000598,9.702896
1755405387574,0.234497,-0.022134,9.990334
1755405387577,0.284746,-0.014955,9.745967
1755405387580,0.267996,-0.010169,9.947263
1755405387582,0.282353,0.004187,9.882358
1755405387584,0.270389,-0.002991,9.848858
1755405387586,0.294317,-0.055633,9.920643
1755405387589,0.284746,-0.005384,9.827323
1755405387591,0.272782,-0.041276,9.975977
1755405387594,0.306281,-0.014955,9.889536
1755405387597,0.289532,-0.014955,9.932607
1755405387599,0.284746,-0.050847,9.877572
1755405387601,0.301496,-0.034098,9.9015
1755405387603,0.339781,-0.036491,9.959227
1755405387606,0.282353,-0.031705,9.846465
1755405387608,0.282353,0.018544,9.79143
1755405387611,0.33021,-0.017348,9.870394
1755405387614,0.301496,-0.017348,9.903893
1755405387616,0.337388,-0.029312,9.91825
1755405387619,0.275175,-0.026919,9.992726
1755405387620,0.301496,-0.031705,9.920643
1755405387622,0.349352,-0.05324,9.879965
1755405387625,0.294317,-0.038883,9.889536
1755405387627,0.303888,-0.000598,9.887143
1755405387631,0.227318,-0.014955,9.829716
1755405387632,0.244068,-0.026919,9.822537
1755405387635,0.272782,-0.026919,9.868001
1755405387637,0.275175,-0.026919,9.937392
1755405387639,0.27996,-0.019741,9.836894
1755405387642,0.282353,-0.019741,9.889536
1755405387644,0.306281,-0.029312,9.889536
1755405387648,0.315853,-0.034098,9.920643
1755405387649,0.294317,-0.041276,9.863214
1755405387651,0.303888,0.00658,9.891929
1755405387654,0.232104,-0.007777,9.817751
1755405387656,0.244068,-0.014955,9.757931
1755405387658,0.308674,-0.017348,9.896714
1755405387661,0.251246,-0.014955,9.966406
1755405387663,0.248854,-0.010169,9.856036
1755405387666,0.284746,-0.019741,9.856036
1755405387668,0.311067,-0.055633,9.887143
1755405387670,0.251246,-0.019741,9.88475
1755405387673,0.29671,-0.024526,9.896714
1755405387675,0.253639,0.001795,9.858429
1755405387677,0.282353,-0.005384,9.870394
1755405387680,0.263211,-0.010169,9.923036
1755405387683,0.294317,-0.014955,9.868001
1755405387686,0.258425,-0.036491,9.882358
1755405387687,0.246461,-0.010169,9.899107
1755405387689,0.27996,-0.017348,9.894321
1755405387692,0.277567,-0.048455,9.875179
1755405387694,0.267996,0.028116,9.879965
1755405387697,0.320638,-0.038883,9.779466
1755405387699,0.234497,-0.029312,10.011869
1755405387701,0.358923,0.001795,9.769895
1755405387704,0.234497,-0.026919,10.057333
1755405387707,0.334995,0.013759,9.757931
1755405387709,0.241675,-0.041276,9.925428
1755405387711,0.294317,-0.026919,9.750752
1755405387713,0.287139,-0.022134,9.911072
1755405387716,0.272782,-0.048455,9.894321
1755405387719,0.272782,-0.010169,9.79143
1755405387721,0.287139,0.004187,9.980762
1755405387723,0.339781,0.05683,9.860822
1755405387726,0.232104,-0.007777,9.973584
1755405387728,0.272782,-0.055633,9.669396
1755405387730,0.303888,-0.079561,9.889536
1755405387733,0.291924,-0.043669,9.875179
1755405387735,0.311067,0.025723,9.9015
1755405387737,0.320638,0.04008,10.026226
1755405387740,0.267996,0.004187,9.789038
1755405387742,0.251246,-0.091525,9.856036
1755405387745,0.284746,-0.079561,9.82493
1755405387747,0.272782,-0.017348,9.865608
1755405387750,0.277567,0.047258,10.009477
1755405387752,0.294317,0.061615,9.836894
1755405387754,0.29671,-0.079561,9.882358
1755405387757,0.287139,-0.141775,9.741181
1755405387759,0.289532,-0.026919,9.930214
1755405387762,0.291924,0.078365,9.891929
1755405387764,0.275175,0.02333,9.822537
1755405387767,0.260818,-0.041276,10.035797
1755405387769,0.339781,-0.012562,9.738789
1755405387771,0.224925,-0.08674,9.882358
1755405387774,0.284746,-0.031705,9.913465
1755405387776,0.306281,0.059222,9.882358
1755405387778,0.20339,0.011366,9.915857
1755405387780,0.303888,-0.014955,9.834501
1755405387784,0.289532,-0.055633,9.997512
1755405387786,0.306281,-0.048455,9.726824
1755405387788,0.29671,-0.096311,9.858429
1755405387790,0.342174,-0.041276,9.934999
1755405387793,0.265603,0.083151,9.954441
1755405387795,0.246461,0.004187,9.894321
1755405387799,0.29671,-0.113061,9.757931
1755405387801,0.31346,-0.10349,9.934999
1755405387804,0.289532,-0.002991,9.879965
1755405387805,0.272782,0.047258,9.846465
1755405387807,0.267996,-0.043669,10.040583
1755405387810,0.29671,0.032901,9.796216
1755405387812,0.246461,-0.055633,9.853643
1755405387814,0.291924,-0.072383,9.844072
1755405387818,0.318245,-0.014955,9.877572
1755405387822,0.239282,-0.034098,9.839287
1755405387823,0.306281,0.013759,9.983155
1755405387824,0.308674,0.030508,9.906285
1755405387826,0.251246,-0.017348,9.853643
1755405387828,0.306281,-0.029312,9.985548
1755405387831,0.323031,-0.017348,9.695718
1755405387833,0.210568,-0.079561,9.923036
1755405387835,0.334995,0.02333,9.870394
1755405387839,0.284746,0.013759,9.865608
1755405387840,0.256032,-0.022134,10.035797
1755405387843,0.323031,0.02333,9.777073
1755405387845,0.222533,-0.062812,9.906285
1755405387848,0.246461,-0.060419,9.82493
1755405387850,0.323031,-0.007777,9.853643
1755405387853,0.239282,-0.022134,9.964012
1755405387855,0.29671,0.047258,9.942178
1755405387858,0.282353,-0.000598,9.899107
1755405387860,0.239282,-0.062812,9.832108
1755405387862,0.244068,-0.017348,9.872787
1755405387864,0.244068,-0.034098,9.812965
1755405387868,0.22014,-0.005384,9.949656
1755405387870,0.303888,0.032901,9.889536
1755405387874,0.267996,0.011366,9.872787
1755405387876,0.287139,-0.046062,9.975977
1755405387876,0.342174,-0.012562,9.769895
1755405387879,0.248854,-0.06999,9.913465
1755405387881,0.282353,-0.012562,9.865608
1755405387884,0.272782,-0.002991,9.894321
1755405387886,0.251246,-0.014955,9.934999
1755405387888,0.308674,0.016152,9.84168
1755405387891,0.260818,-0.031705,9.934999
1755405387893,0.287139,0.00658,9.832108
1755405387895,0.303888,-0.012562,9.913465
1755405387898,0.241675,0.018544,9.815358
1755405387900,0.306281,-0.034098,9.908679
1755405387903,0.303888,-0.007777,9.879965
1755405387906,0.239282,-0.012562,9.9015
1755405387908,0.277567,-0.017348,9.868001
1755405387910,0.248854,-0.026919,9.856036
1755405387913,0.301496,-0.019741,9.966406
1755405387915,0.29671,-0.043669,9.939785
1755405387917,0.303888,-0.000598,9.930214
1755405387920,0.337388,-0.014955,9.930214
1755405387923,0.253639,0.020937,9.755538
1755405387925,0.232104,-0.022134,9.868001
1755405387927,0.291924,-0.012562,9.899107
1755405387929,0.265603,-0.005384,9.882358
1755405387932,0.308674,-0.041276,9.903893
1755405387934,0.306281,-0.036491,9.9015
1755405387937,0.323031,-0.031705,9.872787
1755405387939,0.263211,-0.017348,9.980762
1755405387942,0.236889,-0.029312,9.805787
1755405387943,0.289532,-0.022134,9.908679
1755405387946,0.294317,-0.026919,9.930214
1755405387948,0.291924,-0.055633,9.879965
1755405387951,0.241675,-0.022134,9.9015
1755405387954,0.248854,-0.014955,9.846465
1755405387956,0.31346,-0.050847,9.88475
1755405387958,0.31346,-0.029312,9.872787
1755405387961,0.29671,0.018544,9.870394
1755405387963,0.251246,-0.005384,9.872787
1755405387965,0.284746,-0.038883,9.870394
1755405387968,0.277567,-0.019741,9.894321
1755405387971,0.258425,-0.029312,9.851251
1755405387973,0.294317,-0.043669,9.868001
1755405387975,0.31346,-0.031705,9.877572
1755405387977,0.294317,-0.017348,9.889536
1755405387979,0.303888,-0.014955,9.858429
1755405387982,0.294317,-0.058026,9.908679
1755405387984,0.282353,-0.022134,9.903893
1755405387988,0.27996,-0.041276,9.891929
1755405387990,0.289532,-0.005384,9.889536
1755405387992,0.27996,0.004187,9.882358
1755405387994,0.27996,-0.017348,9.879965
1755405387996,0.306281,-0.036491,9.870394
1755405387999,0.301496,-0.002991,9.863214
1755405388001,0.270389,-0.022134,9.887143
1755405388006,0.291924,-0.031705,9.875179
1755405388007,0.303888,0.001795,9.887143
1755405388009,0.299103,-0.012562,9.891929
1755405388011,0.31346,-0.002991,9.882358
1755405388013,0.284746,-0.017348,9.882358
1755405388016,0.294317,-0.010169,9.882358
1755405388018,0.289532,-0.041276,9.877572
1755405388023,0.272782,-0.029312,9.872787
1755405388024,0.306281,-0.022134,9.882358
1755405388026,0.270389,-0.002991,9.894321
1755405388027,0.270389,-0.012562,9.899107
1755405388030,0.299103,-0.026919,9.877572
1755405388032,0.301496,-0.036491,9.882358
1755405388035,0.311067,-0.029312,9.870394
1755405388037,0.301496,0.001795,9.836894
1755405388040,0.29671,-0.019741,9.9015
