1755402248709,0.27996,-0.031705,9.875179
1755402248711,0.282353,-0.019741,9.896714
1755402248711,0.299103,-0.007777,9.879965
1755402248712,0.31346,-0.012562,9.875179
1755402248713,0.337388,-0.022134,9.856036
1755402248714,0.282353,-0.002991,9.860822
1755402248715,0.301496,-0.012562,9.856036
1755402248715,0.246461,-0.024526,9.882358
1755402248716,0.29671,-0.019741,9.88475
1755402248717,0.267996,-0.010169,9.856036
1755402248717,0.270389,-0.012562,9.868001
1755402248718,0.253639,-0.031705,9.870394
1755402248719,0.301496,-0.046062,9.877572
1755402248720,0.311067,0.00658,9.889536
1755402248721,0.284746,-0.007777,9.906285
1755402248721,0.244068,-0.012562,9.879965
1755402248722,0.239282,-0.036491,9.9015
1755402248723,0.244068,-0.024526,9.894321
1755402248724,0.29671,-0.014955,9.889536
1755402248724,0.275175,-0.034098,9.879965
1755402248725,0.306281,-0.029312,9.863214
1755402248726,0.299103,-0.046062,9.877572
1755402248727,0.301496,-0.026919,9.872787
1755402248727,0.289532,-0.036491,9.877572
1755402248727,0.289532,-0.034098,9.894321
1755402248728,0.289532,-0.012562,9.879965
1755402248728,0.29671,-0.012562,9.863214
1755402248728,0.27996,-0.007777,9.868001
1755402248729,0.301496,-0.014955,9.865608
1755402248729,0.263211,-0.024526,9.891929
1755402248730,0.263211,-0.000598,9.860822
1755402248730,0.282353,-0.012562,9.872787
1755402248730,0.306281,-0.012562,9.863214
1755402248731,0.308674,-0.005384,9.860822
1755402248731,0.270389,-0.022134,9.891929
1755402248731,0.27996,0.00658,9.865608
1755402248732,0.299103,-0.019741,9.882358
1755402248732,0.27996,-0.010169,9.868001
1755402248732,0.244068,-0.029312,9.882358
1755402248733,0.303888,-0.026919,9.868001
1755402248733,0.282353,-0.022134,9.88475
1755402248733,0.253639,-0.007777,9.891929
1755402248734,0.275175,-0.043669,9.877572
1755402248734,0.260818,0.004187,9.872787
1755402248734,0.267996,-0.000598,9.882358
1755402248735,0.294317,-0.046062,9.865608
1755402248735,0.27996,-0.038883,9.879965
1755402248735,0.289532,-0.046062,9.899107
1755402248736,0.256032,-0.034098,9.865608
1755402248736,0.289532,-0.000598,9.887143
1755402248736,0.267996,-0.014955,9.848858
1755402248737,0.287139,-0.002991,9.870394
1755402248737,0.258425,-0.055633,9.896714
1755402248737,0.284746,-0.026919,9.875179
1755402248738,0.248854,-0.000598,9.894321
1755402248738,0.248854,-0.010169,9.9015
1755402248738,0.256032,-0.034098,9.877572
1755402248741,0.289532,-0.022134,9.887143
1755402248743,0.244068,-0.007777,9.870394
1755402248746,0.256032,-0.041276,9.879965
1755402248748,0.27996,-0.005384,9.899107
1755402248750,0.31346,-0.019741,9.891929
1755402248754,0.306281,-0.031705,9.870394
1755402248756,0.301496,-0.005384,9.891929
1755402248757,0.27996,0.001795,9.882358
1755402248760,0.275175,-0.000598,9.875179
1755402248762,0.282353,-0.017348,9.877572
1755402248765,0.289532,-0.000598,9.875179
1755402248768,0.308674,-0.010169,9.877572
1755402248769,0.27996,-0.014955,9.870394
1755402248772,0.267996,0.00658,9.872787
1755402248777,0.29671,0.001795,9.903893
1755402248778,0.275175,-0.010169,9.88475
1755402248780,0.260818,-0.010169,9.894321
1755402248782,0.291924,0.008973,9.863214
1755402248784,0.277567,-0.026919,9.860822
1755402248786,0.318245,-0.014955,9.870394
1755402248789,0.270389,0.011366,9.872787
1755402248791,0.229711,-0.017348,9.877572
1755402248794,0.284746,0.001795,9.875179
1755402248796,0.291924,0.004187,9.860822
1755402248799,0.29671,-0.014955,9.894321
1755402248800,0.27996,-0.029312,9.870394
1755402248803,0.308674,-0.041276,9.870394
1755402248806,0.306281,-0.012562,9.88475
1755402248808,0.291924,-0.022134,9.903893
1755402248810,0.282353,0.004187,9.848858
1755402248813,0.241675,-0.034098,9.868001
1755402248816,0.284746,-0.05324,9.868001
1755402248817,0.318245,-0.062812,9.879965
1755402248820,0.272782,-0.034098,9.894321
1755402248823,0.267996,0.001795,9.894321
1755402248825,0.289532,-0.022134,9.870394
1755402248827,0.284746,-0.029312,9.875179
1755402248829,0.284746,-0.014955,9.875179
1755402248832,0.272782,-0.041276,9.877572
1755402248834,0.258425,-0.024526,9.889536
1755402248836,0.270389,-0.019741,9.865608
1755402248839,0.246461,-0.029312,9.846465
1755402248842,0.27996,-0.041276,9.877572
1755402248844,0.265603,-0.017348,9.894321
1755402248846,0.248854,-0.034098,9.896714
1755402248849,0.301496,-0.024526,9.882358
1755402248851,0.270389,-0.026919,9.887143
1755402248853,0.299103,-0.022134,9.894321
1755402248857,0.253639,-0.024526,9.887143
1755402248858,0.303888,-0.007777,9.851251
1755402248865,0.301496,-0.022134,9.88475
1755402248866,0.31346,-0.026919,9.870394
1755402248867,0.299103,-0.050847,9.875179
1755402248868,0.287139,-0.024526,9.851251
1755402248870,0.289532,-0.010169,9.882358
1755402248873,0.294317,-0.010169,9.88475
1755402248875,0.289532,-0.012562,9.889536
1755402248877,0.270389,0.001795,9.894321
1755402248880,0.287139,-0.010169,9.889536
1755402248882,0.31346,-0.026919,9.877572
1755402248884,0.267996,-0.034098,9.872787
1755402248887,0.294317,-0.019741,9.882358
1755402248890,0.282353,-0.010169,9.877572
1755402248892,0.253639,-0.010169,9.875179
1755402248894,0.277567,-0.019741,9.875179
1755402248897,0.27996,-0.012562,9.894321
1755402248899,0.256032,-0.036491,9.868001
1755402248901,0.256032,-0.024526,9.891929
1755402248903,0.256032,-0.036491,9.88475
1755402248907,0.272782,-0.029312,9.889536
1755402248908,0.299103,-0.000598,9.882358
1755402248911,0.282353,-0.010169,9.887143
1755402248913,0.282353,-0.017348,9.896714
1755402248916,0.294317,-0.050847,9.887143
1755402248918,0.267996,-0.022134,9.872787
1755402248920,0.267996,-0.043669,9.879965
1755402248925,0.287139,-0.012562,9.858429
1755402248927,0.291924,-0.019741,9.868001
1755402248928,0.267996,-0.046062,9.858429
1755402248930,0.311067,-0.048455,9.870394
1755402248933,0.291924,-0.017348,9.865608
1755402248935,0.27996,0.008973,9.896714
1755402248937,0.275175,-0.019741,9.894321
1755402248940,0.277567,-0.031705,9.891929
1755402248943,0.256032,-0.014955,9.887143
1755402248944,0.267996,-0.005384,9.896714
1755402248947,0.267996,-0.048455,9.887143
1755402248949,0.258425,-0.022134,9.91825
1755402248951,0.265603,-0.005384,9.891929
1755402248954,0.253639,-0.024526,9.879965
1755402248956,0.287139,-0.022134,9.896714
1755402248961,0.315853,0.013759,9.889536
1755402248962,0.325424,0.001795,9.906285
1755402248963,0.258425,0.018544,9.879965
1755402248967,0.265603,-0.012562,9.879965
1755402248968,0.315853,-0.010169,9.868001
1755402248971,0.270389,-0.026919,9.887143
1755402248973,0.260818,0.00658,9.879965
1755402248976,0.260818,-0.055633,9.870394
1755402248978,0.244068,-0.046062,9.875179
1755402248980,0.265603,-0.024526,9.88475
1755402248983,0.277567,-0.014955,9.872787
1755402248985,0.284746,-0.024526,9.894321
1755402248987,0.239282,-0.024526,9.882358
1755402248990,0.258425,-0.029312,9.889536
1755402248993,0.260818,-0.007777,9.908679
1755402248995,0.246461,-0.024526,9.877572
1755402248998,0.287139,-0.034098,9.894321
1755402249000,0.277567,-0.014955,9.896714
1755402249002,0.253639,-0.038883,9.891929
1755402249004,0.270389,-0.034098,9.894321
1755402249007,0.265603,-0.005384,9.896714
1755402249010,0.258425,-0.002991,9.889536
1755402249012,0.270389,-0.012562,9.879965
1755402249014,0.287139,-0.031705,9.899107
1755402249017,0.260818,-0.000598,9.882358
1755402249019,0.29671,-0.024526,9.887143
1755402249021,0.306281,-0.010169,9.88475
1755402249023,0.272782,-0.029312,9.882358
1755402249026,0.275175,-0.041276,9.882358
1755402249029,0.260818,-0.034098,9.889536
1755402249031,0.267996,-0.029312,9.868001
1755402249033,0.289532,-0.019741,9.875179
1755402249036,0.265603,-0.043669,9.887143
1755402249038,0.291924,-0.019741,9.872787
1755402249040,0.306281,-0.024526,9.882358
1755402249044,0.291924,-0.014955,9.9015
1755402249045,0.299103,-0.019741,9.88475
1755402249047,0.265603,-0.024526,9.891929
1755402249050,0.251246,-0.029312,9.877572
1755402249052,0.267996,-0.019741,9.879965
1755402249055,0.291924,-0.026919,9.908679
1755402249057,0.289532,-0.014955,9.860822
1755402249060,0.253639,-0.022134,9.899107
1755402249063,0.287139,-0.019741,9.865608
1755402249064,0.275175,-0.005384,9.911072
1755402249067,0.270389,-0.017348,9.875179
1755402249069,0.270389,-0.026919,9.88475
1755402249071,0.277567,-0.014955,9.860822
1755402249074,0.246461,-0.029312,9.875179
1755402249077,0.246461,-0.014955,9.882358
1755402249079,0.272782,-0.024526,9.882358
1755402249081,0.265603,-0.017348,9.870394
1755402249083,0.29671,-0.048455,9.872787
1755402249086,0.272782,-0.010169,9.877572
1755402249088,0.291924,-0.026919,9.877572
1755402249091,0.301496,0.025723,9.872787
1755402249093,0.263211,-0.012562,9.882358
1755402249096,0.251246,-0.007777,9.836894
1755402249098,0.289532,-0.019741,9.870394
1755402249102,0.301496,-0.012562,9.882358
1755402249103,0.299103,-0.043669,9.872787
1755402249105,0.320638,-0.005384,9.870394
1755402249107,0.315853,-0.014955,9.858429
1755402249110,0.270389,-0.026919,9.868001
1755402249113,0.263211,-0.024526,9.848858
1755402249115,0.287139,-0.002991,9.896714
1755402249117,0.246461,-0.022134,9.875179
1755402249119,0.248854,-0.007777,9.872787
1755402249122,0.284746,-0.000598,9.834501
1755402249124,0.275175,-0.002991,9.899107
1755402249127,0.263211,-0.036491,9.879965
1755402249129,0.289532,-0.038883,9.877572
1755402249132,0.267996,-0.000598,9.9015
1755402249134,0.291924,-0.000598,9.88475
1755402249136,0.284746,-0.031705,9.887143
1755402249139,0.29671,-0.022134,9.860822
1755402249141,0.29671,-0.034098,9.865608
1755402249144,0.265603,-0.046062,9.875179
1755402249146,0.275175,-0.000598,9.872787
1755402249148,0.267996,-0.019741,9.887143
1755402249151,0.265603,-0.017348,9.868001
1755402249153,0.311067,-0.041276,9.872787
1755402249155,0.289532,-0.024526,9.887143
1755402249158,0.303888,-0.031705,9.889536
1755402249160,0.272782,-0.017348,9.844072
1755402249162,0.291924,-0.031705,9.915857
1755402249165,0.29671,-0.024526,9.856036
1755402249167,0.294317,-0.010169,9.906285
1755402249169,0.277567,-0.034098,9.860822
1755402249172,0.272782,0.011366,9.872787
1755402249174,0.251246,-0.029312,9.894321
1755402249177,0.294317,-0.022134,9.870394
1755402249180,0.303888,-0.007777,9.887143
1755402249182,0.289532,-0.034098,9.887143
1755402249184,0.251246,-0.010169,9.894321
1755402249186,0.291924,-0.010169,9.887143
1755402249189,0.260818,-0.029312,9.858429
1755402249191,0.299103,-0.024526,9.882358
1755402249194,0.270389,-0.029312,9.858429
1755402249196,0.258425,-0.022134,9.853643
1755402249199,0.265603,-0.017348,9.88475
1755402249201,0.244068,-0.041276,9.882358
1755402249203,0.260818,-0.000598,9.915857
1755402249205,0.275175,-0.005384,9.846465
1755402249208,0.263211,-0.019741,9.877572
1755402249211,0.27996,-0.019741,9.870394
1755402249215,0.277567,-0.041276,9.882358
1755402249216,0.284746,0.004187,9.875179
1755402249218,0.284746,-0.022134,9.872787
1755402249220,0.284746,0.001795,9.899107
1755402249224,0.289532,0.004187,9.877572
1755402249225,0.294317,-0.019741,9.877572
1755402249227,0.258425,-0.041276,9.877572
1755402249230,0.227318,-0.029312,9.882358
1755402249232,0.267996,-0.010169,9.875179
1755402249234,0.282353,-0.014955,9.858429
1755402249236,0.29671,-0.024526,9.868001
1755402249239,0.258425,-0.036491,9.865608
1755402249242,0.287139,-0.036491,9.868001
1755402249244,0.311067,-0.005384,9.908679
1755402249247,0.265603,-0.017348,9.896714
1755402249250,0.27996,-0.019741,9.896714
1755402249251,0.291924,-0.007777,9.894321
1755402249254,0.282353,-0.024526,9.894321
1755402249256,0.31346,-0.007777,9.903893
1755402249258,0.318245,-0.041276,9.853643
1755402249261,0.258425,-0.029312,9.815358
1755402249264,0.27996,-0.000598,9.889536
1755402249266,0.208176,0.013759,10.064511
1755402249269,0.306281,0.037687,9.753145
1755402249271,0.248854,-0.036491,10.009477
1755402249273,0.358923,-0.010169,9.695718
1755402249275,0.208176,-0.084347,10.002297
1755402249277,0.31346,0.042473,9.729217
1755402249280,0.263211,-0.034098,9.983155
1755402249283,0.277567,0.030508,9.903893
1755402249285,0.311067,-0.036491,9.798609
1755402249287,0.253639,-0.062812,9.971191
1755402249289,0.320638,0.001795,9.757931
1755402249292,0.227318,-0.010169,10.014262
1755402249294,0.325424,0.049651,9.777073
1755402249296,0.227318,-0.022134,10.031012
1755402249299,0.318245,-0.031705,9.667004
1755402249301,0.256032,-0.043669,10.016655
1755402249305,0.361316,0.016152,9.729217
1755402249306,0.208176,-0.038883,10.03819
1755402249308,0.327817,0.020937,9.755538
1755402249311,0.267996,-0.077169,9.956834
1755402249313,0.327817,-0.005384,9.805787
1755402249316,0.303888,-0.046062,9.968799
1755402249319,0.287139,0.047258,9.863214
1755402249320,0.33021,-0.046062,9.863214
1755402249323,0.284746,-0.048455,9.968799
1755402249325,0.315853,-0.024526,9.729217
1755402249328,0.205783,-0.077169,10.016655
1755402249330,0.337388,0.013759,9.736395
1755402249332,0.183948,-0.050847,10.040583
1755402249335,0.277567,0.052044,9.803394
1755402249337,0.289532,-0.081954,9.915857
1755402249339,0.265603,0.001795,9.959227
1755402249343,0.282353,-0.031705,9.786645
1755402249345,0.229711,-0.048455,10.014262
1755402249347,0.358923,0.018544,9.77468
1755402249349,0.20339,-0.031705,9.97837
1755402249352,0.337388,0.030508,9.796216
1755402249354,0.239282,-0.067597,9.91825
1755402249357,0.263211,-0.029312,9.793823
1755402249359,0.291924,-0.046062,9.882358
1755402249361,0.253639,0.001795,9.959227
1755402249363,0.31346,-0.014955,9.769895
1755402249366,0.222533,-0.029312,10.031012
1755402249368,0.37328,-0.007777,9.700503
1755402249371,0.200997,-0.029312,10.05494
1755402249373,0.387637,0.052044,9.772287
1755402249376,0.208176,-0.065204,9.961619
1755402249378,0.334995,0.047258,9.781859
1755402249380,0.241675,-0.079561,9.927821
1755402249383,0.311067,-0.007777,9.793823
1755402249387,0.275175,-0.05324,9.891929
1755402249388,0.277567,0.008973,9.906285
1755402249390,0.287139,-0.050847,9.870394
1755402249392,0.258425,-0.022134,9.903893
1755402249395,0.337388,-0.060419,9.793823
1755402249397,0.22014,0.013759,10.035797
1755402249400,0.33021,0.028116,9.777073
1755402249402,0.234497,-0.017348,9.959227
1755402249404,0.344566,-0.026919,9.784252
1755402249407,0.208176,-0.007777,9.961619
1755402249409,0.311067,-0.005384,9.817751
1755402249411,0.234497,-0.019741,9.934999
1755402249414,0.323031,-0.007777,9.858429
1755402249417,0.258425,0.004187,9.848858
1755402249419,0.256032,-0.034098,9.939785
1755402249421,0.318245,-0.024526,9.817751
1755402249423,0.263211,-0.034098,9.925428
1755402249426,0.299103,-0.029312,9.822537
1755402249428,0.272782,-0.012562,9.925428
1755402249431,0.239282,-0.034098,9.899107
1755402249434,0.291924,0.013759,9.863214
1755402249437,0.251246,-0.038883,9.896714
1755402249438,0.267996,-0.029312,9.858429
1755402249440,0.291924,-0.014955,9.863214
1755402249442,0.265603,-0.043669,9.91825
1755402249445,0.284746,0.00658,9.882358
1755402249447,0.282353,-0.000598,9.894321
1755402249451,0.284746,-0.024526,9.870394
1755402249453,0.263211,-0.026919,9.894321
1755402249455,0.267996,-0.058026,9.887143
1755402249457,0.267996,-0.034098,9.930214
1755402249459,0.260818,-0.026919,9.853643
1755402249462,0.239282,-0.038883,9.877572
1755402249464,0.31346,-0.022134,9.856036
1755402249467,0.291924,-0.036491,9.920643
1755402249470,0.289532,-0.041276,9.848858
1755402249471,0.256032,-0.017348,9.889536
1755402249474,0.303888,0.001795,9.872787
1755402249476,0.256032,-0.038883,9.915857
1755402249479,0.29671,-0.000598,9.848858
1755402249481,0.284746,-0.005384,9.896714
1755402249483,0.29671,0.011366,9.858429
1755402249486,0.210568,-0.026919,9.889536
1755402249489,0.251246,-0.002991,9.865608
1755402249490,0.272782,0.013759,9.856036
1755402249493,0.277567,-0.024526,9.798609
1755402249495,0.277567,-0.007777,10.031012
1755402249498,0.287139,0.025723,9.865608
1755402249500,0.241675,-0.048455,9.851251
1755402249503,0.308674,-0.074776,9.856036
1755402249505,0.275175,0.008973,9.915857
1755402249508,0.267996,0.044865,9.879965
1755402249511,0.294317,0.00658,9.891929
1755402249512,0.284746,-0.072383,9.803394
1755402249515,0.22014,-0.034098,9.942178
1755402249517,0.301496,-0.041276,9.822537
1755402249520,0.229711,0.016152,9.990334
1755402249524,0.327817,0.02333,9.769895
1755402249525,0.210568,-0.031705,10.021441
1755402249526,0.31346,-0.014955,9.710074
1755402249529,0.208176,-0.055633,10.035797
1755402249531,0.370888,0.04008,9.683753
1755402249534,0.19352,-0.067597,9.944571
1755402249536,0.349352,-0.029312,9.829716
1755402249539,0.236889,0.008973,10.002297
1755402249541,0.337388,0.004187,9.760324
1755402249543,0.239282,-0.024526,9.915857
1755402249545,0.287139,-0.038883,9.959227
1755402249548,0.253639,0.011366,9.789038
1755402249550,0.265603,-0.005384,9.934999
1755402249553,0.291924,-0.010169,9.803394
1755402249555,0.263211,-0.024526,10.064511
1755402249558,0.284746,-0.012562,9.671789
1755402249560,0.260818,-0.024526,10.007083
1755402249562,0.308674,0.013759,9.772287
1755402249565,0.267996,0.018544,9.964012
1755402249567,0.294317,-0.010169,9.865608
1755402249570,0.282353,0.011366,9.84168
1755402249573,0.22014,-0.041276,9.832108
1755402249575,0.294317,-0.002991,9.865608
1755402249577,0.277567,-0.002991,10.03819
1755402249579,0.260818,-0.026919,9.643075
1755402249582,0.251246,-0.041276,10.021441
1755402249584,0.31346,0.008973,9.822537
1755402249588,0.253639,-0.019741,9.985548
1755402249590,0.308674,-0.022134,9.793823
1755402249591,0.275175,0.025723,9.887143
1755402249593,0.244068,-0.022134,9.899107
1755402249596,0.303888,-0.019741,9.889536
1755402249598,0.270389,0.016152,9.949656
1755402249601,0.27996,-0.034098,9.777073
1755402249604,0.265603,-0.034098,9.942178
1755402249608,0.306281,0.030508,9.765109
1755402249609,0.241675,-0.010169,10.021441
1755402249611,0.270389,-0.022134,9.741181
1755402249613,0.232104,-0.043669,10.021441
1755402249615,0.325424,0.020937,9.765109
1755402249617,0.241675,-0.022134,10.009477
1755402249621,0.301496,-0.043669,9.738789
1755402249623,0.19352,-0.012562,10.00469
1755402249625,0.33021,0.02333,9.760324
1755402249627,0.253639,-0.017348,9.9015
1755402249630,0.334995,-0.019741,9.815358
1755402249632,0.246461,0.02333,10.002297
1755402249634,0.318245,-0.000598,9.798609
1755402249638,0.234497,-0.048455,9.932607
1755402249640,0.308674,-0.062812,9.851251
1755402249642,0.236889,0.013759,9.954441
1755402249644,0.308674,-0.014955,9.789038
1755402249646,0.239282,-0.036491,10.023833
1755402249649,0.339781,0.00658,9.702896
1755402249651,0.171984,-0.05324,10.098011
1755402249656,0.401994,0.078365,9.676575
1755402249657,0.17677,-0.098704,10.03819
1755402249659,0.320638,0.030508,9.793823
1755402249661,0.253639,-0.046062,9.923036
1755402249663,0.287139,-0.024526,9.858429
1755402249666,0.301496,0.001795,9.868001
1755402249668,0.258425,-0.029312,9.863214
1755402249672,0.294317,-0.043669,9.865608
1755402249674,0.291924,-0.029312,9.932607
1755402249676,0.265603,0.018544,9.839287
1755402249677,0.282353,-0.000598,9.879965
1755402249680,0.260818,-0.017348,9.932607
1755402249682,0.29671,0.018544,9.801002
1755402249685,0.270389,-0.012562,9.889536
1755402249687,0.299103,-0.031705,9.923036
1755402249690,0.301496,-0.024526,9.82493
1755402249692,0.263211,-0.014955,9.925428
1755402249694,0.27996,-0.014955,9.868001
1755402249696,0.275175,-0.019741,9.872787
1755402249699,0.267996,-0.014955,9.860822
1755402249701,0.263211,-0.010169,9.865608
1755402249704,0.294317,-0.012562,9.91825
1755402249707,0.282353,0.016152,9.865608
1755402249709,0.246461,-0.022134,9.846465
1755402249711,0.27996,-0.065204,9.877572
1755402249714,0.291924,-0.019741,9.88475
1755402249716,0.258425,-0.005384,9.896714
1755402249718,0.306281,0.013759,9.879965
1755402249721,0.318245,-0.026919,9.930214
1755402249723,0.27996,-0.029312,9.844072
1755402249728,0.246461,0.008973,9.964012
1755402249729,0.303888,0.018544,9.765109
1755402249730,0.263211,-0.098704,9.959227
1755402249732,0.351745,-0.022134,9.753145
1755402249735,0.239282,0.028116,10.069297
1755402249737,0.27996,0.042473,9.834501
1755402249740,0.294317,-0.065204,9.822537
1755402249743,0.253639,-0.065204,9.995119
1755402249744,0.301496,0.059222,9.765109
1755402249747,0.263211,0.02333,9.91825
1755402249749,0.241675,-0.120239,9.82493
1755402249752,0.299103,-0.117847,9.710074
1755402249754,0.195912,-0.002991,10.095618
1755402249757,0.275175,0.066401,9.865608
1755402249759,0.303888,-0.077169,9.815358
1755402249761,0.270389,-0.089133,10.016655
1755402249764,0.308674,0.085543,9.832108
1755402249766,0.251246,0.008973,9.858429
1755402249769,0.244068,-0.117847,9.903893
1755402249771,0.294317,-0.029312,9.757931
1755402249774,0.224925,0.011366,9.952048
1755402249776,0.294317,0.04008,9.894321
1755402249778,0.33021,-0.026919,9.82493
1755402249780,0.294317,-0.065204,9.927821
1755402249783,0.270389,-0.000598,9.851251
1755402249785,0.325424,-0.026919,9.853643
1755402249788,0.248854,0.001795,9.908679
1755402249791,0.272782,-0.046062,9.839287
1755402249794,0.265603,-0.043669,9.9015
1755402249795,0.332602,-0.014955,9.872787
1755402249797,0.270389,-0.043669,9.920643
1755402249800,0.275175,-0.007777,9.827323
1755402249802,0.282353,-0.05324,9.906285
1755402249805,0.270389,-0.010169,9.875179
1755402249808,0.246461,-0.024526,9.911072
1755402249809,0.251246,-0.029312,9.829716
1755402249812,0.248854,-0.034098,9.934999
1755402249814,0.267996,0.013759,9.82493
1755402249817,0.246461,-0.036491,9.923036
1755402249819,0.29671,-0.031705,9.894321
1755402249821,0.275175,-0.019741,9.853643
1755402249824,0.289532,-0.019741,9.858429
1755402249826,0.258425,-0.024526,9.877572
1755402249829,0.291924,0.011366,9.860822
1755402249831,0.284746,-0.010169,9.882358
1755402249834,0.306281,-0.002991,9.882358
1755402249836,0.287139,-0.010169,9.860822
1755402249838,0.275175,-0.010169,9.865608
1755402249840,0.260818,-0.017348,9.865608
1755402249843,0.277567,-0.048455,9.913465
1755402249845,0.299103,0.004187,9.915857
1755402249848,0.244068,-0.014955,9.930214
1755402249850,0.272782,0.047258,9.817751
1755402249852,0.222533,-0.06999,9.9015
1755402249855,0.291924,-0.002991,9.789038
1755402249857,0.270389,-0.019741,9.908679
1755402249860,0.236889,0.008973,9.964012
1755402249862,0.323031,0.00658,9.84168
1755402249864,0.263211,-0.029312,9.920643
1755402249867,0.334995,-0.062812,9.798609
1755402249869,0.256032,0.028116,9.961619
1755402249872,0.308674,-0.007777,9.851251
1755402249874,0.265603,-0.05324,9.887143
1755402249878,0.27996,-0.05324,9.853643
1755402249879,0.241675,0.00658,9.975977
1755402249882,0.291924,-0.017348,9.815358
1755402249884,0.251246,-0.046062,9.939785
1755402249886,0.291924,-0.038883,9.805787
1755402249888,0.275175,0.047258,10.014262
1755402249891,0.289532,-0.017348,9.827323
1755402249893,0.299103,-0.041276,9.896714
1755402249895,0.323031,-0.007777,9.844072
1755402249898,0.284746,-0.022134,9.9015
1755402249900,0.287139,-0.029312,9.863214
1755402249902,0.284746,-0.041276,9.865608
1755402249905,0.282353,0.035294,9.952048
1755402249907,0.299103,-0.012562,9.722038
1755402249910,0.236889,-0.072383,10.03819
1755402249912,0.291924,0.035294,9.734002
1755402249915,0.256032,-0.038883,10.059726
1755402249918,0.294317,0.004187,9.722038
1755402249919,0.239282,-0.072383,9.961619
1755402249922,0.287139,0.047258,9.82493
1755402249925,0.22014,-0.031705,9.875179
1755402249927,0.282353,-0.05324,9.913465
1755402249930,0.239282,0.047258,9.875179
1755402249931,0.351745,-0.022134,9.899107
1755402249934,0.265603,-0.034098,9.894321
1755402249936,0.303888,-0.026919,9.863214
1755402249939,0.289532,0.030508,9.937392
1755402249941,0.289532,-0.005384,9.793823
1755402249944,0.282353,-0.050847,9.927821
1755402249946,0.282353,0.02333,9.91825
1755402249949,0.251246,-0.024526,9.74836
1755402249951,0.248854,-0.06999,9.971191
1755402249953,0.311067,0.020937,9.784252
1755402249956,0.251246,-0.022134,10.011869
1755402249958,0.287139,-0.014955,9.767502
1755402249961,0.234497,-0.05324,9.964012
1755402249963,0.308674,0.018544,9.77468
1755402249965,0.282353,-0.017348,9.920643
1755402249967,0.342174,-0.031705,9.851251
1755402249970,0.244068,0.00658,9.999905
1755402249972,0.308674,0.008973,9.803394
1755402249974,0.248854,-0.036491,9.944571
1755402249978,0.29671,-0.067597,9.829716
1755402249980,0.256032,0.013759,9.947263
1755402249982,0.287139,-0.005384,9.812965
1755402249984,0.267996,-0.074776,9.9015
1755402249986,0.294317,0.00658,9.877572
1755402249989,0.258425,-0.010169,9.88475
1755402249991,0.284746,-0.038883,9.877572
1755402249994,0.258425,-0.034098,9.891929
1755402249997,0.263211,-0.029312,9.853643
1755402249998,0.265603,-0.036491,9.903893
1755402250001,0.272782,-0.014955,9.896714
1755402250003,0.260818,0.00658,9.860822
1755402250006,0.263211,0.00658,9.896714
1755402250008,0.291924,-0.029312,9.868001
1755402250011,0.29671,-0.031705,9.853643
1755402250014,0.251246,-0.036491,9.913465
1755402250015,0.289532,-0.002991,9.870394
1755402250018,0.282353,-0.017348,9.858429
1755402250021,0.248854,-0.029312,9.879965
1755402250023,0.275175,-0.029312,9.882358
1755402250025,0.31346,-0.065204,9.896714
1755402250027,0.306281,-0.010169,9.870394
1755402250030,0.258425,-0.017348,9.868001
1755402250032,0.241675,0.011366,9.937392
1755402250034,0.337388,-0.024526,9.851251
1755402250037,0.267996,-0.043669,9.937392
1755402250039,0.306281,-0.010169,9.767502
1755402250042,0.263211,-0.06999,10.007083
1755402250044,0.375673,0.018544,9.724431
1755402250047,0.246461,-0.010169,10.016655
1755402250049,0.315853,-0.029312,9.750752
1755402250051,0.212961,-0.043669,10.031012
1755402250054,0.272782,0.04008,9.77468
1755402250056,0.191127,0.013759,10.021441
1755402250058,0.368495,-0.002991,9.674182
1755402250061,0.200997,-0.084347,10.019048
1755402250065,0.315853,0.047258,9.738789
1755402250066,0.236889,0.018544,10.078868
1755402250068,0.358923,0.02333,9.702896
1755402250071,0.183948,-0.105882,9.980762
1755402250073,0.358923,-0.005384,9.731609
1755402250075,0.171984,-0.029312,10.019048
1755402250078,0.332602,0.078365,9.762716
1755402250080,0.215354,-0.132203,9.947263
1755402250082,0.27996,-0.017348,9.781859
1755402250085,0.263211,-0.046062,9.999905
1755402250087,0.258425,0.064008,9.844072
1755402250090,0.282353,-0.081954,9.894321
1755402250092,0.267996,-0.067597,9.827323
1755402250094,0.258425,-0.038883,9.952048
1755402250097,0.265603,0.042473,9.860822
1755402250100,0.265603,-0.079561,9.911072
1755402250101,0.299103,0.004187,9.84168
1755402250104,0.299103,-0.036491,9.891929
1755402250107,0.248854,0.073579,9.973584
1755402250109,0.346959,-0.005384,9.786645
1755402250111,0.20339,-0.079561,9.987941
1755402250114,0.39003,-0.022134,9.68136
1755402250117,0.17677,-0.010169,10.129117
1755402250119,0.399601,0.032901,9.611969
1755402250121,0.162413,-0.093918,10.153046
1755402250124,0.394816,-0.019741,9.566504
1755402250126,0.181555,-0.129811,10.174581
1755402250128,0.385244,0.078365,9.645468
1755402250131,0.169591,-0.120239,10.136296
1755402250133,0.363709,0.028116,9.65504
1755402250135,0.198604,-0.10349,10.064511
1755402250138,0.315853,0.05683,9.767502
1755402250140,0.224925,-0.034098,9.995119
1755402250143,0.318245,-0.010169,9.784252
1755402250145,0.277567,-0.077169,9.906285
1755402250148,0.270389,-0.031705,9.856036
1755402250150,0.284746,0.008973,9.906285
1755402250152,0.263211,-0.014955,9.844072
1755402250155,0.301496,-0.024526,9.882358
1755402250157,0.265603,-0.007777,9.911072
1755402250160,0.308674,0.030508,9.887143
1755402250162,0.260818,-0.017348,9.894321
1755402250165,0.291924,0.004187,9.872787
1755402250170,0.277567,-0.05324,9.88475
1755402250171,0.294317,-0.022134,9.853643
1755402250172,0.291924,-0.019741,9.906285
1755402250174,0.275175,-0.014955,9.858429
1755402250176,0.234497,-0.002991,9.915857
1755402250178,0.253639,0.011366,9.913465
1755402250181,0.284746,-0.024526,9.856036
1755402250184,0.323031,-0.007777,9.872787
1755402250186,0.299103,0.001795,9.858429
1755402250188,0.270389,-0.041276,9.894321
1755402250190,0.299103,-0.038883,9.9015
1755402250192,0.291924,0.030508,9.877572
1755402250195,0.270389,-0.019741,9.889536
1755402250197,0.29671,-0.017348,9.875179
1755402250201,0.275175,-0.05324,9.848858
1755402250203,0.260818,-0.031705,9.88475
1755402250205,0.277567,0.004187,9.896714
1755402250207,0.299103,-0.026919,9.908679
1755402250209,0.272782,-0.024526,9.887143
1755402250212,0.287139,-0.014955,9.858429
1755402250214,0.277567,-0.010169,9.887143
1755402250217,0.289532,-0.043669,9.894321
1755402250219,0.282353,0.011366,9.853643
1755402250221,0.267996,-0.000598,9.822537
1755402250225,0.272782,-0.024526,9.829716
1755402250226,0.282353,-0.014955,10.016655
1755402250228,0.323031,0.037687,9.779466
1755402250231,0.229711,-0.048455,9.947263
1755402250234,0.291924,0.020937,9.863214
1755402250236,0.272782,-0.041276,9.810573
1755402250238,0.253639,-0.038883,9.964012
1755402250242,0.327817,0.00658,9.769895
1755402250243,0.183948,-0.08674,9.997512
1755402250245,0.327817,0.020937,9.789038
1755402250248,0.22014,-0.034098,10.016655
1755402250251,0.29671,0.011366,9.765109
1755402250253,0.27996,-0.079561,9.856036
1755402250255,0.282353,-0.005384,9.851251
1755402250258,0.31346,-0.010169,9.875179
1755402250260,0.232104,0.011366,9.952048
1755402250262,0.294317,-0.002991,9.789038
1755402250264,0.263211,-0.031705,9.944571
1755402250267,0.320638,0.001795,9.793823
1755402250269,0.263211,-0.007777,9.942178
1755402250272,0.270389,-0.014955,9.858429
1755402250274,0.248854,-0.043669,9.913465
1755402250277,0.284746,-0.024526,9.856036
1755402250279,0.248854,-0.041276,9.872787
1755402250282,0.248854,-0.060419,9.91825
1755402250285,0.29671,-0.050847,9.882358
1755402250288,0.294317,-0.014955,9.911072
1755402250289,0.272782,-0.026919,9.920643
1755402250291,0.325424,-0.055633,9.889536
1755402250293,0.33021,-0.031705,9.853643
1755402250295,0.272782,0.001795,9.848858
1755402250298,0.270389,0.011366,9.879965
1755402250301,0.256032,0.001795,9.844072
1755402250303,0.284746,-0.041276,9.908679
1755402250305,0.303888,-0.029312,9.923036
1755402250308,0.323031,-0.026919,9.899107
1755402250310,0.301496,-0.026919,9.915857
1755402250312,0.294317,-0.019741,9.923036
1755402250315,0.277567,-0.007777,9.853643
1755402250318,0.236889,-0.022134,9.827323
1755402250320,0.27996,-0.019741,9.848858
1755402250322,0.275175,-0.017348,9.870394
1755402250324,0.275175,0.008973,9.868001
1755402250327,0.31346,-0.026919,9.846465
1755402250329,0.265603,-0.036491,9.879965
1755402250331,0.277567,-0.038883,9.891929
1755402250335,0.260818,-0.036491,9.84168
1755402250336,0.303888,0.020937,9.88475
1755402250339,0.258425,-0.012562,9.903893
1755402250341,0.291924,-0.019741,9.872787
1755402250344,0.289532,-0.000598,9.896714
1755402250346,0.256032,-0.024526,9.894321
1755402250348,0.265603,0.008973,9.894321
1755402250351,0.263211,-0.012562,9.875179
1755402250353,0.31346,-0.005384,9.870394
1755402250355,0.27996,0.008973,9.870394
1755402250358,0.277567,0.008973,9.836894
1755402250360,0.282353,-0.014955,9.920643
1755402250363,0.27996,-0.019741,9.894321
1755402250365,0.315853,0.001795,9.903893
1755402250367,0.277567,-0.017348,9.882358
1755402250370,0.277567,-0.022134,9.865608
1755402250372,0.303888,-0.036491,9.839287
1755402250375,0.301496,-0.036491,9.944571
1755402250377,0.277567,-0.002991,9.911072
1755402250379,0.29671,-0.043669,9.903893
1755402250382,0.306281,-0.024526,9.84168
1755402250384,0.287139,-0.036491,9.894321
1755402250387,0.301496,-0.002991,9.836894
1755402250389,0.265603,-0.031705,9.882358
1755402250392,0.303888,-0.000598,9.781859
1755402250394,0.229711,-0.026919,10.074082
1755402250396,0.320638,0.018544,9.817751
1755402250399,0.210568,-0.091525,9.961619
1755402250401,0.301496,0.047258,9.836894
1755402250404,0.263211,-0.06999,9.832108
1755402250407,0.263211,-0.014955,9.906285
1755402250408,0.337388,-0.017348,9.769895
1755402250410,0.222533,-0.038883,10.014262
1755402250413,0.344566,0.066401,9.793823
1755402250416,0.22014,-0.038883,10.028619
1755402250418,0.318245,0.037687,9.741181
1755402250420,0.258425,-0.10349,9.834501
1755402250423,0.284746,0.013759,9.930214
1755402250425,0.311067,-0.000598,9.789038
1755402250427,0.232104,0.013759,10.014262
1755402250430,0.337388,0.016152,9.781859
1755402250432,0.239282,-0.038883,10.014262
1755402250434,0.318245,0.008973,9.760324
1755402250437,0.244068,-0.065204,9.891929
1755402250439,0.270389,-0.048455,9.844072
1755402250442,0.301496,-0.026919,9.889536
1755402250445,0.232104,0.032901,9.997512
1755402250447,0.334995,0.011366,9.760324
1755402250449,0.234497,-0.093918,9.949656
1755402250451,0.349352,-0.077169,9.700503
1755402250454,0.215354,-0.022134,10.090832
1755402250456,0.361316,0.073579,9.765109
1755402250459,0.181555,-0.058026,9.97837
1755402250461,0.380459,-0.098704,9.688539
1755402250463,0.222533,-0.055633,10.086046
1755402250466,0.354138,0.131007,9.750752
1755402250468,0.186341,-0.041276,9.980762
1755402250471,0.349352,-0.065204,9.712467
1755402250473,0.229711,0.004187,10.102797
1755402250475,0.299103,0.087936,9.757931
1755402250478,0.212961,-0.108275,9.91825
1755402250480,0.323031,-0.081954,9.801002
1755402250482,0.270389,0.078365,9.995119
1755402250485,0.260818,0.032901,9.738789
1755402250488,0.241675,-0.089133,10.002297
1755402250491,0.323031,0.008973,9.865608
1755402250492,0.210568,0.052044,9.896714
1755402250494,0.289532,-0.074776,9.84168
1755402250497,0.251246,-0.05324,9.966406
1755402250499,0.311067,0.054437,9.856036
1755402250501,0.212961,-0.022134,9.77468
1755402250505,0.256032,-0.077169,10.031012
1755402250507,0.342174,0.052044,9.786645
1755402250509,0.236889,-0.024526,9.925428
1755402250511,0.303888,-0.043669,9.836894
1755402250514,0.27996,0.004187,9.966406
1755402250516,0.258425,-0.017348,9.71486
1755402250518,0.277567,-0.074776,9.992726
1755402250522,0.394816,0.016152,9.815358
1755402250526,0.22014,-0.014955,9.954441
1755402250527,0.311067,0.037687,9.952048
1755402250528,0.327817,-0.010169,9.769895
1755402250531,0.253639,-0.067597,9.939785
1755402250533,0.325424,0.016152,9.772287
1755402250535,0.239282,0.008973,9.966406
1755402250538,0.29671,0.030508,9.865608
1755402250541,0.294317,-0.005384,9.834501
1755402250543,0.29671,-0.08674,9.750752
1755402250545,0.265603,-0.031705,10.105189
1755402250547,0.354138,0.145364,9.760324
1755402250550,0.205783,-0.055633,9.956834
1755402250552,0.289532,-0.089133,9.832108
1755402250554,0.289532,-0.005384,9.942178
1755402250557,0.234497,0.044865,9.906285
1755402250559,0.277567,-0.041276,9.875179
1755402250562,0.339781,-0.08674,9.805787
1755402250564,0.263211,-0.007777,10.014262
1755402250567,0.303888,0.075972,9.88475
1755402250569,0.277567,-0.002991,9.899107
1755402250571,0.284746,-0.067597,9.822537
1755402250574,0.311067,-0.046062,9.863214
1755402250576,0.27996,0.02333,9.894321
1755402250579,0.327817,0.011366,9.911072
1755402250581,0.291924,-0.022134,9.868001
1755402250583,0.272782,-0.029312,9.903893
1755402250585,0.308674,0.011366,9.9015
1755402250588,0.270389,-0.000598,9.870394
1755402250591,0.244068,-0.043669,9.891929
1755402250593,0.270389,-0.031705,9.875179
1755402250595,0.282353,-0.022134,9.858429
1755402250597,0.256032,-0.007777,9.879965
1755402250600,0.251246,-0.05324,9.870394
1755402250603,0.291924,-0.029312,9.896714
1755402250605,0.294317,-0.034098,9.9015
1755402250608,0.284746,0.001795,9.877572
1755402250610,0.287139,-0.014955,9.887143
1755402250612,0.287139,-0.005384,9.858429
1755402250614,0.289532,-0.019741,9.865608
1755402250617,0.27996,-0.026919,9.887143
1755402250619,0.282353,-0.038883,9.896714
1755402250621,0.303888,-0.017348,9.887143
1755402250625,0.256032,-0.038883,9.877572
1755402250628,0.253639,-0.007777,9.88475
1755402250630,0.303888,-0.014955,9.91825
1755402250631,0.306281,-0.010169,9.84168
1755402250634,0.315853,-0.024526,9.91825
1755402250636,0.299103,-0.024526,9.848858
1755402250638,0.260818,-0.029312,9.9015
1755402250641,0.275175,0.008973,9.882358
1755402250643,0.282353,-0.019741,9.899107
1755402250646,0.27996,-0.017348,9.877572
1755402250648,0.287139,-0.029312,9.915857
1755402250650,0.289532,0.001795,9.88475
1755402250653,0.270389,-0.024526,9.863214
1755402250655,0.258425,-0.014955,9.856036
1755402250658,0.270389,-0.010169,9.887143
1755402250663,0.258425,0.001795,9.899107
1755402250664,0.287139,-0.017348,9.894321
1755402250666,0.299103,-0.019741,9.891929
1755402250667,0.289532,-0.000598,9.877572
1755402250669,0.291924,-0.017348,9.875179
1755402250672,0.270389,-0.019741,9.88475
1755402250676,0.272782,-0.017348,9.894321
1755402250677,0.246461,-0.019741,9.870394
1755402250679,0.246461,-0.048455,9.863214
1755402250682,0.27996,-0.041276,9.846465
1755402250684,0.277567,-0.048455,9.865608
1755402250687,0.303888,0.011366,9.882358
1755402250689,0.265603,-0.026919,9.868001
1755402250692,0.277567,-0.012562,9.870394
1755402250694,0.267996,-0.022134,9.868001
1755402250696,0.244068,-0.026919,9.891929
1755402250698,0.29671,-0.005384,9.896714
1755402250701,0.27996,-0.007777,9.872787
1755402250703,0.258425,0.004187,9.879965
1755402250705,0.289532,-0.029312,9.894321
1755402250709,0.299103,-0.014955,9.834501
1755402250711,0.282353,-0.031705,9.887143
1755402250713,0.282353,-0.026919,9.868001
1755402250715,0.272782,-0.046062,9.889536
1755402250717,0.29671,-0.019741,9.858429
1755402250720,0.241675,-0.048455,9.875179
1755402250722,0.27996,-0.031705,9.882358
1755402250725,0.27996,-0.007777,9.870394
1755402250727,0.270389,-0.005384,9.856036
1755402250731,0.258425,-0.034098,9.882358
1755402250732,0.256032,-0.012562,9.882358
1755402250734,0.303888,-0.010169,9.899107
1755402250737,0.27996,-0.010169,9.882358
1755402250739,0.291924,-0.022134,9.887143
1755402250743,0.284746,-0.002991,9.865608
1755402250745,0.272782,-0.005384,9.877572
1755402250746,0.294317,-0.029312,9.875179
1755402250749,0.291924,-0.036491,9.870394
1755402250751,0.267996,-0.012562,9.846465
1755402250754,0.275175,-0.019741,9.882358
1755402250756,0.289532,-0.010169,9.88475
1755402250758,0.272782,0.008973,9.894321
1755402250761,0.291924,-0.010169,9.882358
1755402250763,0.284746,-0.019741,9.875179
1755402250765,0.287139,-0.010169,9.899107
1755402250767,0.27996,-0.012562,9.863214
1755402250771,0.31346,-0.019741,9.88475
1755402250772,0.323031,-0.002991,9.899107
1755402250775,0.323031,-0.010169,9.894321
1755402250777,0.27996,-0.002991,9.891929
1755402250780,0.299103,-0.002991,9.865608
1755402250782,0.287139,-0.010169,9.865608
1755402250785,0.299103,-0.002991,9.887143
1755402250787,0.260818,0.013759,9.879965
1755402250789,0.282353,-0.002991,9.877572
1755402250791,0.272782,-0.010169,9.896714
1755402250794,0.303888,-0.012562,9.875179
1755402250796,0.260818,0.013759,9.906285
1755402250799,0.287139,-0.014955,9.88475
1755402250801,0.27996,-0.024526,9.889536
1755402250803,0.287139,-0.000598,9.875179
1755402250806,0.282353,-0.005384,9.887143
1755402250808,0.284746,-0.029312,9.870394
1755402250811,0.229711,0.001795,9.896714
1755402250813,0.267996,-0.012562,9.887143
1755402250815,0.287139,-0.002991,9.88475
1755402250818,0.308674,-0.012562,9.908679
1755402250821,0.291924,-0.019741,9.9015
1755402250823,0.248854,-0.024526,9.899107
1755402250825,0.258425,-0.019741,9.875179
1755402250828,0.248854,-0.029312,9.891929
1755402250830,0.275175,0.001795,9.865608
1755402250832,0.270389,0.001795,9.896714
1755402250835,0.253639,-0.019741,9.882358
1755402250838,0.234497,-0.026919,9.891929
1755402250840,0.29671,-0.005384,9.865608
1755402250842,0.270389,-0.034098,9.868001
1755402250845,0.258425,-0.010169,9.88475
1755402250848,0.287139,-0.019741,9.896714
1755402250850,0.256032,-0.012562,9.889536
1755402250852,0.270389,-0.005384,9.853643
1755402250854,0.27996,-0.029312,9.879965
1755402250856,0.29671,-0.048455,9.865608
1755402250859,0.246461,-0.024526,9.887143
1755402250862,0.287139,-0.065204,9.870394
1755402250863,0.260818,-0.041276,9.894321
1755402250866,0.277567,-0.036491,9.891929
1755402250868,0.272782,-0.010169,9.896714
1755402250871,0.282353,0.049651,9.887143
1755402250873,0.275175,-0.012562,9.889536
1755402250875,0.27996,-0.019741,9.865608
1755402250879,0.267996,-0.010169,9.858429
1755402250881,0.277567,-0.017348,9.896714
1755402250883,0.282353,-0.019741,9.879965
1755402250885,0.308674,-0.017348,9.870394
1755402250887,0.29671,0.016152,9.889536
1755402250890,0.299103,-0.010169,9.896714
1755402250893,0.263211,-0.002991,9.865608
1755402250896,0.27996,-0.026919,9.877572
1755402250898,0.272782,0.001795,9.860822
1755402250899,0.272782,0.016152,9.882358
1755402250902,0.263211,-0.022134,9.903893
1755402250904,0.284746,-0.031705,9.887143
1755402250906,0.267996,0.020937,9.875179
1755402250909,0.299103,-0.014955,9.891929
1755402250911,0.31346,-0.010169,9.863214
1755402250914,0.299103,-0.034098,9.889536
1755402250916,0.267996,-0.024526,9.877572
1755402250919,0.289532,-0.005384,9.882358
1755402250921,0.270389,0.013759,9.879965
1755402250923,0.299103,-0.002991,9.891929
1755402250926,0.275175,-0.022134,9.887143
1755402250928,0.265603,-0.002991,9.870394
1755402250931,0.294317,-0.002991,9.882358
1755402250933,0.289532,-0.010169,9.903893
1755402250935,0.299103,-0.017348,9.875179
1755402250938,0.29671,-0.038883,9.889536
1755402250941,0.27996,-0.024526,9.887143
1755402250944,0.303888,-0.043669,9.877572
1755402250945,0.270389,-0.024526,9.891929
1755402250948,0.282353,-0.007777,9.870394
1755402250951,0.284746,-0.026919,9.894321
1755402250952,0.263211,-0.036491,9.891929
1755402250954,0.289532,-0.007777,9.875179
1755402250957,0.29671,-0.012562,9.875179
1755402250959,0.267996,-0.029312,9.889536
1755402250962,0.265603,-0.012562,9.887143
1755402250964,0.253639,-0.005384,9.894321
1755402250967,0.256032,-0.022134,9.877572
1755402250969,0.275175,-0.038883,9.872787
1755402250971,0.282353,0.011366,9.875179
1755402250974,0.272782,-0.019741,9.894321
1755402250976,0.27996,-0.026919,9.865608
1755402250979,0.275175,-0.010169,9.88475
1755402250982,0.270389,-0.012562,9.903893
1755402250984,0.287139,-0.019741,9.872787
1755402250986,0.315853,-0.031705,9.870394
1755402250988,0.299103,-0.050847,9.868001
1755402250991,0.306281,-0.014955,9.868001
1755402250993,0.284746,-0.017348,9.88475
1755402250995,0.294317,-0.000598,9.889536
1755402250999,0.260818,-0.012562,9.865608
1755402251000,0.277567,-0.041276,9.887143
1755402251002,0.334995,-0.010169,9.891929
1755402251005,0.272782,-0.031705,9.870394
1755402251007,0.308674,-0.010169,9.872787
1755402251010,0.29671,0.011366,9.882358
1755402251012,0.260818,-0.007777,9.858429
1755402251016,0.289532,-0.024526,9.868001
1755402251017,0.256032,-0.017348,9.887143
1755402251019,0.289532,-0.005384,9.872787
1755402251022,0.311067,-0.029312,9.894321
1755402251024,0.287139,-0.005384,9.887143
1755402251026,0.267996,-0.029312,9.887143
1755402251029,0.294317,-0.019741,9.858429
1755402251033,0.27996,-0.019741,9.868001
1755402251035,0.253639,-0.029312,9.887143
1755402251036,0.253639,-0.017348,9.882358
1755402251038,0.236889,-0.002991,9.875179
1755402251041,0.277567,-0.002991,9.877572
1755402251044,0.287139,-0.019741,9.846465
1755402251046,0.291924,-0.005384,9.870394
1755402251049,0.291924,-0.038883,9.889536
1755402251051,0.301496,-0.010169,9.870394
1755402251053,0.282353,-0.010169,9.88475
1755402251055,0.267996,-0.002991,9.894321
1755402251058,0.287139,-0.036491,9.879965
1755402251060,0.248854,-0.007777,9.877572
1755402251063,0.294317,-0.002991,9.872787
1755402251066,0.270389,-0.012562,9.891929
1755402251069,0.282353,-0.005384,9.863214
1755402251070,0.277567,-0.022134,9.88475
1755402251072,0.289532,-0.007777,9.868001
1755402251075,0.301496,-0.036491,9.88475
1755402251077,0.282353,-0.012562,9.891929
1755402251079,0.27996,-0.022134,9.877572
1755402251081,0.311067,-0.022134,9.875179
1755402251084,0.299103,-0.012562,9.889536
1755402251087,0.248854,0.004187,9.868001
1755402251089,0.287139,-0.017348,9.870394
1755402251091,0.267996,-0.036491,9.877572
1755402251093,0.272782,-0.022134,9.879965
1755402251096,0.284746,-0.038883,9.891929
1755402251098,0.277567,-0.022134,9.882358
1755402251101,0.306281,-0.031705,9.877572
1755402251103,0.308674,-0.029312,9.88475
1755402251106,0.299103,-0.007777,9.872787
1755402251108,0.282353,-0.034098,9.882358
1755402251110,0.248854,-0.050847,9.879965
1755402251113,0.282353,0.020937,9.882358
1755402251115,0.323031,0.020937,9.9015
1755402251118,0.265603,-0.022134,9.88475
1755402251120,0.287139,0.001795,9.875179
1755402251122,0.275175,-0.012562,9.882358
1755402251125,0.282353,-0.026919,9.860822
1755402251127,0.270389,-0.043669,9.877572
1755402251130,0.267996,-0.002991,9.889536
1755402251132,0.282353,-0.010169,9.889536
1755402251135,0.275175,-0.014955,9.858429
1755402251138,0.251246,-0.007777,9.877572
1755402251139,0.27996,-0.012562,9.889536
1755402251142,0.256032,0.00658,9.889536
1755402251145,0.289532,0.008973,9.887143
1755402251147,0.263211,0.008973,9.894321
1755402251149,0.289532,-0.026919,9.877572
1755402251152,0.294317,-0.002991,9.872787
1755402251154,0.248854,-0.002991,9.872787
1755402251156,0.270389,0.004187,9.9015
1755402251159,0.260818,-0.010169,9.860822
1755402251161,0.282353,0.020937,9.877572
1755402251163,0.241675,-0.022134,9.894321
1755402251165,0.291924,-0.007777,9.882358
1755402251168,0.31346,-0.002991,9.896714
1755402251170,0.265603,-0.019741,9.863214
1755402251172,0.272782,-0.034098,9.882358
1755402251175,0.265603,-0.000598,9.877572
1755402251178,0.306281,-0.002991,9.879965
1755402251180,0.294317,-0.010169,9.877572
1755402251183,0.263211,-0.029312,9.872787
1755402251185,0.291924,-0.014955,9.858429
1755402251187,0.265603,0.008973,9.868001
1755402251189,0.267996,-0.017348,9.848858
1755402251192,0.327817,-0.048455,9.875179
1755402251195,0.291924,0.001795,9.879965
1755402251197,0.277567,-0.014955,9.882358
1755402251199,0.258425,-0.010169,9.863214
1755402251203,0.27996,0.02333,9.844072
1755402251204,0.270389,-0.007777,9.882358
1755402251206,0.29671,-0.012562,9.88475
1755402251209,0.284746,-0.010169,9.891929
1755402251211,0.287139,-0.048455,9.899107
1755402251214,0.270389,-0.043669,9.875179
1755402251216,0.258425,-0.024526,9.865608
1755402251220,0.236889,-0.007777,9.872787
1755402251221,0.289532,0.008973,9.891929
1755402251223,0.277567,-0.007777,9.887143
1755402251225,0.311067,-0.019741,9.865608
1755402251228,0.277567,-0.017348,9.848858
1755402251230,0.291924,-0.007777,9.839287
1755402251233,0.284746,-0.024526,9.887143
1755402251235,0.263211,-0.017348,9.877572
1755402251239,0.308674,-0.024526,9.882358
1755402251240,0.306281,-0.005384,9.887143
1755402251242,0.282353,0.001795,9.872787
1755402251245,0.27996,0.011366,9.875179
1755402251248,0.265603,-0.024526,9.875179
1755402251249,0.251246,-0.014955,9.882358
1755402251252,0.287139,0.013759,9.879965
1755402251255,0.270389,-0.014955,9.879965
1755402251256,0.267996,-0.062812,9.879965
1755402251259,0.253639,0.008973,9.887143
1755402251261,0.277567,-0.014955,9.879965
1755402251264,0.289532,-0.046062,9.868001
1755402251266,0.265603,-0.014955,9.887143
1755402251268,0.263211,-0.019741,9.853643
1755402251273,0.29671,-0.019741,9.879965
1755402251274,0.256032,-0.024526,9.908679
1755402251276,0.27996,-0.014955,9.863214
1755402251278,0.287139,-0.010169,9.853643
1755402251281,0.258425,-0.026919,9.860822
1755402251283,0.291924,-0.038883,9.88475
1755402251285,0.31346,-0.000598,9.860822
1755402251288,0.31346,0.00658,9.896714
1755402251291,0.294317,0.001795,9.856036
1755402251293,0.318245,-0.007777,9.870394
1755402251295,0.27996,0.008973,9.870394
1755402251298,0.265603,-0.043669,9.865608
1755402251300,0.284746,-0.031705,9.88475
1755402251302,0.306281,-0.014955,9.856036
1755402251305,0.29671,-0.034098,9.836894
1755402251307,0.282353,-0.038883,9.882358
1755402251309,0.267996,-0.046062,9.872787
1755402251312,0.246461,0.001795,9.875179
1755402251315,0.294317,-0.000598,9.915857
1755402251316,0.270389,0.030508,9.870394
1755402251319,0.27996,-0.026919,9.920643
1755402251322,0.306281,-0.031705,9.899107
1755402251324,0.267996,0.008973,9.875179
1755402251326,0.263211,-0.014955,9.908679
1755402251328,0.246461,-0.010169,9.872787
1755402251331,0.272782,0.011366,9.882358
1755402251333,0.306281,-0.017348,9.908679
1755402251335,0.277567,-0.026919,9.872787
1755402251338,0.241675,-0.034098,9.851251
1755402251341,0.239282,-0.007777,9.896714
1755402251343,0.260818,-0.022134,9.906285
1755402251345,0.306281,-0.031705,9.846465
1755402251347,0.267996,-0.024526,9.870394
1755402251351,0.270389,0.016152,9.872787
1755402251352,0.267996,-0.007777,9.906285
1755402251356,0.270389,0.011366,9.815358
1755402251358,0.267996,-0.050847,9.930214
1755402251359,0.301496,-0.034098,9.738789
1755402251362,0.224925,-0.046062,10.102797
1755402251365,0.344566,0.095115,9.71486
1755402251367,0.224925,-0.077169,9.879965
1755402251369,0.265603,-0.026919,10.050154
1755402251372,0.346959,0.05683,9.645468
1755402251374,0.205783,-0.091525,10.083653
1755402251376,0.339781,0.05683,9.805787
1755402251379,0.282353,-0.098704,9.784252
1755402251382,0.234497,0.001795,9.975977
1755402251383,0.346959,0.016152,9.767502
1755402251386,0.212961,-0.055633,10.028619
1755402251389,0.320638,0.064008,9.762716
1755402251391,0.181555,-0.055633,10.011869
1755402251393,0.342174,-0.000598,9.755538
1755402251395,0.284746,-0.058026,9.860822
1755402251398,0.239282,-0.010169,9.954441
1755402251400,0.320638,0.00658,9.853643
1755402251403,0.275175,-0.031705,9.913465
1755402251406,0.260818,-0.026919,9.872787
1755402251408,0.260818,-0.038883,9.875179
1755402251410,0.270389,-0.007777,9.891929
1755402251412,0.217747,-0.007777,9.88475
1755402251415,0.303888,-0.019741,9.875179
1755402251417,0.311067,-0.022134,9.863214
1755402251419,0.267996,-0.024526,9.925428
1755402251424,0.277567,0.00658,9.868001
1755402251425,0.258425,-0.050847,9.879965
1755402251427,0.270389,-0.022134,9.879965
1755402251429,0.291924,0.013759,9.860822
1755402251432,0.244068,-0.019741,9.91825
1755402251434,0.275175,-0.002991,9.88475
1755402251436,0.308674,-0.029312,9.903893
1755402251439,0.270389,-0.026919,9.896714
1755402251441,0.311067,-0.024526,9.865608
1755402251444,0.253639,-0.010169,9.899107
1755402251446,0.315853,-0.000598,9.851251
1755402251448,0.29671,-0.031705,9.9015
1755402251451,0.253639,-0.043669,9.865608
1755402251453,0.282353,-0.034098,9.853643
1755402251455,0.263211,-0.005384,9.906285
1755402251459,0.241675,0.016152,9.877572
1755402251460,0.27996,-0.022134,9.853643
1755402251463,0.27996,-0.058026,9.875179
1755402251465,0.277567,-0.026919,9.9015
1755402251467,0.251246,-0.005384,9.805787
1755402251470,0.215354,0.030508,9.942178
1755402251472,0.287139,-0.002991,9.927821
1755402251475,0.258425,-0.012562,9.930214
1755402251478,0.291924,-0.012562,9.865608
1755402251479,0.327817,0.008973,9.82493
1755402251482,0.267996,-0.014955,9.851251
1755402251484,0.275175,-0.014955,9.913465
1755402251487,0.263211,-0.026919,9.879965
1755402251489,0.284746,-0.034098,9.793823
1755402251492,0.272782,-0.026919,9.999905
1755402251493,0.251246,-0.000598,9.870394
1755402251496,0.287139,-0.019741,9.877572
1755402251498,0.291924,-0.034098,9.827323
1755402251501,0.291924,-0.034098,9.863214
1755402251503,0.311067,-0.026919,9.863214
1755402251505,0.241675,-0.017348,9.879965
1755402251508,0.27996,-0.022134,9.971191
1755402251511,0.263211,-0.026919,9.920643
1755402251513,0.258425,0.032901,9.875179
1755402251515,0.248854,-0.017348,9.736395
1755402251518,0.256032,-0.05324,9.915857
1755402251520,0.315853,-0.010169,9.789038
1755402251522,0.241675,-0.012562,9.923036
1755402251525,0.27996,-0.034098,9.932607
1755402251528,0.308674,-0.005384,9.789038
1755402251530,0.260818,-0.036491,9.985548
1755402251532,0.320638,0.02333,9.903893
1755402251534,0.299103,-0.022134,9.853643
1755402251537,0.282353,0.025723,9.937392
1755402251539,0.31346,-0.022134,9.810573
1755402251542,0.270389,-0.058026,9.853643
1755402251544,0.294317,0.016152,9.836894
1755402251546,0.265603,-0.022134,9.915857
1755402251549,0.291924,-0.026919,9.887143
1755402251551,0.320638,-0.026919,9.827323
1755402251554,0.232104,-0.050847,9.937392
1755402251556,0.311067,-0.017348,9.896714
1755402251559,0.263211,-0.048455,9.863214
1755402251561,0.256032,-0.048455,9.997512
1755402251563,0.325424,-0.024526,9.79143
1755402251566,0.20339,-0.062812,9.942178
1755402251568,0.327817,0.030508,9.753145
1755402251570,0.239282,-0.074776,9.903893
1755402251573,0.248854,0.037687,9.798609
1755402251576,0.287139,-0.024526,9.851251
1755402251578,0.239282,-0.06999,9.997512
1755402251580,0.311067,-0.007777,9.937392
1755402251582,0.27996,-0.041276,9.815358
1755402251585,0.289532,0.02333,9.882358
1755402251587,0.334995,-0.022134,9.786645
1755402251589,0.224925,-0.060419,9.959227
1755402251593,0.272782,-0.005384,9.836894
1755402251595,0.294317,-0.050847,9.889536
1755402251598,0.284746,-0.036491,9.911072
1755402251599,0.33021,-0.000598,9.798609
1755402251601,0.227318,-0.05324,9.9015
1755402251604,0.256032,0.032901,9.908679
1755402251606,0.323031,-0.007777,9.834501
1755402251610,0.239282,-0.077169,9.930214
1755402251612,0.277567,-0.012562,9.875179
1755402251614,0.282353,0.011366,9.896714
1755402251616,0.318245,-0.000598,9.853643
1755402251618,0.270389,-0.005384,9.906285
1755402251620,0.284746,0.008973,9.844072
1755402251623,0.27996,-0.019741,9.88475
1755402251626,0.244068,-0.017348,9.9015
1755402251628,0.287139,0.00658,9.863214
1755402251630,0.277567,-0.026919,9.887143
1755402251633,0.258425,-0.034098,9.91825
1755402251635,0.270389,-0.022134,9.870394
1755402251637,0.267996,-0.014955,9.887143
1755402251640,0.320638,-0.062812,9.887143
1755402251642,0.299103,-0.046062,9.9015
1755402251645,0.289532,-0.046062,9.844072
1755402251647,0.284746,-0.029312,9.903893
1755402251649,0.289532,0.004187,9.889536
1755402251652,0.299103,-0.031705,9.851251
1755402251654,0.265603,-0.031705,9.899107
1755402251657,0.265603,-0.022134,9.875179
1755402251659,0.27996,-0.034098,9.88475
1755402251662,0.308674,-0.000598,9.846465
1755402251664,0.267996,-0.034098,9.903893
1755402251667,0.291924,-0.014955,9.88475
1755402251668,0.318245,-0.002991,9.846465
1755402251671,0.275175,-0.036491,9.937392
1755402251673,0.291924,-0.014955,9.810573
1755402251676,0.256032,-0.038883,9.875179
1755402251679,0.260818,0.016152,9.896714
1755402251681,0.263211,-0.029312,9.834501
1755402251683,0.263211,-0.007777,9.925428
1755402251685,0.29671,-0.022134,9.906285
1755402251688,0.303888,-0.007777,9.868001
1755402251690,0.291924,-0.017348,9.896714
1755402251692,0.241675,-0.031705,9.839287
1755402251695,0.263211,-0.060419,9.743574
1755402251697,0.265603,0.008973,10.066904
1755402251700,0.303888,0.090329,9.872787
1755402251702,0.29671,-0.012562,9.80818
1755402251704,0.31346,-0.101097,9.930214
1755402251708,0.342174,-0.010169,9.767502
1755402251709,0.270389,0.083151,9.930214
1755402251712,0.275175,-0.084347,9.805787
1755402251717,0.339781,-0.10349,9.844072
1755402251718,0.284746,0.04008,10.00469
1755402251719,0.301496,-0.014955,9.812965
1755402251721,0.308674,-0.079561,9.812965
1755402251723,0.294317,0.016152,10.033404
1755402251726,0.260818,0.064008,9.779466
1755402251729,0.270389,-0.06999,9.856036
1755402251731,0.311067,-0.062812,10.021441
1755402251733,0.301496,0.02333,9.757931
1755402251735,0.253639,-0.084347,9.827323
1755402251738,0.258425,-0.031705,10.102797
1755402251740,0.320638,0.049651,9.760324
1755402251743,0.210568,-0.062812,9.851251
1755402251746,0.282353,-0.079561,10.014262
1755402251748,0.311067,0.068794,9.810573
1755402251751,0.234497,0.00658,9.889536
1755402251752,0.256032,-0.117847,9.879965
1755402251755,0.332602,-0.007777,9.863214
1755402251758,0.258425,0.073579,9.906285
1755402251759,0.246461,-0.093918,9.805787
1755402251763,0.358923,-0.06999,9.911072
1755402251765,0.258425,0.090329,9.934999
1755402251767,0.229711,-0.058026,9.755538
1755402251769,0.315853,-0.096311,9.942178
1755402251771,0.265603,0.068794,9.952048
1755402251774,0.215354,-0.019741,9.731609
1755402251777,0.277567,-0.091525,10.009477
1755402251779,0.320638,0.049651,9.937392
1755402251781,0.200997,-0.043669,9.693324
1755402251784,0.275175,-0.091525,10.002297
1755402251786,0.315853,0.068794,9.896714
1755402251790,0.208176,-0.046062,9.779466
1755402251791,0.291924,-0.043669,9.987941
1755402251794,0.337388,0.028116,9.860822
1755402251796,0.20339,-0.08674,9.872787
1755402251799,0.334995,-0.007777,9.913465
1755402251800,0.289532,-0.024526,9.827323
1755402251803,0.212961,-0.046062,9.956834
1755402251805,0.363709,0.042473,9.769895
1755402251807,0.191127,-0.110668,9.91825
1755402251810,0.246461,-0.002991,9.923036
1755402251812,0.306281,0.025723,9.729217
1755402251815,0.224925,-0.079561,10.00469
1755402251819,0.306281,0.030508,9.889536
1755402251820,0.275175,-0.019741,9.848858
1755402251822,0.19352,-0.031705,10.002297
1755402251824,0.346959,-0.048455,9.702896
1755402251827,0.239282,-0.08674,9.997512
1755402251829,0.272782,0.013759,9.74836
1755402251832,0.22014,-0.007777,10.086046
1755402251834,0.308674,0.011366,9.707682
1755402251836,0.224925,-0.108275,9.973584
1755402251839,0.303888,0.018544,9.760324
1755402251841,0.253639,0.018544,10.040583
1755402251843,0.334995,0.028116,9.74836
1755402251846,0.22014,-0.091525,9.927821
1755402251848,0.342174,0.001795,9.753145
1755402251851,0.229711,-0.000598,10.045368
1755402251853,0.29671,0.032901,9.760324
1755402251855,0.236889,-0.079561,9.923036
1755402251858,0.327817,0.001795,9.772287
1755402251861,0.270389,-0.000598,10.045368
1755402251863,0.31346,0.032901,9.765109
1755402251866,0.246461,-0.122632,9.930214
1755402251868,0.301496,0.001795,9.779466
1755402251870,0.229711,0.001795,10.035797
1755402251872,0.301496,0.054437,9.765109
1755402251874,0.265603,-0.091525,9.959227
1755402251877,0.303888,0.00658,9.769895
1755402251879,0.222533,0.020937,10.031012
1755402251882,0.299103,-0.000598,9.724431
1755402251884,0.234497,-0.089133,10.007083
1755402251887,0.334995,0.016152,9.745967
1755402251889,0.241675,-0.012562,10.007083
1755402251891,0.332602,-0.029312,9.686146
1755402251894,0.248854,-0.062812,10.069297
1755402251896,0.339781,0.044865,9.738789
1755402251899,0.210568,-0.019741,10.002297
1755402251901,0.351745,-0.024526,9.707682
1755402251903,0.263211,-0.036491,10.059726
1755402251906,0.337388,0.037687,9.755538
1755402251908,0.227318,-0.05324,9.997512
1755402251911,0.344566,-0.029312,9.753145
1755402251913,0.232104,0.008973,10.040583
1755402251916,0.303888,0.016152,9.757931
1755402251919,0.229711,-0.055633,9.952048
1755402251920,0.29671,-0.05324,9.79143
1755402251922,0.222533,0.020937,10.011869
1755402251925,0.354138,-0.026919,9.736395
1755402251927,0.224925,-0.043669,9.961619
1755402251930,0.320638,-0.017348,9.851251
1755402251933,0.234497,0.035294,9.903893
1755402251936,0.339781,-0.084347,9.810573
1755402251938,0.270389,-0.060419,9.932607
1755402251939,0.282353,0.018544,9.9015
1755402251942,0.251246,0.054437,9.832108
1755402251944,0.303888,-0.093918,9.896714
1755402251946,0.267996,-0.019741,9.877572
1755402251950,0.265603,0.064008,9.952048
1755402251952,0.275175,0.011366,9.755538
1755402251954,0.253639,-0.115454,9.980762
1755402251956,0.323031,0.020937,9.781859
1755402251959,0.241675,0.00658,9.971191
1755402251961,0.301496,-0.046062,9.729217
1755402251964,0.227318,-0.058026,10.081261
1755402251967,0.277567,0.05683,9.745967
1755402251968,0.22014,-0.022134,10.021441
1755402251971,0.337388,-0.029312,9.786645
1755402251973,0.270389,-0.017348,9.920643
1755402251975,0.284746,-0.014955,9.80818
1755402251978,0.282353,-0.024526,9.899107
1755402251980,0.29671,-0.019741,9.88475
1755402251983,0.222533,0.001795,9.879965
1755402251985,0.294317,-0.007777,9.887143
1755402251987,0.291924,-0.036491,9.920643
1755402251989,0.265603,-0.005384,9.875179
1755402251992,0.256032,-0.031705,9.942178
1755402251994,0.275175,-0.029312,9.868001
1755402251997,0.234497,-0.005384,9.896714
1755402251999,0.241675,-0.002991,9.80818
1755402252002,0.251246,-0.060419,9.944571
1755402252004,0.282353,0.004187,9.848858
1755402252007,0.258425,0.001795,9.903893
1755402252009,0.291924,-0.038883,9.767502
1755402252011,0.260818,-0.055633,9.995119
1755402252013,0.308674,0.05683,9.91825
1755402252016,0.284746,-0.010169,9.786645
1755402252018,0.224925,-0.096311,9.995119
1755402252021,0.299103,0.025723,9.717253
1755402252023,0.198604,-0.010169,9.987941
1755402252026,0.334995,-0.017348,9.760324
1755402252028,0.27996,-0.014955,10.011869
1755402252030,0.253639,0.001795,9.765109
1755402252033,0.224925,-0.043669,9.937392
1755402252036,0.349352,-0.012562,9.805787
1755402252040,0.241675,0.013759,9.999905
1755402252041,0.301496,0.00658,9.760324
1755402252043,0.188734,-0.060419,9.964012
1755402252045,0.287139,-0.038883,9.834501
1755402252047,0.222533,0.04008,9.870394
1755402252050,0.284746,-0.055633,9.875179
1755402252052,0.272782,-0.019741,9.875179
1755402252054,0.284746,-0.000598,9.915857
1755402252057,0.248854,0.030508,9.82493
1755402252059,0.323031,-0.108275,9.925428
1755402252063,0.287139,0.016152,9.832108
1755402252065,0.267996,-0.005384,9.961619
1755402252066,0.270389,0.032901,9.777073
1755402252069,0.27996,-0.081954,9.964012
1755402252071,0.277567,0.011366,9.822537
1755402252074,0.265603,-0.017348,9.964012
1755402252076,0.299103,-0.002991,9.789038
1755402252078,0.289532,-0.081954,9.942178
1755402252081,0.265603,0.020937,9.817751
1755402252083,0.282353,0.028116,9.980762
1755402252086,0.291924,-0.007777,9.80818
1755402252088,0.267996,-0.055633,9.954441
1755402252090,0.275175,-0.002991,9.805787
1755402252092,0.244068,-0.010169,9.91825
1755402252095,0.282353,-0.022134,9.84168
1755402252097,0.267996,-0.019741,9.934999
1755402252100,0.241675,-0.012562,9.868001
1755402252103,0.284746,-0.024526,9.927821
1755402252105,0.289532,-0.046062,9.882358
1755402252107,0.263211,-0.034098,9.88475
1755402252109,0.253639,-0.002991,9.834501
1755402252112,0.265603,-0.019741,9.911072
1755402252115,0.287139,0.00658,9.84168
1755402252116,0.27996,-0.034098,9.915857
1755402252120,0.251246,-0.050847,9.875179
1755402252123,0.265603,-0.010169,9.851251
1755402252124,0.299103,-0.019741,9.999905
1755402252126,0.258425,-0.036491,9.84168
1755402252128,0.282353,-0.043669,9.798609
1755402252131,0.29671,0.004187,9.925428
1755402252133,0.291924,0.00658,9.877572
1755402252137,0.265603,0.004187,9.930214
1755402252139,0.306281,-0.017348,9.822537
1755402252140,0.27996,-0.046062,9.915857
1755402252143,0.260818,-0.019741,9.88475
1755402252145,0.248854,-0.019741,9.875179
1755402252148,0.284746,-0.007777,9.846465
1755402252150,0.256032,-0.041276,9.894321
1755402252154,0.299103,-0.007777,9.879965
1755402252156,0.272782,-0.034098,9.906285
1755402252157,0.284746,-0.010169,9.796216
1755402252160,0.265603,-0.019741,9.961619
1755402252162,0.270389,-0.014955,9.860822
1755402252164,0.270389,-0.022134,9.817751
1755402252167,0.284746,-0.002991,9.906285
1755402252169,0.253639,-0.007777,9.906285
1755402252172,0.287139,-0.019741,9.875179
1755402252174,0.275175,-0.029312,9.875179
1755402252176,0.224925,-0.024526,9.856036
1755402252179,0.294317,-0.034098,9.934999
1755402252181,0.327817,-0.026919,9.779466
1755402252184,0.282353,0.00658,9.915857
1755402252186,0.311067,-0.012562,9.954441
1755402252188,0.234497,-0.046062,9.745967
1755402252191,0.251246,-0.036491,9.939785
1755402252193,0.325424,0.016152,9.719646
1755402252196,0.258425,-0.029312,9.990334
1755402252198,0.217747,-0.024526,9.952048
1755402252200,0.334995,0.008973,9.805787
1755402252203,0.224925,-0.010169,9.949656
1755402252207,0.318245,0.013759,9.755538
1755402252208,0.275175,-0.036491,9.973584
1755402252210,0.334995,0.035294,9.894321
1755402252212,0.234497,-0.048455,9.920643
1755402252215,0.303888,0.042473,9.822537
1755402252217,0.270389,-0.043669,9.872787
1755402252220,0.287139,-0.050847,9.851251
1755402252222,0.275175,-0.007777,9.887143
1755402252224,0.239282,-0.038883,9.930214
1755402252227,0.320638,-0.002991,9.789038
1755402252229,0.258425,-0.031705,10.028619
1755402252232,0.363709,0.004187,9.712467
1755402252234,0.244068,-0.050847,10.021441
1755402252237,0.33021,0.001795,9.757931
1755402252240,0.244068,-0.010169,10.019048
1755402252241,0.303888,-0.022134,9.722038
1755402252244,0.229711,-0.067597,9.975977
1755402252246,0.318245,0.047258,9.803394
1755402252249,0.232104,-0.034098,9.920643
1755402252251,0.284746,-0.024526,9.853643
1755402252253,0.265603,-0.065204,9.858429
1755402252256,0.270389,-0.029312,9.872787
1755402252259,0.308674,-0.024526,9.899107
1755402252261,0.256032,-0.012562,9.865608
1755402252263,0.31346,-0.050847,9.865608
1755402252265,0.301496,-0.043669,9.882358
1755402252267,0.303888,0.011366,9.84168
1755402252271,0.251246,-0.048455,9.9015
1755402252272,0.277567,-0.019741,9.903893
1755402252275,0.260818,-0.014955,9.863214
1755402252279,0.251246,-0.031705,9.925428
1755402252280,0.301496,-0.002991,9.834501
1755402252282,0.277567,-0.024526,9.908679
1755402252284,0.303888,-0.012562,9.899107
1755402252287,0.265603,-0.026919,9.868001
1755402252290,0.27996,-0.024526,9.932607
1755402252292,0.267996,-0.024526,9.865608
1755402252294,0.27996,-0.022134,9.9015
1755402252296,0.306281,-0.017348,9.961619
1755402252298,0.284746,-0.019741,9.889536
1755402252301,0.270389,-0.017348,9.899107
1755402252304,0.282353,-0.014955,9.868001
1755402252307,0.260818,-0.024526,9.906285
1755402252308,0.267996,-0.012562,9.894321
1755402252311,0.289532,-0.019741,9.877572
1755402252313,0.27996,0.011366,9.882358
1755402252315,0.291924,0.001795,9.9015
1755402252319,0.289532,-0.026919,9.870394
1755402252320,0.239282,-0.017348,9.877572
1755402252323,0.303888,0.001795,9.88475
1755402252326,0.289532,-0.005384,9.889536
1755402252328,0.27996,-0.026919,9.865608
1755402252330,0.260818,-0.007777,9.887143
1755402252332,0.256032,0.02333,9.887143
1755402252335,0.272782,-0.026919,9.879965
1755402252337,0.311067,-0.012562,9.889536
1755402252339,0.282353,-0.031705,9.870394
1755402252343,0.27996,-0.017348,9.889536
1755402252345,0.27996,-0.017348,9.88475
1755402252347,0.308674,-0.014955,9.894321
1755402252349,0.289532,-0.012562,9.870394
1755402252352,0.277567,-0.014955,9.882358
1755402252354,0.291924,-0.019741,9.894321
1755402252356,0.287139,-0.005384,9.894321
1755402252359,0.284746,-0.022134,9.882358
1755402252361,0.263211,-0.038883,9.88475
1755402252364,0.265603,-0.010169,9.894321
1755402252366,0.287139,-0.024526,9.868001
1755402252368,0.236889,-0.002991,9.879965
1755402252372,0.260818,-0.005384,9.870394
1755402252373,0.282353,-0.012562,9.868001
1755402252376,0.272782,-0.024526,9.872787
1755402252378,0.291924,-0.014955,9.856036
1755402252381,0.301496,-0.038883,9.894321
1755402252383,0.299103,-0.014955,9.88475
1755402252385,0.303888,-0.000598,9.906285
1755402252387,0.282353,-0.019741,9.863214
1755402252390,0.256032,-0.029312,9.872787
1755402252392,0.267996,-0.031705,9.891929
1755402252396,0.244068,-0.000598,9.882358
1755402252397,0.248854,-0.019741,9.903893
1755402252400,0.253639,-0.019741,9.903893
1755402252402,0.246461,-0.005384,9.805787
1755402252404,0.244068,-0.077169,9.966406
1755402252406,0.351745,0.004187,9.683753
1755402252409,0.212961,-0.026919,10.150653
1755402252411,0.366102,0.068794,9.647861
1755402252414,0.198604,-0.038883,10.100404
1755402252416,0.337388,0.004187,9.68136
1755402252418,0.210568,-0.098704,10.011869
1755402252421,0.315853,0.028116,9.745967
1755402252423,0.188734,-0.06999,10.05494
1755402252426,0.346959,0.013759,9.731609
1755402252428,0.234497,-0.055633,9.968799
1755402252430,0.33021,0.011366,9.784252
1755402252433,0.253639,-0.026919,9.973584
1755402252435,0.251246,-0.000598,9.705289
1755402252438,0.256032,-0.079561,9.975977
1755402252441,0.337388,0.02333,9.769895
1755402252443,0.263211,-0.031705,10.016655
1755402252445,0.27996,0.001795,9.777073
1755402252447,0.236889,-0.093918,9.932607
1755402252450,0.306281,-0.017348,9.839287
1755402252452,0.258425,0.001795,9.942178
1755402252455,0.287139,0.001795,9.865608
1755402252457,0.282353,-0.048455,9.899107
1755402252460,0.256032,0.011366,9.865608
1755402252462,0.275175,-0.007777,9.882358
1755402252464,0.272782,-0.012562,9.860822
1755402252466,0.299103,-0.024526,9.875179
1755402252469,0.248854,-0.036491,9.848858
1755402252471,0.306281,0.018544,9.9015
1755402252474,0.284746,-0.017348,9.877572
1755402252477,0.284746,-0.034098,9.9015
1755402252480,0.282353,-0.012562,9.894321
1755402252481,0.272782,-0.026919,9.887143
1755402252484,0.260818,-0.002991,9.868001
1755402252486,0.267996,-0.014955,9.889536
1755402252488,0.265603,-0.041276,9.879965
1755402252490,0.263211,-0.026919,9.889536
1755402252494,0.299103,0.001795,9.851251
1755402252496,0.282353,-0.010169,9.891929
1755402252497,0.270389,-0.005384,9.88475
1755402252500,0.267996,-0.062812,9.913465
1755402252503,0.301496,0.00658,9.875179
1755402252505,0.291924,0.00658,9.927821
1755402252507,0.258425,-0.012562,9.875179
1755402252510,0.272782,-0.019741,9.887143
1755402252514,0.27996,-0.026919,9.9015
1755402252516,0.246461,-0.031705,9.894321
1755402252517,0.289532,-0.046062,9.865608
1755402252519,0.318245,-0.046062,9.906285
1755402252523,0.253639,-0.038883,9.872787
1755402252524,0.260818,-0.024526,9.88475
1755402252526,0.306281,-0.000598,9.872787
1755402252529,0.253639,-0.036491,9.872787
1755402252531,0.275175,-0.022134,9.913465
1755402252533,0.301496,-0.019741,9.870394
1755402252536,0.287139,0.013759,9.889536
1755402252539,0.277567,-0.029312,9.772287
1755402252541,0.270389,-0.048455,9.906285
1755402252544,0.275175,-0.002991,9.983155
1755402252546,0.294317,-0.022134,9.77468
1755402252548,0.239282,-0.067597,9.913465
1755402252550,0.337388,-0.038883,9.827323
1755402252553,0.224925,-0.007777,10.007083
1755402252555,0.318245,0.04008,9.772287
1755402252557,0.256032,-0.046062,9.942178
1755402252562,0.334995,-0.067597,9.765109
1755402252564,0.275175,0.001795,9.985548
1755402252565,0.311067,0.037687,9.865608
1755402252567,0.248854,-0.019741,9.903893
1755402252570,0.315853,-0.029312,9.906285
1755402252572,0.265603,-0.036491,9.803394
1755402252574,0.239282,-0.055633,9.934999
1755402252577,0.29671,-0.022134,9.765109
1755402252579,0.234497,-0.022134,9.956834
1755402252582,0.275175,-0.010169,9.915857
1755402252584,0.284746,-0.055633,9.865608
1755402252586,0.253639,-0.014955,9.925428
1755402252589,0.306281,0.028116,9.781859
1755402252591,0.251246,-0.062812,9.894321
1755402252593,0.29671,-0.010169,9.858429
1755402252596,0.275175,-0.017348,9.975977
1755402252598,0.318245,0.035294,9.834501
1755402252601,0.263211,-0.022134,9.894321
1755402252604,0.29671,-0.034098,9.853643
1755402252606,0.265603,-0.005384,9.88475
1755402252608,0.248854,-0.002991,9.9015
1755402252610,0.291924,-0.022134,9.875179
1755402252613,0.284746,-0.048455,9.829716
1755402252617,0.258425,0.004187,9.925428
1755402252618,0.275175,-0.014955,9.84168
1755402252620,0.263211,-0.024526,9.908679
1755402252622,0.284746,-0.031705,9.899107
1755402252624,0.272782,-0.019741,9.872787
1755402252627,0.303888,-0.022134,9.903893
1755402252630,0.27996,-0.043669,9.865608
1755402252632,0.294317,-0.038883,9.832108
1755402252634,0.282353,-0.014955,9.925428
1755402252636,0.267996,-0.026919,9.952048
1755402252639,0.323031,0.013759,9.767502
1755402252642,0.251246,-0.022134,9.942178
1755402252644,0.349352,-0.002991,9.822537
1755402252647,0.277567,-0.007777,9.911072
1755402252648,0.284746,0.008973,9.834501
1755402252651,0.270389,-0.005384,9.954441
1755402252653,0.284746,-0.012562,9.786645
1755402252656,0.241675,-0.058026,9.954441
1755402252658,0.325424,-0.002991,9.760324
1755402252661,0.244068,-0.041276,9.975977
1755402252664,0.308674,-0.000598,9.801002
1755402252665,0.253639,-0.055633,9.930214
1755402252668,0.244068,-0.005384,9.877572
1755402252670,0.272782,0.001795,9.9015
1755402252673,0.291924,-0.031705,9.860822
1755402252675,0.253639,-0.034098,9.887143
1755402252678,0.244068,-0.031705,9.832108
1755402252681,0.267996,-0.036491,9.915857
1755402252682,0.289532,0.001795,9.899107
1755402252685,0.294317,-0.026919,9.851251
1755402252687,0.299103,-0.019741,9.911072
1755402252689,0.284746,-0.029312,9.906285
1755402252691,0.294317,-0.062812,9.834501
1755402252694,0.265603,-0.029312,9.894321
1755402252697,0.31346,-0.007777,9.844072
1755402252699,0.277567,0.008973,9.870394
1755402252701,0.289532,-0.017348,9.872787
1755402252703,0.270389,-0.022134,9.889536
1755402252707,0.265603,-0.014955,9.896714
1755402252708,0.265603,-0.017348,9.858429
1755402252711,0.27996,-0.024526,9.863214
1755402252713,0.284746,-0.007777,9.863214
1755402252716,0.303888,-0.022134,9.879965
1755402252720,0.294317,-0.019741,9.848858
1755402252721,0.294317,-0.014955,9.875179
1755402252723,0.267996,-0.036491,9.875179
1755402252725,0.260818,-0.022134,9.856036
1755402252728,0.27996,-0.005384,9.894321
1755402252730,0.265603,-0.002991,9.865608
1755402252733,0.270389,-0.031705,9.891929
1755402252735,0.260818,-0.024526,9.877572
1755402252737,0.270389,-0.005384,9.894321
1755402252740,0.284746,-0.000598,9.879965
1755402252743,0.267996,-0.034098,9.891929
1755402252744,0.287139,-0.026919,9.875179
1755402252747,0.301496,-0.000598,9.896714
1755402252749,0.253639,-0.031705,9.882358
1755402252752,0.27996,-0.007777,9.872787
1755402252754,0.306281,-0.007777,9.891929
1755402252757,0.248854,-0.034098,9.899107
1755402252759,0.291924,-0.031705,9.863214
1755402252761,0.244068,-0.000598,9.875179
1755402252763,0.267996,0.013759,9.911072
1755402252768,0.272782,-0.029312,9.879965
1755402252769,0.287139,-0.022134,9.856036
1755402252771,0.270389,-0.000598,9.88475
1755402252774,0.29671,-0.034098,9.868001
1755402252776,0.265603,-0.014955,9.860822
1755402252778,0.27996,-0.005384,9.887143
1755402252781,0.29671,-0.005384,9.879965
1755402252783,0.272782,-0.010169,9.872787
1755402252786,0.301496,-0.005384,9.887143
1755402252788,0.263211,-0.031705,9.896714
1755402252790,0.303888,0.00658,9.879965
1755402252792,0.294317,0.004187,9.868001
1755402252795,0.29671,-0.019741,9.923036
1755402252797,0.284746,-0.031705,9.894321
1755402252800,0.289532,-0.022134,9.84168
1755402252802,0.241675,-0.026919,9.858429
1755402252804,0.275175,-0.034098,9.868001
1755402252807,0.258425,0.001795,9.868001
1755402252809,0.260818,-0.012562,9.872787
1755402252811,0.270389,-0.031705,9.870394
1755402252814,0.251246,-0.029312,9.858429
1755402252817,0.282353,-0.010169,9.894321
1755402252819,0.287139,-0.029312,9.858429
1755402252821,0.236889,-0.058026,9.877572
1755402252824,0.267996,-0.014955,9.88475
1755402252826,0.27996,-0.038883,9.891929
1755402252829,0.287139,-0.041276,9.872787
1755402252831,0.275175,-0.024526,9.872787
1755402252834,0.282353,-0.050847,9.894321
1755402252839,0.263211,-0.010169,9.865608
1755402252840,0.275175,-0.014955,9.879965
1755402252841,0.27996,0.00658,9.875179
1755402252843,0.272782,-0.005384,9.896714
1755402252845,0.284746,-0.026919,9.877572
1755402252848,0.284746,-0.031705,9.875179
1755402252851,0.289532,-0.014955,9.868001
1755402252853,0.308674,-0.014955,9.879965
1755402252855,0.282353,-0.029312,9.868001
1755402252857,0.294317,-0.034098,9.860822
1755402252859,0.275175,0.004187,9.879965
1755402252862,0.301496,-0.007777,9.856036
1755402252864,0.284746,-0.022134,9.875179
1755402252867,0.265603,-0.022134,9.908679
1755402252870,0.27996,-0.017348,9.875179
1755402252871,0.256032,-0.038883,9.877572
1755402252874,0.267996,-0.019741,9.858429
1755402252876,0.229711,-0.002991,9.887143
1755402252878,0.284746,-0.024526,9.896714
1755402252881,0.265603,-0.036491,9.891929
1755402252885,0.275175,0.011366,9.851251
1755402252886,0.299103,-0.043669,9.860822
1755402252889,0.27996,-0.031705,9.870394
1755402252891,0.265603,-0.024526,9.870394
1755402252893,0.284746,-0.034098,9.875179
1755402252895,0.301496,-0.000598,9.88475
1755402252898,0.275175,-0.024526,9.860822
1755402252900,0.27996,-0.022134,9.896714
1755402252907,0.294317,0.011366,9.860822
1755402252909,0.284746,-0.024526,9.870394
1755402252910,0.241675,-0.024526,9.891929
1755402252912,0.287139,-0.031705,9.891929
1755402252913,0.27996,0.008973,9.882358
1755402252915,0.263211,-0.017348,9.851251
1755402252917,0.287139,0.008973,9.88475
1755402252919,0.282353,-0.002991,9.868001
1755402252923,0.299103,-0.041276,9.856036
1755402252924,0.275175,-0.014955,9.875179
1755402252926,0.29671,-0.031705,9.889536
1755402252929,0.29671,-0.002991,9.887143
1755402252931,0.260818,-0.012562,9.863214
1755402252934,0.284746,-0.002991,9.896714
1755402252937,0.299103,-0.022134,9.88475
1755402252941,0.311067,-0.017348,9.875179
1755402252942,0.256032,-0.026919,9.882358
1755402252944,0.275175,0.004187,9.875179
1755402252946,0.256032,-0.029312,9.889536
1755402252948,0.275175,-0.034098,9.868001
1755402252950,0.260818,-0.007777,9.848858
1755402252953,0.277567,-0.002991,9.887143
1755402252955,0.244068,-0.019741,9.896714
1755402252958,0.256032,-0.010169,9.865608
1755402252960,0.299103,-0.002991,9.882358
1755402252962,0.277567,-0.024526,9.88475
1755402252965,0.291924,-0.022134,9.891929
1755402252967,0.306281,-0.031705,9.879965
1755402252970,0.244068,-0.048455,9.868001
1755402252975,0.282353,-0.012562,9.868001
1755402252976,0.258425,-0.014955,9.91825
1755402252977,0.263211,-0.024526,9.872787
1755402252979,0.289532,-0.026919,9.858429
1755402252981,0.258425,-0.005384,9.858429
1755402252984,0.284746,-0.005384,9.899107
1755402252987,0.306281,0.008973,9.896714
1755402252989,0.311067,-0.007777,9.872787
1755402252991,0.256032,-0.043669,9.88475
1755402252993,0.277567,-0.007777,9.853643
1755402252996,0.270389,-0.038883,9.894321
1755402252998,0.275175,-0.005384,9.882358
1755402253001,0.29671,-0.024526,9.860822
1755402253005,0.294317,-0.029312,9.872787
1755402253008,0.258425,-0.005384,9.887143
1755402253009,0.287139,-0.019741,9.882358
1755402253011,0.256032,-0.005384,9.872787
1755402253013,0.270389,-0.022134,9.911072
1755402253015,0.272782,-0.002991,9.877572
1755402253017,0.299103,-0.050847,9.863214
1755402253021,0.256032,-0.026919,9.868001
1755402253023,0.303888,-0.010169,9.863214
1755402253025,0.294317,-0.017348,9.887143
1755402253027,0.282353,-0.002991,9.856036
1755402253029,0.258425,-0.017348,9.865608
1755402253032,0.267996,-0.048455,9.9015
1755402253034,0.289532,-0.002991,9.868001
1755402253037,0.270389,0.001795,9.891929
1755402253039,0.275175,-0.034098,9.870394
1755402253043,0.270389,-0.024526,9.88475
1755402253044,0.260818,-0.005384,9.872787
1755402253046,0.267996,-0.026919,9.887143
1755402253048,0.275175,0.011366,9.868001
1755402253052,0.289532,0.016152,9.891929
1755402253055,0.299103,-0.019741,9.88475
1755402253056,0.299103,-0.012562,9.870394
1755402253059,0.277567,-0.005384,9.879965
1755402253060,0.217747,-0.002991,9.899107
1755402253063,0.29671,-0.010169,9.879965
1755402253065,0.277567,-0.043669,9.851251
1755402253068,0.306281,-0.031705,9.863214
1755402253070,0.299103,-0.017348,9.872787
1755402253073,0.289532,0.00658,9.877572
1755402253075,0.299103,-0.022134,9.903893
1755402253077,0.289532,-0.026919,9.865608
1755402253080,0.258425,-0.022134,9.872787
1755402253082,0.272782,-0.007777,9.860822
1755402253085,0.27996,0.013759,9.882358
1755402253089,0.282353,-0.026919,9.865608
1755402253090,0.260818,-0.026919,9.865608
1755402253092,0.289532,0.011366,9.88475
1755402253094,0.272782,-0.017348,9.868001
1755402253097,0.265603,-0.000598,9.870394
1755402253099,0.251246,0.013759,9.870394
1755402253101,0.265603,-0.019741,9.887143
1755402253104,0.277567,-0.002991,9.860822
1755402253106,0.275175,-0.005384,9.88475
1755402253109,0.263211,-0.022134,9.879965
1755402253111,0.272782,-0.014955,9.894321
1755402253114,0.289532,-0.017348,9.863214
1755402253116,0.272782,-0.031705,9.877572
1755402253119,0.284746,-0.022134,9.875179
1755402253121,0.27996,-0.010169,9.882358
1755402253123,0.275175,-0.014955,9.88475
1755402253126,0.27996,-0.034098,9.853643
1755402253128,0.301496,-0.029312,9.868001
1755402253131,0.299103,-0.019741,9.88475
1755402253133,0.289532,0.001795,9.88475
1755402253135,0.303888,-0.005384,9.88475
1755402253137,0.282353,-0.012562,9.887143
1755402253140,0.299103,-0.026919,9.868001
1755402253143,0.256032,-0.005384,9.875179
1755402253144,0.256032,-0.005384,9.88475
1755402253147,0.29671,-0.007777,9.889536
1755402253150,0.284746,-0.014955,9.836894
1755402253152,0.260818,-0.022134,9.872787
1755402253154,0.260818,-0.005384,9.872787
1755402253158,0.241675,-0.036491,9.870394
1755402253162,0.301496,-0.002991,9.882358
1755402253163,0.277567,-0.024526,9.870394
1755402253164,0.253639,-0.024526,9.872787
1755402253166,0.27996,-0.014955,9.858429
1755402253169,0.272782,-0.022134,9.891929
1755402253171,0.227318,-0.012562,9.865608
1755402253174,0.272782,-0.019741,9.870394
1755402253176,0.244068,-0.019741,9.868001
1755402253178,0.282353,-0.007777,9.899107
1755402253180,0.270389,-0.017348,9.908679
1755402253183,0.258425,0.004187,9.887143
1755402253185,0.267996,-0.019741,9.88475
1755402253187,0.282353,-0.012562,9.88475
1755402253191,0.282353,-0.048455,9.920643
1755402253193,0.256032,-0.041276,9.889536
1755402253195,0.263211,-0.043669,9.887143
1755402253197,0.246461,-0.017348,9.88475
1755402253199,0.272782,-0.034098,9.887143
1755402253202,0.287139,-0.014955,9.875179
1755402253205,0.29671,-0.029312,9.875179
1755402253208,0.265603,0.011366,9.903893
1755402253210,0.308674,0.00658,9.889536
1755402253212,0.284746,-0.043669,9.891929
1755402253214,0.270389,-0.038883,9.877572
1755402253216,0.270389,0.011366,9.870394
1755402253219,0.263211,-0.019741,9.896714
1755402253221,0.265603,-0.017348,9.879965
1755402253224,0.275175,-0.026919,9.836894
1755402253227,0.294317,-0.041276,9.875179
1755402253228,0.275175,-0.017348,9.863214
1755402253231,0.282353,-0.026919,9.903893
1755402253233,0.277567,-0.007777,9.853643
1755402253235,0.265603,-0.046062,9.896714
1755402253238,0.246461,-0.010169,9.894321
1755402253240,0.289532,-0.010169,9.9015
1755402253243,0.258425,0.025723,9.870394
1755402253245,0.287139,-0.029312,9.894321
1755402253247,0.270389,-0.000598,9.875179
1755402253250,0.27996,-0.017348,9.894321
1755402253252,0.289532,-0.048455,9.889536
1755402253255,0.263211,-0.041276,9.865608
1755402253257,0.267996,-0.007777,9.872787
1755402253260,0.282353,-0.034098,9.896714
1755402253263,0.267996,-0.029312,9.889536
1755402253264,0.267996,-0.046062,9.875179
1755402253267,0.27996,-0.041276,9.879965
1755402253269,0.270389,-0.031705,9.887143
1755402253271,0.270389,-0.048455,9.879965
1755402253274,0.29671,-0.029312,9.887143
1755402253277,0.263211,-0.022134,9.868001
1755402253280,0.272782,-0.038883,9.88475
1755402253282,0.282353,-0.041276,9.872787
1755402253284,0.277567,0.018544,9.875179
1755402253286,0.267996,-0.038883,9.875179
1755402253289,0.253639,-0.022134,9.887143
1755402253291,0.277567,-0.005384,9.879965
1755402253294,0.263211,0.016152,9.88475
1755402253296,0.299103,-0.022134,9.875179
1755402253299,0.303888,-0.043669,9.894321
1755402253301,0.294317,-0.024526,9.939785
1755402253303,0.277567,-0.019741,9.891929
1755402253305,0.246461,-0.024526,9.891929
1755402253307,0.287139,-0.017348,9.889536
1755402253311,0.260818,-0.017348,9.875179
1755402253313,0.291924,-0.014955,9.863214
1755402253315,0.284746,-0.022134,9.865608
1755402253318,0.256032,-0.022134,9.860822
1755402253320,0.253639,-0.050847,9.872787
1755402253322,0.284746,-0.034098,9.875179
1755402253325,0.289532,-0.031705,9.877572
1755402253328,0.275175,-0.031705,9.870394
1755402253330,0.270389,-0.005384,9.88475
1755402253331,0.291924,-0.010169,9.879965
1755402253334,0.318245,-0.010169,9.875179
1755402253337,0.291924,-0.024526,9.887143
1755402253339,0.27996,-0.017348,9.882358
1755402253341,0.258425,-0.024526,9.870394
1755402253345,0.277567,-0.019741,9.848858
1755402253346,0.303888,-0.029312,9.882358
1755402253348,0.244068,-0.007777,9.887143
1755402253351,0.308674,-0.024526,9.889536
1755402253353,0.311067,0.008973,9.860822
1755402253356,0.299103,-0.026919,9.891929
1755402253358,0.263211,-0.024526,9.882358
1755402253362,0.260818,-0.029312,9.88475
1755402253363,0.287139,-0.026919,9.896714
1755402253365,0.308674,0.013759,9.860822
1755402253367,0.301496,-0.038883,9.858429
1755402253370,0.287139,-0.017348,9.88475
1755402253372,0.270389,-0.002991,9.879965
1755402253374,0.29671,-0.010169,9.887143
1755402253379,0.301496,-0.014955,9.887143
1755402253380,0.282353,-0.024526,9.882358
1755402253382,0.29671,-0.019741,9.891929
1755402253384,0.263211,-0.024526,9.882358
1755402253387,0.265603,-0.036491,9.896714
1755402253389,0.299103,-0.019741,9.879965
1755402253391,0.277567,-0.041276,9.88475
1755402253396,0.284746,-0.031705,9.856036
1755402253397,0.272782,-0.046062,9.889536
1755402253399,0.299103,-0.031705,9.889536
1755402253401,0.27996,-0.014955,9.9015
1755402253403,0.306281,-0.024526,9.870394
1755402253406,0.287139,-0.012562,9.872787
1755402253408,0.282353,-0.019741,9.858429
1755402253413,0.315853,0.00658,9.879965
1755402253415,0.277567,-0.002991,9.891929
1755402253416,0.275175,-0.029312,9.879965
1755402253418,0.265603,-0.007777,9.870394
1755402253420,0.294317,-0.024526,9.88475
1755402253423,0.275175,-0.038883,9.896714
1755402253425,0.256032,-0.007777,9.879965
1755402253427,0.256032,-0.002991,9.870394
1755402253430,0.236889,0.020937,9.860822
1755402253432,0.289532,-0.000598,9.877572
1755402253434,0.260818,-0.019741,9.894321
1755402253437,0.272782,-0.026919,9.891929
1755402253439,0.265603,-0.014955,9.894321
1755402253442,0.294317,-0.036491,9.868001
1755402253445,0.284746,-0.007777,9.9015
1755402253448,0.272782,-0.050847,9.875179
1755402253450,0.315853,-0.005384,9.872787
1755402253451,0.289532,-0.019741,9.896714
1755402253454,0.308674,-0.038883,9.891929
1755402253456,0.27996,-0.012562,9.908679
1755402253459,0.267996,-0.034098,9.882358
1755402253461,0.275175,-0.005384,9.877572
1755402253464,0.299103,-0.017348,9.889536
1755402253466,0.258425,-0.010169,9.88475
1755402253468,0.248854,-0.014955,9.865608
1755402253471,0.272782,-0.026919,9.879965
1755402253473,0.275175,-0.000598,9.891929
1755402253475,0.320638,-0.036491,9.889536
1755402253478,0.270389,-0.034098,9.865608
1755402253481,0.251246,-0.019741,9.896714
1755402253483,0.239282,-0.002991,9.870394
1755402253485,0.315853,-0.005384,9.872787
1755402253487,0.301496,-0.043669,9.88475
1755402253490,0.282353,-0.029312,9.877572
1755402253492,0.282353,-0.048455,9.88475
1755402253494,0.303888,-0.012562,9.872787
1755402253498,0.318245,-0.017348,9.877572
1755402253501,0.253639,-0.005384,9.877572
1755402253502,0.282353,0.004187,9.88475
1755402253504,0.291924,-0.029312,9.889536
1755402253506,0.253639,-0.002991,9.870394
1755402253509,0.267996,-0.014955,9.889536
1755402253511,0.263211,-0.007777,9.860822
1755402253515,0.260818,-0.022134,9.887143
1755402253517,0.287139,-0.019741,9.899107
1755402253518,0.284746,-0.007777,9.891929
1755402253521,0.270389,-0.029312,9.868001
1755402253523,0.256032,-0.038883,9.875179
1755402253527,0.291924,-0.043669,9.868001
1755402253528,0.267996,-0.012562,9.870394
1755402253532,0.265603,-0.050847,9.887143
1755402253533,0.277567,-0.026919,9.882358
1755402253535,0.287139,-0.043669,9.887143
1755402253538,0.270389,-0.029312,9.877572
1755402253540,0.260818,-0.024526,9.877572
1755402253543,0.260818,0.004187,9.875179
1755402253545,0.265603,-0.022134,9.860822
1755402253550,0.253639,-0.014955,9.879965
1755402253552,0.256032,-0.022134,9.887143
1755402253553,0.239282,-0.014955,9.894321
1755402253555,0.282353,-0.048455,9.82493
1755402253557,0.29671,-0.029312,9.870394
1755402253559,0.284746,-0.012562,9.887143
1755402253562,0.277567,0.008973,9.889536
1755402253565,0.275175,-0.019741,9.882358
1755402253567,0.320638,-0.031705,9.894321
1755402253569,0.282353,-0.012562,9.882358
1755402253571,0.232104,0.00658,9.891929
1755402253574,0.284746,-0.029312,9.844072
1755402253576,0.275175,-0.007777,9.865608
1755402253579,0.270389,-0.026919,9.879965
1755402253582,0.303888,-0.031705,9.88475
1755402253584,0.287139,-0.017348,9.853643
1755402253586,0.267996,-0.017348,9.879965
1755402253588,0.248854,-0.002991,9.906285
1755402253590,0.258425,-0.010169,9.887143
1755402253593,0.246461,-0.022134,9.887143
1755402253595,0.277567,-0.005384,9.865608
1755402253599,0.284746,-0.022134,9.868001
1755402253600,0.277567,-0.005384,9.879965
1755402253602,0.277567,-0.024526,9.853643
1755402253605,0.251246,-0.010169,9.891929
1755402253607,0.256032,-0.010169,9.887143
1755402253609,0.291924,-0.017348,9.887143
1755402253612,0.253639,-0.038883,9.891929
1755402253614,0.284746,-0.012562,9.882358
1755402253617,0.277567,-0.002991,9.868001
1755402253620,0.299103,-0.022134,9.891929
1755402253622,0.244068,-0.000598,9.911072
1755402253624,0.251246,-0.029312,9.882358
1755402253626,0.270389,-0.022134,9.887143
1755402253629,0.246461,-0.029312,9.88475
1755402253631,0.270389,-0.026919,9.887143
1755402253638,0.258425,-0.014955,9.887143
1755402253639,0.256032,-0.026919,9.88475
1755402253640,0.265603,-0.029312,9.863214
1755402253641,0.299103,-0.043669,9.872787
1755402253643,0.251246,-0.029312,9.887143
1755402253646,0.265603,-0.026919,9.872787
1755402253648,0.277567,-0.019741,9.934999
1755402253651,0.253639,0.049651,9.832108
1755402253652,0.227318,-0.065204,9.839287
1755402253655,0.320638,-0.007777,9.91825
1755402253658,0.272782,0.068794,9.952048
1755402253660,0.239282,-0.084347,9.729217
1755402253663,0.320638,-0.06999,9.975977
1755402253664,0.301496,-0.017348,9.894321
1755402253667,0.222533,0.001795,9.856036
1755402253670,0.323031,-0.048455,9.863214
1755402253672,0.258425,-0.101097,9.772287
1755402253675,0.246461,0.008973,10.028619
1755402253677,0.308674,0.102293,9.712467
1755402253679,0.183948,-0.08674,10.098011
1755402253681,0.370888,-0.029312,9.678967
1755402253685,0.227318,-0.062812,9.896714
1755402253687,0.263211,0.025723,9.990334
1755402253689,0.339781,0.075972,9.803394
1755402253692,0.253639,-0.136989,9.877572
1755402253693,0.31346,0.030508,9.937392
1755402253696,0.308674,0.013759,9.796216
1755402253701,0.260818,-0.101097,9.961619
1755402253702,0.356531,0.00658,9.781859
1755402253703,0.234497,0.016152,10.050154
1755402253705,0.301496,-0.002991,9.638289
1755402253707,0.256032,-0.048455,9.995119
1755402253710,0.294317,0.066401,9.915857
1755402253714,0.253639,-0.017348,9.820144
1755402253715,0.325424,-0.058026,9.891929
1755402253719,0.31346,0.035294,9.927821
1755402253722,0.263211,-0.029312,9.79143
1755402253723,0.260818,-0.08674,9.894321
1755402253724,0.284746,0.054437,9.949656
1755402253727,0.258425,-0.022134,9.710074
1755402253729,0.263211,-0.074776,9.937392
1755402253731,0.263211,0.035294,9.983155
1755402253735,0.299103,-0.017348,9.731609
1755402253736,0.248854,-0.062812,9.832108
1755402253739,0.27996,-0.022134,10.11476
1755402253742,0.263211,0.061615,9.805787
1755402253744,0.248854,-0.062812,9.827323
1755402253746,0.267996,-0.084347,10.042975
1755402253748,0.318245,0.066401,9.695718
1755402253753,0.239282,-0.019741,9.968799
1755402253755,0.260818,-0.110668,9.937392
1755402253756,0.349352,-0.029312,9.762716
1755402253758,0.265603,0.05683,9.964012
1755402253761,0.277567,-0.055633,9.848858
1755402253763,0.33021,-0.038883,9.760324
1755402253765,0.270389,0.00658,10.150653
1755402253768,0.299103,0.049651,9.736395
1755402253771,0.299103,-0.081954,9.803394
1755402253773,0.270389,-0.113061,10.062119
1755402253775,0.31346,-0.029312,9.796216
1755402253777,0.241675,0.066401,9.896714
1755402253780,0.265603,-0.077169,10.002297
1755402253782,0.27996,-0.062812,9.662218
1755402253786,0.244068,-0.019741,10.047761
1755402253787,0.294317,0.059222,9.750752
1755402253789,0.301496,-0.022134,9.872787
1755402253791,0.244068,-0.06999,9.868001
1755402253794,0.294317,-0.000598,9.846465
1755402253796,0.253639,0.030508,10.062119
1755402253799,0.31346,0.008973,9.863214
1755402253801,0.27996,-0.074776,9.805787
1755402253804,0.267996,-0.06999,9.97837
1755402253806,0.342174,-0.000598,9.750752
1755402253808,0.234497,0.013759,10.059726
1755402253811,0.287139,-0.010169,9.817751
1755402253813,0.277567,-0.067597,9.863214
1755402253815,0.244068,0.013759,9.915857
1755402253818,0.294317,0.025723,9.84168
1755402253821,0.282353,0.004187,9.91825
1755402253824,0.275175,-0.024526,9.925428
1755402253826,0.318245,-0.043669,9.717253
1755402253827,0.22014,-0.022134,10.045368
1755402253830,0.358923,0.008973,9.671789
1755402253832,0.222533,-0.038883,10.042975
1755402253835,0.349352,-0.024526,9.781859
1755402253838,0.258425,0.030508,9.987941
1755402253840,0.320638,-0.024526,9.846465
1755402253842,0.277567,0.016152,9.848858
1755402253845,0.215354,-0.034098,9.995119
1755402253847,0.339781,-0.000598,9.671789
1755402253849,0.236889,-0.034098,10.121939
1755402253851,0.351745,0.030508,9.54497
1755402253855,0.205783,-0.06999,10.236794
1755402253856,0.370888,0.018544,9.554541
1755402253858,0.195912,-0.048455,10.117153
1755402253861,0.327817,-0.017348,9.781859
1755402253863,0.265603,0.020937,9.973584
1755402253866,0.306281,-0.060419,9.887143
1755402253868,0.327817,0.001795,9.820144
1755402253871,0.265603,-0.048455,9.975977
1755402253873,0.344566,-0.022134,9.707682
1755402253875,0.234497,-0.046062,10.050154
1755402253878,0.301496,0.001795,9.695718
1755402253880,0.263211,0.030508,10.057333
1755402253882,0.299103,-0.024526,9.817751
1755402253885,0.291924,0.020937,9.906285
1755402253888,0.248854,-0.067597,9.959227
1755402253890,0.306281,0.00658,9.693324
1755402253892,0.224925,-0.065204,10.119546
1755402253895,0.370888,0.008973,9.602397
1755402253897,0.191127,-0.089133,10.20808
1755402253899,0.354138,-0.005384,9.542577
1755402253902,0.20339,-0.058026,10.191331
1755402253905,0.346959,-0.022134,9.734002
1755402253907,0.241675,0.028116,9.97837
1755402253909,0.275175,-0.026919,9.889536
1755402253911,0.306281,0.008973,9.745967
1755402253914,0.265603,-0.058026,10.069297
1755402253916,0.325424,-0.005384,9.60479
1755402253918,0.191127,-0.05324,10.198509
1755402253923,0.382852,0.028116,9.566504
1755402253924,0.229711,0.001795,10.112368
1755402253926,0.334995,0.011366,9.738789
1755402253928,0.263211,0.02333,9.9015
1755402253931,0.227318,-0.046062,9.937392
1755402253933,0.282353,-0.002991,9.690931
1755402253935,0.256032,-0.05324,10.117153
1755402253938,0.378066,0.04008,9.559326
1755402253940,0.232104,-0.031705,10.136296
1755402253944,0.33021,-0.000598,9.741181
1755402253945,0.246461,-0.007777,10.059726
1755402253948,0.289532,-0.002991,9.803394
1755402253949,0.260818,0.020937,9.875179
1755402253952,0.258425,-0.043669,9.966406
1755402253954,0.332602,-0.046062,9.595219
1755402253958,0.20339,-0.093918,10.07169
1755402253960,0.318245,0.011366,9.650253
1755402253962,0.227318,0.001795,10.143475
1755402253964,0.320638,0.032901,9.793823
1755402253966,0.29671,-0.026919,9.846465
1755402253969,0.224925,-0.058026,9.975977
1755402253971,0.327817,-0.062812,9.635897
1755402253974,0.222533,-0.046062,10.050154
1755402253976,0.344566,0.020937,9.71486
1755402253979,0.217747,0.035294,10.031012
1755402253981,0.248854,-0.010169,9.937392
1755402253983,0.294317,-0.060419,9.729217
1755402253985,0.236889,-0.074776,10.019048
1755402253988,0.346959,0.044865,9.729217
1755402253991,0.244068,0.042473,10.057333
1755402253993,0.270389,-0.022134,9.827323
1755402253995,0.27996,-0.077169,9.80818
1755402253998,0.246461,-0.034098,9.939785
1755402254000,0.248854,0.049651,9.789038
1755402254003,0.291924,-0.022134,9.889536
1755402254005,0.200997,-0.055633,9.865608
1755402254008,0.287139,0.013759,9.860822
1755402254010,0.275175,-0.022134,10.078868
1755402254012,0.318245,-0.036491,9.887143
1755402254015,0.311067,-0.067597,9.834501
1755402254017,0.306281,-0.007777,9.891929
1755402254019,0.241675,0.001795,9.856036
1755402254021,0.294317,-0.036491,9.844072
1755402254024,0.303888,-0.019741,9.923036
1755402254026,0.265603,-0.034098,9.851251
1755402254029,0.334995,-0.007777,9.944571
1755402254031,0.339781,-0.017348,10.040583
1755402254033,0.339781,-0.048455,9.952048
1755402254036,0.267996,-0.05324,9.911072
1755402254038,0.27996,-0.019741,9.889536
1755402254041,0.299103,0.011366,9.789038
1755402254044,0.258425,-0.017348,9.88475
1755402254046,0.251246,-0.017348,9.856036
1755402254048,0.29671,-0.014955,9.920643
1755402254051,0.301496,0.016152,9.865608
1755402254053,0.284746,-0.024526,9.9015
1755402254055,0.265603,-0.012562,9.920643
1755402254058,0.265603,-0.026919,9.870394
1755402254060,0.265603,-0.048455,9.91825
1755402254062,0.315853,-0.014955,9.856036
1755402254065,0.306281,-0.034098,9.920643
1755402254067,0.291924,-0.010169,9.879965
1755402254070,0.294317,-0.046062,9.925428
1755402254072,0.291924,0.001795,9.84168
1755402254076,0.22014,0.018544,9.97837
1755402254077,0.306281,0.008973,9.762716
1755402254079,0.232104,-0.105882,9.954441
1755402254082,0.354138,-0.046062,9.690931
1755402254084,0.212961,-0.022134,10.112368
1755402254086,0.294317,0.092722,9.793823
1755402254089,0.267996,0.00658,9.9015
1755402254093,0.272782,-0.105882,9.82493
1755402254094,0.291924,-0.048455,9.743574
1755402254096,0.248854,0.037687,10.086046
1755402254098,0.29671,0.059222,9.889536
1755402254100,0.315853,-0.093918,9.736395
1755402254103,0.236889,-0.115454,10.021441
1755402254105,0.291924,0.095115,9.757931
1755402254108,0.27996,0.044865,9.985548
1755402254111,0.253639,-0.10349,9.784252
1755402254113,0.299103,-0.096311,9.817751
1755402254115,0.265603,0.090329,9.971191
1755402254117,0.277567,-0.034098,9.872787
1755402254120,0.337388,-0.081954,9.798609
1755402254122,0.263211,-0.034098,10.007083
1755402254126,0.320638,0.066401,9.863214
1755402254127,0.263211,-0.055633,9.755538
1755402254129,0.263211,-0.105882,10.066904
1755402254132,0.320638,0.087936,9.705289
1755402254134,0.229711,-0.060419,9.812965
1755402254137,0.265603,-0.084347,10.014262
1755402254139,0.294317,0.052044,9.801002
1755402254142,0.270389,-0.014955,9.889536
1755402254146,0.241675,-0.043669,9.875179
1755402254147,0.291924,0.02333,9.896714
1755402254151,0.318245,0.018544,10.011869
1755402254152,0.253639,-0.050847,9.801002
1755402254153,0.339781,-0.017348,9.839287
1755402254156,0.256032,0.075972,10.007083
1755402254158,0.263211,-0.029312,9.784252
1755402254160,0.327817,-0.041276,9.796216
1755402254163,0.265603,0.049651,9.995119
1755402254166,0.227318,-0.029312,9.82493
1755402254167,0.27996,-0.06999,9.793823
1755402254170,0.315853,0.044865,10.014262
1755402254172,0.244068,-0.007777,9.784252
1755402254175,0.270389,-0.084347,9.832108
1755402254177,0.303888,0.011366,9.990334
1755402254179,0.267996,-0.024526,9.784252
1755402254182,0.284746,-0.089133,9.860822
1755402254184,0.284746,0.028116,9.995119
1755402254187,0.265603,-0.002991,9.769895
1755402254189,0.289532,-0.098704,9.856036
1755402254192,0.308674,0.004187,9.980762
1755402254194,0.244068,-0.041276,9.798609
1755402254196,0.236889,-0.058026,9.870394
1755402254199,0.315853,0.035294,9.934999
1755402254201,0.246461,-0.017348,9.810573
1755402254203,0.282353,-0.079561,9.932607
1755402254206,0.301496,0.04008,9.939785
1755402254208,0.256032,-0.058026,9.793823
1755402254211,0.263211,-0.031705,9.97837
1755402254214,0.327817,0.037687,9.889536
1755402254216,0.229711,-0.108275,9.793823
1755402254218,0.299103,-0.017348,9.930214
1755402254221,0.342174,-0.000598,9.812965
1755402254223,0.210568,-0.113061,9.882358
1755402254225,0.351745,0.047258,9.853643
1755402254228,0.311067,-0.002991,9.875179
1755402254230,0.208176,-0.055633,9.995119
1755402254233,0.392423,0.054437,9.717253
1755402254235,0.205783,-0.122632,9.987941
1755402254237,0.282353,0.030508,9.913465
1755402254239,0.327817,0.018544,9.698111
1755402254242,0.181555,-0.117847,10.050154
1755402254245,0.344566,0.059222,9.858429
1755402254248,0.308674,-0.022134,9.753145
1755402254249,0.227318,-0.05324,10.040583
1755402254251,0.370888,0.04008,9.817751
1755402254254,0.19352,-0.038883,9.870394
1755402254257,0.275175,-0.026919,9.939785
1755402254259,0.31346,-0.026919,9.798609
1755402254262,0.217747,-0.034098,9.906285
1755402254265,0.327817,0.052044,9.815358
1755402254266,0.236889,-0.065204,9.91825
1755402254268,0.282353,0.028116,9.906285
1755402254270,0.318245,-0.034098,9.810573
1755402254274,0.217747,-0.081954,10.050154
1755402254275,0.337388,0.049651,9.736395
1755402254279,0.205783,-0.06999,9.91825
1755402254283,0.289532,0.011366,9.952048
1755402254284,0.349352,0.011366,9.765109
1755402254286,0.227318,-0.079561,10.064511
1755402254287,0.334995,0.047258,9.777073
1755402254290,0.234497,-0.081954,9.966406
1755402254292,0.334995,0.044865,9.829716
1755402254296,0.287139,-0.046062,9.848858
1755402254298,0.215354,-0.019741,9.990334
1755402254299,0.342174,0.044865,9.707682
1755402254302,0.232104,-0.081954,10.002297
1755402254304,0.315853,0.04008,9.745967
1755402254306,0.258425,-0.06999,9.959227
1755402254309,0.287139,0.054437,9.896714
1755402254311,0.299103,-0.036491,9.79143
1755402254315,0.246461,-0.050847,10.014262
1755402254317,0.358923,0.030508,9.669396
1755402254318,0.198604,-0.101097,9.987941
1755402254321,0.334995,0.059222,9.798609
1755402254323,0.232104,-0.08674,9.846465
1755402254326,0.253639,-0.024526,10.002297
1755402254328,0.385244,0.052044,9.68136
1755402254331,0.16002,-0.120239,10.033404
1755402254333,0.332602,0.078365,9.784252
1755402254335,0.270389,-0.050847,9.839287
1755402254338,0.275175,-0.010169,10.002297
1755402254340,0.354138,0.042473,9.707682
1755402254343,0.183948,-0.113061,10.035797
1755402254345,0.334995,0.090329,9.80818
1755402254348,0.244068,-0.05324,9.80818
1755402254350,0.200997,-0.048455,10.026226
1755402254353,0.368495,0.083151,9.686146
1755402254355,0.155234,-0.115454,9.985548
1755402254357,0.303888,0.049651,9.930214
1755402254359,0.344566,0.018544,9.710074
1755402254362,0.17677,-0.098704,10.088439
1755402254365,0.385244,0.109472,9.844072
1755402254369,0.251246,-0.029312,9.777073
1755402254370,0.260818,-0.084347,10.057333
1755402254371,0.342174,0.087936,9.803394
1755402254374,0.215354,-0.117847,9.858429
1755402254376,0.29671,0.028116,9.995119
1755402254378,0.337388,0.028116,9.74836
1755402254381,0.20339,-0.139382,9.920643
1755402254383,0.344566,0.042473,9.911072
1755402254386,0.275175,-0.024526,9.772287
1755402254388,0.222533,-0.058026,9.997512
1755402254391,0.392423,0.102293,9.767502
1755402254393,0.179163,-0.08674,9.944571
1755402254396,0.234497,0.044865,9.959227
1755402254398,0.354138,0.066401,9.705289
1755402254400,0.16002,-0.098704,10.093225
1755402254402,0.358923,0.097508,9.79143
1755402254405,0.253639,-0.074776,9.812965
1755402254407,0.205783,-0.065204,10.059726
1755402254410,0.378066,0.049651,9.68136
1755402254412,0.205783,-0.132203,9.990334
1755402254415,0.358923,0.047258,9.853643
1755402254417,0.260818,-0.036491,9.906285
1755402254419,0.22014,-0.022134,9.944571
1755402254422,0.344566,0.037687,9.772287
1755402254424,0.229711,-0.072383,10.033404
1755402254426,0.351745,0.047258,9.710074
1755402254429,0.229711,-0.065204,9.939785
1755402254432,0.294317,0.018544,9.882358
1755402254434,0.289532,-0.005384,9.868001
1755402254436,0.251246,-0.000598,9.908679
1755402254439,0.320638,-0.031705,9.875179
1755402254441,0.299103,-0.007777,9.899107
1755402254443,0.315853,-0.041276,9.848858
1755402254446,0.244068,0.008973,9.985548
1755402254449,0.301496,-0.012562,9.765109
1755402254451,0.248854,-0.067597,9.975977
1755402254453,0.315853,0.013759,9.793823
1755402254455,0.253639,-0.026919,9.927821
1755402254458,0.291924,-0.007777,9.858429
1755402254460,0.275175,-0.031705,9.870394
1755402254462,0.256032,-0.043669,9.836894
1755402254466,0.239282,-0.019741,9.923036
1755402254469,0.294317,-0.002991,9.82493
1755402254470,0.224925,-0.05324,9.942178
1755402254472,0.339781,-0.014955,9.834501
1755402254474,0.275175,-0.043669,9.920643
1755402254477,0.289532,-0.034098,9.851251
1755402254479,0.287139,-0.022134,9.858429
1755402254482,0.234497,-0.024526,9.947263
1755402254487,0.29671,0.016152,9.829716
1755402254488,0.256032,-0.048455,9.966406
1755402254489,0.267996,-0.002991,9.745967
1755402254491,0.291924,-0.096311,9.882358
1755402254493,0.303888,-0.036491,9.832108
1755402254496,0.306281,-0.019741,9.882358
1755402254498,0.248854,0.004187,9.97837
1755402254501,0.356531,-0.007777,9.779466
1755402254503,0.215354,-0.062812,10.045368
1755402254505,0.323031,0.030508,9.688539
1755402254508,0.19352,-0.055633,10.009477
1755402254510,0.33021,0.02333,9.769895
1755402254512,0.241675,-0.062812,9.925428
1755402254515,0.282353,0.032901,9.932607
1755402254519,0.284746,-0.010169,9.810573
1755402254521,0.217747,-0.041276,10.019048
1755402254522,0.37328,-0.038883,9.710074
1755402254525,0.205783,-0.093918,10.05494
1755402254527,0.339781,0.061615,9.74836
1755402254529,0.22014,-0.074776,10.016655
1755402254532,0.29671,0.047258,9.74836
1755402254534,0.215354,-0.105882,9.930214
1755402254537,0.315853,0.032901,9.803394
1755402254539,0.294317,-0.038883,9.906285
1755402254542,0.260818,0.042473,9.954441
1755402254544,0.303888,-0.007777,9.803394
1755402254546,0.215354,-0.05324,9.925428
1755402254548,0.332602,-0.022134,9.772287
1755402254551,0.205783,-0.002991,10.052547
1755402254553,0.358923,0.025723,9.736395
1755402254556,0.212961,-0.046062,9.999905
1755402254559,0.366102,-0.041276,9.731609
1755402254561,0.227318,-0.012562,10.105189
1755402254563,0.325424,0.042473,9.690931
1755402254565,0.222533,-0.122632,9.973584
1755402254572,0.354138,-0.048455,9.777073
1755402254574,0.232104,0.044865,10.062119
1755402254576,0.344566,0.020937,9.729217
1755402254577,0.183948,-0.034098,9.990334
1755402254579,0.323031,-0.034098,9.705289
1755402254581,0.17677,0.011366,10.100404
1755402254582,0.385244,0.054437,9.698111
1755402254585,0.164806,-0.065204,10.088439
1755402254587,0.382852,-0.005384,9.602397
1755402254591,0.186341,-0.072383,10.176973
1755402254592,0.385244,0.097508,9.652647
1755402254595,0.128913,-0.067597,10.136296
1755402254597,0.349352,-0.002991,9.576077
1755402254599,0.145663,-0.132203,10.040583
1755402254602,0.361316,0.047258,9.705289
1755402254606,0.227318,-0.050847,10.023833
1755402254607,0.265603,0.047258,9.891929
1755402254608,0.299103,-0.029312,9.846465
1755402254611,0.208176,-0.036491,9.987941
1755402254613,0.334995,0.025723,9.753145
1755402254616,0.232104,-0.141775,9.932607
1755402254619,0.311067,0.037687,9.848858
1755402254621,0.267996,-0.038883,9.839287
1755402254623,0.222533,-0.072383,9.956834
1755402254625,0.318245,0.011366,9.80818
1755402254628,0.267996,-0.067597,9.894321
1755402254630,0.246461,-0.007777,9.968799
1755402254633,0.339781,0.04008,9.762716
1755402254636,0.191127,-0.089133,9.937392
1755402254638,0.267996,-0.024526,9.944571
1755402254640,0.303888,0.035294,9.796216
1755402254642,0.229711,-0.062812,9.853643
1755402254644,0.306281,-0.079561,9.999905
1755402254647,0.308674,0.078365,9.810573
1755402254649,0.246461,-0.005384,9.887143
1755402254653,0.272782,-0.153739,9.827323
1755402254654,0.378066,0.00658,9.817751
1755402254656,0.212961,0.0999,9.999905
1755402254659,0.265603,-0.089133,9.71486
1755402254661,0.308674,-0.151346,9.793823
1755402254663,0.22014,0.05683,10.229616
1755402254666,0.275175,0.135793,9.724431
1755402254670,0.284746,-0.08674,9.856036
1755402254671,0.311067,-0.144168,9.88475
1755402254673,0.308674,0.05683,9.772287
1755402254675,0.210568,0.107079,10.105189
1755402254678,0.301496,-0.043669,9.796216
1755402254681,0.294317,-0.156132,9.762716
1755402254683,0.232104,-0.017348,10.150653
1755402254685,0.332602,0.138186,9.757931
1755402254688,0.224925,-0.017348,9.88475
1755402254690,0.270389,-0.170489,9.736395
1755402254692,0.325424,-0.024526,9.84168
1755402254695,0.236889,0.159721,10.088439
1755402254697,0.282353,-0.017348,9.722038
1755402254699,0.282353,-0.160917,9.836894
1755402254702,0.251246,0.02333,10.117153
1755402254707,0.294317,0.121436,9.762716
1755402254708,0.258425,-0.108275,9.853643
1755402254709,0.289532,-0.077169,10.011869
1755402254711,0.346959,0.097508,9.755538
1755402254714,0.244068,-0.036491,9.908679
1755402254716,0.265603,-0.105882,9.961619
1755402254719,0.351745,0.02333,9.710074
1755402254721,0.200997,-0.041276,9.908679
1755402254724,0.267996,-0.036491,9.966406
1755402254726,0.380459,0.032901,9.702896
1755402254728,0.188734,-0.062812,9.987941
1755402254731,0.327817,-0.002991,9.920643
1755402254733,0.308674,-0.010169,9.805787
1755402254736,0.188734,-0.024526,10.112368
1755402254739,0.33021,0.061615,9.741181
1755402254740,0.234497,-0.127418,9.923036
1755402254743,0.311067,0.001795,9.820144
1755402254745,0.246461,-0.012562,9.959227
1755402254747,0.282353,0.044865,9.908679
1755402254750,0.315853,-0.029312,9.851251
1755402254752,0.239282,-0.079561,9.894321
1755402254755,0.306281,-0.048455,9.736395
1755402254758,0.20339,0.042473,10.112368
1755402254759,0.33021,0.020937,9.741181
1755402254763,0.167198,-0.096311,9.925428
1755402254765,0.366102,-0.06999,9.726824
1755402254767,0.232104,-0.024526,10.117153
1755402254769,0.37328,0.071186,9.722038
1755402254772,0.217747,-0.096311,9.973584
1755402254775,0.366102,-0.060419,9.757931
1755402254776,0.248854,0.044865,10.069297
1755402254778,0.342174,0.049651,9.741181
1755402254781,0.210568,-0.096311,10.002297
1755402254783,0.358923,-0.024526,9.786645
1755402254786,0.212961,-0.000598,9.985548
1755402254789,0.303888,-0.026919,9.772287
1755402254791,0.236889,-0.101097,9.97837
1755402254793,0.29671,0.00658,9.88475
1755402254795,0.227318,-0.005384,9.829716
1755402254798,0.287139,-0.098704,9.91825
1755402254800,0.301496,-0.002991,9.903893
1755402254803,0.277567,0.016152,9.942178
1755402254807,0.282353,-0.000598,9.772287
1755402254808,0.282353,-0.101097,9.968799
1755402254811,0.301496,0.044865,9.836894
1755402254812,0.232104,0.028116,9.959227
1755402254815,0.301496,-0.05324,9.750752
1755402254817,0.253639,-0.091525,10.016655
1755402254820,0.318245,0.071186,9.77468
1755402254823,0.246461,0.011366,10.002297
1755402254825,0.320638,-0.038883,9.707682
1755402254827,0.248854,-0.113061,9.999905
1755402254829,0.287139,0.052044,9.765109
1755402254831,0.239282,-0.000598,10.062119
1755402254834,0.291924,-0.014955,9.695718
1755402254836,0.217747,-0.117847,9.939785
1755402254839,0.311067,0.008973,9.803394
1755402254842,0.248854,0.00658,10.035797
1755402254844,0.299103,0.018544,9.796216
1755402254846,0.258425,-0.110668,9.882358
1755402254848,0.282353,-0.014955,9.817751
1755402254850,0.27996,-0.007777,9.906285
1755402254853,0.277567,0.032901,9.973584
1755402254855,0.311067,-0.017348,9.815358
1755402254858,0.244068,-0.06999,10.023833
1755402254860,0.351745,0.030508,9.743574
1755402254863,0.215354,-0.050847,9.980762
1755402254865,0.349352,0.030508,9.745967
1755402254867,0.256032,-0.06999,9.911072
1755402254870,0.287139,0.011366,9.920643
1755402254872,0.315853,0.00658,9.798609
1755402254875,0.198604,-0.06999,10.002297
1755402254877,0.323031,-0.012562,9.762716
1755402254879,0.260818,-0.055633,9.956834
1755402254882,0.291924,0.030508,9.872787
1755402254885,0.253639,0.001795,9.887143
1755402254887,0.301496,-0.036491,9.868001
1755402254889,0.277567,-0.031705,9.889536
1755402254892,0.289532,-0.058026,9.851251
1755402254894,0.287139,-0.014955,9.879965
1755402254896,0.318245,-0.005384,9.846465
1755402254899,0.282353,-0.019741,9.925428
1755402254901,0.308674,0.001795,9.80818
1755402254904,0.270389,-0.043669,9.937392
1755402254905,0.265603,0.02333,9.882358
1755402254908,0.258425,-0.019741,9.889536
1755402254911,0.263211,-0.005384,9.865608
1755402254913,0.267996,-0.017348,9.872787
1755402254915,0.289532,-0.014955,9.853643
1755402254918,0.299103,0.020937,9.868001
1755402254920,0.270389,-0.014955,9.865608
1755402254922,0.275175,-0.012562,9.894321
1755402254925,0.277567,-0.010169,9.851251
1755402254929,0.275175,-0.026919,9.9015
1755402254930,0.29671,-0.005384,9.865608
1755402254932,0.241675,-0.046062,9.894321
1755402254934,0.282353,-0.005384,9.877572
1755402254937,0.260818,0.008973,9.870394
1755402254939,0.251246,-0.024526,9.870394
1755402254942,0.29671,-0.062812,9.889536
1755402254944,0.272782,-0.046062,9.872787
1755402254946,0.232104,-0.007777,9.896714
1755402254949,0.299103,-0.024526,9.891929
1755402254951,0.301496,-0.034098,9.877572
1755402254954,0.287139,-0.019741,9.863214
1755402254956,0.258425,-0.022134,9.887143
1755402254959,0.260818,-0.038883,9.879965
1755402254961,0.267996,-0.022134,9.868001
1755402254963,0.275175,-0.002991,9.877572
1755402254966,0.277567,-0.014955,9.860822
1755402254968,0.256032,-0.010169,9.88475
1755402254971,0.277567,-0.029312,9.887143
1755402254972,0.284746,-0.043669,9.844072
1755402254976,0.267996,-0.017348,9.88475
1755402254978,0.291924,-0.010169,9.879965
1755402254980,0.308674,-0.012562,9.872787
1755402254983,0.289532,-0.005384,9.870394
1755402254985,0.260818,-0.036491,9.870394
1755402254987,0.251246,-0.029312,9.911072
1755402254989,0.27996,-0.005384,9.865608
1755402254992,0.263211,-0.002991,9.875179
1755402254995,0.277567,-0.012562,9.872787
1755402254998,0.267996,-0.017348,9.870394
1755402254999,0.244068,-0.002991,9.879965
1755402255002,0.272782,-0.026919,9.870394
1755402255004,0.267996,-0.022134,9.851251
1755402255007,0.248854,-0.014955,9.877572
1755402255009,0.263211,-0.007777,9.894321
1755402255012,0.22014,-0.007777,9.865608
1755402255013,0.246461,-0.036491,9.870394
1755402255016,0.277567,0.025723,9.906285
1755402255018,0.291924,-0.014955,9.896714
1755402255021,0.253639,-0.019741,9.889536
1755402255023,0.277567,-0.036491,9.865608
1755402255025,0.265603,-0.014955,9.863214
1755402255028,0.253639,-0.005384,9.872787
1755402255031,0.289532,-0.000598,9.856036
1755402255033,0.263211,-0.024526,9.899107
1755402255035,0.277567,0.028116,9.858429
1755402255038,0.291924,-0.007777,9.891929
1755402255040,0.289532,-0.010169,9.896714
1755402255044,0.248854,0.004187,9.891929
1755402255045,0.289532,-0.043669,9.9015
1755402255047,0.265603,-0.041276,9.875179
1755402255049,0.282353,-0.012562,9.887143
1755402255052,0.277567,-0.038883,9.856036
1755402255054,0.265603,-0.017348,9.870394
1755402255056,0.291924,-0.010169,9.882358
1755402255059,0.277567,-0.005384,9.868001
1755402255061,0.303888,-0.026919,9.863214
1755402255064,0.289532,-0.012562,9.894321
1755402255066,0.272782,0.001795,9.870394
1755402255069,0.267996,-0.024526,9.889536
1755402255071,0.270389,0.016152,9.877572
1755402255073,0.27996,-0.012562,9.903893
1755402255075,0.289532,-0.017348,9.865608
1755402255078,0.246461,-0.022134,9.887143
1755402255080,0.260818,0.001795,9.865608
1755402255083,0.258425,-0.024526,9.894321
1755402255085,0.282353,-0.012562,9.856036
1755402255088,0.258425,-0.005384,9.865608
1755402255090,0.303888,-0.010169,9.889536
1755402255093,0.31346,-0.012562,9.879965
1755402255095,0.267996,-0.031705,9.877572
1755402255097,0.311067,-0.017348,9.868001
1755402255100,0.284746,-0.017348,9.863214
1755402255103,0.272782,0.00658,9.856036
1755402255105,0.272782,0.00658,9.889536
1755402255107,0.277567,-0.043669,9.889536
1755402255109,0.287139,-0.055633,9.877572
1755402255113,0.258425,-0.019741,9.896714
1755402255115,0.284746,-0.014955,9.889536
1755402255117,0.272782,-0.036491,9.868001
1755402255119,0.301496,-0.012562,9.875179
1755402255121,0.29671,0.001795,9.870394
1755402255124,0.258425,-0.012562,9.882358
1755402255126,0.265603,0.004187,9.88475
1755402255129,0.291924,-0.007777,9.891929
1755402255131,0.275175,0.00658,9.887143
1755402255133,0.320638,-0.010169,9.906285
1755402255135,0.299103,-0.022134,9.889536
1755402255139,0.275175,-0.038883,9.891929
1755402255140,0.272782,-0.012562,9.863214
1755402255143,0.287139,-0.029312,9.879965
1755402255146,0.265603,-0.031705,9.889536
1755402255149,0.251246,-0.038883,9.882358
1755402255150,0.258425,-0.041276,9.868001
1755402255152,0.308674,0.011366,9.863214
1755402255155,0.284746,-0.012562,9.870394
1755402255157,0.289532,-0.019741,9.872787
1755402255160,0.301496,0.013759,9.891929
1755402255163,0.277567,0.00658,9.877572
1755402255165,0.260818,-0.034098,9.870394
1755402255167,0.256032,-0.024526,9.860822
1755402255170,0.244068,-0.026919,9.887143
1755402255171,0.289532,-0.000598,9.872787
1755402255174,0.308674,-0.019741,9.863214
1755402255177,0.263211,-0.031705,9.848858
1755402255180,0.267996,-0.022134,9.879965
1755402255181,0.299103,-0.002991,9.88475
1755402255184,0.308674,-0.012562,9.882358
1755402255186,0.260818,-0.007777,9.872787
1755402255189,0.258425,-0.026919,9.899107
1755402255191,0.303888,-0.026919,9.863214
1755402255193,0.267996,-0.046062,9.88475
1755402255195,0.260818,-0.022134,9.856036
1755402255198,0.227318,-0.012562,9.870394
1755402255200,0.282353,-0.010169,9.88475
1755402255203,0.299103,-0.043669,9.870394
1755402255205,0.282353,-0.036491,9.863214
1755402255207,0.260818,0.001795,9.894321
1755402255210,0.284746,-0.034098,9.875179
1755402255212,0.258425,-0.014955,9.891929
1755402255215,0.29671,0.018544,9.856036
1755402255217,0.267996,-0.002991,9.877572
1755402255219,0.294317,-0.005384,9.875179
1755402255222,0.289532,-0.029312,9.891929
1755402255224,0.270389,-0.012562,9.865608
1755402255226,0.256032,-0.017348,9.889536
1755402255229,0.287139,-0.034098,9.858429
1755402255231,0.275175,-0.014955,9.894321
1755402255235,0.289532,-0.024526,9.896714
1755402255237,0.294317,-0.024526,9.870394
1755402255239,0.272782,-0.017348,9.856036
1755402255241,0.277567,-0.007777,9.875179
1755402255243,0.282353,-0.010169,9.891929
1755402255246,0.289532,-0.026919,9.872787
1755402255249,0.277567,-0.048455,9.894321
1755402255252,0.294317,-0.038883,9.868001
1755402255253,0.272782,-0.000598,9.870394
1755402255255,0.301496,-0.019741,9.875179
1755402255258,0.282353,-0.014955,9.868001
1755402255260,0.258425,-0.031705,9.882358
1755402255263,0.284746,-0.026919,9.925428
1755402255265,0.291924,-0.017348,9.911072
1755402255267,0.29671,-0.046062,9.879965
1755402255270,0.294317,-0.029312,9.9015
1755402255272,0.272782,-0.012562,9.868001
1755402255274,0.263211,-0.038883,9.887143
1755402255277,0.267996,-0.014955,9.882358
1755402255279,0.251246,-0.029312,9.9015
1755402255282,0.294317,-0.029312,9.891929
1755402255284,0.275175,-0.029312,9.887143
1755402255287,0.272782,-0.046062,9.793823
1755402255289,0.232104,-0.029312,9.995119
1755402255292,0.346959,0.025723,9.743574
1755402255294,0.188734,0.016152,10.102797
1755402255296,0.31346,-0.014955,9.686146
1755402255299,0.265603,-0.089133,10.019048
1755402255301,0.31346,0.020937,9.91825
1755402255303,0.294317,0.032901,9.882358
1755402255306,0.289532,-0.096311,9.856036
1755402255308,0.308674,-0.046062,9.872787
1755402255310,0.272782,0.001795,9.91825
1755402255313,0.258425,0.030508,9.903893
1755402255316,0.291924,-0.081954,9.868001
1755402255318,0.29671,-0.041276,9.815358
1755402255320,0.301496,0.004187,9.925428
1755402255323,0.334995,0.001795,9.734002
1755402255325,0.258425,-0.081954,9.999905
1755402255327,0.325424,0.032901,9.77468
1755402255330,0.22014,0.008973,9.97837
1755402255333,0.294317,-0.022134,9.829716
1755402255336,0.260818,0.008973,9.952048
1755402255337,0.306281,-0.041276,9.793823
1755402255340,0.260818,-0.06999,9.923036
1755402255343,0.291924,0.011366,9.875179
1755402255344,0.258425,-0.017348,9.877572
1755402255346,0.311067,-0.034098,9.875179
1755402255350,0.270389,-0.048455,9.887143
1755402255352,0.29671,-0.019741,9.877572
1755402255354,0.275175,0.00658,9.937392
1755402255356,0.263211,-0.024526,9.817751
1755402255358,0.253639,-0.017348,9.925428
1755402255361,0.282353,-0.041276,9.805787
1755402255363,0.260818,-0.022134,9.894321
1755402255367,0.277567,-0.019741,9.872787
1755402255371,0.248854,-0.022134,9.848858
1755402255372,0.265603,-0.005384,9.858429
1755402255373,0.265603,-0.029312,9.939785
1755402255375,0.308674,-0.007777,9.846465
1755402255377,0.246461,-0.026919,9.942178
1755402255380,0.27996,-0.031705,9.822537
1755402255382,0.301496,-0.034098,9.896714
1755402255385,0.287139,-0.026919,9.877572
1755402255388,0.248854,-0.005384,9.899107
1755402255390,0.27996,0.00658,9.872787
1755402255392,0.299103,-0.012562,9.894321
1755402255394,0.301496,-0.038883,9.877572
1755402255397,0.315853,0.011366,9.851251
1755402255399,0.251246,-0.012562,9.949656
1755402255402,0.291924,-0.017348,9.82493
1755402255404,0.265603,-0.010169,9.9015
1755402255407,0.294317,-0.034098,9.863214
1755402255409,0.306281,-0.007777,9.860822
1755402255411,0.275175,-0.048455,9.896714
1755402255414,0.308674,-0.010169,9.899107
1755402255416,0.284746,-0.007777,9.84168
1755402255419,0.265603,-0.010169,9.920643
1755402255421,0.275175,-0.019741,9.856036
1755402255423,0.253639,-0.019741,9.903893
1755402255427,0.287139,-0.034098,9.889536
1755402255428,0.29671,-0.012562,9.9015
1755402255430,0.275175,-0.007777,9.846465
1755402255433,0.29671,0.037687,9.906285
1755402255436,0.289532,-0.041276,9.870394
1755402255438,0.27996,-0.029312,9.930214
1755402255441,0.270389,-0.005384,9.971191
1755402255442,0.308674,0.011366,9.734002
1755402255445,0.272782,-0.055633,9.964012
1755402255447,0.323031,0.00658,9.726824
1755402255449,0.205783,-0.007777,9.964012
1755402255453,0.291924,0.008973,9.879965
1755402255455,0.303888,-0.043669,9.820144
1755402255457,0.229711,-0.060419,10.007083
1755402255459,0.323031,0.05683,9.757931
1755402255462,0.248854,-0.038883,9.927821
1755402255464,0.291924,-0.022134,9.820144
1755402255466,0.260818,-0.055633,9.889536
1755402255469,0.260818,0.018544,9.915857
1755402255473,0.267996,-0.041276,9.848858
1755402255474,0.31346,-0.022134,9.863214
1755402255476,0.267996,-0.024526,9.911072
1755402255478,0.27996,-0.012562,9.865608
1755402255480,0.284746,0.054437,9.925428
1755402255483,0.248854,-0.067597,9.815358
1755402255488,0.31346,-0.019741,9.860822
1755402255489,0.311067,-0.019741,9.911072
1755402255490,0.229711,-0.029312,9.887143
1755402255493,0.277567,0.016152,9.906285
1755402255495,0.287139,-0.062812,9.829716
1755402255497,0.272782,-0.031705,9.853643
1755402255500,0.272782,-0.002991,9.844072
1755402255503,0.284746,-0.034098,9.889536
1755402255505,0.270389,0.020937,10.00469
1755402255508,0.308674,-0.026919,9.753145
1755402255509,0.239282,-0.05324,9.952048
1755402255512,0.311067,0.00658,9.769895
1755402255514,0.217747,-0.017348,9.915857
1755402255517,0.277567,0.030508,9.997512
1755402255520,0.303888,-0.000598,9.702896
1755402255523,0.222533,-0.074776,9.966406
1755402255525,0.323031,0.004187,9.803394
1755402255526,0.239282,-0.067597,9.827323
1755402255529,0.306281,-0.048455,10.042975
1755402255531,0.320638,0.013759,9.698111
1755402255534,0.239282,-0.031705,10.033404
1755402255537,0.33021,0.02333,9.836894
1755402255539,0.253639,-0.024526,9.82493
1755402255541,0.253639,-0.089133,9.88475
1755402255544,0.332602,-0.000598,9.832108
1755402255545,0.260818,-0.036491,9.956834
1755402255548,0.263211,0.011366,9.860822
1755402255550,0.308674,-0.007777,9.789038
1755402255553,0.246461,-0.084347,9.891929
1755402255556,0.31346,-0.014955,9.839287
1755402255558,0.260818,-0.029312,9.987941
1755402255560,0.248854,-0.000598,9.810573
1755402255562,0.306281,0.004187,9.875179
1755402255565,0.282353,-0.098704,9.879965
1755402255567,0.270389,-0.000598,9.872787
1755402255569,0.299103,0.020937,9.97837
1755402255572,0.291924,-0.019741,9.798609
1755402255575,0.303888,0.013759,9.887143
1755402255577,0.275175,-0.05324,9.896714
1755402255579,0.301496,-0.017348,9.879965
1755402255581,0.289532,-0.014955,9.9015
1755402255584,0.284746,-0.010169,9.817751
1755402255586,0.284746,0.018544,9.908679
1755402255589,0.27996,-0.065204,9.848858
1755402255591,0.287139,-0.048455,9.903893
1755402255593,0.311067,-0.000598,9.894321
1755402255595,0.267996,-0.055633,9.829716
1755402255598,0.308674,0.035294,9.927821
1755402255601,0.272782,-0.048455,9.848858
1755402255603,0.251246,-0.046062,9.913465
1755402255606,0.289532,-0.000598,9.796216
1755402255608,0.246461,-0.017348,9.875179
1755402255610,0.263211,0.04008,9.992726
1755402255612,0.263211,0.001795,9.848858
1755402255615,0.246461,-0.05324,9.915857
1755402255618,0.318245,-0.043669,9.726824
1755402255619,0.251246,-0.041276,9.875179
1755402255622,0.258425,0.037687,10.047761
1755402255624,0.315853,0.025723,9.829716
1755402255627,0.236889,-0.062812,9.932607
1755402255629,0.320638,-0.05324,9.717253
1755402255632,0.270389,-0.060419,9.863214
1755402255634,0.272782,0.016152,10.009477
1755402255636,0.294317,0.00658,9.839287
1755402255639,0.253639,-0.026919,9.954441
1755402255643,0.29671,-0.036491,9.702896
1755402255644,0.270389,-0.091525,9.865608
1755402255646,0.256032,0.02333,10.045368
1755402255648,0.275175,0.04008,9.815358
1755402255651,0.212961,-0.05324,9.971191
1755402255653,0.294317,-0.005384,9.755538
1755402255656,0.246461,-0.06999,9.829716
1755402255659,0.248854,-0.010169,10.026226
1755402255660,0.318245,0.047258,9.765109
1755402255663,0.188734,-0.077169,9.999905
1755402255665,0.303888,-0.005384,9.903893
1755402255667,0.31346,-0.019741,9.79143
1755402255670,0.234497,-0.079561,9.930214
1755402255673,0.361316,0.037687,9.77468
1755402255675,0.267996,-0.022134,9.903893
1755402255677,0.294317,-0.041276,9.801002
1755402255679,0.287139,0.011366,10.050154
1755402255682,0.306281,-0.000598,9.798609
1755402255684,0.241675,-0.041276,9.987941
1755402255687,0.358923,-0.005384,9.894321
1755402255690,0.236889,-0.002991,9.810573
1755402255693,0.239282,-0.110668,9.939785
1755402255694,0.308674,0.004187,9.805787
1755402255696,0.241675,-0.014955,9.964012
1755402255699,0.29671,-0.022134,9.726824
1755402255701,0.258425,-0.048455,10.033404
1755402255703,0.320638,0.037687,9.786645
1755402255707,0.217747,-0.014955,9.97837
1755402255711,0.272782,-0.062812,9.762716
1755402255712,0.248854,-0.019741,10.05494
1755402255713,0.315853,0.083151,9.741181
1755402255716,0.232104,-0.050847,10.011869
1755402255718,0.356531,-0.05324,9.762716
1755402255720,0.244068,0.008973,10.035797
1755402255724,0.318245,0.02333,9.736395
1755402255729,0.20339,-0.089133,10.009477
1755402255731,0.320638,-0.012562,9.834501
1755402255732,0.244068,-0.012562,9.906285
1755402255733,0.287139,-0.029312,9.839287
1755402255735,0.272782,-0.036491,9.908679
1755402255737,0.29671,-0.019741,9.868001
1755402255741,0.239282,0.016152,9.913465
1755402255744,0.315853,-0.019741,9.851251
1755402255745,0.270389,-0.029312,9.925428
1755402255747,0.27996,-0.022134,9.84168
1755402255749,0.270389,-0.017348,9.91825
1755402255751,0.320638,-0.055633,9.848858
1755402255754,0.267996,-0.005384,9.899107
1755402255756,0.275175,-0.022134,9.870394
1755402255761,0.253639,-0.022134,9.9015
1755402255763,0.299103,0.008973,9.872787
1755402255764,0.29671,-0.017348,9.863214
1755402255766,0.308674,-0.034098,9.906285
1755402255768,0.277567,-0.029312,9.870394
1755402255770,0.272782,-0.031705,9.856036
1755402255773,0.320638,-0.017348,9.84168
1755402255775,0.294317,-0.012562,9.903893
1755402255778,0.27996,-0.031705,9.829716
1755402255782,0.282353,-0.067597,9.908679
1755402255783,0.289532,-0.029312,9.865608
1755402255785,0.27996,-0.046062,9.896714
1755402255787,0.289532,-0.010169,9.863214
1755402255790,0.294317,-0.031705,9.915857
1755402255793,0.270389,-0.010169,9.846465
1755402255794,0.275175,-0.007777,9.896714
1755402255798,0.306281,0.008973,9.860822
1755402255799,0.289532,-0.034098,9.911072
1755402255802,0.248854,-0.046062,9.88475
1755402255804,0.272782,-0.014955,9.9015
1755402255806,0.294317,-0.012562,9.877572
1755402255809,0.29671,0.013759,9.915857
1755402255811,0.27996,-0.002991,9.858429
1755402255813,0.289532,-0.005384,9.899107
1755402255816,0.306281,0.004187,9.887143
1755402255819,0.291924,-0.007777,9.875179
1755402255821,0.291924,-0.034098,9.877572
1755402255823,0.258425,-0.038883,9.882358
1755402255827,0.277567,0.011366,9.875179
1755402255828,0.294317,-0.036491,9.879965
1755402255831,0.301496,-0.029312,9.88475
1755402255833,0.287139,0.004187,9.896714
1755402255835,0.291924,-0.017348,9.846465
1755402255838,0.29671,-0.029312,9.872787
1755402255840,0.282353,-0.022134,9.877572
1755402255843,0.27996,-0.034098,9.870394
1755402255845,0.236889,-0.014955,9.875179
1755402255847,0.258425,-0.007777,9.856036
1755402255851,0.315853,-0.019741,9.894321
1755402255852,0.294317,0.013759,9.877572
1755402255855,0.323031,0.00658,9.877572
1755402255857,0.284746,-0.010169,9.879965
1755402255860,0.256032,-0.038883,9.875179
1755402255863,0.282353,-0.036491,9.896714
1755402255864,0.289532,0.028116,9.891929
1755402255867,0.299103,-0.029312,9.894321
1755402255869,0.325424,0.004187,9.863214
1755402255871,0.303888,-0.002991,9.9015
1755402255874,0.263211,-0.019741,9.872787
1755402255878,0.27996,-0.024526,9.872787
1755402255880,0.263211,0.004187,9.860822
1755402255881,0.301496,-0.014955,9.868001
1755402255883,0.272782,-0.026919,9.860822
1755402255885,0.258425,-0.014955,9.891929
1755402255888,0.294317,-0.007777,9.872787
1755402255890,0.294317,-0.029312,9.875179
1755402255894,0.299103,-0.029312,9.887143
1755402255897,0.282353,-0.041276,9.887143
1755402255898,0.308674,-0.019741,9.887143
1755402255900,0.27996,-0.041276,9.889536
1755402255903,0.277567,-0.050847,9.882358
1755402255905,0.275175,-0.005384,9.891929
1755402255907,0.229711,-0.014955,9.875179
1755402255911,0.270389,-0.005384,9.875179
1755402255913,0.258425,-0.007777,9.891929
1755402255915,0.246461,0.011366,9.877572
1755402255917,0.258425,-0.007777,9.9015
1755402255919,0.275175,-0.019741,9.868001
1755402255922,0.265603,-0.007777,9.882358
1755402255924,0.303888,-0.010169,9.894321
1755402255927,0.260818,-0.012562,9.877572
1755402255929,0.27996,-0.050847,9.863214
