1755402729246,0.263211,-0.014955,9.872787
1755402729248,0.267996,-0.034098,9.882358
1755402729249,0.244068,0.001795,9.88475
1755402729250,0.289532,0.001795,9.872787
1755402729251,0.270389,-0.010169,9.896714
1755402729251,0.265603,-0.031705,9.891929
1755402729252,0.27996,-0.043669,9.88475
1755402729253,0.267996,-0.019741,9.863214
1755402729254,0.275175,-0.034098,9.903893
1755402729255,0.318245,-0.041276,9.894321
1755402729256,0.299103,-0.014955,9.872787
1755402729256,0.239282,-0.036491,9.879965
1755402729257,0.284746,-0.029312,9.889536
1755402729259,0.287139,-0.022134,9.891929
1755402729259,0.282353,-0.019741,9.860822
1755402729260,0.27996,-0.038883,9.882358
1755402729261,0.282353,-0.019741,9.891929
1755402729262,0.253639,-0.014955,9.863214
1755402729263,0.270389,-0.010169,9.887143
1755402729264,0.272782,-0.024526,9.882358
1755402729265,0.282353,-0.026919,9.872787
1755402729265,0.303888,0.004187,9.858429
1755402729266,0.284746,-0.002991,9.877572
1755402729267,0.311067,-0.017348,9.872787
1755402729268,0.284746,-0.002991,9.875179
1755402729269,0.270389,-0.029312,9.875179
1755402729270,0.284746,-0.031705,9.891929
1755402729271,0.301496,-0.055633,9.887143
1755402729272,0.267996,-0.014955,9.877572
1755402729272,0.265603,-0.017348,9.88475
1755402729273,0.306281,-0.017348,9.906285
1755402729273,0.318245,-0.029312,9.889536
1755402729273,0.270389,0.001795,9.891929
1755402729274,0.270389,-0.000598,9.865608
1755402729274,0.251246,-0.014955,9.887143
1755402729275,0.27996,-0.055633,9.889536
1755402729275,0.277567,-0.010169,9.887143
1755402729275,0.275175,-0.034098,9.891929
1755402729276,0.270389,-0.043669,9.875179
1755402729276,0.256032,-0.026919,9.877572
1755402729277,0.265603,-0.043669,9.88475
1755402729277,0.265603,-0.031705,9.865608
1755402729277,0.289532,-0.029312,9.889536
1755402729278,0.277567,-0.012562,9.875179
1755402729281,0.289532,-0.026919,9.870394
1755402729281,0.272782,-0.036491,9.891929
1755402729284,0.270389,-0.007777,9.872787
1755402729286,0.241675,-0.022134,9.872787
1755402729289,0.272782,0.004187,9.879965
1755402729290,0.308674,0.008973,9.872787
1755402729293,0.277567,0.001795,9.894321
1755402729296,0.263211,-0.005384,9.889536
1755402729298,0.291924,-0.010169,9.88475
1755402729301,0.29671,-0.002991,9.908679
1755402729308,0.282353,-0.014955,9.894321
1755402729309,0.29671,-0.017348,9.877572
1755402729310,0.284746,-0.012562,9.877572
1755402729314,0.251246,-0.041276,9.891929
1755402729315,0.294317,-0.000598,9.891929
1755402729316,0.239282,-0.019741,9.891929
1755402729317,0.287139,-0.046062,9.88475
1755402729320,0.272782,-0.029312,9.882358
1755402729322,0.301496,-0.029312,9.858429
1755402729324,0.27996,-0.017348,9.879965
1755402729326,0.284746,-0.007777,9.88475
1755402729329,0.29671,-0.038883,9.868001
1755402729332,0.308674,-0.000598,9.889536
1755402729334,0.27996,-0.010169,9.868001
1755402729338,0.27996,0.004187,9.896714
1755402729339,0.299103,-0.002991,9.882358
1755402729341,0.277567,-0.017348,9.863214
1755402729343,0.287139,-0.041276,9.899107
1755402729346,0.303888,0.00658,9.879965
1755402729348,0.29671,-0.010169,9.872787
1755402729350,0.294317,-0.014955,9.865608
1755402729354,0.299103,-0.022134,9.875179
1755402729355,0.291924,-0.034098,9.879965
1755402729358,0.289532,-0.048455,9.875179
1755402729360,0.306281,-0.005384,9.877572
1755402729363,0.275175,-0.038883,9.879965
1755402729365,0.294317,-0.000598,9.870394
1755402729367,0.325424,-0.019741,9.860822
1755402729370,0.294317,-0.026919,9.877572
1755402729372,0.33021,-0.041276,9.896714
1755402729374,0.306281,0.011366,9.870394
1755402729377,0.265603,-0.012562,9.858429
1755402729379,0.270389,-0.017348,9.870394
1755402729382,0.275175,-0.026919,9.9015
1755402729384,0.289532,-0.017348,9.891929
1755402729387,0.29671,-0.024526,9.863214
1755402729389,0.256032,0.011366,9.887143
1755402729393,0.315853,-0.017348,9.863214
1755402729394,0.311067,-0.017348,9.865608
1755402729396,0.294317,-0.010169,9.858429
1755402729399,0.282353,-0.019741,9.872787
1755402729401,0.27996,0.00658,9.872787
1755402729403,0.251246,-0.000598,9.891929
1755402729411,0.263211,-0.019741,9.887143
1755402729412,0.282353,-0.034098,9.877572
1755402729413,0.303888,-0.026919,9.899107
1755402729414,0.289532,-0.038883,9.887143
1755402729415,0.287139,-0.010169,9.882358
1755402729418,0.248854,-0.014955,9.860822
1755402729420,0.272782,-0.024526,9.853643
1755402729422,0.284746,-0.031705,9.863214
1755402729425,0.289532,-0.026919,9.882358
1755402729427,0.265603,-0.041276,9.894321
1755402729430,0.294317,-0.002991,9.889536
1755402729432,0.260818,-0.012562,9.903893
1755402729435,0.311067,-0.014955,9.863214
1755402729437,0.289532,-0.05324,9.882358
1755402729441,0.29671,-0.010169,9.868001
1755402729443,0.275175,-0.000598,9.887143
1755402729444,0.258425,-0.06999,9.868001
1755402729447,0.284746,-0.007777,9.9015
1755402729449,0.246461,-0.022134,9.877572
1755402729451,0.258425,-0.010169,9.882358
1755402729454,0.301496,-0.007777,9.872787
1755402729457,0.265603,-0.022134,9.872787
1755402729459,0.272782,-0.046062,9.879965
1755402729461,0.294317,-0.022134,9.877572
1755402729463,0.289532,-0.005384,9.865608
1755402729466,0.303888,0.001795,9.891929
1755402729468,0.284746,-0.000598,9.887143
1755402729470,0.265603,-0.024526,9.875179
1755402729474,0.256032,-0.010169,9.889536
1755402729476,0.256032,-0.041276,9.860822
1755402729478,0.267996,-0.014955,9.887143
1755402729480,0.260818,-0.038883,9.877572
1755402729483,0.31346,-0.007777,9.889536
1755402729485,0.270389,-0.005384,9.875179
1755402729487,0.291924,0.013759,9.882358
1755402729491,0.303888,-0.024526,9.894321
1755402729492,0.27996,-0.024526,9.879965
1755402729495,0.270389,-0.036491,9.858429
1755402729497,0.270389,-0.026919,9.9015
1755402729500,0.260818,-0.036491,9.903893
1755402729501,0.275175,-0.019741,9.872787
1755402729504,0.294317,-0.012562,9.891929
1755402729510,0.325424,-0.012562,9.896714
1755402729511,0.291924,-0.022134,9.887143
1755402729512,0.289532,-0.038883,9.887143
1755402729515,0.282353,-0.007777,9.899107
1755402729516,0.270389,-0.041276,9.920643
1755402729518,0.277567,-0.043669,9.870394
1755402729521,0.265603,0.011366,9.875179
1755402729523,0.289532,-0.022134,9.887143
1755402729526,0.265603,-0.017348,9.882358
1755402729528,0.244068,-0.019741,9.891929
1755402729530,0.265603,-0.022134,9.870394
1755402729533,0.246461,-0.034098,9.877572
1755402729535,0.275175,-0.005384,9.891929
1755402729537,0.265603,-0.014955,9.879965
1755402729540,0.27996,-0.017348,9.879965
1755402729543,0.282353,-0.017348,9.88475
1755402729545,0.272782,-0.022134,9.868001
1755402729547,0.277567,-0.019741,9.889536
1755402729550,0.260818,-0.019741,9.863214
1755402729552,0.27996,-0.017348,9.88475
1755402729554,0.284746,-0.022134,9.88475
1755402729556,0.299103,-0.034098,9.872787
1755402729559,0.306281,-0.019741,9.877572
1755402729562,0.277567,-0.022134,9.88475
1755402729564,0.294317,-0.026919,9.891929
1755402729566,0.263211,-0.019741,9.882358
1755402729569,0.284746,-0.010169,9.853643
1755402729571,0.287139,-0.034098,9.887143
1755402729574,0.299103,-0.034098,9.889536
1755402729576,0.270389,-0.055633,9.88475
1755402729579,0.311067,-0.036491,9.887143
1755402729581,0.256032,-0.029312,9.906285
1755402729583,0.301496,-0.002991,9.882358
1755402729586,0.267996,-0.002991,9.891929
1755402729588,0.299103,-0.034098,9.88475
1755402729591,0.265603,-0.019741,9.875179
1755402729593,0.267996,-0.031705,9.879965
1755402729595,0.289532,-0.026919,9.88475
1755402729598,0.251246,0.004187,9.858429
1755402729600,0.244068,-0.036491,9.889536
1755402729602,0.294317,-0.038883,9.879965
1755402729605,0.29671,-0.050847,9.875179
1755402729607,0.318245,-0.026919,9.858429
1755402729610,0.270389,-0.038883,9.882358
1755402729612,0.289532,-0.041276,9.860822
1755402729614,0.287139,-0.036491,9.896714
1755402729617,0.272782,0.020937,9.911072
1755402729619,0.267996,-0.007777,9.844072
1755402729622,0.236889,-0.031705,9.877572
1755402729624,0.301496,-0.022134,9.891929
1755402729626,0.270389,-0.010169,9.88475
1755402729629,0.294317,-0.038883,9.877572
1755402729631,0.29671,-0.046062,9.889536
1755402729633,0.272782,-0.043669,9.896714
1755402729636,0.224925,-0.012562,9.863214
1755402729638,0.277567,-0.014955,9.868001
1755402729640,0.263211,-0.048455,9.863214
1755402729644,0.294317,-0.046062,9.894321
1755402729646,0.27996,-0.022134,9.9015
1755402729648,0.265603,-0.05324,9.875179
1755402729650,0.284746,-0.002991,9.882358
1755402729652,0.291924,-0.024526,9.863214
1755402729655,0.275175,-0.029312,9.899107
1755402729657,0.282353,-0.036491,9.882358
1755402729660,0.236889,-0.005384,9.877572
1755402729663,0.265603,-0.038883,9.863214
1755402729664,0.277567,-0.036491,9.872787
1755402729667,0.263211,-0.000598,9.863214
1755402729669,0.284746,-0.017348,9.891929
1755402729671,0.267996,-0.031705,9.872787
1755402729674,0.282353,-0.007777,9.899107
1755402729678,0.289532,-0.046062,9.887143
1755402729679,0.265603,-0.022134,9.899107
1755402729681,0.291924,-0.002991,9.882358
1755402729683,0.29671,-0.034098,9.887143
1755402729686,0.267996,-0.038883,9.877572
1755402729688,0.29671,-0.026919,9.875179
1755402729691,0.258425,-0.002991,9.865608
1755402729696,0.251246,-0.031705,9.9015
1755402729697,0.294317,-0.014955,9.887143
1755402729698,0.284746,-0.034098,9.903893
1755402729700,0.275175,-0.031705,9.899107
1755402729703,0.277567,-0.026919,9.872787
1755402729705,0.246461,-0.046062,9.906285
1755402729707,0.275175,-0.029312,9.887143
1755402729710,0.267996,-0.019741,9.882358
1755402729713,0.277567,-0.034098,9.887143
1755402729715,0.267996,-0.06999,9.88475
1755402729717,0.277567,-0.002991,9.887143
1755402729719,0.308674,-0.022134,9.887143
1755402729722,0.289532,-0.010169,9.894321
1755402729724,0.291924,-0.034098,9.868001
1755402729727,0.320638,-0.019741,9.877572
1755402729730,0.275175,-0.019741,9.877572
1755402729732,0.275175,0.004187,9.870394
1755402729734,0.253639,0.001795,9.889536
1755402729737,0.272782,-0.024526,9.865608
1755402729739,0.287139,-0.041276,9.870394
1755402729741,0.260818,-0.002991,9.865608
1755402729744,0.284746,-0.031705,9.872787
1755402729746,0.272782,-0.024526,9.872787
1755402729749,0.289532,-0.005384,9.875179
1755402729751,0.294317,-0.038883,9.875179
1755402729753,0.248854,-0.014955,9.875179
1755402729755,0.270389,-0.005384,9.875179
1755402729758,0.299103,-0.019741,9.891929
1755402729760,0.27996,-0.026919,9.863214
1755402729763,0.253639,-0.022134,9.88475
1755402729766,0.263211,-0.022134,9.879965
1755402729767,0.253639,-0.038883,9.879965
1755402729770,0.265603,-0.043669,9.872787
1755402729772,0.270389,-0.036491,9.868001
1755402729775,0.267996,-0.029312,9.875179
1755402729777,0.282353,-0.017348,9.879965
1755402729781,0.27996,-0.014955,9.879965
1755402729783,0.289532,-0.010169,9.882358
1755402729786,0.263211,-0.012562,9.865608
1755402729787,0.277567,0.001795,9.877572
1755402729789,0.306281,-0.017348,9.870394
1755402729791,0.275175,-0.022134,9.882358
1755402729794,0.311067,-0.046062,9.875179
1755402729798,0.272782,-0.017348,9.9015
1755402729799,0.270389,-0.002991,9.882358
1755402729801,0.287139,-0.031705,9.870394
1755402729803,0.301496,-0.031705,9.872787
1755402729806,0.272782,-0.007777,9.882358
1755402729808,0.267996,-0.055633,9.887143
1755402729810,0.301496,-0.019741,9.860822
1755402729813,0.287139,-0.034098,9.894321
1755402729815,0.301496,-0.002991,9.911072
1755402729818,0.258425,-0.007777,9.858429
1755402729820,0.256032,-0.012562,9.882358
1755402729822,0.289532,-0.031705,9.882358
1755402729825,0.287139,-0.029312,9.860822
1755402729827,0.294317,-0.014955,9.879965
1755402729831,0.282353,-0.043669,9.913465
1755402729834,0.265603,-0.046062,9.875179
1755402729835,0.267996,-0.041276,9.868001
1755402729837,0.265603,-0.019741,9.872787
1755402729840,0.27996,-0.002991,9.896714
1755402729842,0.291924,-0.012562,9.882358
1755402729844,0.256032,-0.022134,9.875179
1755402729848,0.260818,-0.038883,9.882358
1755402729850,0.27996,-0.014955,9.872787
1755402729851,0.306281,-0.010169,9.899107
1755402729854,0.267996,-0.019741,9.88475
1755402729856,0.267996,-0.043669,9.879965
1755402729858,0.277567,-0.005384,9.860822
1755402729861,0.253639,-0.017348,9.983155
1755402729864,0.31346,0.02333,9.729217
1755402729866,0.258425,-0.117847,9.985548
1755402729868,0.334995,-0.002991,9.769895
1755402729871,0.232104,-0.007777,9.990334
1755402729873,0.291924,-0.007777,9.846465
1755402729875,0.277567,-0.034098,9.927821
1755402729878,0.291924,0.008973,9.834501
1755402729881,0.272782,-0.062812,9.88475
1755402729884,0.289532,-0.026919,9.860822
1755402729885,0.275175,0.054437,9.956834
1755402729887,0.232104,-0.06999,9.80818
1755402729890,0.325424,-0.062812,9.815358
1755402729892,0.294317,-0.029312,9.985548
1755402729894,0.33021,-0.010169,9.724431
1755402729897,0.272782,-0.048455,10.057333
1755402729900,0.356531,0.044865,9.817751
1755402729902,0.232104,-0.017348,10.011869
1755402729904,0.349352,-0.007777,9.734002
1755402729907,0.265603,-0.084347,9.954441
1755402729909,0.308674,0.020937,9.817751
1755402729911,0.258425,0.008973,10.007083
1755402729913,0.299103,-0.014955,9.722038
1755402729916,0.251246,-0.077169,9.97837
1755402729918,0.294317,0.071186,9.848858
1755402729921,0.234497,0.016152,9.97837
1755402729923,0.277567,-0.055633,9.79143
1755402729926,0.287139,-0.062812,9.925428
1755402729928,0.244068,0.044865,9.853643
1755402729930,0.258425,0.028116,9.908679
1755402729933,0.31346,-0.036491,9.844072
1755402729935,0.308674,-0.067597,9.896714
1755402729938,0.277567,-0.017348,9.844072
1755402729940,0.29671,-0.010169,9.9015
1755402729942,0.299103,-0.012562,9.853643
1755402729945,0.299103,-0.024526,9.877572
1755402729949,0.248854,0.004187,9.865608
1755402729951,0.287139,-0.005384,9.908679
1755402729952,0.337388,-0.022134,9.954441
1755402729955,0.270389,-0.017348,9.875179
1755402729957,0.315853,-0.014955,9.891929
1755402729959,0.303888,-0.041276,9.908679
1755402729962,0.289532,0.004187,9.875179
1755402729964,0.287139,-0.019741,9.896714
1755402729967,0.294317,-0.029312,9.896714
1755402729969,0.301496,-0.036491,9.877572
1755402729971,0.289532,-0.026919,9.891929
1755402729974,0.284746,-0.041276,9.887143
1755402729976,0.311067,-0.000598,9.887143
1755402729978,0.275175,-0.026919,9.891929
1755402729981,0.258425,-0.000598,9.839287
1755402729984,0.315853,-0.034098,9.942178
1755402729986,0.289532,-0.012562,9.860822
1755402729988,0.284746,-0.026919,9.887143
1755402729991,0.318245,0.004187,9.891929
1755402729993,0.299103,-0.022134,9.896714
1755402729995,0.291924,-0.046062,9.851251
1755402729997,0.267996,-0.036491,9.908679
1755402730000,0.275175,0.018544,9.9015
1755402730003,0.260818,-0.022134,9.906285
1755402730005,0.287139,-0.019741,9.789038
1755402730007,0.236889,-0.058026,10.014262
1755402730009,0.301496,0.035294,9.777073
1755402730012,0.244068,-0.050847,10.023833
1755402730014,0.31346,0.049651,9.729217
1755402730017,0.224925,-0.091525,9.939785
1755402730019,0.277567,0.025723,9.817751
1755402730021,0.272782,-0.024526,9.949656
1755402730024,0.275175,0.042473,9.848858
1755402730026,0.265603,-0.084347,9.891929
1755402730029,0.277567,-0.043669,9.875179
1755402730031,0.342174,0.001795,9.872787
1755402730035,0.208176,0.028116,9.97837
1755402730036,0.344566,0.001795,9.784252
1755402730038,0.224925,-0.034098,10.023833
1755402730041,0.351745,-0.031705,9.705289
1755402730043,0.186341,-0.050847,10.031012
1755402730045,0.368495,0.04008,9.74836
1755402730048,0.200997,-0.010169,10.035797
1755402730050,0.354138,-0.029312,9.650253
1755402730053,0.181555,-0.096311,9.997512
1755402730055,0.325424,0.047258,9.736395
1755402730058,0.162413,-0.038883,10.014262
1755402730060,0.332602,-0.019741,9.700503
1755402730062,0.174377,-0.101097,10.016655
1755402730065,0.311067,-0.000598,9.724431
1755402730067,0.241675,-0.022134,9.980762
1755402730072,0.37328,0.004187,9.784252
1755402730074,0.253639,-0.101097,10.002297
1755402730075,0.291924,-0.014955,9.686146
1755402730077,0.22014,-0.019741,9.997512
1755402730079,0.334995,0.042473,9.820144
1755402730081,0.22014,-0.074776,9.985548
1755402730084,0.334995,-0.024526,9.815358
1755402730087,0.272782,-0.072383,9.939785
1755402730090,0.282353,0.028116,9.796216
1755402730091,0.311067,-0.038883,9.889536
1755402730094,0.275175,-0.050847,9.877572
1755402730096,0.31346,-0.038883,9.853643
1755402730098,0.241675,-0.058026,9.954441
1755402730100,0.299103,0.02333,9.817751
1755402730105,0.227318,-0.046062,9.942178
1755402730106,0.265603,-0.031705,9.822537
1755402730108,0.251246,-0.06999,9.911072
1755402730111,0.277567,-0.012562,9.858429
1755402730112,0.270389,-0.012562,9.91825
1755402730115,0.277567,-0.022134,9.858429
1755402730117,0.282353,-0.031705,9.88475
1755402730120,0.289532,0.004187,9.920643
1755402730123,0.282353,0.004187,9.88475
1755402730125,0.277567,-0.019741,9.853643
1755402730127,0.284746,-0.012562,9.894321
1755402730130,0.267996,-0.017348,9.868001
1755402730132,0.282353,0.004187,9.879965
1755402730134,0.29671,-0.043669,9.887143
1755402730137,0.294317,-0.022134,9.887143
1755402730139,0.277567,-0.043669,9.903893
1755402730141,0.294317,-0.010169,9.872787
1755402730144,0.289532,-0.005384,9.882358
1755402730146,0.294317,-0.019741,9.899107
1755402730149,0.29671,-0.019741,9.882358
1755402730151,0.284746,-0.026919,9.9015
1755402730154,0.275175,-0.038883,9.870394
1755402730156,0.244068,-0.026919,9.899107
1755402730158,0.284746,0.011366,9.860822
1755402730161,0.303888,-0.026919,9.908679
1755402730163,0.315853,-0.046062,9.875179
1755402730165,0.287139,-0.019741,9.875179
1755402730167,0.272782,-0.031705,9.88475
1755402730170,0.275175,0.00658,9.899107
1755402730174,0.248854,-0.050847,9.865608
1755402730175,0.275175,-0.019741,9.88475
1755402730177,0.291924,-0.026919,9.915857
1755402730179,0.282353,0.025723,9.9015
1755402730182,0.248854,-0.038883,9.856036
1755402730184,0.289532,-0.010169,9.923036
1755402730188,0.265603,0.004187,9.889536
1755402730189,0.263211,-0.026919,9.894321
1755402730192,0.253639,-0.036491,9.915857
1755402730194,0.33021,-0.034098,9.913465
1755402730196,0.248854,-0.014955,9.812965
1755402730199,0.260818,-0.108275,9.954441
1755402730201,0.346959,0.030508,9.79143
1755402730205,0.215354,-0.10349,9.971191
1755402730207,0.320638,-0.058026,9.755538
1755402730209,0.284746,-0.000598,10.052547
1755402730210,0.239282,0.054437,9.906285
1755402730213,0.33021,-0.043669,9.722038
1755402730216,0.291924,-0.115454,9.992726
1755402730218,0.325424,-0.024526,9.815358
1755402730220,0.263211,0.052044,9.966406
1755402730223,0.253639,-0.058026,9.911072
1755402730225,0.332602,-0.110668,9.760324
1755402730227,0.260818,0.04008,10.057333
1755402730230,0.301496,0.126221,9.839287
1755402730233,0.294317,-0.060419,9.755538
1755402730235,0.244068,-0.098704,9.927821
1755402730237,0.323031,0.071186,9.906285
1755402730240,0.260818,0.087936,9.915857
1755402730243,0.248854,-0.081954,9.868001
1755402730244,0.315853,-0.117847,9.762716
1755402730247,0.258425,0.035294,10.11476
1755402730249,0.284746,0.114257,9.801002
1755402730251,0.284746,-0.098704,9.762716
1755402730254,0.253639,-0.132203,9.932607
1755402730256,0.318245,0.054437,9.903893
1755402730259,0.263211,0.078365,9.868001
1755402730261,0.277567,-0.101097,9.863214
1755402730264,0.332602,-0.127418,9.798609
1755402730266,0.256032,0.083151,10.11476
1755402730268,0.253639,0.104686,9.772287
1755402730271,0.294317,-0.129811,9.750752
1755402730274,0.282353,-0.113061,9.992726
1755402730276,0.325424,0.0999,9.872787
1755402730279,0.244068,0.061615,9.817751
1755402730280,0.258425,-0.148953,9.860822
1755402730283,0.303888,-0.065204,9.9015
1755402730285,0.236889,0.102293,10.014262
1755402730287,0.234497,0.02333,9.793823
1755402730290,0.320638,-0.182453,9.786645
1755402730292,0.287139,-0.000598,10.100404
1755402730295,0.270389,0.104686,9.798609
1755402730297,0.236889,-0.067597,9.836894
1755402730299,0.299103,-0.158524,10.011869
1755402730302,0.332602,0.075972,9.820144
1755402730304,0.260818,0.04008,9.822537
1755402730307,0.27996,-0.153739,9.906285
1755402730309,0.346959,-0.031705,9.930214
1755402730311,0.253639,0.090329,9.832108
1755402730314,0.256032,-0.108275,9.805787
1755402730316,0.337388,-0.084347,9.959227
1755402730318,0.267996,0.0999,9.961619
1755402730321,0.212961,-0.022134,9.729217
1755402730323,0.327817,-0.136989,9.863214
1755402730326,0.315853,0.030508,10.064511
1755402730328,0.244068,0.119043,9.731609
1755402730330,0.258425,-0.158524,9.815358
1755402730333,0.318245,-0.098704,10.126724
1755402730335,0.251246,0.145364,9.726824
1755402730338,0.244068,-0.05324,9.789038
1755402730341,0.344566,-0.153739,10.031012
1755402730343,0.334995,0.078365,9.844072
1755402730345,0.191127,0.04008,9.827323
1755402730347,0.246461,-0.182453,9.908679
1755402730350,0.380459,-0.012562,9.934999
1755402730352,0.212961,0.135793,9.875179
1755402730355,0.256032,-0.10349,9.765109
1755402730358,0.397209,-0.105882,9.947263
1755402730360,0.236889,0.121436,9.915857
1755402730362,0.183948,-0.038883,9.726824
1755402730364,0.342174,-0.091525,9.971191
1755402730367,0.275175,0.073579,9.959227
1755402730369,0.171984,-0.012562,9.702896
1755402730371,0.308674,-0.096311,10.019048
1755402730375,0.366102,0.078365,9.97837
1755402730377,0.217747,-0.024526,9.678967
1755402730379,0.275175,-0.096311,9.995119
1755402730381,0.327817,0.035294,9.980762
1755402730383,0.208176,-0.014955,9.688539
1755402730386,0.311067,-0.081954,10.03819
1755402730388,0.356531,0.054437,9.877572
1755402730392,0.205783,-0.055633,9.772287
1755402730395,0.301496,-0.010169,10.042975
1755402730397,0.323031,0.052044,9.803394
1755402730398,0.217747,-0.101097,9.887143
1755402730400,0.342174,0.018544,9.942178
1755402730402,0.287139,0.018544,9.777073
1755402730405,0.200997,-0.096311,9.959227
1755402730409,0.349352,0.037687,9.827323
1755402730410,0.215354,-0.081954,9.894321
1755402730412,0.210568,-0.058026,9.959227
1755402730414,0.387637,0.066401,9.738789
1755402730417,0.186341,-0.101097,10.019048
1755402730419,0.339781,0.037687,9.860822
1755402730421,0.33021,-0.036491,9.729217
1755402730425,0.200997,-0.048455,10.143475
1755402730427,0.399601,0.049651,9.676575
1755402730429,0.17677,-0.127418,9.954441
1755402730431,0.311067,0.030508,9.952048
1755402730433,0.299103,-0.002991,9.820144
1755402730436,0.215354,-0.06999,9.906285
1755402730438,0.356531,-0.012562,9.803394
1755402730441,0.244068,-0.08674,10.002297
1755402730444,0.258425,0.032901,9.879965
1755402730446,0.318245,-0.014955,9.851251
1755402730449,0.234497,-0.038883,10.031012
1755402730450,0.332602,-0.043669,9.678967
1755402730453,0.258425,-0.058026,9.987941
1755402730455,0.354138,0.032901,9.839287
1755402730457,0.22014,-0.098704,9.942178
1755402730460,0.308674,0.087936,9.793823
1755402730462,0.256032,-0.084347,9.932607
1755402730465,0.272782,-0.002991,9.875179
1755402730467,0.303888,-0.007777,9.812965
1755402730469,0.258425,-0.034098,9.97837
1755402730472,0.346959,-0.000598,9.765109
1755402730474,0.227318,-0.019741,10.042975
1755402730478,0.337388,0.025723,9.690931
1755402730480,0.20339,-0.050847,9.983155
1755402730481,0.29671,0.020937,9.80818
1755402730484,0.212961,-0.058026,9.932607
1755402730486,0.275175,0.016152,9.846465
1755402730488,0.241675,-0.058026,9.877572
1755402730491,0.282353,-0.022134,9.82493
1755402730494,0.27996,-0.046062,9.903893
1755402730496,0.267996,0.075972,9.925428
1755402730498,0.270389,-0.034098,9.877572
1755402730501,0.248854,-0.048455,9.834501
1755402730503,0.284746,-0.029312,9.865608
1755402730505,0.22014,-0.005384,9.949656
1755402730508,0.342174,-0.024526,9.827323
1755402730511,0.232104,-0.034098,9.868001
1755402730515,0.332602,-0.043669,9.868001
1755402730516,0.229711,-0.000598,9.964012
1755402730518,0.323031,0.00658,9.851251
1755402730520,0.241675,-0.046062,9.856036
1755402730522,0.320638,-0.043669,9.856036
1755402730524,0.239282,0.011366,9.899107
1755402730527,0.29671,-0.019741,9.846465
1755402730529,0.267996,-0.046062,9.877572
1755402730532,0.332602,-0.029312,9.836894
1755402730534,0.208176,0.001795,9.877572
1755402730536,0.308674,0.025723,9.863214
1755402730539,0.282353,-0.046062,9.930214
1755402730542,0.29671,-0.041276,9.836894
1755402730544,0.27996,0.02333,9.908679
1755402730547,0.284746,-0.019741,9.851251
1755402730549,0.270389,-0.036491,9.887143
1755402730551,0.265603,0.00658,9.80818
1755402730554,0.282353,0.00658,9.91825
1755402730556,0.272782,-0.050847,9.920643
1755402730558,0.301496,-0.019741,9.872787
1755402730561,0.260818,-0.029312,9.899107
1755402730563,0.287139,-0.036491,9.724431
1755402730565,0.294317,-0.041276,10.045368
1755402730568,0.29671,0.037687,9.793823
1755402730570,0.217747,-0.017348,9.990334
1755402730572,0.294317,-0.036491,9.805787
1755402730575,0.236889,-0.058026,9.952048
1755402730578,0.287139,0.037687,9.760324
1755402730580,0.246461,-0.041276,9.961619
1755402730582,0.323031,-0.041276,9.777073
1755402730585,0.287139,0.013759,9.927821
1755402730587,0.315853,-0.043669,9.856036
1755402730589,0.265603,-0.036491,9.927821
1755402730592,0.31346,-0.005384,9.891929
1755402730594,0.265603,-0.002991,9.836894
1755402730597,0.284746,-0.077169,9.896714
1755402730599,0.299103,-0.041276,9.872787
1755402730601,0.27996,-0.048455,9.882358
1755402730603,0.287139,0.008973,9.817751
1755402730606,0.291924,-0.026919,9.997512
1755402730608,0.291924,-0.007777,9.858429
1755402730611,0.239282,-0.048455,9.930214
1755402730613,0.287139,-0.041276,9.860822
1755402730616,0.291924,-0.046062,9.77468
1755402730618,0.248854,-0.026919,9.956834
1755402730620,0.299103,-0.010169,9.801002
1755402730623,0.265603,-0.002991,9.853643
1755402730625,0.27996,-0.031705,9.947263
1755402730627,0.253639,0.020937,9.915857
1755402730632,0.263211,-0.019741,9.805787
1755402730633,0.270389,-0.036491,9.968799
1755402730635,0.356531,0.016152,9.913465
1755402730637,0.289532,-0.017348,9.769895
1755402730640,0.253639,-0.08674,9.959227
1755402730643,0.299103,0.018544,9.803394
1755402730644,0.222533,-0.012562,9.853643
1755402730648,0.306281,-0.05324,9.930214
1755402730651,0.294317,-0.010169,9.97837
1755402730652,0.282353,0.008973,9.777073
1755402730654,0.282353,-0.036491,9.937392
1755402730656,0.334995,-0.007777,9.789038
1755402730659,0.258425,0.011366,9.934999
1755402730661,0.251246,-0.060419,9.942178
1755402730664,0.299103,-0.010169,9.882358
1755402730666,0.229711,-0.017348,9.980762
1755402730668,0.260818,-0.019741,9.712467
1755402730670,0.284746,-0.058026,9.947263
1755402730673,0.308674,0.04008,9.786645
1755402730675,0.208176,-0.010169,10.023833
1755402730678,0.27996,-0.046062,9.734002
1755402730681,0.289532,-0.046062,10.031012
1755402730683,0.275175,0.016152,9.772287
1755402730685,0.217747,-0.050847,9.947263
1755402730687,0.311067,-0.072383,9.848858
1755402730690,0.27996,-0.002991,9.915857
1755402730692,0.294317,-0.046062,9.796216
1755402730695,0.253639,-0.048455,9.865608
1755402730697,0.284746,-0.029312,9.927821
1755402730700,0.256032,0.047258,9.915857
1755402730702,0.311067,-0.024526,9.827323
1755402730704,0.270389,-0.007777,9.939785
1755402730707,0.299103,-0.041276,9.832108
1755402730709,0.251246,-0.029312,9.9015
1755402730711,0.277567,-0.026919,9.848858
1755402730715,0.267996,-0.019741,9.913465
1755402730717,0.27996,-0.010169,9.844072
1755402730719,0.260818,-0.034098,9.930214
1755402730722,0.320638,-0.019741,9.858429
1755402730723,0.270389,-0.046062,9.915857
1755402730727,0.277567,-0.022134,9.836894
1755402730728,0.287139,-0.017348,9.908679
1755402730732,0.256032,-0.010169,9.877572
1755402730733,0.289532,-0.002991,9.870394
1755402730736,0.265603,-0.010169,9.88475
1755402730738,0.277567,-0.026919,9.887143
1755402730740,0.277567,-0.022134,9.877572
1755402730742,0.287139,-0.026919,9.882358
1755402730745,0.299103,-0.019741,9.882358
1755402730747,0.284746,-0.007777,9.865608
1755402730751,0.236889,-0.031705,9.882358
1755402730753,0.287139,-0.026919,9.875179
1755402730755,0.256032,-0.043669,9.887143
1755402730757,0.303888,-0.038883,9.891929
1755402730759,0.306281,-0.05324,9.872787
1755402730763,0.303888,-0.031705,9.889536
1755402730764,0.270389,-0.036491,9.896714
1755402730767,0.29671,-0.002991,9.887143
1755402730769,0.287139,-0.024526,9.889536
1755402730771,0.253639,-0.012562,9.84168
1755402730774,0.260818,-0.010169,9.863214
1755402730776,0.260818,-0.007777,9.877572
1755402730778,0.275175,-0.041276,9.882358
1755402730781,0.263211,-0.010169,9.88475
1755402730784,0.272782,0.001795,9.879965
1755402730786,0.287139,-0.024526,9.872787
1755402730788,0.263211,-0.024526,9.877572
1755402730791,0.294317,-0.010169,9.889536
1755402730793,0.27996,0.011366,9.877572
1755402730795,0.267996,-0.029312,9.889536
1755402730798,0.301496,-0.029312,9.906285
1755402730800,0.308674,0.008973,9.870394
1755402730804,0.299103,-0.029312,9.887143
1755402730805,0.256032,-0.031705,9.870394
1755402730808,0.27996,-0.012562,9.870394
1755402730810,0.301496,-0.024526,9.911072
1755402730812,0.277567,-0.014955,9.88475
1755402730815,0.294317,-0.014955,9.899107
1755402730817,0.258425,-0.043669,9.882358
1755402730821,0.289532,-0.046062,9.896714
1755402730822,0.289532,0.001795,9.875179
1755402730824,0.270389,-0.002991,9.891929
1755402730827,0.277567,-0.026919,9.877572
1755402730829,0.277567,-0.000598,9.872787
1755402730832,0.294317,-0.024526,9.894321
1755402730835,0.236889,-0.022134,9.891929
1755402730837,0.246461,-0.022134,9.879965
1755402730838,0.265603,-0.031705,9.887143
1755402730841,0.306281,-0.046062,9.891929
1755402730844,0.272782,-0.026919,9.891929
1755402730845,0.260818,-0.024526,9.879965
1755402730848,0.299103,-0.041276,9.894321
1755402730850,0.294317,-0.034098,9.879965
1755402730853,0.253639,-0.014955,9.879965
1755402730855,0.246461,-0.043669,9.894321
1755402730858,0.284746,-0.007777,9.877572
1755402730860,0.265603,-0.026919,9.891929
1755402730863,0.284746,-0.034098,9.858429
1755402730865,0.27996,-0.012562,9.872787
1755402730868,0.277567,-0.046062,9.877572
1755402730871,0.291924,-0.010169,9.903893
1755402730872,0.301496,-0.017348,9.894321
1755402730875,0.287139,-0.012562,9.882358
1755402730877,0.263211,-0.010169,9.882358
1755402730879,0.265603,-0.038883,9.891929
1755402730881,0.289532,-0.014955,9.899107
1755402730885,0.272782,-0.014955,9.887143
1755402730887,0.270389,-0.014955,9.879965
1755402730889,0.289532,-0.012562,9.899107
1755402730891,0.277567,0.011366,9.894321
1755402730894,0.29671,-0.014955,9.88475
1755402730896,0.27996,-0.022134,9.887143
1755402730899,0.251246,-0.012562,9.870394
1755402730902,0.289532,-0.029312,9.877572
1755402730903,0.260818,-0.034098,9.870394
1755402730906,0.265603,-0.017348,9.872787
1755402730908,0.256032,-0.041276,9.882358
1755402730910,0.260818,-0.043669,9.9015
1755402730913,0.270389,-0.034098,9.899107
1755402730915,0.265603,-0.024526,9.903893
1755402730919,0.277567,-0.014955,9.879965
1755402730920,0.275175,-0.019741,9.882358
1755402730923,0.272782,-0.002991,9.870394
1755402730926,0.253639,-0.034098,9.889536
1755402730927,0.260818,-0.014955,9.896714
1755402730930,0.258425,0.001795,9.882358
1755402730932,0.275175,-0.014955,9.865608
1755402730936,0.248854,-0.041276,9.875179
1755402730937,0.27996,-0.012562,9.877572
1755402730939,0.251246,-0.017348,9.865608
1755402730942,0.253639,-0.002991,9.877572
1755402730944,0.277567,-0.036491,9.846465
1755402730946,0.246461,0.011366,9.894321
1755402730949,0.263211,-0.024526,9.882358
1755402730953,0.277567,-0.041276,9.887143
1755402730955,0.289532,-0.031705,9.882358
1755402730957,0.236889,-0.005384,9.894321
1755402730958,0.27996,-0.024526,9.879965
1755402730960,0.260818,-0.05324,9.875179
1755402730963,0.248854,-0.019741,9.870394
1755402730966,0.275175,-0.022134,9.870394
1755402730968,0.27996,-0.029312,9.894321
1755402730971,0.284746,-0.036491,9.870394
1755402730973,0.275175,-0.034098,9.88475
1755402730975,0.253639,-0.010169,9.887143
1755402730978,0.267996,-0.036491,9.875179
1755402730980,0.287139,-0.010169,9.879965
1755402730982,0.277567,-0.022134,9.908679
1755402730985,0.325424,-0.026919,9.88475
1755402730987,0.267996,0.008973,9.879965
1755402730989,0.217747,-0.024526,9.908679
1755402730992,0.289532,0.011366,9.887143
1755402730994,0.287139,-0.007777,9.875179
1755402730997,0.289532,-0.022134,9.891929
1755402730999,0.277567,-0.024526,9.891929
1755402731001,0.289532,-0.038883,9.88475
1755402731004,0.258425,-0.007777,9.860822
1755402731007,0.284746,-0.026919,9.88475
1755402731009,0.246461,-0.014955,9.877572
1755402731011,0.284746,-0.031705,9.872787
1755402731014,0.308674,-0.014955,9.894321
1755402731016,0.270389,-0.046062,9.870394
1755402731018,0.267996,0.001795,9.870394
1755402731022,0.260818,-0.036491,9.899107
1755402731024,0.270389,-0.019741,9.865608
1755402731026,0.272782,-0.012562,9.870394
1755402731028,0.284746,-0.022134,9.879965
1755402731030,0.289532,-0.022134,9.896714
1755402731032,0.265603,-0.010169,9.889536
1755402731035,0.265603,-0.002991,9.894321
1755402731038,0.323031,0.013759,9.875179
1755402731040,0.306281,-0.007777,9.882358
1755402731043,0.284746,-0.031705,9.887143
1755402731045,0.291924,-0.000598,9.868001
1755402731048,0.239282,-0.034098,9.88475
1755402731049,0.263211,-0.017348,9.889536
1755402731052,0.277567,-0.026919,9.9015
1755402731055,0.275175,-0.005384,9.863214
1755402731057,0.303888,-0.026919,9.875179
1755402731059,0.306281,-0.038883,9.879965
1755402731061,0.260818,-0.043669,9.88475
1755402731064,0.270389,-0.031705,9.865608
1755402731066,0.270389,-0.002991,9.889536
1755402731068,0.265603,-0.036491,9.860822
1755402731072,0.287139,-0.000598,9.891929
1755402731074,0.244068,-0.034098,9.894321
1755402731076,0.301496,-0.038883,9.896714
1755402731079,0.260818,-0.038883,9.875179
1755402731081,0.263211,0.011366,9.863214
1755402731083,0.267996,-0.024526,9.899107
1755402731085,0.29671,-0.031705,9.879965
1755402731089,0.301496,-0.029312,9.879965
1755402731090,0.275175,-0.022134,9.887143
1755402731093,0.282353,-0.014955,9.860822
1755402731095,0.258425,-0.031705,9.896714
1755402731097,0.282353,-0.017348,9.882358
1755402731100,0.308674,-0.041276,9.875179
1755402731102,0.265603,-0.024526,9.875179
1755402731106,0.258425,-0.046062,9.887143
1755402731107,0.239282,-0.038883,9.868001
1755402731109,0.282353,-0.031705,9.896714
1755402731112,0.282353,-0.014955,9.906285
1755402731114,0.270389,-0.036491,9.882358
1755402731116,0.270389,-0.014955,9.894321
1755402731119,0.282353,-0.026919,9.870394
1755402731123,0.275175,-0.05324,9.882358
1755402731125,0.318245,-0.029312,9.856036
1755402731126,0.27996,-0.026919,9.894321
1755402731130,0.284746,0.004187,9.891929
1755402731131,0.308674,-0.034098,9.894321
1755402731133,0.265603,-0.022134,9.877572
1755402731136,0.256032,-0.022134,9.870394
1755402731140,0.277567,-0.029312,9.88475
1755402731142,0.260818,-0.041276,9.875179
1755402731143,0.289532,-0.019741,9.887143
1755402731145,0.282353,0.001795,9.872787
1755402731148,0.270389,-0.010169,9.894321
1755402731150,0.284746,-0.000598,9.877572
1755402731152,0.275175,-0.000598,9.877572
1755402731158,0.299103,-0.043669,9.863214
1755402731159,0.27996,-0.019741,9.879965
1755402731163,0.287139,-0.019741,9.875179
1755402731163,0.263211,-0.031705,9.879965
1755402731164,0.272782,-0.034098,9.875179
1755402731167,0.258425,-0.012562,9.896714
1755402731169,0.263211,-0.036491,9.889536
1755402731172,0.275175,-0.007777,9.872787
1755402731175,0.277567,-0.019741,9.889536
1755402731177,0.267996,-0.007777,9.88475
1755402731179,0.282353,-0.002991,9.875179
1755402731182,0.284746,-0.036491,9.9015
1755402731183,0.277567,-0.034098,9.889536
1755402731186,0.267996,-0.019741,9.875179
1755402731189,0.258425,-0.017348,9.877572
1755402731191,0.282353,-0.031705,9.868001
1755402731193,0.270389,-0.029312,9.863214
1755402731195,0.294317,0.011366,9.896714
1755402731198,0.282353,-0.034098,9.903893
1755402731200,0.265603,0.011366,9.877572
1755402731203,0.258425,-0.043669,9.872787
1755402731205,0.27996,-0.022134,9.875179
1755402731207,0.299103,-0.002991,9.875179
1755402731210,0.306281,0.00658,9.889536
1755402731212,0.277567,-0.024526,9.882358
1755402731215,0.241675,-0.029312,9.915857
1755402731217,0.299103,-0.036491,9.903893
1755402731219,0.282353,-0.017348,9.875179
1755402731222,0.275175,-0.036491,9.88475
1755402731224,0.294317,-0.007777,9.891929
1755402731227,0.299103,-0.026919,9.865608
1755402731230,0.294317,-0.010169,9.872787
1755402731232,0.246461,-0.002991,9.894321
1755402731234,0.272782,-0.026919,9.899107
1755402731236,0.275175,0.001795,9.908679
1755402731239,0.260818,-0.024526,9.882358
1755402731242,0.299103,-0.029312,9.865608
1755402731244,0.299103,-0.005384,9.870394
1755402731246,0.263211,-0.031705,9.863214
1755402731249,0.299103,-0.010169,9.865608
1755402731251,0.267996,-0.012562,9.889536
1755402731253,0.284746,-0.024526,9.887143
1755402731255,0.289532,-0.036491,9.877572
1755402731259,0.291924,-0.024526,9.88475
1755402731261,0.260818,-0.019741,9.872787
1755402731263,0.284746,-0.000598,9.879965
1755402731265,0.294317,-0.017348,9.879965
1755402731267,0.260818,-0.014955,9.870394
1755402731270,0.272782,-0.012562,9.882358
1755402731273,0.294317,-0.017348,9.877572
1755402731276,0.277567,-0.000598,9.891929
1755402731278,0.284746,-0.026919,9.891929
1755402731281,0.287139,-0.019741,9.865608
1755402731282,0.275175,-0.007777,9.891929
1755402731284,0.267996,-0.019741,9.879965
1755402731286,0.260818,-0.010169,9.865608
1755402731289,0.267996,0.00658,9.889536
1755402731292,0.277567,-0.002991,9.896714
1755402731294,0.318245,-0.034098,9.88475
1755402731296,0.267996,-0.050847,9.913465
1755402731299,0.244068,-0.038883,9.882358
1755402731301,0.299103,-0.043669,9.882358
1755402731303,0.303888,-0.036491,9.863214
1755402731306,0.284746,-0.038883,9.875179
1755402731309,0.275175,-0.041276,9.877572
1755402731311,0.287139,-0.026919,9.894321
1755402731313,0.284746,-0.010169,9.882358
1755402731315,0.282353,-0.041276,9.865608
1755402731318,0.287139,-0.041276,9.891929
1755402731320,0.282353,-0.019741,9.887143
1755402731322,0.27996,-0.034098,9.88475
1755402731325,0.308674,-0.029312,9.889536
1755402731328,0.308674,0.011366,9.891929
1755402731329,0.289532,-0.010169,9.899107
1755402731335,0.291924,-0.062812,9.875179
1755402731336,0.282353,-0.031705,9.88475
1755402731338,0.272782,-0.017348,9.877572
1755402731339,0.284746,-0.019741,9.879965
1755402731342,0.323031,-0.022134,9.868001
1755402731345,0.284746,-0.017348,9.903893
1755402731347,0.294317,-0.002991,9.858429
1755402731349,0.291924,0.020937,9.927821
1755402731351,0.306281,-0.019741,9.84168
1755402731354,0.27996,-0.022134,9.903893
1755402731356,0.306281,-0.012562,9.903893
1755402731358,0.251246,-0.012562,9.853643
1755402731361,0.301496,-0.046062,9.937392
1755402731363,0.275175,0.004187,9.913465
1755402731365,0.284746,0.025723,9.80818
1755402731368,0.234497,-0.101097,9.9015
1755402731370,0.308674,-0.010169,9.793823
1755402731373,0.291924,0.00658,9.985548
1755402731375,0.270389,0.025723,9.944571
1755402731377,0.332602,-0.060419,9.796216
1755402731380,0.224925,-0.024526,9.971191
1755402731383,0.303888,-0.005384,9.724431
1755402731385,0.215354,-0.026919,10.059726
1755402731387,0.370888,0.011366,9.734002
1755402731390,0.195912,-0.055633,9.973584
1755402731392,0.294317,-0.046062,9.839287
1755402731395,0.222533,-0.002991,9.947263
1755402731398,0.29671,0.001795,9.79143
1755402731399,0.236889,-0.062812,9.961619
1755402731401,0.31346,-0.014955,9.793823
1755402731404,0.246461,0.02333,9.937392
1755402731406,0.282353,-0.038883,9.844072
1755402731409,0.272782,-0.05324,9.887143
1755402731411,0.306281,-0.002991,9.9015
1755402731414,0.282353,-0.010169,9.82493
1755402731416,0.291924,-0.06999,9.91825
1755402731418,0.294317,0.00658,9.839287
1755402731421,0.239282,0.020937,9.908679
1755402731423,0.294317,-0.002991,9.839287
1755402731425,0.256032,-0.060419,9.952048
1755402731428,0.33021,0.011366,9.796216
1755402731430,0.229711,0.030508,9.930214
1755402731433,0.294317,-0.029312,9.793823
1755402731435,0.260818,-0.050847,9.983155
1755402731437,0.301496,0.030508,9.793823
1755402731440,0.22014,-0.012562,9.954441
1755402731443,0.325424,-0.043669,9.777073
1755402731445,0.251246,-0.065204,10.045368
1755402731448,0.325424,0.013759,9.784252
1755402731449,0.236889,-0.031705,10.016655
1755402731452,0.31346,-0.036491,9.695718
1755402731455,0.19352,-0.074776,9.999905
1755402731457,0.323031,-0.002991,9.796216
1755402731459,0.232104,-0.038883,10.057333
1755402731463,0.327817,-0.022134,9.719646
1755402731464,0.277567,-0.081954,9.939785
1755402731467,0.318245,-0.024526,9.757931
1755402731468,0.265603,-0.058026,10.019048
1755402731471,0.29671,0.001795,9.801002
1755402731474,0.251246,-0.08674,9.894321
1755402731476,0.327817,-0.000598,9.834501
1755402731478,0.253639,-0.014955,9.954441
1755402731481,0.282353,0.011366,9.858429
1755402731483,0.303888,-0.067597,9.865608
1755402731486,0.284746,-0.062812,9.877572
1755402731488,0.284746,-0.024526,9.9015
1755402731490,0.244068,0.025723,9.877572
1755402731492,0.294317,-0.079561,9.858429
1755402731497,0.263211,-0.06999,9.923036
1755402731499,0.287139,-0.026919,9.915857
1755402731500,0.246461,0.020937,9.863214
1755402731502,0.270389,-0.08674,9.868001
1755402731505,0.272782,-0.079561,9.934999
1755402731507,0.311067,-0.017348,9.927821
1755402731509,0.270389,-0.007777,9.812965
1755402731512,0.287139,-0.062812,9.908679
1755402731515,0.277567,-0.022134,9.894321
1755402731518,0.270389,-0.014955,9.961619
1755402731519,0.27996,-0.034098,9.757931
1755402731521,0.299103,-0.072383,10.014262
1755402731524,0.320638,0.05683,9.798609
1755402731526,0.256032,0.001795,9.968799
1755402731528,0.320638,-0.034098,9.726824
1755402731531,0.260818,-0.031705,10.07169
1755402731533,0.287139,0.080758,9.74836
1755402731537,0.246461,-0.058026,9.913465
1755402731539,0.318245,-0.065204,9.829716
1755402731540,0.272782,0.016152,10.05494
1755402731543,0.289532,0.049651,9.724431
1755402731545,0.232104,-0.081954,9.983155
1755402731548,0.375673,-0.007777,9.829716
1755402731550,0.227318,0.04008,9.959227
1755402731552,0.294317,-0.014955,9.724431
1755402731555,0.265603,-0.058026,9.944571
1755402731558,0.301496,0.008973,9.817751
1755402731559,0.248854,0.037687,9.990334
1755402731562,0.282353,-0.010169,9.803394
1755402731565,0.282353,-0.077169,9.896714
1755402731567,0.265603,-0.000598,9.939785
1755402731569,0.277567,0.030508,9.669396
1755402731571,0.277567,-0.067597,10.023833
1755402731574,0.323031,-0.000598,9.79143
1755402731577,0.277567,-0.048455,10.007083
1755402731579,0.282353,-0.05324,9.844072
1755402731581,0.277567,0.018544,9.822537
1755402731584,0.27996,-0.034098,9.9015
1755402731586,0.277567,-0.050847,9.870394
1755402731588,0.287139,-0.022134,9.959227
1755402731591,0.263211,-0.029312,9.683753
1755402731594,0.251246,-0.055633,9.964012
1755402731596,0.282353,-0.026919,9.839287
1755402731599,0.232104,-0.043669,9.894321
1755402731600,0.27996,-0.029312,9.812965
1755402731603,0.289532,0.037687,9.927821
1755402731605,0.265603,-0.048455,9.964012
1755402731608,0.284746,-0.043669,9.815358
1755402731610,0.263211,-0.036491,9.781859
1755402731613,0.256032,0.00658,9.839287
1755402731616,0.27996,-0.036491,10.059726
1755402731618,0.27996,0.016152,9.753145
1755402731620,0.251246,-0.022134,9.925428
1755402731622,0.301496,-0.029312,9.934999
1755402731625,0.258425,-0.060419,9.839287
1755402731627,0.248854,-0.058026,9.834501
1755402731629,0.323031,0.011366,9.793823
1755402731632,0.236889,-0.019741,9.980762
1755402731636,0.270389,-0.031705,9.971191
1755402731637,0.267996,-0.019741,9.810573
1755402731639,0.256032,-0.019741,9.784252
1755402731642,0.234497,-0.026919,9.923036
1755402731644,0.301496,-0.043669,9.913465
1755402731646,0.258425,-0.026919,9.741181
1755402731649,0.287139,-0.026919,10.047761
1755402731651,0.275175,-0.014955,9.815358
1755402731653,0.246461,-0.019741,9.882358
1755402731655,0.299103,0.02333,9.844072
1755402731659,0.275175,-0.036491,9.920643
1755402731660,0.256032,-0.038883,9.820144
1755402731662,0.33021,-0.017348,9.875179
1755402731665,0.239282,-0.029312,9.999905
1755402731668,0.248854,-0.034098,9.77468
1755402731670,0.291924,0.004187,9.983155
1755402731672,0.275175,-0.031705,9.889536
1755402731675,0.306281,-0.000598,9.908679
1755402731677,0.275175,0.004187,9.915857
1755402731680,0.301496,-0.026919,9.805787
1755402731682,0.253639,-0.050847,9.887143
1755402731685,0.323031,0.001795,9.851251
1755402731687,0.251246,0.001795,9.937392
1755402731689,0.294317,-0.026919,9.915857
1755402731692,0.284746,-0.05324,9.789038
1755402731694,0.251246,-0.048455,9.954441
1755402731696,0.284746,0.008973,9.863214
1755402731699,0.260818,-0.060419,9.923036
1755402731703,0.282353,-0.08674,9.767502
1755402731704,0.251246,-0.000598,9.954441
1755402731706,0.275175,0.025723,9.815358
1755402731708,0.27996,-0.058026,9.91825
1755402731711,0.277567,-0.024526,9.903893
1755402731713,0.227318,-0.031705,9.863214
1755402731715,0.258425,-0.024526,9.851251
1755402731718,0.253639,-0.041276,9.939785
1755402731720,0.267996,-0.007777,9.863214
1755402731723,0.294317,-0.007777,9.848858
1755402731725,0.284746,-0.029312,9.903893
1755402731727,0.258425,-0.026919,9.91825
1755402731730,0.263211,-0.019741,9.863214
1755402731732,0.306281,-0.034098,9.88475
1755402731735,0.294317,-0.024526,9.875179
1755402731739,0.241675,-0.041276,9.882358
1755402731740,0.248854,0.004187,9.863214
1755402731743,0.289532,-0.012562,9.927821
1755402731744,0.263211,0.004187,9.863214
1755402731747,0.277567,-0.022134,9.879965
1755402731749,0.270389,-0.012562,9.899107
1755402731752,0.287139,-0.014955,9.870394
1755402731754,0.270389,-0.000598,9.88475
1755402731756,0.311067,-0.031705,9.891929
1755402731759,0.232104,-0.041276,9.903893
1755402731761,0.251246,0.001795,9.834501
1755402731763,0.251246,-0.012562,9.889536
1755402731766,0.267996,-0.036491,9.868001
1755402731769,0.256032,-0.036491,9.913465
1755402731771,0.229711,-0.012562,9.860822
1755402731773,0.260818,-0.026919,9.88475
1755402731776,0.287139,-0.019741,9.927821
1755402731778,0.277567,-0.012562,9.915857
1755402731782,0.284746,-0.026919,9.844072
1755402731783,0.267996,-0.041276,9.882358
1755402731786,0.275175,-0.041276,9.872787
1755402731788,0.27996,0.013759,9.9015
1755402731790,0.303888,-0.019741,9.911072
1755402731793,0.267996,-0.005384,9.875179
1755402731794,0.291924,-0.010169,9.932607
1755402731797,0.248854,-0.036491,9.860822
1755402731799,0.282353,-0.024526,9.846465
1755402731803,0.270389,-0.007777,9.882358
1755402731804,0.275175,0.004187,9.865608
1755402731807,0.27996,-0.010169,9.872787
1755402731809,0.287139,-0.031705,9.860822
1755402731811,0.287139,-0.017348,9.879965
1755402731813,0.301496,-0.010169,9.896714
1755402731816,0.27996,-0.034098,9.889536
1755402731820,0.256032,-0.010169,9.877572
1755402731822,0.241675,-0.017348,9.899107
1755402731823,0.277567,-0.017348,9.868001
1755402731826,0.260818,-0.000598,9.872787
1755402731828,0.294317,-0.019741,9.889536
1755402731831,0.311067,-0.022134,9.858429
1755402731833,0.284746,0.00658,9.875179
1755402731835,0.260818,-0.019741,9.872787
1755402731838,0.318245,-0.036491,9.915857
1755402731841,0.299103,-0.007777,9.9015
1755402731844,0.299103,-0.022134,9.899107
1755402731845,0.275175,-0.019741,9.9015
1755402731847,0.282353,-0.036491,9.877572
1755402731850,0.29671,-0.041276,9.875179
1755402731853,0.272782,-0.062812,9.908679
1755402731855,0.258425,-0.034098,9.860822
1755402731857,0.291924,-0.022134,9.906285
1755402731859,0.284746,-0.005384,9.925428
1755402731862,0.270389,-0.007777,9.858429
1755402731864,0.263211,-0.026919,9.9015
1755402731867,0.256032,-0.022134,9.84168
1755402731869,0.27996,-0.038883,9.863214
1755402731872,0.31346,-0.041276,9.899107
1755402731874,0.258425,-0.012562,9.865608
1755402731877,0.299103,-0.007777,9.908679
1755402731878,0.246461,-0.043669,9.848858
1755402731881,0.289532,-0.055633,9.887143
1755402731883,0.277567,-0.043669,9.858429
1755402731885,0.267996,-0.036491,9.875179
1755402731888,0.229711,-0.026919,9.88475
1755402731890,0.291924,-0.024526,9.887143
1755402731893,0.294317,-0.026919,9.894321
1755402731895,0.284746,-0.036491,9.887143
1755402731898,0.265603,-0.002991,9.915857
1755402731900,0.306281,-0.002991,9.879965
1755402731903,0.265603,-0.036491,9.863214
1755402731906,0.270389,-0.017348,9.856036
1755402731907,0.306281,-0.036491,9.887143
1755402731910,0.267996,-0.029312,9.887143
1755402731912,0.267996,-0.019741,9.903893
1755402731914,0.27996,0.018544,9.887143
1755402731917,0.275175,0.001795,9.872787
1755402731919,0.277567,0.001795,9.851251
1755402731922,0.263211,-0.014955,9.88475
1755402731924,0.287139,-0.022134,9.863214
1755402731927,0.287139,-0.022134,9.887143
1755402731929,0.277567,-0.014955,9.879965
1755402731931,0.284746,-0.031705,9.877572
1755402731934,0.311067,-0.022134,9.879965
1755402731936,0.275175,-0.010169,9.899107
1755402731938,0.311067,-0.038883,9.887143
1755402731941,0.277567,-0.019741,9.872787
1755402731944,0.267996,-0.034098,9.889536
1755402731946,0.265603,-0.022134,9.877572
1755402731948,0.301496,-0.024526,9.891929
1755402731951,0.258425,-0.000598,9.88475
1755402731953,0.27996,-0.022134,9.899107
1755402731955,0.287139,-0.026919,9.894321
1755402731959,0.267996,-0.017348,9.894321
1755402731960,0.248854,-0.024526,9.887143
1755402731962,0.315853,-0.005384,9.879965
1755402731964,0.306281,-0.000598,9.877572
1755402731967,0.234497,-0.014955,9.887143
1755402731969,0.291924,-0.007777,9.868001
1755402731973,0.27996,-0.036491,9.891929
1755402731975,0.294317,-0.026919,9.865608
1755402731977,0.272782,-0.026919,9.887143
1755402731979,0.275175,-0.019741,9.882358
1755402731981,0.272782,-0.000598,9.887143
1755402731984,0.289532,-0.036491,9.872787
1755402731986,0.27996,-0.024526,9.860822
1755402731989,0.303888,-0.012562,9.877572
1755402731993,0.277567,0.004187,9.88475
1755402731995,0.289532,-0.014955,9.9015
1755402731996,0.256032,-0.041276,9.879965
1755402731998,0.256032,-0.038883,9.887143
1755402732000,0.301496,-0.017348,9.870394
1755402732003,0.303888,-0.017348,9.877572
1755402732005,0.306281,-0.026919,9.875179
1755402732008,0.287139,-0.050847,9.903893
1755402732010,0.275175,-0.036491,9.853643
1755402732012,0.291924,-0.026919,9.875179
1755402732015,0.263211,-0.026919,9.863214
1755402732017,0.282353,-0.026919,9.870394
1755402732020,0.27996,-0.031705,9.891929
1755402732022,0.308674,-0.022134,9.894321
1755402732025,0.282353,-0.041276,9.887143
1755402732027,0.270389,-0.026919,9.870394
1755402732029,0.303888,-0.034098,9.9015
1755402732031,0.291924,-0.017348,9.882358
1755402732034,0.27996,-0.029312,9.877572
1755402732036,0.29671,0.00658,9.88475
1755402732039,0.320638,0.001795,9.894321
1755402732041,0.289532,-0.005384,9.887143
1755402732044,0.248854,-0.000598,9.882358
1755402732046,0.275175,-0.029312,9.872787
1755402732049,0.258425,-0.029312,9.891929
1755402732051,0.251246,-0.019741,9.887143
1755402732053,0.272782,-0.010169,9.896714
1755402732056,0.299103,-0.034098,9.88475
1755402732058,0.277567,-0.022134,9.899107
1755402732061,0.275175,-0.036491,9.877572
1755402732063,0.284746,-0.012562,9.851251
1755402732066,0.289532,-0.029312,9.853643
1755402732067,0.301496,-0.026919,9.889536
1755402732070,0.311067,-0.014955,9.870394
1755402732072,0.291924,-0.036491,9.911072
1755402732076,0.272782,-0.043669,9.872787
1755402732077,0.270389,-0.017348,9.882358
1755402732079,0.27996,-0.014955,9.9015
1755402732082,0.270389,-0.022134,9.896714
1755402732084,0.272782,-0.019741,9.865608
1755402732087,0.258425,-0.014955,9.899107
1755402732089,0.284746,-0.036491,9.879965
1755402732092,0.267996,-0.005384,9.879965
1755402732094,0.289532,-0.034098,9.879965
1755402732096,0.284746,-0.022134,9.870394
1755402732099,0.289532,-0.026919,9.863214
1755402732101,0.301496,-0.017348,9.879965
1755402732103,0.301496,-0.050847,9.88475
1755402732106,0.275175,-0.012562,9.870394
1755402732109,0.27996,-0.017348,9.877572
1755402732111,0.265603,-0.048455,9.88475
1755402732113,0.27996,-0.024526,9.894321
1755402732115,0.299103,-0.031705,9.865608
1755402732118,0.265603,-0.014955,9.870394
1755402732120,0.263211,-0.012562,9.879965
1755402732123,0.239282,-0.041276,9.911072
1755402732125,0.267996,-0.017348,9.891929
1755402732128,0.282353,-0.017348,9.882358
1755402732130,0.275175,0.020937,9.870394
1755402732132,0.299103,-0.005384,9.894321
1755402732135,0.287139,-0.022134,9.868001
1755402732137,0.303888,-0.024526,9.889536
1755402732139,0.258425,-0.024526,9.865608
1755402732142,0.275175,-0.007777,9.88475
1755402732145,0.291924,-0.019741,9.887143
1755402732147,0.291924,-0.034098,9.879965
1755402732149,0.299103,-0.026919,9.887143
1755402732152,0.246461,-0.012562,9.882358
1755402732154,0.275175,-0.019741,9.88475
1755402732156,0.299103,-0.005384,9.856036
1755402732159,0.277567,-0.022134,9.88475
1755402732162,0.275175,-0.024526,9.887143
1755402732164,0.287139,-0.062812,9.915857
1755402732166,0.282353,-0.010169,9.887143
1755402732168,0.301496,-0.010169,9.882358
1755402732171,0.318245,-0.017348,9.879965
1755402732173,0.282353,-0.019741,9.889536
1755402732176,0.289532,-0.005384,9.903893
1755402732180,0.294317,-0.012562,9.896714
1755402732181,0.246461,-0.007777,9.870394
1755402732183,0.256032,-0.031705,9.889536
1755402732185,0.27996,-0.026919,9.84168
1755402732188,0.248854,-0.022134,9.930214
1755402732190,0.27996,-0.002991,9.872787
1755402732192,0.27996,0.001795,9.832108
1755402732195,0.284746,-0.036491,9.91825
1755402732197,0.308674,-0.012562,9.882358
1755402732199,0.251246,-0.007777,9.879965
1755402732202,0.270389,-0.022134,9.779466
1755402732204,0.291924,-0.06999,9.952048
1755402732206,0.27996,-0.005384,9.959227
1755402732209,0.287139,-0.010169,9.810573
1755402732212,0.246461,-0.065204,9.911072
1755402732214,0.363709,-0.046062,9.834501
1755402732216,0.200997,-0.005384,10.016655
1755402732219,0.342174,0.013759,9.777073
1755402732221,0.258425,-0.079561,9.992726
1755402732223,0.284746,-0.050847,9.784252
1755402732226,0.229711,0.008973,9.954441
1755402732229,0.265603,-0.010169,9.891929
1755402732231,0.272782,-0.048455,9.877572
1755402732233,0.287139,-0.007777,9.894321
1755402732235,0.270389,-0.000598,9.789038
1755402732238,0.287139,-0.067597,9.908679
1755402732240,0.334995,-0.034098,9.80818
1755402732243,0.236889,-0.034098,9.966406
1755402732247,0.27996,-0.002991,9.786645
1755402732248,0.265603,-0.019741,9.971191
1755402732250,0.315853,-0.017348,9.817751
1755402732252,0.236889,-0.031705,9.908679
1755402732255,0.301496,-0.019741,9.88475
1755402732257,0.299103,0.025723,9.79143
1755402732259,0.229711,-0.043669,9.990334
1755402732262,0.318245,-0.010169,9.738789
1755402732264,0.244068,-0.041276,10.03819
1755402732266,0.277567,-0.010169,9.71486
1755402732269,0.205783,-0.043669,10.090832
1755402732271,0.33021,0.00658,9.743574
1755402732274,0.188734,-0.060419,9.980762
1755402732276,0.323031,-0.036491,9.805787
1755402732279,0.248854,0.02333,9.975977
1755402732282,0.323031,-0.019741,9.779466
1755402732283,0.248854,-0.019741,9.913465
1755402732286,0.315853,-0.038883,9.903893
1755402732288,0.291924,0.008973,9.796216
1755402732290,0.29671,-0.058026,9.956834
1755402732293,0.318245,0.02333,9.805787
1755402732296,0.277567,0.011366,10.007083
1755402732298,0.284746,-0.017348,9.695718
1755402732300,0.258425,-0.098704,10.05494
1755402732302,0.337388,0.011366,9.74836
1755402732305,0.253639,-0.022134,9.997512
1755402732307,0.315853,-0.007777,9.762716
1755402732310,0.275175,-0.014955,10.026226
1755402732313,0.31346,0.018544,9.789038
1755402732315,0.227318,-0.062812,9.908679
1755402732317,0.349352,-0.050847,9.88475
1755402732319,0.260818,0.016152,9.939785
1755402732321,0.299103,-0.010169,9.860822
1755402732324,0.263211,-0.043669,9.9015
1755402732326,0.320638,-0.022134,9.915857
1755402732329,0.224925,0.001795,9.786645
1755402732331,0.275175,-0.055633,9.947263
1755402732333,0.311067,-0.012562,9.810573
1755402732336,0.253639,0.001795,9.966406
1755402732338,0.248854,-0.05324,9.79143
1755402732341,0.284746,-0.038883,10.066904
1755402732343,0.301496,0.030508,9.760324
1755402732346,0.239282,-0.036491,9.985548
1755402732350,0.301496,0.001795,9.848858
1755402732351,0.282353,-0.000598,9.82493
1755402732353,0.208176,-0.081954,9.959227
1755402732355,0.344566,0.011366,9.793823
1755402732358,0.284746,-0.012562,10.021441
1755402732360,0.265603,-0.031705,9.676575
1755402732363,0.234497,-0.060419,10.081261
1755402732366,0.332602,0.042473,9.736395
1755402732367,0.210568,-0.024526,10.021441
1755402732370,0.349352,-0.012562,9.803394
1755402732372,0.248854,-0.005384,9.997512
1755402732374,0.282353,-0.014955,9.786645
1755402732377,0.241675,-0.041276,9.947263
1755402732380,0.291924,-0.036491,9.88475
1755402732382,0.272782,0.001795,9.820144
1755402732384,0.289532,-0.036491,9.959227
1755402732386,0.315853,0.016152,9.793823
1755402732389,0.22014,-0.041276,10.009477
1755402732391,0.27996,-0.034098,9.712467
1755402732393,0.246461,-0.041276,10.083653
1755402732396,0.342174,0.018544,9.726824
1755402732399,0.241675,-0.026919,9.992726
1755402732402,0.263211,-0.017348,9.82493
1755402732403,0.287139,-0.007777,9.908679
1755402732405,0.289532,-0.048455,9.877572
1755402732408,0.294317,-0.036491,9.839287
1755402732410,0.287139,-0.031705,9.980762
1755402732413,0.301496,0.008973,9.724431
1755402732415,0.289532,-0.046062,10.064511
1755402732417,0.303888,0.016152,9.726824
1755402732420,0.234497,-0.022134,10.019048
1755402732422,0.294317,-0.005384,9.810573
1755402732424,0.263211,-0.019741,9.930214
1755402732427,0.27996,-0.038883,9.875179
1755402732429,0.289532,-0.034098,9.820144
1755402732432,0.27996,-0.026919,10.009477
1755402732434,0.275175,-0.005384,9.765109
1755402732437,0.236889,-0.096311,9.947263
1755402732439,0.339781,-0.007777,9.750752
1755402732442,0.251246,-0.007777,10.057333
1755402732444,0.253639,-0.010169,9.74836
1755402732446,0.294317,-0.041276,10.009477
1755402732449,0.29671,0.00658,9.743574
1755402732451,0.229711,-0.041276,9.983155
1755402732453,0.351745,0.001795,9.817751
1755402732456,0.291924,-0.019741,9.925428
1755402732459,0.277567,-0.031705,9.789038
1755402732461,0.256032,-0.079561,9.930214
1755402732463,0.299103,0.001795,9.870394
1755402732466,0.275175,0.013759,9.913465
1755402732468,0.244068,-0.034098,9.853643
1755402732471,0.303888,-0.022134,9.875179
1755402732473,0.246461,-0.000598,9.913465
1755402732475,0.294317,0.011366,9.860822
1755402732478,0.282353,-0.034098,9.879965
1755402732480,0.287139,-0.029312,9.896714
1755402732483,0.291924,0.013759,9.896714
1755402732485,0.234497,-0.014955,9.863214
1755402732487,0.265603,-0.024526,9.891929
1755402732489,0.282353,-0.034098,9.891929
1755402732492,0.248854,0.013759,9.848858
1755402732494,0.289532,-0.017348,9.925428
1755402732497,0.29671,0.001795,9.875179
1755402732499,0.282353,0.018544,9.853643
1755402732502,0.308674,-0.062812,9.908679
1755402732504,0.236889,0.00658,9.858429
1755402732506,0.263211,-0.014955,9.875179
1755402732508,0.303888,-0.062812,9.891929
1755402732511,0.275175,0.004187,9.858429
1755402732514,0.282353,-0.007777,9.865608
1755402732517,0.236889,0.011366,9.899107
1755402732521,0.251246,0.00658,9.889536
1755402732522,0.31346,-0.038883,9.891929
1755402732523,0.303888,-0.024526,9.9015
1755402732525,0.289532,-0.012562,9.863214
1755402732528,0.306281,-0.010169,9.882358
1755402732530,0.272782,-0.050847,9.879965
1755402732534,0.241675,-0.031705,9.84168
1755402732536,0.272782,0.00658,9.88475
1755402732537,0.315853,-0.005384,9.848858
1755402732539,0.294317,-0.036491,9.908679
1755402732542,0.253639,-0.031705,9.853643
1755402732544,0.260818,-0.002991,9.88475
1755402732547,0.258425,-0.007777,9.88475
1755402732551,0.275175,-0.029312,9.834501
1755402732552,0.263211,-0.012562,9.836894
1755402732555,0.306281,-0.031705,9.913465
1755402732556,0.308674,-0.029312,9.858429
1755402732559,0.323031,-0.012562,9.875179
1755402732561,0.256032,0.004187,9.875179
1755402732564,0.241675,0.00658,9.927821
1755402732566,0.287139,-0.029312,9.925428
1755402732569,0.270389,0.00658,9.911072
1755402732571,0.282353,-0.022134,9.798609
1755402732573,0.277567,0.00658,9.868001
1755402732576,0.315853,-0.041276,9.822537
1755402732578,0.31346,-0.000598,9.992726
1755402732580,0.215354,-0.014955,9.798609
1755402732583,0.275175,-0.022134,9.834501
1755402732585,0.251246,0.018544,9.875179
1755402732587,0.27996,-0.022134,9.875179
1755402732590,0.303888,-0.019741,9.894321
1755402732593,0.256032,0.016152,9.934999
1755402732595,0.311067,-0.002991,9.827323
1755402732597,0.291924,-0.007777,9.903893
1755402732599,0.325424,-0.038883,9.961619
1755402732602,0.267996,-0.029312,9.91825
1755402732604,0.256032,-0.026919,9.891929
1755402732607,0.210568,-0.010169,9.870394
1755402732609,0.260818,-0.029312,9.88475
1755402732611,0.275175,-0.029312,9.860822
1755402732614,0.282353,-0.019741,9.879965
1755402732616,0.318245,-0.007777,9.968799
1755402732619,0.270389,-0.067597,9.877572
1755402732623,0.229711,-0.034098,9.860822
1755402732624,0.239282,-0.007777,9.9015
1755402732626,0.265603,-0.014955,9.844072
1755402732628,0.308674,-0.043669,9.966406
1755402732631,0.246461,-0.026919,9.803394
1755402732633,0.284746,-0.002991,9.9015
1755402732636,0.267996,-0.014955,9.786645
1755402732638,0.265603,-0.010169,9.846465
1755402732640,0.301496,-0.034098,9.9015
1755402732643,0.289532,-0.022134,9.877572
1755402732645,0.263211,-0.012562,10.007083
1755402732647,0.308674,-0.036491,9.84168
1755402732650,0.289532,-0.058026,9.915857
1755402732653,0.284746,-0.062812,9.9015
1755402732657,0.323031,-0.010169,9.930214
1755402732658,0.289532,-0.043669,9.9015
1755402732660,0.244068,-0.012562,9.839287
1755402732663,0.325424,-0.007777,9.9015
1755402732665,0.263211,-0.029312,9.925428
1755402732666,0.248854,-0.002991,9.844072
1755402732670,0.301496,0.001795,9.908679
1755402732672,0.294317,-0.017348,9.858429
1755402732674,0.287139,-0.050847,9.966406
1755402732676,0.351745,-0.029312,9.745967
1755402732678,0.282353,-0.072383,9.920643
1755402732681,0.342174,0.04008,9.860822
1755402732683,0.294317,-0.019741,9.882358
1755402732687,0.251246,-0.048455,9.964012
1755402732691,0.315853,0.016152,9.822537
1755402732692,0.208176,-0.084347,9.954441
1755402732693,0.337388,0.042473,9.84168
1755402732696,0.272782,-0.050847,9.920643
1755402732698,0.294317,0.025723,9.911072
1755402732700,0.311067,-0.026919,9.77468
1755402732704,0.222533,-0.055633,9.952048
1755402732705,0.303888,0.011366,9.710074
1755402732707,0.222533,-0.062812,10.035797
1755402732710,0.33021,0.030508,9.755538
1755402732712,0.232104,-0.041276,9.959227
1755402732715,0.265603,-0.000598,9.908679
1755402732717,0.258425,-0.034098,9.851251
1755402732721,0.33021,0.011366,9.834501
1755402732723,0.294317,-0.031705,9.887143
1755402732724,0.308674,-0.002991,9.745967
1755402732727,0.246461,-0.048455,9.930214
1755402732729,0.256032,0.02333,9.877572
1755402732731,0.282353,0.011366,9.839287
1755402732734,0.251246,-0.005384,9.71486
1755402732737,0.289532,-0.05324,9.985548
1755402732741,0.284746,-0.007777,9.947263
1755402732742,0.294317,-0.010169,9.88475
1755402732743,0.248854,0.004187,9.777073
1755402732746,0.282353,-0.038883,9.891929
1755402732748,0.275175,-0.046062,9.966406
1755402732750,0.318245,-0.000598,9.846465
1755402732753,0.263211,-0.031705,9.810573
1755402732755,0.311067,-0.017348,9.889536
1755402732758,0.275175,-0.010169,9.954441
1755402732760,0.270389,-0.046062,9.889536
1755402732763,0.267996,0.00658,9.786645
1755402732766,0.289532,-0.019741,9.908679
1755402732767,0.29671,-0.007777,9.934999
1755402732769,0.277567,-0.005384,9.872787
1755402732772,0.251246,-0.010169,9.760324
1755402732774,0.272782,-0.026919,9.949656
1755402732777,0.282353,-0.000598,9.980762
1755402732779,0.332602,0.001795,9.863214
1755402732782,0.258425,-0.024526,9.803394
1755402732784,0.306281,-0.046062,9.891929
1755402732786,0.256032,-0.010169,9.968799
1755402732789,0.294317,-0.010169,9.846465
1755402732791,0.251246,-0.031705,9.829716
1755402732795,0.306281,-0.060419,9.875179
1755402732796,0.272782,-0.038883,9.939785
1755402732802,0.311067,-0.007777,9.915857
1755402732803,0.241675,-0.026919,9.875179
1755402732805,0.291924,-0.034098,9.882358
1755402732807,0.239282,-0.038883,9.949656
1755402732808,0.332602,-0.022134,9.853643
1755402732811,0.272782,0.020937,9.925428
1755402732813,0.303888,-0.000598,9.908679
1755402732815,0.265603,0.020937,9.84168
1755402732818,0.282353,-0.024526,9.853643
1755402732820,0.275175,-0.041276,9.91825
1755402732823,0.294317,-0.029312,9.899107
1755402732825,0.29671,-0.010169,9.868001
1755402732827,0.284746,-0.022134,9.875179
1755402732830,0.289532,-0.022134,9.899107
1755402732832,0.289532,-0.019741,9.903893
1755402732834,0.277567,-0.005384,9.875179
1755402732837,0.303888,-0.022134,9.863214
1755402732840,0.263211,-0.014955,9.879965
1755402732843,0.306281,-0.048455,9.851251
1755402732844,0.27996,-0.041276,9.894321
1755402732847,0.29671,-0.026919,9.908679
1755402732849,0.291924,-0.002991,9.827323
1755402732851,0.291924,-0.019741,9.887143
1755402732853,0.299103,-0.005384,9.84168
1755402732857,0.301496,-0.036491,9.920643
1755402732859,0.294317,0.004187,9.860822
1755402732861,0.29671,-0.026919,9.91825
1755402732863,0.299103,-0.029312,9.899107
1755402732866,0.306281,-0.029312,9.879965
1755402732868,0.263211,0.008973,9.879965
1755402732870,0.284746,-0.043669,9.934999
1755402732874,0.275175,-0.050847,9.851251
1755402732876,0.260818,-0.012562,9.860822
1755402732877,0.301496,-0.029312,9.882358
1755402732881,0.256032,-0.022134,9.877572
1755402732882,0.256032,-0.014955,9.82493
1755402732885,0.327817,-0.038883,9.939785
1755402732887,0.263211,-0.036491,9.851251
1755402732890,0.215354,0.02333,9.860822
1755402732892,0.284746,-0.043669,9.891929
1755402732894,0.294317,-0.026919,9.868001
1755402732897,0.251246,-0.017348,9.848858
1755402732899,0.260818,-0.024526,9.906285
1755402732901,0.303888,-0.029312,9.9015
1755402732904,0.294317,-0.038883,9.908679
1755402732908,0.294317,-0.029312,9.88475
1755402732909,0.251246,-0.041276,9.82493
1755402732911,0.275175,-0.002991,9.875179
1755402732913,0.301496,-0.058026,9.913465
1755402732916,0.22014,-0.007777,9.829716
1755402732918,0.291924,0.00658,9.973584
1755402732921,0.287139,0.011366,9.920643
1755402732923,0.251246,-0.017348,9.88475
1755402732925,0.339781,-0.038883,9.944571
1755402732928,0.267996,-0.010169,9.88475
1755402732930,0.277567,0.004187,9.879965
1755402732933,0.260818,-0.026919,9.915857
1755402732935,0.270389,-0.029312,9.882358
1755402732938,0.27996,-0.031705,9.851251
1755402732940,0.289532,0.00658,9.899107
1755402732944,0.287139,-0.000598,9.872787
1755402732946,0.277567,-0.019741,9.894321
1755402732947,0.251246,-0.026919,9.891929
1755402732949,0.284746,-0.000598,9.872787
1755402732952,0.246461,-0.029312,9.891929
1755402732954,0.287139,-0.022134,9.899107
1755402732956,0.315853,-0.031705,9.836894
1755402732959,0.284746,-0.041276,9.891929
1755402732962,0.284746,-0.026919,9.851251
1755402732964,0.284746,-0.026919,9.947263
1755402732966,0.308674,0.011366,9.836894
1755402732969,0.236889,-0.038883,9.920643
1755402732971,0.287139,-0.017348,9.949656
1755402732973,0.272782,-0.019741,9.762716
1755402732976,0.256032,-0.067597,9.964012
1755402732978,0.327817,0.020937,9.817751
1755402732980,0.260818,-0.010169,9.949656
1755402732983,0.284746,-0.017348,9.820144
1755402732985,0.294317,-0.034098,9.913465
1755402732988,0.291924,-0.031705,9.812965
1755402732990,0.275175,-0.038883,9.952048
1755402732993,0.337388,-0.002991,9.827323
1755402732995,0.248854,-0.031705,9.925428
1755402732997,0.31346,-0.012562,9.863214
1755402733000,0.263211,-0.036491,9.872787
1755402733003,0.31346,-0.017348,9.9015
1755402733004,0.270389,-0.026919,9.865608
1755402733007,0.284746,-0.019741,9.882358
1755402733010,0.270389,-0.017348,9.942178
1755402733012,0.315853,-0.017348,9.786645
1755402733014,0.284746,-0.050847,9.949656
1755402733017,0.332602,0.013759,9.827323
1755402733019,0.263211,-0.036491,9.906285
1755402733021,0.284746,-0.031705,9.865608
1755402733023,0.241675,-0.036491,9.889536
1755402733027,0.277567,-0.017348,9.875179
1755402733029,0.289532,0.00658,9.889536
1755402733031,0.251246,-0.024526,9.865608
1755402733033,0.270389,-0.043669,9.899107
1755402733035,0.258425,-0.029312,9.860822
1755402733038,0.253639,-0.036491,9.894321
1755402733040,0.306281,-0.019741,9.870394
1755402733044,0.287139,-0.034098,9.877572
1755402733045,0.284746,-0.005384,9.872787
1755402733048,0.256032,-0.026919,9.887143
1755402733050,0.289532,-0.036491,9.863214
1755402733052,0.275175,-0.012562,9.863214
1755402733055,0.306281,-0.014955,9.903893
1755402733057,0.306281,-0.005384,9.872787
1755402733061,0.241675,-0.019741,9.846465
1755402733063,0.267996,-0.055633,9.872787
1755402733064,0.277567,-0.036491,9.877572
1755402733067,0.289532,-0.005384,9.88475
1755402733069,0.287139,-0.019741,9.896714
1755402733072,0.267996,-0.012562,9.903893
1755402733074,0.27996,-0.043669,9.865608
1755402733077,0.253639,-0.026919,9.899107
1755402733079,0.270389,-0.019741,9.860822
1755402733081,0.267996,-0.014955,9.944571
1755402733084,0.27996,0.004187,9.836894
1755402733086,0.275175,-0.055633,9.894321
1755402733088,0.29671,-0.007777,9.834501
1755402733091,0.232104,-0.010169,9.959227
1755402733093,0.289532,-0.005384,9.851251
1755402733096,0.275175,-0.058026,9.934999
1755402733099,0.282353,-0.048455,9.865608
1755402733100,0.263211,-0.024526,9.891929
1755402733103,0.311067,-0.012562,9.848858
1755402733105,0.287139,-0.05324,9.913465
1755402733107,0.284746,0.008973,9.84168
1755402733110,0.289532,0.00658,9.903893
1755402733112,0.265603,-0.046062,9.891929
1755402733115,0.301496,-0.038883,9.870394
1755402733117,0.275175,-0.026919,9.915857
1755402733120,0.311067,-0.038883,9.829716
1755402733122,0.320638,-0.048455,9.903893
1755402733125,0.256032,-0.034098,9.882358
1755402733127,0.291924,-0.010169,9.913465
1755402733129,0.311067,0.004187,9.863214
1755402733131,0.318245,-0.026919,9.908679
1755402733135,0.277567,-0.014955,9.882358
1755402733136,0.287139,-0.017348,9.832108
1755402733139,0.291924,-0.048455,9.889536
1755402733141,0.284746,-0.005384,9.882358
1755402733143,0.275175,-0.017348,9.84168
1755402733146,0.308674,-0.005384,9.858429
1755402733148,0.299103,-0.029312,9.875179
1755402733151,0.270389,-0.017348,9.860822
1755402733154,0.275175,0.004187,9.899107
1755402733155,0.27996,-0.024526,9.875179
1755402733158,0.301496,-0.019741,9.846465
1755402733160,0.289532,-0.036491,9.908679
1755402733163,0.277567,-0.022134,9.865608
1755402733166,0.308674,-0.026919,9.88475
1755402733168,0.299103,-0.029312,9.877572
1755402733170,0.265603,-0.029312,9.887143
1755402733172,0.287139,-0.002991,9.875179
1755402733175,0.265603,-0.024526,9.872787
1755402733177,0.244068,-0.014955,9.877572
1755402733180,0.284746,-0.050847,9.877572
1755402733182,0.260818,-0.031705,9.875179
1755402733184,0.282353,-0.034098,9.882358
1755402733186,0.234497,-0.038883,9.875179
1755402733190,0.291924,-0.034098,9.889536
1755402733191,0.256032,-0.002991,9.875179
1755402733194,0.260818,-0.019741,9.875179
1755402733197,0.27996,-0.058026,9.887143
1755402733198,0.272782,-0.038883,9.868001
1755402733201,0.284746,-0.041276,9.875179
1755402733203,0.277567,-0.024526,9.865608
1755402733206,0.265603,-0.041276,9.870394
1755402733208,0.265603,-0.012562,9.875179
1755402733211,0.267996,-0.024526,9.908679
1755402733214,0.248854,-0.038883,9.911072
1755402733216,0.267996,-0.034098,9.875179
1755402733218,0.251246,-0.012562,9.875179
1755402733220,0.277567,-0.022134,9.889536
1755402733223,0.275175,-0.000598,9.863214
1755402733225,0.306281,-0.031705,9.889536
1755402733227,0.244068,-0.036491,9.865608
1755402733231,0.241675,0.00658,9.877572
1755402733232,0.265603,-0.005384,9.891929
1755402733235,0.258425,-0.055633,9.872787
1755402733237,0.272782,-0.005384,9.889536
1755402733239,0.248854,-0.002991,9.870394
1755402733242,0.251246,-0.014955,9.887143
1755402733244,0.267996,-0.038883,9.896714
1755402733252,0.29671,-0.031705,9.882358
1755402733254,0.256032,-0.036491,9.88475
1755402733255,0.267996,-0.022134,9.88475
1755402733255,0.263211,-0.017348,9.887143
1755402733256,0.265603,0.008973,9.872787
1755402733259,0.27996,-0.024526,9.870394
1755402733261,0.260818,-0.014955,9.9015
1755402733263,0.303888,-0.002991,9.870394
1755402733267,0.275175,-0.036491,9.891929
1755402733268,0.284746,-0.000598,9.879965
1755402733271,0.291924,-0.002991,9.887143
1755402733273,0.270389,-0.022134,9.903893
1755402733275,0.267996,-0.019741,9.887143
1755402733278,0.275175,-0.012562,9.891929
1755402733280,0.277567,-0.010169,9.889536
1755402733283,0.275175,-0.010169,9.889536
1755402733285,0.284746,-0.029312,9.903893
1755402733288,0.260818,-0.022134,9.868001
1755402733290,0.294317,-0.022134,9.894321
1755402733292,0.267996,-0.017348,9.891929
1755402733294,0.267996,-0.034098,9.88475
1755402733297,0.301496,-0.046062,9.863214
1755402733299,0.272782,-0.038883,9.903893
1755402733303,0.277567,-0.012562,9.870394
1755402733304,0.289532,-0.029312,9.903893
1755402733306,0.294317,-0.050847,9.879965
1755402733309,0.29671,-0.017348,9.870394
1755402733311,0.282353,-0.029312,9.889536
1755402733314,0.267996,-0.012562,9.879965
1755402733317,0.253639,-0.026919,9.879965
1755402733319,0.277567,-0.024526,9.865608
1755402733321,0.267996,-0.031705,9.872787
1755402733323,0.284746,-0.010169,9.882358
1755402733326,0.284746,-0.041276,9.856036
1755402733328,0.270389,-0.05324,9.872787
1755402733330,0.282353,-0.031705,9.882358
1755402733334,0.277567,-0.024526,9.915857
1755402733336,0.287139,-0.026919,9.894321
1755402733338,0.263211,-0.026919,9.877572
1755402733340,0.277567,-0.000598,9.860822
1755402733343,0.275175,-0.034098,9.889536
1755402733345,0.244068,-0.012562,9.863214
1755402733347,0.27996,-0.026919,9.870394
1755402733351,0.265603,-0.055633,9.875179
1755402733353,0.27996,-0.036491,9.879965
1755402733355,0.258425,-0.017348,9.887143
1755402733357,0.258425,-0.010169,9.875179
1755402733359,0.256032,-0.014955,9.896714
1755402733362,0.248854,-0.024526,9.870394
1755402733364,0.289532,-0.048455,9.887143
1755402733367,0.27996,-0.019741,9.889536
1755402733370,0.246461,-0.002991,9.879965
1755402733371,0.272782,-0.002991,9.879965
1755402733374,0.272782,-0.007777,9.872787
1755402733376,0.236889,-0.031705,9.865608
1755402733378,0.272782,-0.005384,9.875179
1755402733381,0.29671,-0.022134,9.894321
1755402733385,0.289532,-0.002991,9.877572
1755402733386,0.256032,-0.010169,9.887143
1755402733388,0.272782,-0.022134,9.894321
1755402733391,0.303888,-0.014955,9.877572
1755402733394,0.284746,-0.007777,9.882358
1755402733395,0.260818,-0.031705,9.882358
1755402733397,0.27996,-0.046062,9.868001
1755402733401,0.294317,-0.048455,9.860822
1755402733403,0.294317,-0.043669,9.875179
1755402733405,0.265603,-0.024526,9.882358
1755402733407,0.291924,-0.026919,9.882358
1755402733410,0.265603,-0.024526,9.894321
1755402733412,0.263211,-0.019741,9.882358
1755402733414,0.308674,-0.010169,9.894321
1755402733418,0.275175,-0.017348,9.875179
1755402733419,0.244068,-0.031705,9.879965
1755402733421,0.284746,-0.029312,9.899107
1755402733424,0.27996,-0.022134,9.863214
1755402733427,0.253639,0.004187,9.877572
1755402733428,0.29671,0.00658,9.879965
1755402733431,0.27996,-0.002991,9.889536
1755402733434,0.277567,-0.014955,9.896714
1755402733436,0.256032,-0.007777,9.877572
1755402733438,0.303888,-0.048455,9.868001
1755402733441,0.311067,-0.05324,9.88475
1755402733443,0.323031,-0.002991,9.863214
1755402733445,0.246461,0.004187,9.875179
1755402733448,0.258425,-0.041276,9.894321
1755402733452,0.29671,-0.002991,9.868001
1755402733453,0.294317,-0.031705,9.88475
1755402733455,0.287139,-0.010169,9.872787
1755402733458,0.27996,-0.007777,9.868001
1755402733460,0.275175,-0.017348,9.858429
1755402733462,0.258425,-0.010169,9.88475
1755402733464,0.27996,-0.012562,9.872787
1755402733467,0.294317,-0.014955,9.860822
1755402733470,0.303888,-0.055633,9.870394
1755402733473,0.287139,-0.043669,9.860822
1755402733475,0.323031,-0.031705,9.889536
1755402733476,0.311067,-0.031705,9.863214
1755402733479,0.277567,-0.031705,9.870394
1755402733481,0.291924,-0.024526,9.887143
1755402733484,0.265603,-0.05324,9.887143
1755402733487,0.275175,-0.036491,9.889536
1755402733489,0.272782,-0.031705,9.882358
1755402733491,0.277567,-0.012562,9.88475
1755402733493,0.287139,-0.010169,9.860822
1755402733496,0.258425,-0.024526,9.872787
1755402733498,0.27996,-0.029312,9.877572
1755402733501,0.315853,-0.019741,9.868001
1755402733504,0.270389,-0.022134,9.882358
1755402733506,0.246461,-0.038883,9.891929
1755402733508,0.291924,-0.007777,9.908679
1755402733510,0.301496,-0.026919,9.903893
1755402733512,0.287139,-0.031705,9.863214
1755402733515,0.284746,-0.031705,9.870394
1755402733517,0.294317,-0.002991,9.877572
1755402733520,0.287139,-0.005384,9.88475
1755402733522,0.284746,-0.002991,9.882358
1755402733525,0.299103,-0.012562,9.872787
1755402733527,0.291924,-0.000598,9.889536
1755402733529,0.275175,0.013759,9.877572
1755402733532,0.294317,-0.041276,9.875179
1755402733534,0.299103,0.001795,9.913465
1755402733537,0.31346,-0.024526,9.889536
1755402733539,0.246461,-0.005384,9.891929
1755402733541,0.303888,-0.046062,9.865608
1755402733544,0.277567,-0.005384,9.870394
1755402733546,0.244068,-0.010169,9.887143
1755402733548,0.294317,-0.031705,9.887143
1755402733551,0.277567,-0.046062,9.877572
1755402733555,0.282353,-0.034098,9.887143
1755402733556,0.284746,-0.014955,9.872787
1755402733559,0.29671,-0.014955,9.879965
1755402733561,0.291924,-0.012562,9.868001
1755402733563,0.289532,0.00658,9.88475
1755402733565,0.277567,-0.010169,9.896714
1755402733568,0.270389,-0.007777,9.903893
1755402733571,0.272782,-0.048455,9.899107
1755402733574,0.265603,-0.017348,9.865608
1755402733575,0.282353,-0.026919,9.877572
1755402733577,0.291924,-0.017348,9.889536
1755402733579,0.287139,-0.024526,9.865608
1755402733582,0.303888,-0.019741,9.9015
1755402733585,0.303888,-0.031705,9.875179
1755402733588,0.294317,-0.026919,9.879965
1755402733590,0.29671,-0.007777,9.913465
1755402733592,0.270389,-0.048455,9.9015
1755402733595,0.270389,-0.024526,9.88475
1755402733596,0.287139,-0.012562,9.891929
1755402733599,0.263211,-0.031705,9.860822
1755402733601,0.256032,-0.000598,9.860822
1755402733605,0.289532,-0.007777,9.877572
1755402733606,0.306281,-0.002991,9.877572
1755402733608,0.272782,-0.014955,9.863214
1755402733611,0.258425,-0.022134,9.872787
1755402733613,0.306281,-0.007777,9.858429
1755402733615,0.282353,-0.024526,9.870394
1755402733618,0.284746,-0.038883,9.875179
1755402733622,0.265603,-0.036491,9.844072
1755402733623,0.275175,-0.002991,9.846465
1755402733625,0.294317,-0.002991,9.9015
1755402733627,0.267996,-0.002991,9.896714
1755402733630,0.263211,0.001795,9.879965
1755402733632,0.263211,-0.043669,9.879965
1755402733635,0.306281,-0.024526,9.875179
1755402733638,0.260818,-0.012562,9.889536
1755402733640,0.265603,-0.019741,9.879965
1755402733643,0.275175,-0.026919,9.887143
1755402733644,0.275175,-0.024526,9.868001
1755402733647,0.284746,-0.024526,9.870394
1755402733649,0.275175,-0.024526,9.879965
1755402733651,0.277567,-0.026919,9.865608
1755402733655,0.284746,-0.017348,9.882358
1755402733657,0.294317,-0.002991,9.9015
1755402733659,0.27996,-0.019741,9.868001
1755402733661,0.284746,-0.038883,9.868001
1755402733664,0.289532,-0.002991,9.875179
1755402733666,0.265603,-0.041276,9.891929
1755402733668,0.275175,-0.024526,9.882358
1755402733671,0.244068,-0.019741,9.877572
1755402733673,0.270389,-0.024526,9.875179
1755402733676,0.27996,-0.024526,9.891929
1755402733678,0.275175,-0.019741,9.889536
1755402733680,0.284746,-0.036491,9.865608
1755402733683,0.270389,-0.014955,9.899107
1755402733685,0.267996,-0.017348,9.896714
1755402733689,0.315853,-0.012562,9.872787
1755402733691,0.289532,-0.031705,9.882358
1755402733692,0.270389,-0.026919,9.868001
1755402733695,0.301496,-0.007777,9.875179
1755402733697,0.258425,-0.029312,9.882358
1755402733699,0.260818,-0.034098,9.88475
1755402733702,0.263211,-0.014955,9.856036
1755402733704,0.246461,-0.026919,9.894321
1755402733707,0.27996,-0.014955,9.877572
1755402733710,0.301496,-0.014955,9.887143
1755402733711,0.289532,-0.000598,9.889536
1755402733714,0.270389,-0.007777,9.882358
1755402733716,0.260818,-0.012562,9.889536
1755402733718,0.265603,-0.031705,9.88475
1755402733721,0.267996,-0.019741,9.88475
1755402733725,0.270389,-0.010169,9.894321
1755402733726,0.289532,-0.012562,9.875179
1755402733728,0.27996,-0.038883,9.903893
1755402733731,0.272782,-0.010169,9.877572
1755402733733,0.239282,-0.014955,9.865608
1755402733736,0.284746,-0.026919,9.88475
1755402733738,0.267996,-0.014955,9.877572
1755402733741,0.284746,-0.012562,9.891929
1755402733743,0.299103,-0.034098,9.877572
1755402733745,0.315853,-0.012562,9.868001
1755402733748,0.284746,-0.026919,9.882358
1755402733750,0.289532,0.001795,9.877572
1755402733752,0.265603,-0.014955,9.903893
1755402733755,0.263211,-0.031705,9.879965
1755402733758,0.299103,-0.019741,9.865608
1755402733760,0.289532,-0.038883,9.891929
1755402733762,0.272782,-0.029312,9.875179
1755402733764,0.263211,-0.034098,9.868001
1755402733767,0.303888,-0.029312,9.882358
1755402733769,0.282353,-0.058026,9.88475
1755402733771,0.294317,-0.029312,9.894321
1755402733775,0.277567,-0.012562,9.894321
1755402733777,0.263211,0.00658,9.88475
1755402733778,0.27996,-0.024526,9.865608
1755402733781,0.311067,-0.024526,9.875179
1755402733783,0.260818,-0.024526,9.889536
1755402733785,0.270389,-0.065204,9.872787
1755402733788,0.277567,-0.029312,9.872787
1755402733792,0.253639,-0.036491,9.894321
1755402733793,0.258425,-0.038883,9.891929
1755402733796,0.229711,-0.017348,9.88475
1755402733798,0.282353,0.001795,9.899107
1755402733800,0.275175,-0.007777,9.877572
1755402733802,0.294317,-0.022134,9.872787
1755402733805,0.272782,-0.007777,9.875179
1755402733807,0.265603,0.001795,9.868001
1755402733810,0.277567,-0.043669,9.889536
1755402733812,0.275175,0.018544,9.865608
1755402733814,0.267996,-0.029312,9.891929
1755402733817,0.256032,-0.029312,9.889536
1755402733819,0.287139,-0.034098,9.872787
1755402733822,0.260818,-0.000598,9.889536
1755402733824,0.258425,-0.024526,9.872787
1755402733826,0.275175,-0.029312,9.868001
1755402733829,0.260818,-0.029312,9.860822
1755402733831,0.277567,-0.05324,9.863214
1755402733833,0.306281,-0.026919,9.903893
1755402733836,0.311067,-0.031705,9.882358
1755402733838,0.253639,-0.012562,9.877572
1755402733840,0.284746,-0.022134,9.877572
1755402733844,0.277567,-0.024526,9.877572
1755402733845,0.303888,-0.012562,9.875179
1755402733848,0.275175,0.02333,9.88475
1755402733850,0.294317,-0.017348,9.858429
1755402733853,0.277567,-0.017348,9.889536
1755402733855,0.270389,0.00658,9.913465
1755402733858,0.294317,-0.022134,9.887143
1755402733860,0.301496,-0.029312,9.894321
1755402733862,0.308674,-0.002991,9.887143
1755402733865,0.291924,-0.038883,9.875179
1755402733867,0.282353,0.001795,9.889536
1755402733869,0.256032,-0.036491,9.903893
1755402733872,0.258425,-0.029312,9.889536
1755402733874,0.265603,-0.043669,9.88475
1755402733877,0.291924,-0.012562,9.882358
1755402733879,0.291924,-0.029312,9.875179
1755402733882,0.303888,-0.010169,9.903893
1755402733884,0.258425,-0.019741,9.891929
1755402733887,0.272782,-0.026919,9.865608
1755402733889,0.270389,-0.036491,9.865608
1755402733891,0.256032,-0.014955,9.877572
1755402733894,0.270389,-0.017348,9.887143
1755402733896,0.270389,-0.005384,9.858429
1755402733899,0.270389,-0.031705,9.870394
1755402733901,0.277567,-0.019741,9.887143
1755402733903,0.291924,-0.012562,9.882358
1755402733906,0.263211,-0.019741,9.882358
1755402733908,0.275175,-0.024526,9.88475
1755402733911,0.299103,-0.024526,9.875179
1755402733915,0.294317,-0.029312,9.882358
1755402733917,0.277567,-0.034098,9.868001
1755402733918,0.294317,-0.041276,9.875179
1755402733920,0.239282,-0.041276,9.872787
1755402733923,0.294317,-0.034098,9.894321
1755402733925,0.303888,-0.026919,9.870394
1755402733928,0.277567,-0.010169,9.879965
1755402733929,0.267996,-0.038883,9.870394
1755402733932,0.244068,-0.014955,9.88475
1755402733934,0.270389,-0.014955,9.887143
1755402733936,0.229711,-0.022134,9.906285
1755402733939,0.282353,-0.029312,9.877572
1755402733941,0.289532,-0.024526,9.865608
1755402733944,0.299103,-0.019741,9.875179
1755402733946,0.291924,-0.010169,9.856036
1755402733948,0.265603,-0.038883,9.88475
1755402733951,0.256032,-0.002991,9.887143
1755402733953,0.265603,-0.022134,9.88475
1755402733956,0.289532,-0.026919,9.875179
1755402733958,0.291924,-0.024526,9.891929
1755402733961,0.244068,-0.002991,9.877572
1755402733963,0.299103,-0.024526,9.889536
1755402733966,0.27996,-0.019741,9.872787
1755402733968,0.277567,-0.017348,9.877572
1755402733970,0.27996,-0.024526,9.860822
1755402733973,0.270389,-0.019741,9.875179
1755402733975,0.275175,-0.017348,9.889536
1755402733978,0.291924,0.018544,9.879965
1755402733980,0.263211,-0.029312,9.899107
1755402733982,0.265603,-0.038883,9.894321
1755402733985,0.260818,-0.031705,9.872787
1755402733987,0.287139,-0.012562,9.882358
1755402733989,0.301496,-0.019741,9.860822
1755402733992,0.258425,-0.014955,9.894321
1755402733996,0.308674,-0.022134,9.868001
1755402733997,0.241675,-0.050847,9.865608
1755402733999,0.270389,-0.012562,9.860822
1755402734002,0.265603,-0.010169,9.877572
1755402734003,0.270389,-0.031705,9.88475
1755402734006,0.267996,-0.017348,9.865608
1755402734008,0.284746,-0.026919,9.863214
1755402734011,0.270389,-0.024526,9.896714
1755402734014,0.282353,-0.024526,9.9015
1755402734016,0.267996,0.011366,9.879965
1755402734018,0.251246,-0.019741,9.9015
1755402734021,0.332602,-0.029312,9.891929
1755402734023,0.294317,-0.017348,9.844072
1755402734025,0.29671,-0.019741,9.887143
1755402734027,0.27996,-0.014955,9.911072
1755402734030,0.270389,-0.022134,9.882358
1755402734033,0.301496,-0.046062,9.88475
1755402734035,0.289532,-0.007777,9.891929
1755402734037,0.284746,-0.012562,9.896714
1755402734040,0.272782,-0.046062,9.899107
1755402734042,0.256032,0.00658,9.863214
1755402734044,0.267996,0.004187,9.858429
1755402734047,0.239282,-0.026919,9.875179
1755402734049,0.27996,-0.012562,9.903893
1755402734051,0.291924,-0.024526,9.879965
1755402734054,0.270389,-0.007777,9.872787
1755402734056,0.306281,-0.017348,9.860822
1755402734059,0.299103,-0.024526,9.9015
1755402734061,0.265603,-0.024526,9.887143
1755402734064,0.256032,-0.031705,9.860822
1755402734066,0.270389,-0.041276,9.903893
1755402734069,0.267996,-0.014955,9.879965
1755402734071,0.29671,-0.026919,9.875179
1755402734073,0.311067,-0.010169,9.882358
1755402734075,0.308674,-0.026919,9.868001
1755402734078,0.31346,-0.014955,9.868001
1755402734081,0.301496,-0.022134,9.863214
1755402734083,0.275175,-0.024526,9.889536
1755402734085,0.265603,-0.034098,9.853643
1755402734087,0.311067,-0.029312,9.865608
1755402734090,0.277567,-0.010169,9.875179
1755402734093,0.267996,-0.026919,9.88475
1755402734094,0.246461,-0.026919,9.887143
1755402734098,0.267996,-0.022134,9.891929
1755402734101,0.282353,-0.019741,9.887143
1755402734102,0.263211,-0.007777,9.882358
1755402734104,0.258425,0.00658,9.894321
1755402734107,0.270389,-0.007777,9.882358
1755402734109,0.267996,-0.017348,9.879965
1755402734111,0.256032,-0.031705,9.870394
1755402734114,0.232104,-0.010169,9.887143
1755402734116,0.270389,-0.026919,9.865608
1755402734118,0.299103,-0.012562,9.875179
1755402734121,0.282353,-0.036491,9.865608
1755402734123,0.301496,-0.026919,9.851251
1755402734126,0.287139,-0.036491,9.899107
1755402734128,0.284746,-0.010169,9.88475
1755402734132,0.291924,-0.012562,9.889536
1755402734133,0.277567,-0.010169,9.913465
1755402734135,0.284746,-0.012562,9.894321
1755402734138,0.284746,-0.036491,9.863214
1755402734140,0.291924,-0.014955,9.858429
1755402734143,0.270389,-0.012562,9.875179
1755402734145,0.239282,-0.031705,9.896714
1755402734149,0.287139,-0.048455,9.863214
1755402734150,0.289532,-0.022134,9.853643
1755402734154,0.294317,-0.017348,9.889536
1755402734155,0.267996,-0.026919,9.877572
1755402734157,0.270389,-0.002991,9.872787
1755402734159,0.267996,-0.005384,9.875179
1755402734162,0.256032,-0.036491,9.903893
1755402734164,0.29671,0.011366,9.879965
1755402734167,0.270389,-0.043669,9.88475
1755402734169,0.301496,-0.038883,9.860822
1755402734171,0.287139,-0.026919,9.858429
1755402734174,0.253639,-0.05324,9.903893
1755402734176,0.270389,-0.014955,9.879965
1755402734178,0.301496,-0.041276,9.865608
1755402734181,0.289532,-0.012562,9.865608
1755402734184,0.267996,-0.026919,9.875179
1755402734186,0.294317,-0.036491,9.894321
1755402734188,0.308674,-0.026919,9.887143
1755402734191,0.29671,-0.002991,9.882358
1755402734193,0.287139,-0.031705,9.870394
1755402734195,0.325424,-0.007777,9.868001
1755402734198,0.287139,-0.012562,9.875179
1755402734200,0.267996,-0.007777,9.877572
1755402734202,0.256032,-0.05324,9.882358
1755402734205,0.275175,-0.026919,9.877572
1755402734207,0.294317,-0.005384,9.887143
1755402734209,0.272782,-0.014955,9.899107
1755402734212,0.289532,-0.034098,9.88475
1755402734215,0.284746,-0.048455,9.891929
1755402734217,0.303888,-0.05324,9.887143
1755402734219,0.299103,-0.012562,9.863214
1755402734222,0.270389,-0.019741,9.870394
1755402734225,0.270389,-0.010169,9.872787
1755402734226,0.301496,-0.031705,9.860822
1755402734229,0.303888,-0.034098,9.853643
1755402734231,0.260818,-0.012562,9.882358
1755402734234,0.275175,-0.019741,9.88475
1755402734236,0.287139,-0.005384,9.870394
1755402734238,0.289532,-0.038883,9.899107
1755402734241,0.275175,-0.012562,9.899107
1755402734243,0.260818,-0.026919,9.9015
1755402734246,0.287139,-0.010169,9.860822
1755402734248,0.248854,-0.007777,9.894321
1755402734251,0.260818,-0.024526,9.875179
1755402734253,0.303888,-0.041276,9.872787
1755402734255,0.287139,-0.031705,9.877572
1755402734258,0.301496,-0.041276,9.872787
1755402734260,0.277567,-0.029312,9.863214
1755402734262,0.306281,-0.022134,9.860822
1755402734265,0.284746,-0.007777,9.903893
1755402734271,0.277567,-0.014955,9.889536
1755402734272,0.265603,-0.007777,9.891929
1755402734274,0.267996,-0.002991,9.906285
1755402734276,0.272782,-0.000598,9.882358
1755402734277,0.303888,-0.010169,9.877572
1755402734279,0.263211,-0.014955,9.896714
1755402734281,0.258425,-0.022134,9.896714
1755402734285,0.289532,-0.043669,9.870394
1755402734287,0.258425,-0.043669,9.903893
1755402734289,0.289532,0.001795,9.889536
1755402734291,0.31346,0.00658,9.870394
1755402734293,0.282353,-0.024526,9.911072
1755402734296,0.272782,-0.058026,9.875179
1755402734299,0.275175,-0.022134,9.872787
1755402734302,0.258425,-0.026919,9.872787
1755402734304,0.263211,-0.024526,9.863214
1755402734306,0.277567,-0.007777,9.870394
1755402734308,0.294317,-0.026919,9.88475
1755402734311,0.277567,-0.017348,9.879965
1755402734313,0.311067,-0.000598,9.868001
1755402734315,0.289532,-0.022134,9.860822
1755402734319,0.299103,-0.014955,9.868001
1755402734321,0.294317,-0.026919,9.894321
1755402734323,0.299103,-0.022134,9.868001
1755402734325,0.270389,-0.026919,9.877572
1755402734327,0.258425,-0.017348,9.887143
1755402734329,0.258425,-0.046062,9.887143
1755402734332,0.256032,-0.041276,9.865608
1755402734336,0.294317,-0.007777,9.882358
1755402734338,0.287139,-0.024526,9.88475
1755402734339,0.265603,-0.031705,9.875179
1755402734342,0.270389,-0.050847,9.894321
1755402734344,0.272782,-0.005384,9.863214
1755402734347,0.282353,-0.031705,9.863214
1755402734349,0.275175,-0.024526,9.865608
1755402734351,0.287139,-0.010169,9.9015
1755402734354,0.275175,-0.010169,9.899107
1755402734356,0.260818,-0.031705,9.877572
1755402734359,0.318245,-0.026919,9.863214
1755402734361,0.299103,0.020937,9.88475
1755402734363,0.284746,-0.014955,9.879965
1755402734365,0.265603,-0.043669,9.856036
1755402734368,0.291924,-0.022134,9.877572
1755402734371,0.270389,-0.026919,9.896714
1755402734374,0.258425,-0.019741,9.906285
1755402734375,0.323031,-0.022134,9.88475
1755402734377,0.270389,-0.048455,9.868001
1755402734380,0.265603,-0.026919,9.858429
1755402734382,0.270389,-0.022134,9.891929
1755402734384,0.267996,-0.000598,9.863214
1755402734387,0.27996,-0.005384,9.870394
1755402734389,0.251246,-0.026919,9.868001
1755402734392,0.27996,-0.041276,9.896714
1755402734394,0.260818,-0.014955,9.887143
1755402734396,0.29671,-0.029312,9.863214
1755402734399,0.260818,-0.019741,9.860822
1755402734401,0.27996,-0.031705,9.879965
1755402734404,0.251246,-0.036491,9.887143
1755402734407,0.277567,-0.029312,9.877572
1755402734409,0.303888,-0.029312,9.891929
1755402734411,0.27996,-0.010169,9.865608
1755402734413,0.263211,-0.005384,9.868001
1755402734416,0.270389,-0.019741,9.872787
1755402734418,0.284746,0.001795,9.899107
1755402734421,0.289532,-0.005384,9.903893
1755402734423,0.267996,-0.022134,9.856036
1755402734425,0.258425,-0.029312,9.844072
1755402734428,0.289532,0.011366,9.875179
1755402734430,0.263211,-0.010169,9.891929
1755402734433,0.284746,-0.010169,9.899107
1755402734435,0.27996,-0.034098,9.875179
1755402734437,0.282353,-0.007777,9.896714
1755402734440,0.256032,0.001795,9.875179
1755402734443,0.232104,-0.038883,9.882358
1755402734444,0.270389,-0.043669,9.860822
1755402734447,0.27996,-0.014955,9.891929
1755402734449,0.306281,-0.029312,9.875179
1755402734452,0.303888,-0.010169,9.889536
1755402734455,0.27996,-0.055633,9.875179
1755402734457,0.263211,-0.024526,9.88475
1755402734459,0.265603,-0.041276,9.899107
1755402734461,0.299103,-0.007777,9.868001
1755402734464,0.284746,-0.022134,9.877572
1755402734466,0.284746,-0.026919,9.891929
1755402734469,0.251246,-0.000598,9.882358
1755402734472,0.27996,-0.031705,9.891929
1755402734477,0.27996,-0.024526,9.894321
1755402734478,0.282353,-0.022134,9.891929
1755402734480,0.258425,-0.043669,9.9015
1755402734481,0.275175,-0.017348,9.911072
1755402734483,0.306281,-0.024526,9.88475
1755402734485,0.294317,-0.031705,9.896714
1755402734488,0.291924,-0.046062,9.872787
1755402734491,0.277567,-0.043669,9.882358
1755402734493,0.284746,0.004187,9.872787
1755402734495,0.246461,-0.000598,9.851251
1755402734498,0.282353,-0.007777,9.891929
1755402734499,0.33021,-0.002991,9.863214
1755402734502,0.282353,-0.029312,9.899107
1755402734506,0.289532,-0.022134,9.889536
1755402734508,0.248854,-0.031705,9.915857
1755402734510,0.282353,-0.050847,9.894321
1755402734512,0.287139,-0.019741,9.915857
1755402734514,0.29671,-0.017348,9.820144
1755402734516,0.241675,-0.034098,9.923036
1755402734519,0.27996,0.001795,9.851251
1755402734522,0.251246,-0.019741,9.896714
1755402734524,0.27996,-0.017348,9.858429
1755402734526,0.270389,-0.041276,9.911072
1755402734528,0.251246,-0.010169,9.882358
1755402734531,0.303888,-0.014955,9.875179
1755402734533,0.299103,0.016152,9.889536
1755402734536,0.284746,-0.031705,9.860822
1755402734538,0.265603,-0.002991,9.911072
1755402734541,0.258425,-0.034098,9.894321
1755402734543,0.301496,-0.019741,9.858429
1755402734545,0.251246,-0.038883,9.882358
1755402734547,0.272782,-0.05324,9.939785
1755402734550,0.284746,-0.031705,9.906285
1755402734552,0.272782,-0.034098,9.815358
1755402734555,0.289532,-0.022134,9.896714
1755402734558,0.270389,-0.041276,9.872787
1755402734560,0.275175,-0.010169,9.911072
1755402734562,0.241675,-0.034098,9.872787
1755402734564,0.263211,-0.038883,9.834501
1755402734567,0.267996,-0.026919,9.925428
1755402734569,0.227318,0.004187,9.82493
1755402734571,0.270389,-0.022134,9.836894
1755402734574,0.289532,-0.036491,9.906285
1755402734576,0.306281,-0.029312,9.875179
1755402734579,0.256032,-0.002991,9.882358
1755402734581,0.294317,-0.048455,9.964012
1755402734583,0.289532,-0.000598,9.683753
1755402734586,0.205783,-0.081954,10.138689
1755402734588,0.344566,0.054437,9.80818
1755402734591,0.248854,-0.058026,9.973584
1755402734595,0.351745,-0.017348,9.856036
1755402734596,0.318245,-0.014955,10.033404
1755402734598,0.265603,-0.029312,9.827323
1755402734600,0.205783,-0.010169,9.779466
1755402734603,0.299103,-0.065204,9.896714
1755402734605,0.236889,-0.010169,9.805787
1755402734608,0.265603,-0.014955,9.911072
1755402734611,0.339781,-0.055633,9.908679
1755402734612,0.253639,-0.024526,9.82493
1755402734615,0.267996,0.016152,9.757931
1755402734617,0.20339,-0.022134,9.772287
1755402734619,0.258425,-0.005384,9.719646
1755402734622,0.251246,-0.067597,10.074082
1755402734624,0.409173,0.001795,9.872787
1755402734627,0.232104,-0.05324,9.853643
1755402734629,0.349352,-0.014955,9.899107
1755402734632,0.277567,-0.060419,9.870394
1755402734634,0.299103,-0.036491,9.959227
1755402734636,0.253639,-0.043669,9.834501
1755402734639,0.411565,-0.060419,10.129117
1755402734642,0.354138,-0.060419,9.959227
1755402734644,0.260818,-0.029312,9.812965
1755402734646,0.263211,-0.036491,9.870394
1755402734649,0.332602,-0.041276,9.779466
1755402734651,0.354138,-0.036491,10.141082
1755402734653,0.354138,-0.077169,9.908679
1755402734655,0.368495,-0.038883,10.007083
1755402734658,0.251246,0.00658,9.793823
1755402734661,0.251246,-0.036491,9.844072
1755402734663,0.299103,-0.007777,9.954441
1755402734665,0.277567,-0.012562,9.920643
1755402734667,0.234497,-0.010169,9.877572
1755402734670,0.267996,-0.017348,9.82493
1755402734672,0.282353,-0.026919,9.882358
1755402734675,0.334995,-0.026919,10.090832
1755402734677,0.244068,-0.014955,9.856036
1755402734679,0.265603,-0.026919,9.827323
1755402734682,0.349352,-0.058026,9.961619
1755402734684,0.287139,-0.007777,9.985548
1755402734686,0.301496,-0.05324,9.870394
1755402734689,0.244068,-0.010169,9.913465
1755402734692,0.263211,-0.031705,9.875179
1755402734694,0.299103,-0.048455,9.860822
1755402734696,0.339781,-0.046062,9.973584
1755402734698,0.244068,0.001795,9.817751
1755402734701,0.284746,-0.050847,9.829716
1755402734703,0.263211,-0.026919,9.91825
1755402734706,0.289532,0.030508,9.832108
1755402734708,0.260818,0.011366,9.975977
1755402734713,0.299103,-0.055633,9.801002
1755402734715,0.287139,-0.041276,9.952048
1755402734716,0.337388,0.011366,9.784252
1755402734718,0.229711,-0.002991,10.00469
1755402734720,0.375673,-0.017348,9.736395
1755402734722,0.195912,-0.058026,9.992726
1755402734725,0.33021,0.066401,9.82493
1755402734728,0.277567,0.044865,9.97837
1755402734730,0.289532,-0.096311,9.805787
1755402734732,0.291924,-0.084347,9.765109
1755402734734,0.260818,0.068794,10.023833
1755402734737,0.239282,-0.017348,9.753145
1755402734739,0.289532,-0.115454,9.822537
1755402734742,0.251246,0.013759,10.074082
1755402734745,0.256032,0.020937,9.700503
1755402734746,0.246461,-0.079561,9.891929
1755402734749,0.339781,0.02333,9.997512
1755402734751,0.27996,-0.007777,9.853643
1755402734754,0.277567,-0.048455,9.870394
1755402734756,0.332602,0.020937,9.920643
1755402734758,0.294317,-0.005384,9.848858
1755402734761,0.253639,-0.010169,9.868001
1755402734763,0.334995,-0.010169,9.865608
1755402734765,0.244068,-0.055633,9.882358
1755402734768,0.334995,-0.000598,9.858429
1755402734770,0.263211,-0.062812,9.903893
1755402734773,0.258425,0.001795,9.942178
1755402734775,0.337388,0.028116,9.793823
1755402734778,0.217747,-0.024526,9.995119
1755402734780,0.29671,-0.010169,9.803394
1755402734782,0.284746,-0.084347,9.899107
1755402734785,0.289532,-0.012562,9.755538
1755402734787,0.267996,-0.048455,9.942178
1755402734789,0.275175,0.032901,9.9015
1755402734792,0.267996,-0.012562,9.879965
1755402734796,0.234497,-0.060419,9.968799
1755402734798,0.291924,-0.046062,9.77468
1755402734799,0.251246,-0.022134,9.997512
1755402734802,0.311067,0.02333,9.801002
1755402734804,0.212961,-0.072383,9.990334
1755402734806,0.294317,-0.034098,9.738789
1755402734809,0.277567,0.00658,9.985548
1755402734812,0.323031,0.032901,9.817751
1755402734814,0.234497,-0.041276,9.834501
1755402734816,0.318245,-0.074776,9.822537
1755402734818,0.239282,0.018544,9.990334
1755402734821,0.306281,0.028116,9.865608
1755402734823,0.256032,-0.058026,9.947263
1755402734826,0.332602,-0.012562,9.911072
1755402734828,0.270389,-0.046062,9.820144
1755402734832,0.270389,-0.072383,9.872787
1755402734834,0.320638,-0.024526,9.827323
1755402734836,0.258425,-0.026919,9.973584
1755402734838,0.244068,-0.036491,9.80818
1755402734840,0.258425,-0.019741,9.906285
1755402734843,0.258425,-0.038883,9.870394
1755402734846,0.303888,-0.041276,9.877572
1755402734847,0.308674,-0.034098,9.911072
1755402734850,0.277567,0.020937,9.827323
1755402734852,0.289532,-0.000598,9.868001
1755402734854,0.277567,-0.077169,9.84168
1755402734857,0.272782,-0.026919,9.875179
1755402734859,0.277567,-0.026919,9.899107
1755402734863,0.277567,0.001795,9.801002
1755402734864,0.299103,-0.041276,9.908679
1755402734866,0.277567,-0.031705,9.903893
1755402734869,0.260818,-0.012562,9.829716
1755402734871,0.248854,-0.031705,9.908679
1755402734873,0.306281,-0.031705,9.868001
1755402734876,0.234497,-0.038883,9.887143
1755402734880,0.263211,-0.024526,9.891929
1755402734881,0.265603,-0.022134,9.88475
1755402734883,0.282353,-0.012562,9.995119
1755402734885,0.284746,0.00658,9.765109
1755402734888,0.263211,-0.058026,9.870394
1755402734890,0.318245,-0.007777,9.856036
1755402734893,0.291924,0.013759,9.925428
1755402734896,0.284746,-0.05324,9.872787
1755402734898,0.306281,-0.017348,9.896714
1755402734900,0.251246,-0.019741,9.920643
1755402734902,0.289532,-0.036491,9.860822
1755402734904,0.284746,-0.029312,9.91825
1755402734907,0.267996,-0.002991,9.836894
1755402734909,0.270389,-0.034098,9.906285
1755402734912,0.306281,-0.002991,9.877572
1755402734915,0.289532,-0.050847,9.930214
1755402734918,0.270389,-0.012562,9.882358
1755402734919,0.29671,-0.034098,9.870394
1755402734921,0.282353,-0.026919,9.925428
1755402734924,0.275175,-0.010169,9.927821
1755402734926,0.256032,-0.065204,9.781859
1755402734928,0.251246,-0.034098,9.911072
1755402734931,0.291924,-0.019741,9.829716
1755402734934,0.260818,-0.026919,9.964012
1755402734936,0.258425,-0.041276,9.846465
1755402734938,0.253639,-0.034098,9.877572
1755402734940,0.256032,-0.029312,9.891929
1755402734943,0.260818,-0.007777,9.889536
1755402734945,0.29671,-0.038883,9.863214
1755402734948,0.265603,-0.014955,9.863214
1755402734950,0.27996,-0.026919,9.899107
1755402734952,0.291924,-0.014955,9.868001
1755402734955,0.299103,-0.036491,9.932607
1755402734958,0.291924,-0.026919,9.856036
1755402734960,0.33021,-0.046062,9.899107
1755402734962,0.272782,-0.031705,9.91825
1755402734965,0.294317,-0.024526,9.868001
1755402734969,0.263211,-0.022134,9.894321
1755402734971,0.284746,-0.024526,9.865608
1755402734972,0.265603,-0.041276,9.913465
1755402734974,0.311067,0.001795,9.875179
1755402734977,0.308674,-0.022134,9.925428
1755402734979,0.299103,-0.012562,9.872787
1755402734983,0.267996,-0.026919,9.906285
1755402734984,0.27996,-0.019741,9.889536
1755402734986,0.258425,-0.019741,9.863214
1755402734989,0.263211,-0.019741,9.906285
1755402734991,0.299103,-0.029312,9.896714
1755402734993,0.244068,-0.019741,9.877572
1755402734996,0.289532,-0.024526,9.858429
1755402734998,0.284746,-0.005384,9.877572
1755402735000,0.287139,-0.041276,9.88475
1755402735003,0.291924,-0.019741,9.848858
1755402735006,0.256032,0.018544,9.903893
1755402735008,0.29671,-0.014955,9.882358
1755402735010,0.284746,-0.022134,9.88475
1755402735013,0.270389,-0.031705,9.9015
1755402735016,0.282353,-0.014955,9.875179
1755402735018,0.29671,-0.046062,9.887143
1755402735021,0.306281,-0.024526,9.9015
1755402735022,0.282353,-0.012562,9.870394
1755402735025,0.265603,0.013759,9.887143
1755402735027,0.299103,-0.010169,9.872787
1755402735029,0.27996,-0.014955,9.891929
1755402735032,0.284746,-0.043669,9.903893
1755402735035,0.263211,-0.014955,9.889536
1755402735038,0.291924,-0.010169,9.868001
1755402735039,0.311067,-0.007777,9.868001
1755402735042,0.289532,-0.005384,9.870394
1755402735044,0.311067,-0.029312,9.875179
1755402735046,0.253639,-0.041276,9.865608
1755402735049,0.256032,-0.019741,9.853643
1755402735052,0.282353,-0.014955,9.913465
1755402735053,0.282353,0.001795,9.879965
1755402735055,0.303888,-0.012562,9.889536
1755402735058,0.265603,0.001795,9.906285
1755402735060,0.287139,-0.043669,9.894321
1755402735063,0.275175,-0.022134,9.877572
1755402735066,0.299103,-0.010169,9.894321
1755402735068,0.284746,-0.038883,9.875179
1755402735070,0.282353,-0.031705,9.872787
1755402735072,0.301496,-0.022134,9.896714
1755402735075,0.260818,-0.005384,9.889536
1755402735077,0.27996,-0.014955,9.889536
1755402735080,0.260818,-0.017348,9.899107
1755402735082,0.289532,-0.019741,9.889536
1755402735084,0.289532,-0.022134,9.872787
1755402735087,0.263211,-0.012562,9.889536
1755402735089,0.244068,-0.010169,9.887143
1755402735091,0.267996,-0.031705,9.865608
1755402735094,0.289532,-0.034098,9.877572
1755402735096,0.284746,-0.029312,9.865608
1755402735099,0.308674,-0.017348,9.868001
1755402735101,0.308674,-0.022134,9.879965
1755402735103,0.265603,-0.026919,9.889536
1755402735106,0.27996,-0.048455,9.882358
1755402735108,0.256032,-0.043669,9.894321
1755402735111,0.272782,-0.007777,9.870394
1755402735113,0.265603,-0.038883,9.856036
1755402735115,0.31346,-0.014955,9.88475
1755402735119,0.289532,-0.029312,9.891929
1755402735121,0.282353,-0.022134,9.894321
1755402735123,0.246461,-0.024526,9.889536
1755402735125,0.27996,-0.012562,9.863214
1755402735127,0.287139,-0.010169,9.894321
1755402735130,0.306281,-0.012562,9.860822
1755402735132,0.287139,-0.024526,9.877572
1755402735135,0.272782,-0.038883,9.875179
1755402735138,0.277567,-0.017348,9.875179
1755402735139,0.267996,-0.026919,9.872787
1755402735143,0.267996,-0.026919,9.9015
1755402735144,0.267996,0.001795,9.882358
1755402735147,0.289532,-0.022134,9.894321
1755402735149,0.267996,-0.014955,9.868001
1755402735152,0.260818,-0.024526,9.88475
1755402735156,0.303888,-0.031705,9.872787
1755402735157,0.270389,-0.007777,9.899107
1755402735159,0.299103,-0.007777,9.872787
1755402735161,0.284746,-0.022134,9.856036
1755402735163,0.284746,-0.017348,9.882358
1755402735166,0.27996,0.00658,9.858429
1755402735168,0.289532,-0.007777,9.879965
1755402735170,0.267996,-0.031705,9.870394
1755402735173,0.267996,-0.038883,9.894321
1755402735175,0.308674,-0.024526,9.9015
1755402735178,0.29671,-0.002991,9.834501
1755402735180,0.289532,-0.034098,9.872787
1755402735183,0.265603,-0.060419,9.964012
1755402735185,0.291924,0.001795,9.817751
1755402735188,0.267996,-0.012562,9.894321
1755402735190,0.284746,-0.026919,9.860822
1755402735192,0.318245,-0.038883,9.896714
1755402735195,0.29671,-0.012562,9.777073
1755402735197,0.253639,-0.041276,9.975977
1755402735199,0.287139,0.004187,9.815358
1755402735203,0.258425,-0.019741,9.908679
1755402735204,0.263211,-0.000598,9.815358
1755402735206,0.258425,-0.055633,9.9015
1755402735210,0.256032,-0.043669,9.903893
1755402735211,0.318245,0.025723,9.853643
1755402735214,0.229711,-0.005384,10.019048
1755402735216,0.303888,-0.024526,9.698111
1755402735220,0.246461,-0.06999,10.028619
1755402735221,0.342174,0.020937,9.779466
1755402735224,0.22014,-0.012562,10.009477
1755402735226,0.370888,-0.014955,9.745967
1755402735228,0.244068,-0.105882,9.973584
1755402735230,0.349352,-0.005384,9.817751
1755402735233,0.267996,-0.024526,9.954441
1755402735235,0.29671,0.05683,9.858429
1755402735238,0.251246,-0.093918,9.88475
1755402735240,0.29671,-0.043669,9.848858
1755402735244,0.320638,-0.034098,9.856036
1755402735245,0.260818,0.013759,9.990334
1755402735247,0.354138,0.011366,9.750752
1755402735250,0.210568,-0.079561,9.968799
1755402735252,0.320638,-0.002991,9.796216
1755402735255,0.22014,0.011366,9.980762
1755402735258,0.337388,-0.005384,9.79143
1755402735259,0.244068,-0.055633,9.952048
1755402735262,0.320638,-0.022134,9.79143
1755402735264,0.27996,-0.005384,9.927821
1755402735266,0.320638,-0.031705,9.856036
1755402735269,0.282353,-0.019741,9.896714
1755402735271,0.275175,-0.024526,9.863214
1755402735273,0.251246,0.008973,9.91825
1755402735276,0.311067,-0.010169,9.853643
1755402735278,0.270389,-0.017348,9.903893
1755402735281,0.284746,-0.029312,9.896714
1755402735283,0.27996,-0.022134,9.868001
1755402735285,0.284746,-0.014955,9.896714
1755402735288,0.284746,-0.007777,9.839287
1755402735290,0.284746,-0.019741,9.899107
1755402735293,0.291924,-0.002991,9.856036
1755402735295,0.289532,-0.041276,9.894321
1755402735298,0.277567,0.00658,9.834501
1755402735300,0.251246,-0.038883,9.889536
1755402735302,0.265603,-0.024526,9.853643
1755402735305,0.29671,-0.022134,9.851251
1755402735307,0.294317,-0.029312,9.877572
1755402735309,0.327817,-0.048455,9.913465
1755402735312,0.306281,-0.022134,9.827323
1755402735314,0.282353,-0.031705,9.894321
1755402735317,0.282353,-0.031705,9.891929
1755402735319,0.275175,-0.041276,9.877572
1755402735322,0.27996,-0.002991,9.887143
1755402735324,0.282353,-0.005384,9.844072
1755402735327,0.263211,-0.034098,9.875179
1755402735329,0.267996,-0.019741,9.88475
1755402735331,0.287139,-0.000598,9.88475
1755402735333,0.308674,-0.005384,9.947263
1755402735336,0.303888,0.028116,9.868001
1755402735339,0.267996,-0.029312,9.906285
1755402735341,0.29671,-0.012562,9.760324
1755402735343,0.275175,-0.081954,10.016655
1755402735346,0.301496,0.061615,9.82493
1755402735348,0.272782,-0.031705,9.796216
1755402735350,0.200997,-0.084347,10.119546
1755402735353,0.411565,0.078365,9.652647
1755402735356,0.174377,-0.127418,9.97837
1755402735357,0.303888,0.035294,9.992726
1755402735360,0.332602,0.018544,9.645468
1755402735362,0.186341,-0.168096,10.052547
1755402735365,0.368495,0.066401,9.91825
1755402735367,0.272782,-0.034098,9.719646
1755402735370,0.22014,-0.101097,10.040583
1755402735373,0.351745,0.126221,9.860822
1755402735376,0.253639,-0.05324,9.750752
1755402735377,0.236889,-0.093918,10.031012
1755402735379,0.334995,0.073579,9.882358
1755402735382,0.208176,-0.074776,9.760324
1755402735384,0.299103,-0.06999,10.021441
1755402735386,0.323031,0.083151,9.911072
1755402735389,0.239282,-0.091525,9.726824
1755402735391,0.315853,-0.105882,10.028619
1755402735393,0.31346,0.083151,9.952048
1755402735396,0.22014,-0.055633,9.707682
1755402735399,0.315853,-0.120239,9.947263
1755402735400,0.301496,0.052044,10.00469
1755402735403,0.222533,-0.007777,9.693324
1755402735407,0.31346,-0.074776,9.997512
1755402735410,0.334995,0.052044,9.934999
1755402735411,0.217747,-0.024526,9.710074
1755402735412,0.299103,-0.074776,9.896714
1755402735415,0.29671,0.049651,10.119546
1755402735417,0.236889,0.047258,9.693324
1755402735420,0.248854,-0.127418,9.84168
1755402735422,0.325424,-0.029312,10.138689
1755402735425,0.267996,0.119043,9.724431
1755402735427,0.236889,-0.031705,9.820144
1755402735431,0.291924,-0.160917,9.882358
1755402735432,0.344566,-0.007777,9.882358
1755402735434,0.208176,0.147757,10.021441
1755402735436,0.282353,-0.065204,9.839287
1755402735439,0.294317,-0.158524,9.731609
1755402735442,0.265603,0.037687,10.081261
1755402735444,0.289532,0.121436,9.817751
1755402735447,0.260818,-0.065204,9.755538
1755402735449,0.275175,-0.156132,9.932607
1755402735451,0.334995,0.016152,9.875179
1755402735453,0.270389,0.131007,9.992726
1755402735455,0.263211,-0.067597,9.923036
1755402735458,0.275175,-0.125025,9.724431
1755402735460,0.241675,0.047258,10.026226
1755402735463,0.239282,0.087936,9.908679
1755402735465,0.291924,-0.079561,9.741181
1755402735468,0.260818,-0.129811,9.995119
1755402735470,0.256032,0.04008,9.772287
1755402735472,0.284746,0.044865,9.952048
1755402735475,0.227318,-0.10349,9.822537
1755402735477,0.301496,-0.055633,9.925428
1755402735479,0.267996,0.075972,9.896714
1755402735482,0.258425,-0.067597,9.91825
1755402735484,0.277567,-0.08674,9.729217
1755402735487,0.222533,-0.007777,9.997512
1755402735489,0.284746,0.052044,9.870394
1755402735492,0.301496,-0.098704,9.801002
1755402735495,0.287139,-0.048455,10.035797
1755402735497,0.308674,0.047258,9.760324
1755402735499,0.282353,-0.036491,9.872787
1755402735501,0.246461,-0.081954,9.956834
1755402735503,0.311067,0.013759,9.839287
1755402735506,0.275175,0.025723,9.906285
1755402735508,0.256032,-0.074776,9.939785
1755402735511,0.270389,-0.034098,9.88475
1755402735513,0.239282,0.068794,9.860822
1755402735516,0.232104,-0.038883,9.803394
1755402735518,0.318245,-0.067597,9.939785
1755402735520,0.263211,0.047258,9.903893
1755402735523,0.241675,-0.041276,9.762716
1755402735525,0.284746,-0.055633,9.97837
1755402735528,0.327817,0.032901,9.939785
1755402735531,0.248854,-0.029312,9.760324
1755402735533,0.270389,-0.050847,9.959227
1755402735535,0.308674,0.032901,9.968799
1755402735537,0.244068,-0.036491,9.832108
1755402735539,0.229711,-0.034098,9.934999
1755402735542,0.282353,-0.007777,9.868001
1755402735545,0.241675,-0.055633,9.911072
1755402735547,0.289532,-0.019741,9.810573
1755402735549,0.258425,-0.012562,9.975977
1755402735551,0.320638,0.00658,9.80818
1755402735554,0.289532,-0.055633,9.911072
1755402735556,0.289532,-0.022134,9.875179
1755402735560,0.248854,-0.036491,9.9015
1755402735562,0.275175,-0.000598,9.872787
1755402735564,0.277567,-0.005384,9.868001
1755402735566,0.277567,-0.022134,9.903893
1755402735569,0.327817,-0.010169,9.853643
1755402735571,0.265603,-0.029312,9.906285
1755402735573,0.277567,-0.034098,9.858429
1755402735576,0.282353,-0.010169,9.899107
1755402735578,0.256032,-0.031705,9.872787
1755402735580,0.265603,-0.010169,9.848858
1755402735583,0.272782,-0.017348,9.908679
1755402735585,0.275175,-0.024526,9.896714
1755402735587,0.258425,-0.062812,9.872787
1755402735590,0.236889,-0.029312,9.896714
1755402735594,0.227318,-0.038883,9.9015
1755402735597,0.256032,-0.017348,9.863214
1755402735599,0.267996,-0.024526,9.903893
1755402735600,0.260818,0.004187,9.879965
1755402735602,0.267996,-0.034098,9.877572
1755402735604,0.277567,-0.024526,9.88475
1755402735607,0.275175,-0.014955,9.875179
1755402735610,0.267996,0.008973,9.889536
1755402735611,0.256032,-0.007777,9.868001
1755402735614,0.277567,-0.000598,9.891929
1755402735617,0.303888,-0.029312,9.899107
1755402735619,0.260818,-0.029312,9.848858
1755402735621,0.267996,-0.048455,9.927821
1755402735623,0.258425,-0.046062,9.827323
1755402735626,0.29671,-0.058026,9.834501
1755402735628,0.306281,-0.012562,9.891929
1755402735631,0.325424,-0.031705,9.887143
1755402735634,0.239282,-0.010169,9.836894
1755402735636,0.282353,-0.05324,9.908679
1755402735638,0.239282,0.025723,10.011869
1755402735641,0.277567,0.028116,9.738789
1755402735643,0.256032,-0.113061,9.88475
1755402735645,0.303888,-0.005384,10.028619
1755402735647,0.311067,0.052044,9.724431
1755402735650,0.246461,-0.043669,9.968799
1755402735652,0.349352,0.020937,9.860822
1755402735654,0.232104,-0.062812,9.868001
1755402735657,0.265603,-0.007777,9.964012
1755402735659,0.323031,-0.000598,9.77468
1755402735661,0.215354,-0.10349,9.961619
1755402735664,0.342174,0.008973,9.741181
1755402735667,0.234497,-0.058026,10.002297
1755402735669,0.287139,0.013759,9.891929
1755402735671,0.29671,-0.010169,9.82493
1755402735674,0.241675,-0.024526,10.026226
1755402735676,0.337388,-0.046062,9.702896
1755402735678,0.215354,-0.06999,10.05494
1755402735681,0.349352,0.049651,9.700503
1755402735683,0.241675,-0.110668,10.033404
1755402735685,0.33021,0.028116,9.860822
1755402735688,0.277567,-0.024526,9.84168
1755402735691,0.222533,-0.017348,10.00469
1755402735693,0.33021,0.00658,9.702896
1755402735695,0.208176,-0.127418,10.052547
1755402735698,0.342174,0.05683,9.743574
1755402735700,0.282353,-0.074776,9.956834
1755402735703,0.29671,0.025723,9.939785
1755402735705,0.334995,-0.005384,9.77468
1755402735707,0.215354,-0.034098,10.066904
1755402735710,0.366102,0.016152,9.68136
1755402735712,0.212961,-0.072383,10.066904
1755402735714,0.394816,0.078365,9.738789
1755402735717,0.251246,-0.084347,9.999905
1755402735719,0.282353,0.042473,9.887143
1755402735722,0.291924,-0.038883,9.798609
1755402735724,0.20339,-0.029312,10.014262
1755402735726,0.325424,-0.000598,9.686146
1755402735729,0.191127,-0.077169,10.081261
1755402735733,0.325424,0.037687,9.690931
1755402735734,0.198604,-0.105882,10.076475
1755402735736,0.318245,0.052044,9.741181
1755402735739,0.236889,-0.08674,9.923036
1755402735741,0.267996,-0.007777,9.920643
1755402735743,0.337388,0.020937,9.753145
1755402735748,0.210568,-0.096311,9.964012
1755402735749,0.325424,-0.002991,9.700503
1755402735752,0.256032,-0.058026,10.009477
1755402735753,0.275175,0.044865,9.891929
1755402735755,0.308674,-0.017348,9.863214
1755402735757,0.232104,-0.012562,9.961619
1755402735760,0.287139,-0.007777,9.710074
1755402735764,0.227318,-0.067597,10.040583
1755402735765,0.361316,0.042473,9.801002
1755402735767,0.241675,-0.031705,9.944571
1755402735770,0.311067,0.028116,9.779466
1755402735773,0.277567,-0.062812,9.860822
1755402735774,0.29671,-0.019741,9.964012
1755402735777,0.29671,-0.036491,9.784252
1755402735779,0.260818,-0.029312,9.97837
1755402735781,0.334995,0.001795,9.772287
1755402735784,0.222533,-0.046062,9.992726
1755402735786,0.37328,0.001795,9.750752
1755402735788,0.248854,-0.072383,9.934999
1755402735791,0.318245,-0.002991,9.757931
1755402735793,0.248854,-0.036491,10.002297
1755402735796,0.291924,0.04008,9.829716
1755402735800,0.289532,-0.043669,9.913465
1755402735801,0.239282,-0.002991,9.877572
1755402735803,0.291924,-0.048455,9.846465
1755402735805,0.244068,-0.055633,10.021441
1755402735808,0.339781,-0.002991,9.784252
1755402735810,0.253639,-0.041276,9.999905
1755402735813,0.332602,0.018544,9.793823
1755402735815,0.200997,-0.055633,9.913465
1755402735818,0.306281,-0.017348,9.851251
1755402735820,0.287139,-0.031705,9.848858
1755402735822,0.248854,-0.007777,9.934999
1755402735824,0.334995,0.004187,9.796216
1755402735827,0.215354,-0.022134,9.915857
1755402735829,0.349352,-0.010169,9.767502
1755402735832,0.200997,-0.072383,9.995119
1755402735835,0.344566,-0.010169,9.772287
1755402735837,0.217747,-0.055633,9.959227
1755402735840,0.267996,0.030508,9.82493
1755402735842,0.291924,-0.043669,9.896714
1755402735844,0.287139,-0.012562,9.952048
1755402735846,0.306281,-0.026919,9.757931
1755402735849,0.210568,-0.046062,10.014262
1755402735851,0.344566,0.025723,9.779466
1755402735854,0.229711,-0.046062,9.999905
1755402735856,0.368495,-0.005384,9.743574
1755402735858,0.224925,-0.062812,9.999905
1755402735861,0.344566,0.001795,9.812965
1755402735863,0.20339,-0.05324,9.939785
1755402735866,0.27996,0.025723,9.832108
1755402735868,0.246461,-0.055633,9.923036
1755402735871,0.251246,-0.022134,9.805787
1755402735873,0.284746,-0.041276,9.908679
1755402735875,0.239282,0.052044,9.930214
1755402735877,0.299103,-0.034098,9.84168
1755402735880,0.234497,-0.072383,9.894321
1755402735883,0.337388,-0.081954,9.844072
1755402735885,0.248854,-0.000598,9.959227
1755402735887,0.308674,-0.005384,9.84168
1755402735890,0.27996,-0.055633,9.915857
1755402735892,0.318245,-0.014955,9.868001
1755402735895,0.284746,-0.017348,9.844072
1755402735897,0.31346,-0.043669,9.906285
1755402735900,0.277567,-0.036491,9.846465
1755402735902,0.270389,-0.007777,9.911072
1755402735904,0.301496,-0.019741,9.839287
1755402735906,0.267996,-0.014955,9.956834
1755402735909,0.270389,-0.046062,9.84168
1755402735911,0.272782,-0.005384,9.887143
1755402735913,0.282353,-0.019741,9.88475
1755402735917,0.325424,0.001795,9.832108
1755402735919,0.248854,-0.024526,9.956834
1755402735920,0.287139,-0.017348,9.80818
1755402735923,0.229711,-0.017348,9.956834
1755402735925,0.282353,-0.024526,9.858429
1755402735928,0.303888,-0.005384,9.851251
1755402735930,0.272782,-0.050847,9.894321
1755402735934,0.289532,-0.019741,9.829716
1755402735936,0.287139,-0.038883,9.930214
1755402735937,0.265603,-0.029312,9.793823
1755402735940,0.241675,-0.010169,10.033404
1755402735943,0.327817,0.035294,9.796216
1755402735944,0.22014,-0.050847,9.930214
1755402735947,0.346959,-0.022134,9.805787
1755402735951,0.270389,0.013759,10.007083
1755402735952,0.291924,0.032901,9.765109
1755402735955,0.256032,-0.05324,9.973584
1755402735957,0.311067,-0.034098,9.848858
1755402735959,0.241675,0.00658,9.906285
1755402735961,0.323031,-0.034098,9.846465
1755402735964,0.291924,-0.034098,9.882358
1755402735967,0.275175,0.018544,9.920643
1755402735969,0.272782,-0.010169,9.781859
1755402735971,0.251246,-0.043669,10.009477
1755402735974,0.294317,-0.007777,9.817751
1755402735976,0.200997,-0.022134,9.961619
1755402735978,0.311067,-0.026919,9.812965
1755402735981,0.299103,-0.000598,10.011869
1755402735983,0.291924,0.001795,9.777073
1755402735986,0.256032,-0.065204,9.9015
1755402735988,0.320638,-0.031705,9.879965
1755402735990,0.260818,0.00658,9.853643
1755402735992,0.272782,-0.005384,9.913465
1755402735995,0.29671,0.011366,9.84168
1755402735997,0.299103,-0.036491,9.915857
1755402735999,0.27996,-0.036491,9.848858
1755402736003,0.258425,-0.007777,9.887143
1755402736005,0.27996,-0.038883,9.9015
1755402736007,0.299103,-0.019741,9.844072
1755402736009,0.248854,-0.041276,9.896714
1755402736012,0.294317,-0.034098,9.848858
1755402736014,0.260818,-0.031705,9.889536
1755402736017,0.260818,-0.026919,9.853643
1755402736020,0.258425,-0.017348,9.879965
1755402736022,0.282353,-0.024526,9.891929
1755402736024,0.29671,-0.012562,9.860822
1755402736026,0.275175,-0.014955,9.860822
1755402736028,0.263211,-0.034098,9.88475
1755402736031,0.311067,-0.010169,9.848858
1755402736033,0.246461,-0.043669,9.915857
1755402736037,0.27996,-0.014955,9.896714
1755402736038,0.272782,-0.034098,9.875179
1755402736040,0.282353,-0.005384,9.899107
1755402736045,0.265603,-0.017348,9.863214
1755402736046,0.291924,-0.010169,9.891929
1755402736048,0.248854,-0.026919,9.860822
1755402736050,0.277567,-0.029312,9.875179
1755402736053,0.253639,-0.019741,9.889536
1755402736055,0.253639,-0.031705,9.863214
1755402736058,0.246461,0.001795,9.894321
1755402736059,0.267996,-0.034098,9.879965
1755402736062,0.299103,-0.048455,9.887143
1755402736065,0.301496,-0.007777,9.834501
1755402736067,0.260818,-0.012562,9.856036
1755402736070,0.27996,-0.019741,9.925428
1755402736073,0.275175,0.004187,9.863214
1755402736074,0.282353,0.00658,9.891929
1755402736076,0.289532,-0.031705,9.877572
1755402736079,0.301496,-0.026919,9.913465
1755402736081,0.246461,-0.019741,9.762716
1755402736083,0.265603,-0.038883,9.863214
1755402736086,0.308674,-0.010169,9.887143
1755402736088,0.27996,-0.026919,9.853643
1755402736091,0.244068,-0.026919,9.829716
1755402736093,0.267996,0.00658,9.882358
1755402736095,0.272782,0.008973,9.848858
1755402736099,0.27996,0.011366,9.899107
1755402736100,0.277567,-0.014955,9.767502
1755402736104,0.253639,-0.062812,10.016655
1755402736105,0.323031,0.059222,9.942178
1755402736108,0.253639,-0.017348,9.815358
1755402736111,0.236889,-0.136989,9.966406
1755402736112,0.33021,-0.026919,9.712467
1755402736115,0.217747,0.008973,10.042975
1755402736117,0.325424,0.032901,9.784252
1755402736121,0.277567,-0.101097,9.906285
1755402736123,0.31346,-0.007777,9.889536
1755402736124,0.267996,-0.046062,9.812965
1755402736127,0.301496,0.028116,9.920643
1755402736129,0.284746,-0.036491,9.851251
1755402736132,0.267996,-0.072383,9.870394
1755402736134,0.344566,-0.050847,9.896714
1755402736138,0.258425,0.044865,9.91825
1755402736139,0.320638,-0.010169,9.827323
1755402736141,0.241675,-0.081954,9.939785
1755402736143,0.349352,-0.031705,9.839287
1755402736147,0.253639,-0.089133,9.966406
1755402736148,0.339781,0.035294,9.757931
1755402736151,0.253639,-0.041276,10.026226
1755402736156,0.318245,-0.055633,9.690931
1755402736158,0.236889,-0.065204,10.016655
1755402736159,0.301496,0.025723,9.834501
1755402736160,0.282353,0.001795,9.997512
1755402736163,0.303888,-0.034098,9.750752
1755402736165,0.272782,-0.041276,9.923036
1755402736167,0.301496,0.004187,9.853643
1755402736170,0.253639,-0.012562,9.906285
1755402736172,0.258425,0.037687,9.872787
1755402736175,0.256032,-0.062812,9.899107
1755402736177,0.303888,-0.038883,9.889536
1755402736180,0.277567,0.028116,9.844072
1755402736182,0.289532,-0.010169,9.877572
1755402736184,0.270389,-0.041276,9.911072
1755402736187,0.287139,-0.058026,9.84168
1755402736189,0.284746,-0.005384,9.856036
1755402736191,0.289532,0.013759,9.942178
1755402736194,0.301496,0.018544,9.844072
1755402736196,0.244068,-0.031705,9.913465
1755402736199,0.318245,-0.002991,9.856036
1755402736201,0.253639,0.013759,9.860822
1755402736203,0.299103,-0.012562,9.889536
1755402736206,0.22014,-0.058026,9.844072
1755402736209,0.291924,-0.026919,9.879965
1755402736210,0.289532,-0.058026,9.868001
1755402736213,0.256032,-0.022134,9.896714
1755402736216,0.287139,-0.012562,9.899107
1755402736218,0.256032,-0.017348,9.858429
1755402736220,0.258425,-0.010169,9.9015
1755402736223,0.299103,-0.034098,9.930214
1755402736225,0.325424,-0.002991,9.920643
1755402736227,0.277567,-0.031705,9.858429
1755402736230,0.282353,-0.022134,9.899107
1755402736232,0.306281,-0.010169,9.875179
1755402736235,0.27996,-0.024526,9.889536
1755402736237,0.287139,-0.022134,9.887143
1755402736241,0.299103,-0.031705,9.853643
1755402736242,0.27996,-0.041276,9.872787
1755402736244,0.236889,-0.029312,9.889536
1755402736247,0.29671,-0.036491,9.88475
1755402736249,0.282353,-0.060419,9.88475
1755402736251,0.294317,-0.002991,9.860822
1755402736254,0.277567,-0.012562,9.877572
1755402736257,0.29671,-0.019741,9.896714
1755402736259,0.253639,-0.014955,9.877572
1755402736262,0.275175,-0.007777,9.891929
1755402736263,0.253639,-0.043669,9.88475
1755402736266,0.29671,-0.019741,9.860822
1755402736268,0.267996,-0.002991,9.872787
1755402736271,0.263211,-0.029312,9.853643
1755402736274,0.244068,-0.055633,9.856036
1755402736276,0.258425,-0.022134,9.88475
1755402736278,0.301496,-0.017348,9.896714
1755402736280,0.251246,-0.012562,9.899107
1755402736283,0.258425,-0.026919,9.882358
1755402736285,0.275175,-0.046062,9.865608
1755402736287,0.246461,-0.014955,9.887143
1755402736291,0.265603,-0.041276,9.846465
1755402736293,0.258425,-0.031705,9.868001
1755402736295,0.306281,-0.029312,9.856036
1755402736297,0.284746,-0.012562,9.983155
1755402736299,0.267996,0.011366,9.856036
1755402736302,0.306281,-0.038883,9.915857
1755402736304,0.239282,-0.034098,9.846465
1755402736309,0.265603,-0.050847,9.891929
1755402736311,0.258425,-0.005384,9.865608
1755402736313,0.287139,-0.014955,9.894321
1755402736315,0.270389,0.030508,9.875179
1755402736316,0.291924,-0.029312,9.954441
1755402736318,0.270389,-0.031705,9.853643
1755402736321,0.287139,-0.029312,9.853643
1755402736323,0.265603,-0.031705,9.942178
1755402736326,0.291924,-0.029312,9.879965
1755402736328,0.241675,-0.022134,9.872787
1755402736330,0.303888,-0.074776,9.863214
1755402736333,0.277567,-0.010169,9.858429
1755402736335,0.303888,-0.000598,9.853643
1755402736337,0.234497,-0.017348,9.949656
1755402736340,0.282353,-0.024526,9.79143
1755402736343,0.224925,-0.058026,9.944571
1755402736345,0.315853,-0.007777,9.781859
1755402736347,0.210568,-0.029312,9.949656
1755402736350,0.287139,0.016152,9.812965
1755402736352,0.234497,-0.034098,9.927821
1755402736354,0.33021,-0.046062,9.839287
1755402736356,0.246461,-0.050847,9.954441
1755402736359,0.251246,0.016152,9.899107
1755402736361,0.27996,-0.026919,9.899107
1755402736364,0.275175,-0.002991,9.879965
1755402736366,0.315853,-0.05324,9.913465
1755402736369,0.303888,-0.036491,9.908679
1755402736371,0.265603,0.028116,9.934999
1755402736373,0.284746,-0.024526,9.848858
1755402736377,0.289532,-0.002991,9.913465
1755402736378,0.299103,-0.034098,9.891929
1755402736382,0.27996,-0.019741,9.908679
1755402736383,0.306281,-0.026919,9.987941
1755402736385,0.263211,-0.029312,9.870394
1755402736388,0.291924,0.004187,9.894321
1755402736390,0.344566,-0.038883,9.932607
1755402736392,0.27996,-0.010169,9.939785
1755402736395,0.301496,-0.041276,9.896714
1755402736397,0.234497,-0.012562,9.88475
1755402736399,0.29671,-0.017348,9.9015
1755402736402,0.217747,0.004187,9.789038
1755402736405,0.275175,-0.050847,9.872787
1755402736407,0.318245,-0.022134,9.971191
1755402736409,0.27996,-0.034098,9.932607
1755402736412,0.284746,-0.000598,9.896714
1755402736414,0.284746,-0.041276,9.846465
1755402736416,0.260818,0.018544,9.851251
1755402736419,0.308674,-0.017348,9.923036
1755402736421,0.282353,-0.031705,9.9015
1755402736424,0.306281,-0.034098,9.915857
1755402736427,0.246461,-0.007777,9.856036
1755402736429,0.275175,-0.014955,9.848858
1755402736431,0.299103,-0.014955,9.891929
1755402736433,0.258425,-0.031705,9.879965
1755402736435,0.287139,-0.041276,9.923036
1755402736438,0.301496,-0.031705,9.822537
1755402736440,0.265603,-0.031705,9.915857
1755402736444,0.294317,-0.029312,9.846465
1755402736446,0.267996,-0.034098,9.877572
1755402736448,0.263211,0.008973,9.889536
1755402736450,0.29671,-0.002991,9.927821
1755402736453,0.311067,-0.019741,9.899107
1755402736455,0.306281,-0.014955,9.868001
1755402736457,0.263211,-0.060419,9.879965
1755402736461,0.284746,-0.024526,9.877572
1755402736463,0.275175,-0.031705,9.822537
1755402736465,0.260818,-0.019741,9.985548
1755402736467,0.29671,0.011366,9.82493
1755402736469,0.241675,-0.024526,9.925428
1755402736472,0.315853,-0.058026,9.829716
1755402736474,0.272782,-0.031705,9.894321
1755402736476,0.311067,0.025723,9.934999
1755402736479,0.27996,-0.022134,9.889536
1755402736481,0.294317,-0.060419,9.839287
1755402736483,0.267996,-0.067597,9.903893
1755402736486,0.320638,0.011366,9.865608
1755402736489,0.222533,-0.005384,9.992726
1755402736491,0.320638,0.02333,9.77468
1755402736494,0.239282,-0.050847,9.934999
1755402736496,0.332602,-0.014955,9.812965
1755402736499,0.253639,0.020937,9.992726
1755402736500,0.332602,0.028116,9.810573
1755402736503,0.22014,-0.043669,9.908679
1755402736506,0.29671,-0.007777,9.872787
1755402736507,0.287139,-0.010169,9.848858
1755402736510,0.277567,-0.022134,9.934999
1755402736512,0.315853,-0.002991,9.875179
1755402736515,0.29671,-0.038883,9.872787
1755402736518,0.282353,-0.036491,9.903893
1755402736519,0.318245,-0.017348,9.834501
1755402736522,0.282353,-0.031705,9.887143
1755402736524,0.303888,-0.034098,9.915857
1755402736527,0.291924,-0.012562,9.82493
1755402736529,0.277567,-0.062812,9.939785
1755402736531,0.282353,-0.010169,9.834501
1755402736534,0.246461,-0.048455,9.896714
1755402736536,0.265603,-0.050847,9.88475
1755402736539,0.29671,-0.031705,9.870394
1755402736541,0.275175,-0.010169,9.882358
1755402736543,0.275175,-0.005384,9.896714
1755402736547,0.27996,-0.031705,9.82493
1755402736548,0.253639,-0.036491,9.887143
1755402736551,0.308674,-0.031705,9.879965
1755402736553,0.267996,0.018544,9.959227
1755402736556,0.308674,-0.024526,9.810573
1755402736558,0.253639,-0.062812,9.930214
1755402736560,0.327817,-0.017348,9.894321
1755402736563,0.244068,0.049651,9.865608
1755402736565,0.267996,-0.077169,9.77468
1755402736567,0.265603,-0.079561,9.915857
1755402736570,0.27996,-0.048455,9.769895
1755402736572,0.229711,0.030508,10.095618
1755402736575,0.33021,0.025723,9.745967
1755402736577,0.22014,-0.062812,9.920643
1755402736579,0.320638,-0.077169,9.753145
1755402736582,0.239282,0.028116,10.059726
1755402736585,0.320638,0.059222,9.734002
1755402736587,0.212961,-0.05324,9.882358
1755402736589,0.354138,-0.101097,9.765109
1755402736592,0.248854,-0.007777,10.035797
1755402736594,0.346959,0.080758,9.798609
1755402736596,0.215354,-0.048455,9.911072
1755402736599,0.327817,-0.074776,9.786645
1755402736601,0.239282,0.00658,10.023833
1755402736603,0.334995,0.054437,9.817751
1755402736606,0.236889,-0.050847,9.91825
1755402736608,0.344566,-0.08674,9.803394
1755402736610,0.222533,0.032901,9.990334
1755402736613,0.337388,0.05683,9.817751
1755402736617,0.212961,-0.031705,9.942178
1755402736618,0.311067,-0.034098,9.79143
1755402736620,0.222533,0.020937,9.915857
1755402736623,0.303888,-0.005384,9.80818
1755402736625,0.289532,-0.046062,9.939785
1755402736628,0.351745,-0.017348,9.868001
1755402736631,0.229711,-0.031705,9.853643
1755402736632,0.303888,-0.031705,9.899107
1755402736634,0.260818,-0.010169,9.88475
1755402736637,0.299103,-0.024526,9.870394
1755402736639,0.236889,-0.029312,9.868001
1755402736642,0.287139,-0.019741,9.882358
1755402736644,0.27996,-0.017348,9.865608
1755402736649,0.303888,-0.036491,9.879965
1755402736651,0.291924,-0.026919,9.908679
1755402736652,0.289532,-0.022134,9.877572
1755402736653,0.246461,0.001795,9.88475
1755402736656,0.253639,-0.010169,9.882358
1755402736659,0.253639,-0.043669,9.9015
1755402736661,0.253639,-0.038883,9.891929
1755402736664,0.284746,-0.026919,9.889536
1755402736666,0.265603,-0.019741,9.891929
1755402736668,0.239282,-0.010169,9.858429
1755402736670,0.260818,-0.017348,9.88475
1755402736673,0.287139,-0.026919,9.860822
1755402736675,0.246461,-0.065204,9.882358
1755402736677,0.256032,-0.019741,9.865608
1755402736680,0.256032,-0.026919,9.887143
1755402736682,0.263211,0.001795,9.88475
1755402736685,0.265603,-0.010169,9.896714
1755402736687,0.289532,-0.022134,9.839287
1755402736690,0.248854,-0.031705,9.9015
1755402736692,0.275175,-0.031705,9.856036
1755402736695,0.236889,-0.022134,9.91825
1755402736697,0.263211,0.020937,9.872787
1755402736700,0.301496,-0.000598,9.9015
1755402736702,0.27996,-0.000598,9.88475
1755402736705,0.275175,-0.024526,9.894321
1755402736706,0.334995,-0.017348,9.796216
1755402736709,0.270389,-0.034098,9.925428
1755402736711,0.311067,-0.012562,9.822537
1755402736714,0.272782,-0.050847,9.915857
1755402736717,0.318245,-0.024526,9.894321
1755402736719,0.282353,-0.022134,9.903893
1755402736722,0.277567,-0.022134,9.863214
1755402736723,0.27996,-0.036491,9.894321
1755402736726,0.275175,-0.038883,9.863214
1755402736728,0.267996,-0.022134,9.911072
1755402736730,0.294317,-0.029312,9.872787
1755402736733,0.270389,-0.017348,9.88475
1755402736735,0.287139,-0.014955,9.820144
1755402736737,0.277567,-0.029312,9.915857
1755402736740,0.325424,0.011366,9.882358
1755402736743,0.29671,-0.026919,9.877572
1755402736745,0.258425,-0.031705,9.851251
1755402736747,0.267996,-0.031705,9.868001
1755402736750,0.256032,-0.036491,9.908679
1755402736752,0.282353,-0.012562,9.882358
1755402736755,0.287139,-0.019741,9.88475
1755402736757,0.291924,0.013759,9.903893
1755402736759,0.253639,-0.014955,9.875179
1755402736762,0.256032,-0.060419,9.870394
1755402736764,0.308674,-0.024526,9.834501
1755402736767,0.277567,-0.034098,9.88475
1755402736769,0.289532,-0.017348,9.88475
1755402736771,0.303888,0.001795,9.868001
1755402736773,0.311067,-0.029312,9.877572
1755402736776,0.284746,-0.002991,9.887143
1755402736778,0.272782,-0.050847,9.983155
1755402736781,0.270389,-0.017348,9.765109
1755402736783,0.282353,0.025723,9.930214
1755402736785,0.275175,-0.038883,9.820144
1755402736788,0.270389,-0.065204,9.937392
1755402736793,0.306281,-0.043669,9.856036
1755402736794,0.270389,0.013759,9.906285
1755402736796,0.291924,-0.034098,9.853643
1755402736797,0.275175,-0.031705,9.937392
1755402736801,0.291924,-0.005384,9.891929
1755402736803,0.282353,0.001795,9.793823
1755402736805,0.251246,-0.062812,9.968799
1755402736807,0.306281,-0.031705,9.84168
1755402736809,0.265603,-0.050847,9.947263
1755402736812,0.275175,-0.036491,9.863214
1755402736814,0.253639,-0.026919,9.887143
1755402736817,0.265603,-0.034098,9.879965
1755402736819,0.284746,-0.014955,9.829716
1755402736821,0.284746,-0.048455,9.913465
1755402736824,0.275175,-0.024526,9.954441
1755402736826,0.287139,0.020937,9.834501
1755402736829,0.263211,-0.048455,9.983155
1755402736831,0.318245,-0.05324,9.705289
1755402736835,0.251246,-0.060419,10.021441
1755402736838,0.311067,0.047258,9.772287
1755402736839,0.256032,-0.046062,9.844072
1755402736841,0.289532,-0.067597,9.903893
1755402736843,0.27996,-0.014955,10.002297
1755402736845,0.282353,0.035294,9.765109
1755402736848,0.248854,0.004187,9.817751
1755402736850,0.33021,-0.031705,9.887143
1755402736853,0.260818,0.020937,10.00469
1755402736855,0.27996,0.028116,9.810573
1755402736858,0.267996,-0.041276,9.973584
1755402736860,0.320638,-0.031705,9.77468
1755402736863,0.270389,0.011366,9.983155
1755402736864,0.291924,-0.029312,9.832108
1755402736867,0.284746,-0.036491,9.915857
1755402736869,0.291924,0.00658,9.877572
1755402736872,0.267996,0.032901,9.856036
1755402736874,0.256032,-0.043669,9.896714
1755402736876,0.287139,0.008973,9.846465
1755402736879,0.29671,-0.019741,9.980762
1755402736881,0.287139,-0.019741,9.68136
1755402736883,0.282353,-0.058026,10.031012
1755402736886,0.301496,-0.019741,9.789038
1755402736888,0.256032,-0.050847,9.891929
1755402736891,0.299103,-0.038883,9.882358
1755402736894,0.246461,-0.036491,9.973584
1755402736896,0.282353,0.025723,9.784252
1755402736898,0.253639,-0.007777,9.891929
1755402736901,0.349352,-0.029312,9.956834
1755402736903,0.265603,0.004187,9.903893
1755402736905,0.303888,-0.022134,9.803394
1755402736908,0.277567,-0.034098,9.990334
1755402736910,0.265603,-0.029312,9.798609
1755402736913,0.256032,0.018544,9.911072
1755402736915,0.27996,-0.019741,9.822537
1755402736917,0.27996,-0.036491,9.927821
1755402736920,0.315853,0.011366,9.863214
1755402736922,0.215354,0.001795,9.877572
1755402736925,0.263211,-0.026919,9.82493
1755402736927,0.251246,-0.046062,9.896714
1755402736929,0.31346,-0.024526,9.851251
1755402736932,0.251246,-0.024526,9.913465
1755402736934,0.294317,-0.022134,9.812965
1755402736937,0.256032,-0.048455,9.939785
1755402736940,0.299103,0.004187,9.832108
1755402736942,0.248854,-0.022134,9.899107
1755402736944,0.299103,-0.014955,9.882358
1755402736946,0.265603,-0.007777,9.9015
1755402736948,0.289532,-0.007777,9.870394
1755402736951,0.29671,-0.000598,9.899107
1755402736953,0.277567,-0.010169,9.899107
1755402736955,0.284746,0.004187,9.875179
1755402736958,0.289532,-0.000598,9.870394
1755402736960,0.291924,-0.048455,9.851251
1755402736963,0.258425,-0.000598,9.891929
1755402736966,0.253639,-0.012562,9.858429
1755402736967,0.287139,-0.055633,9.896714
1755402736971,0.265603,-0.031705,9.877572
1755402736973,0.284746,-0.014955,9.908679
1755402736975,0.287139,-0.024526,9.913465
1755402736977,0.275175,-0.038883,9.803394
1755402736979,0.272782,-0.089133,9.949656
1755402736982,0.323031,0.044865,9.903893
1755402736984,0.260818,-0.034098,9.817751
1755402736987,0.224925,-0.043669,9.925428
1755402736989,0.303888,-0.067597,9.832108
1755402736992,0.227318,-0.019741,9.930214
1755402736994,0.318245,-0.029312,9.903893
1755402736996,0.272782,-0.029312,9.860822
1755402736999,0.294317,-0.041276,9.88475
1755402737001,0.282353,-0.019741,9.877572
1755402737004,0.287139,-0.034098,9.88475
1755402737007,0.258425,-0.043669,9.903893
1755402737009,0.287139,-0.024526,9.860822
1755402737011,0.258425,-0.031705,9.860822
1755402737013,0.306281,-0.014955,9.868001
1755402737015,0.27996,-0.026919,9.875179
1755402737018,0.289532,-0.000598,9.860822
1755402737021,0.277567,-0.017348,9.879965
1755402737023,0.287139,-0.022134,9.894321
1755402737025,0.289532,-0.010169,9.894321
1755402737027,0.272782,-0.007777,9.887143
1755402737030,0.270389,-0.019741,9.836894
1755402737032,0.308674,-0.041276,9.887143
1755402737035,0.265603,-0.034098,9.887143
1755402737037,0.272782,-0.000598,9.891929
1755402737040,0.263211,-0.005384,9.870394
1755402737043,0.267996,-0.002991,9.863214
1755402737044,0.244068,-0.026919,9.88475
1755402737047,0.258425,-0.019741,9.853643
1755402737049,0.263211,-0.026919,9.879965
1755402737051,0.256032,-0.017348,9.84168
1755402737054,0.270389,-0.000598,9.877572
1755402737056,0.308674,-0.017348,9.889536
1755402737059,0.267996,-0.036491,9.930214
1755402737061,0.277567,-0.005384,9.889536
1755402737063,0.294317,-0.034098,9.882358
1755402737066,0.241675,-0.012562,9.88475
1755402737069,0.272782,0.011366,9.877572
1755402737070,0.277567,-0.007777,9.894321
1755402737073,0.265603,-0.024526,9.856036
1755402737077,0.301496,0.004187,9.903893
1755402737078,0.27996,0.004187,9.860822
1755402737080,0.289532,-0.014955,9.868001
1755402737082,0.253639,-0.05324,9.872787
1755402737085,0.260818,-0.026919,9.829716
1755402737087,0.265603,-0.019741,9.858429
1755402737090,0.291924,0.004187,9.911072
1755402737092,0.282353,-0.034098,9.872787
1755402737095,0.311067,-0.012562,9.856036
1755402737097,0.323031,-0.010169,9.863214
1755402737099,0.303888,-0.036491,9.927821
1755402737101,0.311067,0.004187,9.74836
1755402737104,0.246461,-0.048455,9.968799
1755402737106,0.334995,-0.007777,9.80818
1755402737109,0.277567,-0.002991,9.954441
1755402737111,0.277567,0.00658,9.839287
1755402737114,0.256032,-0.019741,9.889536
1755402737116,0.270389,-0.019741,9.875179
1755402737118,0.277567,-0.038883,9.91825
1755402737121,0.27996,-0.017348,9.844072
1755402737123,0.251246,-0.012562,9.942178
1755402737126,0.270389,-0.000598,9.863214
1755402737128,0.265603,-0.029312,9.903893
1755402737131,0.284746,0.001795,9.894321
1755402737133,0.263211,-0.010169,9.908679
1755402737135,0.267996,0.016152,9.891929
1755402737137,0.332602,-0.002991,9.947263
1755402737140,0.29671,-0.055633,9.734002
1755402737143,0.277567,-0.067597,9.966406
1755402737145,0.318245,0.025723,9.815358
1755402737147,0.287139,-0.012562,9.949656
1755402737150,0.29671,-0.019741,9.834501
1755402737152,0.270389,-0.041276,9.887143
1755402737154,0.265603,-0.012562,9.908679
1755402737157,0.289532,-0.022134,9.860822
1755402737161,0.277567,-0.048455,9.872787
1755402737162,0.265603,-0.034098,9.844072
1755402737164,0.272782,-0.000598,9.911072
1755402737166,0.294317,-0.014955,9.798609
1755402737170,0.222533,-0.036491,10.047761
1755402737171,0.308674,-0.005384,9.765109
1755402737174,0.224925,-0.034098,9.966406
1755402737177,0.318245,-0.017348,9.872787
1755402737178,0.253639,-0.012562,9.860822
1755402737181,0.299103,0.001795,9.875179
1755402737183,0.284746,-0.043669,9.889536
1755402737186,0.284746,-0.038883,9.872787
1755402737188,0.27996,-0.019741,9.889536
1755402737191,0.282353,-0.029312,9.875179
1755402737193,0.265603,-0.022134,9.836894
1755402737195,0.282353,-0.034098,9.932607
1755402737198,0.294317,-0.050847,9.793823
1755402737200,0.239282,-0.026919,10.002297
1755402737202,0.29671,0.001795,9.757931
1755402737205,0.260818,-0.08674,9.959227
1755402737207,0.323031,-0.041276,9.865608
1755402737210,0.272782,-0.036491,9.896714
1755402737212,0.263211,-0.024526,9.868001
1755402737214,0.270389,-0.043669,9.865608
1755402737217,0.260818,-0.024526,9.870394
1755402737219,0.272782,-0.024526,9.896714
1755402737221,0.320638,-0.017348,9.870394
1755402737224,0.251246,-0.058026,9.870394
1755402737226,0.270389,-0.012562,9.879965
1755402737229,0.251246,-0.002991,9.887143
1755402737231,0.291924,-0.005384,9.834501
1755402737234,0.263211,-0.029312,9.88475
1755402737236,0.29671,0.001795,9.942178
1755402737239,0.27996,-0.036491,9.829716
1755402737241,0.260818,-0.041276,9.903893
1755402737244,0.260818,-0.026919,9.896714
1755402737246,0.272782,0.004187,9.875179
1755402737248,0.287139,-0.007777,9.891929
1755402737250,0.284746,-0.024526,9.891929
1755402737252,0.265603,-0.010169,9.872787
1755402737255,0.291924,-0.010169,9.879965
1755402737257,0.291924,0.011366,9.882358
1755402737262,0.291924,0.001795,9.863214
1755402737264,0.267996,-0.036491,9.868001
1755402737265,0.284746,-0.034098,9.908679
1755402737267,0.284746,-0.005384,9.879965
1755402737270,0.260818,-0.022134,9.903893
1755402737272,0.29671,-0.010169,9.877572
1755402737274,0.275175,-0.029312,9.875179
1755402737277,0.282353,-0.014955,9.889536
1755402737279,0.275175,-0.005384,9.894321
1755402737281,0.267996,0.016152,9.887143
1755402737285,0.287139,-0.019741,9.879965
1755402737286,0.306281,-0.043669,9.894321
1755402737289,0.306281,-0.014955,9.865608
1755402737291,0.291924,-0.012562,9.887143
1755402737293,0.275175,-0.041276,9.875179
1755402737296,0.299103,-0.038883,9.863214
1755402737298,0.27996,-0.026919,9.877572
1755402737300,0.277567,-0.019741,9.896714
1755402737303,0.282353,-0.014955,9.887143
1755402737305,0.267996,-0.005384,9.899107
1755402737308,0.294317,0.001795,9.879965
1755402737310,0.289532,-0.007777,9.877572
1755402737313,0.318245,-0.022134,9.860822
1755402737315,0.265603,-0.055633,9.887143
1755402737317,0.291924,-0.034098,9.891929
1755402737320,0.29671,-0.026919,9.9015
1755402737322,0.284746,-0.007777,9.896714
1755402737324,0.29671,-0.026919,9.906285
1755402737328,0.27996,-0.048455,9.865608
1755402737331,0.289532,-0.012562,9.896714
1755402737332,0.258425,-0.022134,9.872787
1755402737335,0.241675,-0.007777,9.872787
1755402737337,0.232104,-0.007777,9.872787
1755402737339,0.260818,-0.017348,9.891929
1755402737342,0.287139,-0.014955,9.870394
1755402737345,0.272782,-0.036491,9.870394
1755402737347,0.306281,-0.029312,9.88475
1755402737348,0.258425,-0.026919,9.863214
1755402737351,0.294317,-0.017348,9.856036
1755402737353,0.251246,-0.024526,9.882358
1755402737356,0.303888,-0.024526,9.882358
1755402737358,0.267996,-0.038883,9.882358
1755402737361,0.282353,-0.029312,9.891929
1755402737363,0.272782,-0.007777,9.891929
1755402737366,0.270389,-0.012562,9.882358
1755402737368,0.299103,-0.012562,9.891929
1755402737370,0.267996,-0.022134,9.870394
1755402737372,0.282353,-0.007777,9.887143
1755402737375,0.277567,-0.017348,9.872787
1755402737378,0.289532,-0.024526,9.889536
1755402737380,0.289532,-0.017348,9.88475
1755402737382,0.291924,-0.024526,9.894321
1755402737385,0.301496,-0.041276,9.889536
1755402737387,0.272782,-0.022134,9.88475
1755402737389,0.260818,-0.017348,9.879965
1755402737391,0.248854,0.011366,9.889536
1755402737396,0.227318,-0.007777,9.872787
1755402737397,0.258425,-0.002991,9.879965
1755402737399,0.272782,-0.031705,9.875179
1755402737401,0.327817,-0.014955,9.877572
1755402737404,0.29671,0.011366,9.882358
1755402737406,0.299103,-0.038883,9.870394
1755402737408,0.248854,-0.048455,9.889536
1755402737412,0.258425,-0.026919,9.903893
1755402737414,0.294317,-0.024526,9.863214
1755402737416,0.27996,-0.010169,9.870394
