1755404637282,0.287139,-0.060419,9.882358
1755404637285,0.263211,-0.043669,9.879965
1755404637286,0.301496,-0.034098,9.88475
1755404637287,0.287139,-0.002991,9.865608
1755404637288,0.277567,0.001795,9.875179
1755404637289,0.256032,-0.026919,9.877572
1755404637290,0.289532,0.004187,9.875179
1755404637291,0.303888,-0.000598,9.882358
1755404637291,0.263211,-0.019741,9.827323
1755404637292,0.287139,-0.005384,9.865608
1755404637293,0.234497,0.00658,9.894321
1755404637294,0.308674,-0.012562,9.877572
1755404637295,0.306281,0.001795,9.887143
1755404637296,0.263211,-0.019741,9.889536
1755404637297,0.294317,-0.000598,9.903893
1755404637298,0.289532,-0.019741,9.872787
1755404637299,0.294317,-0.014955,9.882358
1755404637300,0.282353,-0.019741,9.889536
1755404637301,0.315853,-0.002991,9.868001
1755404637302,0.31346,-0.019741,9.851251
1755404637303,0.29671,-0.036491,9.870394
1755404637304,0.282353,-0.002991,9.896714
1755404637304,0.282353,-0.012562,9.858429
1755404637306,0.27996,-0.036491,9.906285
1755404637306,0.284746,-0.012562,9.872787
1755404637307,0.272782,-0.024526,9.879965
1755404637308,0.270389,-0.031705,9.870394
1755404637309,0.251246,0.00658,9.858429
1755404637310,0.272782,0.013759,9.865608
1755404637311,0.299103,-0.041276,9.856036
1755404637312,0.315853,-0.055633,9.889536
1755404637312,0.29671,-0.038883,9.863214
1755404637313,0.27996,-0.005384,9.899107
1755404637314,0.284746,-0.019741,9.882358
1755404637315,0.272782,0.00658,9.882358
1755404637316,0.272782,-0.031705,9.887143
1755404637316,0.311067,-0.050847,9.891929
1755404637317,0.318245,-0.010169,9.88475
1755404637318,0.284746,-0.005384,9.889536
1755404637319,0.258425,-0.026919,9.879965
1755404637319,0.27996,-0.007777,9.865608
1755404637320,0.282353,-0.019741,9.9015
1755404637320,0.299103,-0.002991,9.870394
1755404637320,0.284746,-0.031705,9.894321
1755404637321,0.282353,-0.022134,9.856036
1755404637321,0.284746,-0.026919,9.887143
1755404637321,0.308674,-0.005384,9.877572
1755404637322,0.291924,0.00658,9.894321
1755404637322,0.289532,-0.026919,9.882358
1755404637322,0.260818,-0.017348,9.877572
1755404637323,0.272782,-0.026919,9.879965
1755404637326,0.299103,-0.034098,9.896714
1755404637330,0.289532,-0.005384,9.870394
1755404637330,0.267996,-0.046062,9.872787
1755404637331,0.265603,-0.017348,9.894321
1755404637333,0.277567,-0.000598,9.894321
1755404637340,0.289532,-0.031705,9.896714
1755404637341,0.289532,0.011366,9.868001
1755404637341,0.282353,-0.019741,9.899107
1755404637344,0.325424,-0.007777,9.872787
1755404637345,0.251246,-0.019741,9.870394
1755404637348,0.275175,-0.031705,9.879965
1755404637350,0.315853,-0.034098,9.877572
1755404637359,0.294317,-0.022134,9.872787
1755404637361,0.287139,-0.012562,9.891929
1755404637363,0.256032,-0.007777,9.877572
1755404637364,0.29671,-0.026919,9.896714
1755404637365,0.282353,0.008973,9.88475
1755404637365,0.284746,-0.010169,9.891929
1755404637368,0.284746,-0.041276,9.889536
1755404637370,0.323031,-0.029312,9.889536
1755404637373,0.303888,-0.034098,9.877572
1755404637374,0.294317,-0.031705,9.860822
1755404637377,0.272782,0.004187,9.863214
1755404637379,0.27996,-0.010169,9.879965
1755404637381,0.308674,-0.055633,9.868001
1755404637383,0.306281,-0.000598,9.879965
1755404637386,0.27996,-0.036491,9.894321
1755404637388,0.315853,-0.007777,9.9015
1755404637391,0.325424,-0.002991,9.875179
1755404637393,0.282353,-0.000598,9.860822
1755404637395,0.277567,-0.034098,9.915857
1755404637398,0.270389,0.00658,9.870394
1755404637401,0.284746,-0.031705,9.887143
1755404637404,0.287139,0.001795,9.872787
1755404637412,0.282353,-0.022134,9.870394
1755404637413,0.301496,0.013759,9.891929
1755404637415,0.294317,-0.014955,9.891929
1755404637416,0.294317,-0.010169,9.870394
1755404637417,0.277567,0.001795,9.879965
1755404637418,0.289532,0.004187,9.877572
1755404637420,0.325424,-0.010169,9.863214
1755404637422,0.263211,0.004187,9.879965
1755404637424,0.270389,-0.024526,9.872787
1755404637426,0.263211,0.001795,9.889536
1755404637429,0.306281,-0.022134,9.88475
1755404637431,0.294317,-0.048455,9.879965
1755404637434,0.27996,-0.034098,9.899107
1755404637437,0.27996,-0.007777,9.879965
1755404637440,0.289532,-0.034098,9.9015
1755404637441,0.29671,-0.036491,9.870394
1755404637443,0.272782,-0.022134,9.846465
1755404637446,0.308674,-0.029312,9.887143
1755404637448,0.294317,-0.026919,9.875179
1755404637451,0.272782,-0.014955,9.894321
1755404637454,0.256032,-0.002991,9.877572
1755404637456,0.260818,-0.012562,9.860822
1755404637459,0.291924,-0.026919,9.882358
1755404637460,0.270389,-0.029312,9.889536
1755404637463,0.27996,-0.019741,9.88475
1755404637465,0.277567,-0.010169,9.899107
1755404637468,0.265603,-0.017348,9.872787
1755404637470,0.258425,-0.050847,9.872787
1755404637473,0.291924,-0.022134,9.891929
1755404637475,0.287139,-0.041276,9.899107
1755404637477,0.27996,-0.029312,9.870394
1755404637479,0.27996,-0.031705,9.877572
1755404637482,0.272782,-0.031705,9.911072
1755404637484,0.284746,-0.010169,9.891929
1755404637487,0.284746,-0.036491,9.879965
1755404637489,0.291924,-0.026919,9.872787
1755404637492,0.272782,-0.017348,9.877572
1755404637494,0.275175,-0.017348,9.875179
1755404637496,0.291924,-0.007777,9.868001
1755404637499,0.263211,-0.024526,9.894321
1755404637501,0.27996,-0.012562,9.88475
1755404637503,0.265603,-0.024526,9.894321
1755404637506,0.284746,-0.036491,9.88475
1755404637508,0.27996,-0.005384,9.887143
1755404637511,0.272782,-0.034098,9.887143
1755404637513,0.263211,-0.036491,9.870394
1755404637515,0.27996,-0.010169,9.896714
1755404637518,0.275175,-0.031705,9.899107
1755404637521,0.291924,-0.005384,9.877572
1755404637523,0.318245,-0.014955,9.88475
1755404637525,0.239282,-0.007777,9.875179
1755404637527,0.265603,0.016152,9.868001
1755404637530,0.306281,-0.005384,9.88475
1755404637532,0.287139,-0.014955,9.9015
1755404637535,0.294317,0.001795,9.877572
1755404637537,0.277567,-0.038883,9.879965
1755404637541,0.258425,-0.019741,9.875179
1755404637544,0.275175,-0.017348,9.858429
1755404637545,0.275175,-0.005384,9.858429
1755404637547,0.294317,-0.017348,9.868001
1755404637549,0.284746,-0.031705,9.863214
1755404637551,0.306281,-0.014955,9.882358
1755404637554,0.289532,-0.019741,9.868001
1755404637557,0.301496,-0.019741,9.875179
1755404637559,0.315853,-0.000598,9.879965
1755404637561,0.27996,-0.026919,9.860822
1755404637563,0.287139,-0.062812,9.903893
1755404637566,0.320638,0.011366,9.870394
1755404637568,0.311067,-0.017348,9.875179
1755404637571,0.267996,-0.012562,9.870394
1755404637573,0.275175,-0.022134,9.865608
1755404637575,0.263211,-0.034098,9.879965
1755404637578,0.29671,-0.012562,9.889536
1755404637580,0.29671,-0.041276,9.899107
1755404637583,0.303888,-0.038883,9.889536
1755404637585,0.294317,-0.058026,9.868001
1755404637588,0.29671,-0.014955,9.870394
1755404637591,0.282353,-0.041276,9.899107
1755404637593,0.27996,-0.022134,9.877572
1755404637595,0.267996,0.020937,9.903893
1755404637597,0.253639,-0.034098,9.853643
1755404637599,0.291924,-0.012562,9.875179
1755404637602,0.294317,-0.005384,9.872787
1755404637604,0.256032,-0.007777,9.894321
1755404637609,0.258425,-0.012562,9.887143
1755404637610,0.267996,0.00658,9.868001
1755404637611,0.260818,-0.014955,9.872787
1755404637614,0.253639,-0.019741,9.88475
1755404637616,0.29671,-0.000598,9.899107
1755404637619,0.277567,-0.041276,9.872787
1755404637621,0.277567,-0.038883,9.853643
1755404637624,0.291924,-0.010169,9.903893
1755404637626,0.29671,-0.024526,9.882358
1755404637628,0.267996,-0.012562,9.848858
1755404637630,0.31346,-0.024526,9.851251
1755404637633,0.308674,-0.005384,9.865608
1755404637635,0.265603,-0.041276,9.870394
1755404637638,0.270389,-0.026919,9.882358
1755404637641,0.277567,-0.017348,9.870394
1755404637643,0.258425,-0.019741,9.9015
1755404637645,0.277567,-0.012562,9.868001
1755404637647,0.311067,-0.019741,9.858429
1755404637650,0.332602,-0.007777,9.860822
1755404637652,0.253639,-0.048455,9.899107
1755404637655,0.272782,-0.041276,9.882358
1755404637657,0.282353,-0.041276,9.896714
1755404637660,0.282353,-0.034098,9.899107
1755404637663,0.294317,-0.046062,9.872787
1755404637664,0.282353,-0.005384,9.887143
1755404637666,0.265603,-0.017348,9.853643
1755404637669,0.27996,-0.005384,9.88475
1755404637671,0.311067,0.001795,9.872787
1755404637673,0.301496,-0.019741,9.903893
1755404637676,0.275175,-0.017348,9.863214
1755404637679,0.287139,0.00658,9.877572
1755404637681,0.301496,-0.002991,9.858429
1755404637683,0.29671,-0.002991,9.88475
1755404637685,0.289532,0.011366,9.889536
1755404637688,0.270389,-0.019741,9.858429
1755404637690,0.325424,-0.019741,9.882358
1755404637693,0.282353,-0.031705,9.872787
1755404637695,0.27996,-0.017348,9.903893
1755404637698,0.315853,-0.007777,9.872787
1755404637700,0.282353,-0.036491,9.870394
1755404637703,0.299103,-0.022134,9.860822
1755404637705,0.29671,-0.031705,9.858429
1755404637707,0.258425,-0.017348,9.865608
1755404637710,0.265603,-0.043669,9.877572
1755404637712,0.253639,-0.024526,9.889536
1755404637714,0.277567,0.028116,9.860822
1755404637717,0.256032,-0.017348,9.908679
1755404637719,0.248854,-0.022134,9.865608
1755404637722,0.299103,-0.002991,9.887143
1755404637724,0.29671,-0.012562,9.891929
1755404637727,0.311067,-0.036491,9.889536
1755404637729,0.270389,-0.014955,9.88475
1755404637731,0.303888,-0.041276,9.891929
1755404637734,0.275175,-0.019741,9.879965
1755404637736,0.267996,-0.010169,9.877572
1755404637738,0.270389,-0.024526,9.879965
1755404637740,0.29671,-0.014955,9.879965
1755404637744,0.289532,-0.022134,9.894321
1755404637746,0.294317,-0.012562,9.896714
1755404637748,0.260818,-0.060419,9.882358
1755404637750,0.31346,-0.041276,9.865608
1755404637753,0.291924,-0.029312,9.915857
1755404637755,0.27996,-0.019741,9.882358
1755404637757,0.294317,-0.036491,9.856036
1755404637761,0.260818,-0.017348,9.853643
1755404637762,0.282353,-0.036491,9.875179
1755404637764,0.277567,-0.022134,9.868001
1755404637767,0.272782,0.001795,9.894321
1755404637770,0.287139,-0.010169,9.891929
1755404637772,0.253639,0.00658,9.882358
1755404637774,0.270389,-0.036491,9.877572
1755404637778,0.275175,-0.022134,9.877572
1755404637779,0.287139,-0.010169,9.887143
1755404637782,0.27996,-0.026919,9.894321
1755404637785,0.260818,-0.034098,9.877572
1755404637786,0.282353,-0.034098,9.911072
1755404637789,0.270389,-0.034098,9.877572
1755404637791,0.301496,-0.024526,9.860822
1755404637795,0.287139,-0.034098,9.863214
1755404637796,0.267996,-0.000598,9.882358
1755404637798,0.29671,0.001795,9.9015
1755404637800,0.306281,-0.036491,9.882358
1755404637803,0.260818,-0.012562,9.961619
1755404637805,0.275175,0.004187,9.839287
1755404637808,0.275175,-0.029312,9.865608
1755404637811,0.301496,-0.014955,9.846465
1755404637813,0.27996,-0.036491,9.97837
1755404637815,0.294317,0.011366,9.856036
1755404637817,0.282353,-0.029312,9.829716
1755404637820,0.291924,-0.050847,9.856036
1755404637822,0.270389,-0.065204,9.875179
1755404637825,0.263211,0.00658,9.915857
1755404637827,0.303888,0.02333,9.853643
1755404637830,0.318245,-0.038883,10.026226
1755404637832,0.217747,-0.007777,9.738789
1755404637834,0.263211,0.011366,9.879965
1755404637837,0.284746,-0.014955,9.980762
1755404637839,0.267996,0.011366,9.781859
1755404637841,0.27996,-0.005384,9.906285
1755404637844,0.323031,-0.050847,9.877572
1755404637846,0.251246,-0.034098,9.817751
1755404637849,0.248854,-0.017348,9.820144
1755404637851,0.363709,-0.074776,9.899107
1755404637854,0.241675,-0.026919,9.755538
1755404637856,0.416351,-0.115454,9.966406
1755404637858,0.334995,-0.048455,9.992726
1755404637860,0.385244,-0.084347,9.942178
1755404637863,0.222533,0.020937,9.964012
1755404637866,0.392423,-0.101097,9.865608
1755404637867,0.241675,0.025723,9.944571
1755404637870,0.435494,-0.050847,10.052547
1755404637873,0.152842,-0.000598,9.513863
1755404637875,0.40678,-0.077169,10.057333
1755404637877,0.167198,0.073579,9.856036
1755404637880,0.140877,0.0999,9.84168
1755404637882,0.289532,0.001795,9.906285
1755404637885,0.337388,-0.038883,9.947263
1755404637887,0.411565,-0.038883,10.157831
1755404637889,0.27996,0.035294,10.098011
1755404637891,0.265603,-0.002991,9.820144
1755404637894,0.320638,-0.043669,9.934999
1755404637898,0.31346,-0.012562,10.002297
1755404637901,0.260818,-0.058026,9.745967
1755404637902,0.119342,0.04008,9.559326
1755404637904,0.320638,-0.060419,9.879965
1755404637907,0.375673,-0.041276,10.009477
1755404637908,0.29671,0.02333,9.91825
1755404637911,0.291924,-0.048455,9.753145
1755404637914,0.294317,-0.041276,9.600004
1755404637916,0.253639,-0.012562,9.817751
1755404637918,0.339781,-0.115454,9.74836
1755404637920,0.270389,0.02333,10.095618
1755404637923,-0.033799,0.128614,9.401401
1755404637925,0.275175,-0.000598,9.851251
1755404637927,0.409173,-0.120239,10.009477
1755404637930,0.332602,-0.022134,10.00469
1755404637932,0.270389,-0.005384,9.734002
1755404637935,0.258425,0.013759,9.82493
1755404637937,0.306281,-0.010169,9.954441
1755404637939,0.263211,0.011366,9.812965
1755404637943,0.282353,-0.002991,9.997512
1755404637944,0.22014,0.001795,9.812965
1755404637947,0.239282,-0.010169,9.769895
1755404637949,0.270389,-0.036491,9.765109
1755404637952,0.272782,-0.041276,9.868001
1755404637954,0.33021,-0.05324,9.913465
1755404637956,0.263211,-0.010169,9.870394
1755404637959,0.27996,-0.019741,9.84168
1755404637961,0.27996,-0.024526,9.879965
1755404637964,0.29671,-0.019741,9.887143
1755404637967,0.277567,-0.024526,9.88475
1755404637968,0.294317,0.001795,9.906285
1755404637971,0.303888,0.008973,9.803394
1755404637973,0.232104,-0.122632,9.872787
1755404637975,0.284746,0.028116,9.983155
1755404637978,0.349352,0.068794,9.702896
1755404637982,0.171984,-0.110668,10.052547
1755404637984,0.387637,0.011366,9.798609
1755404637985,0.260818,-0.017348,9.789038
1755404637988,0.174377,-0.010169,10.023833
1755404637990,0.409173,0.066401,9.724431
1755404637992,0.174377,-0.077169,10.007083
1755404637995,0.311067,0.04008,9.88475
1755404637997,0.320638,-0.031705,9.729217
1755404638000,0.17677,-0.084347,10.064511
1755404638004,0.394816,0.075972,9.755538
1755404638005,0.212961,-0.067597,10.00469
1755404638007,0.287139,0.011366,9.889536
1755404638009,0.363709,-0.019741,9.726824
1755404638011,0.167198,-0.06999,10.052547
1755404638013,0.416351,0.047258,9.705289
1755404638016,0.20339,-0.077169,10.03819
1755404638019,0.303888,0.032901,9.856036
1755404638021,0.325424,-0.036491,9.743574
1755404638023,0.198604,-0.055633,10.002297
1755404638025,0.42353,0.018544,9.664611
1755404638028,0.174377,-0.108275,10.117153
1755404638030,0.401994,0.042473,9.731609
1755404638033,0.234497,-0.062812,9.992726
1755404638035,0.284746,0.020937,9.851251
1755404638038,0.311067,-0.019741,9.815358
1755404638040,0.212961,0.001795,9.992726
1755404638042,0.380459,-0.012562,9.71486
1755404638045,0.17677,-0.022134,10.098011
1755404638047,0.366102,0.020937,9.662218
1755404638050,0.157627,-0.041276,10.088439
1755404638052,0.354138,0.030508,9.65504
1755404638055,0.217747,-0.041276,10.074082
1755404638057,0.361316,-0.005384,9.669396
1755404638059,0.224925,-0.079561,10.081261
1755404638061,0.394816,-0.002991,9.719646
1755404638064,0.212961,-0.055633,10.050154
1755404638067,0.37328,0.016152,9.760324
1755404638069,0.232104,-0.06999,10.03819
1755404638071,0.332602,0.018544,9.779466
1755404638074,0.27996,-0.081954,9.947263
1755404638076,0.253639,0.020937,9.906285
1755404638079,0.337388,-0.031705,9.79143
1755404638081,0.251246,-0.012562,9.995119
1755404638083,0.411565,-0.029312,9.707682
1755404638087,0.169591,-0.041276,10.064511
1755404638089,0.40678,-0.026919,9.674182
1755404638091,0.181555,-0.058026,10.076475
1755404638093,0.366102,0.008973,9.690931
1755404638095,0.234497,-0.048455,10.014262
1755404638098,0.37328,0.032901,9.760324
1755404638102,0.215354,-0.062812,10.009477
1755404638104,0.311067,0.00658,9.760324
1755404638106,0.277567,-0.079561,9.942178
1755404638107,0.311067,0.032901,9.839287
1755404638110,0.270389,-0.060419,9.920643
1755404638112,0.277567,0.028116,9.947263
1755404638115,0.325424,-0.067597,9.796216
1755404638117,0.215354,-0.055633,10.019048
1755404638119,0.368495,0.004187,9.712467
1755404638122,0.169591,-0.036491,10.057333
1755404638125,0.387637,0.008973,9.640682
1755404638127,0.136092,-0.067597,10.138689
1755404638129,0.394816,-0.000598,9.609575
1755404638131,0.150449,-0.058026,10.143475
1755404638134,0.40678,0.028116,9.626326
1755404638136,0.186341,-0.06999,10.112368
1755404638139,0.428315,0.035294,9.693324
1755404638141,0.174377,-0.062812,10.033404
1755404638143,0.342174,0.035294,9.736395
1755404638146,0.227318,-0.065204,9.964012
1755404638148,0.351745,-0.002991,9.789038
1755404638153,0.145663,-0.048455,9.662218
1755404638154,0.244068,0.025723,9.645468
1755404638156,0.224925,-0.026919,10.021441
1755404638158,0.212961,0.018544,9.611969
1755404638160,0.227318,0.00658,10.153046
1755404638162,0.169591,0.064008,9.614362
1755404638165,0.454636,-0.148953,10.153046
1755404638167,0.416351,-0.043669,10.042975
1755404638170,0.401994,-0.129811,9.801002
1755404638172,0.308674,-0.062812,9.891929
1755404638175,0.162413,0.004187,9.482756
1755404638177,0.327817,-0.101097,9.79143
1755404638179,0.198604,0.107079,10.18176
1755404638181,0.289532,0.013759,9.915857
1755404638184,0.382852,0.02333,10.308579
1755404638187,0.337388,0.032901,10.449756
1755404638189,0.308674,-0.024526,9.875179
1755404638192,0.20339,-0.022134,9.614362
1755404638193,0.169591,0.090329,9.870394
1755404638196,0.17677,-0.002991,9.602397
1755404638198,0.315853,0.008973,10.18176
1755404638201,0.332602,-0.043669,10.007083
1755404638204,0.370888,-0.046062,10.160224
1755404638206,0.315853,-0.038883,10.007083
1755404638208,0.256032,-0.007777,9.868001
1755404638211,0.287139,-0.007777,9.934999
1755404638213,0.282353,-0.000598,9.877572
1755404638215,0.289532,-0.014955,9.891929
1755404638217,0.267996,-0.022134,9.827323
1755404638221,0.253639,-0.038883,9.896714
1755404638223,0.294317,-0.024526,9.964012
1755404638225,0.282353,0.02333,9.870394
1755404638227,0.258425,-0.041276,9.832108
1755404638229,0.253639,-0.055633,9.906285
1755404638232,0.282353,-0.000598,9.80818
1755404638234,0.232104,-0.014955,9.851251
1755404638237,0.291924,-0.017348,9.952048
1755404638239,0.291924,-0.046062,9.856036
1755404638242,0.234497,-0.050847,9.839287
1755404638244,0.287139,-0.017348,9.872787
1755404638247,0.301496,-0.017348,9.925428
1755404638249,0.275175,0.00658,9.844072
1755404638251,0.282353,-0.019741,9.915857
1755404638254,0.289532,0.018544,9.779466
1755404638256,0.260818,0.008973,9.964012
1755404638259,0.22014,-0.055633,9.973584
1755404638261,0.291924,-0.029312,9.779466
1755404638263,0.299103,-0.007777,9.879965
1755404638265,0.275175,-0.026919,9.927821
1755404638268,0.282353,-0.002991,9.88475
1755404638271,0.270389,-0.012562,9.863214
1755404638273,0.289532,-0.031705,9.872787
1755404638275,0.287139,-0.010169,9.891929
1755404638277,0.27996,-0.002991,9.870394
1755404638280,0.318245,0.00658,9.913465
1755404638282,0.287139,-0.05324,9.896714
1755404638284,0.303888,0.00658,9.91825
1755404638287,0.267996,-0.055633,9.868001
1755404638289,0.282353,-0.007777,9.702896
1755404638292,0.270389,-0.024526,10.014262
1755404638294,0.282353,0.018544,9.88475
1755404638296,0.294317,-0.034098,9.786645
1755404638299,0.291924,0.018544,9.990334
1755404638301,0.253639,0.00658,9.899107
1755404638307,0.251246,-0.017348,9.870394
1755404638309,0.275175,-0.017348,9.848858
1755404638310,0.318245,-0.029312,9.772287
1755404638311,0.244068,-0.029312,10.009477
1755404638314,0.31346,0.016152,9.84168
1755404638316,0.265603,0.004187,9.983155
1755404638318,0.291924,-0.031705,9.743574
1755404638322,0.229711,-0.038883,9.985548
1755404638323,0.332602,-0.017348,9.777073
1755404638325,0.284746,-0.007777,9.913465
1755404638328,0.33021,-0.012562,9.875179
1755404638330,0.277567,0.016152,9.858429
1755404638332,0.260818,-0.041276,9.932607
1755404638335,0.303888,0.011366,9.812965
1755404638338,0.291924,-0.060419,9.949656
1755404638340,0.256032,0.004187,9.789038
1755404638343,0.244068,-0.038883,9.995119
1755404638344,0.299103,0.004187,9.741181
1755404638347,0.210568,-0.055633,10.028619
1755404638349,0.33021,-0.014955,9.700503
1755404638352,0.248854,-0.034098,10.07169
1755404638355,0.334995,-0.010169,9.669396
1755404638357,0.248854,-0.034098,10.095618
1755404638359,0.346959,-0.000598,9.664611
1755404638362,0.224925,-0.062812,10.093225
1755404638364,0.332602,0.011366,9.686146
1755404638366,0.236889,-0.005384,10.057333
1755404638368,0.356531,-0.041276,9.724431
1755404638371,0.234497,-0.017348,10.019048
1755404638374,0.327817,-0.019741,9.760324
1755404638376,0.234497,0.004187,9.911072
1755404638378,0.303888,-0.041276,9.877572
1755404638380,0.267996,0.001795,9.820144
1755404638383,0.289532,-0.036491,9.995119
1755404638385,0.311067,-0.007777,9.757931
1755404638387,0.282353,-0.034098,10.045368
1755404638390,0.303888,-0.000598,9.68136
1755404638393,0.241675,-0.031705,10.033404
1755404638395,0.320638,-0.026919,9.71486
1755404638397,0.22014,-0.031705,9.999905
1755404638400,0.275175,-0.022134,9.853643
1755404638402,0.267996,-0.002991,9.887143
1755404638404,0.308674,-0.055633,9.949656
1755404638407,0.315853,-0.031705,9.762716
1755404638409,0.246461,-0.081954,10.031012
1755404638411,0.248854,0.032901,9.616755
1755404638414,0.327817,-0.06999,10.150653
1755404638416,0.320638,0.004187,9.743574
1755404638419,0.315853,-0.034098,10.184153
1755404638421,0.267996,0.018544,9.674182
1755404638425,0.232104,-0.010169,9.983155
1755404638427,0.375673,0.00658,10.138689
1755404638428,0.267996,-0.002991,9.88475
1755404638431,0.366102,-0.05324,9.975977
1755404638433,0.263211,-0.022134,9.812965
1755404638436,0.323031,-0.05324,9.964012
1755404638438,0.490529,-0.117847,10.129117
1755404638442,0.440279,-0.077169,10.251151
1755404638444,0.306281,-0.000598,9.997512
1755404638445,0.16002,0.042473,9.741181
1755404638447,0.040379,0.078365,9.387043
1755404638450,0.183948,0.054437,9.79143
1755404638452,0.289532,-0.022134,9.760324
1755404638455,0.265603,0.004187,9.944571
1755404638458,0.275175,-0.014955,9.899107
1755404638460,0.380459,-0.043669,9.983155
1755404638462,0.191127,-0.005384,9.602397
1755404638465,0.064307,0.097508,9.736395
1755404638466,0.183948,0.013759,9.767502
1755404638469,0.217747,-0.002991,9.923036
1755404638471,0.14327,-0.000598,9.667004
1755404638474,0.258425,-0.026919,9.77468
1755404638477,0.303888,-0.005384,10.009477
1755404638479,0.265603,-0.000598,9.848858
1755404638481,0.200997,0.025723,9.68136
1755404638483,0.121735,0.018544,9.425328
1755404638486,0.430708,-0.098704,10.112368
1755404638488,0.20339,0.001795,9.793823
1755404638492,0.234497,-0.007777,9.736395
1755404638493,0.248854,0.092722,10.143475
1755404638495,0.224925,-0.000598,9.671789
1755404638498,0.320638,-0.05324,9.710074
1755404638500,0.253639,0.018544,9.915857
1755404638503,0.183948,0.028116,9.614362
1755404638505,0.232104,-0.055633,9.707682
1755404638509,0.267996,-0.014955,9.868001
1755404638511,0.229711,0.004187,9.762716
1755404638512,0.282353,-0.024526,9.980762
1755404638514,0.272782,-0.026919,9.882358
1755404638517,0.287139,-0.000598,9.887143
1755404638519,0.301496,-0.012562,9.875179
1755404638522,0.289532,-0.010169,9.889536
1755404638525,0.289532,-0.012562,9.889536
1755404638527,0.303888,-0.026919,9.887143
1755404638529,0.29671,-0.022134,9.868001
1755404638531,0.253639,0.018544,9.891929
1755404638534,0.303888,0.011366,9.812965
1755404638536,0.224925,-0.089133,9.961619
1755404638539,0.318245,0.028116,9.887143
1755404638541,0.287139,-0.014955,9.80818
1755404638544,0.20339,-0.041276,9.973584
1755404638546,0.425922,-0.034098,9.676575
1755404638548,0.186341,-0.06999,10.05494
1755404638550,0.339781,0.047258,9.812965
1755404638553,0.239282,-0.048455,10.011869
1755404638555,0.308674,-0.005384,9.798609
1755404638559,0.306281,-0.043669,9.844072
1755404638561,0.275175,-0.012562,9.954441
1755404638563,0.366102,-0.024526,9.755538
1755404638565,0.195912,-0.043669,10.026226
1755404638567,0.382852,0.011366,9.695718
1755404638570,0.210568,-0.043669,10.00469
1755404638572,0.382852,0.037687,9.784252
1755404638574,0.229711,-0.026919,9.987941
1755404638578,0.337388,0.030508,9.817751
1755404638580,0.263211,-0.05324,9.949656
1755404638582,0.246461,0.013759,9.889536
1755404638584,0.306281,-0.005384,9.832108
1755404638586,0.244068,-0.014955,9.939785
1755404638589,0.325424,-0.017348,9.757931
1755404638591,0.200997,-0.036491,10.033404
1755404638594,0.339781,-0.010169,9.726824
1755404638596,0.19352,-0.043669,10.081261
1755404638599,0.349352,0.004187,9.676575
1755404638601,0.212961,-0.05324,10.057333
1755404638603,0.344566,0.037687,9.712467
1755404638606,0.167198,-0.036491,10.03819
1755404638608,0.334995,0.008973,9.765109
1755404638611,0.224925,-0.05324,9.990334
1755404638613,0.294317,0.001795,9.827323
1755404638615,0.260818,-0.043669,9.927821
1755404638617,0.289532,0.013759,9.875179
1755404638620,0.29671,-0.019741,9.891929
1755404638622,0.277567,0.001795,9.91825
1755404638625,0.315853,-0.043669,9.853643
1755404638628,0.244068,0.008973,9.915857
1755404638631,0.311067,-0.046062,9.832108
1755404638632,0.224925,-0.007777,9.927821
1755404638634,0.318245,-0.034098,9.817751
1755404638637,0.22014,-0.029312,9.954441
1755404638640,0.332602,-0.005384,9.796216
1755404638642,0.198604,-0.034098,9.968799
1755404638645,0.334995,-0.014955,9.786645
1755404638647,0.232104,-0.024526,9.990334
1755404638649,0.332602,-0.012562,9.762716
1755404638651,0.20339,-0.022134,9.975977
1755404638654,0.318245,-0.038883,9.793823
1755404638656,0.265603,-0.014955,9.937392
1755404638658,0.301496,-0.046062,9.834501
1755404638662,0.265603,-0.017348,9.839287
1755404638663,0.272782,-0.029312,9.882358
1755404638665,0.287139,-0.034098,9.844072
1755404638669,0.277567,-0.002991,9.939785
1755404638670,0.308674,0.02333,9.745967
1755404638673,0.232104,-0.026919,10.169795
1755404638675,0.311067,0.028116,9.796216
1755404638678,0.241675,-0.010169,9.88475
1755404638680,0.301496,-0.031705,9.844072
1755404638683,0.222533,-0.050847,9.911072
1755404638685,0.260818,-0.043669,9.827323
1755404638687,0.311067,-0.010169,9.801002
1755404638690,0.251246,0.004187,10.093225
1755404638692,0.289532,0.001795,9.745967
1755404638695,0.277567,-0.034098,9.954441
1755404638697,0.320638,-0.084347,9.827323
1755404638699,0.284746,-0.019741,9.844072
1755404638701,0.258425,0.011366,10.086046
1755404638704,0.31346,0.049651,9.79143
1755404638706,0.263211,0.001795,9.863214
1755404638709,0.29671,-0.129811,9.796216
1755404638712,0.291924,-0.072383,9.856036
1755404638714,0.315853,0.047258,10.03819
1755404638716,0.315853,0.095115,9.745967
1755404638718,0.277567,-0.050847,10.026226
1755404638721,0.291924,-0.132203,9.760324
1755404638723,0.311067,0.008973,9.925428
1755404638725,0.260818,0.080758,9.995119
1755404638728,0.320638,0.008973,9.745967
1755404638732,0.222533,-0.125025,9.793823
1755404638733,0.299103,-0.036491,10.011869
1755404638735,0.311067,0.080758,9.801002
1755404638737,0.270389,0.013759,10.019048
1755404638740,0.308674,-0.093918,9.772287
1755404638743,0.253639,-0.024526,9.997512
1755404638745,0.241675,0.020937,9.903893
1755404638748,0.308674,-0.019741,9.786645
1755404638750,0.301496,-0.074776,9.865608
1755404638752,0.263211,-0.017348,9.930214
1755404638754,0.284746,0.054437,9.834501
1755404638757,0.27996,-0.058026,9.889536
1755404638759,0.265603,-0.058026,9.875179
1755404638763,0.291924,0.020937,9.915857
1755404638765,0.267996,0.028116,9.911072
1755404638767,0.332602,-0.067597,9.810573
1755404638768,0.318245,-0.06999,9.894321
1755404638771,0.256032,0.032901,9.937392
1755404638773,0.282353,0.047258,9.796216
1755404638776,0.277567,-0.08674,9.80818
1755404638778,0.275175,-0.048455,9.97837
1755404638781,0.289532,0.061615,9.789038
1755404638783,0.248854,-0.007777,9.995119
1755404638786,0.29671,-0.115454,9.844072
1755404638788,0.308674,-0.046062,9.987941
1755404638790,0.258425,0.071186,9.889536
1755404638792,0.306281,-0.026919,9.731609
1755404638795,0.31346,-0.072383,9.911072
1755404638798,0.277567,0.016152,9.956834
1755404638801,0.267996,0.044865,9.765109
1755404638802,0.277567,-0.06999,9.932607
1755404638805,0.311067,-0.041276,9.889536
1755404638807,0.27996,0.028116,9.803394
1755404638809,0.263211,-0.026919,9.932607
1755404638812,0.323031,-0.017348,9.920643
1755404638816,0.315853,-0.043669,9.769895
1755404638818,0.224925,-0.093918,10.002297
1755404638819,0.315853,0.00658,9.865608
1755404638821,0.277567,-0.002991,9.805787
1755404638824,0.217747,-0.055633,9.956834
1755404638826,0.342174,0.008973,9.84168
1755404638828,0.272782,-0.014955,9.822537
1755404638832,0.253639,-0.050847,9.964012
1755404638833,0.346959,-0.022134,9.848858
1755404638837,0.258425,-0.002991,9.853643
1755404638838,0.29671,-0.022134,9.91825
1755404638840,0.318245,0.001795,9.865608
1755404638843,0.260818,-0.005384,9.834501
1755404638845,0.289532,-0.06999,9.952048
1755404638848,0.306281,-0.007777,9.858429
1755404638850,0.27996,-0.010169,9.858429
1755404638852,0.270389,-0.050847,9.906285
1755404638855,0.346959,-0.038883,9.868001
1755404638857,0.253639,0.004187,9.894321
1755404638859,0.272782,-0.007777,9.899107
1755404638862,0.272782,-0.002991,9.877572
1755404638865,0.289532,-0.034098,9.865608
1755404638867,0.267996,-0.024526,9.896714
1755404638869,0.294317,0.020937,9.858429
1755404638871,0.253639,-0.026919,9.896714
1755404638874,0.284746,0.001795,9.865608
1755404638876,0.251246,-0.017348,9.870394
1755404638879,0.253639,-0.000598,9.891929
1755404638883,0.287139,0.013759,9.896714
1755404638884,0.299103,-0.022134,9.875179
1755404638886,0.301496,-0.034098,9.868001
1755404638888,0.294317,-0.041276,9.894321
1755404638891,0.303888,-0.034098,9.882358
1755404638893,0.315853,-0.014955,9.870394
1755404638896,0.282353,-0.022134,9.865608
1755404638900,0.277567,-0.017348,9.879965
1755404638902,0.27996,-0.029312,9.872787
1755404638904,0.306281,-0.031705,9.894321
1755404638905,0.299103,-0.019741,9.848858
1755404638907,0.272782,-0.024526,9.879965
1755404638910,0.267996,-0.036491,9.879965
1755404638912,0.284746,-0.007777,9.903893
1755404638914,0.272782,-0.022134,9.906285
1755404638917,0.27996,-0.000598,9.875179
1755404638919,0.306281,-0.000598,9.803394
1755404638922,0.299103,-0.043669,9.906285
1755404638924,0.251246,-0.026919,9.853643
1755404638926,0.272782,-0.043669,9.9015
1755404638929,0.291924,-0.026919,9.856036
1755404638931,0.260818,-0.024526,9.865608
1755404638934,0.284746,-0.012562,9.829716
1755404638936,0.282353,-0.050847,9.968799
1755404638939,0.315853,0.044865,9.896714
1755404638941,0.282353,0.013759,9.784252
1755404638944,0.270389,-0.060419,9.868001
1755404638947,0.323031,-0.024526,9.829716
1755404638951,0.27996,0.00658,9.863214
1755404638952,0.260818,0.044865,9.966406
1755404638954,0.29671,0.028116,9.839287
1755404638956,0.253639,-0.048455,9.939785
1755404638958,0.33021,-0.050847,9.786645
1755404638961,0.289532,-0.012562,9.97837
1755404638963,0.294317,0.042473,9.834501
1755404638965,0.265603,-0.036491,9.949656
1755404638968,0.306281,-0.029312,9.839287
1755404638970,0.234497,-0.031705,9.879965
1755404638972,0.265603,0.004187,9.827323
1755404638975,0.294317,0.025723,10.021441
1755404638977,0.267996,0.04008,9.829716
1755404638979,0.258425,-0.017348,9.952048
1755404638982,0.289532,-0.093918,9.796216
1755404638984,0.308674,-0.014955,9.942178
1755404638987,0.260818,0.04008,9.889536
1755404638989,0.303888,0.018544,9.851251
1755404638991,0.270389,-0.055633,9.968799
1755404638994,0.299103,-0.029312,9.74836
1755404638996,0.263211,-0.036491,9.911072
1755404638999,0.342174,-0.029312,9.848858
1755404639001,0.31346,0.018544,9.887143
1755404639003,0.263211,-0.017348,9.947263
1755404639006,0.31346,0.00658,9.760324
1755404639008,0.256032,-0.041276,10.042975
1755404639011,0.349352,0.00658,9.729217
1755404639013,0.224925,-0.017348,10.081261
1755404639015,0.294317,0.025723,9.722038
1755404639018,0.195912,-0.041276,10.028619
1755404639020,0.315853,-0.010169,9.769895
1755404639022,0.234497,-0.019741,9.987941
1755404639025,0.342174,0.001795,9.77468
1755404639027,0.215354,0.018544,9.915857
1755404639030,0.311067,-0.034098,9.832108
1755404639032,0.234497,0.004187,9.863214
1755404639035,0.270389,-0.050847,9.930214
1755404639037,0.311067,0.011366,9.762716
1755404639039,0.256032,-0.014955,10.057333
1755404639042,0.318245,0.001795,9.743574
1755404639044,0.256032,-0.034098,10.105189
1755404639047,0.31346,0.020937,9.705289
1755404639049,0.224925,-0.014955,10.081261
1755404639052,0.337388,-0.034098,9.710074
1755404639054,0.232104,-0.065204,9.949656
1755404639056,0.311067,-0.048455,9.798609
1755404639058,0.265603,-0.046062,9.906285
1755404639061,0.303888,-0.043669,9.939785
1755404639063,0.31346,0.013759,9.796216
1755404639065,0.265603,-0.029312,10.033404
1755404639068,0.320638,0.016152,9.743574
1755404639070,0.244068,-0.038883,10.045368
1755404639074,0.354138,-0.036491,9.698111
1755404639075,0.284746,-0.06999,9.964012
1755404639078,0.311067,-0.046062,9.777073
1755404639080,0.246461,-0.005384,9.875179
1755404639082,0.253639,-0.012562,9.961619
1755404639084,0.275175,-0.000598,9.784252
1755404639087,0.27996,-0.022134,10.05494
1755404639089,0.33021,0.008973,9.74836
1755404639092,0.263211,-0.034098,10.100404
1755404639094,0.29671,-0.034098,9.705289
1755404639097,0.265603,-0.048455,9.961619
1755404639099,0.301496,-0.041276,9.79143
1755404639101,0.282353,-0.005384,9.894321
1755404639104,0.289532,-0.014955,9.908679
1755404639106,0.315853,0.00658,9.765109
1755404639108,0.263211,-0.031705,10.076475
1755404639111,0.308674,0.030508,9.743574
1755404639114,0.253639,-0.050847,10.088439
1755404639116,0.337388,-0.000598,9.695718
1755404639118,0.244068,-0.024526,9.985548
1755404639121,0.318245,-0.036491,9.750752
1755404639123,0.256032,-0.058026,9.896714
1755404639125,0.299103,-0.031705,9.899107
1755404639128,0.299103,0.00658,9.822537
1755404639130,0.232104,-0.002991,10.016655
1755404639133,0.37328,0.00658,9.755538
1755404639135,0.272782,-0.010169,10.07169
1755404639138,0.31346,-0.024526,9.724431
1755404639140,0.205783,-0.067597,9.934999
1755404639143,0.318245,-0.041276,9.810573
1755404639144,0.284746,-0.022134,9.875179
1755404639147,0.27996,-0.019741,9.973584
1755404639149,0.277567,0.032901,9.80818
1755404639152,0.263211,-0.012562,10.042975
1755404639155,0.33021,-0.019741,9.74836
1755404639157,0.267996,-0.038883,10.011869
1755404639159,0.315853,-0.029312,9.702896
1755404639161,0.275175,-0.041276,9.947263
1755404639164,0.31346,-0.038883,9.877572
1755404639166,0.311067,-0.002991,9.79143
1755404639169,0.265603,-0.005384,10.023833
1755404639172,0.272782,0.016152,9.745967
1755404639174,0.241675,-0.031705,10.098011
1755404639176,0.344566,-0.024526,9.753145
1755404639178,0.248854,-0.065204,9.942178
1755404639181,0.301496,-0.036491,9.71486
1755404639183,0.277567,-0.022134,9.973584
1755404639185,0.284746,-0.05324,9.889536
1755404639188,0.299103,0.016152,9.750752
1755404639192,0.244068,-0.036491,9.959227
1755404639193,0.31346,0.016152,9.755538
1755404639195,0.253639,-0.041276,10.119546
1755404639198,0.287139,-0.014955,9.784252
1755404639200,0.229711,-0.041276,9.851251
1755404639202,0.303888,-0.036491,9.79143
1755404639206,0.253639,-0.022134,9.985548
1755404639210,0.294317,-0.041276,9.915857
1755404639211,0.260818,-0.010169,9.738789
1755404639212,0.232104,-0.019741,10.016655
1755404639214,0.294317,0.008973,9.851251
1755404639216,0.232104,-0.050847,10.023833
1755404639219,0.294317,-0.017348,9.643075
1755404639222,0.256032,-0.017348,9.954441
1755404639227,0.267996,-0.060419,9.832108
1755404639228,0.287139,-0.031705,9.810573
1755404639229,0.306281,-0.007777,9.973584
1755404639231,0.265603,0.020937,9.784252
1755404639233,0.282353,-0.026919,10.083653
1755404639236,0.332602,-0.012562,9.736395
1755404639240,0.272782,-0.048455,9.952048
1755404639242,0.334995,-0.010169,9.750752
1755404639244,0.265603,-0.024526,9.877572
1755404639245,0.299103,-0.024526,9.944571
1755404639248,0.327817,0.008973,9.844072
1755404639251,0.289532,-0.022134,10.019048
1755404639252,0.334995,-0.026919,9.812965
1755404639255,0.289532,-0.048455,9.937392
1755404639258,0.327817,-0.022134,9.750752
1755404639260,0.246461,-0.017348,9.932607
1755404639262,0.294317,0.030508,9.906285
1755404639265,0.284746,0.042473,9.882358
1755404639267,0.294317,0.018544,9.964012
1755404639269,0.294317,-0.034098,9.805787
1755404639272,0.244068,-0.067597,9.911072
1755404639275,0.27996,-0.058026,9.745967
1755404639276,0.294317,-0.024526,9.923036
1755404639279,0.287139,-0.002991,9.9015
1755404639282,0.282353,0.011366,9.853643
1755404639284,0.267996,-0.002991,10.002297
1755404639286,0.275175,0.011366,9.820144
1755404639288,0.282353,-0.024526,9.947263
1755404639291,0.320638,-0.036491,9.760324
1755404639294,0.301496,-0.026919,9.937392
1755404639295,0.306281,-0.000598,9.80818
1755404639298,0.289532,0.008973,9.865608
1755404639300,0.29671,-0.029312,9.934999
1755404639303,0.291924,-0.000598,9.82493
1755404639305,0.291924,-0.041276,9.992726
1755404639308,0.344566,0.008973,9.722038
1755404639310,0.22014,-0.010169,10.023833
1755404639312,0.320638,-0.012562,9.71486
1755404639315,0.22014,-0.022134,10.062119
1755404639317,0.308674,0.008973,9.736395
1755404639320,0.229711,-0.007777,10.047761
1755404639322,0.334995,-0.010169,9.745967
1755404639325,0.224925,-0.043669,9.908679
1755404639327,0.315853,-0.046062,9.772287
1755404639329,0.282353,-0.026919,9.923036
1755404639332,0.31346,-0.050847,9.88475
1755404639334,0.241675,-0.000598,9.870394
1755404639336,0.265603,-0.050847,9.887143
1755404639339,0.318245,-0.010169,9.79143
1755404639341,0.258425,-0.010169,9.959227
1755404639344,0.299103,0.018544,9.767502
1755404639346,0.244068,-0.017348,10.026226
1755404639348,0.308674,0.008973,9.731609
1755404639351,0.246461,0.00658,10.009477
1755404639353,0.323031,0.013759,9.705289
1755404639355,0.239282,-0.038883,10.069297
1755404639359,0.29671,0.013759,9.801002
1755404639360,0.208176,-0.036491,9.97837
1755404639363,0.327817,-0.017348,9.760324
1755404639365,0.282353,-0.017348,9.853643
1755404639367,0.327817,-0.024526,9.856036
1755404639370,0.277567,-0.002991,9.927821
1755404639373,0.291924,-0.038883,9.966406
1755404639376,0.27996,-0.002991,9.79143
1755404639377,0.265603,-0.055633,9.903893
1755404639379,0.299103,-0.010169,9.729217
1755404639382,0.217747,-0.048455,10.047761
1755404639385,0.337388,-0.012562,9.820144
1755404639387,0.239282,-0.017348,9.985548
1755404639389,0.29671,-0.014955,9.669396
1755404639392,0.248854,-0.038883,10.062119
1755404639394,0.29671,-0.043669,9.848858
1755404639396,0.227318,-0.034098,9.9015
1755404639399,0.29671,-0.048455,9.700503
1755404639401,0.253639,-0.029312,9.9015
1755404639403,0.320638,-0.036491,10.009477
1755404639406,0.284746,-0.014955,9.868001
1755404639409,0.260818,-0.041276,9.875179
1755404639413,0.287139,0.025723,9.726824
1755404639414,0.234497,-0.017348,10.033404
1755404639415,0.33021,0.00658,9.745967
1755404639418,0.277567,-0.031705,10.050154
1755404639420,0.346959,-0.019741,9.851251
1755404639422,0.27996,-0.022134,9.923036
1755404639425,0.315853,-0.029312,9.686146
1755404639428,0.244068,-0.014955,9.930214
1755404639430,0.303888,-0.041276,9.964012
1755404639432,0.277567,-0.026919,9.839287
1755404639434,0.248854,-0.038883,9.91825
1755404639437,0.294317,0.018544,9.719646
1755404639439,0.260818,0.008973,10.066904
1755404639443,0.311067,0.001795,9.801002
1755404639445,0.234497,-0.019741,10.014262
1755404639447,0.303888,-0.031705,9.659825
1755404639449,0.256032,-0.041276,9.891929
1755404639451,0.270389,-0.060419,9.906285
1755404639454,0.294317,-0.007777,9.875179
1755404639456,0.270389,-0.038883,9.899107
1755404639458,0.323031,0.037687,9.688539
1755404639461,0.267996,-0.007777,10.090832
1755404639463,0.294317,0.016152,9.88475
1755404639466,0.256032,-0.038883,9.952048
1755404639468,0.301496,-0.024526,9.633504
1755404639470,0.272782,-0.014955,9.973584
1755404639473,0.301496,-0.050847,9.964012
1755404639475,0.301496,-0.029312,9.77468
1755404639478,0.239282,-0.019741,10.045368
1755404639480,0.289532,0.037687,9.82493
1755404639483,0.263211,-0.029312,10.042975
1755404639485,0.306281,-0.022134,9.600004
1755404639488,0.287139,-0.05324,9.942178
1755404639490,0.289532,-0.055633,9.889536
1755404639492,0.29671,-0.012562,9.755538
1755404639495,0.289532,0.049651,10.00469
1755404639497,0.323031,0.044865,9.925428
1755404639499,0.258425,-0.058026,9.956834
1755404639501,0.320638,-0.077169,9.537791
1755404639504,0.253639,-0.060419,9.983155
1755404639507,0.301496,-0.036491,9.947263
1755404639509,0.27996,0.066401,9.762716
1755404639511,0.258425,0.020937,10.098011
1755404639515,0.272782,-0.005384,9.734002
1755404639516,0.241675,-0.074776,9.911072
1755404639518,0.260818,-0.077169,9.863214
1755404639521,0.272782,0.011366,9.875179
1755404639523,0.282353,0.059222,9.999905
1755404639525,0.303888,0.032901,9.724431
1755404639528,0.239282,-0.072383,9.906285
1755404639530,0.289532,-0.089133,9.798609
1755404639533,0.284746,0.016152,9.968799
1755404639535,0.311067,0.11665,9.992726
1755404639537,0.275175,-0.005384,9.726824
1755404639540,0.27996,-0.177667,9.793823
1755404639543,0.308674,-0.046062,9.959227
1755404639545,0.323031,0.152542,10.019048
1755404639547,0.256032,0.054437,9.939785
1755404639550,0.284746,-0.160917,9.676575
1755404639552,0.284746,-0.122632,9.858429
1755404639554,0.272782,0.085543,10.011869
1755404639557,0.289532,0.145364,9.934999
1755404639559,0.256032,-0.079561,9.822537
1755404639562,0.327817,-0.189631,9.734002
1755404639567,0.299103,-0.022134,10.03819
1755404639568,0.29671,0.178863,10.031012
1755404639569,0.31346,0.013759,9.705289
1755404639571,0.29671,-0.201595,9.772287
1755404639573,0.287139,-0.098704,9.856036
1755404639576,0.282353,0.138186,10.045368
1755404639580,0.256032,0.109472,9.947263
1755404639581,0.284746,-0.141775,9.664611
1755404639584,0.299103,-0.182453,9.805787
1755404639585,0.272782,0.073579,10.011869
1755404639588,0.289532,0.166899,9.877572
1755404639591,0.258425,-0.062812,9.839287
1755404639593,0.282353,-0.189631,9.750752
1755404639596,0.303888,-0.010169,10.00469
1755404639598,0.267996,0.166899,10.064511
1755404639600,0.291924,0.05683,9.755538
1755404639602,0.260818,-0.187238,9.753145
1755404639605,0.308674,-0.115454,9.868001
1755404639607,0.323031,0.095115,10.066904
1755404639609,0.289532,0.097508,9.915857
1755404639612,0.248854,-0.108275,9.702896
1755404639616,0.267996,-0.151346,9.829716
1755404639617,0.289532,0.071186,10.026226
1755404639619,0.299103,0.142971,9.903893
1755404639621,0.263211,-0.072383,9.80818
1755404639624,0.299103,-0.206381,9.760324
1755404639626,0.323031,-0.031705,10.016655
1755404639629,0.289532,0.159721,10.019048
1755404639631,0.294317,0.018544,9.777073
1755404639634,0.270389,-0.16331,9.846465
1755404639636,0.303888,-0.05324,9.875179
1755404639639,0.272782,0.061615,9.88475
1755404639641,0.256032,-0.002991,9.882358
1755404639643,0.272782,-0.077169,9.848858
1755404639645,0.272782,-0.048455,9.834501
1755404639648,0.244068,-0.002991,9.913465
1755404639650,0.306281,0.001795,9.872787
1755404639653,0.291924,-0.043669,9.882358
1755404639655,0.248854,-0.010169,9.896714
1755404639658,0.27996,-0.007777,9.848858
1755404639660,0.306281,-0.012562,9.906285
1755404639662,0.277567,-0.022134,9.839287
1755404639664,0.308674,-0.034098,9.872787
1755404639667,0.294317,-0.046062,9.887143
1755404639669,0.272782,-0.029312,9.889536
1755404639672,0.315853,-0.010169,9.84168
1755404639674,0.294317,-0.010169,9.906285
1755404639676,0.291924,-0.000598,9.88475
1755404639679,0.265603,-0.000598,9.856036
1755404639681,0.287139,0.008973,9.834501
1755404639685,0.284746,-0.050847,9.968799
1755404639686,0.311067,-0.026919,9.84168
1755404639688,0.272782,-0.017348,9.937392
1755404639691,0.260818,-0.014955,9.856036
1755404639694,0.265603,-0.031705,9.937392
1755404639696,0.306281,-0.031705,9.77468
1755404639699,0.258425,-0.022134,9.997512
1755404639701,0.327817,0.025723,9.798609
1755404639703,0.239282,-0.014955,9.990334
1755404639705,0.327817,-0.031705,9.674182
1755404639707,0.229711,-0.077169,9.865608
1755404639710,0.277567,-0.012562,9.887143
1755404639712,0.303888,0.061615,9.879965
1755404639715,0.272782,0.018544,10.028619
1755404639719,0.308674,-0.007777,9.760324
1755404639720,0.232104,-0.048455,9.944571
1755404639722,0.327817,-0.065204,9.729217
1755404639724,0.282353,-0.05324,9.875179
1755404639727,0.294317,-0.046062,9.973584
1755404639729,0.294317,0.04008,9.865608
1755404639732,0.270389,-0.010169,10.057333
1755404639735,0.311067,0.011366,9.683753
1755404639737,0.263211,-0.065204,9.968799
1755404639739,0.303888,-0.036491,9.79143
1755404639741,0.270389,0.008973,9.939785
1755404639744,0.318245,0.049651,10.007083
1755404639746,0.320638,0.020937,9.801002
1755404639749,0.289532,-0.074776,9.959227
1755404639751,0.299103,-0.06999,9.781859
1755404639753,0.29671,-0.017348,9.959227
1755404639756,0.263211,0.075972,9.925428
1755404639758,0.265603,0.004187,9.796216
1755404639760,0.260818,-0.060419,9.889536
1755404639763,0.287139,-0.038883,9.856036
1755404639766,0.265603,0.011366,9.908679
1755404639768,0.253639,-0.024526,9.920643
1755404639770,0.277567,-0.058026,9.858429
1755404639772,0.287139,-0.036491,9.889536
1755404639775,0.287139,-0.000598,9.915857
1755404639777,0.31346,0.011366,9.844072
1755404639781,0.275175,-0.022134,9.937392
1755404639782,0.267996,-0.031705,9.875179
1755404639785,0.263211,-0.007777,9.856036
1755404639787,0.287139,-0.041276,9.863214
1755404639789,0.289532,-0.036491,9.810573
1755404639791,0.306281,-0.019741,9.894321
1755404639794,0.291924,-0.050847,9.870394
1755404639796,0.31346,-0.007777,9.882358
1755404639799,0.263211,-0.022134,9.91825
1755404639801,0.282353,-0.002991,9.844072
1755404639804,0.289532,-0.046062,9.968799
1755404639806,0.282353,-0.017348,9.889536
1755404639808,0.260818,0.001795,9.865608
1755404639811,0.287139,-0.079561,9.755538
1755404639813,0.282353,-0.091525,9.82493
1755404639815,0.315853,0.011366,9.968799
1755404639818,0.31346,0.107079,9.980762
1755404639822,0.222533,0.030508,9.952048
1755404639823,0.270389,-0.098704,9.659825
1755404639825,0.248854,-0.132203,9.954441
1755404639827,0.272782,-0.012562,9.868001
1755404639830,0.275175,0.073579,9.793823
1755404639832,0.256032,0.037687,10.150653
1755404639835,0.311067,-0.010169,9.671789
1755404639837,0.210568,-0.084347,9.939785
1755404639840,0.323031,-0.105882,9.77468
1755404639842,0.315853,-0.014955,9.817751
1755404639844,0.246461,0.030508,10.119546
1755404639847,0.308674,0.064008,9.858429
1755404639849,0.246461,-0.067597,9.863214
1755404639851,0.29671,-0.122632,9.690931
1755404639854,0.308674,-0.084347,9.865608
1755404639856,0.265603,0.073579,10.031012
1755404639859,0.332602,0.078365,9.964012
1755404639861,0.234497,-0.036491,9.856036
1755404639863,0.287139,-0.168096,9.698111
1755404639866,0.303888,-0.058026,9.903893
1755404639869,0.301496,0.114257,10.062119
1755404639871,0.291924,0.092722,9.779466
1755404639873,0.272782,-0.110668,9.803394
1755404639875,0.284746,-0.132203,9.82493
1755404639878,0.315853,0.047258,9.983155
1755404639880,0.275175,0.111864,10.042975
1755404639883,0.308674,-0.06999,9.683753
1755404639885,0.282353,-0.18006,9.858429
1755404639887,0.282353,-0.024526,9.954441
1755404639890,0.327817,0.142971,9.827323
1755404639892,0.263211,-0.031705,9.891929
1755404639895,0.275175,-0.170489,9.79143
1755404639898,0.244068,-0.002991,9.932607
1755404639899,0.236889,0.114257,10.00469
1755404639903,0.320638,-0.024526,9.753145
1755404639905,0.318245,-0.091525,9.896714
1755404639907,0.289532,-0.034098,9.9015
1755404639909,0.289532,0.02333,9.82493
1755404639911,0.284746,-0.034098,9.932607
1755404639914,0.299103,-0.091525,9.832108
1755404639916,0.265603,-0.041276,9.894321
1755404639919,0.251246,0.037687,9.923036
1755404639921,0.287139,-0.026919,9.829716
1755404639923,0.270389,-0.065204,9.903893
1755404639926,0.267996,-0.026919,9.903893
1755404639928,0.277567,0.011366,9.844072
1755404639930,0.29671,0.004187,9.91825
1755404639933,0.294317,-0.050847,9.834501
1755404639936,0.294317,-0.036491,9.863214
1755404639939,0.277567,-0.007777,9.915857
1755404639940,0.306281,0.028116,9.863214
1755404639944,0.27996,-0.026919,9.915857
1755404639945,0.287139,-0.043669,9.853643
1755404639947,0.265603,-0.038883,9.858429
1755404639949,0.291924,0.020937,9.930214
1755404639953,0.29671,0.001795,9.822537
1755404639955,0.267996,-0.010169,9.915857
1755404639957,0.318245,-0.031705,9.860822
1755404639959,0.325424,-0.036491,9.877572
1755404639962,0.275175,-0.007777,9.913465
1755404639964,0.29671,-0.017348,9.803394
1755404639966,0.282353,-0.007777,9.870394
1755404639970,0.320638,-0.012562,9.937392
1755404639971,0.311067,0.013759,9.839287
1755404639974,0.265603,-0.005384,9.930214
1755404639976,0.299103,-0.026919,9.820144
1755404639978,0.267996,-0.017348,9.875179
1755404639981,0.272782,-0.029312,9.961619
1755404639983,0.303888,0.013759,9.810573
1755404639987,0.251246,-0.034098,9.937392
1755404639989,0.284746,-0.046062,9.762716
1755404639992,0.275175,-0.041276,9.934999
1755404639993,0.291924,-0.010169,9.908679
1755404639995,0.306281,0.013759,9.781859
1755404639997,0.289532,-0.038883,10.019048
1755404640001,0.31346,0.004187,9.712467
1755404640009,0.244068,-0.034098,9.937392
1755404640012,0.301496,-0.05324,9.844072
1755404640013,0.277567,0.013759,9.91825
1755404640014,0.256032,0.049651,9.995119
1755404640015,0.301496,-0.002991,9.698111
1755404640016,0.267996,-0.141775,9.906285
1755404640017,0.291924,-0.022134,9.942178
1755404640019,0.282353,0.071186,9.793823
1755404640022,0.282353,-0.043669,9.971191
1755404640025,0.33021,-0.113061,9.903893
1755404640026,0.311067,-0.005384,10.014262
1755404640029,0.232104,0.044865,9.781859
1755404640031,0.263211,-0.029312,9.79143
1755404640034,0.344566,-0.043669,9.937392
1755404640036,0.253639,0.008973,9.961619
1755404640038,0.263211,0.032901,9.717253
1755404640042,0.294317,-0.041276,9.899107
1755404640043,0.308674,-0.007777,9.964012
1755404640046,0.236889,0.008973,9.801002
1755404640048,0.277567,-0.046062,9.920643
1755404640050,0.265603,-0.019741,9.930214
1755404640053,0.270389,0.018544,9.801002
1755404640055,0.246461,-0.050847,9.868001
1755404640057,0.334995,-0.038883,9.954441
1755404640060,0.29671,0.052044,9.899107
1755404640062,0.232104,-0.014955,9.906285
1755404640065,0.31346,-0.06999,9.793823
1755404640067,0.287139,0.044865,9.856036
1755404640070,0.270389,0.020937,9.966406
1755404640072,0.275175,-0.098704,9.839287
1755404640074,0.318245,-0.022134,9.789038
1755404640077,0.294317,-0.026919,9.952048
1755404640079,0.267996,-0.067597,9.899107
1755404640081,0.301496,-0.007777,9.741181
1755404640084,0.236889,-0.022134,9.937392
1755404640086,0.253639,-0.05324,9.896714
1755404640090,0.27996,-0.024526,9.832108
1755404640092,0.315853,0.004187,9.906285
1755404640093,0.253639,-0.043669,9.908679
1755404640096,0.337388,-0.046062,9.815358
1755404640098,0.306281,0.042473,9.870394
1755404640101,0.284746,-0.062812,9.934999
1755404640104,0.287139,-0.026919,9.846465
1755404640106,0.277567,-0.007777,9.896714
1755404640108,0.272782,-0.043669,9.911072
1755404640110,0.31346,-0.007777,9.82493
1755404640113,0.301496,0.011366,9.9015
1755404640115,0.248854,-0.058026,9.937392
1755404640117,0.342174,0.011366,9.82493
1755404640120,0.301496,0.016152,9.939785
1755404640122,0.241675,-0.06999,9.925428
1755404640125,0.344566,-0.007777,9.834501
1755404640127,0.289532,-0.031705,9.877572
1755404640129,0.260818,-0.043669,9.899107
1755404640132,0.339781,0.00658,9.872787
1755404640134,0.277567,0.00658,9.915857
1755404640137,0.246461,-0.062812,9.870394
1755404640140,0.320638,-0.010169,9.84168
1755404640143,0.251246,0.004187,9.923036
1755404640144,0.248854,-0.05324,9.882358
1755404640147,0.323031,0.001795,9.84168
1755404640148,0.260818,0.016152,9.882358
1755404640151,0.265603,-0.038883,9.868001
1755404640153,0.334995,0.030508,9.844072
1755404640156,0.251246,-0.022134,9.84168
1755404640158,0.236889,-0.022134,9.894321
1755404640162,0.315853,0.037687,9.858429
1755404640163,0.248854,-0.038883,9.805787
1755404640165,0.248854,-0.024526,9.942178
1755404640168,0.320638,0.047258,9.88475
1755404640170,0.248854,-0.043669,9.820144
1755404640172,0.27996,-0.058026,9.91825
1755404640175,0.332602,0.028116,9.9015
1755404640177,0.229711,-0.019741,9.923036
1755404640180,0.289532,-0.031705,9.894321
1755404640182,0.294317,-0.046062,9.767502
1755404640184,0.210568,-0.067597,9.975977
1755404640187,0.344566,0.008973,9.889536
1755404640189,0.291924,0.032901,9.753145
1755404640192,0.246461,-0.058026,10.098011
1755404640194,0.351745,-0.005384,9.702896
1755404640196,0.260818,-0.05324,9.848858
1755404640199,0.272782,-0.019741,10.088439
1755404640201,0.337388,0.030508,9.734002
1755404640205,0.251246,-0.034098,9.82493
1755404640207,0.311067,-0.055633,10.069297
1755404640210,0.315853,0.025723,9.757931
1755404640212,0.239282,-0.031705,9.798609
1755404640213,0.289532,-0.062812,10.078868
1755404640216,0.306281,0.008973,9.731609
1755404640218,0.256032,-0.046062,9.822537
1755404640221,0.320638,-0.058026,10.086046
1755404640223,0.287139,0.049651,9.762716
1755404640226,0.246461,-0.034098,9.832108
1755404640228,0.311067,-0.041276,9.968799
1755404640230,0.327817,0.028116,9.801002
1755404640233,0.253639,-0.050847,9.860822
1755404640235,0.31346,-0.022134,9.91825
1755404640237,0.303888,0.016152,9.846465
1755404640240,0.22014,-0.012562,9.887143
1755404640243,0.325424,-0.036491,9.908679
1755404640245,0.287139,-0.046062,9.911072
1755404640247,0.277567,-0.017348,9.839287
1755404640249,0.303888,-0.012562,9.908679
1755404640252,0.284746,-0.005384,9.896714
1755404640254,0.272782,-0.005384,9.870394
1755404640256,0.275175,-0.036491,9.925428
1755404640260,0.311067,-0.026919,9.848858
1755404640262,0.282353,-0.034098,9.91825
1755404640264,0.315853,0.018544,9.870394
1755404640266,0.294317,-0.010169,9.891929
1755404640269,0.270389,-0.026919,9.887143
1755404640271,0.272782,-0.017348,9.915857
1755404640273,0.33021,-0.024526,9.875179
1755404640276,0.29671,-0.022134,9.858429
1755404640280,0.27996,-0.029312,9.899107
1755404640281,0.282353,-0.017348,9.872787
1755404640283,0.294317,-0.017348,9.882358
1755404640285,0.282353,-0.000598,9.896714
1755404640288,0.272782,0.001795,9.865608
1755404640290,0.311067,-0.017348,9.865608
1755404640293,0.275175,-0.024526,9.870394
1755404640295,0.287139,-0.007777,9.848858
1755404640297,0.294317,-0.005384,9.894321
1755404640300,0.263211,-0.029312,9.877572
1755404640302,0.291924,-0.022134,9.889536
1755404640304,0.267996,-0.014955,9.879965
1755404640308,0.299103,-0.026919,9.894321
1755404640310,0.291924,-0.017348,9.879965
1755404640313,0.289532,-0.038883,9.846465
1755404640314,0.29671,-0.041276,9.865608
1755404640316,0.308674,0.004187,9.875179
1755404640319,0.265603,-0.000598,9.887143
1755404640321,0.256032,-0.012562,9.865608
1755404640323,0.260818,-0.019741,9.88475
1755404640326,0.253639,-0.029312,9.882358
1755404640329,0.267996,-0.022134,9.879965
1755404640331,0.29671,-0.031705,9.865608
1755404640333,0.265603,-0.026919,9.875179
1755404640335,0.253639,-0.014955,9.894321
1755404640338,0.301496,0.00658,9.9015
1755404640340,0.294317,-0.046062,9.896714
1755404640343,0.327817,-0.019741,9.863214
1755404640345,0.244068,-0.024526,9.731609
1755404640347,0.318245,-0.038883,9.875179
1755404640350,0.31346,-0.026919,10.019048
1755404640352,0.27996,-0.002991,9.88475
1755404640355,0.301496,-0.002991,9.853643
1755404640357,0.284746,-0.065204,9.779466
1755404640359,0.287139,0.032901,10.011869
1755404640362,0.27996,0.02333,9.77468
1755404640364,0.232104,-0.058026,10.033404
1755404640366,0.342174,-0.048455,9.784252
1755404640369,0.241675,-0.05324,9.908679
1755404640371,0.315853,-0.000598,9.868001
1755404640374,0.265603,-0.010169,9.868001
1755404640376,0.272782,-0.031705,9.911072
1755404640379,0.267996,-0.019741,9.872787
1755404640381,0.289532,-0.029312,9.84168
1755404640383,0.291924,0.02333,9.891929
1755404640386,0.303888,0.004187,9.863214
1755404640388,0.27996,0.011366,9.844072
1755404640391,0.227318,-0.034098,9.913465
1755404640393,0.265603,0.02333,9.817751
1755404640396,0.234497,-0.041276,9.959227
1755404640399,0.318245,0.00658,9.741181
1755404640400,0.241675,-0.024526,10.007083
1755404640402,0.325424,-0.002991,9.762716
1755404640405,0.227318,-0.031705,9.997512
1755404640407,0.315853,-0.014955,9.772287
1755404640410,0.222533,-0.022134,10.026226
1755404640413,0.325424,-0.017348,9.71486
1755404640414,0.236889,0.004187,10.095618
1755404640417,0.363709,-0.012562,9.683753
1755404640419,0.267996,-0.026919,10.066904
1755404640422,0.339781,0.00658,9.667004
1755404640424,0.205783,0.004187,10.035797
1755404640426,0.327817,-0.010169,9.74836
1755404640430,0.236889,-0.022134,9.987941
1755404640432,0.358923,-0.034098,9.801002
1755404640434,0.224925,-0.014955,9.934999
1755404640436,0.315853,-0.055633,9.829716
1755404640439,0.291924,-0.014955,9.9015
1755404640441,0.323031,-0.055633,9.865608
1755404640443,0.27996,-0.002991,9.820144
1755404640446,0.241675,-0.058026,9.915857
1755404640448,0.277567,-0.007777,9.812965
1755404640451,0.272782,-0.065204,9.947263
1755404640453,0.308674,0.011366,9.829716
1755404640455,0.282353,-0.048455,9.987941
1755404640457,0.291924,0.00658,9.765109
1755404640460,0.301496,-0.024526,9.973584
1755404640463,0.265603,0.020937,9.755538
1755404640465,0.256032,-0.043669,10.002297
1755404640468,0.301496,-0.010169,9.717253
1755404640469,0.215354,-0.012562,10.033404
1755404640473,0.306281,0.016152,9.722038
1755404640474,0.263211,-0.046062,10.052547
1755404640477,0.318245,-0.010169,9.731609
1755404640481,0.256032,-0.012562,10.011869
1755404640482,0.327817,0.001795,9.769895
1755404640484,0.246461,-0.022134,9.927821
1755404640487,0.303888,-0.017348,9.765109
1755404640489,0.256032,0.00658,9.956834
1755404640491,0.275175,-0.055633,9.856036
1755404640494,0.287139,-0.014955,9.875179
1755404640497,0.342174,-0.031705,9.896714
1755404640499,0.267996,-0.005384,9.875179
1755404640501,0.299103,-0.062812,9.899107
1755404640503,0.294317,-0.007777,9.82493
1755404640506,0.327817,-0.072383,9.949656
1755404640508,0.318245,-0.010169,9.77468
1755404640511,0.289532,-0.038883,9.995119
1755404640514,0.301496,0.013759,9.741181
1755404640516,0.258425,-0.062812,9.995119
1755404640518,0.287139,-0.007777,9.784252
1755404640520,0.275175,-0.067597,10.019048
1755404640523,0.272782,0.035294,9.731609
1755404640525,0.251246,-0.060419,9.997512
1755404640527,0.33021,0.032901,9.753145
1755404640529,0.260818,-0.034098,10.011869
1755404640532,0.299103,0.02333,9.784252
1755404640535,0.275175,-0.062812,9.882358
1755404640537,0.251246,0.032901,9.925428
1755404640539,0.351745,-0.048455,9.817751
1755404640542,0.20339,0.004187,9.990334
1755404640544,0.378066,-0.005384,9.678967
1755404640546,0.183948,-0.026919,10.057333
1755404640549,0.392423,-0.019741,9.635897
1755404640551,0.16002,-0.067597,10.133903
1755404640554,0.40678,-0.000598,9.650253
1755404640556,0.133699,-0.06999,10.083653
1755404640558,0.401994,0.044865,9.652647
1755404640561,0.198604,-0.072383,10.05494
1755404640563,0.356531,0.05683,9.662218
1755404640565,0.171984,-0.081954,10.093225
1755404640568,0.354138,0.028116,9.683753
1755404640570,0.200997,-0.067597,10.11476
1755404640573,0.303888,0.018544,9.722038
1755404640575,0.236889,-0.072383,10.088439
1755404640577,0.294317,0.028116,9.755538
1755404640580,0.265603,-0.091525,10.019048
1755404640582,0.265603,0.011366,9.796216
1755404640585,0.318245,-0.031705,9.949656
1755404640587,0.244068,0.011366,9.820144
1755404640590,0.301496,-0.038883,9.9015
1755404640592,0.251246,-0.000598,9.848858
1755404640595,0.27996,-0.036491,9.801002
1755404640597,0.253639,-0.026919,9.877572
1755404640601,0.315853,-0.026919,9.88475
1755404640603,0.272782,0.011366,9.868001
1755404640606,0.315853,-0.000598,9.872787
1755404640607,0.212961,0.001795,9.930214
1755404640608,0.349352,-0.046062,9.79143
1755404640611,0.164806,-0.034098,10.021441
1755404640614,0.380459,0.011366,9.734002
1755404640616,0.208176,-0.034098,10.064511
1755404640618,0.394816,-0.002991,9.678967
1755404640621,0.155234,-0.05324,10.112368
1755404640623,0.380459,0.001795,9.626326
1755404640625,0.14327,-0.060419,10.105189
1755404640628,0.392423,0.025723,9.619147
1755404640630,0.167198,-0.055633,10.117153
1755404640633,0.366102,0.004187,9.590433
1755404640635,0.152842,-0.079561,10.109975
1755404640637,0.385244,0.008973,9.664611
1755404640640,0.179163,-0.034098,10.078868
1755404640642,0.361316,0.013759,9.729217
1755404640645,0.20339,-0.072383,10.035797
1755404640647,0.363709,0.02333,9.767502
1755404640650,0.239282,-0.046062,9.997512
1755404640652,0.31346,0.028116,9.798609
1755404640654,0.301496,-0.043669,9.987941
1755404640657,0.303888,0.016152,9.820144
1755404640659,0.301496,-0.05324,9.91825
1755404640661,0.260818,0.016152,9.889536
1755404640664,0.301496,-0.019741,9.856036
1755404640667,0.229711,0.008973,9.959227
1755404640669,0.361316,-0.000598,9.765109
1755404640671,0.260818,-0.022134,9.975977
1755404640673,0.370888,-0.041276,9.705289
1755404640676,0.222533,-0.022134,10.057333
1755404640678,0.413958,0.018544,9.669396
1755404640680,0.205783,-0.038883,10.088439
1755404640683,0.392423,-0.005384,9.619147
1755404640685,0.179163,-0.050847,10.129117
1755404640688,0.399601,0.020937,9.640682
1755404640690,0.162413,-0.041276,10.129117
1755404640692,0.380459,0.016152,9.638289
1755404640695,0.174377,-0.041276,10.129117
1755404640697,0.394816,-0.012562,9.592826
1755404640699,0.17677,-0.029312,10.162617
1755404640702,0.428315,0.025723,9.607183
1755404640704,0.150449,-0.024526,10.141082
1755404640707,0.416351,-0.014955,9.628718
1755404640709,0.169591,-0.036491,10.121939
1755404640712,0.425922,-0.000598,9.62154
1755404640714,0.195912,-0.038883,10.098011
1755404640721,0.385244,0.004187,9.647861
1755404640722,0.208176,-0.06999,10.093225
1755404640723,0.358923,0.030508,9.662218
1755404640724,0.174377,-0.031705,10.069297
1755404640726,0.337388,-0.007777,9.659825
1755404640728,0.200997,-0.034098,10.090832
1755404640731,0.354138,0.028116,9.664611
1755404640733,0.208176,-0.038883,10.059726
1755404640736,0.346959,0.001795,9.667004
1755404640738,0.208176,-0.024526,10.109975
1755404640740,0.346959,0.001795,9.667004
1755404640743,0.208176,-0.029312,10.117153
1755404640745,0.349352,0.00658,9.686146
1755404640747,0.195912,-0.046062,10.042975
1755404640750,0.349352,0.013759,9.753145
1755404640753,0.232104,-0.007777,9.990334
1755404640755,0.346959,-0.000598,9.786645
1755404640758,0.248854,-0.031705,9.956834
1755404640760,0.301496,-0.000598,9.815358
1755404640762,0.258425,0.001795,9.863214
1755404640764,0.291924,-0.022134,9.856036
1755404640767,0.291924,-0.005384,9.856036
1755404640769,0.27996,-0.046062,9.932607
1755404640772,0.327817,-0.024526,9.767502
1755404640775,0.277567,-0.036491,9.990334
1755404640776,0.334995,0.013759,9.769895
1755404640779,0.244068,-0.022134,10.081261
1755404640781,0.337388,0.00658,9.702896
1755404640783,0.217747,-0.031705,10.117153
1755404640786,0.356531,0.011366,9.710074
1755404640788,0.222533,-0.024526,10.045368
1755404640791,0.332602,0.00658,9.757931
1755404640793,0.215354,-0.029312,9.952048
1755404640795,0.325424,-0.026919,9.789038
1755404640799,0.265603,0.00658,9.925428
1755404640801,0.315853,-0.060419,9.856036
1755404640804,0.294317,-0.024526,9.848858
1755404640805,0.299103,-0.043669,9.906285
1755404640808,0.299103,0.004187,9.803394
1755404640810,0.253639,-0.000598,9.913465
1755404640813,0.29671,-0.005384,9.772287
1755404640815,0.248854,0.001795,10.014262
1755404640817,0.277567,-0.012562,9.731609
1755404640820,0.251246,-0.034098,10.078868
1755404640822,0.342174,-0.007777,9.700503
1755404640825,0.215354,-0.026919,10.047761
1755404640827,0.337388,-0.007777,9.769895
1755404640829,0.246461,-0.010169,9.992726
1755404640831,0.308674,-0.031705,9.829716
1755404640834,0.232104,-0.026919,9.908679
1755404640838,0.275175,-0.048455,9.839287
1755404640839,0.284746,-0.005384,9.894321
1755404640841,0.31346,-0.050847,9.906285
1755404640843,0.308674,0.028116,9.82493
1755404640846,0.263211,-0.046062,9.894321
1755404640848,0.327817,0.011366,9.767502
1755404640850,0.265603,-0.019741,10.007083
1755404640853,0.323031,0.037687,9.781859
1755404640856,0.272782,-0.012562,10.076475
1755404640858,0.31346,-0.000598,9.724431
1755404640860,0.212961,-0.050847,9.968799
1755404640862,0.284746,-0.031705,9.805787
1755404640865,0.29671,-0.026919,9.896714
1755404640867,0.31346,-0.029312,9.923036
1755404640870,0.311067,-0.019741,9.820144
1755404640872,0.289532,-0.055633,9.990334
1755404640875,0.306281,-0.002991,9.805787
1755404640877,0.270389,-0.017348,9.987941
1755404640880,0.284746,0.025723,9.817751
1755404640882,0.232104,-0.017348,9.903893
1755404640884,0.299103,-0.026919,9.805787
1755404640886,0.256032,-0.024526,9.896714
1755404640889,0.270389,-0.048455,9.815358
1755404640891,0.282353,0.001795,9.913465
1755404640894,0.275175,-0.036491,9.882358
1755404640896,0.308674,-0.031705,9.79143
1755404640899,0.263211,-0.055633,9.947263
1755404640901,0.327817,-0.014955,9.736395
1755404640903,0.260818,-0.014955,10.031012
1755404640906,0.291924,0.011366,9.757931
1755404640908,0.232104,-0.014955,10.059726
1755404640911,0.337388,-0.010169,9.717253
1755404640913,0.224925,-0.007777,9.903893
1755404640915,0.308674,-0.043669,9.832108
1755404640918,0.272782,0.004187,9.925428
1755404640921,0.291924,-0.048455,9.908679
1755404640924,0.301496,-0.002991,9.810573
1755404640926,0.270389,-0.031705,9.949656
1755404640928,0.315853,-0.000598,9.719646
1755404640931,0.22014,-0.022134,10.064511
1755404640932,0.325424,0.001795,9.753145
1755404640934,0.248854,-0.031705,10.035797
1755404640937,0.332602,-0.012562,9.760324
1755404640939,0.222533,-0.007777,9.923036
1755404640942,0.327817,-0.019741,9.784252
1755404640944,0.260818,-0.010169,9.930214
1755404640946,0.344566,-0.029312,9.820144
1755404640949,0.265603,0.011366,9.848858
1755404640951,0.272782,-0.005384,9.947263
1755404640954,0.291924,0.004187,9.757931
1755404640956,0.227318,-0.031705,10.042975
1755404640959,0.303888,0.016152,9.757931
1755404640961,0.222533,-0.012562,10.016655
1755404640963,0.327817,-0.005384,9.781859
1755404640965,0.241675,-0.014955,9.915857
1755404640968,0.368495,-0.029312,9.889536
1755404640970,0.339781,-0.019741,10.040583
1755404640974,0.241675,0.035294,9.781859
1755404640978,0.332602,-0.005384,9.949656
1755404640980,0.263211,-0.031705,9.975977
1755404640981,0.378066,-0.034098,10.031012
1755404640983,0.306281,-0.046062,9.683753
1755404640985,0.301496,-0.026919,9.801002
1755404640990,0.212961,0.00658,9.832108
1755404640991,0.145663,-0.000598,9.521041
1755404640993,0.299103,-0.060419,9.79143
1755404640994,0.227318,0.018544,9.858429
1755404640997,0.270389,0.013759,9.848858
1755404640999,0.205783,0.04008,9.815358
1755404641002,0.358923,-0.022134,10.059726
1755404641004,0.217747,0.020937,9.889536
1755404641007,0.267996,-0.072383,9.65504
1755404641009,0.289532,-0.096311,9.79143
1755404641011,0.342174,-0.022134,10.035797
1755404641013,0.145663,0.047258,9.743574
1755404641016,0.263211,0.004187,9.949656
1755404641018,0.251246,0.013759,9.934999
1755404641021,0.370888,-0.026919,10.205688
1755404641024,0.48335,-0.108275,10.279865
1755404641026,0.311067,-0.031705,9.961619
1755404641030,0.42353,-0.148953,9.942178
1755404641031,0.351745,-0.031705,10.153046
1755404641033,0.29671,-0.012562,9.856036
1755404641035,0.306281,0.013759,10.042975
1755404641037,0.275175,-0.007777,9.882358
1755404641042,0.31346,-0.029312,9.903893
1755404641044,0.284746,-0.034098,9.868001
1755404641045,0.256032,-0.022134,9.877572
1755404641047,0.267996,0.016152,9.877572
1755404641049,0.270389,-0.000598,9.829716
1755404641052,0.29671,-0.043669,9.920643
1755404641054,0.303888,-0.017348,9.952048
1755404641057,0.284746,0.016152,9.879965
1755404641060,0.260818,-0.041276,9.870394
1755404641062,0.284746,-0.050847,9.839287
1755404641064,0.294317,-0.002991,9.863214
1755404641066,0.270389,0.011366,9.896714
1755404641069,0.299103,-0.005384,9.894321
1755404641071,0.31346,-0.014955,9.834501
1755404641073,0.282353,-0.012562,9.868001
1755404641076,0.272782,0.00658,9.882358
1755404641079,0.291924,-0.014955,9.877572
1755404641081,0.299103,-0.031705,9.875179
1755404641083,0.267996,-0.005384,9.853643
1755404641085,0.270389,-0.048455,9.789038
1755404641088,0.275175,-0.031705,9.891929
1755404641090,0.287139,-0.007777,9.947263
1755404641093,0.291924,0.018544,9.899107
1755404641095,0.282353,-0.012562,9.911072
1755404641097,0.270389,-0.007777,9.832108
1755404641100,0.267996,-0.041276,9.903893
1755404641102,0.294317,-0.000598,9.875179
1755404641105,0.258425,-0.012562,9.781859
1755404641107,0.267996,-0.034098,9.954441
1755404641110,0.284746,0.025723,9.879965
1755404641112,0.260818,-0.002991,9.9015
1755404641114,0.332602,-0.031705,9.815358
1755404641117,0.265603,-0.072383,9.9015
1755404641119,0.318245,0.042473,9.961619
1755404641121,0.282353,0.047258,9.925428
1755404641124,0.263211,-0.060419,9.875179
1755404641127,0.248854,-0.031705,9.930214
1755404641129,0.287139,-0.048455,9.793823
1755404641131,0.258425,0.001795,9.887143
1755404641133,0.29671,-0.038883,9.851251
1755404641136,0.277567,-0.019741,9.863214
1755404641138,0.265603,-0.017348,9.896714
1755404641141,0.27996,0.02333,9.853643
1755404641145,0.263211,-0.077169,9.932607
1755404641146,0.303888,0.00658,9.827323
1755404641148,0.275175,-0.062812,9.949656
1755404641150,0.323031,-0.007777,9.80818
1755404641152,0.267996,-0.074776,9.939785
1755404641155,0.301496,0.016152,9.815358
1755404641157,0.272782,-0.017348,9.952048
1755404641160,0.299103,0.011366,9.832108
1755404641163,0.29671,-0.046062,9.954441
1755404641165,0.301496,0.001795,9.805787
1755404641167,0.291924,-0.077169,9.995119
1755404641169,0.31346,0.028116,9.777073
1755404641172,0.256032,-0.041276,9.971191
1755404641174,0.31346,0.011366,9.729217
1755404641178,0.253639,-0.036491,10.016655
1755404641180,0.339781,0.02333,9.71486
1755404641181,0.246461,-0.055633,10.040583
1755404641184,0.327817,-0.022134,9.722038
1755404641186,0.217747,-0.041276,10.095618
1755404641189,0.31346,0.028116,9.690931
1755404641191,0.236889,-0.022134,10.100404
1755404641195,0.332602,0.00658,9.693324
1755404641197,0.224925,-0.048455,10.109975
1755404641198,0.315853,0.016152,9.678967
1755404641201,0.212961,-0.026919,10.028619
1755404641203,0.337388,0.001795,9.712467
1755404641206,0.241675,0.011366,9.966406
1755404641208,0.318245,0.004187,9.812965
1755404641212,0.244068,-0.007777,9.923036
1755404641214,0.277567,-0.043669,9.865608
1755404641215,0.248854,-0.043669,9.889536
1755404641217,0.287139,-0.034098,9.896714
1755404641220,0.272782,-0.017348,9.879965
1755404641222,0.308674,-0.029312,9.894321
1755404641224,0.284746,-0.017348,9.858429
1755404641227,0.301496,-0.036491,9.88475
1755404641230,0.303888,0.008973,9.903893
1755404641232,0.291924,-0.012562,9.860822
1755404641234,0.284746,-0.000598,9.906285
1755404641236,0.267996,-0.002991,9.865608
1755404641239,0.256032,-0.024526,9.858429
1755404641241,0.291924,-0.026919,9.913465
1755404641244,0.275175,-0.019741,9.879965
1755404641247,0.148056,0.042473,9.734002
1755404641248,0.318245,-0.055633,9.865608
1755404641251,0.208176,-0.014955,9.822537
1755404641253,0.284746,-0.010169,9.846465
1755404641256,0.229711,0.04008,9.88475
1755404641258,0.287139,0.032901,9.913465
1755404641261,0.299103,-0.034098,9.899107
1755404641265,0.27996,0.004187,9.894321
1755404641266,0.265603,-0.002991,9.899107
1755404641268,0.289532,0.025723,9.879965
1755404641270,0.284746,-0.017348,9.860822
1755404641272,0.244068,-0.041276,9.822537
1755404641275,0.267996,-0.036491,9.856036
1755404641277,0.282353,-0.038883,9.858429
1755404641280,0.284746,-0.005384,9.877572
1755404641282,0.289532,-0.005384,9.891929
1755404641284,0.27996,-0.014955,9.856036
1755404641287,0.294317,-0.050847,9.889536
1755404641289,0.258425,-0.046062,9.875179
1755404641291,0.284746,-0.024526,9.868001
1755404641294,0.299103,-0.000598,9.870394
1755404641297,0.323031,-0.017348,9.856036
1755404641299,0.277567,-0.034098,9.870394
1755404641301,0.27996,-0.017348,9.822537
1755404641303,0.239282,-0.041276,9.975977
1755404641306,0.31346,-0.029312,9.731609
1755404641308,0.234497,-0.067597,10.045368
1755404641311,0.354138,0.04008,9.698111
1755404641314,0.217747,-0.058026,10.040583
1755404641316,0.327817,0.032901,9.803394
1755404641318,0.303888,-0.062812,9.853643
1755404641321,0.227318,-0.012562,9.937392
1755404641323,0.318245,-0.000598,9.779466
1755404641325,0.22014,-0.029312,10.035797
1755404641328,0.392423,-0.005384,9.705289
1755404641331,0.217747,-0.055633,10.086046
1755404641333,0.392423,0.049651,9.626326
1755404641335,0.136092,-0.043669,10.117153
1755404641337,0.404387,0.04008,9.633504
1755404641339,0.195912,-0.091525,10.100404
1755404641343,0.378066,0.02333,9.729217
1755404641344,0.22014,-0.058026,10.050154
1755404641348,0.342174,0.037687,9.79143
1755404641350,0.27996,-0.05324,9.932607
1755404641352,0.260818,0.035294,9.91825
1755404641354,0.346959,-0.022134,9.805787
1755404641356,0.20339,-0.005384,10.026226
1755404641358,0.368495,0.013759,9.695718
1755404641361,0.181555,-0.022134,10.088439
1755404641365,0.425922,-0.002991,9.616755
1755404641366,0.162413,-0.062812,10.129117
1755404641369,0.418744,0.013759,9.58804
1755404641371,0.179163,-0.077169,10.107582
1755404641373,0.380459,0.028116,9.62154
1755404641375,0.217747,-0.074776,10.086046
1755404641378,0.37328,0.035294,9.726824
1755404641383,0.205783,-0.074776,9.97837
1755404641384,0.332602,0.037687,9.796216
1755404641385,0.291924,-0.062812,9.925428
1755404641387,0.289532,0.020937,9.844072
1755404641390,0.301496,-0.048455,9.882358
1755404641392,0.267996,0.025723,9.920643
1755404641395,0.344566,-0.026919,9.827323
1755404641398,0.258425,-0.014955,9.939785
1755404641400,0.354138,-0.043669,9.784252
1755404641402,0.234497,0.001795,10.016655
1755404641404,0.344566,-0.048455,9.755538
1755404641406,0.224925,-0.048455,10.00469
1755404641409,0.323031,-0.007777,9.762716
1755404641411,0.208176,-0.029312,9.964012
1755404641414,0.339781,-0.022134,9.79143
1755404641416,0.210568,-0.048455,9.915857
1755404641419,0.308674,-0.010169,9.846465
1755404641421,0.272782,-0.014955,9.820144
1755404641423,0.291924,-0.002991,9.894321
1755404641426,0.306281,0.008973,9.731609
1755404641428,0.241675,0.00658,10.102797
1755404641431,0.29671,0.013759,9.796216
1755404641434,0.234497,-0.048455,9.990334
1755404641436,0.320638,-0.024526,9.678967
1755404641438,0.265603,-0.007777,9.983155
1755404641440,0.301496,-0.060419,9.80818
1755404641443,0.270389,-0.007777,9.822537
1755404641445,0.294317,-0.002991,10.011869
1755404641447,0.272782,0.025723,9.889536
1755404641451,0.236889,-0.014955,9.980762
1755404641452,0.315853,-0.065204,9.667004
1755404641455,0.236889,-0.113061,9.903893
1755404641457,0.263211,-0.058026,9.923036
1755404641459,0.303888,0.068794,9.88475
1755404641462,0.263211,0.018544,10.016655
1755404641464,0.334995,-0.024526,9.662218
1755404641468,0.256032,-0.117847,9.889536
1755404641470,0.287139,-0.024526,9.858429
1755404641471,0.315853,0.066401,10.028619
1755404641474,0.282353,0.085543,9.997512
1755404641476,0.294317,-0.060419,9.628718
1755404641479,0.258425,-0.156132,9.84168
1755404641481,0.294317,-0.026919,9.980762
1755404641484,0.263211,0.087936,9.9015
1755404641486,0.277567,0.028116,9.952048
1755404641488,0.282353,-0.160917,9.805787
1755404641491,0.303888,-0.048455,9.944571
1755404641493,0.246461,0.102293,10.00469
1755404641495,0.325424,0.02333,9.731609
1755404641498,0.282353,-0.132203,9.810573
1755404641501,0.265603,-0.079561,9.934999
1755404641503,0.327817,0.131007,9.879965
1755404641505,0.232104,0.061615,9.956834
1755404641507,0.323031,-0.136989,9.750752
1755404641510,0.303888,-0.098704,9.887143
1755404641512,0.282353,0.080758,10.021441
1755404641514,0.289532,0.138186,9.793823
1755404641518,0.224925,-0.06999,9.858429
1755404641520,0.256032,-0.151346,9.767502
1755404641522,0.29671,-0.012562,9.911072
1755404641524,0.270389,0.102293,10.023833
1755404641526,0.301496,0.044865,9.726824
1755404641529,0.236889,-0.115454,9.863214
1755404641531,0.265603,-0.093918,9.805787
1755404641534,0.27996,0.049651,9.959227
1755404641536,0.256032,0.035294,9.952048
1755404641538,0.337388,-0.022134,9.820144
1755404641541,0.253639,-0.072383,9.923036
1755404641543,0.246461,-0.000598,9.77468
1755404641546,0.241675,-0.014955,9.868001
1755404641548,0.244068,-0.036491,9.882358
1755404641551,0.311067,-0.005384,9.829716
1755404641553,0.303888,-0.017348,10.007083
1755404641555,0.258425,0.020937,9.772287
1755404641557,0.256032,-0.031705,9.879965
1755404641560,0.270389,-0.019741,9.870394
1755404641562,0.272782,-0.019741,9.80818
1755404641565,0.22014,0.011366,9.848858
1755404641568,0.29671,-0.06999,9.899107
1755404641570,0.267996,-0.036491,9.77468
1755404641572,0.284746,-0.022134,9.966406
1755404641574,0.320638,-0.002991,10.057333
1755404641576,0.301496,-0.002991,10.002297
1755404641579,0.299103,-0.014955,9.88475
1755404641581,0.248854,0.016152,9.923036
1755404641584,0.39003,-0.06999,10.076475
1755404641587,0.253639,-0.017348,9.80818
1755404641590,0.186341,0.013759,9.705289
1755404641592,0.191127,0.052044,9.712467
1755404641593,0.318245,-0.000598,9.966406
1755404641596,0.323031,-0.026919,9.932607
1755404641598,0.251246,-0.014955,9.844072
1755404641600,0.344566,-0.046062,9.88475
1755404641603,0.325424,-0.065204,9.959227
1755404641605,0.311067,0.020937,10.066904
1755404641608,0.265603,-0.017348,9.891929
1755404641610,0.291924,-0.005384,9.870394
1755404641613,0.327817,-0.026919,10.078868
1755404641615,0.186341,-0.014955,9.741181
1755404641617,0.334995,0.011366,9.971191
1755404641620,0.299103,-0.024526,9.932607
1755404641622,0.337388,-0.034098,10.023833
1755404641624,0.272782,-0.031705,9.925428
1755404641627,0.258425,0.004187,9.860822
1755404641629,0.277567,0.018544,9.932607
1755404641632,0.277567,-0.012562,9.810573
1755404641634,0.291924,0.004187,9.911072
1755404641637,0.318245,-0.007777,9.891929
1755404641640,0.282353,-0.002991,9.887143
1755404641642,0.289532,-0.017348,9.858429
1755404641644,0.27996,-0.041276,9.860822
1755404641646,0.277567,-0.031705,9.891929
1755404641648,0.284746,-0.034098,9.870394
1755404641651,0.27996,-0.029312,9.82493
1755404641654,0.284746,-0.010169,9.877572
1755404641656,0.284746,-0.005384,9.863214
1755404641658,0.27996,-0.017348,9.863214
1755404641660,0.291924,-0.05324,9.865608
1755404641663,0.315853,0.008973,9.894321
1755404641665,0.287139,-0.043669,9.894321
1755404641668,0.294317,0.001795,9.91825
1755404641671,0.308674,-0.024526,9.734002
1755404641673,0.215354,-0.046062,9.925428
1755404641675,0.289532,-0.065204,9.863214
1755404641677,0.277567,0.044865,9.853643
1755404641680,0.246461,0.020937,10.066904
1755404641682,0.287139,-0.05324,9.652647
1755404641684,0.289532,-0.136989,9.896714
1755404641688,0.263211,-0.055633,9.853643
1755404641690,0.311067,0.078365,10.009477
1755404641691,0.289532,0.00658,9.913465
1755404641694,0.318245,-0.081954,9.676575
1755404641696,0.258425,-0.160917,9.836894
1755404641699,0.272782,0.030508,9.999905
1755404641701,0.308674,0.087936,9.879965
1755404641705,0.248854,-0.050847,9.896714
1755404641706,0.258425,-0.158524,9.760324
1755404641709,0.294317,-0.029312,9.975977
1755404641711,0.277567,0.102293,9.952048
1755404641713,0.27996,-0.010169,9.724431
1755404641715,0.289532,-0.129811,9.860822
1755404641718,0.306281,-0.017348,9.971191
1755404641722,0.265603,0.078365,9.820144
1755404641723,0.260818,-0.084347,9.853643
1755404641725,0.291924,-0.108275,9.915857
1755404641727,0.31346,0.030508,9.877572
1755404641730,0.244068,0.042473,9.899107
1755404641732,0.301496,-0.062812,9.82493
1755404641735,0.289532,-0.058026,9.985548
1755404641739,0.241675,0.052044,9.896714
1755404641740,0.299103,0.004187,9.779466
1755404641743,0.284746,-0.108275,9.956834
1755404641744,0.323031,-0.010169,9.952048
1755404641747,0.244068,0.085543,9.781859
1755404641749,0.294317,-0.067597,9.9015
1755404641751,0.306281,-0.067597,9.925428
1755404641754,0.260818,0.028116,9.827323
1755404641757,0.234497,-0.007777,9.844072
1755404641759,0.308674,-0.072383,9.923036
1755404641761,0.289532,-0.010169,9.875179
1755404641763,0.222533,0.032901,9.889536
1755404641766,0.294317,-0.062812,9.817751
1755404641768,0.31346,-0.029312,9.968799
1755404641771,0.234497,0.049651,9.896714
1755404641773,0.256032,-0.022134,9.82493
1755404641777,0.306281,-0.050847,9.973584
1755404641778,0.306281,-0.000598,9.894321
1755404641781,0.260818,0.011366,9.753145
1755404641782,0.291924,-0.06999,9.925428
1755404641785,0.31346,-0.034098,9.899107
1755404641787,0.256032,0.013759,9.832108
1755404641790,0.260818,-0.062812,9.872787
1755404641792,0.301496,-0.074776,9.863214
1755404641795,0.277567,-0.000598,9.915857
1755404641797,0.267996,0.04008,9.879965
1755404641799,0.291924,-0.026919,9.810573
1755404641802,0.284746,-0.067597,9.911072
1755404641804,0.256032,0.00658,9.911072
1755404641806,0.248854,0.049651,9.827323
1755404641809,0.282353,-0.022134,9.934999
1755404641811,0.29671,-0.050847,9.834501
1755404641814,0.275175,-0.026919,9.856036
1755404641816,0.263211,-0.012562,9.920643
1755404641818,0.303888,0.008973,9.844072
1755404641821,0.287139,-0.031705,9.925428
1755404641824,0.263211,-0.024526,9.846465
1755404641827,0.301496,-0.005384,9.923036
1755404641829,0.275175,-0.014955,9.865608
1755404641831,0.270389,0.004187,9.908679
1755404641833,0.299103,-0.014955,9.899107
1755404641835,0.301496,-0.017348,9.872787
1755404641838,0.294317,-0.024526,9.889536
1755404641840,0.306281,-0.019741,9.882358
1755404641843,0.275175,-0.019741,9.894321
1755404641845,0.260818,-0.005384,9.863214
1755404641847,0.267996,-0.022134,9.870394
1755404641850,0.294317,-0.043669,9.875179
1755404641852,0.270389,-0.022134,9.88475
1755404641854,0.303888,-0.026919,9.865608
1755404641857,0.272782,-0.010169,9.879965
1755404641859,0.29671,-0.022134,9.868001
1755404641862,0.272782,-0.007777,9.875179
1755404641864,0.306281,-0.022134,9.868001
1755404641866,0.308674,-0.031705,9.872787
1755404641869,0.275175,-0.010169,9.860822
1755404641871,0.27996,-0.022134,9.88475
1755404641875,0.282353,-0.034098,9.856036
1755404641878,0.263211,-0.026919,9.872787
1755404641881,0.275175,-0.012562,9.894321
1755404641883,0.275175,-0.002991,9.88475
1755404641884,0.263211,0.001795,9.879965
1755404641886,0.253639,-0.034098,9.877572
1755404641888,0.29671,-0.005384,9.88475
1755404641892,0.301496,-0.019741,9.887143
1755404641893,0.267996,-0.022134,9.894321
1755404641895,0.291924,-0.010169,9.84168
1755404641898,0.270389,-0.050847,9.882358
1755404641900,0.320638,-0.007777,9.877572
1755404641902,0.303888,-0.024526,9.875179
1755404641905,0.275175,-0.005384,9.865608
1755404641908,0.27996,-0.031705,9.891929
1755404641910,0.277567,-0.031705,9.877572
1755404641912,0.263211,0.011366,9.877572
1755404641915,0.260818,0.028116,9.848858
1755404641917,0.27996,0.001795,9.908679
1755404641919,0.294317,-0.002991,9.889536
1755404641922,0.306281,-0.005384,9.879965
1755404641924,0.289532,-0.014955,9.88475
1755404641927,0.301496,-0.038883,9.894321
1755404641929,0.272782,-0.012562,9.930214
1755404641932,0.289532,-0.022134,9.903893
1755404641933,0.294317,0.004187,9.891929
1755404641936,0.251246,-0.029312,9.882358
1755404641939,0.272782,-0.019741,9.915857
1755404641941,0.284746,-0.019741,9.877572
1755404641944,0.265603,-0.005384,9.834501
1755404641946,0.27996,-0.024526,9.899107
1755404641948,0.246461,-0.031705,9.879965
1755404641950,0.275175,-0.019741,9.870394
1755404641953,0.282353,-0.002991,9.882358
1755404641955,0.308674,-0.000598,9.908679
1755404641957,0.33021,-0.012562,9.925428
1755404641960,0.289532,0.042473,9.846465
1755404641962,0.277567,-0.000598,9.827323
1755404641965,0.311067,-0.034098,9.870394
1755404641967,0.301496,-0.034098,9.894321
1755404641969,0.275175,-0.019741,9.899107
1755404641972,0.308674,-0.014955,9.858429
1755404641974,0.253639,-0.026919,9.868001
1755404641977,0.256032,-0.022134,9.848858
1755404641980,0.301496,-0.010169,9.891929
1755404641982,0.299103,-0.014955,9.879965
1755404641986,0.272782,-0.012562,9.887143
1755404641987,0.27996,0.011366,9.868001
1755404641989,0.27996,-0.007777,9.927821
1755404641991,0.27996,-0.029312,9.882358
1755404641994,0.282353,-0.017348,9.879965
1755404641996,0.282353,-0.050847,9.908679
1755404641999,0.272782,-0.010169,9.88475
1755404642001,0.289532,-0.014955,9.88475
1755404642003,0.301496,-0.026919,9.899107
1755404642005,0.275175,-0.024526,9.868001
1755404642008,0.277567,-0.000598,9.882358
1755404642010,0.325424,-0.022134,9.891929
1755404642013,0.289532,-0.022134,9.882358
1755404642015,0.289532,-0.041276,9.846465
1755404642017,0.282353,-0.012562,9.908679
1755404642020,0.27996,-0.029312,9.894321
1755404642022,0.277567,-0.012562,9.875179
1755404642025,0.267996,-0.010169,9.863214
1755404642028,0.294317,-0.026919,9.875179
1755404642030,0.272782,0.004187,9.899107
1755404642032,0.253639,-0.002991,9.879965
1755404642034,0.282353,-0.022134,9.872787
1755404642037,0.301496,-0.046062,9.865608
1755404642039,0.291924,-0.031705,9.9015
1755404642042,0.263211,-0.031705,9.88475
1755404642044,0.272782,-0.012562,9.872787
1755404642047,0.291924,0.001795,9.887143
1755404642049,0.27996,0.011366,9.870394
1755404642051,0.303888,-0.014955,9.906285
1755404642053,0.303888,-0.017348,9.858429
1755404642056,0.277567,0.004187,9.872787
1755404642058,0.265603,-0.010169,9.877572
1755404642061,0.277567,-0.022134,9.879965
1755404642063,0.258425,-0.029312,9.875179
1755404642065,0.272782,-0.005384,9.889536
1755404642068,0.287139,-0.012562,9.894321
1755404642071,0.299103,0.008973,9.846465
1755404642073,0.306281,-0.022134,9.868001
1755404642075,0.265603,-0.000598,9.846465
1755404642079,0.256032,-0.000598,9.894321
1755404642082,0.306281,-0.022134,9.882358
1755404642083,0.308674,0.004187,9.879965
1755404642085,0.289532,-0.000598,9.868001
1755404642087,0.294317,0.008973,9.868001
1755404642089,0.308674,-0.010169,9.882358
1755404642092,0.282353,-0.000598,9.875179
1755404642094,0.258425,-0.010169,9.887143
1755404642097,0.270389,-0.012562,9.879965
1755404642099,0.289532,-0.041276,9.882358
1755404642102,0.299103,-0.038883,9.877572
1755404642104,0.299103,-0.002991,9.870394
1755404642106,0.315853,-0.014955,9.872787
1755404642109,0.323031,-0.026919,9.879965
1755404642111,0.318245,-0.010169,9.9015
1755404642114,0.275175,-0.026919,9.896714
1755404642116,0.272782,-0.005384,9.875179
1755404642118,0.284746,-0.031705,9.839287
1755404642121,0.260818,-0.010169,9.865608
1755404642123,0.265603,-0.019741,9.882358
1755404642125,0.284746,0.00658,9.899107
1755404642127,0.320638,-0.036491,9.887143
1755404642130,0.294317,-0.019741,9.872787
1755404642133,0.265603,-0.019741,9.889536
1755404642135,0.265603,-0.034098,9.88475
1755404642137,0.303888,-0.022134,9.879965
1755404642140,0.265603,0.004187,9.882358
1755404642143,0.294317,0.004187,9.894321
1755404642144,0.277567,-0.014955,9.894321
1755404642147,0.275175,-0.000598,9.889536
1755404642150,0.260818,-0.005384,9.891929
1755404642152,0.239282,-0.010169,9.887143
1755404642154,0.256032,-0.036491,9.846465
1755404642156,0.246461,-0.034098,9.9015
1755404642159,0.289532,-0.038883,9.906285
1755404642161,0.289532,-0.029312,9.906285
1755404642164,0.277567,-0.036491,9.894321
1755404642166,0.303888,-0.029312,9.858429
1755404642168,0.315853,-0.024526,9.870394
1755404642171,0.318245,-0.026919,9.870394
1755404642173,0.320638,-0.007777,9.879965
1755404642176,0.282353,-0.005384,9.868001
1755404642178,0.311067,-0.002991,9.891929
1755404642181,0.27996,-0.022134,9.851251
1755404642183,0.256032,-0.022134,9.88475
1755404642185,0.277567,-0.014955,9.894321
1755404642187,0.299103,-0.029312,9.879965
1755404642190,0.306281,-0.000598,9.870394
1755404642192,0.282353,0.011366,9.860822
1755404642195,0.270389,-0.022134,9.877572
1755404642197,0.284746,-0.017348,9.872787
1755404642200,0.287139,0.00658,9.839287
1755404642202,0.256032,-0.017348,9.925428
1755404642204,0.272782,-0.019741,9.896714
1755404642207,0.277567,-0.031705,9.853643
1755404642209,0.287139,-0.017348,9.896714
1755404642211,0.29671,-0.038883,9.846465
1755404642215,0.248854,-0.026919,9.879965
1755404642217,0.267996,-0.012562,9.903893
1755404642219,0.275175,-0.022134,9.947263
1755404642221,0.275175,-0.002991,9.815358
1755404642224,0.287139,-0.079561,9.803394
1755404642226,0.217747,-0.048455,9.947263
1755404642228,0.378066,0.061615,9.793823
1755404642231,0.186341,-0.034098,10.00469
1755404642234,0.358923,0.04008,9.690931
1755404642235,0.222533,-0.074776,10.083653
1755404642238,0.303888,0.020937,9.741181
1755404642240,0.263211,-0.048455,10.033404
1755404642243,0.303888,0.013759,9.767502
1755404642245,0.277567,-0.026919,9.879965
1755404642248,0.308674,-0.022134,9.79143
1755404642251,0.265603,-0.036491,9.971191
1755404642253,0.311067,-0.019741,9.872787
1755404642255,0.267996,0.001795,9.894321
1755404642257,0.327817,-0.000598,9.805787
1755404642259,0.251246,-0.036491,9.992726
1755404642262,0.265603,-0.060419,9.834501
1755404642265,0.291924,0.001795,9.777073
1755404642269,0.287139,-0.022134,9.961619
1755404642270,0.291924,-0.002991,9.846465
1755404642272,0.327817,-0.005384,9.896714
1755404642274,0.267996,-0.031705,9.872787
1755404642276,0.263211,-0.007777,9.939785
1755404642278,0.294317,-0.007777,9.781859
1755404642282,0.306281,-0.041276,9.908679
1755404642284,0.299103,-0.002991,9.875179
1755404642286,0.275175,0.001795,9.915857
1755404642288,0.248854,-0.002991,9.872787
1755404642291,0.29671,-0.019741,9.877572
1755404642293,0.272782,-0.022134,9.887143
1755404642295,0.239282,-0.002991,9.920643
1755404642298,0.31346,-0.000598,9.793823
1755404642301,0.301496,-0.029312,9.891929
1755404642303,0.311067,-0.031705,9.848858
1755404642305,0.272782,-0.012562,9.899107
1755404642307,0.270389,0.011366,9.9015
1755404642310,0.275175,-0.036491,9.858429
1755404642312,0.27996,-0.062812,9.865608
1755404642314,0.308674,-0.024526,9.879965
1755404642317,0.311067,-0.007777,9.872787
1755404642319,0.301496,-0.005384,9.891929
1755404642322,0.267996,0.004187,9.853643
1755404642324,0.253639,-0.012562,9.882358
1755404642327,0.291924,-0.038883,9.856036
1755404642329,0.263211,-0.038883,9.906285
1755404642331,0.282353,-0.022134,9.887143
1755404642334,0.289532,-0.026919,9.863214
1755404642336,0.291924,-0.034098,9.860822
1755404642339,0.284746,-0.024526,9.906285
1755404642341,0.299103,-0.043669,9.882358
1755404642343,0.306281,-0.012562,9.858429
1755404642346,0.275175,-0.031705,9.872787
1755404642348,0.318245,-0.029312,9.896714
1755404642351,0.282353,-0.017348,9.853643
1755404642353,0.294317,-0.038883,9.920643
1755404642356,0.272782,-0.036491,9.865608
1755404642357,0.306281,-0.019741,9.88475
1755404642360,0.294317,-0.019741,9.88475
1755404642362,0.303888,-0.012562,9.851251
1755404642365,0.315853,-0.036491,9.868001
1755404642367,0.284746,-0.017348,9.882358
1755404642371,0.289532,-0.026919,9.877572
1755404642372,0.31346,-0.019741,9.9015
1755404642374,0.284746,0.001795,9.889536
1755404642377,0.267996,-0.007777,9.877572
1755404642379,0.29671,-0.014955,9.91825
1755404642381,0.299103,-0.007777,9.846465
1755404642384,0.258425,-0.010169,9.865608
1755404642387,0.301496,-0.046062,9.968799
1755404642389,0.284746,-0.050847,9.882358
1755404642391,0.27996,-0.010169,9.817751
1755404642394,0.27996,-0.019741,9.911072
1755404642396,0.282353,-0.022134,9.882358
1755404642398,0.275175,-0.041276,9.882358
1755404642401,0.260818,-0.026919,9.920643
1755404642403,0.277567,0.013759,9.834501
1755404642406,0.27996,-0.012562,9.865608
1755404642408,0.291924,-0.010169,9.870394
1755404642411,0.29671,-0.024526,9.896714
1755404642413,0.275175,-0.017348,9.865608
1755404642415,0.227318,-0.012562,9.987941
1755404642418,0.29671,0.001795,9.853643
1755404642420,0.224925,-0.002991,9.827323
1755404642422,0.241675,-0.012562,9.793823
1755404642425,0.272782,0.011366,9.801002
1755404642428,0.275175,-0.005384,9.801002
1755404642429,0.291924,-0.005384,9.952048
1755404642432,0.301496,-0.031705,9.927821
1755404642435,0.265603,-0.026919,9.784252
1755404642437,0.291924,0.016152,9.903893
1755404642439,0.299103,-0.019741,9.949656
1755404642443,0.289532,-0.029312,9.856036
1755404642444,0.265603,-0.024526,9.848858
1755404642446,0.294317,-0.024526,9.879965
1755404642449,0.358923,-0.005384,9.944571
1755404642452,0.258425,-0.034098,9.971191
1755404642454,0.306281,0.02333,9.741181
1755404642456,0.265603,-0.041276,9.97837
1755404642459,0.368495,-0.043669,9.803394
1755404642461,0.260818,-0.050847,9.934999
1755404642463,0.267996,0.037687,9.717253
1755404642465,0.272782,-0.091525,9.887143
1755404642469,0.270389,0.008973,9.959227
1755404642471,0.315853,-0.034098,9.745967
1755404642473,0.183948,-0.022134,10.141082
1755404642475,0.382852,0.064008,9.664611
1755404642478,0.217747,-0.113061,9.920643
1755404642480,0.311067,0.030508,9.868001
1755404642483,0.320638,-0.007777,9.784252
1755404642485,0.19352,-0.096311,10.069297
1755404642488,0.37328,0.080758,9.767502
1755404642490,0.198604,-0.050847,9.875179
1755404642493,0.246461,-0.000598,10.028619
1755404642494,0.399601,0.020937,9.664611
1755404642497,0.152842,-0.034098,9.983155
1755404642499,0.342174,0.068794,9.741181
1755404642502,0.291924,-0.041276,9.88475
1755404642505,0.20339,-0.000598,10.062119
1755404642506,0.397209,0.008973,9.743574
1755404642509,0.186341,-0.06999,10.007083
1755404642511,0.33021,0.008973,9.796216
1755404642513,0.294317,-0.043669,9.879965
1755404642516,0.229711,-0.022134,10.014262
1755404642518,0.351745,0.011366,9.662218
1755404642521,0.215354,-0.065204,9.956834
1755404642523,0.323031,0.011366,9.820144
1755404642525,0.301496,-0.06999,9.834501
1755404642528,0.208176,0.004187,9.954441
1755404642530,0.320638,0.042473,9.753145
1755404642533,0.195912,-0.060419,10.016655
1755404642535,0.344566,0.020937,9.834501
1755404642538,0.253639,-0.065204,9.877572
1755404642540,0.267996,0.016152,9.879965
1755404642543,0.344566,0.004187,9.846465
1755404642545,0.215354,-0.026919,10.083653
1755404642547,0.366102,0.016152,9.765109
1755404642550,0.236889,-0.067597,9.975977
1755404642552,0.315853,0.030508,9.839287
1755404642554,0.342174,-0.036491,9.820144
1755404642557,0.215354,-0.026919,10.019048
1755404642559,0.378066,0.030508,9.667004
1755404642562,0.200997,-0.067597,9.990334
1755404642564,0.344566,0.054437,9.829716
1755404642566,0.294317,-0.055633,9.82493
1755404642569,0.241675,-0.024526,9.937392
1755404642572,0.344566,0.020937,9.779466
1755404642574,0.179163,-0.077169,10.124331
1755404642576,0.356531,0.04008,9.700503
1755404642578,0.232104,-0.055633,9.925428
1755404642580,0.258425,0.028116,9.891929
1755404642583,0.325424,-0.043669,9.779466
1755404642585,0.167198,-0.046062,10.042975
1755404642588,0.375673,0.028116,9.58804
1755404642591,0.148056,-0.098704,10.062119
1755404642592,0.334995,0.068794,9.786645
1755404642595,0.303888,-0.06999,9.851251
1755404642597,0.227318,-0.041276,9.992726
1755404642600,0.401994,0.032901,9.645468
1755404642602,0.164806,-0.081954,10.153046
1755404642605,0.370888,0.068794,9.678967
1755404642609,0.248854,-0.08674,9.915857
1755404642610,0.239282,-0.014955,9.973584
1755404642612,0.380459,-0.012562,9.650253
1755404642614,0.179163,-0.089133,10.102797
1755404642616,0.363709,0.052044,9.674182
1755404642619,0.200997,-0.096311,10.057333
1755404642622,0.344566,0.035294,9.82493
1755404642624,0.363709,-0.046062,9.789038
1755404642626,0.234497,0.020937,10.009477
1755404642628,0.346959,0.001795,9.777073
1755404642631,0.181555,-0.038883,9.995119
1755404642633,0.339781,0.004187,9.779466
1755404642636,0.275175,-0.067597,9.832108
1755404642639,0.116949,0.071186,9.726824
1755404642642,0.224925,-0.026919,9.595219
1755404642643,0.150449,-0.041276,9.456435
1755404642645,0.550349,-0.08674,10.24158
1755404642648,0.282353,-0.079561,9.757931
1755404642650,0.514457,-0.19681,9.757931
1755404642653,0.607777,-0.160917,10.471291
1755404642656,0.186341,-0.000598,9.858429
1755404642658,0.289532,0.049651,10.031012
1755404642660,0.246461,-0.014955,9.879965
1755404642663,0.239282,0.025723,9.724431
1755404642664,0.306281,-0.062812,9.614362
1755404642667,0.433101,-0.098704,10.342078
1755404642669,0.244068,-0.089133,9.336494
1755404642672,0.222533,0.004187,9.934999
1755404642675,0.179163,0.020937,9.607183
1755404642676,0.323031,-0.06999,9.832108
1755404642679,0.344566,-0.058026,10.023833
1755404642681,0.311067,0.001795,9.899107
1755404642683,0.195912,-0.017348,9.789038
1755404642686,0.306281,0.001795,9.9015
1755404642688,0.287139,-0.043669,9.923036
1755404642691,0.299103,-0.019741,9.995119
1755404642693,0.272782,0.020937,9.817751
1755404642696,0.287139,0.001795,9.891929
1755404642698,0.306281,0.018544,9.875179
1755404642700,0.29671,-0.038883,9.894321
1755404642703,0.301496,-0.007777,9.882358
1755404642705,0.27996,-0.007777,9.865608
1755404642708,0.272782,-0.067597,9.9015
1755404642712,0.301496,-0.000598,9.860822
1755404642713,0.248854,-0.048455,9.877572
1755404642715,0.27996,-0.038883,9.870394
1755404642717,0.303888,-0.041276,9.863214
1755404642720,0.277567,-0.019741,9.908679
1755404642722,0.299103,-0.017348,9.860822
1755404642724,0.287139,-0.034098,9.889536
1755404642727,0.318245,0.00658,9.879965
1755404642729,0.301496,-0.014955,9.848858
1755404642731,0.29671,0.004187,9.877572
1755404642734,0.308674,-0.012562,9.887143
1755404642736,0.299103,-0.038883,9.88475
1755404642739,0.289532,-0.005384,9.88475
1755404642741,0.265603,-0.034098,9.894321
1755404642744,0.306281,-0.019741,9.875179
1755404642746,0.301496,-0.000598,9.870394
1755404642748,0.287139,-0.029312,9.882358
1755404642751,0.323031,-0.012562,9.903893
1755404642754,0.275175,-0.026919,9.882358
1755404642755,0.284746,-0.031705,9.889536
1755404642759,0.294317,-0.012562,9.887143
1755404642763,0.306281,-0.022134,9.875179
1755404642765,0.299103,-0.010169,9.882358
1755404642766,0.284746,-0.026919,9.891929
1755404642768,0.272782,-0.043669,9.877572
1755404642770,0.284746,-0.017348,9.877572
1755404642772,0.27996,0.001795,9.894321
1755404642776,0.275175,-0.024526,9.891929
1755404642780,0.275175,-0.019741,9.88475
1755404642781,0.256032,0.013759,9.896714
1755404642782,0.244068,-0.022134,9.860822
1755404642784,0.256032,-0.017348,9.882358
1755404642787,0.27996,-0.012562,9.870394
1755404642789,0.294317,-0.022134,9.872787
1755404642792,0.272782,-0.014955,9.863214
1755404642795,0.284746,-0.026919,9.939785
1755404642796,0.27996,0.001795,9.80818
1755404642798,0.303888,-0.000598,9.973584
1755404642801,0.277567,-0.041276,9.798609
1755404642803,0.265603,-0.046062,9.860822
1755404642806,0.282353,-0.012562,9.834501
1755404642810,0.267996,0.00658,9.891929
1755404642811,0.272782,-0.06999,9.88475
1755404642813,0.299103,0.004187,9.949656
1755404642815,0.270389,0.02333,9.848858
1755404642818,0.253639,-0.041276,10.009477
1755404642820,0.366102,0.001795,9.741181
1755404642822,0.205783,-0.043669,9.868001
1755404642825,0.258425,0.008973,9.944571
1755404642829,0.337388,0.028116,9.949656
1755404642830,0.200997,-0.067597,9.91825
1755404642832,0.323031,-0.012562,9.844072
1755404642835,0.291924,-0.002991,9.753145
1755404642837,0.239282,-0.026919,10.059726
1755404642839,0.356531,0.037687,9.765109
1755404642844,0.217747,-0.08674,9.947263
1755404642845,0.289532,-0.010169,9.868001
1755404642847,0.346959,0.004187,9.865608
1755404642849,0.217747,-0.026919,9.964012
1755404642851,0.346959,0.037687,9.784252
1755404642854,0.222533,-0.050847,9.793823
1755404642856,0.270389,-0.002991,9.934999
1755404642858,0.311067,0.020937,9.911072
1755404642861,0.217747,-0.046062,9.942178
1755404642863,0.363709,-0.010169,9.810573
1755404642866,0.287139,-0.062812,9.743574
1755404642869,0.229711,-0.036491,10.014262
1755404642871,0.342174,0.016152,9.812965
1755404642873,0.210568,-0.05324,9.973584
1755404642876,0.294317,0.011366,9.812965
1755404642878,0.299103,-0.031705,9.743574
1755404642880,0.227318,-0.026919,9.997512
1755404642883,0.349352,0.037687,9.812965
1755404642885,0.227318,-0.041276,9.939785
1755404642887,0.256032,-0.019741,9.872787
1755404642889,0.303888,-0.022134,9.801002
1755404642892,0.253639,-0.034098,9.973584
1755404642895,0.358923,0.025723,9.793823
1755404642897,0.241675,-0.026919,10.002297
1755404642899,0.299103,0.00658,9.80818
1755404642901,0.291924,-0.048455,9.944571
1755404642904,0.270389,0.008973,9.882358
1755404642907,0.299103,-0.034098,9.829716
1755404642909,0.253639,-0.019741,9.985548
1755404642911,0.311067,0.001795,9.724431
1755404642914,0.215354,-0.050847,10.078868
1755404642916,0.351745,0.052044,9.710074
1755404642918,0.222533,-0.072383,10.033404
1755404642921,0.337388,0.004187,9.769895
1755404642923,0.284746,-0.072383,9.954441
1755404642925,0.284746,0.02333,9.877572
1755404642928,0.332602,-0.029312,9.858429
1755404642932,0.232104,-0.000598,9.961619
1755404642933,0.356531,-0.012562,9.82493
1755404642935,0.236889,-0.002991,9.959227
1755404642938,0.339781,-0.014955,9.769895
1755404642940,0.234497,-0.038883,9.966406
1755404642942,0.344566,-0.017348,9.789038
1755404642945,0.208176,-0.014955,10.00469
1755404642947,0.325424,0.001795,9.772287
1755404642949,0.208176,-0.031705,10.007083
1755404642952,0.366102,-0.024526,9.731609
1755404642954,0.210568,-0.043669,10.011869
1755404642957,0.370888,-0.000598,9.738789
1755404642959,0.263211,-0.036491,10.011869
1755404642962,0.306281,0.030508,9.769895
1755404642964,0.239282,-0.038883,9.942178
1755404642967,0.318245,-0.005384,9.851251
1755404642969,0.275175,0.011366,9.927821
1755404642972,0.299103,-0.019741,9.84168
1755404642973,0.263211,0.008973,9.9015
1755404642976,0.29671,-0.034098,9.88475
1755404642979,0.270389,-0.031705,9.896714
1755404642981,0.258425,0.001795,9.865608
1755404642983,0.272782,-0.038883,9.875179
1755404642986,0.277567,-0.007777,9.903893
1755404642988,0.277567,-0.031705,9.832108
1755404642990,0.277567,-0.026919,9.927821
1755404642993,0.267996,-0.024526,9.870394
1755404642996,0.272782,-0.022134,9.891929
1755404643000,0.272782,-0.012562,9.870394
1755404643001,0.244068,-0.029312,9.80818
1755404643003,0.299103,-0.022134,9.937392
1755404643005,0.337388,-0.036491,9.896714
1755404643007,0.282353,-0.029312,9.889536
1755404643009,0.260818,-0.031705,9.877572
1755404643012,0.289532,-0.024526,9.848858
1755404643015,0.275175,-0.043669,9.9015
1755404643017,0.272782,-0.031705,9.851251
1755404643019,0.301496,-0.029312,9.887143
1755404643022,0.267996,0.02333,9.9015
1755404643024,0.277567,-0.046062,9.810573
1755404643026,0.267996,-0.002991,9.97837
1755404643028,0.320638,0.032901,9.719646
1755404643031,0.200997,-0.048455,10.047761
1755404643034,0.378066,-0.036491,9.68136
1755404643036,0.181555,-0.036491,10.074082
1755404643039,0.346959,0.001795,9.724431
1755404643041,0.227318,-0.017348,10.040583
1755404643043,0.351745,-0.026919,9.750752
1755404643045,0.212961,-0.002991,9.980762
1755404643048,0.358923,-0.041276,9.798609
1755404643050,0.253639,-0.031705,9.930214
1755404643053,0.291924,-0.05324,9.829716
1755404643055,0.270389,-0.034098,9.868001
1755404643057,0.306281,-0.050847,9.906285
1755404643060,0.289532,-0.05324,9.786645
1755404643062,0.229711,-0.024526,10.00469
1755404643065,0.320638,-0.012562,9.722038
1755404643067,0.236889,-0.048455,10.042975
1755404643069,0.346959,0.004187,9.674182
1755404643073,0.19352,-0.024526,10.136296
1755404643075,0.382852,0.032901,9.688539
1755404643077,0.227318,-0.074776,10.105189
1755404643079,0.351745,-0.010169,9.712467
1755404643082,0.210568,-0.007777,10.059726
1755404643084,0.370888,0.008973,9.722038
1755404643086,0.248854,-0.005384,9.949656
1755404643089,0.366102,-0.034098,9.789038
1755404643091,0.282353,-0.010169,9.9015
1755404643093,0.291924,-0.046062,9.863214
1755404643095,0.325424,0.004187,9.796216
1755404643098,0.282353,-0.043669,9.992726
1755404643100,0.308674,0.037687,9.834501
1755404643103,0.308674,-0.024526,9.954441
1755404643105,0.258425,-0.060419,9.817751
1755404643107,0.291924,-0.05324,9.872787
1755404643110,0.267996,-0.007777,9.949656
1755404643112,0.308674,0.061615,9.829716
1755404643117,0.270389,-0.019741,9.959227
1755404643121,0.287139,-0.010169,9.726824
1755404643122,0.265603,-0.058026,9.925428
1755404643123,0.294317,-0.017348,9.844072
1755404643124,0.265603,0.004187,9.903893
1755404643127,0.289532,-0.017348,9.88475
1755404643129,0.318245,-0.05324,9.827323
1755404643132,0.294317,-0.05324,9.899107
1755404643134,0.306281,-0.019741,9.860822
1755404643136,0.277567,0.004187,9.915857
1755404643139,0.277567,0.00658,9.834501
1755404643141,0.263211,-0.036491,9.887143
1755404643144,0.263211,-0.017348,9.925428
1755404643146,0.334995,-0.012562,9.796216
1755404643149,0.234497,-0.019741,10.009477
1755404643153,0.346959,0.020937,9.781859
1755404643155,0.244068,-0.041276,9.973584
1755404643156,0.334995,-0.036491,9.690931
1755404643158,0.291924,-0.048455,9.882358
1755404643161,0.301496,-0.050847,9.832108
1755404643163,0.263211,0.028116,9.956834
1755404643165,0.311067,0.059222,10.028619
1755404643168,0.294317,0.020937,9.741181
1755404643170,0.260818,-0.136989,9.891929
1755404643172,0.306281,-0.08674,9.726824
1755404643175,0.294317,0.008973,9.97837
1755404643177,0.291924,0.064008,9.975977
1755404643179,0.282353,0.025723,9.815358
1755404643182,0.263211,-0.108275,9.882358
1755404643185,0.246461,-0.089133,9.815358
1755404643187,0.301496,0.00658,9.954441
1755404643189,0.291924,0.068794,9.934999
1755404643191,0.277567,-0.026919,9.803394
1755404643194,0.291924,-0.101097,9.856036
1755404643196,0.325424,-0.058026,9.889536
1755404643199,0.260818,0.025723,9.868001
1755404643202,0.272782,0.004187,9.896714
1755404643204,0.29671,-0.058026,9.875179
1755404643206,0.248854,-0.055633,9.877572
1755404643208,0.263211,-0.026919,9.88475
1755404643211,0.291924,-0.012562,9.82493
1755404643213,0.263211,-0.029312,9.913465
1755404643215,0.291924,-0.012562,9.896714
1755404643218,0.260818,0.020937,9.9015
1755404643220,0.275175,-0.029312,9.894321
1755404643223,0.299103,-0.084347,9.827323
1755404643225,0.289532,0.001795,9.913465
1755404643227,0.284746,-0.000598,9.915857
1755404643230,0.27996,-0.007777,9.834501
1755404643232,0.284746,-0.031705,9.91825
1755404643235,0.291924,-0.062812,9.803394
1755404643237,0.263211,-0.050847,9.932607
1755404643240,0.306281,0.049651,9.930214
1755404643244,0.318245,0.042473,9.834501
1755404643245,0.277567,-0.055633,9.865608
1755404643247,0.289532,-0.10349,9.803394
1755404643249,0.294317,-0.024526,9.930214
1755404643252,0.29671,0.080758,10.066904
1755404643254,0.287139,0.071186,9.765109
1755404643256,0.270389,-0.105882,9.822537
1755404643259,0.318245,-0.192024,9.781859
1755404643261,0.303888,0.004187,9.987941
1755404643263,0.277567,0.135793,10.066904
1755404643266,0.323031,0.020937,9.765109
1755404643269,0.258425,-0.172881,9.784252
1755404643273,0.306281,-0.098704,9.812965
1755404643274,0.29671,0.059222,10.00469
1755404643275,0.270389,0.1334,10.035797
1755404643278,0.303888,-0.014955,9.662218
1755404643280,0.270389,-0.165703,9.762716
1755404643283,0.272782,-0.062812,9.954441
1755404643286,0.291924,0.097508,10.021441
1755404643288,0.272782,0.054437,9.913465
1755404643290,0.308674,-0.122632,9.707682
1755404643292,0.301496,-0.101097,9.848858
1755404643294,0.272782,0.061615,9.942178
1755404643297,0.308674,0.102293,9.84168
1755404643299,0.244068,-0.093918,9.882358
1755404643303,0.277567,-0.115454,9.891929
1755404643304,0.325424,0.030508,9.942178
1755404643307,0.284746,0.092722,9.9015
1755404643309,0.289532,-0.055633,9.734002
1755404643311,0.31346,-0.074776,9.894321
1755404643314,0.260818,0.042473,9.942178
1755404643316,0.308674,0.054437,9.781859
1755404643321,0.282353,-0.101097,9.827323
1755404643323,0.294317,-0.074776,9.983155
1755404643325,0.287139,0.071186,9.84168
1755404643326,0.265603,0.001795,9.997512
1755404643329,0.31346,-0.081954,9.829716
1755404643331,0.291924,-0.072383,9.949656
1755404643333,0.258425,0.097508,9.899107
1755404643337,0.277567,-0.026919,9.765109
1755404643338,0.275175,-0.08674,9.891929
1755404643340,0.270389,-0.014955,9.949656
1755404643343,0.303888,0.05683,9.815358
1755404643345,0.244068,-0.06999,9.870394
1755404643347,0.275175,-0.077169,9.97837
1755404643350,0.311067,0.054437,9.801002
1755404643354,0.253639,0.028116,9.987941
1755404643356,0.306281,-0.072383,9.80818
1755404643357,0.29671,-0.062812,10.00469
1755404643359,0.270389,0.049651,9.879965
1755404643362,0.308674,-0.005384,9.707682
1755404643365,0.301496,-0.093918,9.865608
1755404643367,0.27996,-0.043669,9.968799
1755404643369,0.289532,0.071186,9.836894
1755404643372,0.272782,-0.077169,9.875179
1755404643375,0.294317,-0.089133,9.930214
1755404643377,0.275175,0.037687,9.858429
1755404643379,0.256032,0.052044,9.942178
1755404643381,0.31346,-0.072383,9.789038
1755404643383,0.368495,-0.072383,9.908679
1755404643386,0.27996,0.032901,9.942178
1755404643388,0.315853,0.016152,9.745967
1755404643391,0.27996,-0.110668,9.870394
1755404643393,0.318245,-0.062812,9.954441
1755404643395,0.308674,0.054437,9.834501
1755404643398,0.270389,-0.014955,9.980762
1755404643400,0.325424,-0.058026,9.829716
1755404643403,0.301496,-0.058026,9.817751
1755404643407,0.232104,-0.036491,9.937392
1755404643408,0.332602,0.018544,9.879965
1755404643410,0.282353,0.016152,9.877572
1755404643412,0.299103,-0.041276,9.91825
1755404643414,0.315853,-0.005384,9.844072
1755404643417,0.289532,-0.005384,9.868001
1755404643419,0.284746,-0.014955,9.920643
1755404643422,0.299103,-0.019741,9.868001
1755404643425,0.29671,-0.034098,9.88475
1755404643426,0.267996,-0.046062,9.877572
1755404643429,0.311067,-0.038883,9.88475
1755404643431,0.27996,-0.029312,9.882358
1755404643433,0.244068,-0.010169,9.927821
1755404643436,0.311067,0.016152,9.863214
1755404643439,0.291924,-0.012562,9.779466
1755404643441,0.263211,-0.065204,9.889536
1755404643444,0.349352,0.025723,9.906285
1755404643446,0.272782,0.059222,10.009477
1755404643448,0.265603,0.013759,9.743574
1755404643450,0.272782,-0.101097,9.992726
1755404643453,0.315853,-0.029312,9.877572
1755404643457,0.258425,-0.002991,9.760324
1755404643458,0.248854,-0.041276,9.97837
1755404643460,0.344566,-0.000598,9.832108
1755404643462,0.287139,-0.05324,9.79143
1755404643465,0.222533,-0.029312,10.009477
1755404643467,0.349352,0.032901,9.798609
1755404643469,0.246461,-0.007777,9.961619
1755404643473,0.323031,-0.058026,9.820144
1755404643476,0.308674,-0.058026,9.891929
1755404643477,0.267996,-0.034098,9.875179
1755404643479,0.282353,-0.012562,9.906285
1755404643483,0.277567,-0.038883,9.899107
1755404643484,0.287139,-0.014955,9.858429
1755404643487,0.303888,-0.048455,9.91825
1755404643490,0.306281,0.004187,9.848858
1755404643492,0.284746,-0.010169,9.836894
1755404643494,0.270389,-0.017348,9.894321
1755404643496,0.318245,-0.026919,9.834501
1755404643499,0.260818,-0.024526,9.899107
1755404643501,0.27996,0.004187,9.872787
1755404643503,0.287139,-0.029312,9.870394
1755404643506,0.275175,-0.012562,9.872787
1755404643508,0.284746,-0.017348,9.860822
1755404643511,0.270389,-0.010169,9.906285
1755404643513,0.263211,-0.026919,9.894321
1755404643515,0.299103,-0.014955,9.887143
1755404643517,0.275175,-0.022134,9.882358
1755404643520,0.272782,0.00658,9.875179
1755404643523,0.308674,-0.007777,9.889536
1755404643525,0.287139,-0.022134,9.882358
1755404643527,0.277567,-0.017348,9.887143
1755404643529,0.260818,-0.017348,9.877572
1755404643532,0.299103,-0.007777,9.882358
1755404643534,0.29671,-0.000598,9.846465
1755404643536,0.275175,-0.026919,9.875179
1755404643539,0.267996,0.011366,9.860822
1755404643542,0.277567,0.001795,9.877572
1755404643544,0.272782,-0.024526,9.882358
1755404643546,0.311067,-0.007777,9.889536
1755404643549,0.291924,-0.014955,9.875179
1755404643551,0.303888,-0.031705,9.865608
1755404643553,0.258425,-0.010169,9.9015
1755404643556,0.277567,-0.014955,9.872787
1755404643559,0.272782,-0.017348,9.879965
1755404643561,0.270389,-0.05324,9.877572
1755404643563,0.263211,-0.034098,9.889536
1755404643566,0.277567,-0.007777,9.872787
1755404643568,0.272782,-0.029312,9.896714
1755404643570,0.284746,-0.031705,9.877572
1755404643573,0.27996,-0.019741,9.879965
1755404643575,0.308674,0.011366,9.865608
1755404643578,0.291924,0.001795,9.870394
1755404643580,0.294317,-0.029312,9.882358
1755404643582,0.277567,-0.012562,9.865608
1755404643585,0.289532,-0.017348,9.877572
1755404643587,0.251246,-0.014955,9.868001
1755404643589,0.287139,-0.029312,9.875179
1755404643593,0.277567,-0.058026,9.88475
1755404643596,0.282353,0.004187,9.903893
1755404643597,0.272782,0.004187,9.88475
1755404643599,0.270389,-0.029312,9.872787
1755404643601,0.282353,-0.012562,9.868001
1755404643604,0.303888,-0.000598,9.889536
1755404643606,0.270389,-0.010169,9.865608
1755404643609,0.301496,-0.019741,9.851251
1755404643611,0.263211,-0.017348,9.879965
1755404643613,0.284746,-0.022134,9.875179
1755404643616,0.291924,-0.005384,9.88475
1755404643618,0.306281,0.004187,9.84168
1755404643620,0.289532,0.008973,9.952048
1755404643624,0.270389,0.025723,9.88475
1755404643630,0.284746,-0.043669,9.743574
1755404643631,0.284746,-0.050847,9.971191
1755404643632,0.368495,0.001795,9.745967
1755404643633,0.222533,-0.017348,10.035797
1755404643635,0.327817,-0.029312,9.738789
1755404643637,0.224925,-0.031705,9.992726
1755404643640,0.31346,-0.036491,9.793823
1755404643644,0.22014,-0.034098,9.999905
1755404643645,0.337388,-0.043669,9.772287
1755404643647,0.217747,-0.017348,9.973584
1755404643650,0.337388,-0.034098,9.767502
1755404643651,0.241675,-0.034098,10.014262
1755404643654,0.339781,-0.010169,9.719646
1755404643656,0.215354,-0.007777,9.995119
1755404643659,0.344566,-0.022134,9.726824
1755404643662,0.200997,-0.019741,10.062119
1755404643664,0.342174,0.008973,9.698111
1755404643666,0.186341,-0.034098,10.07169
1755404643668,0.385244,0.011366,9.695718
1755404643671,0.200997,-0.029312,10.086046
1755404643673,0.385244,0.044865,9.693324
1755404643676,0.215354,-0.055633,9.968799
1755404643678,0.358923,-0.05324,9.786645
1755404643680,0.287139,-0.002991,9.925428
1755404643683,0.272782,0.004187,9.872787
1755404643685,0.287139,-0.043669,9.853643
1755404643688,0.270389,-0.036491,9.875179
1755404643691,0.270389,-0.017348,9.84168
1755404643693,0.265603,-0.012562,9.939785
1755404643695,0.323031,-0.005384,9.834501
1755404643697,0.263211,-0.060419,9.956834
1755404643699,0.282353,-0.046062,9.827323
1755404643702,0.284746,-0.024526,9.932607
1755404643704,0.294317,-0.010169,9.810573
1755404643707,0.272782,-0.026919,9.930214
1755404643710,0.299103,0.013759,9.853643
1755404643713,0.299103,-0.019741,9.9015
1755404643715,0.284746,-0.014955,9.851251
1755404643716,0.27996,-0.017348,9.911072
1755404643719,0.299103,-0.005384,9.865608
1755404643721,0.260818,-0.019741,9.908679
1755404643723,0.267996,-0.029312,9.851251
1755404643726,0.267996,-0.038883,9.879965
1755404643728,0.31346,-0.019741,9.889536
1755404643731,0.260818,-0.012562,9.903893
1755404643733,0.301496,-0.000598,9.846465
1755404643735,0.256032,-0.031705,9.91825
1755404643738,0.299103,-0.022134,9.868001
1755404643740,0.260818,-0.010169,9.903893
1755404643743,0.284746,-0.007777,9.836894
1755404643745,0.284746,-0.022134,9.88475
1755404643748,0.282353,-0.031705,9.875179
1755404643750,0.265603,-0.014955,9.903893
1755404643753,0.29671,-0.022134,9.875179
1755404643755,0.284746,-0.034098,9.839287
1755404643757,0.311067,-0.050847,9.851251
1755404643759,0.270389,0.008973,9.908679
1755404643762,0.294317,-0.010169,9.868001
1755404643765,0.270389,-0.010169,9.856036
1755404643767,0.294317,-0.050847,9.875179
1755404643769,0.27996,-0.029312,9.949656
1755404643773,0.311067,-0.014955,9.911072
1755404643774,0.289532,-0.024526,9.868001
1755404643776,0.270389,-0.014955,9.877572
1755404643779,0.303888,-0.017348,9.887143
1755404643781,0.282353,-0.029312,9.872787
1755404643783,0.275175,-0.005384,9.846465
1755404643786,0.253639,-0.050847,9.865608
1755404643789,0.272782,-0.043669,9.88475
1755404643791,0.275175,-0.019741,9.853643
1755404643793,0.284746,-0.019741,9.9015
1755404643796,0.303888,-0.017348,9.860822
1755404643798,0.287139,-0.022134,9.858429
1755404643800,0.299103,-0.002991,9.882358
1755404643803,0.272782,-0.000598,9.903893
1755404643805,0.291924,-0.036491,9.734002
1755404643808,0.224925,-0.072383,10.064511
1755404643810,0.351745,0.083151,9.779466
1755404643813,0.258425,-0.08674,9.868001
1755404643816,0.227318,-0.005384,9.968799
1755404643817,0.394816,0.013759,9.688539
1755404643819,0.167198,-0.077169,10.11476
1755404643822,0.411565,0.059222,9.741181
1755404643824,0.183948,-0.081954,10.019048
1755404643827,0.289532,0.018544,9.812965
1755404643830,0.33021,-0.048455,9.765109
1755404643832,0.217747,0.004187,10.033404
1755404643834,0.37328,0.020937,9.712467
1755404643836,0.186341,-0.055633,10.057333
1755404643838,0.375673,0.032901,9.738789
1755404643841,0.248854,-0.067597,9.858429
1755404643844,0.253639,-0.007777,9.920643
1755404643847,0.375673,-0.043669,9.745967
1755404643848,0.164806,-0.077169,10.064511
1755404643851,0.404387,0.025723,9.717253
1755404643853,0.215354,-0.079561,10.019048
1755404643855,0.301496,0.04008,9.815358
1755404643858,0.308674,-0.034098,9.801002
1755404643860,0.215354,-0.019741,9.997512
1755404643864,0.401994,0.008973,9.678967
1755404643866,0.181555,-0.072383,10.098011
1755404643867,0.358923,0.064008,9.767502
1755404643870,0.208176,-0.046062,9.968799
1755404643872,0.284746,0.035294,9.894321
1755404643874,0.332602,-0.005384,9.755538
1755404643877,0.198604,-0.065204,10.100404
1755404643880,0.401994,0.013759,9.635897
1755404643882,0.150449,-0.055633,10.069297
1755404643884,0.361316,0.04008,9.676575
1755404643886,0.315853,-0.120239,9.961619
1755404643889,0.368495,0.016152,9.772287
1755404643892,0.33021,-0.067597,10.102797
1755404643895,0.306281,-0.005384,9.79143
1755404643896,0.289532,-0.072383,9.872787
1755404643899,0.256032,0.035294,9.805787
1755404643901,0.152842,0.032901,9.975977
1755404643903,0.301496,0.013759,9.753145
1755404643906,0.382852,-0.084347,10.212866
1755404643908,0.287139,0.032901,9.688539
1755404643910,0.150449,-0.002991,9.872787
1755404643913,0.275175,0.004187,9.678967
1755404643916,0.205783,-0.029312,9.865608
1755404643919,0.222533,0.00658,9.741181
1755404643920,0.191127,-0.017348,9.781859
1755404643923,0.263211,-0.002991,9.781859
1755404643925,0.275175,-0.067597,10.042975
1755404643927,0.315853,-0.031705,9.765109
1755404643929,0.272782,-0.031705,9.937392
1755404643932,0.40678,-0.065204,9.91825
1755404643935,0.275175,-0.019741,9.980762
1755404643937,0.349352,-0.065204,9.848858
1755404643939,0.17677,0.020937,9.753145
1755404643942,0.413958,-0.060419,9.992726
1755404643944,0.473779,-0.081954,10.121939
1755404643946,0.416351,-0.081954,9.829716
1755404643949,0.251246,-0.029312,9.74836
1755404643951,0.275175,0.030508,9.848858
1755404643954,0.234497,-0.005384,9.932607
1755404643956,0.308674,0.001795,9.844072
1755404643958,0.284746,-0.043669,9.879965
1755404643961,0.308674,0.030508,9.913465
1755404643963,0.332602,-0.007777,9.731609
1755404643966,0.181555,-0.077169,10.033404
1755404643969,0.399601,0.083151,9.757931
1755404643970,0.215354,-0.062812,10.05494
1755404643973,0.323031,0.04008,9.820144
1755404643975,0.320638,-0.05324,9.801002
1755404643978,0.256032,-0.036491,9.956834
1755404643980,0.351745,-0.014955,9.731609
1755404643983,0.210568,-0.058026,10.052547
1755404643985,0.404387,0.042473,9.77468
1755404643987,0.191127,-0.089133,10.019048
1755404643989,0.385244,0.044865,9.717253
1755404643992,0.239282,-0.058026,9.992726
1755404643995,0.282353,0.016152,9.887143
1755404643997,0.342174,-0.041276,9.736395
1755404643999,0.234497,-0.029312,9.999905
1755404644002,0.382852,-0.005384,9.779466
1755404644004,0.19352,-0.029312,10.045368
1755404644006,0.375673,0.018544,9.738789
1755404644009,0.188734,-0.050847,10.028619
1755404644011,0.325424,0.049651,9.667004
1755404644013,0.236889,-0.065204,10.129117
1755404644017,0.363709,0.042473,9.74836
1755404644018,0.284746,-0.019741,9.913465
1755404644021,0.303888,-0.024526,9.9015
1755404644023,0.311067,-0.012562,9.755538
1755404644025,0.232104,-0.029312,9.985548
1755404644028,0.344566,-0.034098,9.734002
1755404644030,0.222533,-0.041276,10.031012
1755404644034,0.37328,0.013759,9.731609
1755404644037,0.164806,-0.077169,10.031012
1755404644038,0.385244,0.011366,9.707682
1755404644040,0.205783,-0.079561,10.086046
1755404644043,0.311067,0.02333,9.753145
1755404644045,0.258425,-0.034098,9.961619
1755404644047,0.275175,0.008973,9.863214
1755404644051,0.325424,-0.019741,9.84168
1755404644052,0.248854,-0.002991,9.997512
1755404644054,0.358923,-0.017348,9.690931
1755404644057,0.164806,-0.024526,10.078868
1755404644059,0.378066,0.020937,9.616755
1755404644062,0.152842,-0.077169,10.107582
1755404644064,0.399601,0.044865,9.659825
1755404644066,0.232104,-0.067597,10.095618
1755404644069,0.354138,0.042473,9.731609
1755404644071,0.272782,-0.05324,9.956834
1755404644073,0.270389,0.02333,9.9015
1755404644076,0.337388,-0.065204,9.839287
1755404644078,0.195912,-0.019741,9.987941
1755404644080,0.344566,-0.002991,9.688539
1755404644083,0.181555,-0.05324,10.093225
1755404644085,0.409173,0.00658,9.633504
1755404644088,0.169591,-0.05324,10.133903
1755404644090,0.401994,0.016152,9.58804
1755404644093,0.179163,-0.089133,10.150653
1755404644095,0.361316,0.025723,9.631111
1755404644099,0.212961,-0.074776,10.109975
1755404644100,0.356531,0.04008,9.68136
1755404644103,0.229711,-0.062812,10.050154
1755404644105,0.320638,0.028116,9.736395
1755404644107,0.253639,-0.062812,9.995119
1755404644109,0.320638,-0.000598,9.784252
1755404644112,0.267996,-0.038883,9.944571
1755404644114,0.258425,-0.024526,9.848858
1755404644116,0.265603,-0.029312,9.91825
1755404644120,0.265603,-0.029312,9.863214
1755404644123,0.260818,-0.005384,9.879965
1755404644124,0.27996,-0.005384,9.875179
1755404644126,0.306281,-0.017348,9.856036
1755404644129,0.29671,-0.024526,9.877572
1755404644131,0.308674,-0.019741,9.875179
1755404644133,0.222533,-0.034098,9.822537
1755404644136,0.260818,-0.034098,9.705289
1755404644138,0.241675,-0.05324,9.891929
1755404644140,0.282353,-0.014955,9.865608
1755404644143,0.239282,-0.029312,9.927821
1755404644145,0.323031,-0.002991,9.851251
1755404644147,0.301496,-0.022134,9.913465
1755404644150,0.31346,0.011366,9.851251
1755404644153,0.27996,-0.017348,9.889536
1755404644156,0.284746,-0.010169,9.853643
1755404644160,0.299103,-0.002991,9.865608
1755404644161,0.303888,-0.022134,9.860822
1755404644162,0.320638,-0.014955,9.882358
1755404644164,0.308674,-0.029312,9.899107
1755404644166,0.282353,-0.041276,9.853643
1755404644169,0.289532,-0.036491,9.877572
1755404644171,0.277567,-0.012562,9.882358
1755404644174,0.287139,-0.031705,9.870394
1755404644176,0.294317,-0.014955,9.860822
1755404644179,0.267996,-0.050847,9.906285
1755404644181,0.289532,0.011366,9.877572
1755404644183,0.27996,-0.067597,9.860822
1755404644187,0.29671,-0.022134,9.88475
1755404644189,0.275175,-0.026919,9.906285
1755404644191,0.291924,-0.017348,9.860822
1755404644194,0.299103,-0.055633,9.915857
1755404644195,0.282353,0.004187,9.77468
1755404644198,0.244068,-0.010169,10.031012
1755404644200,0.294317,-0.002991,9.695718
1755404644204,0.215354,-0.010169,10.107582
1755404644205,0.356531,0.004187,9.657433
1755404644207,0.157627,-0.048455,10.047761
1755404644210,0.344566,0.016152,9.664611
1755404644212,0.179163,-0.046062,10.069297
1755404644214,0.358923,0.018544,9.690931
1755404644217,0.210568,-0.043669,10.109975
1755404644220,0.351745,0.00658,9.667004
1755404644222,0.148056,-0.034098,10.119546
1755404644224,0.344566,0.00658,9.731609
1755404644227,0.227318,-0.043669,9.995119
1755404644229,0.315853,-0.031705,9.710074
1755404644231,0.27996,-0.034098,9.956834
1755404644234,0.318245,-0.058026,9.860822
1755404644236,0.289532,-0.017348,9.870394
1755404644241,0.263211,0.028116,10.00469
1755404644243,0.299103,0.035294,9.79143
1755404644244,0.263211,-0.05324,9.992726
1755404644246,0.289532,-0.058026,9.698111
1755404644248,0.248854,-0.060419,9.939785
1755404644250,0.29671,-0.029312,9.851251
1755404644253,0.306281,0.025723,9.889536
1755404644256,0.270389,-0.000598,10.031012
1755404644258,0.308674,0.030508,9.793823
1755404644260,0.272782,-0.029312,10.021441
1755404644263,0.325424,-0.048455,9.676575
1755404644265,0.251246,-0.031705,9.939785
1755404644268,0.27996,-0.041276,9.827323
1755404644270,0.325424,0.030508,9.872787
1755404644272,0.284746,0.00658,10.047761
1755404644275,0.363709,0.028116,9.784252
1755404644277,0.229711,-0.036491,10.050154
1755404644280,0.344566,-0.012562,9.645468
1755404644282,0.256032,-0.046062,9.952048
1755404644285,0.299103,-0.048455,9.801002
1755404644286,0.258425,0.047258,9.925428
1755404644289,0.236889,0.001795,10.033404
1755404644291,0.299103,0.030508,9.750752
1755404644294,0.253639,-0.038883,10.019048
1755404644297,0.354138,-0.046062,9.640682
1755404644299,0.267996,-0.019741,9.983155
1755404644302,0.260818,0.020937,9.863214
1755404644304,0.239282,0.035294,9.906285
1755404644306,0.289532,0.016152,9.980762
1755404644308,0.318245,-0.019741,9.688539
1755404644310,0.244068,-0.06999,9.964012
1755404644313,0.289532,-0.005384,9.801002
1755404644315,0.27996,0.035294,9.968799
1755404644318,0.253639,-0.022134,9.879965
1755404644320,0.270389,-0.058026,9.741181
1755404644324,0.277567,-0.048455,9.923036
1755404644326,0.291924,-0.014955,9.961619
1755404644327,0.346959,0.013759,9.925428
1755404644330,0.195912,-0.024526,9.829716
1755404644332,0.239282,-0.026919,9.736395
1755404644334,0.265603,-0.010169,9.992726
1755404644337,0.277567,-0.000598,9.846465
1755404644340,0.256032,0.030508,9.968799
1755404644344,0.251246,-0.024526,9.798609
1755404644345,0.327817,-0.048455,9.863214
1755404644347,0.289532,-0.050847,9.851251
1755404644349,0.277567,-0.014955,9.820144
1755404644351,0.272782,-0.058026,9.750752
1755404644353,0.325424,-0.017348,9.856036
1755404644356,0.229711,-0.002991,9.872787
1755404644358,0.294317,-0.024526,9.934999
1755404644361,0.31346,-0.019741,9.966406
1755404644363,0.229711,-0.007777,9.858429
1755404644366,0.306281,-0.058026,9.844072
1755404644368,0.368495,-0.055633,9.97837
1755404644370,0.311067,0.035294,10.045368
1755404644373,0.208176,0.013759,9.767502
1755404644375,0.27996,0.032901,9.84168
1755404644378,0.241675,-0.012562,9.832108
1755404644380,0.260818,-0.029312,9.712467
1755404644383,0.282353,-0.022134,9.84168
1755404644385,0.370888,-0.014955,10.112368
1755404644387,0.234497,0.008973,9.671789
1755404644391,0.334995,-0.019741,10.088439
1755404644392,0.294317,-0.002991,9.889536
1755404644394,0.277567,-0.024526,9.84168
1755404644397,0.29671,-0.007777,9.88475
1755404644399,0.277567,-0.038883,9.836894
1755404644401,0.275175,-0.010169,9.887143
1755404644404,0.246461,-0.007777,9.930214
1755404644408,0.239282,0.00658,9.853643
1755404644410,0.284746,0.016152,9.858429
1755404644412,0.287139,0.001795,9.906285
1755404644414,0.27996,0.00658,9.88475
1755404644416,0.229711,-0.041276,9.91825
1755404644418,0.287139,-0.036491,9.844072
1755404644421,0.277567,-0.067597,9.872787
1755404644425,0.327817,-0.043669,9.872787
1755404644426,0.301496,-0.046062,9.829716
1755404644428,0.253639,-0.024526,9.879965
1755404644430,0.320638,0.011366,9.872787
1755404644432,0.244068,-0.093918,9.889536
1755404644435,0.306281,-0.050847,9.781859
1755404644437,0.265603,-0.007777,10.069297
1755404644440,0.289532,0.052044,9.801002
1755404644444,0.234497,-0.05324,9.911072
1755404644445,0.294317,-0.093918,9.846465
1755404644448,0.248854,-0.012562,9.738789
1755404644449,0.308674,0.05683,10.069297
1755404644452,0.301496,-0.005384,9.863214
1755404644454,0.248854,-0.084347,9.796216
1755404644456,0.284746,-0.062812,9.887143
1755404644459,0.277567,0.049651,10.028619
1755404644461,0.294317,0.049651,9.84168
1755404644464,0.289532,-0.077169,9.772287
1755404644466,0.299103,-0.074776,9.762716
1755404644468,0.287139,0.020937,10.035797
1755404644471,0.287139,0.028116,9.832108
1755404644473,0.265603,-0.055633,9.975977
1755404644476,0.275175,-0.031705,9.827323
1755404644478,0.277567,0.020937,9.798609
1755404644481,0.232104,0.011366,9.875179
1755404644483,0.31346,-0.067597,9.896714
1755404644485,0.323031,-0.019741,9.868001
1755404644488,0.270389,0.001795,9.932607
1755404644490,0.303888,-0.05324,9.865608
1755404644493,0.31346,-0.043669,10.069297
1755404644495,0.265603,-0.022134,9.815358
1755404644498,0.260818,-0.005384,9.786645
1755404644500,0.303888,-0.022134,9.997512
1755404644502,0.282353,-0.017348,9.882358
1755404644505,0.277567,0.008973,9.736395
1755404644508,0.272782,-0.017348,9.767502
1755404644510,0.327817,-0.002991,10.031012
1755404644512,0.267996,-0.024526,9.817751
1755404644514,0.27996,-0.065204,9.882358
1755404644516,0.299103,0.013759,9.906285
1755404644519,0.291924,0.020937,9.860822
1755404644521,0.248854,-0.062812,10.042975
1755404644524,0.299103,-0.000598,9.769895
1755404644526,0.315853,-0.000598,9.836894
1755404644528,0.260818,-0.058026,9.999905
1755404644531,0.315853,-0.026919,9.772287
1755404644533,0.303888,0.018544,9.82493
1755404644536,0.267996,-0.022134,9.927821
1755404644538,0.327817,-0.031705,9.879965
1755404644540,0.301496,-0.002991,9.803394
1755404644543,0.260818,-0.026919,10.00469
1755404644546,0.294317,-0.002991,9.827323
1755404644548,0.294317,0.001795,9.829716
1755404644550,0.215354,-0.022134,9.891929
1755404644552,0.327817,-0.041276,9.870394
1755404644555,0.29671,0.004187,9.865608
1755404644557,0.275175,-0.019741,9.851251
1755404644560,0.299103,-0.062812,9.908679
1755404644564,0.31346,-0.007777,9.848858
1755404644565,0.272782,0.011366,9.879965
1755404644567,0.260818,-0.026919,9.906285
1755404644569,0.291924,0.016152,9.834501
1755404644571,0.234497,0.011366,9.9015
1755404644574,0.282353,-0.065204,9.896714
1755404644577,0.291924,0.00658,9.88475
1755404644581,0.265603,-0.002991,9.879965
1755404644583,0.246461,-0.048455,9.927821
1755404644584,0.277567,0.011366,9.870394
1755404644586,0.248854,0.001795,9.865608
1755404644588,0.282353,-0.048455,9.920643
1755404644591,0.327817,-0.000598,9.829716
1755404644595,0.241675,-0.010169,9.927821
1755404644599,0.275175,-0.060419,9.863214
1755404644600,0.334995,-0.010169,9.913465
1755404644601,0.277567,0.008973,9.88475
1755404644603,0.251246,-0.048455,9.851251
1755404644605,0.327817,-0.010169,9.920643
1755404644608,0.248854,-0.000598,9.889536
1755404644612,0.284746,-0.043669,9.848858
1755404644614,0.294317,-0.026919,9.894321
1755404644615,0.303888,-0.036491,9.848858
1755404644617,0.33021,-0.031705,9.899107
1755404644619,0.332602,-0.012562,9.923036
1755404644622,0.277567,-0.034098,9.915857
1755404644624,0.287139,-0.062812,9.894321
1755404644627,0.315853,-0.038883,9.863214
1755404644629,0.265603,-0.043669,9.853643
1755404644632,0.301496,-0.024526,9.829716
1755404644634,0.311067,-0.005384,9.899107
1755404644636,0.306281,-0.017348,9.868001
1755404644639,0.306281,-0.024526,9.9015
1755404644641,0.303888,-0.026919,9.887143
1755404644644,0.272782,-0.041276,9.889536
1755404644646,0.277567,-0.034098,9.906285
1755404644649,0.294317,-0.038883,9.891929
1755404644651,0.289532,-0.034098,9.848858
1755404644653,0.303888,-0.007777,9.913465
1755404644655,0.258425,-0.005384,9.889536
1755404644658,0.251246,0.001795,9.851251
1755404644660,0.289532,-0.024526,9.882358
1755404644663,0.284746,-0.014955,9.894321
1755404644667,0.303888,-0.048455,9.851251
1755404644669,0.332602,-0.024526,9.877572
1755404644670,0.267996,-0.024526,9.836894
1755404644672,0.289532,-0.041276,9.875179
1755404644675,0.267996,-0.010169,9.891929
1755404644677,0.287139,-0.022134,9.872787
1755404644680,0.265603,-0.026919,9.891929
1755404644682,0.282353,-0.010169,9.875179
1755404644684,0.27996,0.008973,9.84168
1755404644687,0.265603,-0.038883,9.891929
1755404644689,0.263211,-0.029312,9.891929
1755404644691,0.265603,-0.010169,9.853643
1755404644694,0.27996,-0.055633,9.827323
1755404644697,0.325424,0.00658,9.91825
1755404644699,0.311067,0.025723,9.908679
1755404644701,0.258425,-0.043669,9.887143
1755404644703,0.337388,-0.048455,9.848858
1755404644706,0.301496,-0.05324,9.848858
1755404644709,0.291924,-0.007777,9.894321
1755404644711,0.267996,-0.046062,9.894321
1755404644714,0.270389,-0.022134,9.88475
1755404644716,0.282353,0.001795,9.858429
1755404644718,0.320638,-0.024526,9.868001
1755404644720,0.263211,-0.029312,9.870394
1755404644723,0.289532,-0.019741,9.891929
1755404644725,0.284746,0.001795,9.858429
1755404644727,0.291924,-0.005384,9.868001
1755404644731,0.260818,-0.046062,9.875179
1755404644733,0.284746,-0.034098,9.865608
1755404644735,0.291924,-0.031705,9.88475
1755404644737,0.306281,-0.010169,9.889536
1755404644739,0.287139,-0.007777,9.899107
1755404644742,0.308674,-0.000598,9.88475
1755404644744,0.29671,-0.012562,9.889536
1755404644747,0.287139,-0.012562,9.853643
1755404644750,0.315853,-0.024526,9.954441
1755404644752,0.260818,-0.005384,9.734002
1755404644754,0.260818,-0.05324,10.011869
1755404644756,0.337388,-0.010169,9.848858
1755404644759,0.256032,-0.041276,9.959227
1755404644761,0.303888,-0.012562,9.609575
1755404644764,0.284746,-0.007777,10.145867
1755404644766,0.29671,0.008973,9.817751
1755404644768,0.265603,-0.074776,9.860822
1755404644770,0.263211,-0.005384,9.911072
1755404644773,0.29671,0.020937,9.772287
1755404644775,0.248854,0.004187,10.062119
1755404644778,0.31346,-0.034098,9.896714
1755404644781,0.251246,-0.036491,9.750752
1755404644785,0.287139,-0.014955,9.872787
1755404644786,0.29671,0.016152,9.815358
1755404644788,0.294317,-0.05324,10.00469
1755404644791,0.303888,-0.005384,9.846465
1755404644792,0.260818,-0.000598,10.00469
1755404644794,0.320638,0.049651,9.664611
1755404644797,0.265603,-0.019741,9.999905
1755404644800,0.287139,-0.046062,9.674182
1755404644802,0.299103,-0.067597,9.932607
1755404644804,0.248854,-0.024526,9.995119
1755404644807,0.289532,0.042473,9.925428
1755404644809,0.263211,0.013759,9.956834
1755404644811,0.260818,-0.034098,9.743574
1755404644814,0.277567,-0.067597,9.851251
1755404644817,0.294317,0.020937,9.856036
1755404644818,0.258425,-0.036491,10.042975
1755404644821,0.299103,-0.012562,9.844072
1755404644823,0.289532,-0.036491,9.887143
1755404644826,0.282353,-0.029312,9.875179
1755404644828,0.272782,-0.026919,9.891929
1755404644831,0.27996,0.011366,9.868001
1755404644833,0.258425,-0.019741,9.899107
1755404644835,0.267996,-0.014955,9.863214
1755404644838,0.27996,-0.005384,9.846465
1755404644840,0.282353,-0.012562,9.879965
1755404644843,0.303888,-0.014955,9.903893
1755404644845,0.287139,-0.034098,9.860822
1755404644847,0.246461,-0.014955,9.870394
1755404644850,0.241675,-0.024526,9.894321
1755404644852,0.277567,-0.043669,9.882358
1755404644855,0.232104,-0.022134,9.856036
1755404644857,0.303888,-0.036491,9.894321
1755404644859,0.294317,-0.012562,9.839287
1755404644862,0.31346,-0.014955,9.913465
1755404644864,0.291924,-0.024526,9.879965
1755404644867,0.303888,-0.031705,9.899107
1755404644869,0.275175,-0.029312,9.872787
1755404644872,0.270389,-0.005384,9.856036
1755404644873,0.282353,-0.005384,9.853643
1755404644876,0.287139,0.016152,9.899107
1755404644878,0.284746,-0.007777,9.875179
1755404644881,0.267996,-0.026919,9.860822
1755404644883,0.256032,-0.014955,9.870394
1755404644886,0.299103,-0.012562,9.853643
1755404644888,0.263211,-0.014955,9.894321
1755404644890,0.306281,-0.024526,9.894321
1755404644893,0.246461,-0.024526,9.865608
1755404644895,0.272782,-0.026919,9.889536
1755404644897,0.277567,-0.034098,9.848858
1755404644901,0.258425,-0.046062,9.887143
1755404644902,0.289532,-0.024526,9.860822
1755404644906,0.299103,-0.007777,9.853643
1755404644907,0.282353,-0.034098,9.851251
1755404644910,0.275175,-0.036491,9.88475
1755404644912,0.272782,-0.019741,9.858429
1755404644914,0.299103,-0.036491,9.870394
1755404644918,0.291924,-0.024526,9.88475
1755404644920,0.287139,-0.034098,9.903893
1755404644921,0.27996,-0.031705,9.875179
1755404644924,0.265603,-0.036491,9.896714
1755404644926,0.263211,-0.022134,9.887143
1755404644929,0.270389,-0.026919,9.887143
1755404644931,0.265603,-0.026919,9.913465
1755404644935,0.253639,-0.007777,9.911072
1755404644938,0.287139,-0.026919,9.906285
1755404644940,0.306281,-0.017348,9.913465
1755404644941,0.301496,0.004187,9.829716
1755404644943,0.267996,0.018544,9.906285
1755404644945,0.263211,-0.000598,9.863214
1755404644948,0.294317,-0.062812,9.961619
1755404644952,0.263211,0.013759,9.860822
1755404644954,0.258425,-0.007777,9.851251
1755404644955,0.270389,-0.031705,9.949656
1755404644957,0.320638,-0.029312,9.896714
1755404644960,0.239282,0.008973,9.875179
1755404644962,0.33021,-0.022134,9.812965
1755404644965,0.291924,-0.038883,9.947263
1755404644969,0.344566,-0.036491,9.80818
1755404644971,0.253639,0.018544,9.91825
1755404644972,0.294317,-0.012562,9.829716
1755404644974,0.251246,0.001795,9.851251
1755404644976,0.291924,-0.046062,9.944571
1755404644979,0.294317,-0.010169,9.79143
1755404644981,0.263211,-0.026919,9.975977
1755404644984,0.284746,0.028116,9.738789
1755404644987,0.267996,-0.031705,10.042975
1755404644989,0.339781,0.001795,9.659825
1755404644991,0.236889,-0.014955,10.153046
1755404644994,0.33021,-0.017348,9.803394
1755404644996,0.234497,-0.029312,9.903893
1755404644998,0.318245,-0.031705,9.719646
1755404645001,0.289532,0.013759,9.937392
1755404645003,0.294317,-0.055633,9.954441
1755404645005,0.277567,-0.007777,9.743574
1755404645008,0.267996,-0.065204,10.033404
1755404645010,0.337388,-0.046062,9.755538
1755404645013,0.241675,-0.014955,9.990334
1755404645015,0.334995,0.013759,9.693324
1755404645020,0.248854,-0.031705,10.119546
1755404645021,0.311067,0.011366,9.762716
1755404645024,0.208176,-0.036491,9.863214
1755404645026,0.291924,-0.050847,9.870394
1755404645027,0.299103,-0.017348,9.834501
1755404645029,0.277567,-0.036491,9.980762
1755404645032,0.301496,-0.017348,9.793823
1755404645035,0.205783,-0.041276,9.990334
1755404645038,0.33021,0.020937,9.652647
1755404645040,0.256032,0.013759,10.153046
1755404645042,0.306281,-0.002991,9.817751
1755404645044,0.251246,-0.014955,9.858429
1755404645046,0.282353,-0.031705,9.71486
1755404645049,0.275175,-0.017348,9.906285
1755404645051,0.303888,-0.041276,9.952048
1755404645054,0.303888,-0.019741,9.789038
1755404645056,0.256032,-0.007777,9.975977
1755404645058,0.311067,0.025723,9.705289
1755404645060,0.20339,-0.026919,10.13151
1755404645063,0.291924,-0.024526,9.796216
1755404645065,0.246461,-0.038883,9.82493
1755404645068,0.267996,-0.046062,9.789038
1755404645071,0.258425,-0.019741,9.934999
1755404645075,0.265603,-0.050847,9.913465
1755404645077,0.323031,0.008973,9.745967
1755404645079,0.263211,0.001795,10.057333
1755404645080,0.339781,0.008973,9.803394
1755404645082,0.234497,-0.010169,10.028619
1755404645085,0.294317,-0.038883,9.674182
1755404645088,0.263211,-0.077169,9.985548
1755404645092,0.337388,-0.029312,9.815358
1755404645094,0.282353,0.011366,9.786645
1755404645095,0.27996,-0.002991,10.011869
1755404645097,0.320638,0.004187,9.88475
1755404645099,0.267996,-0.034098,10.002297
1755404645101,0.332602,-0.031705,9.664611
1755404645105,0.27996,-0.101097,9.959227
1755404645107,0.31346,-0.06999,9.865608
1755404645108,0.291924,-0.000598,9.887143
1755404645111,0.265603,0.04008,10.016655
1755404645113,0.320638,0.016152,9.755538
1755404645116,0.265603,-0.074776,9.879965
1755404645118,0.318245,-0.105882,9.779466
1755404645121,0.306281,-0.007777,9.987941
1755404645123,0.323031,0.059222,9.915857
1755404645125,0.299103,-0.031705,9.812965
1755404645127,0.289532,-0.074776,9.913465
1755404645130,0.282353,-0.022134,9.889536
1755404645132,0.275175,-0.007777,9.863214
1755404645135,0.267996,0.016152,9.903893
1755404645137,0.342174,-0.043669,9.848858
1755404645140,0.256032,-0.010169,9.923036
1755404645144,0.251246,-0.000598,9.872787
1755404645145,0.236889,-0.010169,9.875179
1755404645147,0.315853,-0.024526,9.851251
1755404645149,0.244068,-0.046062,9.939785
1755404645151,0.311067,0.013759,9.894321
1755404645154,0.289532,0.004187,9.863214
1755404645157,0.265603,-0.081954,9.832108
1755404645161,0.265603,-0.05324,9.877572
1755404645163,0.306281,0.001795,9.956834
1755404645164,0.272782,0.059222,9.846465
1755404645166,0.263211,-0.055633,9.877572
1755404645168,0.248854,-0.074776,9.879965
1755404645170,0.315853,-0.012562,9.812965
1755404645174,0.251246,-0.036491,9.964012
1755404645177,0.272782,-0.000598,9.755538
1755404645178,0.258425,-0.05324,9.990334
1755404645180,0.31346,-0.031705,9.846465
1755404645183,0.277567,-0.012562,9.887143
1755404645185,0.275175,-0.029312,9.865608
1755404645187,0.301496,-0.034098,9.875179
1755404645190,0.256032,-0.014955,9.896714
1755404645194,0.258425,-0.046062,9.801002
1755404645195,0.287139,-0.062812,9.868001
1755404645203,0.289532,0.011366,9.932607
1755404645205,0.251246,0.075972,9.959227
1755404645206,0.253639,0.035294,9.971191
1755404645207,0.289532,-0.091525,9.68136
1755404645209,0.258425,-0.117847,9.848858
1755404645211,0.272782,-0.067597,9.832108
1755404645213,0.277567,0.064008,9.968799
1755404645214,0.227318,0.092722,10.093225
1755404645218,0.270389,-0.002991,9.693324
1755404645220,0.244068,-0.141775,9.856036
1755404645222,0.306281,-0.120239,9.741181
1755404645225,0.27996,0.035294,9.983155
1755404645226,0.267996,0.092722,10.064511
1755404645228,0.323031,0.037687,9.726824
1755404645230,0.265603,-0.168096,9.868001
1755404645233,0.265603,-0.144168,9.741181
1755404645235,0.337388,0.047258,10.014262
1755404645238,0.284746,0.174078,10.050154
1755404645241,0.318245,0.011366,9.695718
1755404645243,0.241675,-0.201595,9.760324
1755404645245,0.27996,-0.115454,9.906285
1755404645247,0.318245,0.15015,10.052547
1755404645250,0.291924,0.102293,9.899107
1755404645252,0.306281,-0.141775,9.741181
1755404645255,0.303888,-0.127418,9.932607
1755404645257,0.270389,0.147757,9.968799
1755404645260,0.308674,0.075972,9.724431
1755404645262,0.303888,-0.158524,9.856036
1755404645264,0.315853,-0.072383,9.968799
1755404645266,0.263211,0.140578,9.798609
1755404645269,0.246461,-0.026919,9.822537
1755404645271,0.320638,-0.151346,9.848858
1755404645274,0.303888,0.004187,9.961619
1755404645276,0.232104,0.0999,9.868001
1755404645279,0.258425,-0.074776,9.777073
1755404645281,0.346959,-0.110668,9.968799
1755404645283,0.277567,0.052044,9.887143
1755404645286,0.263211,0.059222,9.786645
1755404645288,0.303888,-0.05324,9.932607
1755404645292,0.311067,-0.034098,9.865608
1755404645293,0.27996,-0.010169,9.796216
1755404645295,0.282353,-0.017348,9.975977
1755404645298,0.306281,-0.010169,9.832108
1755404645300,0.27996,-0.043669,9.815358
1755404645303,0.263211,-0.034098,9.942178
1755404645305,0.33021,-0.010169,9.856036
1755404645308,0.270389,-0.029312,9.882358
1755404645310,0.282353,-0.029312,9.891929
1755404645312,0.284746,-0.014955,9.832108
1755404645315,0.267996,-0.05324,9.882358
1755404645317,0.251246,0.018544,9.913465
1755404645320,0.294317,-0.012562,9.88475
1755404645322,0.253639,-0.024526,9.894321
1755404645324,0.294317,-0.034098,9.877572
1755404645327,0.275175,-0.048455,9.848858
1755404645329,0.267996,-0.019741,9.9015
1755404645331,0.301496,-0.031705,9.882358
1755404645334,0.256032,-0.029312,9.877572
1755404645336,0.272782,-0.022134,9.877572
1755404645338,0.294317,-0.029312,9.877572
1755404645341,0.251246,-0.014955,9.889536
1755404645343,0.277567,0.004187,9.894321
1755404645346,0.284746,0.018544,9.879965
1755404645348,0.270389,0.008973,9.896714
1755404645350,0.282353,-0.024526,9.865608
1755404645353,0.251246,-0.038883,9.860822
1755404645355,0.315853,-0.029312,9.891929
1755404645357,0.256032,-0.031705,9.899107
1755404645363,0.270389,-0.065204,9.913465
1755404645364,0.315853,-0.017348,9.865608
1755404645365,0.289532,-0.007777,9.810573
1755404645367,0.251246,-0.012562,9.815358
1755404645370,0.260818,-0.026919,9.973584
1755404645372,0.282353,0.028116,9.891929
1755404645374,0.289532,-0.026919,9.925428
1755404645377,0.275175,-0.029312,9.829716
1755404645379,0.277567,-0.029312,9.836894
1755404645381,0.27996,0.001795,9.932607
1755404645384,0.253639,0.00658,9.844072
1755404645386,0.31346,-0.036491,9.856036
1755404645389,0.303888,-0.007777,9.923036
1755404645391,0.287139,-0.026919,9.853643
1755404645393,0.287139,-0.017348,9.908679
1755404645396,0.256032,0.001795,9.903893
1755404645399,0.251246,-0.017348,9.915857
1755404645401,0.299103,-0.048455,9.896714
1755404645403,0.289532,-0.050847,9.870394
1755404645405,0.27996,-0.019741,9.882358
1755404645408,0.282353,-0.017348,9.870394
1755404645410,0.263211,-0.034098,9.879965
1755404645413,0.258425,0.02333,9.829716
1755404645415,0.275175,-0.007777,9.894321
1755404645417,0.265603,0.018544,9.870394
1755404645420,0.291924,-0.034098,9.908679
1755404645422,0.270389,-0.014955,9.853643
1755404645425,0.275175,-0.024526,9.872787
1755404645428,0.275175,-0.034098,9.911072
1755404645430,0.277567,-0.026919,9.887143
1755404645432,0.299103,-0.038883,9.9015
1755404645435,0.282353,-0.002991,9.887143
1755404645437,0.289532,-0.041276,9.875179
1755404645439,0.308674,-0.038883,9.899107
1755404645445,0.282353,-0.019741,9.875179
1755404645447,0.284746,-0.029312,9.894321
1755404645449,0.289532,-0.026919,9.872787
1755404645451,0.27996,-0.010169,9.851251
1755404645452,0.294317,-0.017348,9.891929
1755404645454,0.272782,-0.005384,9.860822
1755404645456,0.248854,-0.010169,9.923036
1755404645458,0.303888,-0.036491,9.803394
1755404645462,0.270389,-0.036491,9.903893
1755404645463,0.320638,-0.072383,9.839287
1755404645466,0.251246,-0.000598,9.956834
1755404645468,0.29671,0.018544,9.882358
1755404645470,0.248854,-0.041276,9.817751
1755404645472,0.31346,-0.043669,9.939785
1755404645475,0.277567,-0.002991,9.872787
1755404645477,0.275175,0.001795,9.815358
1755404645480,0.303888,-0.046062,9.846465
1755404645482,0.308674,-0.05324,9.913465
1755404645484,0.277567,0.018544,9.865608
1755404645487,0.267996,-0.034098,9.836894
1755404645489,0.311067,-0.065204,9.939785
1755404645492,0.289532,0.011366,9.829716
1755404645495,0.222533,-0.007777,9.956834
1755404645497,0.275175,-0.067597,9.865608
1755404645499,0.320638,0.008973,9.848858
1755404645501,0.258425,0.061615,9.882358
1755404645504,0.277567,-0.055633,9.803394
1755404645506,0.334995,-0.060419,10.033404
1755404645508,0.294317,0.044865,9.84168
1755404645511,0.239282,0.011366,9.671789
1755404645513,0.27996,-0.050847,10.059726
1755404645516,0.315853,0.02333,9.882358
1755404645518,0.272782,0.025723,9.796216
1755404645520,0.272782,-0.060419,9.750752
1755404645523,0.318245,-0.034098,10.00469
1755404645525,0.291924,0.071186,9.777073
1755404645528,0.229711,-0.022134,9.997512
1755404645531,0.27996,-0.055633,9.856036
1755404645532,0.301496,0.016152,9.801002
1755404645535,0.256032,-0.007777,10.019048
1755404645537,0.251246,-0.081954,9.745967
1755404645540,0.301496,-0.041276,10.133903
1755404645542,0.263211,0.052044,9.722038
1755404645544,0.282353,0.001795,9.772287
1755404645547,0.29671,-0.05324,9.879965
1755404645549,0.291924,-0.024526,10.019048
1755404645552,0.301496,0.035294,9.765109
1755404645554,0.270389,-0.06999,9.899107
1755404645556,0.366102,-0.055633,9.932607
1755404645559,0.282353,0.042473,9.827323
1755404645561,0.251246,-0.055633,9.856036
1755404645564,0.33021,-0.05324,9.937392
1755404645566,0.306281,0.013759,9.832108
1755404645568,0.260818,0.00658,9.954441
1755404645571,0.284746,-0.022134,9.851251
1755404645573,0.301496,-0.012562,9.860822
1755404645576,0.251246,-0.005384,9.868001
1755404645578,0.284746,-0.029312,9.856036
1755404645581,0.334995,-0.002991,9.853643
1755404645584,0.239282,-0.005384,9.887143
1755404645585,0.210568,-0.038883,9.875179
1755404645588,0.318245,-0.031705,9.827323
1755404645590,0.275175,-0.000598,9.966406
1755404645592,0.272782,-0.055633,9.865608
1755404645595,0.289532,-0.046062,9.923036
1755404645598,0.277567,-0.005384,9.803394
1755404645600,0.263211,-0.034098,9.920643
1755404645602,0.342174,0.035294,9.832108
1755404645605,0.251246,-0.024526,9.899107
1755404645607,0.301496,-0.05324,9.906285
1755404645609,0.349352,0.028116,9.860822
1755404645611,0.291924,-0.005384,9.772287
1755404645614,0.263211,-0.043669,9.980762
1755404645616,0.342174,0.001795,9.858429
1755404645619,0.246461,-0.026919,9.877572
1755404645621,0.275175,-0.072383,9.882358
1755404645623,0.323031,-0.000598,9.870394
1755404645626,0.265603,0.001795,9.793823
1755404645628,0.253639,-0.050847,9.952048
1755404645632,0.349352,0.028116,9.868001
1755404645634,0.241675,-0.072383,9.820144
1755404645635,0.289532,-0.067597,9.911072
1755404645638,0.33021,0.018544,9.856036
1755404645641,0.236889,-0.014955,10.016655
1755404645643,0.299103,0.011366,9.875179
1755404645645,0.284746,-0.014955,9.784252
1755404645648,0.234497,-0.077169,9.959227
1755404645650,0.323031,0.018544,9.891929
1755404645652,0.287139,0.011366,9.84168
1755404645655,0.248854,-0.058026,9.903893
1755404645657,0.344566,-0.072383,9.810573
1755404645659,0.299103,-0.012562,9.906285
1755404645662,0.260818,0.035294,9.906285
1755404645665,0.29671,-0.017348,9.868001
1755404645667,0.263211,-0.036491,9.891929
1755404645669,0.275175,-0.038883,9.789038
1755404645671,0.260818,-0.050847,9.930214
1755404645674,0.299103,-0.000598,9.84168
1755404645676,0.253639,-0.005384,9.942178
1755404645679,0.27996,-0.017348,9.879965
1755404645681,0.301496,-0.029312,9.863214
1755404645683,0.275175,-0.026919,9.899107
1755404645687,0.277567,-0.017348,9.877572
1755404645688,0.311067,-0.010169,9.891929
1755404645690,0.299103,-0.000598,9.872787
1755404645693,0.291924,-0.029312,9.88475
1755404645695,0.303888,0.008973,9.882358
1755404645698,0.29671,-0.017348,9.882358
1755404645700,0.287139,-0.019741,9.860822
1755404645703,0.301496,-0.031705,9.851251
1755404645705,0.256032,-0.029312,9.896714
1755404645707,0.287139,0.004187,9.889536
1755404645710,0.301496,0.001795,9.870394
1755404645712,0.272782,-0.022134,9.906285
1755404645714,0.308674,-0.024526,9.84168
1755404645717,0.287139,-0.029312,9.875179
1755404645720,0.27996,0.018544,9.896714
1755404645722,0.284746,-0.010169,9.88475
1755404645724,0.306281,-0.007777,9.896714
1755404645727,0.277567,0.001795,9.882358
1755404645729,0.258425,-0.007777,9.906285
1755404645731,0.289532,-0.026919,9.88475
1755404645734,0.29671,-0.022134,9.896714
1755404645737,0.284746,-0.017348,9.908679
1755404645739,0.301496,-0.019741,9.877572
1755404645741,0.270389,-0.036491,9.899107
1755404645743,0.306281,-0.010169,9.877572
1755404645746,0.277567,-0.024526,9.88475
1755404645748,0.272782,0.004187,9.887143
1755404645751,0.275175,-0.034098,9.894321
1755404645753,0.299103,-0.007777,9.839287
1755404645755,0.29671,-0.002991,9.896714
1755404645758,0.265603,-0.029312,9.865608
1755404645760,0.265603,-0.012562,9.927821
1755404645763,0.294317,-0.014955,9.856036
1755404645765,0.282353,-0.024526,9.908679
1755404645769,0.246461,-0.019741,9.882358
1755404645771,0.263211,-0.019741,9.887143
1755404645773,0.272782,-0.026919,9.882358
1755404645775,0.270389,-0.031705,9.860822
1755404645777,0.267996,-0.026919,9.870394
1755404645779,0.291924,-0.000598,9.875179
1755404645782,0.291924,-0.022134,9.899107
1755404645785,0.299103,-0.010169,9.903893
1755404645787,0.284746,-0.038883,9.88475
1755404645789,0.270389,-0.024526,9.872787
1755404645791,0.251246,-0.007777,9.882358
1755404645794,0.270389,-0.005384,9.882358
1755404645796,0.270389,-0.007777,9.882358
1755404645798,0.291924,-0.022134,9.877572
1755404645802,0.299103,-0.024526,9.868001
1755404645803,0.306281,-0.002991,9.887143
1755404645806,0.263211,-0.034098,9.858429
1755404645809,0.306281,-0.055633,9.872787
1755404645811,0.29671,-0.014955,9.88475
1755404645813,0.287139,-0.000598,9.879965
1755404645815,0.291924,0.004187,9.872787
1755404645818,0.287139,0.008973,9.88475
1755404645820,0.31346,0.004187,9.872787
1755404645823,0.265603,-0.024526,9.872787
1755404645825,0.320638,-0.041276,9.896714
1755404645827,0.299103,-0.034098,9.887143
1755404645829,0.306281,-0.046062,9.868001
1755404645832,0.263211,-0.012562,9.863214
1755404645836,0.306281,-0.000598,9.903893
1755404645838,0.284746,-0.000598,9.896714
1755404645840,0.289532,-0.007777,9.896714
1755404645842,0.265603,0.004187,9.882358
1755404645844,0.294317,-0.002991,9.875179
1755404645846,0.253639,-0.007777,9.887143
1755404645849,0.301496,-0.007777,9.891929
1755404645851,0.282353,-0.022134,9.853643
1755404645854,0.299103,-0.029312,9.860822
1755404645856,0.251246,-0.005384,9.872787
1755404645859,0.241675,-0.038883,9.875179
1755404645861,0.303888,-0.007777,9.88475
1755404645863,0.294317,-0.010169,9.863214
1755404645866,0.344566,-0.007777,9.882358
1755404645868,0.311067,-0.046062,9.887143
1755404645871,0.282353,-0.014955,9.887143
1755404645873,0.258425,-0.034098,9.889536
1755404645875,0.260818,-0.012562,9.887143
1755404645878,0.275175,-0.029312,9.882358
1755404645880,0.318245,-0.012562,9.868001
1755404645882,0.289532,-0.022134,9.872787
1755404645885,0.263211,-0.000598,9.889536
1755404645887,0.284746,-0.007777,9.870394
1755404645890,0.320638,-0.005384,9.872787
1755404645892,0.325424,-0.024526,9.879965
1755404645894,0.282353,-0.019741,9.877572
1755404645897,0.320638,-0.024526,9.858429
1755404645899,0.320638,-0.010169,9.889536
1755404645901,0.275175,-0.026919,9.887143
1755404645904,0.265603,-0.043669,9.858429
1755404645906,0.294317,-0.002991,9.899107
1755404645909,0.315853,-0.007777,9.877572
1755404645911,0.294317,-0.017348,9.889536
1755404645914,0.291924,-0.043669,9.887143
1755404645916,0.303888,-0.041276,9.851251
1755404645918,0.291924,-0.022134,9.887143
1755404645921,0.260818,0.013759,9.870394
1755404645924,0.301496,-0.017348,9.879965
1755404645925,0.267996,0.013759,9.868001
1755404645928,0.270389,-0.022134,9.903893
1755404645930,0.246461,0.004187,9.879965
1755404645932,0.308674,-0.043669,9.877572
1755404645935,0.306281,-0.05324,9.879965
1755404645937,0.270389,-0.007777,9.891929
1755404645940,0.289532,-0.036491,9.877572
1755404645943,0.301496,-0.007777,9.868001
1755404645945,0.291924,0.001795,9.868001
1755404645947,0.303888,-0.024526,9.894321
1755404645950,0.267996,-0.05324,9.889536
1755404645952,0.325424,-0.012562,9.860822
1755404645955,0.275175,-0.000598,9.877572
1755404645957,0.27996,-0.046062,9.896714
1755404645959,0.267996,-0.055633,9.868001
1755404645961,0.27996,-0.036491,9.875179
1755404645964,0.289532,-0.019741,9.870394
1755404645966,0.291924,-0.000598,9.872787
1755404645968,0.277567,-0.041276,9.872787
1755404645972,0.277567,-0.022134,9.863214
1755404645974,0.284746,-0.031705,9.887143
1755404645976,0.287139,-0.022134,9.870394
1755404645979,0.265603,-0.034098,9.879965
1755404645980,0.27996,-0.029312,9.88475
1755404645983,0.284746,-0.010169,9.88475
1755404645985,0.29671,-0.017348,9.882358
1755404645988,0.270389,-0.002991,9.875179
1755404645991,0.311067,-0.007777,9.872787
1755404645992,0.287139,-0.019741,9.875179
1755404645995,0.311067,-0.024526,9.870394
1755404645997,0.272782,-0.024526,9.868001
1755404646000,0.270389,-0.036491,9.872787
1755404646002,0.29671,-0.017348,9.875179
1755404646005,0.267996,-0.012562,9.872787
1755404646008,0.27996,-0.012562,9.889536
1755404646010,0.267996,-0.014955,9.894321
1755404646012,0.31346,-0.007777,9.903893
1755404646014,0.294317,0.001795,9.860822
1755404646017,0.284746,-0.031705,9.870394
1755404646019,0.29671,0.004187,9.891929
1755404646021,0.29671,-0.002991,9.894321
1755404646026,0.284746,-0.026919,9.870394
1755404646027,0.289532,-0.038883,9.88475
1755404646028,0.265603,-0.031705,9.877572
1755404646031,0.277567,-0.014955,9.872787
1755404646033,0.282353,-0.055633,9.879965
1755404646035,0.291924,-0.031705,9.879965
1755404646040,0.260818,0.016152,9.889536
1755404646041,0.265603,-0.019741,9.894321
1755404646045,0.27996,-0.050847,9.891929
1755404646047,0.265603,-0.031705,9.875179
1755404646048,0.291924,-0.029312,9.88475
1755404646050,0.272782,0.001795,9.908679
1755404646053,0.284746,-0.029312,9.894321
1755404646055,0.258425,-0.014955,9.887143
1755404646057,0.263211,-0.034098,9.894321
1755404646059,0.287139,-0.029312,9.870394
1755404646062,0.306281,-0.002991,9.887143
1755404646064,0.311067,-0.029312,9.870394
1755404646067,0.325424,-0.050847,9.870394
1755404646069,0.272782,-0.043669,9.872787
1755404646071,0.311067,-0.034098,9.872787
1755404646074,0.31346,-0.038883,9.872787
1755404646076,0.291924,-0.05324,9.875179
1755404646079,0.272782,-0.05324,9.875179
1755404646081,0.308674,-0.043669,9.887143
1755404646084,0.265603,-0.014955,9.865608
1755404646086,0.308674,-0.014955,9.870394
1755404646088,0.270389,-0.007777,9.865608
1755404646092,0.251246,-0.017348,9.870394
1755404646094,0.306281,-0.031705,9.875179
1755404646096,0.303888,0.001795,9.889536
1755404646098,0.301496,-0.029312,9.872787
1755404646101,0.277567,-0.000598,9.887143
1755404646103,0.246461,-0.024526,9.88475
1755404646105,0.244068,-0.022134,9.846465
1755404646108,0.291924,-0.012562,9.875179
1755404646110,0.239282,-0.022134,9.872787
1755404646112,0.267996,-0.041276,9.853643
1755404646115,0.287139,-0.041276,9.877572
1755404646117,0.284746,-0.055633,9.858429
1755404646120,0.27996,-0.046062,9.899107
1755404646122,0.299103,-0.007777,9.860822
1755404646125,0.306281,-0.034098,9.879965
1755404646127,0.284746,-0.022134,9.877572
1755404646131,0.311067,-0.026919,9.877572
1755404646132,0.320638,-0.038883,9.88475
1755404646134,0.299103,-0.019741,9.875179
1755404646136,0.256032,-0.014955,9.882358
1755404646139,0.275175,-0.041276,9.882358
1755404646141,0.256032,-0.024526,9.872787
1755404646143,0.277567,-0.005384,9.879965
1755404646146,0.303888,-0.012562,9.896714
1755404646148,0.303888,-0.007777,9.856036
1755404646151,0.291924,-0.026919,9.870394
1755404646153,0.275175,-0.036491,9.870394
1755404646155,0.284746,-0.017348,9.856036
1755404646158,0.29671,0.001795,9.870394
1755404646161,0.311067,-0.022134,9.872787
1755404646165,0.29671,-0.007777,9.9015
1755404646166,0.270389,-0.002991,9.899107
1755404646167,0.315853,-0.019741,9.88475
1755404646170,0.270389,0.00658,9.879965
1755404646172,0.29671,-0.034098,9.887143
1755404646175,0.303888,-0.06999,9.889536
1755404646177,0.294317,-0.041276,9.868001
1755404646179,0.27996,-0.019741,9.906285
1755404646182,0.325424,-0.050847,9.887143
1755404646184,0.301496,-0.014955,9.877572
1755404646186,0.289532,-0.026919,9.863214
1755404646189,0.260818,-0.031705,9.865608
1755404646192,0.277567,-0.014955,9.868001
1755404646194,0.303888,-0.012562,9.879965
1755404646196,0.303888,-0.022134,9.891929
1755404646198,0.287139,-0.017348,9.889536
1755404646201,0.291924,-0.012562,9.863214
1755404646203,0.291924,-0.010169,9.882358
1755404646207,0.318245,-0.026919,9.872787
1755404646209,0.270389,-0.050847,9.860822
1755404646213,0.263211,-0.060419,9.894321
1755404646215,0.263211,-0.043669,9.896714
1755404646216,0.289532,-0.012562,9.875179
1755404646218,0.263211,-0.014955,9.877572
1755404646220,0.282353,-0.038883,9.894321
1755404646222,0.272782,-0.017348,9.872787
1755404646225,0.327817,0.00658,9.863214
1755404646227,0.275175,-0.036491,9.858429
1755404646230,0.306281,-0.031705,9.865608
1755404646232,0.289532,-0.022134,9.870394
1755404646235,0.299103,-0.005384,9.896714
1755404646237,0.323031,-0.022134,9.894321
1755404646239,0.282353,-0.005384,9.879965
1755404646243,0.263211,-0.019741,9.906285
1755404646245,0.282353,-0.024526,9.875179
1755404646247,0.287139,-0.017348,9.875179
1755404646249,0.301496,0.008973,9.870394
1755404646251,0.287139,-0.000598,9.860822
1755404646254,0.253639,-0.024526,9.879965
1755404646256,0.287139,-0.019741,9.896714
1755404646259,0.275175,-0.029312,9.863214
1755404646261,0.265603,-0.002991,9.870394
1755404646263,0.284746,-0.012562,9.882358
1755404646266,0.291924,-0.010169,9.863214
1755404646268,0.299103,-0.019741,9.887143
1755404646270,0.311067,-0.041276,9.894321
1755404646273,0.27996,-0.026919,9.896714
1755404646275,0.306281,-0.031705,9.865608
1755404646278,0.260818,-0.041276,9.891929
1755404646280,0.299103,-0.017348,9.860822
1755404646283,0.27996,0.001795,9.889536
1755404646285,0.27996,-0.000598,9.882358
1755404646287,0.308674,-0.014955,9.877572
1755404646290,0.31346,-0.000598,9.875179
1755404646292,0.277567,-0.002991,9.877572
1755404646295,0.299103,-0.007777,9.875179
1755404646297,0.277567,-0.014955,9.887143
1755404646299,0.303888,-0.005384,9.870394
1755404646302,0.282353,-0.012562,9.875179
1755404646304,0.275175,0.001795,9.88475
1755404646306,0.265603,-0.007777,9.877572
1755404646309,0.284746,-0.014955,9.882358
1755404646312,0.272782,-0.031705,9.889536
1755404646314,0.325424,-0.019741,9.882358
1755404646316,0.31346,-0.026919,9.879965
1755404646319,0.301496,-0.026919,9.870394
1755404646321,0.287139,-0.024526,9.879965
1755404646323,0.265603,-0.014955,9.882358
1755404646326,0.267996,-0.010169,9.889536
1755404646329,0.267996,0.018544,9.887143
1755404646331,0.299103,0.00658,9.88475
1755404646333,0.236889,-0.000598,9.865608
1755404646335,0.29671,-0.002991,9.865608
1755404646338,0.263211,-0.007777,9.879965
1755404646340,0.308674,-0.002991,9.88475
1755404646343,0.270389,-0.017348,9.860822
1755404646345,0.272782,-0.014955,9.865608
1755404646347,0.272782,0.011366,9.896714
1755404646350,0.301496,-0.012562,9.872787
1755404646352,0.267996,-0.022134,9.88475
1755404646354,0.270389,0.001795,9.899107
1755404646357,0.272782,-0.022134,9.894321
1755404646359,0.275175,-0.010169,9.894321
1755404646364,0.299103,-0.038883,9.870394
1755404646365,0.289532,-0.014955,9.872787
1755404646367,0.275175,-0.012562,9.889536
1755404646369,0.256032,-0.019741,9.887143
1755404646371,0.31346,-0.034098,9.891929
1755404646373,0.303888,-0.012562,9.868001
1755404646376,0.265603,-0.022134,9.868001
1755404646381,0.294317,-0.000598,9.872787
1755404646382,0.289532,-0.012562,9.879965
1755404646383,0.256032,-0.029312,9.889536
1755404646386,0.265603,-0.046062,9.882358
1755404646388,0.284746,-0.038883,9.899107
1755404646390,0.27996,-0.031705,9.875179
1755404646393,0.299103,-0.026919,9.875179
1755404646395,0.27996,-0.026919,9.875179
1755404646397,0.275175,-0.043669,9.868001
1755404646400,0.299103,-0.019741,9.891929
1755404646403,0.232104,-0.036491,9.882358
1755404646405,0.289532,-0.026919,9.877572
1755404646407,0.284746,-0.024526,9.877572
1755404646410,0.272782,-0.038883,9.887143
1755404646412,0.272782,-0.017348,9.875179
1755404646414,0.308674,-0.007777,9.870394
1755404646417,0.227318,-0.026919,9.879965
1755404646419,0.282353,-0.005384,9.879965
1755404646421,0.267996,-0.012562,9.877572
1755404646424,0.275175,-0.022134,9.872787
1755404646427,0.270389,-0.007777,9.889536
1755404646429,0.282353,-0.007777,9.887143
1755404646431,0.294317,-0.017348,9.889536
1755404646434,0.299103,-0.007777,9.891929
1755404646436,0.27996,-0.022134,9.877572
1755404646438,0.263211,-0.034098,9.887143
1755404646441,0.294317,-0.024526,9.870394
1755404646444,0.301496,-0.046062,9.851251
1755404646445,0.289532,-0.012562,9.868001
1755404646448,0.284746,-0.012562,9.877572
1755404646450,0.267996,-0.041276,9.896714
1755404646453,0.291924,-0.022134,9.870394
1755404646455,0.294317,-0.041276,9.879965
1755404646458,0.282353,-0.024526,9.9015
1755404646460,0.291924,-0.034098,9.879965
1755404646462,0.289532,-0.034098,9.875179
1755404646466,0.29671,-0.029312,9.872787
1755404646467,0.258425,-0.022134,9.887143
1755404646469,0.282353,-0.034098,9.865608
1755404646472,0.299103,-0.022134,9.870394
1755404646474,0.301496,-0.022134,9.882358
1755404646477,0.256032,-0.031705,9.889536
1755404646479,0.27996,-0.050847,9.879965
1755404646481,0.291924,0.004187,9.877572
1755404646484,0.284746,-0.026919,9.865608
1755404646486,0.251246,0.001795,9.899107
1755404646488,0.318245,-0.026919,9.889536
1755404646491,0.282353,-0.019741,9.872787
1755404646494,0.284746,-0.048455,9.882358
1755404646496,0.265603,-0.031705,9.88475
1755404646499,0.291924,-0.046062,9.875179
1755404646501,0.294317,-0.036491,9.860822
1755404646503,0.303888,-0.022134,9.891929
1755404646505,0.258425,-0.034098,9.875179
1755404646508,0.275175,-0.041276,9.913465
1755404646511,0.287139,-0.024526,9.9015
1755404646512,0.287139,-0.005384,9.891929
1755404646516,0.282353,-0.024526,9.88475
1755404646518,0.301496,-0.029312,9.877572
1755404646521,0.287139,0.008973,9.872787
1755404646522,0.311067,-0.002991,9.877572
1755404646524,0.284746,-0.026919,9.887143
1755404646527,0.270389,-0.019741,9.882358
1755404646529,0.272782,-0.019741,9.848858
1755404646532,0.299103,-0.022134,9.877572
1755404646534,0.315853,-0.005384,9.863214
1755404646537,0.27996,-0.029312,9.875179
1755404646539,0.27996,-0.012562,9.891929
1755404646542,0.265603,-0.022134,9.882358
1755404646544,0.270389,0.001795,9.889536
1755404646546,0.311067,0.011366,9.879965
1755404646549,0.303888,-0.014955,9.906285
1755404646551,0.284746,-0.034098,9.889536
1755404646554,0.301496,-0.014955,9.875179
1755404646556,0.289532,-0.022134,9.870394
1755404646558,0.275175,-0.007777,9.899107
1755404646561,0.303888,-0.024526,9.872787
1755404646563,0.289532,-0.043669,9.875179
1755404646567,0.299103,-0.034098,9.879965
1755404646568,0.272782,-0.034098,9.870394
1755404646571,0.287139,-0.012562,9.882358
1755404646572,0.294317,-0.022134,9.875179
1755404646575,0.306281,-0.017348,9.906285
1755404646577,0.284746,-0.017348,9.870394
1755404646579,0.315853,-0.026919,9.891929
1755404646583,0.315853,-0.034098,9.882358
1755404646584,0.29671,-0.005384,9.894321
1755404646587,0.275175,-0.014955,9.896714
1755404646589,0.241675,-0.019741,9.889536
1755404646591,0.303888,-0.010169,9.882358
1755404646594,0.253639,-0.017348,9.875179
1755404646596,0.287139,-0.012562,9.853643
1755404646599,0.277567,-0.019741,9.870394
1755404646601,0.263211,-0.012562,9.896714
1755404646604,0.27996,-0.041276,9.870394
1755404646606,0.284746,-0.010169,9.875179
1755404646608,0.260818,-0.010169,9.882358
1755404646611,0.294317,-0.014955,9.891929
1755404646613,0.277567,-0.038883,9.882358
1755404646616,0.291924,-0.024526,9.863214
1755404646618,0.265603,-0.010169,9.889536
1755404646620,0.301496,-0.024526,9.894321
1755404646623,0.284746,-0.012562,9.887143
1755404646625,0.320638,0.001795,9.863214
1755404646628,0.284746,0.004187,9.875179
1755404646630,0.265603,-0.005384,9.870394
1755404646632,0.29671,-0.012562,9.887143
1755404646635,0.258425,-0.019741,9.887143
1755404646637,0.263211,-0.022134,9.887143
1755404646640,0.253639,-0.024526,9.882358
1755404646642,0.236889,-0.024526,9.863214
1755404646645,0.267996,-0.022134,9.863214
1755404646647,0.27996,-0.002991,9.877572
1755404646649,0.270389,0.013759,9.875179
1755404646652,0.289532,-0.029312,9.88475
1755404646654,0.270389,-0.017348,9.891929
1755404646657,0.299103,0.001795,9.877572
1755404646659,0.27996,-0.022134,9.875179
1755404646661,0.31346,-0.050847,9.889536
1755404646664,0.260818,-0.010169,9.872787
1755404646666,0.267996,-0.029312,9.882358
1755404646668,0.275175,-0.024526,9.887143
1755404646671,0.275175,-0.019741,9.870394
1755404646673,0.253639,-0.024526,9.896714
1755404646675,0.301496,-0.002991,9.870394
1755404646678,0.289532,-0.014955,9.889536
1755404646680,0.289532,-0.000598,9.860822
1755404646683,0.27996,0.013759,9.868001
1755404646685,0.303888,-0.026919,9.863214
1755404646688,0.29671,-0.029312,9.865608
1755404646690,0.270389,-0.007777,9.796216
1755404646692,0.320638,-0.055633,9.971191
1755404646695,0.224925,0.011366,9.836894
1755404646697,0.29671,-0.065204,9.789038
1755404646699,0.435494,-0.091525,10.088439
1755404646702,0.344566,-0.012562,9.985548
1755404646705,0.272782,-0.031705,9.777073
1755404646706,0.215354,0.013759,9.805787
1755404646709,0.284746,-0.012562,9.913465
1755404646711,0.267996,-0.024526,9.858429
1755404646714,0.270389,-0.029312,9.793823
1755404646716,0.128913,0.059222,9.717253
1755404646720,0.289532,-0.031705,9.882358
1755404646721,0.301496,-0.029312,9.964012
1755404646723,0.301496,-0.034098,9.877572
1755404646726,0.251246,0.004187,9.88475
1755404646728,0.217747,0.018544,9.812965
1755404646730,0.205783,-0.002991,9.789038
1755404646733,0.334995,-0.000598,9.88475
1755404646736,0.29671,-0.024526,9.781859
1755404646738,0.301496,-0.019741,9.952048
1755404646740,0.284746,-0.034098,9.851251
1755404646743,0.337388,-0.019741,9.966406
1755404646745,0.318245,-0.041276,9.992726
1755404646747,0.277567,-0.022134,9.846465
1755404646750,0.275175,-0.024526,9.858429
1755404646753,0.275175,-0.019741,9.820144
1755404646755,0.282353,-0.012562,9.882358
1755404646757,0.291924,-0.012562,9.856036
1755404646761,0.308674,-0.012562,9.939785
1755404646762,0.318245,0.032901,9.879965
1755404646764,0.308674,-0.048455,9.77468
1755404646766,0.217747,-0.046062,10.078868
1755404646769,0.37328,0.126221,9.729217
1755404646772,0.183948,-0.110668,9.887143
1755404646774,0.320638,-0.038883,9.949656
1755404646776,0.366102,-0.036491,9.626326
1755404646779,0.12652,-0.024526,10.121939
1755404646781,0.435494,0.114257,9.710074
1755404646783,0.195912,-0.10349,9.973584
1755404646787,0.272782,0.037687,9.925428
1755404646789,0.397209,0.001795,9.68136
1755404646792,0.152842,-0.091525,10.109975
1755404646793,0.433101,0.068794,9.688539
1755404646795,0.188734,-0.101097,9.999905
1755404646798,0.277567,0.02333,9.939785
1755404646800,0.375673,-0.038883,9.690931
1755404646802,0.112164,-0.031705,10.13151
1755404646805,0.413958,0.073579,9.590433
1755404646807,0.145663,-0.110668,10.13151
1755404646809,0.368495,0.030508,9.719646
1755404646812,0.248854,-0.079561,9.956834
1755404646814,0.306281,0.030508,9.817751
1755404646817,0.323031,-0.058026,9.882358
1755404646819,0.234497,-0.022134,9.882358
1755404646822,0.315853,-0.031705,9.827323
1755404646824,0.272782,-0.024526,9.920643
1755404646827,0.33021,-0.002991,9.846465
1755404646829,0.248854,-0.026919,9.870394
1755404646831,0.272782,-0.034098,9.903893
1755404646833,0.301496,-0.024526,9.822537
1755404646836,0.239282,-0.024526,9.911072
1755404646839,0.256032,0.00658,9.868001
1755404646841,0.282353,-0.026919,9.872787
1755404646844,0.303888,-0.019741,9.9015
1755404646846,0.346959,-0.014955,9.815358
1755404646848,0.222533,-0.038883,9.942178
1755404646850,0.325424,0.013759,9.827323
1755404646853,0.270389,-0.062812,9.913465
1755404646856,0.301496,-0.002991,9.868001
1755404646857,0.27996,-0.022134,9.853643
1755404646860,0.253639,0.013759,9.913465
1755404646863,0.306281,0.004187,9.851251
1755404646865,0.282353,-0.019741,9.899107
1755404646867,0.315853,-0.024526,9.896714
1755404646869,0.287139,-0.005384,9.839287
1755404646872,0.263211,-0.050847,9.877572
1755404646875,0.27996,-0.000598,9.846465
1755404646877,0.294317,-0.034098,9.903893
1755404646880,0.256032,-0.005384,9.896714
1755404646881,0.327817,-0.026919,9.887143
1755404646884,0.267996,-0.026919,9.896714
1755404646886,0.327817,-0.024526,9.719646
1755404646890,0.263211,-0.043669,9.956834
1755404646891,0.284746,0.02333,9.91825
1755404646893,0.284746,0.013759,9.858429
1755404646896,0.256032,-0.024526,9.930214
1755404646898,0.291924,-0.012562,9.801002
1755404646900,0.205783,-0.017348,9.894321
1755404646903,0.284746,-0.017348,9.875179
1755404646906,0.277567,0.008973,9.952048
1755404646909,0.339781,-0.019741,9.769895
1755404646910,0.239282,-0.06999,9.968799
1755404646913,0.399601,0.078365,9.801002
1755404646915,0.265603,-0.034098,9.9015
1755404646917,0.284746,0.008973,9.894321
1755404646920,0.380459,-0.017348,9.741181
1755404646924,0.164806,-0.029312,10.052547
1755404646925,0.382852,0.008973,9.65504
1755404646927,0.152842,-0.050847,10.069297
1755404646929,0.385244,0.071186,9.738789
1755404646932,0.20339,-0.060419,10.045368
1755404646934,0.354138,0.054437,9.798609
1755404646936,0.284746,-0.096311,9.848858
1755404646939,0.239282,-0.002991,9.973584
1755404646942,0.380459,-0.041276,9.686146
1755404646944,0.200997,-0.046062,10.107582
1755404646946,0.418744,0.011366,9.65504
1755404646949,0.171984,-0.062812,10.102797
1755404646951,0.368495,0.037687,9.741181
1755404646953,0.232104,-0.072383,10.009477
1755404646956,0.294317,0.037687,9.836894
1755404646958,0.291924,-0.058026,9.832108
1755404646960,0.188734,-0.007777,9.992726
1755404646963,0.370888,-0.038883,9.671789
1755404646966,0.157627,-0.058026,10.100404
1755404646968,0.440279,0.044865,9.635897
1755404646970,0.155234,-0.079561,10.119546
1755404646972,0.39003,0.049651,9.688539
1755404646975,0.205783,-0.036491,10.052547
1755404646977,0.332602,-0.024526,9.772287
1755404646980,0.256032,-0.014955,10.014262
1755404646982,0.303888,-0.026919,9.786645
1755404646984,0.234497,-0.026919,9.975977
1755404646987,0.260818,0.001795,9.801002
1755404646990,0.244068,-0.019741,9.932607
1755404646993,0.289532,-0.010169,9.865608
1755404646995,0.270389,-0.046062,9.896714
1755404646997,0.267996,-0.036491,9.882358
1755404646999,0.260818,-0.031705,9.88475
1755404647001,0.325424,-0.014955,9.88475
1755404647004,0.267996,-0.019741,9.894321
1755404647006,0.29671,-0.038883,9.865608
1755404647008,0.291924,-0.036491,9.848858
1755404647012,0.344566,0.001795,9.961619
1755404647013,0.251246,0.001795,9.82493
1755404647016,0.287139,-0.014955,9.671789
1755404647018,0.349352,-0.038883,10.090832
1755404647021,0.382852,-0.050847,10.100404
1755404647023,0.200997,0.025723,9.65504
1755404647025,0.315853,-0.065204,9.956834
1755404647028,0.318245,-0.038883,9.74836
1755404647031,0.346959,-0.072383,9.999905
1755404647032,0.167198,0.04008,9.769895
1755404647035,0.208176,-0.017348,9.796216
1755404647037,0.315853,-0.062812,9.870394
1755404647039,0.27996,-0.029312,9.889536
1755404647043,0.260818,-0.010169,9.827323
1755404647044,0.311067,-0.036491,9.942178
1755404647047,0.287139,-0.017348,9.894321
1755404647049,0.289532,-0.005384,9.9015
1755404647052,0.291924,-0.043669,9.882358
1755404647054,0.258425,-0.034098,9.899107
1755404647056,0.275175,-0.031705,9.848858
1755404647059,0.248854,-0.007777,9.887143
1755404647061,0.270389,0.001795,9.858429
1755404647064,0.270389,-0.048455,9.894321
1755404647067,0.277567,-0.012562,9.872787
1755404647068,0.31346,0.004187,9.903893
1755404647071,0.291924,-0.031705,9.887143
1755404647073,0.282353,-0.022134,9.934999
1755404647076,0.287139,-0.012562,9.889536
1755404647078,0.303888,-0.024526,9.939785
1755404647081,0.315853,0.011366,9.827323
1755404647083,0.287139,-0.067597,10.002297
1755404647085,0.334995,-0.005384,9.781859
1755404647088,0.227318,-0.007777,10.07169
1755404647090,0.303888,0.028116,9.765109
1755404647093,0.248854,-0.058026,10.040583
1755404647096,0.301496,0.018544,9.738789
1755404647097,0.256032,-0.06999,10.028619
1755404647099,0.315853,0.02333,9.789038
1755404647102,0.27996,-0.055633,10.021441
1755404647105,0.275175,0.030508,9.856036
1755404647107,0.315853,-0.055633,9.765109
1755404647110,0.210568,-0.007777,10.00469
1755404647114,0.409173,0.001795,9.65504
1755404647115,0.14327,-0.026919,10.165009
1755404647116,0.416351,0.052044,9.568898
1755404647118,0.136092,-0.08674,10.184153
1755404647121,0.440279,0.052044,9.58804
1755404647124,0.152842,-0.089133,10.102797
1755404647126,0.454636,0.047258,9.645468
1755404647129,0.16002,-0.074776,10.124331
1755404647131,0.354138,0.047258,9.683753
1755404647133,0.20339,-0.096311,10.069297
1755404647135,0.334995,0.032901,9.745967
1755404647138,0.263211,-0.079561,10.028619
1755404647140,0.284746,0.030508,9.820144
1755404647142,0.327817,-0.05324,9.947263
1755404647145,0.275175,0.008973,9.868001
1755404647148,0.337388,-0.055633,9.872787
1755404647150,0.236889,0.004187,9.906285
1755404647152,0.349352,-0.038883,9.793823
1755404647155,0.215354,0.011366,9.959227
1755404647157,0.337388,-0.024526,9.798609
1755404647159,0.227318,-0.029312,9.923036
1755404647162,0.342174,-0.038883,9.822537
1755404647164,0.248854,-0.014955,9.947263
1755404647167,0.354138,-0.007777,9.79143
1755404647170,0.248854,0.018544,9.985548
1755404647171,0.366102,-0.029312,9.772287
1755404647174,0.205783,-0.022134,9.987941
1755404647176,0.361316,-0.010169,9.760324
1755404647179,0.171984,-0.007777,10.019048
1755404647181,0.332602,-0.007777,9.719646
1755404647183,0.17677,-0.046062,10.009477
1755404647186,0.327817,-0.002991,9.719646
1755404647188,0.222533,-0.041276,10.031012
1755404647190,0.33021,0.001795,9.755538
1755404647193,0.205783,-0.012562,10.016655
1755404647196,0.370888,-0.046062,9.753145
1755404647198,0.239282,-0.019741,9.973584
1755404647200,0.361316,-0.005384,9.796216
1755404647202,0.294317,0.004187,9.961619
1755404647205,0.315853,-0.041276,9.810573
1755404647207,0.22014,-0.024526,9.868001
1755404647210,0.318245,-0.065204,9.889536
1755404647212,0.232104,-0.000598,9.848858
1755404647216,0.289532,-0.055633,9.983155
1755404647217,0.267996,0.00658,9.760324
1755404647219,0.246461,-0.002991,10.035797
1755404647222,0.315853,-0.002991,9.734002
1755404647224,0.253639,-0.062812,9.992726
1755404647226,0.306281,-0.038883,9.765109
1755404647229,0.265603,-0.05324,9.927821
1755404647231,0.303888,-0.002991,9.870394
1755404647234,0.306281,0.013759,9.887143
1755404647236,0.260818,-0.072383,9.932607
1755404647239,0.291924,-0.048455,9.822537
1755404647241,0.299103,-0.050847,9.934999
1755404647244,0.291924,0.001795,9.832108
1755404647246,0.248854,0.001795,9.930214
1755404647249,0.323031,-0.043669,9.863214
1755404647250,0.265603,-0.026919,9.815358
1755404647253,0.263211,-0.010169,9.860822
1755404647256,0.284746,-0.012562,9.772287
1755404647258,0.234497,-0.026919,9.973584
1755404647260,0.339781,0.018544,9.710074
1755404647263,0.236889,-0.062812,10.019048
1755404647265,0.332602,-0.005384,9.729217
1755404647267,0.241675,-0.014955,10.117153
1755404647270,0.323031,0.013759,9.786645
1755404647273,0.246461,-0.029312,10.00469
1755404647275,0.320638,-0.05324,9.676575
1755404647277,0.239282,-0.067597,9.903893
1755404647280,0.315853,-0.041276,9.851251
1755404647282,0.320638,0.030508,9.887143
1755404647284,0.260818,0.020937,10.03819
1755404647287,0.270389,-0.026919,9.767502
1755404647289,0.282353,-0.101097,9.915857
1755404647291,0.308674,-0.072383,9.777073
1755404647294,0.311067,-0.031705,9.870394
1755404647296,0.289532,0.037687,10.05494
1755404647299,0.299103,0.078365,9.805787
1755404647301,0.267996,-0.10349,9.927821
1755404647303,0.311067,-0.14656,9.77468
1755404647305,0.277567,-0.014955,9.937392
1755404647308,0.277567,0.145364,10.033404
1755404647310,0.306281,0.061615,9.750752
1755404647313,0.239282,-0.134596,9.817751
1755404647317,0.323031,-0.108275,9.875179
1755404647318,0.294317,0.085543,9.906285
1755404647320,0.244068,0.035294,9.911072
1755404647322,0.299103,-0.055633,9.870394
1755404647324,0.315853,-0.060419,9.875179
1755404647327,0.222533,-0.022134,9.836894
1755404647329,0.263211,-0.012562,9.911072
1755404647332,0.327817,0.013759,9.84168
1755404647335,0.246461,-0.005384,9.952048
1755404647337,0.294317,-0.010169,9.848858
1755404647339,0.27996,-0.007777,9.846465
1755404647342,0.267996,-0.041276,9.91825
1755404647344,0.325424,-0.014955,9.80818
1755404647346,0.291924,-0.010169,9.961619
1755404647349,0.301496,0.00658,9.851251
1755404647351,0.282353,-0.012562,9.911072
1755404647353,0.29671,-0.014955,9.858429
1755404647356,0.246461,-0.014955,9.877572
1755404647358,0.275175,-0.017348,9.868001
1755404647361,0.277567,-0.010169,9.872787
1755404647363,0.260818,-0.050847,9.908679
1755404647366,0.31346,-0.019741,9.887143
1755404647368,0.272782,-0.019741,9.896714
1755404647370,0.311067,-0.048455,9.844072
1755404647373,0.299103,-0.038883,9.868001
1755404647376,0.325424,-0.010169,9.891929
1755404647377,0.284746,-0.007777,9.879965
1755404647380,0.282353,-0.017348,9.887143
1755404647383,0.272782,-0.029312,9.891929
1755404647385,0.299103,-0.026919,9.88475
1755404647387,0.260818,-0.019741,9.891929
1755404647389,0.284746,-0.002991,9.868001
1755404647392,0.301496,-0.036491,9.896714
1755404647394,0.301496,-0.055633,9.827323
1755404647397,0.195912,0.013759,9.829716
1755404647400,0.272782,-0.050847,9.870394
1755404647402,0.251246,-0.005384,9.860822
1755404647404,0.287139,-0.014955,9.939785
1755404647406,0.308674,-0.031705,9.839287
1755404647409,0.251246,0.008973,9.793823
1755404647411,0.31346,-0.026919,9.848858
1755404647413,0.27996,-0.031705,9.815358
1755404647416,0.282353,0.011366,9.923036
1755404647419,0.27996,-0.007777,9.863214
1755404647420,0.277567,-0.010169,9.84168
1755404647423,0.301496,-0.026919,9.865608
1755404647425,0.263211,-0.017348,9.877572
1755404647428,0.301496,-0.010169,9.9015
1755404647430,0.306281,-0.007777,9.891929
1755404647433,0.306281,0.001795,9.872787
1755404647435,0.291924,-0.026919,9.879965
1755404647438,0.306281,-0.031705,9.872787
1755404647440,0.311067,-0.036491,9.860822
1755404647442,0.270389,-0.026919,9.882358
1755404647444,0.31346,-0.041276,9.84168
1755404647447,0.277567,0.00658,9.870394
1755404647450,0.265603,-0.014955,9.870394
1755404647452,0.287139,-0.038883,9.865608
1755404647454,0.294317,-0.010169,9.887143
1755404647456,0.31346,-0.024526,9.858429
1755404647459,0.277567,-0.038883,9.915857
1755404647461,0.294317,-0.072383,9.789038
1755404647464,0.260818,-0.010169,9.987941
1755404647467,0.320638,0.001795,9.74836
1755404647469,0.251246,-0.038883,9.91825
1755404647471,0.311067,-0.036491,9.889536
1755404647473,0.287139,-0.017348,9.858429
1755404647476,0.301496,0.008973,10.062119
1755404647479,0.272782,0.030508,9.700503
1755404647480,0.29671,-0.079561,9.934999
1755404647483,0.27996,-0.093918,9.781859
1755404647486,0.291924,-0.010169,9.987941
1755404647488,0.263211,0.090329,10.033404
1755404647490,0.265603,0.042473,9.693324
1755404647492,0.215354,-0.160917,9.815358
1755404647495,0.284746,-0.077169,9.903893
1755404647497,0.287139,0.080758,9.923036
1755404647500,0.253639,0.008973,9.939785
1755404647502,0.284746,-0.129811,9.868001
1755404647504,0.306281,-0.031705,9.992726
1755404647507,0.270389,0.078365,9.834501
1755404647509,0.308674,-0.043669,9.750752
1755404647512,0.337388,-0.115454,9.882358
1755404647514,0.299103,-0.012562,9.964012
1755404647517,0.272782,0.068794,9.817751
1755404647519,0.27996,-0.10349,9.786645
1755404647521,0.327817,-0.110668,9.961619
1755404647525,0.320638,0.052044,9.944571
1755404647526,0.256032,0.083151,9.927821
1755404647528,0.291924,-0.093918,9.786645
1755404647531,0.270389,-0.096311,9.870394
1755404647533,0.282353,0.025723,10.05494
1755404647536,0.282353,0.090329,9.659825
1755404647538,0.272782,-0.084347,9.846465
1755404647540,0.337388,-0.113061,9.887143
1755404647543,0.294317,0.004187,9.870394
1755404647545,0.282353,0.05683,10.07169
1755404647547,0.303888,-0.043669,9.726824
1755404647550,0.256032,-0.08674,9.839287
1755404647553,0.251246,-0.017348,9.934999
1755404647555,0.306281,0.066401,9.798609
1755404647557,0.260818,-0.005384,9.987941
1755404647560,0.301496,-0.050847,9.757931
1755404647562,0.270389,-0.026919,9.906285
1755404647564,0.289532,0.004187,9.932607
1755404647567,0.311067,0.018544,9.801002
1755404647569,0.29671,-0.034098,9.947263
1755404647572,0.284746,-0.038883,9.810573
1755404647574,0.236889,-0.007777,9.937392
1755404647576,0.260818,-0.024526,9.832108
1755404647580,0.306281,-0.007777,9.820144
1755404647581,0.244068,-0.034098,9.956834
1755404647584,0.287139,0.011366,9.79143
1755404647587,0.224925,-0.007777,9.937392
1755404647588,0.258425,-0.024526,9.870394
1755404647591,0.265603,-0.041276,9.82493
1755404647593,0.244068,-0.010169,9.973584
1755404647595,0.31346,0.016152,9.765109
1755404647598,0.287139,-0.022134,9.939785
1755404647601,0.287139,-0.012562,9.846465
1755404647603,0.275175,-0.012562,9.844072
1755404647606,0.27996,-0.038883,10.007083
1755404647608,0.332602,-0.005384,9.741181
1755404647610,0.29671,-0.024526,10.045368
1755404647612,0.327817,-0.029312,9.731609
1755404647615,0.258425,-0.029312,9.913465
1755404647617,0.303888,-0.038883,9.927821
1755404647620,0.299103,0.042473,9.947263
1755404647623,0.258425,0.008973,9.980762
1755404647624,0.267996,-0.031705,9.633504
1755404647627,0.263211,-0.14656,9.882358
1755404647629,0.311067,-0.019741,9.932607
1755404647631,0.306281,0.121436,10.014262
1755404647634,0.241675,0.042473,9.920643
1755404647637,0.272782,-0.093918,9.643075
1755404647639,0.224925,-0.144168,9.865608
1755404647642,0.258425,-0.026919,9.983155
1755404647644,0.31346,0.097508,10.011869
1755404647646,0.224925,0.047258,9.889536
1755404647648,0.260818,-0.129811,9.686146
1755404647651,0.248854,-0.125025,9.798609
1755404647653,0.27996,0.025723,10.031012
1755404647656,0.318245,0.114257,9.968799
1755404647658,0.246461,-0.026919,9.88475
1755404647660,0.260818,-0.132203,9.726824
1755404647663,0.294317,-0.091525,9.84168
1755404647665,0.291924,0.054437,10.098011
1755404647667,0.320638,0.083151,9.836894
1755404647670,0.282353,-0.067597,9.891929
1755404647673,0.299103,-0.151346,9.762716
1755404647675,0.294317,-0.026919,9.889536
1755404647677,0.294317,0.140578,10.062119
1755404647679,0.282353,0.028116,9.743574
1755404647683,0.272782,-0.151346,9.832108
1755404647685,0.299103,-0.125025,9.863214
1755404647686,0.306281,0.049651,9.983155
1755404647689,0.248854,0.073579,10.026226
1755404647691,0.265603,-0.043669,9.710074
1755404647694,0.294317,-0.125025,9.836894
1755404647696,0.258425,-0.029312,9.896714
1755404647699,0.29671,0.078365,9.851251
1755404647701,0.251246,0.02333,9.961619
1755404647703,0.282353,-0.081954,9.812965
1755404647706,0.267996,-0.048455,9.896714
1755404647708,0.301496,0.008973,9.894321
1755404647711,0.27996,0.00658,9.891929
1755404647713,0.284746,-0.029312,9.868001
1755404647715,0.282353,-0.05324,9.879965
1755404647718,0.323031,-0.036491,9.863214
1755404647720,0.363709,-0.065204,10.00469
1755404647723,0.334995,-0.034098,9.952048
1755404647725,0.325424,-0.017348,9.803394
1755404647727,0.294317,-0.036491,9.810573
1755404647730,0.294317,-0.038883,9.882358
1755404647732,0.346959,-0.079561,9.767502
1755404647735,0.349352,-0.036491,10.088439
1755404647737,0.29671,-0.014955,9.868001
1755404647740,0.421137,-0.060419,10.229616
1755404647742,0.418744,-0.074776,10.083653
1755404647744,0.217747,0.035294,9.91825
1755404647746,0.275175,-0.000598,9.968799
1755404647749,0.20339,0.028116,9.966406
1755404647751,0.447458,-0.108275,10.141082
1755404647753,0.437887,-0.081954,10.13151
1755404647756,0.270389,-0.000598,9.908679
1755404647759,0.069093,0.052044,9.267103
1755404647761,0.356531,-0.074776,9.82493
1755404647764,0.468993,-0.041276,10.416256
1755404647765,0.27996,-0.005384,9.964012
1755404647768,0.169591,0.020937,9.705289
1755404647770,0.401994,-0.091525,10.007083
1755404647773,0.248854,-0.034098,9.640682
1755404647775,0.253639,-0.007777,9.846465
1755404647777,0.320638,-0.005384,9.961619
1755404647780,0.253639,-0.024526,9.631111
1755404647783,0.188734,-0.046062,9.408579
1755404647785,0.339781,-0.058026,9.956834
1755404647787,0.401994,-0.024526,10.200902
1755404647790,0.366102,-0.077169,10.028619
1755404647792,0.183948,0.016152,9.722038
1755404647794,0.19352,0.037687,9.635897
1755404647797,0.263211,-0.029312,9.942178
1755404647799,0.39003,-0.093918,9.848858
1755404647802,0.428315,-0.065204,10.289436
1755404647804,0.277567,-0.038883,9.803394
1755404647808,0.198604,-0.005384,9.638289
1755404647809,0.208176,0.02333,9.731609
1755404647811,0.301496,-0.017348,9.786645
1755404647814,0.282353,-0.031705,9.84168
1755404647816,0.232104,-0.012562,9.793823
1755404647819,0.27996,0.001795,9.858429
1755404647820,0.299103,-0.043669,9.882358
1755404647823,0.287139,-0.019741,9.853643
1755404647826,0.284746,-0.024526,9.911072
1755404647828,0.31346,0.011366,9.894321
1755404647830,0.260818,-0.014955,9.913465
1755404647833,0.246461,-0.029312,9.822537
1755404647835,0.27996,-0.041276,9.872787
1755404647837,0.289532,-0.019741,9.937392
1755404647840,0.289532,0.071186,9.877572
1755404647843,0.272782,-0.022134,9.80818
1755404647845,0.301496,-0.048455,9.908679
1755404647847,0.323031,-0.096311,9.853643
1755404647849,0.284746,-0.005384,9.789038
1755404647852,0.303888,0.061615,10.042975
1755404647854,0.327817,0.013759,9.903893
1755404647857,0.246461,-0.055633,9.827323
1755404647859,0.299103,-0.074776,9.765109
1755404647863,0.311067,-0.046062,9.961619
1755404647864,0.263211,0.049651,9.891929
1755404647866,0.287139,0.004187,9.812965
1755404647869,0.287139,-0.110668,9.920643
1755404647871,0.272782,-0.120239,9.836894
1755404647873,0.287139,-0.010169,9.74836
1755404647876,0.275175,0.071186,10.07169
1755404647878,0.308674,-0.005384,9.844072
1755404647881,0.282353,-0.065204,9.812965
1755404647883,0.246461,-0.055633,9.930214
1755404647888,0.315853,0.035294,9.992726
1755404647889,0.265603,0.037687,9.856036
1755404647891,0.270389,-0.06999,9.784252
1755404647893,0.272782,-0.096311,9.781859
1755404647895,0.29671,0.016152,10.059726
1755404647898,0.291924,0.049651,9.870394
1755404647900,0.263211,-0.058026,9.865608
1755404647902,0.239282,-0.067597,9.844072
1755404647904,0.282353,0.013759,9.803394
1755404647907,0.248854,0.018544,9.934999
1755404647910,0.284746,-0.058026,9.872787
1755404647912,0.287139,-0.029312,9.839287
1755404647914,0.291924,0.028116,10.028619
1755404647916,0.260818,-0.007777,9.71486
1755404647919,0.301496,-0.096311,9.930214
1755404647921,0.299103,-0.002991,9.827323
1755404647924,0.294317,-0.000598,9.846465
1755404647927,0.265603,-0.062812,9.949656
1755404647928,0.267996,-0.043669,9.817751
1755404647931,0.289532,0.008973,9.848858
1755404647933,0.229711,-0.029312,9.879965
1755404647936,0.263211,-0.036491,9.875179
1755404647938,0.282353,0.011366,9.863214
1755404647940,0.232104,-0.017348,9.851251
1755404647944,0.246461,-0.038883,9.887143
1755404647945,0.291924,0.02333,9.879965
1755404647948,0.244068,-0.026919,9.966406
1755404647950,0.27996,-0.026919,9.853643
1755404647953,0.332602,-0.000598,9.827323
1755404647955,0.248854,-0.041276,9.805787
1755404647958,0.306281,-0.007777,10.019048
1755404647961,0.325424,0.030508,9.832108
1755404647963,0.232104,-0.012562,9.952048
1755404647965,0.29671,0.02333,9.741181
1755404647968,0.251246,-0.065204,9.987941
1755404647969,0.284746,-0.017348,9.891929
1755404647972,0.311067,-0.041276,9.88475
1755404647974,0.256032,-0.000598,9.860822
1755404647977,0.284746,0.018544,9.82493
1755404647979,0.282353,-0.041276,9.789038
1755404647981,0.308674,-0.019741,9.959227
1755404647983,0.349352,-0.000598,9.858429
1755404647986,0.253639,-0.022134,9.937392
1755404647989,0.315853,0.004187,9.760324
1755404647991,0.246461,-0.060419,9.949656
1755404647993,0.294317,-0.014955,9.848858
1755404647996,0.342174,-0.014955,9.815358
1755404647998,0.253639,-0.026919,9.906285
1755404648001,0.327817,-0.000598,9.865608
1755404648003,0.263211,-0.041276,9.784252
1755404648005,0.277567,-0.012562,10.03819
1755404648008,0.277567,-0.036491,9.750752
1755404648010,0.263211,-0.034098,9.995119
1755404648012,0.287139,-0.005384,9.796216
1755404648015,0.263211,-0.034098,9.939785
1755404648017,0.27996,-0.026919,9.820144
1755404648020,0.260818,-0.014955,9.983155
1755404648022,0.31346,0.004187,9.77468
1755404648024,0.291924,-0.055633,9.923036
1755404648027,0.31346,0.001795,9.853643
1755404648029,0.267996,0.001795,9.879965
1755404648031,0.270389,-0.031705,9.937392
1755404648034,0.294317,0.020937,9.827323
1755404648036,0.217747,-0.022134,9.973584
1755404648039,0.315853,-0.000598,9.810573
1755404648041,0.275175,-0.019741,9.920643
1755404648044,0.272782,0.028116,9.858429
1755404648047,0.284746,-0.05324,9.879965
1755404648049,0.272782,-0.014955,9.865608
1755404648051,0.256032,-0.036491,9.882358
1755404648053,0.291924,-0.038883,9.868001
1755404648055,0.270389,0.001795,9.947263
1755404648058,0.291924,-0.010169,9.908679
1755404648060,0.224925,-0.017348,9.877572
1755404648063,0.263211,-0.034098,9.846465
1755404648065,0.260818,-0.036491,9.891929
1755404648068,0.253639,-0.034098,9.887143
1755404648070,0.267996,-0.026919,9.930214
1755404648072,0.275175,-0.002991,9.915857
1755404648075,0.272782,-0.012562,9.932607
1755404648077,0.289532,-0.026919,9.853643
1755404648080,0.284746,-0.031705,9.913465
1755404648084,0.267996,-0.012562,9.82493
1755404648085,0.31346,-0.029312,9.872787
1755404648087,0.284746,-0.029312,9.887143
1755404648089,0.289532,-0.043669,9.882358
1755404648092,0.29671,-0.031705,9.915857
1755404648094,0.27996,-0.002991,9.851251
1755404648096,0.277567,0.00658,9.9015
1755404648099,0.287139,0.001795,9.872787
1755404648101,0.267996,-0.034098,9.939785
1755404648104,0.270389,-0.019741,9.863214
1755404648106,0.284746,-0.022134,9.875179
1755404648108,0.275175,-0.022134,9.887143
1755404648110,0.253639,-0.029312,9.870394
1755404648113,0.265603,-0.036491,9.879965
1755404648115,0.27996,-0.029312,9.913465
1755404648118,0.27996,-0.024526,9.877572
1755404648121,0.315853,-0.017348,9.870394
1755404648122,0.29671,-0.019741,9.851251
1755404648125,0.272782,-0.002991,9.879965
1755404648127,0.277567,-0.014955,9.891929
1755404648131,0.27996,-0.010169,9.856036
1755404648132,0.270389,0.00658,9.860822
1755404648135,0.315853,-0.010169,9.896714
1755404648137,0.27996,-0.034098,9.868001
1755404648139,0.291924,-0.017348,9.875179
1755404648142,0.306281,-0.019741,9.906285
1755404648144,0.275175,-0.005384,9.875179
1755404648148,0.263211,-0.014955,9.896714
1755404648149,0.284746,-0.029312,9.868001
1755404648151,0.291924,-0.038883,9.882358
1755404648154,0.29671,-0.046062,9.894321
1755404648156,0.248854,-0.000598,9.877572
1755404648159,0.291924,-0.022134,9.88475
1755404648161,0.260818,-0.036491,9.879965
1755404648165,0.258425,-0.034098,9.88475
1755404648166,0.284746,-0.058026,9.896714
1755404648168,0.287139,-0.012562,9.903893
1755404648171,0.248854,-0.017348,9.88475
1755404648173,0.275175,-0.041276,9.906285
1755404648175,0.299103,0.008973,9.887143
1755404648178,0.284746,-0.000598,9.88475
1755404648181,0.291924,0.001795,9.891929
1755404648183,0.284746,-0.022134,9.896714
1755404648185,0.260818,-0.012562,9.877572
1755404648187,0.248854,-0.022134,9.860822
1755404648190,0.277567,0.016152,9.891929
1755404648192,0.272782,-0.007777,9.868001
1755404648195,0.260818,-0.034098,9.853643
1755404648197,0.258425,-0.024526,9.882358
1755404648200,0.27996,-0.048455,9.848858
1755404648203,0.284746,-0.048455,9.9015
1755404648204,0.263211,-0.024526,9.822537
1755404648206,0.258425,-0.010169,9.891929
1755404648209,0.306281,-0.026919,9.781859
1755404648212,0.251246,-0.038883,10.026226
1755404648213,0.337388,-0.019741,9.710074
1755404648216,0.224925,0.011366,10.064511
1755404648218,0.323031,0.004187,9.856036
1755404648221,0.215354,-0.014955,9.860822
1755404648223,0.318245,-0.062812,9.865608
1755404648226,0.27996,-0.046062,9.829716
1755404648228,0.289532,0.011366,10.00469
1755404648230,0.31346,0.020937,9.710074
1755404648233,0.239282,0.001795,10.126724
1755404648235,0.275175,-0.029312,9.777073
1755404648238,0.256032,-0.067597,9.844072
1755404648240,0.291924,-0.034098,9.810573
1755404648243,0.306281,-0.005384,9.975977
1755404648245,0.260818,0.018544,9.939785
1755404648247,0.308674,0.02333,9.971191
1755404648250,0.248854,-0.050847,9.812965
1755404648252,0.291924,-0.077169,9.664611
1755404648255,0.29671,-0.06999,9.927821
1755404648257,0.291924,0.004187,9.920643
1755404648259,0.337388,0.059222,10.011869
1755404648262,0.275175,-0.024526,9.827323
1755404648264,0.306281,-0.096311,9.710074
1755404648267,0.275175,-0.091525,9.949656
1755404648269,0.294317,0.064008,9.956834
1755404648271,0.342174,0.037687,9.738789
1755404648274,0.287139,-0.038883,10.011869
1755404648276,0.315853,-0.096311,9.741181
1755404648279,0.256032,-0.014955,9.872787
1755404648281,0.272782,0.042473,10.040583
1755404648284,0.318245,0.020937,9.698111
1755404648286,0.265603,-0.117847,9.987941
1755404648288,0.308674,-0.046062,9.863214
1755404648290,0.301496,0.090329,9.853643
1755404648294,0.277567,0.05683,9.966406
1755404648296,0.287139,-0.093918,9.798609
1755404648298,0.241675,-0.058026,9.966406
1755404648301,0.246461,0.020937,9.906285
1755404648302,0.301496,0.030508,9.755538
1755404648305,0.29671,-0.093918,9.815358
1755404648307,0.284746,-0.062812,9.954441
1755404648309,0.282353,0.052044,9.887143
1755404648312,0.260818,0.001795,9.942178
1755404648314,0.289532,-0.079561,9.848858
1755404648317,0.277567,0.004187,9.848858
1755404648321,0.270389,0.016152,9.927821
1755404648322,0.272782,-0.060419,9.839287
1755404648326,0.311067,-0.055633,10.016655
1755404648327,0.284746,0.025723,9.860822
1755404648329,0.27996,-0.007777,9.736395
1755404648331,0.294317,-0.081954,9.784252
1755404648335,0.267996,-0.058026,10.00469
1755404648336,0.267996,0.066401,9.781859
1755404648339,0.272782,-0.019741,9.983155
1755404648341,0.291924,-0.05324,9.856036
1755404648343,0.291924,0.032901,9.846465
1755404648345,0.251246,0.049651,10.047761
1755404648348,0.291924,-0.065204,9.705289
1755404648351,0.282353,-0.041276,9.997512
1755404648353,0.284746,0.032901,9.887143
1755404648355,0.275175,0.02333,9.755538
1755404648357,0.267996,-0.108275,9.925428
1755404648360,0.270389,-0.019741,9.987941
1755404648362,0.27996,0.025723,9.839287
1755404648364,0.29671,-0.002991,9.932607
1755404648367,0.315853,-0.117847,9.796216
1755404648370,0.29671,0.001795,9.959227
1755404648372,0.253639,0.025723,9.9015
1755404648375,0.33021,-0.031705,9.734002
1755404648376,0.270389,-0.08674,9.868001
1755404648379,0.267996,0.02333,9.966406
1755404648381,0.303888,0.05683,9.846465
1755404648384,0.267996,-0.005384,9.894321
1755404648386,0.27996,-0.115454,9.812965
1755404648389,0.284746,-0.002991,9.975977
1755404648391,0.246461,0.061615,9.860822
1755404648393,0.289532,-0.024526,9.79143
1755404648396,0.301496,-0.098704,9.79143
1755404648399,0.272782,-0.017348,10.047761
1755404648400,0.282353,0.028116,9.77468
1755404648403,0.287139,-0.077169,9.887143
1755404648406,0.277567,-0.024526,9.834501
1755404648408,0.284746,0.030508,9.88475
1755404648410,0.277567,0.008973,9.932607
1755404648413,0.315853,-0.055633,9.882358
1755404648415,0.301496,-0.024526,9.772287
1755404648417,0.229711,0.044865,9.927821
1755404648420,0.277567,-0.096311,9.894321
1755404648424,0.33021,-0.055633,10.023833
1755404648425,0.277567,0.020937,9.738789
1755404648427,0.308674,-0.038883,9.832108
1755404648430,0.284746,-0.043669,10.050154
1755404648432,0.29671,0.013759,9.798609
1755404648434,0.256032,0.008973,9.798609
1755404648436,0.29671,-0.036491,10.047761
1755404648439,0.306281,0.001795,9.762716
1755404648442,0.248854,-0.026919,9.853643
1755404648444,0.275175,-0.010169,9.961619
1755404648446,0.323031,-0.012562,9.82493
1755404648448,0.260818,-0.024526,9.908679
1755404648451,0.323031,-0.012562,9.858429
1755404648453,0.263211,-0.017348,9.911072
1755404648456,0.277567,-0.038883,9.856036
1755404648458,0.270389,-0.055633,9.911072
1755404648461,0.265603,0.001795,9.836894
1755404648463,0.260818,-0.007777,9.913465
1755404648465,0.289532,-0.022134,9.915857
1755404648468,0.31346,-0.002991,9.882358
1755404648471,0.284746,-0.005384,9.851251
1755404648473,0.27996,-0.010169,9.88475
1755404648475,0.29671,-0.019741,9.872787
1755404648478,0.246461,-0.031705,9.952048
1755404648482,0.27996,-0.000598,9.863214
1755404648484,0.31346,-0.014955,9.846465
1755404648486,0.265603,-0.034098,9.872787
1755404648487,0.308674,0.00658,9.937392
1755404648491,0.284746,0.028116,9.851251
1755404648493,0.256032,-0.031705,9.908679
1755404648494,0.289532,-0.024526,9.812965
1755404648497,0.246461,0.008973,9.863214
1755404648499,0.275175,-0.026919,9.923036
1755404648502,0.294317,-0.005384,9.865608
1755404648504,0.20339,-0.046062,9.875179
1755404648506,0.270389,0.018544,9.839287
1755404648508,0.275175,0.001795,10.03819
1755404648511,0.239282,0.032901,9.80818
1755404648513,0.277567,-0.019741,9.832108
1755404648516,0.248854,-0.055633,9.889536
1755404648519,0.301496,-0.029312,9.903893
1755404648522,0.282353,0.020937,9.827323
1755404648524,0.27996,-0.014955,10.014262
1755404648525,0.327817,-0.017348,9.734002
1755404648527,0.256032,-0.022134,9.82493
1755404648530,0.234497,-0.026919,9.927821
1755404648532,0.301496,0.020937,9.952048
1755404648535,0.229711,-0.000598,9.829716
1755404648540,0.244068,-0.048455,9.88475
1755404648542,0.31346,-0.026919,9.964012
1755404648543,0.267996,0.001795,9.805787
1755404648544,0.241675,-0.046062,9.887143
1755404648547,0.346959,-0.019741,9.971191
1755404648549,0.29671,0.001795,9.832108
1755404648551,0.248854,-0.074776,9.827323
1755404648554,0.344566,-0.041276,9.973584
1755404648557,0.320638,0.004187,9.863214
1755404648559,0.22014,-0.034098,9.911072
1755404648561,0.306281,-0.05324,9.856036
1755404648563,0.308674,0.02333,9.872787
1755404648566,0.244068,0.035294,9.944571
1755404648568,0.277567,-0.036491,9.836894
1755404648571,0.282353,-0.002991,9.84168
1755404648573,0.260818,-0.012562,9.980762
1755404648575,0.267996,-0.036491,9.848858
1755404648579,0.344566,0.02333,9.798609
1755404648580,0.275175,0.042473,9.975977
1755404648583,0.27996,-0.017348,9.875179
1755404648585,0.318245,-0.010169,9.79143
1755404648587,0.227318,0.02333,9.990334
1755404648590,0.277567,-0.05324,9.815358
1755404648592,0.320638,-0.010169,9.920643
1755404648595,0.267996,0.02333,9.896714
1755404648597,0.246461,-0.050847,9.820144
1755404648600,0.315853,-0.031705,10.031012
1755404648602,0.291924,0.016152,9.753145
1755404648606,0.22014,-0.026919,9.844072
1755404648608,0.323031,-0.050847,9.987941
1755404648609,0.315853,0.008973,9.836894
1755404648611,0.253639,-0.026919,9.74836
1755404648614,0.277567,-0.077169,9.91825
1755404648616,0.31346,-0.029312,9.954441
1755404648619,0.256032,-0.022134,9.757931
1755404648621,0.239282,-0.06999,9.846465
1755404648623,0.287139,-0.046062,9.990334
1755404648626,0.275175,0.018544,9.827323
1755404648628,0.258425,-0.005384,9.964012
1755404648631,0.318245,-0.093918,9.84168
1755404648633,0.282353,-0.002991,9.920643
1755404648635,0.263211,0.04008,9.872787
1755404648638,0.263211,-0.005384,9.777073
1755404648641,0.270389,-0.084347,9.930214
1755404648645,0.267996,-0.058026,9.899107
1755404648647,0.308674,0.04008,9.834501
1755404648648,0.265603,0.037687,10.00469
1755404648650,0.303888,-0.050847,9.798609
1755404648652,0.246461,-0.089133,9.91825
1755404648654,0.270389,-0.026919,9.815358
1755404648657,0.277567,0.00658,9.923036
1755404648660,0.31346,0.00658,9.920643
1755404648662,0.284746,-0.000598,9.839287
1755404648664,0.306281,-0.029312,9.911072
1755404648667,0.291924,0.004187,9.801002
1755404648669,0.270389,-0.017348,9.927821
1755404648671,0.287139,0.001795,9.84168
1755404648675,0.318245,0.020937,9.9015
1755404648676,0.246461,-0.031705,9.872787
1755404648679,0.272782,-0.017348,9.870394
1755404648681,0.272782,-0.029312,9.908679
1755404648684,0.301496,-0.017348,9.875179
1755404648686,0.272782,-0.010169,9.894321
1755404648688,0.284746,-0.010169,9.879965
1755404648691,0.277567,-0.046062,9.891929
1755404648693,0.265603,-0.026919,9.870394
1755404648695,0.277567,0.004187,9.887143
1755404648698,0.291924,-0.026919,9.889536
1755404648701,0.291924,-0.034098,9.856036
1755404648703,0.294317,-0.022134,9.877572
1755404648706,0.275175,-0.012562,9.887143
1755404648709,0.284746,-0.05324,9.877572
1755404648710,0.31346,-0.036491,9.889536
1755404648712,0.287139,-0.019741,9.870394
1755404648715,0.303888,-0.048455,9.875179
1755404648717,0.275175,-0.019741,9.882358
1755404648719,0.284746,-0.022134,9.868001
1755404648722,0.308674,-0.024526,9.863214
1755404648726,0.263211,-0.007777,9.899107
1755404648727,0.272782,-0.007777,9.868001
1755404648729,0.289532,-0.002991,9.865608
1755404648731,0.29671,-0.010169,9.887143
1755404648734,0.260818,-0.036491,9.911072
1755404648736,0.282353,-0.012562,9.896714
1755404648738,0.291924,-0.029312,9.889536
1755404648742,0.275175,-0.014955,9.894321
1755404648743,0.265603,-0.031705,9.88475
1755404648746,0.27996,-0.019741,9.891929
1755404648748,0.308674,-0.017348,9.853643
1755404648751,0.311067,-0.046062,9.863214
1755404648753,0.287139,-0.034098,9.872787
1755404648755,0.277567,-0.019741,9.84168
1755404648758,0.256032,-0.031705,9.865608
1755404648761,0.277567,0.004187,9.882358
1755404648762,0.287139,0.020937,9.856036
1755404648765,0.31346,-0.010169,9.899107
1755404648767,0.287139,-0.026919,9.868001
1755404648770,0.263211,-0.010169,9.88475
1755404648772,0.263211,-0.022134,9.863214
1755404648775,0.284746,-0.005384,9.915857
1755404648778,0.275175,-0.012562,9.851251
1755404648780,0.277567,-0.043669,9.913465
1755404648784,0.275175,-0.043669,9.868001
1755404648785,0.284746,-0.031705,9.846465
1755404648786,0.272782,0.008973,9.88475
1755404648789,0.248854,-0.024526,9.868001
1755404648791,0.265603,-0.005384,9.863214
1755404648794,0.267996,-0.014955,9.894321
1755404648796,0.275175,-0.002991,9.877572
1755404648798,0.253639,0.011366,9.872787
1755404648801,0.323031,-0.017348,9.872787
1755404648803,0.284746,-0.002991,9.879965
1755404648805,0.323031,-0.036491,9.91825
1755404648809,0.320638,-0.002991,9.860822
1755404648811,0.306281,-0.010169,9.865608
1755404648813,0.289532,-0.026919,9.858429
1755404648815,0.289532,-0.014955,9.887143
1755404648818,0.289532,-0.065204,9.899107
1755404648820,0.272782,-0.055633,9.889536
1755404648823,0.272782,0.004187,9.863214
1755404648825,0.284746,-0.017348,9.88475
1755404648828,0.253639,-0.014955,9.887143
1755404648830,0.270389,-0.014955,9.872787
1755404648832,0.291924,-0.010169,9.875179
1755404648834,0.287139,0.008973,9.911072
1755404648837,0.289532,-0.034098,9.908679
1755404648839,0.270389,-0.012562,9.858429
1755404648842,0.284746,-0.012562,9.882358
1755404648845,0.258425,-0.029312,9.856036
1755404648846,0.272782,-0.022134,9.894321
1755404648849,0.241675,-0.029312,9.872787
1755404648851,0.282353,0.00658,9.872787
1755404648853,0.287139,-0.000598,9.88475
1755404648856,0.270389,-0.017348,9.894321
1755404648858,0.244068,-0.019741,9.875179
1755404648861,0.27996,-0.038883,9.853643
1755404648864,0.258425,-0.010169,9.860822
1755404648865,0.284746,-0.022134,9.889536
1755404648868,0.291924,-0.014955,9.863214
1755404648870,0.282353,-0.038883,9.853643
1755404648873,0.256032,-0.007777,9.858429
1755404648875,0.27996,-0.014955,9.858429
1755404648878,0.277567,-0.036491,9.88475
1755404648880,0.277567,-0.000598,9.91825
1755404648883,0.29671,-0.048455,9.872787
1755404648884,0.27996,-0.012562,9.879965
1755404648887,0.287139,-0.012562,9.865608
1755404648889,0.275175,-0.019741,9.860822
1755404648892,0.284746,-0.022134,9.856036
1755404648894,0.287139,-0.024526,9.868001
1755404648897,0.277567,-0.007777,9.865608
1755404648899,0.260818,-0.022134,9.870394
1755404648901,0.267996,-0.024526,9.9015
1755404648904,0.251246,-0.022134,9.875179
1755404648906,0.241675,0.00658,9.899107
1755404648909,0.294317,-0.010169,9.894321
1755404648912,0.277567,-0.031705,9.853643
1755404648914,0.282353,-0.024526,9.879965
1755404648916,0.301496,-0.005384,9.877572
1755404648919,0.27996,-0.024526,9.865608
1755404648921,0.258425,-0.034098,9.875179
1755404648923,0.275175,-0.038883,9.863214
1755404648925,0.294317,-0.065204,9.889536
1755404648928,0.275175,-0.017348,9.882358
1755404648930,0.301496,-0.022134,9.879965
1755404648933,0.294317,-0.024526,9.889536
1755404648935,0.29671,-0.038883,9.863214
1755404648937,0.287139,-0.012562,9.872787
1755404648940,0.284746,-0.014955,9.856036
1755404648942,0.277567,0.00658,9.896714
1755404648945,0.318245,-0.000598,9.896714
1755404648947,0.277567,-0.019741,9.872787
1755404648950,0.267996,-0.041276,9.879965
1755404648952,0.275175,-0.046062,9.868001
1755404648954,0.265603,-0.026919,9.891929
1755404648956,0.29671,-0.007777,9.870394
1755404648959,0.284746,-0.005384,9.875179
1755404648961,0.318245,0.02333,9.887143
1755404648965,0.291924,0.018544,9.879965
1755404648966,0.260818,-0.012562,9.875179
1755404648968,0.258425,-0.031705,9.887143
1755404648971,0.265603,-0.029312,9.894321
1755404648973,0.294317,-0.019741,9.887143
1755404648976,0.282353,-0.031705,9.891929
1755404648978,0.311067,-0.022134,9.88475
1755404648981,0.275175,0.008973,9.88475
1755404648983,0.275175,-0.017348,9.875179
1755404648986,0.275175,-0.017348,9.889536
1755404648988,0.287139,-0.034098,9.88475
1755404648990,0.275175,-0.022134,9.899107
1755404648993,0.270389,-0.017348,9.879965
1755404648995,0.272782,-0.012562,9.875179
1755404648998,0.294317,-0.017348,9.882358
1755404649000,0.29671,-0.036491,9.875179
1755404649002,0.303888,-0.041276,9.863214
1755404649004,0.287139,-0.041276,9.9015
1755404649007,0.289532,-0.000598,9.877572
1755404649009,0.248854,-0.019741,9.877572
1755404649012,0.299103,-0.050847,9.870394
1755404649015,0.306281,-0.024526,9.875179
1755404649016,0.282353,-0.007777,10.00469
1755404649020,0.303888,0.028116,9.827323
1755404649021,0.270389,-0.000598,9.903893
1755404649023,0.256032,-0.017348,9.789038
1755404649027,0.342174,-0.034098,9.887143
1755404649028,0.256032,0.011366,9.839287
1755404649031,0.306281,-0.017348,9.91825
1755404649033,0.27996,-0.022134,9.834501
1755404649037,0.311067,-0.05324,9.920643
1755404649038,0.275175,0.025723,9.793823
1755404649041,0.270389,-0.06999,9.939785
1755404649043,0.303888,0.030508,9.777073
1755404649045,0.284746,-0.060419,9.987941
1755404649049,0.299103,0.011366,9.762716
1755404649050,0.306281,-0.065204,10.002297
1755404649052,0.320638,0.013759,9.793823
1755404649055,0.29671,-0.06999,9.971191
1755404649057,0.275175,0.00658,9.803394
1755404649060,0.306281,-0.031705,9.971191
1755404649062,0.267996,0.00658,9.844072
1755404649065,0.306281,-0.050847,9.829716
1755404649068,0.239282,-0.010169,9.894321
1755404649069,0.320638,-0.043669,9.810573
1755404649072,0.241675,-0.031705,9.9015
1755404649074,0.337388,-0.029312,9.899107
1755404649076,0.27996,-0.000598,9.848858
1755404649079,0.265603,-0.034098,9.947263
1755404649081,0.299103,-0.026919,9.80818
1755404649084,0.289532,-0.031705,9.930214
1755404649086,0.287139,-0.017348,9.915857
1755404649089,0.363709,-0.081954,9.980762
1755404649091,0.164806,0.028116,9.580862
1755404649093,0.29671,0.001795,9.947263
1755404649095,0.263211,-0.031705,9.784252
1755404649098,0.272782,-0.017348,9.88475
1755404649100,0.368495,-0.072383,9.879965
1755404649103,0.301496,0.064008,10.165009
1755404649105,0.311067,-0.031705,9.894321
1755404649108,0.349352,-0.041276,10.064511
1755404649110,0.258425,-0.010169,9.755538
1755404649112,0.227318,0.001795,9.755538
1755404649116,0.303888,0.016152,9.952048
1755404649117,0.308674,-0.017348,9.997512
1755404649119,0.380459,-0.089133,9.851251
1755404649122,0.387637,-0.034098,10.133903
1755404649124,0.301496,0.018544,9.875179
1755404649127,0.215354,0.028116,9.853643
1755404649129,0.267996,-0.014955,9.79143
1755404649131,0.244068,-0.005384,9.786645
1755404649134,0.272782,-0.034098,9.772287
1755404649136,0.299103,-0.026919,9.999905
1755404649139,0.31346,-0.029312,9.846465
1755404649141,0.133699,0.044865,9.834501
1755404649143,0.325424,-0.031705,10.129117
1755404649146,0.284746,-0.026919,9.753145
1755404649148,0.342174,-0.050847,9.911072
1755404649151,0.368495,-0.024526,10.224831
1755404649153,0.289532,-0.024526,9.923036
1755404649155,0.461815,-0.084347,10.143475
1755404649158,0.198604,0.032901,9.741181
1755404649160,0.282353,-0.019741,9.896714
1755404649162,0.361316,-0.041276,10.119546
1755404649165,0.351745,-0.038883,9.872787
1755404649167,0.256032,0.008973,9.829716
1755404649170,0.272782,-0.000598,9.985548
1755404649172,0.320638,-0.038883,9.853643
1755404649175,0.318245,-0.017348,10.007083
1755404649177,0.332602,-0.048455,9.980762
1755404649179,0.320638,-0.026919,9.88475
1755404649182,0.229711,0.013759,9.868001
1755404649184,0.291924,-0.007777,9.860822
1755404649187,0.270389,-0.005384,9.789038
1755404649190,0.270389,-0.041276,9.848858
1755404649191,0.260818,-0.012562,9.805787
1755404649194,0.294317,-0.050847,9.875179
1755404649196,0.260818,-0.017348,9.872787
1755404649198,0.311067,-0.014955,9.903893
1755404649202,0.287139,-0.036491,9.911072
1755404649204,0.308674,-0.017348,9.853643
1755404649206,0.311067,-0.072383,9.734002
1755404649208,0.224925,-0.019741,10.088439
1755404649211,0.409173,0.092722,9.705289
1755404649213,0.140877,-0.110668,10.026226
1755404649215,0.325424,-0.010169,9.879965
1755404649218,0.325424,-0.031705,9.690931
1755404649220,0.140877,-0.074776,10.121939
1755404649223,0.454636,0.102293,9.736395
1755404649225,0.222533,-0.10349,9.959227
1755404649227,0.306281,-0.002991,9.925428
1755404649230,0.39003,-0.034098,9.707682
1755404649232,0.17677,-0.084347,10.083653
1755404649235,0.401994,0.090329,9.779466
1755404649237,0.246461,-0.10349,9.966406
1755404649239,0.248854,0.028116,9.927821
1755404649243,0.385244,-0.036491,9.688539
1755404649244,0.167198,-0.067597,10.088439
1755404649246,0.433101,0.071186,9.686146
1755404649249,0.19352,-0.08674,10.019048
1755404649252,0.287139,0.001795,9.891929
1755404649254,0.339781,-0.074776,9.719646
1755404649256,0.162413,-0.038883,10.078868
1755404649258,0.454636,0.042473,9.640682
1755404649261,0.112164,-0.079561,10.112368
1755404649263,0.351745,0.059222,9.753145
1755404649266,0.234497,-0.089133,9.925428
1755404649268,0.244068,-0.000598,9.91825
1755404649272,0.385244,-0.022134,9.719646
1755404649273,0.148056,-0.024526,10.109975
1755404649275,0.409173,0.028116,9.662218
1755404649278,0.133699,-0.067597,10.124331
1755404649280,0.39003,0.008973,9.686146
1755404649282,0.227318,-0.024526,9.985548
1755404649285,0.315853,0.001795,9.793823
1755404649287,0.291924,-0.012562,9.915857
1755404649290,0.270389,-0.029312,9.891929
1755404649292,0.263211,0.011366,9.846465
1755404649295,0.284746,-0.024526,9.872787
1755404649297,0.263211,0.02333,9.894321
1755404649299,0.306281,-0.010169,9.827323
1755404649301,0.241675,-0.029312,9.930214
1755404649304,0.308674,0.008973,9.827323
1755404649306,0.29671,-0.026919,9.939785
1755404649309,0.260818,0.011366,9.868001
1755404649311,0.301496,0.00658,9.827323
1755404649314,0.308674,-0.002991,9.906285
1755404649316,0.315853,0.008973,9.815358
1755404649318,0.244068,-0.06999,9.930214
1755404649322,0.284746,-0.038883,9.860822
1755404649324,0.277567,-0.029312,9.846465
1755404649325,0.236889,-0.034098,9.903893
1755404649328,0.308674,-0.007777,9.851251
1755404649330,0.267996,-0.072383,9.899107
1755404649332,0.260818,0.020937,9.88475
1755404649335,0.315853,-0.012562,9.913465
1755404649338,0.270389,0.001795,9.913465
1755404649340,0.325424,-0.007777,9.817751
1755404649342,0.244068,-0.041276,9.91825
1755404649345,0.318245,0.011366,9.846465
1755404649347,0.291924,-0.010169,9.913465
1755404649349,0.272782,-0.024526,9.877572
1755404649352,0.311067,-0.026919,9.820144
1755404649355,0.282353,-0.026919,9.899107
1755404649357,0.294317,0.00658,9.846465
1755404649360,0.277567,-0.010169,9.894321
1755404649362,0.284746,0.004187,9.865608
1755404649364,0.301496,-0.046062,9.872787
1755404649366,0.267996,-0.026919,9.882358
1755404649368,0.332602,-0.046062,9.789038
1755404649372,0.258425,-0.065204,9.930214
1755404649373,0.323031,0.05683,9.959227
1755404649376,0.291924,-0.022134,9.757931
1755404649378,0.244068,-0.08674,10.045368
1755404649380,0.358923,0.032901,9.717253
1755404649383,0.181555,-0.072383,9.875179
1755404649385,0.318245,0.008973,10.016655
1755404649388,0.337388,-0.024526,9.74836
1755404649390,0.244068,-0.038883,10.011869
1755404649393,0.397209,0.018544,9.781859
1755404649395,0.212961,-0.043669,9.853643
1755404649397,0.27996,0.016152,9.932607
1755404649400,0.299103,-0.05324,9.980762
1755404649402,0.210568,0.018544,9.80818
1755404649405,0.346959,0.00658,9.767502
1755404649407,0.258425,-0.055633,10.098011
1755404649409,0.334995,0.042473,9.729217
1755404649412,0.191127,-0.048455,9.891929
1755404649414,0.294317,0.013759,9.891929
1755404649416,0.291924,-0.022134,9.927821
1755404649419,0.260818,0.047258,9.832108
1755404649422,0.325424,-0.026919,9.755538
1755404649424,0.224925,-0.060419,10.069297
1755404649426,0.346959,0.013759,9.815358
1755404649429,0.186341,-0.055633,9.879965
1755404649431,0.315853,0.00658,9.738789
1755404649434,0.244068,-0.060419,10.184153
1755404649436,0.332602,0.020937,9.729217
1755404649439,0.244068,-0.007777,9.686146
1755404649441,0.289532,-0.007777,9.985548
1755404649443,0.287139,-0.060419,9.983155
1755404649445,0.267996,0.004187,9.769895
1755404649447,0.29671,-0.010169,9.757931
1755404649450,0.251246,0.004187,10.050154
1755404649452,0.327817,0.004187,9.784252
1755404649455,0.217747,-0.048455,9.872787
1755404649457,0.334995,0.008973,9.84168
1755404649460,0.241675,-0.05324,10.220045
1755404649462,0.382852,0.018544,9.628718
1755404649464,0.215354,-0.05324,9.79143
1755404649467,0.301496,-0.014955,9.937392
1755404649469,0.284746,-0.074776,10.07169
1755404649472,0.256032,-0.026919,9.769895
1755404649474,0.325424,-0.019741,9.68136
1755404649476,0.215354,-0.043669,10.07169
1755404649479,0.37328,0.004187,9.879965
1755404649481,0.244068,-0.034098,10.066904
1755404649483,0.342174,0.035294,9.635897
1755404649486,0.246461,-0.043669,9.877572
1755404649488,0.284746,-0.005384,9.952048
1755404649491,0.291924,-0.043669,9.803394
1755404649495,0.212961,-0.029312,9.927821
1755404649496,0.370888,0.02333,9.777073
1755404649498,0.229711,-0.058026,10.081261
1755404649500,0.354138,0.013759,9.698111
1755404649503,0.212961,-0.081954,9.899107
1755404649505,0.277567,0.025723,9.863214
1755404649507,0.342174,-0.012562,9.803394
1755404649510,0.215354,-0.074776,10.081261
1755404649513,0.392423,0.037687,9.633504
1755404649515,0.200997,-0.096311,10.035797
1755404649517,0.342174,0.061615,9.815358
1755404649519,0.318245,-0.048455,9.829716
1755404649522,0.244068,-0.026919,10.014262
1755404649525,0.37328,0.047258,9.671789
1755404649527,0.171984,-0.072383,10.150653
1755404649529,0.358923,0.054437,9.700503
1755404649531,0.251246,-0.067597,9.961619
1755404649534,0.27996,0.030508,9.853643
1755404649536,0.318245,-0.024526,9.836894
1755404649539,0.22014,-0.010169,9.911072
1755404649541,0.308674,0.02333,9.817751
1755404649544,0.263211,-0.005384,9.91825
1755404649546,0.277567,-0.002991,9.851251
1755404649548,0.303888,-0.038883,9.863214
1755404649550,0.267996,-0.019741,9.889536
1755404649553,0.29671,0.001795,9.870394
1755404649556,0.282353,-0.034098,9.927821
1755404649558,0.284746,-0.010169,9.879965
1755404649561,0.263211,-0.002991,9.870394
1755404649563,0.270389,-0.012562,9.911072
1755404649565,0.299103,-0.017348,9.858429
1755404649567,0.227318,-0.046062,9.927821
1755404649570,0.287139,-0.019741,9.832108
1755404649572,0.251246,-0.041276,9.913465
1755404649575,0.29671,-0.005384,9.887143
1755404649577,0.27996,-0.002991,9.882358
1755404649579,0.272782,-0.005384,9.889536
1755404649582,0.294317,-0.048455,9.848858
1755404649584,0.277567,-0.055633,9.899107
1755404649586,0.299103,-0.005384,9.887143
1755404649589,0.29671,-0.005384,9.88475
1755404649592,0.291924,-0.048455,9.915857
1755404649594,0.320638,-0.010169,9.88475
1755404649597,0.265603,-0.029312,9.913465
1755404649598,0.267996,-0.034098,9.889536
1755404649601,0.27996,-0.041276,9.856036
1755404649603,0.270389,-0.000598,9.899107
1755404649606,0.315853,-0.024526,9.856036
1755404649608,0.260818,-0.019741,9.894321
1755404649611,0.318245,-0.005384,9.863214
1755404649614,0.270389,-0.043669,9.875179
1755404649615,0.27996,-0.043669,9.887143
1755404649618,0.344566,-0.005384,9.911072
1755404649620,0.246461,-0.029312,9.891929
1755404649623,0.299103,0.001795,9.839287
1755404649625,0.267996,-0.05324,9.872787
1755404649628,0.301496,-0.046062,9.91825
1755404649630,0.260818,-0.014955,9.860822
1755404649632,0.263211,-0.062812,9.844072
1755404649634,0.284746,0.028116,10.052547
1755404649637,0.315853,0.095115,9.79143
1755404649639,0.256032,-0.134596,9.851251
1755404649643,0.349352,-0.041276,9.915857
1755404649645,0.315853,0.073579,9.705289
1755404649647,0.14327,-0.055633,10.074082
1755404649649,0.378066,0.059222,9.827323
1755404649651,0.236889,-0.050847,9.796216
1755404649654,0.217747,-0.077169,9.975977
1755404649656,0.401994,0.049651,9.750752
1755404649658,0.183948,-0.062812,9.983155
1755404649661,0.277567,0.030508,9.875179
1755404649663,0.327817,-0.026919,9.741181
1755404649666,0.215354,-0.065204,10.011869
1755404649668,0.356531,0.047258,9.757931
1755404649670,0.239282,-0.055633,9.959227
1755404649673,0.294317,-0.010169,9.844072
1755404649675,0.327817,-0.038883,9.726824
1755404649678,0.200997,-0.079561,10.086046
1755404649680,0.351745,0.044865,9.812965
1755404649683,0.236889,-0.077169,9.872787
1755404649685,0.263211,-0.036491,9.9015
1755404649687,0.337388,-0.012562,9.741181
1755404649690,0.191127,-0.065204,10.040583
1755404649692,0.358923,0.047258,9.839287
1755404649694,0.275175,-0.05324,9.815358
1755404649697,0.234497,-0.031705,9.913465
1755404649699,0.368495,-0.012562,9.836894
1755404649701,0.22014,-0.048455,10.042975
1755404649704,0.351745,0.049651,9.839287
1755404649706,0.303888,-0.079561,9.80818
1755404649709,0.265603,-0.038883,9.925428
1755404649711,0.327817,0.037687,9.868001
1755404649714,0.200997,-0.046062,10.007083
1755404649716,0.323031,0.00658,9.798609
1755404649719,0.241675,-0.048455,9.810573
1755404649721,0.239282,-0.026919,9.947263
1755404649723,0.363709,0.020937,9.896714
1755404649725,0.241675,-0.055633,9.990334
1755404649728,0.351745,0.037687,9.743574
1755404649731,0.287139,-0.022134,9.856036
1755404649733,0.251246,0.001795,9.959227
1755404649735,0.323031,0.004187,9.870394
1755404649737,0.224925,-0.046062,9.987941
1755404649740,0.323031,0.008973,9.676575
1755404649742,0.251246,-0.065204,9.858429
1755404649745,0.272782,0.00658,9.959227
1755404649747,0.344566,0.016152,9.899107
1755404649750,0.253639,-0.029312,10.026226
1755404649752,0.356531,0.02333,9.643075
1755404649754,0.267996,-0.072383,9.872787
1755404649757,0.291924,-0.014955,9.971191
1755404649759,0.323031,-0.026919,9.820144
1755404649762,0.200997,-0.019741,9.985548
1755404649764,0.394816,0.035294,9.717253
1755404649767,0.20339,-0.058026,9.990334
1755404649769,0.327817,0.008973,9.846465
1755404649771,0.33021,-0.05324,9.779466
1755404649773,0.234497,-0.043669,9.983155
1755404649776,0.337388,-0.010169,9.817751
1755404649780,0.20339,-0.091525,10.081261
1755404649781,0.363709,0.049651,9.705289
1755404649783,0.29671,-0.058026,9.999905
1755404649786,0.303888,0.020937,9.839287
1755404649788,0.33021,-0.022134,9.769895
1755404649790,0.244068,-0.012562,10.014262
1755404649793,0.370888,0.004187,9.707682
1755404649796,0.198604,-0.05324,10.07169
1755404649798,0.378066,0.028116,9.743574
1755404649802,0.258425,-0.084347,10.057333
1755404649804,0.332602,0.008973,9.767502
1755404649805,0.258425,-0.05324,9.968799
1755404649807,0.27996,-0.007777,9.793823
1755404649809,0.270389,-0.055633,9.956834
1755404649812,0.29671,0.011366,9.803394
1755404649815,0.234497,-0.031705,9.990334
1755404649817,0.33021,0.018544,9.765109
1755404649819,0.253639,-0.067597,9.992726
1755404649821,0.301496,-0.029312,9.77468
1755404649824,0.277567,-0.072383,10.002297
1755404649826,0.291924,0.008973,9.786645
1755404649829,0.308674,-0.043669,9.927821
1755404649831,0.282353,0.011366,9.810573
1755404649835,0.282353,-0.002991,9.971191
1755404649836,0.265603,0.004187,9.803394
1755404649838,0.251246,-0.014955,10.009477
1755404649841,0.294317,0.044865,9.741181
1755404649844,0.217747,-0.019741,10.031012
1755404649845,0.318245,-0.034098,9.760324
1755404649848,0.251246,-0.010169,9.968799
1755404649850,0.272782,-0.036491,9.762716
1755404649852,0.294317,-0.026919,9.882358
1755404649855,0.291924,-0.067597,9.903893
1755404649857,0.294317,0.020937,9.789038
1755404649860,0.287139,-0.019741,9.942178
1755404649862,0.289532,0.020937,9.793823
1755404649865,0.289532,-0.062812,10.019048
1755404649867,0.299103,-0.005384,9.738789
1755404649869,0.244068,-0.026919,10.031012
1755404649872,0.287139,-0.005384,9.772287
1755404649874,0.282353,-0.005384,9.987941
1755404649876,0.287139,-0.000598,9.82493
1755404649879,0.239282,-0.017348,9.875179
1755404649882,0.308674,-0.055633,9.820144
1755404649884,0.263211,-0.029312,9.889536
1755404649887,0.289532,-0.05324,9.877572
1755404649888,0.291924,-0.024526,9.865608
1755404649891,0.263211,-0.058026,9.964012
1755404649893,0.315853,0.018544,9.743574
1755404649895,0.244068,-0.007777,10.002297
1755404649898,0.33021,-0.007777,9.817751
1755404649900,0.260818,0.001795,10.052547
1755404649904,0.334995,0.008973,9.741181
1755404649905,0.22014,-0.022134,10.088439
1755404649908,0.334995,-0.017348,9.607183
1755404649910,0.222533,-0.046062,10.05494
1755404649912,0.344566,-0.017348,9.767502
1755404649916,0.272782,-0.019741,9.925428
1755404649918,0.306281,-0.002991,9.820144
1755404649920,0.323031,-0.012562,9.949656
1755404649923,0.303888,-0.065204,9.934999
1755404649924,0.308674,-0.024526,9.71486
1755404649927,0.263211,-0.041276,10.045368
1755404649929,0.33021,-0.017348,9.693324
1755404649933,0.248854,-0.000598,10.031012
1755404649935,0.327817,0.025723,9.817751
1755404649937,0.229711,-0.031705,10.074082
1755404649939,0.29671,-0.031705,9.640682
1755404649941,0.265603,-0.029312,9.882358
1755404649944,0.241675,-0.038883,9.937392
1755404649946,0.291924,-0.029312,9.803394
1755404649949,0.251246,-0.036491,9.997512
1755404649952,0.346959,0.032901,9.686146
1755404649954,0.253639,-0.043669,10.136296
1755404649955,0.31346,-0.050847,9.664611
1755404649958,0.239282,-0.062812,9.879965
1755404649960,0.289532,-0.041276,9.959227
1755404649963,0.318245,-0.000598,9.815358
1755404649967,0.246461,0.020937,10.040583
1755404649968,0.306281,0.037687,9.930214
1755404649970,0.258425,-0.058026,9.923036
1755404649972,0.318245,-0.077169,9.707682
1755404649975,0.282353,-0.089133,9.908679
1755404649977,0.306281,-0.036491,9.891929
1755404649979,0.33021,0.073579,9.832108
1755404649982,0.248854,-0.022134,10.040583
1755404649984,0.29671,-0.036491,9.580862
1755404649987,0.263211,-0.074776,9.925428
1755404649989,0.291924,-0.034098,9.973584
1755404649991,0.308674,0.00658,9.77468
1755404649994,0.260818,0.042473,10.121939
1755404649996,0.301496,-0.026919,9.812965
1755404649999,0.258425,-0.079561,9.786645
1755404650002,0.275175,-0.093918,9.822537
1755404650004,0.299103,-0.038883,9.877572
1755404650006,0.260818,0.018544,9.937392
1755404650008,0.332602,0.047258,9.968799
1755404650011,0.303888,-0.055633,9.856036
1755404650013,0.33021,-0.091525,9.669396
1755404650016,0.294317,-0.067597,9.964012
1755404650019,0.294317,0.00658,9.908679
1755404650020,0.311067,0.102293,9.985548
1755404650023,0.277567,0.011366,9.964012
1755404650025,0.263211,-0.117847,9.652647
1755404650027,0.263211,-0.148953,9.848858
1755404650030,0.311067,0.020937,9.987941
1755404650032,0.301496,0.138186,9.949656
1755404650035,0.239282,0.020937,9.975977
1755404650038,0.306281,-0.129811,9.650253
1755404650040,0.284746,-0.136989,9.851251
1755404650042,0.27996,0.004187,9.91825
1755404650045,0.272782,0.085543,9.995119
1755404650046,0.239282,0.030508,9.983155
1755404650049,0.267996,-0.062812,9.712467
1755404650051,0.287139,-0.129811,9.817751
1755404650055,0.303888,-0.043669,9.812965
1755404650056,0.287139,0.044865,9.975977
1755404650058,0.256032,0.068794,9.985548
1755404650061,0.306281,-0.002991,9.803394
1755404650063,0.246461,-0.10349,9.868001
1755404650066,0.301496,-0.096311,9.719646
1755404650069,0.275175,-0.017348,9.983155
1755404650071,0.277567,0.075972,9.944571
1755404650073,0.263211,0.030508,9.860822
1755404650075,0.289532,-0.067597,9.860822
1755404650078,0.282353,-0.050847,9.781859
1755404650081,0.270389,-0.024526,9.934999
1755404650083,0.270389,0.028116,9.877572
1755404650085,0.258425,0.016152,9.923036
1755404650087,0.282353,-0.026919,9.829716
1755404650090,0.272782,-0.058026,9.865608
1755404650092,0.308674,-0.036491,9.877572
1755404650095,0.267996,0.011366,9.896714
1755404650097,0.318245,-0.012562,9.836894
1755404650099,0.284746,-0.024526,9.896714
1755404650102,0.311067,-0.000598,9.891929
1755404650104,0.308674,-0.017348,9.877572
1755404650106,0.29671,-0.034098,9.858429
1755404650109,0.308674,0.004187,9.856036
1755404650111,0.311067,-0.022134,9.920643
1755404650114,0.284746,-0.000598,9.889536
1755404650116,0.29671,-0.024526,9.875179
1755404650119,0.284746,-0.024526,9.992726
1755404650121,0.291924,0.030508,9.79143
1755404650123,0.256032,-0.048455,9.870394
1755404650126,0.334995,-0.010169,9.856036
1755404650128,0.301496,0.00658,9.875179
1755404650130,0.272782,-0.022134,9.875179
1755404650133,0.320638,0.001795,9.875179
1755404650136,0.294317,-0.034098,9.872787
1755404650138,0.272782,-0.010169,9.9015
1755404650141,0.31346,-0.014955,9.913465
1755404650142,0.277567,-0.010169,9.872787
1755404650145,0.272782,-0.026919,9.860822
1755404650147,0.256032,-0.048455,9.913465
1755404650150,0.301496,-0.036491,9.786645
1755404650152,0.263211,0.004187,10.002297
1755404650154,0.29671,0.018544,9.836894
1755404650157,0.239282,-0.022134,9.894321
1755404650159,0.275175,-0.041276,9.834501
1755404650162,0.270389,-0.043669,9.870394
1755404650164,0.303888,0.02333,9.894321
1755404650167,0.291924,0.00658,9.877572
1755404650169,0.311067,-0.029312,9.925428
1755404650171,0.272782,-0.022134,9.848858
1755404650174,0.277567,-0.000598,9.952048
1755404650176,0.272782,0.008973,9.858429
1755404650178,0.251246,0.001795,9.908679
1755404650181,0.311067,-0.036491,9.765109
1755404650183,0.284746,-0.084347,9.927821
1755404650185,0.272782,-0.055633,9.889536
1755404650188,0.303888,0.042473,9.839287
1755404650190,0.258425,-0.048455,9.947263
1755404650193,0.289532,-0.002991,9.786645
1755404650195,0.246461,-0.034098,9.961619
1755404650197,0.325424,0.004187,9.803394
1755404650200,0.241675,-0.029312,10.033404
1755404650202,0.342174,-0.007777,9.719646
1755404650205,0.22014,-0.048455,10.078868
1755404650207,0.320638,-0.007777,9.757931
1755404650210,0.251246,0.001795,10.021441
1755404650212,0.325424,-0.029312,9.719646
1755404650215,0.256032,-0.038883,10.045368
1755404650217,0.351745,-0.014955,9.700503
1755404650219,0.210568,-0.036491,10.057333
1755404650222,0.356531,-0.010169,9.717253
1755404650224,0.232104,-0.062812,10.019048
1755404650226,0.358923,-0.046062,9.710074
1755404650229,0.224925,-0.010169,9.985548
1755404650231,0.354138,-0.026919,9.767502
1755404650234,0.239282,-0.010169,9.956834
1755404650236,0.301496,-0.022134,9.84168
1755404650239,0.284746,0.013759,9.891929
1755404650241,0.263211,-0.058026,9.920643
1755404650244,0.258425,0.018544,9.817751
1755404650246,0.263211,-0.017348,9.985548
1755404650248,0.303888,0.001795,9.750752
1755404650250,0.308674,-0.060419,10.019048
1755404650253,0.323031,-0.017348,9.707682
1755404650256,0.260818,-0.038883,9.995119
1755404650258,0.332602,-0.024526,9.741181
1755404650260,0.294317,-0.007777,9.956834
1755404650262,0.282353,-0.041276,9.844072
1755404650265,0.265603,-0.026919,9.872787
1755404650267,0.267996,-0.034098,9.872787
1755404650269,0.277567,-0.029312,9.84168
1755404650272,0.306281,-0.034098,9.91825
1755404650275,0.27996,-0.014955,9.860822
1755404650277,0.282353,-0.010169,9.908679
1755404650279,0.267996,-0.038883,9.88475
1755404650281,0.311067,-0.046062,9.860822
1755404650284,0.275175,-0.022134,9.879965
1755404650286,0.267996,0.004187,9.817751
1755404650289,0.275175,-0.036491,9.887143
1755404650291,0.294317,-0.019741,9.836894
1755404650294,0.282353,-0.002991,9.925428
1755404650296,0.287139,-0.012562,9.836894
1755404650298,0.291924,-0.043669,9.875179
1755404650301,0.287139,-0.017348,9.872787
1755404650303,0.272782,-0.012562,9.9015
1755404650306,0.260818,-0.010169,9.879965
1755404650308,0.29671,0.00658,9.872787
1755404650311,0.306281,0.018544,10.031012
1755404650313,0.327817,0.008973,9.77468
1755404650315,0.294317,-0.046062,9.9015
1755404650317,0.294317,-0.022134,9.853643
1755404650320,0.272782,-0.012562,9.882358
1755404650322,0.282353,-0.010169,9.872787
1755404650325,0.289532,-0.019741,9.944571
1755404650327,0.270389,-0.041276,9.836894
1755404650330,0.301496,-0.029312,9.865608
1755404650332,0.284746,-0.024526,9.923036
1755404650334,0.287139,-0.043669,9.868001
1755404650336,0.265603,-0.017348,9.77468
1755404650339,0.277567,-0.046062,9.992726
1755404650342,0.294317,-0.043669,9.812965
1755404650344,0.267996,-0.014955,9.88475
1755404650347,0.291924,-0.012562,9.949656
1755404650348,0.325424,-0.012562,9.913465
1755404650351,0.267996,0.004187,9.923036
1755404650353,0.263211,-0.002991,9.844072
1755404650356,0.289532,-0.026919,9.973584
1755404650358,0.275175,-0.024526,9.88475
1755404650361,0.263211,-0.005384,9.860822
1755404650363,0.265603,-0.010169,9.815358
1755404650366,0.244068,-0.014955,9.858429
1755404650368,0.29671,-0.029312,9.942178
1755404650370,0.275175,-0.029312,9.875179
1755404650372,0.287139,-0.029312,9.856036
1755404650375,0.27996,-0.022134,9.899107
1755404650379,0.282353,-0.022134,9.894321
1755404650380,0.267996,0.004187,9.88475
1755404650382,0.287139,-0.029312,9.745967
1755404650385,0.291924,-0.036491,9.990334
1755404650387,0.27996,-0.007777,9.875179
1755404650389,0.29671,-0.017348,9.908679
1755404650392,0.267996,-0.007777,9.868001
1755404650394,0.284746,-0.038883,9.899107
1755404650396,0.270389,-0.029312,9.796216
1755404650399,0.267996,-0.058026,9.913465
1755404650401,0.270389,-0.024526,9.863214
1755404650404,0.27996,-0.029312,9.827323
1755404650406,0.33021,-0.038883,9.908679
1755404650409,0.275175,-0.026919,9.863214
1755404650412,0.308674,-0.005384,9.796216
1755404650415,0.265603,-0.029312,10.009477
1755404650416,0.320638,-0.007777,9.760324
1755404650418,0.224925,-0.060419,9.947263
1755404650420,0.351745,0.013759,9.789038
1755404650423,0.227318,-0.048455,10.00469
1755404650426,0.308674,-0.005384,9.731609
1755404650428,0.272782,-0.036491,9.990334
1755404650430,0.284746,-0.012562,9.678967
1755404650432,0.236889,-0.036491,10.045368
1755404650435,0.318245,0.018544,9.77468
1755404650437,0.282353,-0.026919,10.069297
1755404650440,0.301496,-0.012562,9.777073
1755404650443,0.275175,0.001795,9.889536
1755404650444,0.356531,0.004187,9.686146
1755404650448,0.227318,-0.012562,10.045368
1755404650449,0.346959,0.032901,9.820144
1755404650453,0.263211,-0.022134,10.129117
1755404650454,0.315853,-0.022134,9.755538
1755404650456,0.284746,0.00658,9.712467
1755404650460,0.267996,-0.036491,9.971191
1755404650462,0.27996,-0.010169,9.97837
1755404650463,0.265603,-0.06999,9.786645
1755404650467,0.289532,-0.031705,9.734002
1755404650469,0.260818,-0.058026,10.220045
1755404650471,0.303888,0.013759,9.695718
1755404650473,0.251246,-0.005384,9.992726
1755404650476,0.315853,-0.022134,9.964012
1755404650478,0.256032,-0.046062,9.77468
1755404650480,0.31346,-0.029312,9.777073
1755404650483,0.275175,-0.010169,10.074082
1755404650485,0.265603,-0.024526,9.736395
1755404650487,0.327817,-0.000598,9.820144
1755404650490,0.289532,-0.036491,10.121939
1755404650493,0.344566,0.016152,9.626326
1755404650496,0.272782,-0.041276,10.05494
1755404650498,0.299103,-0.036491,9.97837
1755404650499,0.246461,-0.010169,9.891929
1755404650502,0.299103,-0.034098,9.690931
1755404650504,0.210568,-0.002991,9.964012
1755404650506,0.27996,-0.05324,9.939785
1755404650509,0.327817,-0.000598,9.750752
1755404650512,0.272782,-0.050847,10.026226
1755404650514,0.301496,-0.005384,9.74836
1755404650517,0.246461,-0.05324,9.995119
1755404650519,0.332602,-0.024526,9.678967
1755404650521,0.22014,-0.041276,10.105189
1755404650523,0.342174,-0.002991,9.726824
1755404650526,0.210568,-0.019741,9.985548
1755404650528,0.315853,-0.041276,9.74836
1755404650531,0.248854,-0.005384,9.923036
1755404650533,0.284746,-0.046062,9.930214
1755404650536,0.275175,0.030508,9.798609
1755404650538,0.301496,-0.046062,9.987941
1755404650540,0.327817,0.016152,9.712467
1755404650543,0.308674,-0.017348,10.076475
1755404650546,0.354138,-0.010169,9.695718
1755404650548,0.291924,-0.036491,10.031012
1755404650551,0.318245,-0.010169,9.68136
1755404650552,0.272782,-0.022134,10.014262
1755404650555,0.287139,-0.024526,9.812965
1755404650557,0.282353,-0.005384,9.939785
1755404650559,0.31346,-0.041276,9.942178
1755404650562,0.311067,-0.019741,9.853643
1755404650564,0.303888,-0.026919,9.930214
1755404650567,0.183948,0.025723,9.647861
1755404650569,0.260818,-0.002991,10.035797
1755404650571,0.227318,0.018544,9.80818
1755404650574,0.157627,-0.026919,9.492328
1755404650576,0.248854,-0.010169,9.836894
1755404650579,0.246461,-0.017348,9.836894
1755404650581,0.299103,0.001795,10.05494
1755404650583,0.234497,0.025723,9.793823
1755404650586,0.294317,-0.046062,9.82493
1755404650588,0.289532,-0.007777,9.777073
1755404650591,0.401994,-0.06999,10.066904
1755404650593,0.29671,0.004187,10.016655
1755404650596,0.318245,-0.022134,9.887143
1755404650598,0.155234,0.064008,9.877572
1755404650602,0.42353,-0.153739,9.908679
1755404650603,0.272782,-0.038883,9.79143
1755404650605,0.356531,-0.036491,9.889536
1755404650607,0.256032,0.00658,9.930214
1755404650610,0.301496,0.016152,9.942178
1755404650613,0.323031,-0.012562,10.052547
1755404650615,0.205783,-0.005384,9.657433
1755404650617,0.205783,0.02333,9.760324
1755404650619,0.140877,0.071186,9.786645
1755404650622,0.339781,-0.065204,9.973584
1755404650624,0.272782,0.011366,10.059726
1755404650626,0.241675,0.00658,9.690931
1755404650629,0.301496,0.004187,10.062119
1755404650631,0.323031,-0.055633,9.882358
1755404650634,0.215354,-0.007777,9.683753
1755404650636,0.351745,-0.034098,9.944571
1755404650638,0.236889,0.008973,9.853643
1755404650641,0.327817,-0.012562,9.899107
1755404650643,0.256032,0.025723,9.877572
1755404650647,0.301496,0.020937,9.913465
1755404650648,0.270389,-0.005384,9.820144
1755404650651,0.263211,-0.010169,9.865608
1755404650654,0.303888,-0.038883,9.853643
1755404650656,0.287139,-0.022134,9.870394
1755404650657,0.327817,-0.007777,9.903893
1755404650660,0.275175,-0.010169,9.875179
1755404650664,0.27996,-0.007777,9.88475
1755404650666,0.251246,-0.036491,9.870394
1755404650667,0.258425,-0.022134,9.889536
1755404650670,0.294317,-0.010169,9.851251
1755404650672,0.267996,-0.007777,9.889536
1755404650674,0.282353,-0.007777,9.894321
1755404650677,0.263211,0.016152,9.920643
1755404650679,0.29671,-0.017348,9.877572
1755404650682,0.256032,-0.017348,9.865608
1755404650684,0.282353,-0.038883,9.762716
1755404650687,0.195912,-0.043669,9.851251
1755404650689,0.31346,0.037687,9.990334
1755404650691,0.311067,0.052044,9.793823
1755404650694,0.272782,-0.098704,9.920643
1755404650697,0.287139,-0.105882,9.851251
1755404650699,0.306281,0.030508,9.868001
1755404650701,0.265603,0.030508,9.903893
1755404650703,0.291924,-0.038883,9.923036
1755404650705,0.327817,-0.026919,9.827323
1755404650708,0.22014,-0.026919,9.908679
1755404650711,0.323031,-0.036491,9.915857
1755404650713,0.33021,0.013759,9.882358
1755404650717,0.239282,-0.024526,9.915857
1755404650718,0.291924,-0.017348,9.882358
1755404650721,0.291924,-0.022134,9.84168
1755404650722,0.246461,-0.022134,9.937392
1755404650724,0.315853,0.008973,9.853643
1755404650727,0.277567,-0.005384,9.903893
1755404650729,0.272782,-0.029312,9.899107
1755404650732,0.315853,-0.022134,9.786645
1755404650734,0.27996,-0.034098,9.927821
1755404650737,0.289532,0.001795,9.868001
1755404650739,0.260818,0.00658,9.91825
1755404650742,0.282353,-0.014955,9.875179
1755404650744,0.287139,-0.022134,9.882358
1755404650746,0.289532,-0.019741,9.872787
1755404650749,0.258425,-0.036491,9.848858
1755404650751,0.222533,-0.010169,9.891929
1755404650754,0.270389,-0.024526,9.870394
1755404650756,0.284746,-0.012562,9.891929
1755404650759,0.267996,-0.014955,9.882358
1755404650761,0.282353,-0.014955,9.887143
1755404650763,0.311067,-0.036491,9.877572
1755404650765,0.29671,-0.005384,9.875179
1755404650768,0.301496,0.00658,9.879965
1755404650770,0.31346,0.001795,9.848858
1755404650773,0.270389,-0.048455,9.815358
1755404650775,0.303888,-0.019741,9.9015
1755404650779,0.289532,-0.007777,9.9015
1755404650780,0.291924,0.008973,9.872787
1755404650783,0.287139,0.001795,9.925428
1755404650785,0.308674,-0.014955,9.923036
1755404650787,0.275175,0.030508,9.875179
1755404650789,0.311067,-0.026919,9.79143
1755404650792,0.258425,-0.024526,9.930214
1755404650794,0.31346,-0.036491,9.772287
1755404650797,0.256032,-0.029312,10.059726
1755404650799,0.27996,0.02333,9.757931
1755404650802,0.282353,-0.038883,9.82493
1755404650804,0.267996,-0.074776,9.757931
1755404650806,0.291924,-0.005384,10.062119
1755404650808,0.284746,0.092722,9.801002
1755404650811,0.263211,-0.079561,9.947263
1755404650813,0.299103,-0.055633,9.801002
1755404650817,0.287139,0.016152,9.860822
1755404650820,0.315853,0.037687,9.923036
1755404650821,0.272782,-0.067597,9.925428
1755404650823,0.265603,-0.010169,9.84168
1755404650825,0.306281,0.030508,9.932607
1755404650828,0.263211,-0.058026,9.877572
1755404650830,0.306281,-0.022134,9.858429
1755404650834,0.251246,0.001795,9.899107
1755404650836,0.260818,-0.034098,9.88475
1755404650837,0.306281,-0.029312,9.865608
1755404650840,0.306281,0.028116,9.844072
1755404650843,0.248854,-0.031705,9.906285
1755404650844,0.332602,0.008973,9.856036
1755404650847,0.308674,-0.034098,9.930214
1755404650849,0.282353,-0.024526,9.812965
1755404650852,0.332602,-0.002991,9.899107
1755404650854,0.253639,-0.043669,9.923036
1755404650857,0.263211,-0.026919,9.822537
1755404650859,0.342174,0.001795,9.903893
1755404650861,0.263211,-0.012562,9.860822
1755404650864,0.260818,-0.024526,9.949656
1755404650866,0.306281,-0.007777,9.784252
1755404650869,0.251246,-0.036491,9.908679
1755404650871,0.289532,-0.038883,9.839287
1755404650873,0.303888,0.025723,9.939785
1755404650876,0.291924,-0.038883,10.00469
1755404650878,0.308674,-0.043669,9.779466
1755404650881,0.323031,-0.002991,9.796216
1755404650883,0.272782,-0.06999,9.920643
1755404650885,0.332602,-0.017348,9.851251
1755404650888,0.275175,0.032901,9.906285
1755404650890,0.265603,-0.007777,9.903893
1755404650892,0.327817,-0.010169,9.844072
1755404650895,0.299103,-0.046062,9.872787
1755404650897,0.260818,-0.043669,9.863214
1755404650901,0.260818,0.025723,9.920643
1755404650903,0.267996,0.016152,9.853643
1755404650905,0.277567,-0.041276,9.887143
1755404650907,0.287139,-0.041276,9.860822
1755404650909,0.287139,-0.036491,9.856036
1755404650912,0.241675,-0.050847,9.934999
1755404650914,0.275175,0.00658,9.856036
1755404650916,0.251246,0.025723,9.834501
1755404650919,0.236889,-0.036491,9.872787
1755404650921,0.27996,-0.041276,9.906285
1755404650924,0.289532,-0.024526,9.84168
1755404650926,0.263211,-0.036491,9.934999
1755404650928,0.308674,-0.005384,9.903893
1755404650931,0.282353,-0.014955,9.863214
1755404650933,0.267996,-0.026919,9.817751
1755404650936,0.270389,-0.022134,9.930214
1755404650940,0.277567,0.028116,9.856036
1755404650942,0.27996,-0.010169,9.920643
1755404650943,0.270389,-0.034098,9.860822
1755404650945,0.289532,-0.029312,9.870394
1755404650947,0.282353,0.001795,9.91825
1755404650950,0.294317,0.013759,9.80818
1755404650953,0.282353,-0.031705,9.932607
1755404650955,0.263211,-0.005384,9.801002
1755404650957,0.246461,-0.031705,9.932607
1755404650960,0.303888,-0.010169,9.858429
1755404650962,0.27996,-0.031705,9.851251
1755404650964,0.277567,-0.043669,9.925428
1755404650967,0.277567,0.02333,9.832108
1755404650970,0.244068,-0.031705,9.944571
1755404650972,0.299103,-0.036491,9.848858
1755404650974,0.265603,-0.022134,9.894321
1755404650976,0.263211,0.00658,9.906285
1755404650979,0.311067,-0.012562,9.868001
1755404650981,0.260818,-0.046062,9.896714
1755404650983,0.287139,-0.050847,9.834501
1755404650987,0.31346,-0.041276,9.911072
1755404650991,0.270389,-0.022134,9.872787
1755404650993,0.282353,-0.026919,9.887143
1755404650994,0.31346,-0.014955,9.88475
1755404650995,0.282353,-0.019741,9.858429
1755404650998,0.256032,-0.024526,9.9015
1755404651000,0.277567,-0.019741,9.856036
1755404651004,0.289532,-0.017348,9.88475
1755404651005,0.284746,-0.029312,9.887143
1755404651007,0.284746,-0.026919,9.868001
1755404651010,0.284746,-0.031705,9.894321
1755404651012,0.270389,-0.022134,9.84168
1755404651014,0.299103,-0.017348,9.896714
1755404651017,0.263211,-0.024526,9.879965
1755404651020,0.260818,-0.022134,9.882358
1755404651022,0.275175,-0.012562,9.877572
1755404651024,0.291924,-0.031705,9.879965
1755404651026,0.291924,-0.031705,9.875179
1755404651029,0.270389,-0.024526,9.882358
1755404651031,0.277567,-0.041276,9.9015
1755404651034,0.301496,-0.005384,9.877572
1755404651036,0.29671,-0.036491,9.88475
1755404651039,0.270389,-0.038883,9.872787
1755404651041,0.320638,-0.024526,9.870394
1755404651044,0.282353,-0.022134,9.870394
1755404651046,0.318245,-0.014955,9.879965
1755404651048,0.294317,0.016152,9.872787
1755404651051,0.299103,-0.007777,9.896714
1755404651053,0.287139,-0.026919,9.896714
1755404651055,0.299103,-0.026919,9.877572
1755404651058,0.282353,-0.010169,9.899107
1755404651061,0.308674,-0.019741,9.879965
1755404651064,0.299103,-0.036491,9.889536
1755404651065,0.260818,-0.022134,9.88475
1755404651067,0.251246,-0.014955,9.882358
1755404651070,0.253639,-0.017348,9.889536
1755404651073,0.260818,-0.031705,9.899107
1755404651075,0.301496,-0.010169,9.899107
1755404651077,0.284746,-0.024526,9.872787
1755404651079,0.251246,-0.041276,9.839287
1755404651082,0.291924,-0.010169,9.870394
1755404651084,0.260818,-0.007777,9.879965
1755404651086,0.284746,-0.007777,9.882358
1755404651089,0.289532,-0.022134,9.868001
1755404651091,0.263211,-0.012562,9.9015
1755404651094,0.299103,-0.024526,9.875179
1755404651096,0.291924,-0.022134,9.896714
1755404651099,0.306281,0.008973,9.88475
1755404651101,0.289532,-0.005384,9.858429
1755404651104,0.270389,-0.031705,9.863214
1755404651107,0.282353,-0.031705,9.88475
1755404651108,0.282353,-0.000598,9.887143
1755404651110,0.291924,-0.036491,9.899107
1755404651113,0.306281,-0.038883,9.891929
1755404651115,0.270389,-0.062812,9.899107
1755404651118,0.284746,-0.005384,9.889536
1755404651120,0.287139,-0.038883,9.877572
1755404651123,0.332602,-0.029312,9.853643
1755404651125,0.282353,-0.041276,9.879965
1755404651127,0.291924,-0.05324,9.88475
1755404651130,0.299103,-0.031705,9.899107
1755404651132,0.301496,-0.007777,9.896714
1755404651134,0.277567,-0.007777,9.872787
1755404651137,0.256032,-0.022134,9.872787
1755404651140,0.275175,-0.000598,9.870394
1755404651142,0.303888,-0.019741,9.865608
1755404651145,0.294317,-0.012562,9.848858
1755404651147,0.267996,-0.012562,9.882358
1755404651149,0.272782,-0.010169,9.9015
1755404651151,0.277567,-0.024526,9.896714
1755404651154,0.267996,-0.043669,9.882358
1755404651157,0.27996,-0.012562,9.882358
1755404651159,0.260818,-0.010169,9.889536
1755404651162,0.299103,-0.019741,9.88475
1755404651163,0.284746,-0.026919,9.891929
1755404651166,0.258425,-0.017348,9.887143
1755404651168,0.251246,-0.034098,9.879965
1755404651170,0.275175,-0.031705,9.889536
1755404651173,0.277567,-0.024526,9.863214
1755404651175,0.277567,-0.022134,9.872787
1755404651178,0.260818,-0.026919,9.88475
1755404651180,0.272782,-0.038883,9.882358
1755404651182,0.284746,-0.012562,9.894321
1755404651185,0.299103,-0.031705,9.889536
1755404651187,0.301496,-0.022134,9.896714
1755404651191,0.306281,-0.026919,9.915857
1755404651193,0.265603,-0.041276,9.868001
1755404651194,0.294317,-0.041276,9.88475
1755404651197,0.239282,0.001795,9.88475
1755404651199,0.29671,-0.026919,9.889536
1755404651201,0.284746,-0.026919,9.887143
1755404651204,0.263211,-0.014955,9.870394
1755404651207,0.272782,-0.014955,9.889536
1755404651209,0.263211,0.004187,9.88475
1755404651211,0.291924,-0.017348,9.882358
1755404651213,0.277567,-0.024526,9.891929
1755404651216,0.275175,-0.000598,9.853643
1755404651218,0.272782,-0.017348,9.891929
1755404651221,0.277567,-0.022134,9.858429
1755404651224,0.272782,-0.048455,9.882358
1755404651226,0.325424,-0.010169,9.817751
1755404651228,0.22014,0.011366,10.016655
1755404651230,0.31346,-0.012562,9.755538
1755404651232,0.239282,-0.029312,9.985548
1755404651235,0.323031,-0.019741,9.762716
1755404651237,0.224925,-0.024526,10.007083
1755404651240,0.342174,0.004187,9.786645
1755404651243,0.227318,-0.05324,10.019048
1755404651245,0.375673,0.020937,9.710074
1755404651247,0.232104,-0.060419,10.150653
1755404651249,0.358923,-0.007777,9.750752
1755404651252,0.236889,-0.050847,9.91825
1755404651254,0.311067,0.008973,9.925428
1755404651257,0.320638,-0.043669,9.753145
1755404651259,0.200997,-0.024526,10.035797
1755404651261,0.356531,-0.026919,9.693324
1755404651264,0.171984,-0.038883,10.098011
1755404651268,0.440279,0.035294,9.705289
1755404651269,0.157627,-0.081954,10.107582
1755404651271,0.349352,0.025723,9.717253
1755404651274,0.22014,-0.05324,9.913465
1755404651276,0.263211,0.011366,9.896714
1755404651280,0.332602,-0.048455,9.74836
1755404651282,0.215354,-0.012562,10.019048
1755404651283,0.385244,-0.022134,9.683753
1755404651285,0.198604,-0.026919,10.107582
1755404651288,0.387637,0.011366,9.626326
1755404651291,0.19352,-0.081954,10.124331
1755404651294,0.370888,0.047258,9.652647
1755404651295,0.205783,-0.05324,10.095618
1755404651297,0.354138,0.047258,9.750752
1755404651300,0.224925,-0.089133,10.009477
1755404651302,0.270389,0.049651,9.836894
1755404651305,0.299103,-0.060419,9.853643
1755404651308,0.217747,-0.005384,9.961619
1755404651311,0.351745,-0.034098,9.729217
1755404651312,0.152842,-0.017348,10.052547
1755404651314,0.378066,0.018544,9.628718
1755404651316,0.174377,-0.077169,10.098011
1755404651319,0.394816,0.018544,9.602397
1755404651321,0.14327,-0.067597,10.150653
1755404651324,0.394816,0.030508,9.640682
1755404651326,0.186341,-0.089133,10.090832
1755404651328,0.397209,-0.012562,9.707682
1755404651331,0.232104,-0.093918,10.05494
1755404651334,0.31346,0.00658,9.760324
1755404651336,0.236889,-0.074776,9.980762
1755404651339,0.282353,0.020937,9.82493
1755404651341,0.320638,-0.029312,9.889536
1755404651344,0.263211,0.025723,9.91825
1755404651346,0.332602,-0.074776,9.817751
1755404651348,0.229711,-0.005384,10.009477
1755404651350,0.354138,-0.041276,9.736395
1755404651352,0.179163,-0.010169,10.050154
1755404651356,0.411565,-0.010169,9.647861
1755404651357,0.188734,-0.022134,10.112368
1755404651360,0.378066,0.018544,9.62154
1755404651363,0.155234,-0.036491,10.112368
1755404651365,0.366102,0.020937,9.616755
1755404651367,0.150449,-0.072383,10.102797
1755404651370,0.399601,0.013759,9.628718
1755404651372,0.145663,-0.067597,10.117153
1755404651375,0.37328,0.020937,9.62154
1755404651377,0.186341,-0.093918,10.107582
1755404651379,0.344566,0.018544,9.698111
1755404651382,0.215354,-0.096311,10.07169
1755404651384,0.351745,-0.005384,9.743574
1755404651386,0.229711,-0.072383,10.031012
1755404651389,0.299103,0.013759,9.812965
1755404651391,0.287139,-0.031705,9.915857
1755404651394,0.272782,0.018544,9.870394
1755404651396,0.318245,-0.010169,9.856036
1755404651399,0.236889,-0.000598,9.952048
1755404651400,0.334995,-0.036491,9.741181
1755404651403,0.179163,-0.036491,10.057333
1755404651405,0.366102,0.004187,9.664611
1755404651408,0.179163,-0.05324,10.095618
1755404651410,0.411565,0.001795,9.65504
1755404651412,0.167198,-0.050847,10.109975
1755404651415,0.394816,0.020937,9.710074
1755404651417,0.171984,-0.06999,10.028619
1755404651419,0.363709,0.047258,9.719646
1755404651422,0.253639,-0.065204,10.057333
1755404651425,0.323031,0.037687,9.722038
1755404651427,0.265603,-0.060419,10.031012
1755404651430,0.294317,0.028116,9.757931
1755404651432,0.31346,-0.019741,9.88475
1755404651434,0.277567,-0.031705,9.882358
1755404651436,0.325424,-0.034098,9.734002
1755404651439,0.224925,-0.046062,10.033404
1755404651442,0.337388,-0.005384,9.674182
1755404651444,0.224925,-0.034098,10.069297
1755404651446,0.363709,-0.019741,9.662218
1755404651448,0.195912,-0.062812,10.11476
1755404651451,0.375673,-0.002991,9.71486
1755404651453,0.162413,-0.05324,10.098011
1755404651456,0.358923,-0.010169,9.688539
1755404651458,0.19352,-0.055633,10.035797
1755404651460,0.356531,0.025723,9.717253
1755404651463,0.215354,-0.036491,10.019048
1755404651465,0.368495,0.032901,9.755538
1755404651467,0.260818,-0.089133,10.028619
1755404651471,0.337388,0.018544,9.779466
1755404651473,0.239282,-0.043669,9.97837
1755404651475,0.303888,0.02333,9.812965
1755404651477,0.234497,-0.06999,9.930214
1755404651481,0.318245,0.016152,9.798609
1755404651482,0.294317,-0.055633,9.925428
1755404651484,0.258425,0.008973,9.896714
1755404651487,0.318245,-0.060419,9.877572
1755404651489,0.265603,-0.000598,9.932607
1755404651492,0.337388,-0.022134,9.753145
1755404651494,0.253639,-0.014955,10.002297
1755404651497,0.366102,-0.036491,9.707682
1755404651499,0.17677,-0.048455,10.064511
1755404651502,0.375673,-0.007777,9.695718
1755404651503,0.210568,-0.060419,10.078868
1755404651506,0.375673,0.011366,9.609575
1755404651508,0.174377,-0.06999,10.07169
1755404651511,0.382852,0.020937,9.640682
1755404651513,0.162413,-0.06999,10.098011
1755404651516,0.418744,0.054437,9.678967
1755404651518,0.205783,-0.067597,10.07169
1755404651520,0.346959,0.04008,9.74836
1755404651523,0.229711,-0.077169,10.009477
1755404651525,0.332602,0.042473,9.820144
1755404651527,0.289532,-0.06999,9.932607
1755404651530,0.291924,0.013759,9.875179
1755404651532,0.29671,-0.077169,9.851251
1755404651535,0.256032,-0.005384,9.966406
1755404651537,0.344566,-0.017348,9.789038
1755404651539,0.22014,-0.019741,10.026226
1755404651542,0.344566,-0.019741,9.702896
1755404651544,0.181555,-0.058026,10.081261
1755404651548,0.387637,-0.002991,9.633504
1755404651549,0.179163,-0.043669,10.124331
1755404651552,0.363709,0.020937,9.616755
1755404651554,0.171984,-0.074776,10.126724
1755404651556,0.39003,0.025723,9.623933
1755404651559,0.169591,-0.067597,10.117153
1755404651561,0.394816,0.018544,9.65504
1755404651564,0.186341,-0.048455,10.076475
1755404651567,0.361316,0.008973,9.657433
1755404651568,0.17677,-0.05324,10.066904
1755404651571,0.37328,-0.017348,9.683753
1755404651573,0.241675,-0.079561,9.949656
1755404651576,0.33021,0.001795,9.856036
1755404651578,0.29671,0.001795,9.863214
1755404651580,0.284746,-0.012562,9.952048
1755404651582,0.282353,-0.007777,9.810573
1755404651585,0.287139,-0.043669,9.920643
1755404651587,0.287139,-0.010169,9.872787
1755404651590,0.282353,-0.024526,9.865608
1755404651593,0.272782,-0.000598,9.911072
1755404651594,0.315853,-0.026919,9.829716
1755404651597,0.272782,-0.034098,9.927821
1755404651599,0.301496,-0.014955,9.863214
1755404651602,0.256032,-0.024526,9.9015
1755404651604,0.287139,-0.010169,9.882358
1755404651607,0.337388,0.008973,9.872787
1755404651609,0.275175,-0.050847,9.980762
1755404651611,0.315853,-0.014955,9.762716
1755404651614,0.246461,-0.067597,9.942178
1755404651617,0.289532,-0.067597,9.82493
1755404651619,0.299103,-0.000598,9.97837
1755404651622,0.277567,0.047258,9.858429
1755404651623,0.303888,-0.038883,9.779466
1755404651626,0.265603,-0.10349,9.801002
1755404651628,0.287139,-0.050847,9.947263
1755404651631,0.323031,0.054437,9.983155
1755404651633,0.248854,0.049651,9.856036
1755404651635,0.29671,-0.096311,9.779466
1755404651638,0.294317,-0.101097,9.77468
1755404651640,0.315853,0.030508,10.07169
1755404651643,0.306281,0.109472,9.779466
1755404651645,0.239282,-0.060419,10.007083
1755404651647,0.265603,-0.127418,9.743574
1755404651650,0.311067,-0.005384,10.023833
1755404651652,0.306281,0.102293,9.879965
1755404651655,0.306281,-0.012562,9.793823
1755404651657,0.270389,-0.101097,9.84168
1755404651659,0.267996,-0.029312,10.016655
1755404651662,0.284746,0.083151,9.858429
1755404651664,0.258425,-0.05324,9.927821
1755404651667,0.258425,-0.077169,9.822537
1755404651669,0.325424,0.030508,9.844072
1755404651671,0.251246,0.071186,9.956834
1755404651674,0.303888,-0.062812,9.822537
1755404651677,0.267996,-0.060419,10.00469
1755404651679,0.260818,0.030508,9.803394
1755404651682,0.267996,-0.034098,9.810573
1755404651684,0.318245,-0.065204,9.832108
1755404651686,0.311067,-0.031705,10.026226
1755404651688,0.294317,0.064008,9.781859
1755404651691,0.265603,-0.043669,9.853643
1755404651693,0.29671,-0.024526,9.956834
1755404651695,0.284746,0.013759,9.860822
1755404651697,0.241675,-0.05324,9.934999
1755404651701,0.311067,-0.062812,9.896714
1755404651703,0.332602,0.00658,9.738789
1755404651705,0.246461,-0.022134,9.956834
1755404651707,0.29671,-0.060419,9.836894
1755404651710,0.318245,-0.038883,10.011869
1755404651712,0.232104,0.054437,9.77468
1755404651715,0.272782,-0.036491,9.793823
1755404651717,0.308674,-0.072383,10.028619
1755404651720,0.277567,0.004187,9.82493
1755404651722,0.251246,-0.005384,9.757931
1755404651724,0.267996,-0.050847,9.925428
1755404651726,0.315853,-0.005384,9.913465
1755404651729,0.270389,0.020937,9.779466
1755404651731,0.253639,-0.046062,9.872787
1755404651735,0.323031,-0.007777,9.985548
1755404651736,0.267996,0.011366,9.827323
1755404651738,0.244068,-0.060419,9.822537
1755404651741,0.291924,-0.031705,9.968799
1755404651743,0.308674,0.037687,9.848858
1755404651745,0.215354,-0.055633,9.882358
1755404651748,0.306281,-0.055633,9.891929
1755404651750,0.303888,-0.024526,9.834501
1755404651753,0.239282,0.011366,9.932607
1755404651756,0.308674,-0.034098,9.887143
1755404651758,0.346959,0.008973,9.803394
1755404651760,0.236889,0.008973,9.899107
1755404651762,0.241675,-0.074776,9.860822
1755404651765,0.356531,-0.046062,10.019048
1755404651767,0.241675,-0.000598,9.844072
1755404651770,0.277567,-0.043669,9.796216
1755404651772,0.320638,-0.043669,9.906285
1755404651775,0.303888,-0.002991,9.956834
1755404651777,0.275175,0.035294,9.786645
1755404651779,0.29671,-0.058026,9.879965
1755404651782,0.301496,-0.055633,9.875179
1755404651784,0.275175,-0.002991,9.913465
1755404651786,0.227318,0.049651,9.899107
1755404651789,0.306281,-0.048455,9.760324
1755404651791,0.29671,-0.098704,9.882358
1755404651794,0.263211,-0.024526,9.896714
1755404651797,0.27996,0.049651,9.84168
1755404651799,0.291924,-0.005384,10.028619
1755404651801,0.323031,-0.029312,9.829716
1755404651804,0.239282,-0.050847,9.875179
1755404651805,0.306281,-0.029312,9.79143
1755404651808,0.284746,0.011366,9.949656
1755404651811,0.289532,-0.019741,9.856036
1755404651813,0.265603,-0.010169,9.903893
1755404651815,0.291924,-0.036491,9.923036
1755404651817,0.308674,-0.031705,9.779466
1755404651821,0.253639,-0.031705,9.975977
1755404651823,0.323031,0.02333,9.767502
1755404651825,0.239282,-0.017348,10.002297
1755404651827,0.284746,-0.005384,9.777073
1755404651830,0.260818,-0.036491,9.997512
1755404651832,0.311067,-0.012562,9.810573
1755404651835,0.282353,-0.005384,9.942178
1755404651837,0.236889,-0.024526,9.848858
1755404651839,0.263211,0.013759,9.908679
1755404651842,0.289532,-0.034098,9.896714
1755404651845,0.267996,-0.024526,9.875179
1755404651846,0.308674,-0.022134,9.903893
1755404651848,0.29671,-0.024526,9.870394
1755404651851,0.301496,-0.031705,9.877572
1755404651854,0.289532,-0.019741,9.865608
1755404651856,0.27996,-0.050847,9.908679
1755404651859,0.282353,-0.034098,9.875179
1755404651861,0.289532,-0.022134,9.863214
1755404651863,0.301496,-0.012562,9.894321
1755404651865,0.289532,-0.010169,9.858429
1755404651868,0.241675,-0.034098,9.879965
1755404651871,0.284746,-0.017348,9.858429
1755404651873,0.265603,-0.010169,9.889536
1755404651875,0.258425,-0.026919,9.858429
1755404651878,0.284746,-0.007777,9.896714
1755404651880,0.306281,-0.034098,9.894321
1755404651883,0.277567,-0.019741,9.889536
1755404651884,0.265603,-0.012562,9.877572
1755404651888,0.303888,-0.014955,9.863214
1755404651889,0.282353,-0.000598,9.9015
1755404651892,0.299103,0.004187,9.870394
1755404651894,0.287139,-0.014955,9.9015
1755404651897,0.306281,-0.014955,9.889536
1755404651899,0.275175,-0.031705,9.903893
1755404651901,0.289532,-0.029312,9.863214
1755404651904,0.289532,-0.022134,9.908679
1755404651906,0.270389,-0.005384,9.863214
1755404651908,0.291924,-0.034098,9.88475
1755404651911,0.265603,-0.043669,9.870394
1755404651913,0.272782,-0.010169,9.875179
1755404651916,0.315853,-0.012562,9.88475
1755404651919,0.263211,0.00658,9.863214
1755404651922,0.308674,-0.005384,9.882358
1755404651925,0.284746,-0.046062,9.882358
1755404651926,0.270389,-0.026919,9.887143
1755404651928,0.282353,0.001795,9.853643
1755404651930,0.287139,0.00658,9.882358
1755404651932,0.306281,-0.024526,9.879965
1755404651935,0.303888,-0.007777,9.879965
1755404651937,0.289532,-0.014955,9.863214
1755404651940,0.308674,-0.022134,9.882358
1755404651942,0.263211,-0.022134,9.882358
1755404651944,0.248854,0.008973,9.877572
1755404651946,0.267996,-0.022134,9.868001
1755404651949,0.267996,-0.019741,9.872787
1755404651951,0.260818,-0.022134,9.88475
1755404651954,0.315853,-0.012562,9.856036
