1755404224449,0.29671,-0.026919,9.889536
1755404224451,0.277567,-0.019741,9.875179
1755404224452,0.308674,-0.014955,9.887143
1755404224453,0.318245,-0.058026,9.879965
1755404224454,0.308674,-0.029312,9.894321
1755404224454,0.306281,-0.007777,9.870394
1755404224455,0.258425,-0.029312,9.887143
1755404224456,0.263211,0.001795,9.84168
1755404224456,0.287139,-0.024526,9.863214
1755404224457,0.272782,-0.010169,9.882358
1755404224457,0.284746,-0.010169,9.879965
1755404224458,0.303888,-0.031705,9.877572
1755404224458,0.265603,-0.041276,9.877572
1755404224459,0.299103,-0.026919,9.889536
1755404224459,0.294317,-0.046062,9.906285
1755404224459,0.265603,-0.002991,9.894321
1755404224460,0.289532,-0.017348,9.879965
1755404224461,0.253639,-0.017348,9.889536
1755404224461,0.289532,-0.024526,9.868001
1755404224462,0.320638,-0.026919,9.877572
1755404224463,0.284746,-0.026919,9.870394
1755404224463,0.301496,-0.034098,9.860822
1755404224464,0.318245,-0.019741,9.872787
1755404224464,0.308674,-0.022134,9.877572
1755404224465,0.29671,-0.005384,9.863214
1755404224465,0.299103,-0.002991,9.896714
1755404224466,0.277567,-0.014955,9.882358
1755404224467,0.265603,-0.034098,9.88475
1755404224467,0.291924,-0.022134,9.868001
1755404224468,0.299103,-0.019741,9.88475
1755404224468,0.277567,-0.017348,9.865608
1755404224469,0.260818,-0.017348,9.887143
1755404224469,0.289532,-0.024526,9.865608
1755404224470,0.291924,-0.026919,9.894321
1755404224470,0.29671,-0.034098,9.903893
1755404224471,0.275175,-0.014955,9.877572
1755404224471,0.282353,-0.041276,9.877572
1755404224471,0.275175,-0.034098,9.875179
1755404224472,0.267996,-0.036491,9.88475
1755404224472,0.320638,-0.000598,9.879965
1755404224472,0.27996,-0.019741,9.877572
1755404224473,0.258425,-0.012562,9.875179
1755404224473,0.272782,-0.046062,9.887143
1755404224473,0.303888,-0.05324,9.889536
1755404224474,0.299103,-0.034098,9.856036
1755404224474,0.260818,-0.022134,9.858429
1755404224474,0.270389,-0.005384,9.870394
1755404224475,0.272782,-0.017348,9.882358
1755404224478,0.265603,0.004187,9.889536
1755404224480,0.277567,-0.041276,9.875179
1755404224482,0.263211,-0.043669,9.877572
1755404224484,0.29671,0.018544,9.872787
1755404224486,0.31346,-0.010169,9.882358
1755404224488,0.289532,-0.010169,9.865608
1755404224490,0.265603,-0.022134,9.870394
1755404224494,0.31346,-0.017348,9.882358
1755404224495,0.275175,-0.026919,9.899107
1755404224503,0.275175,-0.000598,9.889536
1755404224505,0.270389,-0.022134,9.896714
1755404224508,0.27996,-0.029312,9.896714
1755404224509,0.318245,-0.014955,9.877572
1755404224510,0.282353,-0.034098,9.88475
1755404224511,0.277567,-0.041276,9.879965
1755404224512,0.263211,-0.041276,9.889536
1755404224518,0.306281,-0.034098,9.875179
1755404224520,0.294317,0.018544,9.872787
1755404224522,0.263211,-0.017348,9.877572
1755404224523,0.244068,-0.026919,9.860822
1755404224524,0.282353,-0.012562,9.870394
1755404224526,0.291924,-0.046062,9.894321
1755404224529,0.29671,-0.041276,9.896714
1755404224531,0.289532,-0.029312,9.868001
1755404224533,0.291924,-0.002991,9.860822
1755404224538,0.282353,-0.034098,9.872787
1755404224539,0.265603,-0.043669,9.88475
1755404224540,0.289532,-0.031705,9.875179
1755404224542,0.282353,-0.022134,9.872787
1755404224545,0.301496,-0.024526,9.872787
1755404224548,0.263211,-0.012562,9.872787
1755404224550,0.270389,-0.007777,9.846465
1755404224552,0.27996,-0.017348,9.879965
1755404224554,0.29671,-0.017348,9.877572
1755404224557,0.27996,-0.010169,9.88475
1755404224560,0.29671,-0.031705,9.88475
1755404224562,0.277567,-0.029312,9.879965
1755404224564,0.29671,-0.022134,9.865608
1755404224570,0.306281,-0.043669,9.891929
1755404224572,0.303888,-0.024526,9.882358
1755404224574,0.284746,0.008973,9.887143
1755404224575,0.284746,-0.007777,9.908679
1755404224576,0.289532,-0.012562,9.877572
1755404224579,0.260818,-0.029312,9.875179
1755404224581,0.275175,-0.041276,9.896714
1755404224584,0.282353,-0.017348,9.877572
1755404224586,0.301496,-0.022134,9.851251
1755404224588,0.291924,-0.002991,9.858429
1755404224591,0.308674,-0.022134,9.856036
1755404224593,0.303888,-0.046062,9.882358
1755404224595,0.29671,-0.005384,9.848858
1755404224599,0.291924,-0.038883,9.853643
1755404224600,0.270389,-0.012562,9.846465
1755404224603,0.258425,-0.014955,9.887143
1755404224605,0.291924,-0.029312,9.88475
1755404224607,0.244068,-0.031705,9.868001
1755404224610,0.284746,-0.034098,9.860822
1755404224612,0.284746,-0.019741,9.899107
1755404224616,0.267996,-0.024526,9.88475
1755404224617,0.287139,-0.019741,9.872787
1755404224619,0.267996,-0.036491,9.865608
1755404224622,0.303888,-0.024526,9.91825
1755404224624,0.289532,-0.005384,9.894321
1755404224626,0.258425,0.016152,9.891929
1755404224629,0.29671,-0.007777,9.877572
1755404224632,0.282353,-0.000598,9.853643
1755404224634,0.282353,-0.026919,9.889536
1755404224636,0.287139,0.00658,9.903893
1755404224638,0.29671,0.013759,9.858429
1755404224641,0.29671,-0.010169,9.88475
1755404224643,0.27996,-0.017348,9.887143
1755404224646,0.272782,-0.022134,9.865608
1755404224648,0.289532,-0.022134,9.863214
1755404224651,0.287139,-0.012562,9.887143
1755404224653,0.244068,-0.038883,9.891929
1755404224655,0.27996,-0.022134,9.879965
1755404224658,0.277567,-0.038883,9.896714
1755404224660,0.29671,-0.029312,9.872787
1755404224663,0.29671,-0.029312,9.889536
1755404224665,0.284746,-0.038883,9.889536
1755404224667,0.260818,-0.029312,9.879965
1755404224670,0.311067,-0.007777,9.896714
1755404224673,0.275175,-0.014955,9.891929
1755404224674,0.27996,-0.022134,9.891929
1755404224677,0.291924,-0.050847,9.868001
1755404224679,0.294317,-0.000598,9.848858
1755404224681,0.277567,-0.029312,9.858429
1755404224685,0.275175,-0.046062,9.868001
1755404224687,0.306281,-0.022134,9.899107
1755404224689,0.27996,-0.034098,9.889536
1755404224691,0.265603,-0.019741,9.891929
1755404224693,0.282353,-0.024526,9.887143
1755404224696,0.325424,-0.036491,9.856036
1755404224699,0.282353,-0.041276,9.868001
1755404224702,0.275175,-0.019741,9.875179
1755404224704,0.236889,-0.017348,9.879965
1755404224706,0.289532,-0.024526,9.863214
1755404224708,0.291924,-0.029312,9.858429
1755404224711,0.284746,-0.046062,9.877572
1755404224713,0.289532,-0.036491,9.887143
1755404224715,0.267996,-0.034098,9.887143
1755404224719,0.289532,-0.026919,9.903893
1755404224720,0.263211,-0.019741,9.896714
1755404224722,0.27996,-0.036491,9.9015
1755404224725,0.27996,-0.026919,9.877572
1755404224727,0.248854,-0.007777,9.887143
1755404224730,0.260818,-0.034098,9.882358
1755404224732,0.270389,-0.046062,9.872787
1755404224736,0.27996,-0.024526,9.891929
1755404224737,0.284746,-0.010169,9.875179
1755404224739,0.27996,-0.017348,9.875179
1755404224742,0.267996,-0.022134,9.896714
1755404224744,0.272782,0.00658,9.882358
1755404224746,0.303888,-0.014955,9.903893
1755404224749,0.284746,-0.029312,9.903893
1755404224752,0.291924,-0.034098,9.894321
1755404224754,0.277567,-0.029312,9.88475
1755404224756,0.275175,-0.005384,9.88475
1755404224759,0.299103,-0.024526,9.889536
1755404224761,0.287139,-0.029312,9.889536
1755404224764,0.246461,-0.024526,9.848858
1755404224765,0.267996,-0.017348,9.860822
1755404224769,0.289532,-0.014955,9.879965
1755404224771,0.294317,-0.026919,9.870394
1755404224773,0.289532,-0.046062,9.889536
1755404224775,0.272782,-0.012562,9.88475
1755404224778,0.291924,-0.031705,9.872787
1755404224780,0.291924,-0.014955,9.882358
1755404224782,0.284746,-0.010169,9.846465
1755404224786,0.294317,-0.029312,9.879965
1755404224789,0.320638,-0.012562,9.889536
1755404224790,0.318245,-0.029312,9.889536
1755404224792,0.284746,-0.038883,9.88475
1755404224796,0.272782,-0.022134,9.879965
1755404224797,0.291924,-0.029312,9.877572
1755404224800,0.275175,-0.002991,9.887143
1755404224803,0.31346,-0.010169,9.863214
1755404224804,0.299103,-0.024526,9.875179
1755404224807,0.29671,-0.038883,9.879965
1755404224809,0.253639,-0.034098,9.88475
1755404224811,0.303888,0.001795,9.863214
1755404224814,0.267996,-0.022134,9.877572
1755404224816,0.291924,-0.038883,9.879965
1755404224819,0.289532,-0.038883,9.879965
1755404224821,0.27996,-0.034098,9.894321
1755404224823,0.282353,-0.024526,9.887143
1755404224826,0.275175,-0.019741,9.889536
1755404224828,0.287139,-0.038883,9.891929
1755404224831,0.275175,-0.046062,9.891929
1755404224833,0.299103,-0.043669,9.863214
1755404224837,0.284746,-0.010169,9.865608
1755404224839,0.239282,-0.036491,9.9015
1755404224840,0.236889,-0.038883,9.872787
1755404224843,0.241675,-0.014955,9.894321
1755404224845,0.267996,-0.031705,9.894321
1755404224847,0.272782,-0.043669,9.889536
1755404224850,0.287139,-0.041276,9.872787
1755404224852,0.289532,-0.000598,9.899107
1755404224855,0.289532,0.013759,9.88475
1755404224857,0.31346,-0.005384,9.863214
1755404224859,0.244068,-0.024526,9.887143
1755404224861,0.256032,0.00658,9.860822
1755404224864,0.303888,-0.038883,9.872787
1755404224867,0.282353,-0.038883,9.882358
1755404224869,0.267996,-0.007777,9.879965
1755404224871,0.267996,-0.010169,9.894321
1755404224874,0.303888,-0.017348,9.899107
1755404224876,0.270389,-0.038883,9.913465
1755404224878,0.284746,-0.026919,9.868001
1755404224881,0.301496,-0.012562,9.856036
1755404224883,0.263211,0.001795,9.879965
1755404224885,0.291924,-0.010169,9.877572
1755404224889,0.27996,-0.024526,9.858429
1755404224891,0.301496,-0.007777,9.891929
1755404224893,0.31346,0.004187,9.891929
1755404224895,0.299103,-0.022134,9.868001
1755404224897,0.29671,-0.012562,9.868001
1755404224900,0.289532,0.004187,9.88475
1755404224902,0.287139,-0.038883,9.908679
1755404224906,0.248854,-0.019741,9.877572
1755404224907,0.289532,-0.012562,9.875179
1755404224909,0.282353,-0.014955,9.899107
1755404224912,0.263211,-0.017348,9.872787
1755404224915,0.217747,-0.017348,9.889536
1755404224917,0.275175,-0.024526,9.887143
1755404224919,0.241675,-0.031705,9.875179
1755404224923,0.272782,-0.022134,9.88475
1755404224924,0.27996,-0.043669,9.899107
1755404224926,0.299103,-0.036491,9.889536
1755404224928,0.31346,-0.010169,9.879965
1755404224931,0.301496,-0.041276,9.868001
1755404224933,0.277567,-0.017348,9.863214
1755404224936,0.29671,-0.041276,9.889536
1755404224940,0.270389,-0.029312,9.88475
1755404224941,0.282353,-0.024526,9.887143
1755404224943,0.256032,-0.034098,9.875179
1755404224945,0.282353,-0.024526,9.877572
1755404224948,0.284746,-0.024526,9.872787
1755404224950,0.27996,-0.007777,9.908679
1755404224953,0.282353,-0.024526,9.865608
1755404224957,0.260818,-0.012562,9.887143
1755404224958,0.265603,-0.019741,9.887143
1755404224960,0.267996,-0.022134,9.877572
1755404224962,0.301496,-0.022134,9.9015
1755404224965,0.270389,-0.041276,9.860822
1755404224967,0.265603,-0.031705,9.872787
1755404224970,0.287139,-0.031705,9.868001
1755404224973,0.294317,-0.046062,9.903893
1755404224975,0.291924,-0.048455,9.872787
1755404224976,0.282353,-0.012562,9.906285
1755404224979,0.299103,-0.014955,9.913465
1755404224981,0.277567,-0.007777,9.879965
1755404224984,0.289532,-0.012562,9.865608
1755404224986,0.303888,-0.031705,9.863214
1755404224991,0.275175,-0.041276,9.913465
1755404224992,0.270389,-0.031705,9.875179
1755404224994,0.260818,-0.031705,9.911072
1755404224995,0.277567,-0.022134,9.915857
1755404224999,0.299103,-0.026919,9.889536
1755404225000,0.294317,-0.055633,9.887143
1755404225003,0.236889,-0.019741,9.860822
1755404225005,0.291924,-0.014955,9.882358
1755404225008,0.294317,-0.012562,9.887143
1755404225010,0.29671,-0.022134,9.88475
1755404225013,0.282353,-0.036491,9.899107
1755404225015,0.303888,-0.048455,9.88475
1755404225017,0.265603,-0.000598,9.913465
1755404225019,0.270389,-0.000598,9.860822
1755404225022,0.289532,0.011366,9.906285
1755404225025,0.318245,0.00658,9.899107
1755404225027,0.327817,-0.022134,9.91825
1755404225029,0.332602,-0.019741,9.894321
1755404225031,0.299103,-0.055633,9.877572
1755404225034,0.29671,-0.029312,9.903893
1755404225036,0.263211,-0.017348,9.88475
1755404225040,0.27996,-0.034098,9.875179
1755404225041,0.320638,-0.005384,9.875179
1755404225044,0.315853,-0.034098,9.891929
1755404225046,0.270389,-0.022134,9.853643
1755404225048,0.294317,-0.041276,9.88475
1755404225051,0.294317,-0.005384,9.860822
1755404225053,0.272782,-0.019741,9.891929
1755404225056,0.270389,-0.012562,9.88475
1755404225059,0.282353,-0.026919,9.865608
1755404225060,0.272782,-0.019741,9.860822
1755404225066,0.294317,0.020937,9.891929
1755404225067,0.258425,-0.010169,9.887143
1755404225069,0.287139,-0.007777,9.875179
1755404225070,0.267996,-0.007777,9.872787
1755404225072,0.291924,-0.038883,9.894321
1755404225075,0.287139,-0.050847,9.879965
1755404225077,0.27996,-0.043669,9.911072
1755404225080,0.318245,-0.036491,9.870394
1755404225082,0.275175,-0.031705,9.868001
1755404225084,0.267996,-0.010169,9.908679
1755404225087,0.265603,-0.000598,9.875179
1755404225089,0.29671,-0.012562,9.887143
1755404225092,0.303888,-0.014955,9.851251
1755404225094,0.258425,-0.019741,9.875179
1755404225096,0.301496,-0.017348,9.875179
1755404225099,0.287139,-0.022134,9.882358
1755404225101,0.27996,-0.034098,9.872787
1755404225103,0.287139,-0.022134,9.877572
1755404225106,0.246461,-0.029312,9.863214
1755404225109,0.301496,-0.024526,9.887143
1755404225112,0.306281,-0.038883,9.868001
1755404225114,0.270389,-0.036491,9.882358
1755404225116,0.275175,-0.048455,9.844072
1755404225118,0.253639,-0.046062,9.872787
1755404225121,0.303888,-0.007777,9.887143
1755404225123,0.272782,-0.031705,9.88475
1755404225126,0.282353,-0.038883,9.868001
1755404225129,0.33021,-0.002991,9.899107
1755404225130,0.303888,-0.005384,9.894321
1755404225132,0.301496,-0.007777,9.882358
1755404225135,0.301496,-0.034098,9.875179
1755404225137,0.289532,-0.041276,9.875179
1755404225140,0.258425,-0.014955,9.9015
1755404225143,0.265603,-0.019741,9.894321
1755404225144,0.306281,-0.014955,9.877572
1755404225146,0.27996,-0.010169,9.906285
1755404225149,0.263211,-0.036491,9.896714
1755404225151,0.282353,-0.017348,9.858429
1755404225154,0.291924,-0.012562,9.894321
1755404225157,0.277567,-0.036491,9.860822
1755404225160,0.287139,-0.026919,9.868001
1755404225163,0.284746,-0.050847,9.88475
1755404225164,0.277567,-0.019741,9.870394
1755404225166,0.282353,-0.043669,9.868001
1755404225168,0.294317,-0.012562,9.887143
1755404225170,0.29671,-0.024526,9.889536
1755404225174,0.31346,-0.000598,9.875179
1755404225175,0.29671,-0.014955,9.903893
1755404225178,0.306281,-0.022134,9.875179
1755404225180,0.289532,-0.017348,9.894321
1755404225182,0.260818,-0.012562,9.872787
1755404225185,0.294317,-0.010169,9.889536
1755404225187,0.299103,-0.010169,9.88475
1755404225190,0.284746,-0.012562,9.891929
1755404225192,0.294317,-0.010169,9.9015
1755404225195,0.270389,-0.029312,9.887143
1755404225197,0.284746,-0.022134,9.882358
1755404225199,0.275175,-0.029312,9.877572
1755404225202,0.251246,-0.017348,9.870394
1755404225204,0.291924,-0.005384,9.903893
1755404225206,0.284746,-0.012562,9.88475
1755404225209,0.267996,0.001795,9.891929
1755404225211,0.265603,0.00658,9.851251
1755404225214,0.244068,-0.026919,9.875179
1755404225216,0.291924,-0.034098,9.882358
1755404225218,0.267996,-0.005384,9.9015
1755404225221,0.282353,-0.022134,9.899107
1755404225224,0.27996,-0.046062,9.88475
1755404225225,0.289532,-0.017348,9.868001
1755404225228,0.284746,-0.002991,9.882358
1755404225230,0.263211,-0.010169,9.872787
1755404225233,0.265603,-0.019741,9.891929
1755404225235,0.270389,-0.014955,9.877572
1755404225237,0.303888,-0.007777,9.882358
1755404225240,0.253639,-0.022134,9.887143
1755404225244,0.294317,0.004187,9.903893
1755404225246,0.29671,-0.005384,9.872787
1755404225247,0.275175,-0.010169,9.877572
1755404225250,0.258425,-0.026919,9.887143
1755404225252,0.287139,-0.010169,9.863214
1755404225255,0.277567,-0.014955,9.870394
1755404225257,0.306281,-0.043669,9.875179
1755404225259,0.289532,-0.050847,9.879965
1755404225262,0.270389,-0.036491,9.868001
1755404225264,0.251246,-0.014955,9.870394
1755404225267,0.260818,-0.017348,9.868001
1755404225269,0.272782,-0.010169,9.877572
1755404225271,0.267996,-0.048455,9.860822
1755404225274,0.311067,-0.022134,9.913465
1755404225276,0.303888,-0.031705,9.88475
1755404225279,0.289532,-0.000598,9.875179
1755404225281,0.260818,-0.012562,9.896714
1755404225284,0.272782,-0.043669,9.851251
1755404225285,0.270389,-0.000598,10.002297
1755404225288,0.356531,0.05683,9.820144
1755404225290,0.236889,-0.134596,9.851251
1755404225293,0.337388,-0.010169,9.959227
1755404225296,0.349352,-0.005384,9.772287
1755404225299,0.140877,-0.055633,10.059726
1755404225300,0.428315,0.004187,9.669396
1755404225302,0.16002,-0.074776,10.052547
1755404225305,0.380459,0.083151,9.700503
1755404225307,0.19352,-0.074776,9.990334
1755404225309,0.337388,0.054437,9.832108
1755404225312,0.287139,-0.067597,9.820144
1755404225315,0.229711,-0.029312,10.002297
1755404225316,0.375673,0.001795,9.659825
1755404225319,0.162413,-0.041276,10.107582
1755404225321,0.435494,0.025723,9.676575
1755404225324,0.169591,-0.062812,10.109975
1755404225326,0.397209,0.042473,9.793823
1755404225330,0.236889,-0.065204,9.870394
1755404225333,0.251246,-0.029312,9.932607
1755404225334,0.370888,0.008973,9.712467
1755404225336,0.128913,-0.038883,10.011869
1755404225338,0.411565,0.049651,9.717253
1755404225341,0.179163,-0.081954,10.076475
1755404225343,0.344566,0.032901,9.817751
1755404225347,0.251246,-0.072383,9.877572
1755404225348,0.20339,-0.010169,10.023833
1755404225350,0.401994,0.011366,9.65504
1755404225352,0.121735,-0.050847,10.093225
1755404225355,0.445065,0.059222,9.736395
1755404225357,0.232104,-0.113061,9.971191
1755404225360,0.275175,0.011366,9.930214
1755404225362,0.368495,-0.041276,9.757931
1755404225365,0.128913,-0.058026,9.961619
1755404225367,0.4666,0.049651,9.79143
1755404225369,0.121735,-0.084347,10.107582
1755404225373,0.22014,0.121436,9.647861
1755404225375,0.366102,-0.129811,9.985548
1755404225377,0.272782,0.016152,10.035797
1755404225379,0.380459,0.001795,10.377971
1755404225383,0.22014,0.008973,9.947263
1755404225384,0.478565,-0.062812,10.023833
1755404225386,0.229711,-0.05324,9.74836
1755404225389,0.232104,0.042473,9.925428
1755404225391,0.241675,0.042473,9.980762
1755404225393,0.167198,0.011366,9.698111
1755404225395,0.275175,0.016152,9.726824
1755404225398,0.236889,-0.093918,9.54497
1755404225401,0.291924,-0.012562,10.13151
1755404225403,0.315853,0.020937,10.169795
1755404225406,0.248854,0.032901,10.126724
1755404225408,0.327817,-0.010169,9.990334
1755404225410,0.315853,-0.060419,9.851251
1755404225412,0.212961,-0.019741,9.449257
1755404225416,0.346959,-0.058026,10.174581
1755404225417,0.251246,-0.019741,9.793823
1755404225420,0.289532,-0.036491,9.738789
1755404225422,0.22014,-0.002991,9.846465
1755404225425,0.183948,0.00658,9.647861
1755404225427,0.332602,-0.014955,10.028619
1755404225429,0.217747,-0.012562,9.817751
1755404225432,0.284746,-0.034098,9.834501
1755404225435,0.260818,-0.055633,9.88475
1755404225436,0.289532,-0.014955,9.882358
1755404225439,0.272782,-0.034098,9.896714
1755404225442,0.267996,-0.048455,9.894321
1755404225443,0.311067,-0.022134,9.846465
1755404225446,0.287139,-0.036491,9.911072
1755404225449,0.301496,0.004187,9.832108
1755404225451,0.263211,-0.029312,9.911072
1755404225453,0.27996,-0.002991,9.865608
1755404225455,0.251246,-0.005384,9.882358
1755404225458,0.27996,-0.050847,9.899107
1755404225460,0.306281,-0.014955,9.853643
1755404225463,0.308674,-0.043669,9.923036
1755404225466,0.287139,-0.034098,9.879965
1755404225468,0.291924,-0.014955,9.875179
1755404225470,0.27996,-0.029312,9.882358
1755404225472,0.27996,-0.034098,9.877572
1755404225475,0.244068,-0.036491,9.877572
1755404225477,0.277567,-0.022134,9.858429
1755404225480,0.27996,-0.036491,9.875179
1755404225482,0.291924,-0.002991,9.858429
1755404225485,0.265603,-0.002991,9.894321
1755404225487,0.236889,-0.010169,9.784252
1755404225489,0.270389,-0.024526,9.911072
1755404225492,0.282353,-0.012562,9.875179
1755404225494,0.301496,0.001795,9.920643
1755404225497,0.301496,-0.014955,9.844072
1755404225500,0.277567,-0.038883,9.882358
1755404225502,0.265603,-0.014955,9.829716
1755404225504,0.272782,-0.002991,9.903893
1755404225506,0.282353,-0.017348,9.870394
1755404225508,0.229711,-0.019741,9.846465
1755404225511,0.289532,-0.017348,9.856036
1755404225513,0.311067,-0.038883,9.913465
1755404225517,0.267996,-0.022134,9.858429
1755404225519,0.291924,-0.022134,9.889536
1755404225521,0.277567,-0.029312,9.879965
1755404225523,0.301496,-0.024526,9.853643
1755404225525,0.311067,-0.034098,9.894321
1755404225528,0.270389,-0.026919,9.88475
1755404225530,0.267996,0.00658,9.9015
1755404225534,0.284746,-0.050847,9.872787
1755404225536,0.272782,0.011366,9.956834
1755404225537,0.339781,-0.036491,9.801002
1755404225539,0.248854,0.00658,9.983155
1755404225542,0.344566,-0.067597,9.822537
1755404225544,0.222533,-0.029312,9.949656
1755404225547,0.351745,-0.050847,9.82493
1755404225549,0.19352,-0.031705,9.932607
1755404225552,0.277567,-0.074776,9.731609
1755404225555,0.244068,-0.022134,9.829716
1755404225557,0.289532,-0.055633,9.954441
1755404225559,0.301496,0.00658,9.801002
1755404225561,0.244068,-0.031705,10.016655
1755404225563,0.301496,-0.000598,9.683753
1755404225566,0.258425,-0.022134,10.102797
1755404225569,0.33021,-0.002991,9.686146
1755404225571,0.248854,-0.036491,9.894321
1755404225573,0.291924,-0.079561,9.899107
1755404225575,0.33021,-0.022134,9.817751
1755404225578,0.244068,0.02333,10.016655
1755404225580,0.320638,0.042473,9.992726
1755404225583,0.284746,-0.05324,9.930214
1755404225585,0.351745,-0.058026,9.643075
1755404225588,0.291924,-0.081954,9.975977
1755404225590,0.246461,0.018544,9.939785
1755404225593,0.318245,0.054437,9.777073
1755404225595,0.260818,-0.036491,10.059726
1755404225597,0.311067,-0.074776,9.633504
1755404225599,0.303888,-0.084347,9.956834
1755404225602,0.287139,-0.014955,9.956834
1755404225605,0.301496,0.092722,9.822537
1755404225607,0.244068,0.037687,10.090832
1755404225610,0.287139,-0.065204,9.547362
1755404225611,0.227318,-0.081954,9.920643
1755404225614,0.29671,-0.050847,9.944571
1755404225616,0.277567,0.083151,9.872787
1755404225619,0.251246,0.035294,10.109975
1755404225622,0.272782,-0.074776,9.607183
1755404225623,0.291924,-0.127418,9.930214
1755404225626,0.260818,-0.065204,9.853643
1755404225628,0.311067,0.095115,9.973584
1755404225631,0.234497,0.04008,9.961619
1755404225633,0.27996,-0.091525,9.690931
1755404225636,0.248854,-0.117847,9.947263
1755404225638,0.27996,0.075972,9.956834
1755404225642,0.272782,0.066401,9.769895
1755404225643,0.27996,-0.098704,9.827323
1755404225645,0.301496,-0.113061,9.832108
1755404225647,0.301496,0.049651,9.987941
1755404225650,0.234497,0.068794,9.942178
1755404225653,0.27996,-0.067597,9.750752
1755404225656,0.311067,-0.122632,9.88475
1755404225657,0.260818,0.025723,9.952048
1755404225659,0.275175,0.085543,9.829716
1755404225662,0.29671,-0.024526,9.891929
1755404225664,0.294317,-0.091525,9.80818
1755404225666,0.277567,0.011366,9.915857
1755404225670,0.258425,0.04008,9.939785
1755404225673,0.308674,-0.017348,9.836894
1755404225675,0.294317,-0.043669,9.9015
1755404225676,0.287139,-0.000598,9.872787
1755404225679,0.275175,0.008973,9.860822
1755404225681,0.289532,-0.005384,9.899107
1755404225684,0.294317,-0.041276,9.863214
1755404225689,0.315853,-0.019741,9.882358
1755404225690,0.267996,-0.019741,9.903893
1755404225692,0.277567,-0.022134,9.875179
1755404225693,0.303888,-0.026919,9.853643
1755404225695,0.282353,-0.022134,9.925428
1755404225697,0.275175,-0.010169,9.846465
1755404225700,0.277567,-0.024526,9.865608
1755404225706,0.265603,-0.036491,9.88475
1755404225708,0.306281,-0.014955,9.920643
1755404225709,0.270389,-0.019741,9.82493
1755404225710,0.282353,-0.034098,9.9015
1755404225712,0.327817,-0.048455,9.827323
1755404225715,0.342174,-0.098704,9.932607
1755404225717,0.277567,-0.010169,9.896714
1755404225719,0.258425,-0.017348,9.793823
1755404225722,0.29671,-0.031705,9.9015
1755404225724,0.27996,-0.026919,9.908679
1755404225727,0.301496,-0.007777,9.903893
1755404225729,0.27996,-0.019741,9.894321
1755404225731,0.277567,-0.029312,9.839287
1755404225734,0.275175,-0.026919,9.896714
1755404225736,0.263211,-0.026919,9.856036
1755404225739,0.270389,0.004187,9.889536
1755404225741,0.291924,-0.010169,9.856036
1755404225743,0.277567,-0.026919,9.870394
1755404225746,0.258425,-0.012562,9.903893
1755404225748,0.275175,-0.005384,9.877572
1755404225751,0.29671,-0.000598,9.887143
1755404225753,0.289532,-0.046062,9.9015
1755404225756,0.267996,-0.005384,9.858429
1755404225758,0.282353,-0.038883,9.906285
1755404225760,0.303888,-0.038883,9.891929
1755404225763,0.258425,0.00658,9.954441
1755404225765,0.282353,-0.041276,9.784252
1755404225767,0.241675,-0.036491,9.947263
1755404225769,0.346959,-0.014955,9.707682
1755404225775,0.222533,-0.058026,9.913465
1755404225776,0.311067,-0.029312,9.911072
1755404225777,0.31346,0.052044,9.91825
1755404225779,0.256032,0.001795,9.97837
1755404225782,0.270389,-0.072383,9.645468
1755404225784,0.277567,-0.139382,9.860822
1755404225787,0.258425,-0.007777,10.011869
1755404225790,0.31346,0.135793,9.865608
1755404225791,0.236889,-0.017348,9.966406
1755404225794,0.270389,-0.113061,9.769895
1755404225796,0.301496,-0.038883,9.868001
1755404225798,0.263211,0.020937,9.934999
1755404225801,0.320638,0.00658,9.865608
1755404225803,0.299103,-0.055633,9.860822
1755404225805,0.27996,-0.046062,9.889536
1755404225808,0.258425,-0.005384,9.882358
1755404225810,0.277567,-0.022134,9.868001
1755404225813,0.275175,-0.043669,9.966406
1755404225815,0.303888,-0.029312,9.82493
1755404225818,0.256032,-0.038883,9.966406
1755404225820,0.306281,-0.031705,9.79143
1755404225823,0.258425,-0.026919,9.925428
1755404225825,0.311067,0.004187,9.870394
1755404225828,0.272782,-0.002991,9.879965
1755404225829,0.272782,-0.041276,9.891929
1755404225832,0.294317,-0.041276,9.793823
1755404225834,0.27996,-0.05324,9.947263
1755404225837,0.315853,-0.022134,9.820144
1755404225841,0.275175,-0.014955,9.896714
1755404225842,0.29671,-0.012562,9.858429
1755404225844,0.308674,-0.017348,9.860822
1755404225846,0.303888,-0.036491,9.915857
1755404225848,0.272782,-0.036491,9.827323
1755404225851,0.258425,-0.007777,9.932607
1755404225854,0.229711,0.016152,9.832108
1755404225857,0.267996,0.020937,9.872787
1755404225859,0.275175,-0.048455,9.829716
1755404225861,0.303888,-0.036491,9.937392
1755404225863,0.301496,0.025723,9.836894
1755404225865,0.241675,-0.036491,9.939785
1755404225868,0.308674,-0.002991,9.762716
1755404225871,0.236889,-0.05324,9.968799
1755404225873,0.342174,-0.010169,9.757931
1755404225875,0.236889,-0.074776,10.009477
1755404225877,0.31346,0.032901,9.844072
1755404225880,0.277567,0.004187,9.863214
1755404225882,0.239282,-0.129811,9.729217
1755404225884,0.31346,-0.029312,9.995119
1755404225887,0.263211,0.147757,10.081261
1755404225891,0.301496,-0.000598,9.631111
1755404225892,0.260818,-0.235095,9.84168
1755404225895,0.308674,-0.062812,9.964012
1755404225897,0.29671,0.186042,9.925428
1755404225899,0.222533,-0.007777,9.851251
1755404225902,0.303888,-0.220738,9.726824
1755404225904,0.31346,-0.05324,10.007083
1755404225907,0.270389,0.178863,10.023833
1755404225909,0.287139,-0.026919,9.671789
1755404225912,0.270389,-0.235095,9.913465
1755404225914,0.248854,0.025723,9.97837
1755404225916,0.284746,0.152542,9.798609
1755404225918,0.241675,-0.081954,9.88475
1755404225920,0.27996,-0.132203,9.896714
1755404225923,0.294317,0.052044,9.844072
1755404225926,0.260818,0.001795,9.877572
1755404225928,0.301496,-0.115454,9.829716
1755404225930,0.33021,-0.002991,9.942178
1755404225932,0.258425,0.075972,9.903893
1755404225935,0.282353,-0.098704,9.798609
1755404225937,0.31346,-0.058026,10.035797
1755404225940,0.263211,0.052044,9.9015
1755404225943,0.272782,-0.050847,9.736395
1755404225945,0.303888,-0.060419,10.035797
1755404225947,0.33021,0.052044,9.908679
1755404225950,0.277567,0.013759,9.738789
1755404225951,0.277567,-0.074776,10.016655
1755404225954,0.308674,0.047258,9.939785
1755404225956,0.263211,0.025723,9.741181
1755404225960,0.263211,-0.079561,9.947263
1755404225962,0.33021,-0.034098,9.906285
1755404225964,0.306281,0.047258,9.753145
1755404225966,0.22014,-0.055633,9.956834
1755404225969,0.29671,-0.038883,9.913465
1755404225971,0.29671,0.030508,9.765109
1755404225973,0.205783,-0.081954,9.88475
1755404225977,0.294317,-0.074776,9.899107
1755404225978,0.325424,0.004187,9.9015
1755404225980,0.227318,0.001795,9.887143
1755404225983,0.294317,-0.091525,9.84168
1755404225985,0.29671,-0.012562,9.906285
1755404225987,0.267996,-0.005384,9.891929
1755404225991,0.256032,-0.014955,9.846465
1755404225993,0.318245,-0.014955,9.91825
1755404225995,0.256032,-0.024526,9.877572
1755404225997,0.270389,-0.017348,9.856036
1755404225999,0.311067,-0.017348,9.868001
1755404226002,0.246461,-0.041276,9.971191
1755404226005,0.334995,-0.038883,9.923036
1755404226007,0.327817,-0.055633,9.896714
1755404226010,0.287139,-0.038883,9.990334
1755404226013,0.315853,-0.036491,9.815358
1755404226014,0.270389,-0.019741,9.872787
1755404226017,0.318245,-0.036491,9.906285
1755404226019,0.301496,-0.010169,9.848858
1755404226021,0.277567,-0.012562,9.863214
1755404226023,0.232104,-0.017348,9.765109
1755404226028,0.349352,-0.026919,10.019048
1755404226030,0.258425,-0.036491,9.781859
1755404226031,0.301496,-0.031705,9.906285
1755404226033,0.222533,0.042473,9.911072
1755404226035,0.31346,0.018544,10.062119
1755404226038,0.361316,-0.05324,9.959227
1755404226040,0.140877,0.052044,9.724431
1755404226044,0.311067,-0.022134,10.062119
1755404226046,0.459422,-0.081954,10.141082
1755404226048,0.272782,-0.012562,9.812965
1755404226050,0.287139,-0.036491,9.911072
1755404226053,0.370888,-0.06999,9.992726
1755404226055,0.416351,-0.101097,10.081261
1755404226057,0.325424,-0.046062,9.971191
1755404226061,0.205783,-0.007777,9.635897
1755404226063,0.306281,0.001795,9.944571
1755404226065,0.287139,-0.017348,9.930214
1755404226067,0.282353,0.018544,10.133903
1755404226069,0.200997,0.025723,9.829716
1755404226071,0.378066,-0.012562,10.361221
1755404226074,0.318245,-0.05324,9.954441
1755404226076,0.301496,-0.05324,9.793823
1755404226079,0.229711,0.008973,9.899107
1755404226082,0.315853,-0.041276,10.076475
1755404226083,0.256032,0.035294,9.858429
1755404226086,0.277567,-0.041276,9.834501
1755404226088,0.303888,-0.002991,9.853643
1755404226091,0.291924,0.00658,9.97837
1755404226095,0.29671,-0.055633,9.820144
1755404226096,0.265603,-0.014955,9.915857
1755404226099,0.308674,-0.024526,9.903893
1755404226100,0.311067,-0.000598,9.9015
1755404226103,0.265603,-0.019741,9.868001
1755404226105,0.287139,0.018544,9.870394
1755404226107,0.294317,-0.024526,9.853643
1755404226110,0.299103,-0.046062,9.741181
1755404226113,0.244068,0.008973,10.026226
1755404226115,0.332602,0.071186,9.726824
1755404226117,0.234497,-0.048455,9.971191
1755404226119,0.272782,-0.129811,9.836894
1755404226122,0.256032,0.004187,9.954441
1755404226124,0.294317,0.05683,9.858429
1755404226126,0.277567,-0.062812,9.820144
1755404226129,0.339781,-0.074776,9.925428
1755404226132,0.327817,0.008973,9.827323
1755404226134,0.267996,-0.034098,9.899107
1755404226136,0.31346,-0.012562,9.877572
1755404226139,0.282353,-0.014955,9.875179
1755404226141,0.244068,-0.084347,9.894321
1755404226144,0.332602,0.016152,9.961619
1755404226146,0.303888,0.030508,9.915857
1755404226148,0.294317,-0.062812,9.750752
1755404226150,0.315853,-0.060419,9.987941
1755404226153,0.308674,0.028116,9.896714
1755404226155,0.284746,-0.012562,9.693324
1755404226158,0.277567,-0.074776,9.947263
1755404226161,0.301496,-0.005384,9.932607
1755404226164,0.277567,0.020937,9.769895
1755404226165,0.282353,-0.050847,9.91825
1755404226167,0.275175,-0.055633,9.84168
1755404226170,0.303888,0.044865,9.848858
1755404226172,0.258425,0.016152,9.987941
1755404226175,0.299103,-0.079561,9.812965
1755404226177,0.282353,-0.060419,9.906285
1755404226181,0.272782,0.028116,9.899107
1755404226183,0.260818,-0.048455,9.786645
1755404226184,0.289532,-0.038883,9.908679
1755404226187,0.29671,-0.010169,9.868001
1755404226189,0.289532,-0.065204,9.834501
1755404226191,0.320638,0.00658,9.999905
1755404226194,0.306281,0.028116,9.882358
1755404226197,0.277567,-0.06999,9.765109
1755404226201,0.291924,-0.081954,9.949656
1755404226203,0.299103,0.049651,9.899107
1755404226204,0.272782,-0.012562,9.741181
1755404226206,0.251246,-0.089133,9.947263
1755404226208,0.33021,-0.012562,9.915857
1755404226210,0.289532,0.037687,9.767502
1755404226214,0.270389,-0.050847,9.891929
1755404226216,0.320638,-0.08674,9.896714
1755404226218,0.308674,0.047258,9.812965
1755404226221,0.236889,-0.038883,9.851251
1755404226222,0.294317,-0.093918,9.923036
1755404226225,0.31346,0.030508,9.853643
1755404226227,0.234497,0.00658,9.88475
1755404226231,0.275175,-0.096311,9.860822
1755404226232,0.308674,-0.005384,9.949656
1755404226235,0.217747,0.032901,9.860822
1755404226237,0.272782,-0.074776,9.822537
1755404226239,0.308674,-0.019741,9.985548
1755404226242,0.253639,0.042473,9.848858
1755404226244,0.236889,-0.058026,9.84168
1755404226248,0.320638,-0.002991,9.995119
1755404226249,0.272782,0.030508,9.812965
1755404226252,0.234497,-0.072383,9.810573
1755404226253,0.366102,-0.055633,9.980762
1755404226256,0.277567,0.032901,9.915857
1755404226258,0.253639,-0.005384,9.698111
1755404226261,0.263211,-0.098704,9.997512
1755404226263,0.337388,0.011366,9.856036
1755404226266,0.246461,0.018544,9.805787
1755404226269,0.277567,-0.029312,9.903893
1755404226270,0.299103,0.001795,9.887143
1755404226272,0.246461,-0.000598,9.779466
1755404226275,0.275175,-0.048455,9.947263
1755404226277,0.289532,-0.038883,9.853643
1755404226280,0.289532,-0.031705,9.851251
1755404226283,0.224925,-0.002991,9.964012
1755404226285,0.320638,-0.022134,9.817751
1755404226287,0.301496,-0.048455,9.865608
1755404226289,0.272782,-0.041276,9.944571
1755404226292,0.303888,0.02333,9.822537
1755404226294,0.263211,0.02333,9.906285
1755404226299,0.318245,-0.043669,9.868001
1755404226301,0.303888,-0.019741,9.872787
1755404226302,0.260818,0.004187,9.908679
1755404226304,0.294317,-0.017348,9.9015
1755404226306,0.27996,-0.019741,9.88475
1755404226309,0.246461,-0.029312,9.860822
1755404226311,0.27996,-0.019741,9.832108
1755404226314,0.267996,-0.031705,9.870394
1755404226316,0.282353,-0.060419,9.9015
1755404226318,0.256032,-0.007777,9.865608
1755404226321,0.287139,-0.010169,9.882358
1755404226323,0.299103,-0.017348,9.877572
1755404226325,0.27996,-0.019741,9.851251
1755404226328,0.284746,-0.012562,9.868001
1755404226330,0.29671,-0.041276,9.875179
1755404226333,0.282353,-0.036491,9.865608
1755404226335,0.265603,-0.019741,9.889536
1755404226337,0.325424,-0.031705,9.889536
1755404226340,0.289532,-0.038883,9.877572
1755404226343,0.287139,-0.012562,9.875179
1755404226344,0.301496,-0.007777,9.872787
1755404226347,0.306281,-0.022134,9.944571
1755404226350,0.270389,-0.002991,9.762716
1755404226353,0.256032,-0.031705,9.84168
1755404226354,0.265603,-0.046062,9.793823
1755404226357,0.294317,-0.014955,9.906285
1755404226359,0.260818,0.004187,9.726824
1755404226361,0.277567,-0.022134,9.908679
1755404226364,0.263211,-0.017348,9.741181
1755404226367,0.275175,-0.043669,9.947263
1755404226369,0.299103,-0.017348,9.971191
1755404226371,0.282353,-0.014955,9.856036
1755404226373,0.289532,0.001795,9.829716
1755404226375,0.275175,0.016152,9.9015
1755404226378,0.318245,-0.007777,9.954441
1755404226381,0.294317,-0.017348,10.016655
1755404226384,0.289532,-0.000598,9.903893
1755404226385,0.258425,-0.000598,9.848858
1755404226388,0.289532,-0.034098,9.906285
1755404226390,0.256032,-0.05324,9.947263
1755404226392,0.31346,-0.017348,9.868001
1755404226395,0.275175,-0.014955,9.908679
1755404226398,0.260818,-0.007777,9.827323
1755404226401,0.315853,-0.022134,9.863214
1755404226403,0.299103,-0.014955,9.860822
1755404226405,0.29671,-0.022134,9.846465
1755404226407,0.27996,-0.019741,9.920643
1755404226409,0.294317,0.004187,9.88475
1755404226411,0.265603,-0.005384,9.934999
1755404226414,0.334995,-0.034098,9.705289
1755404226418,0.232104,-0.06999,10.074082
1755404226421,0.382852,-0.017348,9.631111
1755404226422,0.169591,-0.036491,10.203295
1755404226424,0.399601,0.025723,9.62154
1755404226426,0.205783,-0.060419,10.18176
1755404226428,0.370888,-0.002991,9.616755
1755404226431,0.20339,-0.05324,10.011869
1755404226433,0.306281,-0.041276,9.717253
1755404226436,0.234497,-0.050847,9.903893
1755404226438,0.320638,-0.022134,9.903893
1755404226441,0.344566,0.030508,9.839287
1755404226443,0.31346,-0.029312,9.964012
1755404226445,0.308674,-0.06999,9.71486
1755404226448,0.265603,-0.072383,9.930214
1755404226450,0.282353,0.018544,9.920643
1755404226452,0.327817,0.011366,9.815358
1755404226456,0.308674,-0.081954,9.920643
1755404226457,0.289532,-0.065204,9.829716
1755404226460,0.277567,-0.017348,9.932607
1755404226462,0.270389,0.013759,9.899107
1755404226465,0.315853,-0.043669,9.772287
1755404226467,0.248854,-0.050847,9.925428
1755404226470,0.29671,-0.031705,9.875179
1755404226472,0.287139,0.028116,9.846465
1755404226474,0.253639,-0.034098,9.896714
1755404226476,0.303888,-0.072383,9.899107
1755404226479,0.29671,-0.012562,9.959227
1755404226482,0.239282,0.032901,10.074082
1755404226483,0.287139,0.011366,9.760324
1755404226486,0.215354,-0.091525,9.863214
1755404226488,0.308674,-0.110668,9.789038
1755404226491,0.31346,0.02333,9.868001
1755404226493,0.284746,0.095115,10.042975
1755404226495,0.299103,0.049651,9.80818
1755404226499,0.241675,-0.105882,9.932607
1755404226500,0.294317,-0.134596,9.729217
1755404226504,0.284746,-0.034098,9.868001
1755404226506,0.287139,0.073579,10.047761
1755404226507,0.332602,0.049651,9.779466
1755404226510,0.241675,-0.08674,9.954441
1755404226512,0.282353,-0.10349,9.734002
1755404226515,0.287139,-0.043669,9.927821
1755404226517,0.277567,0.0999,10.019048
1755404226520,0.320638,0.02333,9.734002
1755404226522,0.227318,-0.136989,9.872787
1755404226524,0.284746,-0.041276,9.9015
1755404226527,0.299103,0.085543,9.839287
1755404226529,0.222533,-0.017348,9.961619
1755404226532,0.29671,-0.050847,9.832108
1755404226534,0.277567,-0.08674,9.827323
1755404226537,0.248854,-0.005384,9.949656
1755404226539,0.370888,0.016152,9.789038
1755404226541,0.253639,-0.026919,9.973584
1755404226543,0.332602,0.020937,9.834501
1755404226546,0.263211,-0.010169,9.908679
1755404226548,0.294317,-0.010169,9.832108
1755404226551,0.287139,-0.022134,9.915857
1755404226554,0.294317,-0.022134,9.9015
1755404226556,0.282353,-0.022134,9.817751
1755404226558,0.277567,-0.041276,9.971191
1755404226560,0.315853,-0.034098,9.827323
1755404226562,0.260818,-0.022134,9.942178
1755404226565,0.334995,-0.005384,9.877572
1755404226567,0.299103,-0.029312,9.863214
1755404226571,0.260818,-0.026919,9.887143
1755404226574,0.27996,-0.041276,9.846465
1755404226575,0.289532,-0.000598,9.877572
1755404226577,0.246461,0.001795,9.856036
1755404226579,0.275175,-0.022134,9.858429
1755404226582,0.260818,-0.041276,9.906285
1755404226584,0.33021,-0.050847,9.779466
1755404226588,0.239282,-0.031705,9.964012
1755404226590,0.337388,-0.010169,9.753145
1755404226592,0.267996,-0.08674,9.959227
1755404226594,0.346959,-0.014955,9.853643
1755404226596,0.272782,-0.022134,9.987941
1755404226599,0.277567,0.030508,9.930214
1755404226601,0.33021,0.004187,9.753145
1755404226605,0.256032,-0.125025,9.777073
1755404226606,0.299103,-0.046062,9.877572
1755404226608,0.354138,0.05683,9.889536
1755404226610,0.303888,0.001795,9.896714
1755404226613,0.272782,-0.10349,9.834501
1755404226616,0.351745,-0.019741,9.971191
1755404226618,0.282353,0.104686,9.937392
1755404226620,0.299103,-0.036491,9.750752
1755404226623,0.258425,-0.093918,9.961619
1755404226625,0.263211,0.059222,9.865608
1755404226628,0.260818,-0.019741,9.743574
1755404226630,0.294317,-0.08674,9.879965
1755404226632,0.27996,-0.031705,9.971191
1755404226635,0.282353,0.061615,9.77468
1755404226637,0.267996,-0.026919,9.949656
1755404226640,0.31346,-0.101097,9.820144
1755404226642,0.303888,-0.026919,9.891929
1755404226644,0.234497,0.095115,9.999905
1755404226647,0.303888,-0.034098,9.779466
1755404226649,0.308674,-0.122632,9.923036
1755404226652,0.263211,0.008973,9.964012
1755404226654,0.29671,0.032901,9.848858
1755404226657,0.272782,-0.041276,9.952048
1755404226659,0.294317,-0.036491,9.889536
1755404226661,0.265603,0.030508,9.846465
1755404226663,0.270389,-0.019741,9.952048
1755404226666,0.277567,0.028116,9.829716
1755404226668,0.29671,-0.022134,9.964012
1755404226670,0.344566,-0.034098,10.066904
1755404226673,0.31346,-0.007777,9.966406
1755404226677,0.102592,0.035294,9.561719
1755404226679,0.114556,0.018544,9.659825
1755404226681,0.198604,-0.05324,9.401401
1755404226682,0.229711,-0.002991,9.860822
1755404226685,0.157627,0.028116,9.896714
1755404226687,0.232104,0.004187,9.755538
1755404226690,0.128913,0.037687,9.600004
1755404226692,0.260818,0.032901,10.057333
1755404226695,0.035593,0.109472,9.521041
1755404226697,0.349352,-0.014955,10.05494
1755404226699,0.282353,-0.010169,9.966406
1755404226702,0.205783,-0.000598,9.820144
1755404226704,0.234497,-0.010169,9.669396
1755404226707,0.29671,-0.029312,9.964012
1755404226709,0.380459,-0.019741,10.136296
1755404226711,0.210568,-0.084347,9.310174
1755404226713,0.284746,-0.060419,9.702896
1755404226716,0.205783,0.042473,9.908679
1755404226718,0.294317,-0.036491,9.769895
1755404226721,0.358923,-0.014955,10.251151
1755404226723,0.181555,0.042473,9.757931
1755404226726,0.275175,-0.041276,9.84168
1755404226728,0.282353,-0.034098,9.851251
1755404226730,0.299103,-0.038883,9.932607
1755404226733,0.289532,-0.014955,9.853643
1755404226735,0.411565,-0.062812,10.212866
1755404226738,0.277567,-0.017348,9.84168
1755404226741,0.370888,-0.096311,9.77468
1755404226743,0.315853,-0.091525,9.568898
1755404226745,0.272782,-0.062812,9.62154
1755404226747,0.397209,-0.038883,10.074082
1755404226750,0.131306,0.064008,9.671789
1755404226752,0.387637,-0.110668,10.033404
1755404226754,0.251246,-0.038883,9.753145
1755404226758,0.445065,-0.110668,9.990334
1755404226760,0.270389,0.001795,9.911072
1755404226761,0.277567,-0.050847,9.891929
1755404226764,0.277567,-0.036491,9.879965
1755404226766,0.260818,-0.005384,9.872787
1755404226769,0.282353,-0.022134,9.868001
1755404226771,0.306281,-0.05324,9.860822
1755404226773,0.284746,-0.005384,9.872787
1755404226776,0.27996,-0.029312,9.872787
1755404226778,0.270389,-0.019741,9.875179
1755404226781,0.263211,-0.041276,9.877572
1755404226783,0.272782,-0.017348,9.868001
1755404226785,0.301496,-0.014955,9.863214
1755404226788,0.301496,-0.029312,9.875179
1755404226792,0.27996,0.004187,9.891929
1755404226795,0.287139,-0.002991,9.899107
1755404226796,0.267996,-0.041276,9.894321
1755404226798,0.289532,-0.041276,9.877572
1755404226800,0.284746,-0.014955,9.9015
1755404226802,0.299103,-0.014955,9.915857
1755404226804,0.265603,-0.024526,9.9015
1755404226807,0.260818,-0.012562,9.9015
1755404226810,0.272782,0.001795,9.882358
1755404226812,0.29671,-0.007777,9.896714
1755404226814,0.265603,0.011366,9.863214
1755404226817,0.275175,0.00658,9.853643
1755404226819,0.29671,0.011366,9.939785
1755404226821,0.272782,-0.036491,9.848858
1755404226824,0.232104,-0.041276,9.868001
1755404226826,0.246461,-0.007777,9.757931
1755404226828,0.265603,-0.012562,9.983155
1755404226831,0.267996,0.008973,9.932607
1755404226833,0.299103,-0.014955,9.865608
1755404226836,0.258425,-0.038883,9.865608
1755404226838,0.294317,-0.012562,9.879965
1755404226841,0.260818,0.004187,9.858429
1755404226843,0.323031,-0.031705,9.786645
1755404226845,0.215354,-0.06999,9.952048
1755404226848,0.387637,0.001795,9.803394
1755404226850,0.19352,-0.007777,10.074082
1755404226852,0.315853,0.032901,9.750752
1755404226855,0.227318,-0.022134,9.992726
1755404226857,0.356531,-0.024526,9.745967
1755404226860,0.22014,0.008973,10.009477
1755404226862,0.356531,-0.005384,9.712467
1755404226864,0.215354,-0.026919,10.098011
1755404226867,0.375673,-0.002991,9.597611
1755404226870,0.195912,-0.060419,10.126724
1755404226872,0.33021,0.00658,9.798609
1755404226874,0.267996,-0.041276,9.992726
1755404226877,0.294317,-0.012562,9.860822
1755404226879,0.289532,-0.046062,9.872787
1755404226881,0.291924,-0.038883,9.860822
1755404226884,0.303888,0.008973,9.79143
1755404226886,0.291924,-0.048455,10.014262
1755404226889,0.29671,-0.005384,9.705289
1755404226891,0.251246,-0.046062,9.964012
1755404226894,0.332602,-0.034098,9.777073
1755404226896,0.258425,-0.017348,10.050154
1755404226898,0.337388,-0.010169,9.74836
1755404226901,0.227318,-0.024526,10.057333
1755404226903,0.332602,-0.014955,9.762716
1755404226905,0.244068,-0.046062,9.947263
1755404226907,0.287139,-0.014955,9.815358
1755404226912,0.289532,-0.043669,9.9015
1755404226913,0.287139,-0.048455,9.88475
1755404226915,0.308674,-0.000598,9.82493
1755404226918,0.277567,-0.055633,10.009477
1755404226920,0.346959,0.001795,9.731609
1755404226922,0.251246,-0.012562,9.97837
1755404226924,0.378066,-0.007777,9.760324
1755404226928,0.239282,-0.026919,10.098011
1755404226930,0.315853,-0.010169,9.690931
1755404226932,0.212961,-0.002991,10.136296
1755404226935,0.339781,0.00658,9.729217
1755404226936,0.20339,-0.036491,9.947263
1755404226939,0.308674,-0.050847,9.781859
1755404226941,0.258425,-0.007777,9.870394
1755404226945,0.301496,-0.055633,9.971191
1755404226946,0.332602,0.011366,9.79143
1755404226949,0.205783,-0.041276,9.999905
1755404226951,0.306281,0.018544,9.690931
1755404226954,0.236889,-0.034098,10.153046
1755404226955,0.33021,0.025723,9.657433
1755404226958,0.20339,-0.012562,10.076475
1755404226962,0.315853,-0.014955,9.652647
1755404226963,0.188734,-0.014955,9.939785
1755404226965,0.318245,-0.000598,9.88475
1755404226968,0.282353,-0.007777,9.968799
1755404226970,0.289532,-0.041276,9.925428
1755404226972,0.311067,-0.034098,9.934999
1755404226974,0.272782,0.004187,9.865608
1755404226977,0.265603,-0.017348,9.846465
1755404226979,0.303888,0.035294,10.18176
1755404226982,0.12652,0.109472,9.702896
1755404226984,0.186341,0.030508,9.734002
1755404226987,0.267996,-0.019741,9.894321
1755404226989,0.327817,-0.031705,9.877572
1755404226991,0.263211,-0.019741,9.91825
1755404226996,0.375673,-0.072383,9.925428
1755404226998,0.27996,-0.014955,9.97837
1755404226999,0.308674,-0.089133,9.834501
1755404227001,0.29671,-0.058026,9.779466
1755404227003,0.351745,-0.050847,10.019048
1755404227006,0.368495,-0.062812,10.098011
1755404227008,0.263211,-0.029312,9.777073
1755404227011,0.349352,-0.089133,9.942178
1755404227015,0.272782,-0.05324,9.674182
1755404227017,0.368495,-0.072383,9.983155
1755404227018,0.234497,0.013759,9.906285
1755404227020,0.277567,0.001795,10.050154
1755404227022,0.282353,0.008973,9.920643
1755404227025,0.339781,-0.05324,10.031012
1755404227027,0.253639,-0.031705,9.836894
1755404227030,0.212961,-0.010169,9.607183
1755404227032,0.435494,-0.096311,10.086046
1755404227035,0.370888,-0.05324,10.272687
1755404227037,0.361316,-0.060419,10.076475
1755404227040,0.275175,-0.022134,9.786645
1755404227042,0.236889,0.035294,9.906285
1755404227044,0.351745,-0.024526,10.076475
1755404227047,0.344566,-0.036491,10.014262
1755404227049,0.380459,-0.079561,10.11476
1755404227051,0.344566,-0.077169,9.765109
1755404227054,0.282353,-0.014955,9.903893
1755404227056,0.208176,-0.029312,9.674182
1755404227059,0.344566,-0.022134,10.023833
1755404227061,0.301496,0.020937,10.035797
1755404227064,0.356531,0.00658,10.18176
1755404227066,0.289532,-0.041276,9.908679
1755404227069,0.320638,-0.036491,10.03819
1755404227071,0.256032,-0.031705,9.817751
1755404227073,0.323031,-0.022134,9.88475
1755404227076,0.318245,-0.007777,9.97837
1755404227078,0.272782,-0.029312,9.822537
1755404227081,0.289532,-0.022134,9.899107
1755404227083,0.27996,-0.058026,9.954441
1755404227086,0.308674,-0.026919,9.860822
1755404227088,0.29671,-0.048455,9.894321
1755404227090,0.301496,-0.005384,9.863214
1755404227092,0.267996,-0.026919,9.906285
1755404227095,0.320638,-0.022134,9.784252
1755404227098,0.287139,-0.010169,9.992726
1755404227102,0.301496,0.030508,9.760324
1755404227103,0.234497,-0.022134,10.081261
1755404227105,0.366102,-0.029312,9.664611
1755404227106,0.215354,-0.089133,9.891929
1755404227109,0.301496,0.049651,9.939785
1755404227111,0.311067,0.018544,9.870394
1755404227115,0.244068,-0.062812,9.903893
1755404227119,0.27996,-0.055633,9.779466
1755404227120,0.323031,0.016152,9.899107
1755404227122,0.265603,-0.022134,9.942178
1755404227124,0.294317,-0.007777,9.836894
1755404227126,0.320638,0.028116,9.863214
1755404227128,0.239282,-0.034098,9.980762
1755404227132,0.311067,-0.007777,9.755538
1755404227133,0.260818,-0.08674,9.985548
1755404227135,0.272782,-0.002991,9.827323
1755404227137,0.303888,0.016152,9.865608
1755404227140,0.29671,-0.014955,9.853643
1755404227142,0.27996,-0.05324,9.97837
1755404227145,0.308674,-0.024526,9.781859
1755404227149,0.229711,-0.022134,9.903893
1755404227150,0.299103,-0.005384,9.844072
1755404227152,0.287139,0.037687,9.899107
1755404227154,0.236889,0.008973,9.927821
1755404227157,0.303888,-0.024526,9.834501
1755404227159,0.291924,-0.055633,9.779466
1755404227161,0.263211,-0.012562,9.961619
1755404227164,0.318245,0.030508,9.868001
1755404227166,0.260818,-0.026919,9.947263
1755404227169,0.29671,-0.06999,9.729217
1755404227171,0.234497,-0.043669,9.980762
1755404227174,0.291924,0.052044,9.858429
1755404227176,0.258425,-0.06999,9.856036
1755404227178,0.265603,-0.089133,9.947263
1755404227181,0.311067,0.018544,9.875179
1755404227183,0.260818,-0.043669,9.932607
1755404227186,0.315853,0.008973,9.964012
1755404227188,0.327817,-0.007777,9.812965
1755404227191,0.222533,-0.115454,9.796216
1755404227193,0.320638,-0.055633,9.906285
1755404227195,0.27996,0.071186,9.875179
1755404227198,0.282353,0.013759,9.851251
1755404227201,0.29671,-0.108275,9.815358
1755404227203,0.31346,-0.036491,10.007083
1755404227205,0.236889,0.073579,9.91825
1755404227207,0.311067,-0.031705,9.707682
1755404227209,0.291924,-0.115454,9.973584
1755404227212,0.272782,0.016152,9.927821
1755404227214,0.270389,0.016152,9.765109
1755404227218,0.277567,-0.079561,9.856036
1755404227219,0.31346,-0.041276,9.911072
1755404227223,0.299103,0.052044,9.870394
1755404227224,0.251246,0.018544,9.975977
1755404227226,0.320638,-0.089133,9.726824
1755404227229,0.299103,-0.098704,9.930214
1755404227231,0.241675,0.087936,10.062119
1755404227234,0.270389,0.114257,9.719646
1755404227236,0.256032,-0.120239,9.913465
1755404227239,0.289532,-0.105882,9.851251
1755404227241,0.27996,0.04008,9.858429
1755404227243,0.241675,0.047258,9.987941
1755404227245,0.318245,-0.034098,9.616755
1755404227248,0.244068,-0.098704,10.016655
1755404227251,0.320638,-0.055633,9.863214
1755404227253,0.287139,0.02333,9.760324
1755404227255,0.323031,0.020937,10.021441
1755404227257,0.299103,-0.026919,9.745967
1755404227260,0.260818,-0.113061,9.990334
1755404227262,0.27996,-0.036491,9.827323
1755404227265,0.265603,-0.017348,9.894321
1755404227268,0.29671,0.025723,9.889536
1755404227270,0.311067,-0.010169,9.815358
1755404227273,0.260818,-0.06999,9.973584
1755404227274,0.289532,-0.017348,9.856036
1755404227277,0.270389,-0.007777,9.827323
1755404227279,0.263211,-0.000598,9.906285
1755404227282,0.284746,-0.029312,9.829716
1755404227285,0.272782,-0.05324,9.942178
1755404227287,0.270389,-0.005384,9.853643
1755404227289,0.29671,-0.002991,9.765109
1755404227291,0.236889,-0.046062,9.911072
1755404227294,0.301496,-0.036491,9.853643
1755404227296,0.318245,0.011366,9.925428
1755404227299,0.248854,-0.017348,9.980762
1755404227302,0.351745,0.001795,9.755538
1755404227304,0.277567,-0.022134,9.887143
1755404227305,0.256032,-0.024526,9.896714
1755404227308,0.284746,-0.014955,9.913465
1755404227310,0.272782,0.001795,10.009477
1755404227313,0.270389,-0.043669,9.729217
1755404227315,0.267996,-0.048455,9.894321
1755404227317,0.291924,-0.038883,9.810573
1755404227322,0.306281,0.011366,9.815358
1755404227324,0.256032,-0.041276,10.021441
1755404227325,0.315853,-0.012562,9.707682
1755404227328,0.236889,-0.05324,10.090832
1755404227329,0.325424,-0.022134,9.695718
1755404227332,0.272782,-0.007777,9.947263
1755404227334,0.318245,-0.06999,9.894321
1755404227337,0.308674,0.011366,9.82493
1755404227339,0.287139,-0.005384,10.040583
1755404227341,0.301496,-0.014955,9.722038
1755404227344,0.270389,-0.16331,9.91825
1755404227346,0.29671,-0.048455,9.887143
1755404227348,0.301496,0.104686,9.853643
1755404227351,0.270389,0.028116,9.964012
1755404227354,0.301496,-0.10349,9.738789
1755404227356,0.301496,-0.05324,9.906285
1755404227358,0.239282,-0.012562,9.966406
1755404227361,0.299103,0.047258,9.903893
1755404227363,0.251246,-0.038883,9.750752
1755404227365,0.270389,-0.050847,10.002297
1755404227367,0.256032,-0.060419,9.836894
1755404227370,0.236889,-0.024526,9.789038
1755404227372,0.29671,0.008973,10.007083
1755404227375,0.263211,-0.007777,9.805787
1755404227377,0.27996,-0.06999,10.045368
1755404227380,0.284746,0.004187,9.832108
1755404227382,0.323031,0.02333,9.91825
1755404227384,0.282353,-0.014955,9.796216
1755404227387,0.284746,-0.05324,9.839287
1755404227389,0.308674,0.011366,9.851251
1755404227392,0.270389,-0.048455,9.975977
1755404227394,0.289532,-0.031705,9.858429
1755404227397,0.337388,-0.000598,9.923036
1755404227399,0.251246,-0.000598,9.853643
1755404227402,0.306281,-0.084347,9.932607
1755404227404,0.303888,-0.031705,9.817751
1755404227406,0.277567,-0.031705,9.968799
1755404227408,0.241675,-0.000598,9.834501
1755404227411,0.320638,-0.002991,9.944571
1755404227413,0.227318,-0.05324,9.786645
1755404227415,0.263211,-0.022134,9.975977
1755404227418,0.342174,0.037687,9.832108
1755404227421,0.234497,-0.046062,9.949656
1755404227423,0.339781,0.030508,9.772287
1755404227425,0.294317,-0.041276,9.920643
1755404227427,0.260818,0.028116,9.915857
1755404227430,0.306281,0.037687,9.84168
1755404227433,0.260818,-0.065204,9.863214
1755404227435,0.301496,-0.002991,9.913465
1755404227437,0.303888,-0.014955,9.875179
1755404227441,0.272782,0.016152,9.923036
1755404227443,0.308674,-0.012562,9.925428
1755404227444,0.256032,-0.014955,9.911072
1755404227447,0.318245,-0.017348,9.767502
1755404227449,0.251246,-0.05324,9.964012
1755404227452,0.299103,0.004187,9.860822
1755404227455,0.275175,-0.022134,9.846465
1755404227457,0.287139,-0.017348,9.927821
1755404227459,0.311067,-0.026919,9.77468
1755404227461,0.272782,-0.046062,9.964012
1755404227463,0.337388,-0.017348,9.815358
1755404227466,0.229711,-0.043669,9.973584
1755404227468,0.334995,-0.007777,9.846465
1755404227472,0.282353,-0.036491,9.803394
1755404227473,0.248854,-0.024526,9.949656
1755404227475,0.308674,0.016152,9.817751
1755404227478,0.253639,-0.046062,9.937392
1755404227480,0.301496,-0.046062,9.839287
1755404227483,0.294317,0.001795,9.80818
1755404227485,0.248854,-0.000598,10.095618
1755404227489,0.282353,-0.002991,9.820144
1755404227491,0.287139,-0.041276,9.777073
1755404227494,0.270389,-0.074776,9.793823
1755404227495,0.294317,0.00658,10.007083
1755404227497,0.294317,-0.005384,9.820144
1755404227499,0.22014,-0.072383,9.995119
1755404227502,0.275175,-0.014955,9.856036
1755404227504,0.275175,-0.002991,9.77468
1755404227507,0.239282,-0.005384,9.891929
1755404227509,0.342174,-0.055633,9.908679
1755404227511,0.236889,-0.060419,9.906285
1755404227514,0.303888,0.013759,9.772287
1755404227516,0.258425,-0.022134,9.877572
1755404227519,0.275175,-0.089133,9.903893
1755404227521,0.277567,-0.029312,9.911072
1755404227525,0.253639,-0.007777,9.925428
1755404227527,0.272782,0.013759,9.899107
1755404227529,0.29671,-0.062812,9.724431
1755404227530,0.229711,-0.074776,9.853643
1755404227533,0.323031,0.030508,10.047761
1755404227535,0.287139,-0.005384,9.877572
1755404227538,0.294317,-0.031705,9.889536
1755404227541,0.334995,-0.017348,9.745967
1755404227544,0.263211,-0.050847,10.03819
1755404227545,0.256032,0.028116,9.860822
1755404227547,0.248854,0.016152,9.798609
1755404227550,0.256032,-0.093918,9.894321
1755404227552,0.282353,-0.05324,9.891929
1755404227555,0.308674,-0.026919,9.817751
1755404227557,0.289532,0.020937,9.992726
1755404227559,0.332602,-0.019741,9.839287
1755404227562,0.244068,-0.079561,9.88475
1755404227564,0.29671,-0.029312,9.803394
1755404227566,0.284746,0.061615,9.920643
1755404227569,0.260818,-0.000598,9.944571
1755404227571,0.299103,-0.019741,9.844072
1755404227574,0.289532,-0.06999,9.832108
1755404227576,0.241675,0.004187,9.985548
1755404227578,0.354138,0.028116,9.757931
1755404227581,0.229711,-0.050847,9.961619
1755404227583,0.344566,-0.010169,9.798609
1755404227586,0.246461,-0.029312,9.942178
1755404227588,0.263211,0.004187,9.851251
1755404227591,0.241675,-0.022134,9.911072
1755404227593,0.339781,-0.019741,9.805787
1755404227595,0.260818,-0.034098,9.920643
1755404227598,0.306281,-0.029312,9.868001
1755404227600,0.263211,-0.002991,9.913465
1755404227603,0.303888,0.001795,9.870394
1755404227605,0.253639,-0.024526,9.836894
1755404227607,0.320638,-0.036491,9.891929
1755404227611,0.267996,-0.005384,9.870394
1755404227612,0.267996,-0.019741,9.894321
1755404227615,0.303888,-0.024526,9.889536
1755404227617,0.301496,-0.036491,9.887143
1755404227619,0.303888,-0.043669,9.870394
1755404227622,0.282353,-0.005384,9.889536
1755404227624,0.253639,-0.026919,9.872787
1755404227627,0.289532,-0.017348,9.863214
1755404227629,0.327817,-0.031705,9.868001
1755404227631,0.299103,-0.029312,9.863214
1755404227633,0.265603,0.001795,9.865608
1755404227636,0.258425,-0.036491,9.853643
1755404227639,0.29671,-0.005384,9.863214
1755404227642,0.287139,-0.043669,9.932607
1755404227647,0.323031,-0.002991,9.846465
1755404227648,0.258425,-0.010169,9.860822
1755404227649,0.27996,-0.010169,10.023833
1755404227650,0.287139,-0.005384,9.789038
1755404227653,0.299103,-0.048455,9.82493
1755404227655,0.263211,-0.05324,9.911072
1755404227659,0.325424,-0.000598,9.88475
1755404227660,0.294317,0.025723,9.9015
1755404227662,0.327817,-0.036491,9.939785
1755404227665,0.27996,-0.007777,9.765109
1755404227667,0.315853,-0.036491,9.844072
1755404227669,0.289532,-0.014955,9.846465
1755404227672,0.301496,0.00658,10.007083
1755404227676,0.308674,0.00658,9.84168
1755404227677,0.27996,-0.038883,9.877572
1755404227679,0.306281,-0.029312,9.930214
1755404227682,0.270389,-0.002991,9.82493
1755404227684,0.253639,0.001795,9.834501
1755404227687,0.294317,-0.043669,10.007083
1755404227689,0.277567,-0.017348,9.84168
1755404227691,0.217747,-0.007777,9.80818
1755404227694,0.294317,0.035294,9.906285
1755404227696,0.239282,-0.002991,9.896714
1755404227698,0.287139,-0.050847,9.846465
1755404227701,0.287139,-0.046062,9.896714
1755404227703,0.263211,0.011366,9.872787
1755404227706,0.332602,-0.007777,9.789038
1755404227708,0.244068,0.004187,9.939785
1755404227710,0.337388,-0.005384,9.836894
1755404227713,0.267996,-0.024526,9.911072
1755404227715,0.306281,0.004187,9.827323
1755404227717,0.282353,-0.050847,9.832108
1755404227720,0.246461,-0.005384,9.942178
1755404227722,0.334995,0.00658,9.937392
1755404227725,0.260818,-0.026919,9.891929
1755404227728,0.253639,-0.041276,9.781859
1755404227730,0.258425,-0.022134,9.834501
1755404227732,0.29671,-0.007777,9.911072
1755404227735,0.275175,-0.010169,9.875179
1755404227737,0.287139,-0.031705,9.872787
1755404227739,0.234497,-0.036491,9.887143
1755404227742,0.325424,0.049651,9.872787
1755404227744,0.287139,-0.038883,9.927821
1755404227746,0.265603,-0.014955,9.820144
1755404227749,0.267996,-0.046062,9.882358
1755404227751,0.232104,-0.026919,9.966406
1755404227753,0.284746,-0.002991,9.856036
1755404227756,0.277567,-0.043669,9.853643
1755404227758,0.267996,-0.043669,9.846465
1755404227762,0.265603,-0.012562,9.908679
1755404227763,0.29671,0.00658,9.84168
1755404227767,0.263211,-0.031705,9.944571
1755404227769,0.301496,-0.022134,9.80818
1755404227771,0.267996,-0.077169,9.882358
1755404227773,0.337388,-0.022134,9.846465
1755404227775,0.287139,0.013759,9.997512
1755404227778,0.320638,0.00658,9.820144
1755404227780,0.239282,-0.091525,9.920643
1755404227782,0.272782,-0.043669,9.853643
1755404227785,0.344566,-0.005384,9.803394
1755404227787,0.222533,0.042473,10.098011
1755404227789,0.323031,-0.005384,9.688539
1755404227792,0.265603,-0.091525,9.973584
1755404227795,0.303888,-0.084347,9.812965
1755404227797,0.277567,0.004187,9.817751
1755404227799,0.287139,0.042473,10.011869
1755404227801,0.323031,0.008973,9.827323
1755404227804,0.275175,-0.05324,10.002297
1755404227806,0.303888,-0.050847,9.738789
1755404227809,0.253639,-0.002991,9.939785
1755404227812,0.301496,-0.000598,9.911072
1755404227815,0.27996,0.013759,9.832108
1755404227816,0.253639,-0.050847,9.949656
1755404227818,0.272782,-0.031705,9.755538
1755404227821,0.272782,-0.060419,9.980762
1755404227823,0.308674,0.011366,9.822537
1755404227825,0.284746,-0.000598,9.954441
1755404227829,0.282353,-0.017348,9.853643
1755404227831,0.301496,-0.026919,9.84168
1755404227833,0.294317,-0.019741,9.889536
1755404227835,0.275175,-0.010169,9.875179
1755404227838,0.272782,-0.005384,9.877572
1755404227840,0.277567,-0.048455,9.875179
1755404227843,0.294317,-0.046062,9.875179
1755404227846,0.265603,-0.010169,9.889536
1755404227848,0.275175,-0.000598,9.889536
1755404227850,0.275175,-0.017348,9.891929
1755404227852,0.289532,-0.022134,9.887143
1755404227854,0.277567,-0.022134,9.88475
1755404227857,0.27996,-0.022134,9.879965
1755404227859,0.275175,-0.010169,9.865608
1755404227861,0.306281,-0.019741,9.925428
1755404227864,0.272782,-0.000598,9.894321
1755404227866,0.315853,-0.012562,9.868001
1755404227869,0.303888,-0.000598,9.88475
1755404227871,0.248854,-0.026919,9.875179
1755404227873,0.256032,-0.043669,9.896714
1755404227875,0.294317,-0.022134,9.88475
1755404227878,0.306281,-0.029312,9.908679
1755404227880,0.301496,-0.002991,9.875179
1755404227884,0.299103,-0.014955,9.899107
1755404227886,0.315853,-0.012562,9.863214
1755404227887,0.260818,-0.043669,9.889536
1755404227890,0.284746,-0.024526,9.868001
1755404227892,0.282353,-0.019741,9.911072
1755404227895,0.289532,-0.022134,9.879965
1755404227897,0.284746,-0.043669,9.868001
1755404227899,0.27996,-0.024526,9.88475
1755404227902,0.303888,-0.029312,9.872787
1755404227904,0.267996,-0.007777,9.887143
1755404227907,0.270389,-0.043669,9.875179
1755404227909,0.284746,-0.024526,9.91825
1755404227911,0.258425,-0.031705,9.834501
1755404227914,0.244068,-0.043669,9.863214
1755404227916,0.270389,-0.043669,9.9015
1755404227919,0.272782,0.004187,9.863214
1755404227921,0.272782,-0.017348,9.872787
1755404227924,0.277567,-0.024526,9.863214
1755404227926,0.311067,-0.031705,9.88475
1755404227928,0.308674,0.00658,9.879965
1755404227931,0.299103,-0.05324,9.856036
1755404227934,0.306281,-0.036491,9.865608
1755404227936,0.308674,-0.029312,9.872787
1755404227938,0.303888,-0.012562,9.872787
1755404227940,0.272782,-0.022134,9.858429
1755404227943,0.246461,-0.022134,9.868001
1755404227945,0.275175,-0.036491,9.913465
1755404227948,0.29671,-0.036491,9.875179
1755404227950,0.267996,-0.034098,9.879965
1755404227952,0.265603,-0.034098,9.891929
1755404227955,0.258425,-0.022134,9.906285
1755404227959,0.282353,-0.005384,9.868001
1755404227960,0.282353,-0.034098,9.870394
1755404227962,0.251246,-0.019741,9.860822
1755404227965,0.29671,-0.002991,9.88475
1755404227968,0.287139,-0.002991,9.879965
1755404227970,0.291924,-0.022134,9.868001
1755404227972,0.277567,-0.010169,9.906285
1755404227974,0.265603,-0.029312,9.865608
1755404227976,0.27996,-0.022134,9.88475
1755404227979,0.29671,0.001795,9.879965
1755404227982,0.272782,-0.024526,9.887143
1755404227984,0.284746,-0.002991,9.872787
1755404227986,0.287139,0.013759,9.906285
1755404227988,0.251246,-0.012562,9.865608
1755404227991,0.258425,-0.024526,9.882358
1755404227993,0.270389,-0.029312,9.877572
1755404227995,0.299103,-0.036491,9.879965
1755404227999,0.287139,-0.017348,9.858429
1755404228003,0.284746,-0.024526,9.887143
1755404228004,0.299103,-0.017348,9.88475
1755404228005,0.294317,-0.014955,9.858429
1755404228008,0.244068,0.025723,9.896714
1755404228010,0.267996,0.00658,9.875179
1755404228012,0.267996,-0.014955,9.870394
1755404228015,0.27996,-0.014955,9.913465
1755404228018,0.263211,-0.017348,9.868001
1755404228019,0.265603,-0.017348,9.875179
1755404228023,0.275175,-0.029312,9.868001
1755404228024,0.299103,-0.031705,9.865608
1755404228027,0.294317,-0.019741,9.863214
1755404228029,0.287139,-0.007777,9.896714
1755404228031,0.275175,-0.041276,9.875179
1755404228034,0.289532,-0.038883,9.877572
1755404228037,0.301496,-0.036491,9.889536
1755404228038,0.244068,-0.019741,9.872787
1755404228041,0.275175,-0.022134,9.872787
1755404228043,0.272782,-0.058026,9.879965
1755404228046,0.270389,-0.029312,9.894321
1755404228048,0.260818,-0.036491,9.894321
1755404228051,0.275175,-0.024526,9.882358
1755404228054,0.320638,-0.005384,9.858429
1755404228056,0.291924,-0.019741,9.877572
1755404228058,0.29671,0.008973,9.882358
1755404228060,0.270389,-0.024526,9.872787
1755404228063,0.284746,-0.024526,9.879965
1755404228065,0.301496,-0.005384,9.879965
1755404228068,0.27996,-0.005384,9.872787
1755404228070,0.308674,-0.005384,9.889536
1755404228072,0.29671,0.001795,9.870394
1755404228075,0.301496,-0.026919,9.875179
1755404228077,0.287139,-0.007777,9.889536
1755404228079,0.29671,-0.029312,9.877572
1755404228082,0.282353,-0.014955,9.894321
1755404228084,0.29671,-0.007777,9.863214
1755404228087,0.270389,-0.007777,9.858429
1755404228089,0.299103,-0.038883,9.858429
1755404228091,0.299103,-0.034098,9.877572
1755404228094,0.29671,-0.014955,9.868001
1755404228096,0.256032,-0.050847,9.896714
1755404228098,0.270389,-0.014955,9.882358
1755404228101,0.301496,-0.022134,9.877572
1755404228104,0.263211,-0.022134,9.872787
1755404228106,0.275175,-0.022134,9.865608
1755404228108,0.277567,-0.034098,9.899107
1755404228111,0.311067,-0.019741,9.903893
1755404228113,0.306281,-0.029312,9.882358
1755404228115,0.301496,-0.005384,9.860822
1755404228118,0.284746,-0.010169,9.894321
1755404228122,0.27996,-0.026919,9.879965
1755404228123,0.277567,-0.024526,9.891929
1755404228126,0.31346,-0.019741,9.879965
1755404228127,0.246461,-0.010169,9.877572
1755404228130,0.294317,-0.031705,9.887143
1755404228132,0.294317,-0.000598,9.863214
1755404228136,0.301496,-0.012562,9.891929
1755404228138,0.260818,-0.029312,9.891929
1755404228139,0.265603,-0.05324,9.870394
1755404228143,0.29671,-0.055633,9.88475
1755404228144,0.29671,-0.029312,9.879965
1755404228147,0.284746,-0.000598,9.887143
1755404228149,0.277567,-0.002991,9.872787
1755404228153,0.265603,0.001795,9.879965
1755404228154,0.282353,-0.017348,9.879965
1755404228156,0.270389,-0.041276,9.848858
1755404228159,0.282353,-0.036491,9.872787
1755404228161,0.287139,-0.017348,9.863214
1755404228163,0.267996,-0.007777,9.872787
1755404228166,0.256032,-0.029312,9.879965
1755404228170,0.287139,-0.019741,9.872787
1755404228171,0.306281,-0.012562,9.891929
1755404228173,0.294317,-0.010169,9.877572
1755404228176,0.270389,-0.029312,9.872787
1755404228177,0.267996,-0.031705,9.84168
1755404228180,0.265603,-0.024526,9.891929
1755404228182,0.294317,0.011366,9.865608
1755404228187,0.258425,-0.034098,9.887143
1755404228188,0.294317,-0.017348,9.863214
1755404228190,0.275175,-0.050847,9.915857
1755404228193,0.270389,-0.029312,9.820144
1755404228194,0.294317,-0.06999,9.949656
1755404228197,0.282353,0.016152,9.836894
1755404228199,0.258425,-0.029312,9.913465
1755404228201,0.265603,-0.019741,9.887143
1755404228204,0.258425,0.008973,10.016655
1755404228206,0.275175,0.001795,9.724431
1755404228209,0.248854,-0.062812,9.987941
1755404228211,0.354138,-0.048455,9.700503
1755404228214,0.246461,0.004187,9.956834
1755404228217,0.265603,-0.014955,9.908679
1755404228218,0.318245,0.042473,9.836894
1755404228221,0.239282,-0.036491,10.057333
1755404228224,0.351745,-0.000598,9.678967
1755404228226,0.205783,-0.05324,10.133903
1755404228228,0.368495,-0.019741,9.633504
1755404228231,0.232104,-0.043669,10.074082
1755404228233,0.33021,-0.031705,9.683753
1755404228235,0.224925,-0.017348,9.997512
1755404228238,0.332602,-0.038883,9.839287
1755404228241,0.277567,0.008973,9.853643
1755404228243,0.217747,-0.043669,10.014262
1755404228245,0.342174,-0.002991,9.719646
1755404228247,0.229711,-0.019741,10.133903
1755404228249,0.351745,0.02333,9.65504
1755404228252,0.208176,-0.055633,10.124331
1755404228255,0.366102,0.001795,9.614362
1755404228257,0.162413,-0.019741,10.124331
1755404228260,0.385244,-0.019741,9.678967
1755404228262,0.212961,-0.010169,10.05494
1755404228264,0.354138,-0.029312,9.753145
1755404228266,0.246461,-0.014955,9.959227
1755404228269,0.315853,-0.034098,9.793823
1755404228272,0.258425,-0.012562,9.894321
1755404228274,0.277567,-0.010169,9.920643
1755404228276,0.291924,-0.022134,9.781859
1755404228279,0.244068,-0.058026,10.009477
1755404228281,0.301496,0.011366,9.710074
1755404228284,0.227318,-0.034098,10.174581
1755404228285,0.33021,0.020937,9.710074
1755404228291,0.241675,-0.034098,10.011869
1755404228292,0.303888,-0.024526,9.662218
1755404228293,0.263211,-0.08674,9.915857
1755404228296,0.29671,-0.048455,9.894321
1755404228298,0.311067,-0.014955,9.779466
1755404228300,0.236889,0.016152,10.066904
1755404228303,0.315853,-0.024526,9.803394
1755404228306,0.241675,-0.041276,9.964012
1755404228308,0.29671,-0.055633,9.772287
1755404228310,0.275175,-0.026919,9.894321
1755404228311,0.303888,0.059222,10.014262
1755404228314,0.275175,0.020937,9.781859
1755404228317,0.282353,-0.10349,9.954441
1755404228319,0.303888,-0.08674,9.812965
1755404228321,0.315853,0.001795,9.887143
1755404228324,0.260818,0.05683,9.971191
1755404228327,0.318245,-0.005384,9.734002
1755404228329,0.265603,-0.117847,9.908679
1755404228331,0.275175,-0.029312,9.930214
1755404228333,0.289532,0.090329,9.848858
1755404228336,0.270389,0.013759,9.944571
1755404228339,0.291924,-0.125025,9.863214
1755404228341,0.301496,-0.038883,9.966406
1755404228344,0.258425,0.032901,9.952048
1755404228345,0.31346,-0.022134,9.686146
1755404228348,0.289532,-0.134596,9.844072
1755404228350,0.287139,-0.041276,10.016655
1755404228353,0.263211,0.1334,9.832108
1755404228356,0.275175,-0.000598,9.872787
1755404228357,0.308674,-0.144168,9.891929
1755404228360,0.325424,0.011366,9.784252
1755404228362,0.241675,0.04008,9.88475
1755404228365,0.256032,-0.034098,9.743574
1755404228367,0.342174,-0.029312,9.952048
1755404228369,0.138485,0.037687,9.793823
1755404228372,0.136092,0.018544,9.257532
1755404228374,0.442672,-0.187238,9.810573
1755404228377,0.488136,-0.117847,10.155438
1755404228379,0.325424,-0.110668,9.851251
1755404228382,0.308674,-0.05324,9.784252
1755404228383,0.519243,-0.072383,10.308579
1755404228386,0.16002,0.073579,9.846465
1755404228389,0.157627,-0.002991,9.671789
1755404228392,0.263211,-0.08674,9.609575
1755404228394,0.356531,-0.105882,9.865608
1755404228396,0.186341,-0.091525,9.41815
1755404228398,0.413958,-0.141775,9.734002
1755404228400,0.124128,0.078365,9.669396
1755404228403,0.270389,0.016152,9.980762
1755404228405,0.157627,0.02333,9.609575
1755404228408,0.354138,-0.10349,9.784252
1755404228410,0.356531,-0.127418,9.872787
1755404228412,0.342174,-0.058026,10.117153
1755404228415,0.138485,0.061615,9.643075
1755404228417,0.320638,-0.055633,9.887143
1755404228420,0.29671,-0.050847,9.803394
1755404228422,0.258425,-0.010169,9.932607
1755404228425,0.380459,-0.022134,10.155438
1755404228427,0.435494,-0.074776,10.313365
1755404228430,0.320638,-0.079561,9.80818
1755404228431,0.445065,-0.158524,9.889536
1755404228434,0.267996,-0.024526,9.875179
1755404228437,0.392423,-0.134596,9.745967
1755404228439,0.294317,-0.091525,9.729217
1755404228443,0.392423,-0.110668,10.074082
1755404228445,0.327817,-0.072383,9.695718
1755404228446,0.299103,-0.043669,9.846465
1755404228449,0.260818,-0.014955,9.695718
1755404228451,0.325424,0.016152,10.040583
1755404228453,0.31346,-0.038883,9.844072
1755404228455,0.191127,0.035294,9.719646
1755404228459,0.246461,-0.024526,9.906285
1755404228462,0.179163,0.016152,9.942178
1755404228463,0.311067,-0.017348,10.042975
1755404228465,0.387637,-0.041276,10.083653
1755404228468,0.366102,-0.031705,10.05494
1755404228470,0.31346,-0.022134,9.817751
1755404228472,0.215354,0.004187,9.767502
1755404228476,0.394816,-0.041276,10.270294
1755404228477,0.382852,-0.058026,10.155438
1755404228480,0.413958,-0.08674,10.078868
1755404228482,0.349352,-0.048455,10.026226
1755404228484,0.346959,-0.046062,9.882358
1755404228487,0.287139,-0.036491,9.889536
1755404228489,0.229711,0.05683,9.798609
1755404228493,0.29671,0.001795,10.052547
1755404228494,0.380459,-0.074776,9.961619
1755404228496,0.318245,-0.036491,9.827323
1755404228499,0.308674,-0.026919,10.081261
1755404228502,0.265603,-0.002991,9.724431
1755404228503,0.29671,-0.034098,9.968799
1755404228506,0.490529,-0.172881,10.028619
1755404228510,0.236889,-0.029312,9.547362
1755404228511,0.258425,-0.014955,9.817751
1755404228513,0.246461,-0.019741,9.755538
1755404228516,0.337388,-0.038883,10.088439
1755404228518,0.256032,-0.026919,9.810573
1755404228520,0.299103,-0.022134,9.915857
1755404228523,0.306281,-0.022134,9.891929
1755404228527,0.267996,-0.012562,9.844072
1755404228529,0.263211,-0.017348,9.868001
1755404228530,0.299103,-0.031705,9.870394
1755404228532,0.246461,-0.026919,9.896714
1755404228535,0.275175,-0.041276,9.894321
1755404228537,0.253639,-0.019741,9.9015
1755404228539,0.277567,-0.010169,9.899107
1755404228544,0.287139,-0.000598,9.863214
1755404228545,0.284746,-0.022134,9.860822
1755404228548,0.294317,-0.024526,9.879965
1755404228549,0.29671,-0.017348,9.88475
1755404228551,0.248854,-0.010169,9.877572
1755404228554,0.270389,-0.012562,9.872787
1755404228556,0.263211,0.001795,9.875179
1755404228558,0.289532,-0.024526,9.877572
1755404228561,0.308674,-0.031705,9.887143
1755404228564,0.289532,-0.019741,9.875179
1755404228566,0.303888,-0.038883,9.906285
1755404228568,0.306281,-0.026919,9.865608
1755404228570,0.289532,-0.046062,9.879965
1755404228573,0.267996,-0.034098,9.906285
1755404228575,0.294317,-0.019741,9.879965
1755404228578,0.327817,-0.031705,9.858429
1755404228580,0.311067,-0.038883,9.870394
1755404228583,0.267996,-0.034098,9.875179
1755404228585,0.236889,0.00658,9.872787
1755404228587,0.265603,-0.041276,9.891929
1755404228590,0.27996,-0.036491,9.879965
1755404228592,0.277567,-0.012562,9.891929
1755404228595,0.299103,-0.019741,9.870394
1755404228597,0.275175,-0.000598,9.877572
1755404228600,0.282353,-0.005384,9.872787
1755404228602,0.272782,-0.024526,9.894321
1755404228604,0.253639,0.020937,9.80818
1755404228606,0.291924,-0.024526,9.856036
1755404228609,0.306281,-0.041276,9.934999
1755404228612,0.284746,-0.019741,9.899107
1755404228614,0.33021,0.004187,9.879965
1755404228616,0.284746,-0.010169,9.896714
1755404228619,0.301496,-0.101097,9.803394
1755404228621,0.241675,0.00658,9.992726
1755404228624,0.308674,0.044865,9.848858
1755404228625,0.260818,0.004187,9.911072
1755404228629,0.282353,-0.084347,9.891929
1755404228631,0.282353,-0.077169,9.820144
1755404228633,0.224925,0.030508,9.932607
1755404228635,0.325424,0.042473,9.913465
1755404228638,0.267996,-0.029312,9.894321
1755404228640,0.272782,-0.084347,9.817751
1755404228643,0.289532,-0.031705,9.971191
1755404228646,0.267996,0.059222,9.891929
1755404228648,0.308674,0.025723,9.889536
1755404228650,0.27996,-0.05324,9.915857
1755404228652,0.284746,-0.08674,9.750752
1755404228654,0.265603,-0.010169,9.777073
1755404228657,0.256032,0.02333,10.138689
1755404228659,0.282353,-0.002991,9.702896
1755404228662,0.27996,-0.08674,9.954441
1755404228665,0.29671,-0.081954,9.915857
1755404228667,0.318245,0.025723,9.999905
1755404228669,0.270389,0.00658,9.705289
1755404228671,0.315853,-0.081954,9.959227
1755404228674,0.294317,-0.05324,9.939785
1755404228676,0.253639,0.020937,9.834501
1755404228680,0.315853,0.004187,9.858429
1755404228682,0.27996,-0.093918,9.848858
1755404228683,0.270389,-0.055633,9.839287
1755404228686,0.287139,0.042473,9.712467
1755404228688,0.258425,0.011366,10.109975
1755404228690,0.306281,-0.058026,9.731609
1755404228693,0.272782,-0.08674,9.810573
1755404228697,0.284746,-0.000598,10.100404
1755404228698,0.315853,0.030508,9.932607
1755404228700,0.315853,-0.055633,9.815358
1755404228702,0.258425,-0.065204,9.724431
1755404228705,0.27996,-0.036491,9.755538
1755404228707,0.282353,0.011366,10.13151
1755404228709,0.342174,0.00658,9.812965
1755404228714,0.275175,-0.074776,10.040583
1755404228715,0.258425,-0.108275,9.745967
1755404228717,0.277567,-0.043669,9.908679
1755404228719,0.303888,-0.041276,9.990334
1755404228721,0.277567,0.04008,9.848858
1755404228724,0.246461,-0.000598,9.920643
1755404228726,0.299103,-0.050847,9.832108
1755404228731,0.241675,-0.043669,9.815358
1755404228732,0.282353,-0.05324,9.789038
1755404228733,0.282353,-0.010169,9.887143
1755404228736,0.270389,-0.019741,10.011869
1755404228738,0.339781,-0.000598,9.722038
1755404228741,0.260818,-0.010169,10.023833
1755404228743,0.327817,-0.002991,9.719646
1755404228748,0.258425,-0.038883,9.983155
1755404228749,0.318245,-0.038883,9.741181
1755404228751,0.282353,-0.007777,9.91825
1755404228753,0.303888,-0.038883,9.939785
1755404228755,0.277567,0.028116,9.784252
1755404228757,0.299103,-0.024526,10.023833
1755404228760,0.315853,-0.010169,9.71486
1755404228763,0.289532,-0.05324,9.999905
1755404228765,0.311067,-0.012562,9.832108
1755404228768,0.303888,-0.007777,9.915857
1755404228769,0.270389,-0.007777,9.882358
1755404228772,0.291924,-0.014955,9.844072
1755404228774,0.287139,-0.019741,9.9015
1755404228776,0.260818,0.00658,9.887143
1755404228779,0.272782,-0.019741,9.877572
1755404228781,0.272782,-0.024526,9.84168
1755404228784,0.275175,-0.029312,9.887143
1755404228787,0.299103,-0.043669,9.872787
1755404228788,0.301496,-0.007777,9.896714
1755404228791,0.31346,0.013759,9.877572
1755404228794,0.275175,-0.007777,9.870394
1755404228796,0.301496,-0.017348,9.860822
1755404228800,0.275175,-0.014955,9.88475
1755404228802,0.267996,-0.017348,9.891929
1755404228804,0.287139,-0.024526,9.863214
1755404228806,0.260818,-0.019741,9.91825
1755404228808,0.275175,-0.041276,9.877572
1755404228810,0.267996,-0.012562,9.877572
1755404228813,0.267996,-0.007777,9.865608
1755404228815,0.287139,-0.029312,9.882358
1755404228817,0.291924,-0.019741,9.894321
1755404228820,0.294317,-0.000598,9.882358
1755404228822,0.320638,-0.019741,9.860822
1755404228825,0.291924,0.004187,9.875179
1755404228827,0.248854,-0.036491,9.891929
1755404228829,0.263211,0.008973,9.9015
1755404228832,0.306281,-0.019741,9.846465
1755404228834,0.275175,0.016152,9.875179
1755404228836,0.27996,-0.036491,9.870394
1755404228839,0.267996,-0.005384,9.887143
1755404228842,0.246461,-0.022134,9.865608
1755404228844,0.263211,-0.007777,9.872787
1755404228846,0.299103,-0.041276,9.875179
1755404228849,0.291924,-0.005384,9.879965
1755404228851,0.241675,-0.017348,9.899107
1755404228854,0.315853,-0.019741,9.899107
1755404228856,0.251246,-0.024526,9.9015
1755404228858,0.260818,-0.019741,9.868001
1755404228860,0.284746,-0.060419,9.870394
1755404228863,0.270389,-0.026919,9.875179
1755404228866,0.303888,-0.036491,9.88475
1755404228869,0.303888,-0.041276,9.879965
1755404228870,0.275175,-0.002991,9.887143
1755404228873,0.275175,-0.005384,9.887143
1755404228875,0.284746,-0.017348,9.887143
1755404228877,0.27996,-0.038883,9.863214
1755404228880,0.244068,-0.029312,9.887143
1755404228885,0.272782,0.008973,9.877572
1755404228886,0.253639,-0.010169,9.896714
1755404228887,0.284746,-0.007777,9.88475
1755404228889,0.282353,-0.041276,9.877572
1755404228891,0.260818,-0.017348,9.877572
1755404228894,0.301496,-0.026919,9.877572
1755404228896,0.294317,-0.014955,9.863214
1755404228900,0.265603,-0.024526,9.851251
1755404228903,0.311067,-0.007777,9.889536
1755404228904,0.294317,-0.007777,9.865608
1755404228906,0.258425,-0.038883,9.88475
1755404228909,0.284746,-0.007777,9.879965
1755404228911,0.260818,-0.022134,9.846465
1755404228913,0.277567,-0.029312,9.889536
1755404228916,0.253639,-0.034098,9.911072
1755404228918,0.301496,-0.010169,9.932607
1755404228922,0.272782,0.00658,9.848858
1755404228923,0.306281,-0.038883,9.882358
1755404228925,0.287139,-0.048455,9.875179
1755404228927,0.265603,-0.005384,9.856036
1755404228930,0.294317,-0.012562,9.913465
1755404228932,0.284746,-0.007777,9.923036
1755404228935,0.287139,-0.019741,9.863214
1755404228937,0.270389,-0.019741,9.882358
1755404228939,0.287139,-0.012562,9.868001
1755404228943,0.267996,-0.026919,9.954441
1755404228944,0.327817,-0.074776,9.834501
1755404228947,0.282353,-0.019741,9.961619
1755404228951,0.33021,-0.022134,9.779466
1755404228953,0.227318,-0.019741,9.97837
1755404228954,0.344566,-0.041276,9.671789
1755404228957,0.244068,-0.031705,9.975977
1755404228959,0.320638,-0.038883,9.868001
1755404228961,0.267996,-0.000598,9.798609
1755404228964,0.267996,-0.036491,9.956834
1755404228966,0.332602,0.004187,9.729217
1755404228969,0.246461,0.016152,10.129117
1755404228971,0.31346,0.008973,9.781859
1755404228973,0.248854,-0.014955,9.920643
1755404228975,0.294317,-0.077169,9.810573
1755404228978,0.265603,-0.034098,9.868001
1755404228980,0.256032,0.013759,9.999905
1755404228983,0.318245,-0.017348,9.848858
1755404228985,0.289532,-0.093918,9.853643
1755404228988,0.287139,-0.043669,9.856036
1755404228990,0.301496,0.02333,10.03819
1755404228993,0.251246,0.008973,9.80818
1755404228995,0.325424,-0.089133,9.934999
1755404228997,0.270389,-0.079561,9.777073
1755404228999,0.27996,0.008973,9.961619
1755404229002,0.315853,0.018544,9.836894
1755404229004,0.263211,-0.046062,9.860822
1755404229007,0.258425,-0.067597,9.937392
1755404229009,0.287139,-0.067597,9.839287
1755404229011,0.265603,0.008973,9.889536
1755404229014,0.299103,-0.017348,9.908679
1755404229016,0.248854,-0.031705,9.803394
1755404229019,0.270389,-0.010169,9.913465
1755404229021,0.287139,-0.007777,9.934999
1755404229023,0.227318,-0.005384,9.817751
1755404229026,0.311067,-0.026919,9.944571
1755404229028,0.284746,-0.017348,9.896714
1755404229031,0.275175,-0.012562,9.860822
1755404229033,0.282353,-0.065204,9.858429
1755404229036,0.263211,-0.022134,9.82493
1755404229038,0.356531,0.004187,9.930214
1755404229041,0.236889,-0.067597,9.879965
1755404229043,0.291924,-0.010169,9.860822
1755404229045,0.27996,-0.019741,9.889536
1755404229048,0.258425,-0.019741,9.839287
1755404229050,0.29671,-0.014955,9.920643
1755404229054,0.284746,0.032901,9.767502
1755404229056,0.248854,-0.041276,10.007083
1755404229057,0.301496,0.001795,9.812965
1755404229060,0.236889,-0.055633,9.913465
1755404229062,0.277567,-0.026919,9.856036
1755404229065,0.301496,-0.060419,9.805787
1755404229066,0.287139,-0.012562,10.042975
1755404229071,0.306281,0.001795,9.798609
1755404229073,0.275175,0.011366,9.942178
1755404229074,0.29671,-0.062812,9.84168
1755404229076,0.272782,-0.036491,9.829716
1755404229079,0.287139,-0.000598,9.9015
1755404229081,0.267996,-0.002991,9.786645
1755404229083,0.27996,-0.014955,9.966406
1755404229087,0.272782,0.016152,9.743574
1755404229089,0.248854,-0.005384,9.975977
1755404229090,0.351745,-0.007777,9.803394
1755404229093,0.258425,-0.072383,9.968799
1755404229095,0.294317,-0.014955,9.810573
1755404229098,0.248854,0.011366,9.927821
1755404229100,0.294317,0.025723,9.832108
1755404229102,0.275175,-0.010169,9.952048
1755404229106,0.282353,-0.093918,9.882358
1755404229107,0.282353,0.028116,9.899107
1755404229110,0.301496,0.008973,9.853643
1755404229112,0.299103,-0.024526,9.877572
1755404229114,0.275175,-0.058026,9.9015
1755404229117,0.325424,-0.048455,9.836894
1755404229119,0.253639,-0.048455,9.856036
1755404229122,0.303888,-0.005384,9.927821
1755404229124,0.306281,-0.007777,9.930214
1755404229127,0.282353,-0.019741,9.772287
1755404229129,0.258425,-0.036491,9.997512
1755404229132,0.277567,0.025723,9.832108
1755404229134,0.258425,-0.041276,9.927821
1755404229136,0.277567,-0.031705,9.796216
1755404229138,0.282353,-0.017348,9.868001
1755404229141,0.275175,-0.026919,9.954441
1755404229143,0.272782,-0.026919,9.846465
1755404229145,0.27996,-0.034098,9.882358
1755404229148,0.284746,0.028116,9.812965
1755404229150,0.232104,-0.026919,9.927821
1755404229153,0.315853,-0.010169,9.865608
1755404229156,0.27996,0.013759,9.88475
1755404229157,0.282353,-0.067597,9.877572
1755404229160,0.325424,-0.031705,9.822537
1755404229162,0.29671,-0.043669,9.889536
1755404229165,0.294317,0.008973,9.877572
1755404229167,0.291924,-0.019741,9.913465
1755404229170,0.31346,-0.038883,9.875179
1755404229173,0.27996,-0.036491,9.88475
1755404229175,0.284746,-0.024526,9.882358
1755404229177,0.289532,0.001795,9.882358
1755404229179,0.260818,0.001795,9.879965
1755404229182,0.287139,-0.058026,9.887143
1755404229184,0.253639,-0.022134,9.875179
1755404229186,0.27996,-0.031705,9.865608
1755404229189,0.277567,-0.029312,9.846465
1755404229191,0.275175,-0.046062,9.870394
1755404229194,0.263211,-0.036491,9.875179
1755404229196,0.260818,-0.010169,9.865608
1755404229199,0.275175,-0.043669,9.896714
1755404229201,0.275175,-0.000598,9.872787
1755404229203,0.287139,-0.012562,9.906285
1755404229206,0.282353,-0.038883,9.882358
1755404229210,0.301496,-0.031705,9.868001
1755404229211,0.277567,-0.041276,9.88475
1755404229213,0.299103,-0.022134,9.872787
1755404229215,0.263211,-0.012562,9.889536
1755404229217,0.291924,-0.081954,9.896714
1755404229220,0.265603,-0.031705,9.889536
1755404229223,0.299103,-0.036491,9.851251
1755404229225,0.275175,-0.017348,9.899107
1755404229227,0.270389,-0.012562,9.891929
1755404229230,0.277567,-0.019741,9.891929
1755404229234,0.282353,-0.010169,9.870394
1755404229235,0.299103,-0.017348,9.887143
1755404229236,0.299103,-0.014955,9.875179
1755404229240,0.248854,-0.000598,9.870394
1755404229244,0.277567,-0.017348,9.879965
1755404229245,0.265603,-0.017348,9.882358
1755404229247,0.258425,-0.024526,9.875179
1755404229249,0.291924,-0.019741,9.889536
1755404229251,0.303888,-0.019741,9.856036
1755404229253,0.272782,-0.024526,9.887143
1755404229257,0.282353,-0.002991,9.877572
1755404229258,0.234497,-0.022134,9.863214
1755404229260,0.284746,-0.029312,9.879965
1755404229263,0.272782,-0.031705,9.913465
1755404229265,0.303888,-0.026919,9.863214
1755404229268,0.291924,-0.002991,9.930214
1755404229270,0.294317,-0.014955,9.815358
1755404229274,0.267996,-0.060419,9.887143
1755404229277,0.311067,-0.014955,9.899107
1755404229278,0.289532,0.00658,9.879965
1755404229280,0.265603,-0.010169,9.906285
1755404229282,0.323031,-0.050847,9.887143
1755404229284,0.267996,-0.024526,9.870394
1755404229287,0.289532,-0.024526,9.887143
1755404229289,0.289532,-0.005384,9.870394
1755404229292,0.299103,-0.017348,9.980762
1755404229294,0.270389,-0.005384,9.930214
1755404229297,0.284746,-0.022134,9.741181
1755404229299,0.239282,-0.079561,9.903893
1755404229301,0.308674,-0.062812,9.832108
1755404229304,0.260818,0.011366,9.870394
1755404229306,0.253639,0.008973,9.956834
1755404229309,0.306281,0.013759,9.777073
1755404229312,0.212961,-0.05324,9.995119
1755404229314,0.308674,-0.005384,9.736395
1755404229316,0.251246,-0.029312,10.064511
1755404229318,0.339781,0.016152,9.695718
1755404229320,0.229711,-0.065204,10.066904
1755404229323,0.349352,-0.005384,9.643075
1755404229325,0.19352,-0.026919,10.105189
1755404229327,0.385244,0.008973,9.597611
1755404229330,0.16002,-0.043669,10.172188
1755404229333,0.428315,0.037687,9.616755
1755404229335,0.162413,-0.067597,10.200902
1755404229337,0.378066,0.011366,9.547362
1755404229339,0.181555,-0.06999,10.176973
1755404229342,0.409173,-0.010169,9.600004
1755404229344,0.179163,-0.029312,10.188938
1755404229347,0.442672,0.011366,9.549755
1755404229350,0.164806,-0.084347,10.186545
1755404229352,0.409173,-0.012562,9.583255
1755404229354,0.212961,-0.046062,10.179367
1755404229357,0.425922,-0.010169,9.607183
1755404229360,0.195912,-0.043669,10.095618
1755404229361,0.356531,-0.022134,9.669396
1755404229364,0.22014,-0.019741,10.028619
1755404229367,0.346959,-0.017348,9.781859
1755404229368,0.239282,-0.007777,9.934999
1755404229371,0.299103,-0.036491,9.9015
1755404229373,0.284746,0.02333,9.834501
1755404229376,0.258425,-0.038883,9.999905
1755404229378,0.33021,0.016152,9.717253
1755404229380,0.224925,-0.031705,10.083653
1755404229383,0.342174,-0.05324,9.650253
1755404229385,0.234497,-0.062812,10.042975
1755404229387,0.29671,-0.007777,9.719646
1755404229390,0.258425,0.004187,9.975977
1755404229393,0.294317,0.02333,9.908679
1755404229395,0.284746,-0.005384,9.822537
1755404229398,0.22014,-0.034098,10.019048
1755404229400,0.291924,-0.014955,9.71486
1755404229402,0.272782,-0.043669,9.959227
1755404229404,0.253639,-0.036491,9.836894
1755404229407,0.287139,0.008973,9.891929
1755404229410,0.244068,0.001795,9.961619
1755404229412,0.315853,-0.031705,9.750752
1755404229414,0.251246,-0.038883,9.954441
1755404229417,0.284746,-0.000598,9.820144
1755404229419,0.263211,-0.029312,9.923036
1755404229421,0.29671,-0.029312,9.870394
1755404229423,0.265603,-0.002991,9.887143
1755404229427,0.251246,-0.002991,9.846465
1755404229429,0.244068,0.011366,9.980762
1755404229432,0.308674,-0.029312,9.832108
1755404229434,0.294317,-0.038883,9.944571
1755404229436,0.270389,-0.038883,9.738789
1755404229438,0.263211,-0.048455,9.927821
1755404229440,0.267996,-0.005384,9.84168
1755404229445,0.267996,-0.046062,9.844072
1755404229446,0.256032,-0.012562,9.805787
1755404229448,0.169591,0.11665,10.059726
1755404229450,0.19352,0.052044,9.992726
1755404229452,0.320638,-0.036491,9.995119
1755404229454,0.258425,-0.038883,9.80818
1755404229457,0.40678,-0.026919,10.452148
1755404229459,0.358923,-0.091525,9.796216
1755404229462,0.318245,-0.079561,9.894321
1755404229464,0.248854,-0.005384,9.894321
1755404229467,0.33021,-0.079561,9.851251
1755404229469,0.349352,-0.031705,9.983155
1755404229472,0.334995,-0.038883,9.947263
1755404229474,0.267996,-0.026919,9.879965
1755404229476,0.31346,-0.031705,9.781859
1755404229479,0.227318,-0.010169,10.014262
1755404229482,0.378066,-0.010169,9.722038
1755404229484,0.208176,-0.041276,10.040583
1755404229486,0.370888,-0.043669,9.690931
1755404229488,0.157627,-0.029312,10.129117
1755404229490,0.370888,0.044865,9.611969
1755404229493,0.17677,-0.019741,10.153046
1755404229495,0.339781,0.02333,9.60479
1755404229498,0.248854,-0.058026,10.098011
1755404229500,0.356531,0.018544,9.750752
1755404229503,0.248854,-0.007777,9.995119
1755404229505,0.303888,-0.022134,9.827323
1755404229507,0.282353,-0.010169,9.84168
1755404229509,0.267996,-0.065204,9.968799
1755404229512,0.308674,0.001795,9.731609
1755404229514,0.229711,-0.067597,9.966406
1755404229517,0.334995,0.00658,9.724431
1755404229519,0.188734,-0.034098,10.109975
1755404229522,0.342174,0.025723,9.65504
1755404229524,0.20339,-0.024526,10.212866
1755404229526,0.363709,-0.019741,9.633504
1755404229529,0.215354,-0.000598,10.045368
1755404229531,0.349352,-0.019741,9.700503
1755404229534,0.258425,-0.022134,9.959227
1755404229536,0.270389,-0.043669,9.894321
1755404229538,0.303888,0.001795,9.79143
1755404229541,0.277567,-0.029312,9.992726
1755404229543,0.33021,0.020937,9.743574
1755404229546,0.272782,-0.043669,10.050154
1755404229549,0.351745,-0.022134,9.710074
1755404229551,0.267996,-0.041276,9.959227
1755404229553,0.294317,-0.036491,9.875179
1755404229555,0.294317,-0.017348,9.846465
1755404229557,0.239282,-0.034098,9.927821
1755404229560,0.258425,-0.012562,9.796216
1755404229564,0.265603,-0.036491,9.934999
1755404229565,0.272782,-0.031705,9.853643
1755404229567,0.277567,0.008973,9.9015
1755404229570,0.282353,-0.002991,9.853643
1755404229572,0.291924,-0.017348,9.894321
1755404229574,0.294317,-0.019741,9.863214
1755404229577,0.31346,-0.026919,9.911072
1755404229580,0.277567,-0.043669,9.906285
1755404229582,0.267996,-0.012562,9.868001
1755404229584,0.299103,-0.031705,9.899107
1755404229587,0.291924,-0.010169,9.872787
1755404229589,0.287139,-0.038883,9.868001
1755404229591,0.287139,-0.024526,9.882358
1755404229593,0.282353,-0.029312,9.894321
1755404229597,0.287139,-0.038883,9.856036
1755404229599,0.241675,-0.014955,9.877572
1755404229602,0.282353,-0.022134,9.894321
1755404229603,0.265603,0.00658,9.858429
1755404229606,0.299103,-0.005384,9.906285
1755404229608,0.303888,-0.014955,9.868001
1755404229611,0.282353,-0.046062,9.9015
1755404229614,0.291924,-0.017348,9.863214
1755404229615,0.270389,-0.022134,9.870394
1755404229618,0.303888,-0.010169,9.915857
1755404229620,0.301496,-0.024526,9.899107
1755404229622,0.256032,-0.019741,9.868001
1755404229625,0.277567,0.00658,9.865608
1755404229627,0.282353,-0.026919,9.848858
1755404229630,0.263211,-0.034098,9.858429
1755404229632,0.291924,-0.014955,9.853643
1755404229634,0.299103,-0.029312,9.84168
1755404229637,0.289532,-0.05324,9.872787
1755404229639,0.275175,-0.034098,9.872787
1755404229643,0.241675,-0.031705,9.927821
1755404229644,0.342174,-0.046062,9.887143
1755404229647,0.320638,-0.067597,9.870394
1755404229649,0.306281,-0.038883,9.911072
1755404229652,0.282353,0.00658,9.796216
1755404229653,0.306281,-0.017348,9.925428
1755404229656,0.27996,-0.026919,9.889536
1755404229658,0.277567,-0.026919,9.887143
1755404229661,0.265603,-0.050847,9.908679
1755404229663,0.263211,-0.029312,9.903893
1755404229665,0.270389,-0.007777,9.877572
1755404229668,0.287139,-0.017348,9.923036
1755404229671,0.33021,-0.036491,9.882358
1755404229674,0.29671,-0.029312,9.882358
1755404229675,0.263211,-0.014955,9.899107
1755404229677,0.275175,-0.019741,9.896714
1755404229680,0.265603,-0.031705,9.88475
1755404229683,0.275175,-0.014955,9.856036
1755404229685,0.260818,-0.038883,9.971191
1755404229687,0.29671,0.013759,9.906285
1755404229689,0.306281,-0.036491,9.786645
1755404229692,0.267996,-0.105882,9.829716
1755404229694,0.289532,-0.012562,9.997512
1755404229696,0.263211,0.059222,9.822537
1755404229699,0.258425,-0.036491,9.937392
1755404229702,0.275175,-0.125025,9.817751
1755404229704,0.272782,-0.005384,9.932607
1755404229707,0.294317,0.087936,9.9015
1755404229709,0.27996,-0.048455,9.817751
1755404229711,0.291924,-0.10349,9.889536
1755404229713,0.289532,0.018544,9.889536
1755404229716,0.241675,-0.005384,9.891929
1755404229719,0.284746,0.047258,10.045368
1755404229722,0.315853,0.004187,9.74836
1755404229723,0.244068,-0.077169,9.91825
1755404229726,0.354138,0.004187,9.832108
1755404229728,0.284746,-0.002991,9.934999
1755404229730,0.29671,0.016152,9.891929
1755404229733,0.294317,-0.031705,9.815358
1755404229735,0.227318,-0.067597,9.879965
1755404229737,0.327817,0.004187,9.9015
1755404229740,0.287139,0.030508,9.889536
1755404229743,0.277567,-0.055633,9.899107
1755404229745,0.272782,-0.026919,9.829716
1755404229747,0.311067,-0.024526,9.868001
1755404229750,0.258425,0.008973,9.882358
1755404229752,0.303888,-0.029312,9.927821
1755404229754,0.315853,-0.002991,9.856036
1755404229757,0.251246,-0.022134,9.91825
1755404229759,0.284746,-0.000598,9.753145
1755404229761,0.291924,-0.060419,10.03819
1755404229765,0.301496,-0.005384,9.801002
1755404229766,0.267996,-0.024526,9.932607
1755404229769,0.308674,-0.022134,9.796216
1755404229772,0.282353,-0.010169,9.920643
1755404229774,0.267996,-0.024526,9.872787
1755404229776,0.265603,0.004187,9.889536
1755404229778,0.311067,-0.031705,9.891929
1755404229780,0.258425,-0.031705,9.84168
1755404229784,0.320638,-0.041276,9.894321
1755404229785,0.244068,-0.034098,9.923036
1755404229788,0.301496,0.030508,9.889536
1755404229791,0.284746,0.00658,9.882358
1755404229792,0.263211,-0.062812,9.865608
1755404229795,0.263211,-0.046062,9.860822
1755404229797,0.29671,-0.026919,9.875179
1755404229800,0.306281,0.011366,9.903893
1755404229803,0.284746,0.001795,9.829716
1755404229805,0.267996,-0.005384,9.903893
1755404229807,0.315853,-0.029312,9.844072
1755404229809,0.246461,-0.022134,9.891929
1755404229811,0.270389,-0.034098,9.911072
1755404229814,0.291924,-0.002991,9.817751
1755404229818,0.212961,-0.014955,9.975977
1755404229819,0.318245,0.025723,9.741181
1755404229821,0.246461,-0.048455,9.899107
1755404229823,0.308674,-0.002991,9.915857
1755404229826,0.287139,0.059222,9.91825
1755404229828,0.248854,0.004187,9.801002
1755404229831,0.275175,-0.093918,9.882358
1755404229833,0.306281,-0.007777,9.927821
1755404229836,0.234497,0.044865,9.985548
1755404229838,0.260818,-0.010169,9.803394
1755404229840,0.311067,-0.048455,9.937392
1755404229843,0.291924,-0.046062,9.772287
1755404229846,0.263211,-0.014955,9.939785
1755404229847,0.334995,0.028116,9.722038
1755404229850,0.200997,-0.024526,9.947263
1755404229853,0.334995,0.004187,9.834501
1755404229855,0.289532,-0.022134,9.952048
1755404229857,0.258425,-0.079561,9.863214
1755404229859,0.306281,-0.019741,9.952048
1755404229862,0.253639,0.05683,9.896714
1755404229864,0.284746,-0.031705,9.745967
1755404229867,0.325424,-0.067597,9.896714
1755404229869,0.251246,-0.017348,9.952048
1755404229871,0.284746,0.075972,9.755538
1755404229874,0.256032,-0.089133,9.966406
1755404229877,0.265603,-0.113061,9.836894
1755404229879,0.272782,0.001795,9.877572
1755404229881,0.244068,0.087936,10.109975
1755404229883,0.332602,0.016152,9.669396
1755404229888,0.229711,-0.177667,9.942178
1755404229889,0.253639,-0.079561,9.868001
1755404229891,0.291924,0.066401,9.88475
1755404229893,0.234497,0.032901,10.00469
1755404229895,0.306281,-0.050847,9.738789
1755404229898,0.253639,-0.093918,9.863214
1755404229900,0.260818,-0.012562,9.934999
1755404229903,0.284746,0.025723,9.868001
1755404229905,0.246461,-0.002991,9.913465
1755404229908,0.258425,-0.034098,9.812965
1755404229910,0.272782,-0.050847,9.836894
1755404229912,0.277567,-0.036491,9.868001
1755404229915,0.277567,-0.014955,9.925428
1755404229917,0.265603,0.008973,9.88475
1755404229920,0.246461,-0.017348,9.872787
1755404229923,0.232104,0.008973,9.848858
1755404229924,0.265603,-0.034098,9.872787
1755404229927,0.291924,-0.058026,9.88475
1755404229929,0.27996,0.004187,9.894321
1755404229931,0.258425,-0.012562,9.870394
1755404229934,0.239282,-0.019741,9.812965
1755404229937,0.337388,-0.048455,9.899107
1755404229939,0.325424,-0.05324,9.968799
1755404229941,0.287139,-0.038883,9.956834
1755404229943,0.315853,-0.022134,9.875179
1755404229946,0.27996,0.018544,9.875179
1755404229948,0.27996,0.001795,10.059726
1755404229950,0.205783,0.018544,9.736395
1755404229954,0.241675,-0.005384,9.872787
1755404229957,0.136092,0.047258,9.60479
1755404229958,0.241675,0.02333,9.975977
1755404229960,0.452243,-0.08674,10.382756
1755404229962,0.222533,0.047258,9.882358
1755404229965,0.191127,0.00658,9.68136
1755404229968,0.380459,-0.093918,9.956834
1755404229971,0.16002,0.020937,9.772287
1755404229973,0.256032,-0.026919,9.882358
1755404229975,0.473779,-0.093918,10.13151
1755404229977,0.20339,0.001795,9.68136
1755404229979,0.356531,-0.101097,9.995119
1755404229982,0.191127,-0.024526,9.540184
1755404229984,0.416351,-0.060419,10.167402
1755404229988,0.334995,-0.091525,9.995119
1755404229989,0.303888,-0.034098,9.934999
1755404229992,0.303888,-0.050847,9.927821
1755404229994,0.311067,-0.038883,9.724431
1755404229996,0.311067,-0.022134,9.915857
1755404229998,0.366102,-0.022134,10.014262
1755404230001,0.234497,0.018544,9.676575
1755404230003,0.282353,0.004187,9.952048
1755404230005,0.320638,-0.002991,9.932607
1755404230009,0.260818,0.071186,10.162617
1755404230011,0.234497,0.02333,9.779466
1755404230013,0.394816,-0.062812,9.889536
1755404230015,0.368495,-0.007777,10.217651
1755404230018,0.378066,-0.067597,9.934999
1755404230020,0.093021,0.085543,9.731609
1755404230023,0.291924,-0.055633,9.863214
1755404230026,0.232104,-0.041276,9.693324
1755404230028,0.205783,0.018544,9.858429
1755404230030,0.20339,0.001795,9.822537
1755404230032,0.358923,-0.08674,9.836894
1755404230034,0.337388,-0.084347,9.853643
1755404230037,0.337388,-0.034098,9.820144
1755404230040,0.311067,0.004187,9.908679
1755404230042,0.277567,-0.041276,9.853643
1755404230044,0.174377,-0.041276,9.444471
1755404230047,0.241675,-0.036491,9.710074
1755404230049,0.287139,-0.019741,9.899107
1755404230051,0.236889,-0.031705,9.877572
1755404230054,0.275175,-0.048455,9.875179
1755404230057,0.258425,-0.012562,9.879965
1755404230059,0.267996,-0.010169,9.879965
1755404230061,0.31346,-0.019741,9.903893
1755404230063,0.260818,0.004187,9.891929
1755404230066,0.291924,-0.017348,9.851251
1755404230068,0.27996,-0.041276,9.879965
1755404230071,0.299103,-0.038883,9.868001
1755404230074,0.272782,-0.038883,9.889536
1755404230076,0.265603,0.001795,9.891929
1755404230078,0.253639,0.004187,9.887143
1755404230081,0.284746,-0.010169,9.899107
1755404230082,0.318245,-0.019741,9.870394
1755404230085,0.284746,-0.017348,9.879965
1755404230087,0.275175,-0.048455,9.903893
1755404230090,0.294317,-0.062812,9.88475
1755404230092,0.258425,-0.022134,9.899107
1755404230094,0.263211,-0.010169,9.882358
1755404230097,0.27996,-0.024526,9.88475
1755404230099,0.33021,-0.022134,9.891929
1755404230101,0.277567,-0.017348,9.889536
1755404230104,0.277567,-0.007777,9.868001
1755404230107,0.308674,-0.038883,9.889536
1755404230110,0.287139,-0.022134,9.872787
1755404230111,0.284746,0.004187,9.887143
1755404230113,0.260818,-0.019741,9.899107
1755404230116,0.308674,-0.022134,9.865608
1755404230118,0.299103,-0.041276,9.894321
1755404230121,0.265603,-0.017348,9.858429
1755404230124,0.275175,-0.026919,9.851251
1755404230125,0.291924,-0.046062,10.050154
1755404230128,0.270389,-0.048455,9.889536
1755404230131,0.258425,-0.048455,9.647861
1755404230133,0.248854,-0.022134,9.846465
1755404230135,0.272782,-0.043669,10.090832
1755404230138,0.303888,-0.036491,9.889536
1755404230141,0.244068,-0.038883,9.767502
1755404230142,0.29671,-0.022134,9.879965
1755404230144,0.260818,-0.048455,9.925428
1755404230147,0.260818,0.066401,9.954441
1755404230149,0.27996,0.018544,9.74836
1755404230152,0.236889,-0.074776,9.927821
1755404230154,0.289532,-0.079561,9.812965
1755404230157,0.299103,-0.002991,9.844072
1755404230159,0.263211,0.02333,9.975977
1755404230161,0.299103,0.008973,9.745967
1755404230164,0.253639,-0.050847,9.942178
1755404230166,0.323031,0.030508,9.777073
1755404230168,0.222533,-0.026919,10.109975
1755404230171,0.363709,0.049651,9.58804
1755404230173,0.217747,-0.029312,10.136296
1755404230176,0.308674,-0.019741,9.750752
1755404230178,0.208176,-0.041276,9.961619
1755404230180,0.303888,-0.043669,9.803394
1755404230183,0.241675,-0.000598,9.992726
1755404230185,0.342174,-0.048455,9.858429
1755404230188,0.267996,0.02333,9.906285
1755404230190,0.263211,-0.062812,9.889536
1755404230193,0.282353,0.004187,9.77468
1755404230195,0.265603,-0.031705,9.889536
1755404230197,0.299103,0.011366,9.793823
1755404230200,0.229711,-0.014955,9.942178
1755404230202,0.349352,-0.043669,9.839287
1755404230205,0.20339,-0.029312,10.047761
1755404230207,0.351745,0.037687,9.674182
1755404230210,0.191127,-0.002991,10.090832
1755404230213,0.323031,0.025723,9.626326
1755404230215,0.224925,-0.038883,10.019048
1755404230216,0.351745,-0.022134,9.731609
1755404230219,0.263211,-0.041276,9.987941
1755404230221,0.311067,-0.043669,9.820144
1755404230224,0.291924,-0.048455,9.875179
1755404230227,0.291924,-0.079561,9.896714
1755404230229,0.308674,0.008973,9.719646
1755404230231,0.253639,-0.014955,9.952048
1755404230233,0.332602,0.004187,9.760324
1755404230236,0.260818,-0.010169,10.129117
1755404230238,0.346959,0.008973,9.80818
1755404230241,0.272782,-0.024526,9.927821
1755404230244,0.29671,-0.038883,9.781859
1755404230245,0.289532,-0.046062,9.860822
1755404230248,0.265603,-0.038883,9.906285
1755404230250,0.320638,0.018544,9.760324
1755404230253,0.260818,-0.024526,10.126724
1755404230255,0.29671,-0.014955,9.674182
1755404230257,0.267996,-0.06999,9.956834
1755404230260,0.284746,-0.065204,9.844072
1755404230262,0.289532,0.035294,9.91825
1755404230265,0.291924,0.061615,9.966406
1755404230267,0.320638,-0.031705,9.717253
1755404230270,0.248854,-0.144168,9.91825
1755404230272,0.277567,0.001795,9.870394
1755404230274,0.311067,0.05683,9.956834
1755404230277,0.265603,0.025723,9.896714
1755404230279,0.248854,-0.108275,9.851251
1755404230281,0.275175,-0.046062,9.887143
1755404230284,0.289532,0.028116,9.915857
1755404230287,0.325424,-0.010169,9.789038
1755404230289,0.260818,-0.081954,9.836894
1755404230291,0.277567,-0.007777,10.062119
1755404230295,0.294317,0.032901,9.786645
1755404230296,0.246461,-0.065204,9.908679
1755404230298,0.258425,-0.038883,9.844072
1755404230301,0.299103,0.035294,9.858429
1755404230303,0.236889,-0.041276,9.911072
1755404230305,0.289532,-0.036491,9.839287
1755404230308,0.303888,0.025723,9.891929
1755404230311,0.256032,-0.031705,9.887143
1755404230314,0.291924,-0.043669,9.939785
1755404230316,0.303888,0.02333,9.839287
1755404230317,0.258425,-0.034098,9.889536
1755404230320,0.265603,-0.036491,9.812965
1755404230322,0.303888,0.020937,9.889536
1755404230325,0.267996,-0.041276,9.877572
1755404230328,0.27996,-0.036491,9.851251
1755404230330,0.325424,-0.012562,9.851251
1755404230333,0.222533,-0.062812,9.915857
1755404230335,0.272782,0.020937,9.877572
1755404230336,0.277567,0.049651,9.908679
1755404230339,0.260818,-0.058026,9.930214
1755404230341,0.308674,-0.012562,9.896714
1755404230344,0.275175,-0.000598,9.805787
1755404230346,0.251246,-0.026919,9.9015
1755404230348,0.308674,-0.002991,9.789038
1755404230351,0.270389,-0.024526,9.932607
1755404230353,0.29671,-0.014955,9.947263
1755404230356,0.294317,0.008973,9.879965
1755404230358,0.270389,0.016152,9.726824
1755404230360,0.244068,-0.067597,9.908679
1755404230363,0.308674,-0.077169,9.911072
1755404230365,0.267996,-0.005384,9.827323
1755404230368,0.272782,-0.031705,9.913465
1755404230370,0.270389,-0.017348,9.872787
1755404230372,0.325424,-0.098704,9.781859
1755404230375,0.275175,-0.043669,10.033404
1755404230377,0.358923,0.032901,9.836894
1755404230380,0.234497,-0.041276,9.937392
1755404230382,0.332602,-0.055633,9.812965
1755404230385,0.251246,-0.043669,9.865608
1755404230387,0.308674,0.001795,9.889536
1755404230389,0.267996,-0.000598,9.947263
1755404230391,0.253639,-0.029312,9.985548
1755404230394,0.299103,-0.005384,9.829716
1755404230396,0.263211,-0.010169,9.801002
1755404230399,0.270389,-0.05324,9.9015
1755404230401,0.311067,-0.029312,9.772287
1755404230403,0.244068,-0.031705,9.966406
1755404230406,0.332602,0.001795,9.870394
1755404230408,0.272782,-0.072383,9.872787
1755404230410,0.294317,-0.060419,9.906285
1755404230413,0.287139,-0.019741,9.84168
1755404230416,0.258425,-0.026919,9.879965
1755404230419,0.256032,-0.089133,9.784252
1755404230420,0.284746,-0.041276,9.952048
1755404230423,0.301496,0.037687,9.868001
1755404230425,0.260818,-0.022134,9.930214
1755404230427,0.275175,-0.036491,9.848858
1755404230430,0.289532,-0.043669,9.834501
1755404230432,0.239282,-0.062812,9.934999
1755404230435,0.318245,0.037687,9.930214
1755404230437,0.284746,0.00658,9.868001
1755404230440,0.289532,-0.048455,9.920643
1755404230443,0.287139,-0.012562,9.858429
1755404230445,0.303888,-0.029312,9.79143
1755404230448,0.327817,-0.058026,9.846465
1755404230450,0.270389,-0.029312,9.961619
1755404230453,0.275175,0.078365,9.860822
1755404230454,0.253639,-0.024526,9.913465
1755404230457,0.346959,-0.058026,9.786645
1755404230458,0.27996,-0.05324,9.934999
1755404230461,0.282353,0.042473,9.879965
1755404230464,0.303888,-0.060419,9.889536
1755404230468,0.339781,-0.041276,9.860822
1755404230469,0.275175,-0.024526,9.839287
1755404230470,0.241675,-0.012562,9.985548
1755404230473,0.346959,0.032901,9.796216
1755404230475,0.222533,-0.079561,9.848858
1755404230478,0.303888,-0.091525,9.894321
1755404230481,0.301496,0.035294,9.899107
1755404230483,0.246461,0.020937,9.810573
1755404230485,0.263211,-0.10349,9.954441
1755404230487,0.339781,0.004187,9.882358
1755404230491,0.251246,-0.002991,9.856036
1755404230492,0.27996,-0.05324,9.88475
1755404230495,0.344566,0.004187,9.990334
1755404230498,0.260818,0.054437,9.851251
1755404230500,0.236889,-0.048455,9.798609
1755404230503,0.323031,-0.031705,10.016655
1755404230504,0.291924,0.042473,9.891929
1755404230507,0.265603,-0.014955,9.784252
1755404230509,0.287139,-0.062812,9.939785
1755404230511,0.275175,-0.000598,9.851251
1755404230515,0.248854,0.013759,9.801002
1755404230517,0.325424,-0.050847,9.968799
1755404230519,0.294317,-0.022134,9.853643
1755404230521,0.232104,0.001795,9.810573
1755404230523,0.282353,-0.017348,9.920643
1755404230526,0.289532,-0.067597,9.877572
1755404230528,0.29671,-0.010169,9.84168
1755404230531,0.246461,-0.046062,9.944571
1755404230533,0.325424,-0.034098,9.836894
1755404230535,0.248854,-0.010169,9.894321
1755404230539,0.284746,0.00658,9.923036
1755404230540,0.318245,-0.010169,9.853643
1755404230542,0.241675,-0.014955,9.906285
1755404230545,0.287139,-0.022134,9.877572
1755404230547,0.277567,-0.05324,9.879965
1755404230550,0.272782,-0.041276,9.889536
1755404230552,0.282353,-0.005384,9.872787
1755404230555,0.282353,-0.041276,9.891929
1755404230557,0.267996,-0.017348,9.868001
1755404230559,0.253639,-0.022134,9.9015
1755404230562,0.289532,-0.014955,9.894321
1755404230564,0.263211,-0.026919,9.899107
1755404230567,0.260818,-0.017348,9.870394
1755404230569,0.248854,0.001795,9.872787
1755404230572,0.275175,0.011366,9.882358
1755404230574,0.275175,-0.012562,9.877572
1755404230576,0.251246,-0.036491,9.896714
1755404230579,0.265603,-0.043669,9.872787
1755404230581,0.284746,-0.043669,9.870394
1755404230583,0.287139,-0.034098,9.891929
1755404230585,0.275175,-0.031705,9.836894
1755404230588,0.270389,-0.019741,9.860822
1755404230590,0.282353,-0.007777,9.851251
1755404230593,0.303888,-0.000598,9.870394
1755404230595,0.291924,-0.000598,9.863214
1755404230597,0.256032,-0.026919,9.887143
1755404230601,0.306281,-0.014955,9.911072
1755404230603,0.282353,0.011366,9.882358
1755404230605,0.270389,-0.014955,9.877572
1755404230607,0.265603,-0.014955,9.879965
1755404230610,0.27996,-0.055633,9.875179
1755404230612,0.29671,-0.012562,9.891929
1755404230614,0.303888,-0.026919,9.882358
1755404230617,0.303888,-0.034098,9.882358
1755404230619,0.277567,-0.017348,9.860822
1755404230621,0.263211,-0.041276,9.88475
1755404230624,0.253639,-0.022134,9.875179
1755404230626,0.27996,-0.000598,9.872787
1755404230629,0.272782,-0.038883,9.860822
1755404230631,0.256032,-0.041276,9.889536
1755404230634,0.260818,-0.007777,9.877572
1755404230636,0.236889,-0.017348,9.875179
1755404230638,0.267996,-0.012562,9.894321
1755404230641,0.275175,-0.055633,9.9015
1755404230643,0.272782,-0.022134,9.882358
1755404230646,0.284746,0.018544,9.891929
1755404230648,0.284746,-0.000598,9.896714
1755404230651,0.258425,-0.031705,9.889536
1755404230653,0.263211,-0.017348,9.865608
1755404230655,0.27996,-0.041276,9.903893
1755404230658,0.289532,-0.050847,9.863214
1755404230660,0.272782,-0.024526,9.903893
1755404230662,0.275175,-0.019741,9.872787
1755404230664,0.232104,-0.046062,9.896714
1755404230668,0.263211,-0.026919,9.882358
1755404230670,0.277567,-0.024526,9.879965
1755404230672,0.294317,0.00658,9.879965
1755404230674,0.306281,-0.019741,9.834501
1755404230677,0.29671,-0.038883,9.865608
1755404230679,0.265603,-0.041276,9.860822
1755404230681,0.301496,-0.017348,9.877572
1755404230685,0.289532,0.001795,9.863214
1755404230688,0.27996,-0.014955,9.856036
1755404230689,0.277567,-0.046062,9.9015
1755404230691,0.299103,-0.041276,9.870394
1755404230694,0.284746,-0.043669,9.875179
1755404230696,0.272782,-0.017348,9.868001
1755404230698,0.272782,-0.029312,9.853643
1755404230702,0.289532,-0.022134,9.868001
1755404230703,0.267996,-0.017348,9.882358
1755404230705,0.282353,0.00658,9.868001
1755404230708,0.248854,-0.029312,9.853643
1755404230710,0.270389,-0.048455,9.870394
1755404230712,0.236889,-0.022134,9.889536
1755404230715,0.272782,-0.024526,9.889536
1755404230717,0.272782,-0.031705,9.879965
1755404230720,0.287139,0.004187,9.894321
1755404230723,0.260818,-0.024526,9.865608
1755404230724,0.303888,-0.019741,9.882358
1755404230727,0.291924,-0.048455,9.860822
1755404230729,0.299103,-0.041276,9.903893
1755404230732,0.27996,-0.007777,9.868001
1755404230734,0.282353,-0.017348,9.877572
1755404230737,0.294317,-0.005384,9.870394
1755404230740,0.306281,-0.041276,9.891929
1755404230742,0.287139,-0.036491,9.863214
1755404230744,0.258425,-0.002991,9.875179
1755404230746,0.253639,-0.017348,9.846465
1755404230749,0.289532,-0.019741,9.877572
1755404230751,0.284746,-0.026919,9.856036
1755404230754,0.31346,-0.034098,9.865608
1755404230756,0.277567,-0.050847,9.872787
1755404230758,0.258425,-0.036491,9.889536
1755404230761,0.275175,-0.034098,9.870394
1755404230763,0.265603,-0.019741,9.879965
1755404230765,0.289532,-0.022134,9.858429
1755404230768,0.284746,-0.031705,9.88475
1755404230771,0.315853,-0.024526,9.851251
1755404230773,0.282353,-0.017348,9.879965
1755404230775,0.289532,-0.038883,9.887143
1755404230778,0.291924,-0.026919,9.868001
1755404230780,0.251246,-0.036491,9.879965
1755404230784,0.275175,-0.029312,9.875179
1755404230785,0.260818,-0.022134,9.879965
1755404230788,0.287139,-0.010169,9.870394
1755404230791,0.323031,-0.012562,9.891929
1755404230793,0.289532,-0.055633,9.896714
1755404230794,0.248854,-0.026919,9.88475
1755404230798,0.270389,-0.024526,9.877572
1755404230799,0.267996,-0.022134,9.858429
1755404230801,0.311067,-0.036491,9.868001
1755404230805,0.258425,-0.034098,9.887143
1755404230808,0.246461,-0.048455,9.891929
1755404230810,0.265603,-0.024526,9.875179
1755404230811,0.282353,-0.031705,9.877572
1755404230813,0.277567,-0.019741,9.875179
1755404230815,0.303888,-0.022134,9.875179
1755404230818,0.29671,-0.034098,9.882358
1755404230821,0.289532,-0.007777,9.887143
1755404230823,0.246461,-0.002991,9.911072
1755404230825,0.284746,-0.005384,9.877572
1755404230827,0.234497,-0.002991,9.863214
1755404230830,0.253639,-0.034098,9.877572
1755404230832,0.27996,-0.034098,9.868001
1755404230835,0.284746,-0.019741,9.894321
1755404230838,0.263211,-0.007777,9.894321
1755404230840,0.287139,-0.041276,9.879965
1755404230843,0.315853,-0.024526,9.868001
1755404230844,0.277567,-0.05324,9.848858
1755404230847,0.29671,-0.050847,9.877572
1755404230849,0.294317,-0.026919,9.872787
1755404230852,0.308674,-0.017348,9.882358
1755404230855,0.299103,-0.05324,9.865608
1755404230856,0.270389,-0.055633,9.891929
1755404230859,0.265603,-0.007777,9.894321
1755404230861,0.289532,-0.029312,9.872787
1755404230864,0.267996,-0.024526,9.903893
1755404230866,0.291924,-0.019741,9.875179
1755404230868,0.272782,-0.017348,9.860822
1755404230872,0.27996,-0.046062,9.868001
1755404230873,0.270389,-0.041276,9.877572
1755404230876,0.289532,-0.036491,9.879965
1755404230878,0.301496,-0.019741,9.877572
1755404230880,0.287139,-0.022134,9.887143
1755404230883,0.272782,0.001795,9.899107
1755404230885,0.277567,-0.050847,9.88475
1755404230888,0.284746,-0.019741,9.875179
1755404230890,0.282353,-0.034098,9.870394
1755404230892,0.270389,-0.012562,9.88475
1755404230895,0.332602,-0.007777,9.879965
1755404230897,0.291924,-0.002991,9.870394
1755404230900,0.236889,-0.007777,9.868001
1755404230902,0.284746,-0.002991,9.870394
1755404230905,0.256032,-0.038883,9.877572
1755404230907,0.303888,-0.031705,9.877572
1755404230910,0.272782,-0.000598,9.882358
1755404230911,0.282353,-0.005384,9.903893
1755404230914,0.282353,-0.010169,9.896714
1755404230916,0.239282,-0.014955,9.875179
1755404230919,0.27996,-0.029312,9.903893
1755404230922,0.29671,-0.019741,9.906285
1755404230924,0.260818,-0.024526,9.870394
1755404230926,0.282353,-0.026919,9.863214
1755404230928,0.263211,0.00658,9.863214
1755404230931,0.256032,-0.036491,9.889536
1755404230933,0.282353,-0.007777,9.882358
1755404230935,0.251246,-0.002991,9.882358
1755404230938,0.232104,0.013759,9.870394
1755404230941,0.256032,-0.024526,9.894321
1755404230943,0.275175,-0.019741,9.894321
1755404230946,0.246461,0.004187,9.879965
1755404230947,0.275175,-0.014955,9.891929
1755404230950,0.260818,-0.014955,9.879965
1755404230952,0.260818,-0.019741,9.872787
1755404230955,0.272782,-0.029312,9.887143
1755404230958,0.267996,-0.029312,9.872787
1755404230960,0.239282,-0.029312,9.875179
1755404230962,0.251246,-0.012562,9.870394
1755404230964,0.251246,-0.014955,9.887143
1755404230967,0.270389,-0.026919,9.877572
1755404230969,0.294317,-0.048455,9.889536
1755404230971,0.272782,-0.024526,9.891929
1755404230975,0.284746,-0.031705,9.848858
1755404230977,0.27996,-0.038883,9.894321
1755404230979,0.311067,-0.036491,9.877572
1755404230981,0.289532,-0.017348,9.889536
1755404230983,0.275175,-0.014955,9.887143
1755404230987,0.31346,-0.026919,9.860822
1755404230988,0.294317,-0.031705,9.863214
1755404230991,0.263211,-0.019741,9.882358
1755404230993,0.265603,0.001795,9.870394
1755404230995,0.256032,-0.038883,9.91825
1755404230998,0.265603,-0.000598,9.805787
1755404231000,0.27996,-0.084347,9.887143
1755404231003,0.27996,-0.007777,9.834501
1755404231005,0.277567,-0.048455,9.9015
1755404231009,0.258425,0.004187,9.906285
1755404231010,0.303888,-0.002991,9.896714
1755404231013,0.246461,-0.058026,9.863214
1755404231015,0.301496,-0.031705,9.887143
1755404231017,0.256032,-0.038883,9.860822
1755404231019,0.284746,-0.017348,9.915857
1755404231022,0.289532,0.054437,9.906285
1755404231026,0.315853,-0.079561,9.781859
1755404231027,0.22014,-0.043669,9.913465
1755404231029,0.29671,-0.038883,9.834501
1755404231031,0.260818,0.04008,9.930214
1755404231034,0.275175,-0.014955,9.937392
1755404231036,0.282353,-0.019741,9.777073
1755404231038,0.253639,-0.043669,10.002297
1755404231041,0.294317,0.018544,9.731609
1755404231044,0.234497,-0.036491,10.086046
1755404231046,0.351745,0.001795,9.635897
1755404231048,0.22014,-0.089133,10.102797
1755404231051,0.370888,-0.002991,9.58804
1755404231053,0.191127,-0.043669,10.155438
1755404231055,0.387637,0.004187,9.585648
1755404231057,0.174377,-0.055633,10.186545
1755404231060,0.409173,0.013759,9.564112
1755404231063,0.155234,-0.050847,10.193724
1755404231065,0.433101,0.020937,9.552148
1755404231068,0.148056,-0.081954,10.200902
1755404231070,0.397209,0.061615,9.578469
1755404231072,0.164806,-0.074776,10.153046
1755404231074,0.380459,0.059222,9.693324
1755404231077,0.241675,-0.105882,9.985548
1755404231080,0.260818,0.068794,9.9015
1755404231082,0.320638,-0.022134,9.741181
1755404231084,0.136092,-0.007777,10.119546
1755404231087,0.4666,0.030508,9.54497
1755404231089,0.054736,-0.129811,10.243973
1755404231091,0.48335,0.109472,9.602397
1755404231095,0.191127,-0.141775,10.009477
1755404231096,0.294317,0.068794,9.937392
1755404231098,0.392423,0.001795,9.669396
1755404231101,0.109771,-0.127418,10.126724
1755404231104,0.447458,0.11665,9.736395
1755404231105,0.253639,-0.134596,9.784252
1755404231108,0.186341,-0.017348,10.07169
1755404231111,0.430708,0.159721,9.688539
1755404231113,0.116949,-0.208774,9.879965
1755404231115,0.301496,-0.005384,10.047761
1755404231118,0.356531,0.176471,9.84168
1755404231120,0.19352,-0.175274,9.719646
1755404231123,0.323031,-0.120239,10.045368
1755404231125,0.344566,0.200399,9.937392
1755404231127,0.241675,-0.08674,9.678967
1755404231131,0.256032,-0.251845,9.915857
1755404231132,0.344566,0.171685,10.042975
1755404231135,0.232104,0.11665,9.836894
1755404231137,0.239282,-0.247059,9.659825
1755404231139,0.31346,-0.136989,9.961619
1755404231142,0.229711,0.245863,10.040583
1755404231145,0.303888,0.071186,9.863214
1755404231146,0.301496,-0.307179,9.664611
1755404231149,0.256032,-0.156132,9.865608
1755404231151,0.29671,0.171685,9.959227
1755404231153,0.22014,0.107079,10.066904
1755404231156,0.291924,-0.084347,9.832108
1755404231158,0.272782,-0.108275,9.891929
1755404231162,0.277567,0.02333,9.846465
1755404231164,0.265603,-0.026919,9.891929
1755404231165,0.306281,-0.10349,9.868001
1755404231168,0.306281,-0.055633,9.82493
1755404231171,0.239282,0.013759,9.927821
1755404231173,0.301496,0.049651,9.956834
1755404231175,0.267996,0.008973,9.932607
1755404231179,0.248854,-0.012562,9.903893
1755404231180,0.301496,-0.005384,9.877572
1755404231183,0.327817,-0.038883,9.923036
1755404231184,0.303888,-0.077169,9.870394
1755404231187,0.272782,-0.079561,9.822537
1755404231190,0.29671,-0.041276,9.853643
1755404231192,0.275175,0.013759,9.817751
1755404231196,0.253639,0.028116,9.88475
1755404231198,0.282353,0.032901,9.971191
1755404231199,0.299103,-0.002991,9.973584
1755404231201,0.248854,-0.041276,9.858429
1755404231204,0.29671,-0.019741,9.820144
1755404231207,0.287139,-0.074776,9.844072
1755404231208,0.282353,-0.067597,9.882358
1755404231213,0.29671,-0.048455,9.839287
1755404231215,0.277567,-0.012562,9.899107
1755404231216,0.291924,0.061615,9.937392
1755404231219,0.272782,0.042473,9.997512
1755404231221,0.299103,-0.05324,9.860822
1755404231223,0.29671,-0.096311,9.801002
1755404231225,0.277567,-0.077169,9.848858
1755404231229,0.289532,0.059222,9.992726
1755404231231,0.332602,0.066401,9.868001
1755404231233,0.224925,-0.120239,9.851251
1755404231235,0.265603,-0.098704,9.913465
1755404231237,0.289532,0.049651,9.82493
1755404231240,0.27996,-0.014955,9.839287
1755404231243,0.291924,-0.065204,9.920643
1755404231246,0.311067,0.008973,9.949656
1755404231249,0.260818,-0.010169,9.77468
1755404231250,0.234497,-0.170489,9.870394
1755404231252,0.308674,-0.000598,9.995119
1755404231255,0.265603,0.102293,9.80818
1755404231257,0.227318,-0.108275,9.858429
1755404231259,0.320638,-0.036491,10.035797
1755404231261,0.344566,0.059222,9.724431
1755404231264,0.17677,-0.127418,9.954441
1755404231266,0.378066,0.066401,9.934999
1755404231268,0.27996,0.025723,9.805787
1755404231271,0.200997,-0.105882,9.923036
1755404231273,0.375673,0.028116,9.882358
1755404231275,0.244068,-0.014955,9.71486
1755404231278,0.174377,-0.091525,10.045368
1755404231281,0.42353,0.035294,9.760324
1755404231283,0.200997,-0.08674,9.934999
1755404231285,0.291924,-0.010169,9.942178
1755404231288,0.366102,-0.010169,9.705289
1755404231290,0.169591,-0.079561,10.05494
1755404231292,0.385244,0.047258,9.71486
1755404231295,0.205783,-0.079561,10.081261
1755404231298,0.342174,0.049651,9.765109
1755404231300,0.303888,-0.089133,9.858429
1755404231302,0.260818,0.011366,9.947263
1755404231305,0.334995,-0.026919,9.688539
1755404231307,0.183948,-0.062812,10.064511
1755404231309,0.401994,-0.010169,9.638289
1755404231312,0.157627,-0.038883,10.13151
1755404231315,0.39003,0.011366,9.614362
1755404231319,0.169591,-0.058026,10.162617
1755404231320,0.40678,0.028116,9.628718
1755404231321,0.19352,-0.055633,10.138689
1755404231323,0.366102,0.037687,9.664611
1755404231326,0.205783,-0.034098,10.100404
1755404231328,0.325424,-0.005384,9.71486
1755404231332,0.239282,-0.022134,10.011869
1755404231333,0.380459,-0.055633,9.710074
1755404231335,0.212961,-0.096311,9.906285
1755404231338,0.339781,-0.022134,9.891929
1755404231340,0.303888,0.02333,9.915857
1755404231343,0.287139,0.044865,9.971191
1755404231345,0.291924,-0.055633,9.678967
1755404231349,0.308674,-0.117847,9.877572
1755404231350,0.287139,-0.048455,9.903893
1755404231353,0.294317,0.083151,10.00469
1755404231355,0.282353,0.064008,9.971191
1755404231357,0.263211,-0.110668,9.643075
1755404231359,0.251246,-0.115454,9.786645
1755404231362,0.256032,0.025723,9.956834
1755404231365,0.263211,0.1334,9.863214
1755404231367,0.222533,-0.012562,9.903893
1755404231370,0.291924,-0.144168,9.82493
1755404231371,0.284746,-0.007777,9.983155
1755404231374,0.306281,0.092722,9.844072
1755404231376,0.315853,-0.050847,9.88475
1755404231379,0.31346,-0.077169,9.908679
1755404231383,0.272782,-0.026919,9.82493
1755404231384,0.287139,-0.022134,9.834501
1755404231386,0.33021,-0.024526,9.956834
1755404231388,0.306281,-0.000598,9.832108
1755404231390,0.248854,-0.002991,9.786645
1755404231393,0.277567,-0.036491,9.990334
1755404231395,0.306281,0.018544,9.80818
1755404231398,0.270389,-0.055633,9.79143
1755404231401,0.31346,0.001795,10.042975
1755404231402,0.327817,0.049651,9.803394
1755404231405,0.224925,-0.038883,9.810573
1755404231407,0.299103,-0.005384,9.894321
1755404231410,0.301496,0.011366,9.863214
1755404231412,0.22014,-0.06999,9.899107
1755404231414,0.323031,-0.019741,9.872787
1755404231417,0.267996,-0.012562,9.894321
1755404231419,0.208176,-0.031705,9.872787
1755404231422,0.354138,-0.002991,9.870394
1755404231424,0.224925,-0.019741,9.896714
1755404231427,0.282353,0.001795,9.923036
1755404231429,0.332602,-0.036491,9.801002
1755404231431,0.260818,-0.007777,9.908679
1755404231434,0.325424,-0.022134,9.868001
1755404231436,0.275175,-0.038883,9.911072
1755404231438,0.265603,0.020937,9.896714
1755404231441,0.253639,-0.002991,9.939785
1755404231443,0.294317,-0.012562,9.827323
1755404231446,0.253639,-0.046062,9.91825
1755404231448,0.277567,-0.031705,9.844072
1755404231451,0.29671,0.011366,9.992726
1755404231453,0.291924,0.018544,9.84168
1755404231455,0.299103,-0.046062,9.822537
1755404231458,0.241675,-0.06999,9.889536
1755404231460,0.311067,0.013759,9.973584
1755404231463,0.284746,0.042473,9.844072
1755404231465,0.306281,-0.034098,9.827323
1755404231468,0.277567,-0.055633,9.860822
1755404231471,0.303888,-0.046062,9.952048
1755404231472,0.29671,0.030508,9.877572
1755404231475,0.311067,-0.010169,9.834501
1755404231477,0.253639,-0.055633,9.868001
1755404231479,0.308674,-0.043669,9.784252
1755404231481,0.234497,0.001795,10.033404
1755404231484,0.294317,0.073579,9.834501
1755404231486,0.227318,-0.062812,9.980762
1755404231489,0.308674,-0.005384,9.769895
1755404231491,0.272782,-0.091525,9.887143
1755404231493,0.287139,-0.043669,9.903893
1755404231496,0.323031,-0.026919,9.796216
1755404231498,0.287139,0.016152,9.964012
1755404231501,0.308674,0.025723,9.853643
1755404231503,0.239282,-0.060419,9.930214
1755404231507,0.294317,-0.007777,9.930214
1755404231508,0.320638,-0.024526,9.765109
1755404231511,0.246461,-0.081954,9.856036
1755404231513,0.344566,-0.022134,9.927821
1755404231516,0.301496,0.052044,9.836894
1755404231518,0.19352,-0.026919,10.064511
1755404231520,0.325424,0.008973,9.810573
1755404231522,0.227318,-0.065204,9.817751
1755404231525,0.253639,-0.048455,9.875179
1755404231527,0.318245,0.011366,9.801002
1755404231530,0.258425,-0.043669,9.868001
1755404231532,0.270389,-0.014955,9.930214
1755404231535,0.315853,-0.041276,9.765109
1755404231537,0.263211,-0.034098,9.992726
1755404231539,0.351745,0.064008,9.829716
1755404231543,0.29671,-0.055633,9.923036
1755404231544,0.299103,-0.077169,9.68136
1755404231546,0.294317,-0.079561,9.999905
1755404231549,0.346959,0.073579,9.882358
1755404231552,0.27996,0.011366,9.944571
1755404231554,0.31346,-0.012562,9.865608
1755404231556,0.315853,-0.055633,9.79143
1755404231559,0.244068,-0.034098,9.968799
1755404231561,0.275175,0.078365,9.853643
1755404231563,0.222533,-0.002991,9.934999
1755404231565,0.299103,-0.05324,9.805787
1755404231570,0.256032,-0.038883,9.879965
1755404231573,0.239282,0.032901,9.906285
1755404231574,0.224925,0.035294,9.894321
1755404231575,0.241675,-0.017348,9.875179
1755404231578,0.258425,-0.038883,9.860822
1755404231580,0.282353,-0.043669,9.860822
1755404231583,0.277567,-0.036491,9.848858
1755404231586,0.299103,-0.019741,9.875179
1755404231587,0.299103,-0.024526,9.939785
1755404231590,0.31346,-0.041276,9.908679
1755404231592,0.332602,-0.048455,9.858429
1755404231595,0.334995,-0.058026,9.777073
1755404231597,0.267996,-0.017348,9.894321
1755404231599,0.311067,0.001795,9.887143
1755404231602,0.315853,0.016152,9.896714
1755404231604,0.284746,0.00658,9.877572
1755404231606,0.265603,-0.012562,9.868001
1755404231608,0.253639,0.00658,9.894321
1755404231611,0.241675,0.02333,9.906285
1755404231614,0.260818,0.035294,9.872787
1755404231616,0.265603,-0.010169,9.872787
1755404231618,0.301496,0.004187,9.906285
1755404231621,0.277567,-0.038883,9.9015
1755404231623,0.260818,-0.010169,9.887143
1755404231625,0.29671,-0.05324,9.875179
1755404231628,0.311067,-0.024526,9.877572
1755404231630,0.294317,-0.029312,9.889536
1755404231632,0.27996,-0.000598,9.853643
1755404231635,0.287139,-0.022134,9.865608
1755404231638,0.260818,-0.048455,9.853643
1755404231640,0.327817,0.013759,9.896714
1755404231643,0.284746,0.059222,9.975977
1755404231645,0.284746,0.018544,9.74836
1755404231647,0.303888,-0.113061,9.879965
1755404231649,0.294317,-0.024526,9.995119
1755404231652,0.327817,0.071186,9.952048
1755404231655,0.263211,0.004187,9.903893
1755404231656,0.301496,-0.079561,9.769895
1755404231659,0.258425,-0.105882,9.858429
1755404231661,0.267996,-0.074776,9.911072
1755404231664,0.344566,-0.029312,9.796216
1755404231666,0.277567,-0.022134,10.026226
1755404231668,0.344566,0.032901,9.734002
1755404231671,0.191127,-0.031705,10.057333
1755404231674,0.306281,-0.058026,9.609575
1755404231676,0.227318,-0.079561,9.971191
1755404231678,0.311067,-0.046062,9.750752
1755404231681,0.267996,-0.012562,9.894321
1755404231683,0.289532,-0.019741,9.961619
1755404231685,0.320638,0.016152,9.760324
1755404231688,0.267996,-0.050847,10.086046
1755404231690,0.40678,0.018544,9.669396
1755404231692,0.22014,-0.062812,10.150653
1755404231695,0.358923,-0.019741,9.640682
1755404231697,0.232104,-0.084347,10.081261
1755404231700,0.39003,-0.101097,9.638289
1755404231702,0.260818,-0.084347,10.002297
1755404231705,0.327817,-0.084347,9.803394
1755404231708,0.282353,-0.024526,9.848858
1755404231709,0.246461,-0.046062,9.995119
1755404231712,0.323031,0.016152,9.710074
1755404231714,0.212961,-0.06999,10.098011
1755404231717,0.344566,-0.000598,9.633504
1755404231719,0.22014,-0.019741,10.090832
1755404231722,0.337388,-0.005384,9.667004
1755404231723,0.234497,0.02333,10.021441
1755404231726,0.29671,-0.007777,9.84168
1755404231728,0.265603,0.04008,9.846465
1755404231731,0.258425,-0.029312,10.026226
1755404231733,0.325424,0.042473,9.729217
1755404231735,0.212961,-0.031705,10.105189
1755404231739,0.323031,-0.017348,9.626326
1755404231740,0.234497,-0.065204,10.057333
1755404231743,0.306281,-0.007777,9.693324
1755404231746,0.299103,0.018544,9.959227
1755404231748,0.303888,0.00658,9.961619
1755404231750,0.31346,0.071186,9.839287
1755404231752,0.241675,-0.014955,10.019048
1755404231755,0.339781,-0.014955,9.619147
1755404231758,0.263211,-0.079561,9.983155
1755404231760,0.318245,-0.022134,9.79143
1755404231762,0.248854,0.049651,10.045368
1755404231764,0.251246,0.047258,10.002297
1755404231767,0.272782,0.001795,9.726824
1755404231769,0.229711,-0.093918,9.882358
1755404231771,0.308674,-0.065204,9.719646
1755404231774,0.275175,0.025723,10.031012
1755404231776,0.267996,0.0999,10.033404
1755404231779,0.284746,0.05683,9.810573
1755404231781,0.200997,-0.098704,9.877572
1755404231783,0.303888,-0.120239,9.647861
1755404231786,0.301496,-0.034098,9.990334
1755404231788,0.260818,0.090329,10.026226
1755404231791,0.294317,0.085543,9.870394
1755404231793,0.248854,-0.084347,9.860822
1755404231795,0.311067,-0.151346,9.628718
1755404231798,0.294317,-0.041276,9.973584
1755404231801,0.291924,0.107079,10.028619
1755404231803,0.277567,0.095115,9.9015
1755404231806,0.244068,-0.101097,9.865608
1755404231808,0.337388,-0.168096,9.647861
1755404231810,0.315853,-0.060419,10.028619
1755404231813,0.327817,0.097508,10.007083
1755404231815,0.284746,0.030508,9.820144
1755404231817,0.289532,-0.156132,9.817751
1755404231820,0.315853,-0.136989,9.781859
1755404231822,0.299103,0.035294,10.016655
1755404231824,0.306281,0.097508,9.939785
1755404231827,0.265603,-0.089133,9.753145
1755404231829,0.29671,-0.122632,9.930214
1755404231832,0.320638,0.025723,9.887143
1755404231834,0.31346,0.028116,9.801002
1755404231836,0.31346,-0.093918,9.894321
1755404231838,0.325424,-0.074776,9.88475
1755404231843,0.27996,-0.012562,9.853643
1755404231845,0.236889,-0.022134,9.891929
1755404231846,0.337388,-0.05324,9.853643
1755404231848,0.299103,-0.041276,9.844072
1755404231850,0.265603,-0.024526,9.88475
1755404231853,0.31346,-0.024526,9.868001
1755404231855,0.303888,-0.034098,9.915857
1755404231858,0.270389,-0.034098,9.882358
1755404231861,0.265603,-0.005384,9.844072
1755404231863,0.303888,-0.038883,9.853643
1755404231865,0.251246,-0.038883,9.891929
1755404231867,0.303888,-0.017348,9.858429
1755404231870,0.306281,-0.012562,9.947263
1755404231873,0.301496,-0.010169,9.891929
1755404231876,0.315853,-0.019741,9.868001
1755404231877,0.308674,-0.046062,9.887143
1755404231880,0.318245,-0.041276,9.868001
1755404231883,0.267996,0.032901,9.903893
1755404231884,0.272782,0.00658,9.856036
1755404231886,0.239282,-0.041276,9.877572
1755404231889,0.248854,-0.022134,9.868001
1755404231892,0.284746,-0.034098,9.882358
1755404231895,0.272782,0.011366,9.875179
1755404231897,0.256032,-0.014955,9.927821
1755404231899,0.248854,-0.017348,9.879965
1755404231901,0.282353,-0.010169,9.9015
1755404231903,0.256032,-0.012562,9.891929
1755404231906,0.27996,0.013759,9.894321
1755404231909,0.284746,-0.012562,9.891929
1755404231912,0.27996,0.008973,9.88475
1755404231914,0.263211,-0.010169,9.906285
1755404231915,0.260818,-0.026919,9.903893
1755404231918,0.284746,0.008973,9.88475
1755404231921,0.277567,0.00658,9.896714
1755404231923,0.244068,0.00658,9.903893
1755404231925,0.267996,0.025723,9.875179
1755404231929,0.239282,-0.019741,9.877572
1755404231931,0.246461,-0.010169,9.889536
1755404231933,0.27996,0.00658,9.887143
1755404231935,0.256032,-0.012562,9.832108
1755404231937,0.282353,-0.077169,9.616755
1755404231939,0.294317,-0.077169,9.851251
1755404231943,0.191127,0.032901,9.784252
1755404231944,0.37328,-0.081954,9.973584
1755404231946,0.227318,-0.012562,9.719646
1755404231949,0.387637,-0.046062,9.992726
1755404231951,0.284746,-0.058026,9.810573
1755404231953,0.277567,-0.046062,9.827323
1755404231956,0.301496,0.008973,9.968799
1755404231959,0.248854,0.078365,9.84168
1755404231961,0.318245,-0.043669,9.79143
1755404231964,0.229711,-0.077169,10.021441
1755404231966,0.399601,-0.022134,9.702896
1755404231968,0.229711,-0.065204,10.076475
1755404231970,0.358923,0.032901,9.789038
1755404231973,0.282353,-0.113061,9.959227
1755404231975,0.258425,-0.005384,9.860822
1755404231978,0.361316,-0.05324,9.74836
1755404231980,0.215354,-0.093918,10.107582
1755404231982,0.375673,0.066401,9.741181
1755404231985,0.210568,-0.127418,9.870394
1755404231987,0.253639,-0.014955,10.009477
1755404231990,0.358923,0.044865,9.698111
1755404231992,0.152842,-0.16331,9.882358
1755404231995,0.320638,0.016152,10.023833
1755404231997,0.380459,0.107079,9.772287
1755404231999,0.205783,-0.177667,9.757931
1755404232002,0.366102,-0.108275,10.011869
1755404232004,0.342174,0.152542,9.891929
1755404232006,0.253639,-0.060419,9.710074
1755404232009,0.29671,-0.172881,9.971191
1755404232011,0.387637,0.128614,10.014262
1755404232013,0.256032,0.061615,9.793823
1755404232016,0.308674,-0.280858,9.74836
1755404232018,0.370888,-0.117847,10.03819
1755404232021,0.311067,0.229113,10.00469
1755404232024,0.289532,-0.010169,9.736395
1755404232025,0.308674,-0.295215,9.734002
1755404232028,0.258425,-0.017348,9.995119
1755404232030,0.263211,0.260219,10.028619
1755404232033,0.275175,-0.022134,9.760324
1755404232035,0.277567,-0.309571,9.659825
1755404232037,0.239282,-0.031705,9.985548
1755404232040,0.239282,0.289232,10.076475
1755404232043,0.244068,0.028116,9.822537
1755404232045,0.267996,-0.235095,9.683753
1755404232048,0.284746,-0.113061,9.80818
1755404232049,0.27996,0.169292,10.090832
1755404232052,0.318245,0.142971,9.992726
1755404232054,0.325424,-0.108275,9.726824
1755404232057,0.263211,-0.199202,9.695718
1755404232059,0.323031,-0.038883,9.920643
1755404232062,0.308674,0.131007,10.100404
1755404232064,0.306281,0.123829,9.961619
1755404232066,0.265603,-0.10349,9.726824
1755404232069,0.277567,-0.18006,9.698111
1755404232071,0.277567,0.001795,9.896714
1755404232073,0.277567,0.169292,10.121939
1755404232076,0.287139,0.126221,10.009477
1755404232079,0.275175,-0.081954,9.77468
1755404232081,0.256032,-0.177667,9.724431
1755404232083,0.239282,0.04008,9.971191
1755404232086,0.229711,0.178863,10.074082
1755404232088,0.301496,0.042473,9.77468
1755404232090,0.256032,-0.237488,9.662218
1755404232093,0.267996,-0.089133,9.990334
1755404232096,0.263211,0.24347,10.095618
1755404232098,0.246461,0.016152,9.722038
1755404232100,0.258425,-0.25663,9.784252
1755404232102,0.275175,0.018544,10.102797
1755404232104,0.308674,0.224327,9.801002
1755404232107,0.248854,-0.208774,9.757931
1755404232109,0.301496,-0.096311,10.086046
1755404232112,0.318245,0.154935,9.74836
1755404232114,0.174377,-0.122632,9.868001
1755404232117,0.332602,-0.034098,10.03819
1755404232119,0.378066,0.02333,9.626326
1755404232121,0.116949,-0.125025,10.086046
1755404232124,0.461815,0.090329,9.805787
1755404232127,0.224925,-0.077169,9.832108
1755404232129,0.239282,-0.067597,9.954441
1755404232131,0.416351,-0.046062,9.652647
1755404232133,0.150449,-0.022134,10.153046
1755404232136,0.440279,-0.002991,9.549755
1755404232138,0.133699,-0.134596,10.200902
1755404232140,0.40678,0.052044,9.523434
1755404232143,0.140877,-0.093918,10.191331
1755404232145,0.440279,0.061615,9.595219
1755404232148,0.210568,-0.065204,10.133903
1755404232151,0.411565,-0.026919,9.609575
1755404232152,0.212961,-0.031705,10.136296
1755404232155,0.356531,0.013759,9.647861
1755404232157,0.186341,-0.074776,10.057333
1755404232160,0.399601,-0.084347,9.616755
1755404232162,0.239282,-0.072383,10.002297
1755404232164,0.332602,0.013759,9.872787
1755404232168,0.277567,0.00658,9.964012
1755404232169,0.27996,-0.043669,9.798609
1755404232172,0.299103,-0.184846,9.729217
1755404232174,0.299103,-0.029312,10.059726
1755404232176,0.294317,0.140578,9.913465
1755404232179,0.31346,-0.031705,9.793823
1755404232181,0.318245,-0.158524,9.889536
1755404232184,0.272782,0.001795,9.956834
1755404232186,0.258425,0.095115,9.777073
1755404232188,0.272782,-0.101097,9.894321
1755404232191,0.33021,-0.055633,9.966406
1755404232193,0.289532,0.075972,9.772287
1755404232196,0.224925,-0.05324,9.882358
1755404232199,0.349352,-0.043669,9.999905
1755404232201,0.301496,0.080758,9.731609
1755404232203,0.16002,-0.079561,9.9015
1755404232205,0.337388,-0.050847,9.932607
1755404232208,0.311067,0.042473,9.887143
1755404232210,0.186341,-0.022134,9.906285
1755404232212,0.349352,-0.062812,9.743574
1755404232215,0.291924,-0.06999,9.944571
1755404232217,0.246461,0.109472,9.966406
1755404232219,0.320638,0.049651,9.887143
1755404232222,0.248854,-0.024526,9.848858
1755404232224,0.334995,-0.105882,9.810573
1755404232227,0.234497,0.05683,10.035797
1755404232229,0.31346,0.109472,9.858429
1755404232232,0.212961,-0.019741,9.959227
1755404232234,0.366102,-0.050847,9.803394
1755404232236,0.234497,-0.014955,9.937392
1755404232239,0.311067,-0.010169,9.757931
1755404232241,0.241675,-0.017348,10.062119
1755404232244,0.368495,0.05683,9.781859
1755404232246,0.195912,-0.019741,9.932607
1755404232249,0.342174,-0.048455,9.827323
1755404232251,0.244068,-0.031705,9.858429
1755404232253,0.272782,-0.036491,9.781859
1755404232255,0.241675,-0.048455,10.062119
1755404232258,0.327817,0.04008,9.777073
1755404232260,0.183948,-0.06999,9.906285
1755404232263,0.306281,-0.041276,9.860822
1755404232266,0.318245,-0.038883,9.887143
1755404232270,0.256032,-0.002991,9.877572
1755404232271,0.323031,0.001795,10.007083
1755404232272,0.33021,0.037687,9.796216
1755404232275,0.239282,-0.072383,9.865608
1755404232277,0.303888,-0.05324,9.851251
1755404232280,0.334995,-0.046062,9.887143
1755404232284,0.227318,-0.000598,9.913465
1755404232285,0.332602,-0.050847,9.839287
1755404232287,0.277567,-0.055633,9.899107
1755404232290,0.308674,-0.031705,9.82493
1755404232292,0.267996,-0.026919,9.959227
1755404232294,0.306281,-0.002991,9.741181
1755404232296,0.222533,-0.079561,9.939785
1755404232300,0.323031,-0.002991,9.822537
1755404232303,0.232104,-0.036491,9.882358
1755404232304,0.284746,-0.048455,9.851251
1755404232306,0.323031,-0.022134,9.920643
1755404232308,0.277567,-0.017348,9.865608
1755404232311,0.270389,-0.034098,9.903893
1755404232313,0.284746,-0.06999,9.889536
1755404232315,0.29671,-0.055633,9.868001
1755404232319,0.303888,-0.067597,9.889536
1755404232320,0.31346,-0.062812,9.863214
1755404232323,0.301496,-0.026919,9.915857
1755404232325,0.31346,-0.041276,9.863214
1755404232327,0.251246,-0.046062,9.908679
1755404232333,0.308674,-0.024526,9.820144
1755404232334,0.251246,-0.007777,9.944571
1755404232335,0.318245,-0.014955,9.789038
1755404232338,0.272782,-0.05324,9.964012
1755404232339,0.287139,-0.019741,9.853643
1755404232342,0.306281,-0.019741,9.908679
1755404232345,0.291924,0.004187,9.860822
1755404232347,0.258425,-0.005384,9.846465
1755404232349,0.289532,-0.014955,9.920643
1755404232352,0.294317,-0.007777,9.956834
1755404232355,0.291924,0.011366,9.889536
1755404232356,0.311067,-0.019741,9.836894
1755404232359,0.287139,-0.050847,9.891929
1755404232361,0.275175,-0.031705,9.856036
1755404232363,0.311067,-0.007777,9.887143
1755404232366,0.260818,0.025723,9.899107
1755404232368,0.27996,0.018544,9.865608
1755404232371,0.294317,-0.007777,9.882358
1755404232373,0.289532,-0.000598,9.9015
1755404232376,0.294317,-0.002991,9.915857
1755404232378,0.275175,0.004187,9.906285
1755404232380,0.267996,-0.005384,9.896714
1755404232383,0.253639,-0.010169,9.891929
1755404232385,0.289532,-0.012562,9.860822
1755404232387,0.291924,-0.005384,9.889536
1755404232390,0.282353,-0.010169,9.887143
1755404232393,0.260818,-0.031705,9.815358
1755404232395,0.260818,-0.029312,9.91825
1755404232397,0.251246,0.025723,9.899107
1755404232399,0.251246,-0.007777,9.858429
1755404232402,0.272782,-0.034098,9.894321
1755404232404,0.301496,-0.055633,9.839287
1755404232407,0.244068,-0.007777,9.927821
1755404232409,0.31346,0.001795,9.836894
1755404232412,0.239282,-0.029312,9.964012
1755404232414,0.327817,0.011366,9.817751
1755404232416,0.246461,-0.043669,9.942178
1755404232419,0.277567,0.004187,9.846465
1755404232421,0.253639,-0.022134,9.863214
1755404232423,0.244068,-0.067597,9.930214
1755404232426,0.308674,-0.017348,9.882358
1755404232428,0.306281,-0.041276,9.9015
1755404232430,0.284746,-0.019741,9.860822
1755404232433,0.291924,-0.043669,9.896714
1755404232436,0.270389,-0.014955,9.877572
1755404232438,0.267996,-0.050847,9.896714
1755404232440,0.246461,-0.038883,9.879965
1755404232443,0.289532,-0.041276,9.863214
1755404232445,0.275175,-0.034098,9.870394
1755404232447,0.287139,-0.022134,9.858429
1755404232449,0.267996,-0.067597,9.860822
1755404232453,0.275175,-0.081954,9.872787
1755404232455,0.256032,-0.043669,9.860822
1755404232457,0.327817,-0.029312,9.872787
1755404232459,0.272782,-0.038883,9.870394
1755404232462,0.284746,-0.036491,9.868001
1755404232464,0.287139,-0.022134,9.899107
1755404232466,0.282353,-0.024526,9.868001
1755404232470,0.311067,-0.060419,9.9015
1755404232472,0.287139,-0.046062,9.879965
1755404232475,0.289532,-0.029312,9.882358
1755404232476,0.275175,-0.038883,9.877572
1755404232478,0.282353,-0.038883,9.860822
1755404232481,0.289532,-0.005384,9.858429
1755404232483,0.299103,-0.012562,9.877572
1755404232486,0.263211,-0.024526,9.872787
1755404232489,0.27996,-0.026919,9.875179
1755404232490,0.27996,0.018544,9.877572
1755404232493,0.258425,-0.014955,9.889536
1755404232495,0.323031,-0.007777,9.868001
1755404232497,0.299103,-0.026919,9.896714
1755404232500,0.284746,-0.012562,9.88475
1755404232503,0.287139,0.001795,9.889536
1755404232505,0.270389,-0.046062,9.875179
1755404232507,0.265603,-0.000598,9.894321
1755404232510,0.284746,-0.010169,9.879965
1755404232512,0.256032,0.004187,9.889536
1755404232514,0.282353,0.008973,9.879965
1755404232517,0.27996,0.001795,9.9015
1755404232519,0.299103,0.00658,9.899107
1755404232522,0.270389,-0.019741,9.896714
1755404232524,0.301496,0.001795,9.899107
1755404232527,0.29671,0.025723,9.88475
1755404232529,0.251246,-0.007777,9.891929
1755404232531,0.311067,0.00658,9.891929
1755404232535,0.260818,-0.007777,9.887143
1755404232537,0.267996,0.028116,9.853643
1755404232538,0.258425,0.008973,9.9015
1755404232541,0.306281,0.018544,9.863214
1755404232543,0.27996,-0.005384,9.882358
1755404232546,0.270389,0.008973,9.875179
1755404232548,0.282353,-0.005384,9.889536
1755404232550,0.234497,-0.038883,9.889536
1755404232553,0.251246,0.00658,9.863214
1755404232555,0.265603,0.00658,9.887143
1755404232558,0.301496,0.011366,9.906285
1755404232561,0.289532,-0.017348,9.875179
1755404232562,0.315853,-0.017348,9.865608
1755404232565,0.258425,-0.005384,9.875179
1755404232567,0.270389,-0.014955,9.865608
1755404232570,0.289532,-0.014955,9.865608
1755404232572,0.282353,-0.022134,9.870394
1755404232575,0.306281,-0.014955,9.879965
1755404232577,0.29671,-0.024526,9.88475
1755404232579,0.294317,-0.022134,9.903893
1755404232581,0.267996,-0.024526,9.891929
1755404232584,0.265603,-0.019741,9.858429
1755404232587,0.277567,-0.026919,9.851251
1755404232590,0.289532,-0.014955,9.865608
1755404232594,0.27996,-0.043669,9.877572
1755404232595,0.277567,-0.005384,9.863214
1755404232596,0.236889,-0.048455,9.879965
1755404232598,0.241675,-0.05324,9.870394
1755404232600,0.260818,-0.038883,9.896714
1755404232603,0.260818,-0.065204,9.88475
1755404232606,0.275175,-0.058026,9.858429
1755404232608,0.260818,-0.010169,9.868001
1755404232610,0.27996,-0.058026,9.868001
1755404232612,0.301496,-0.060419,9.853643
1755404232615,0.263211,-0.060419,9.894321
1755404232617,0.253639,-0.048455,9.894321
1755404232620,0.256032,-0.067597,9.887143
1755404232623,0.291924,-0.058026,9.872787
1755404232625,0.270389,-0.050847,9.882358
1755404232627,0.27996,-0.022134,9.88475
1755404232629,0.291924,-0.050847,9.882358
1755404232632,0.29671,-0.022134,9.882358
1755404232634,0.294317,-0.038883,9.872787
1755404232637,0.299103,-0.031705,9.877572
1755404232639,0.308674,-0.026919,9.889536
1755404232642,0.289532,-0.034098,9.903893
1755404232644,0.29671,-0.019741,9.868001
1755404232646,0.251246,-0.017348,9.882358
1755404232648,0.267996,-0.007777,9.908679
1755404232651,0.289532,-0.002991,9.899107
1755404232653,0.277567,-0.014955,9.891929
1755404232657,0.253639,-0.000598,9.882358
1755404232658,0.289532,-0.007777,9.860822
1755404232661,0.277567,-0.000598,9.88475
1755404232663,0.282353,-0.005384,9.882358
1755404232665,0.265603,0.016152,9.891929
1755404232668,0.275175,-0.026919,9.863214
1755404232670,0.287139,-0.034098,9.894321
1755404232672,0.246461,-0.017348,9.879965
1755404232675,0.284746,0.004187,9.889536
1755404232677,0.248854,-0.005384,9.875179
1755404232680,0.275175,-0.014955,9.896714
1755404232682,0.282353,0.00658,9.899107
1755404232685,0.287139,-0.007777,9.870394
1755404232687,0.284746,-0.029312,9.889536
1755404232689,0.248854,-0.034098,9.906285
1755404232692,0.275175,0.001795,9.887143
1755404232694,0.265603,-0.005384,9.894321
1755404232697,0.301496,0.011366,9.899107
1755404232699,0.270389,0.008973,9.896714
1755404232701,0.270389,-0.010169,9.882358
1755404232704,0.275175,0.008973,9.887143
1755404232706,0.232104,-0.012562,9.889536
1755404232709,0.256032,-0.029312,9.870394
1755404232713,0.265603,-0.022134,9.877572
1755404232714,0.267996,-0.031705,9.899107
1755404232715,0.29671,-0.026919,9.894321
1755404232718,0.287139,-0.012562,9.868001
1755404232721,0.270389,0.001795,9.9015
1755404232723,0.287139,-0.014955,9.887143
1755404232725,0.241675,-0.012562,9.887143
1755404232727,0.253639,-0.031705,9.887143
1755404232730,0.29671,-0.036491,9.853643
1755404232732,0.275175,-0.043669,9.870394
1755404232735,0.291924,-0.055633,9.88475
1755404232738,0.308674,-0.024526,9.894321
1755404232740,0.318245,-0.036491,9.868001
1755404232742,0.291924,-0.048455,9.875179
1755404232744,0.308674,-0.05324,9.875179
1755404232747,0.287139,-0.041276,9.879965
1755404232749,0.284746,-0.024526,9.851251
1755404232751,0.277567,-0.048455,9.848858
1755404232754,0.272782,-0.062812,9.860822
1755404232756,0.272782,-0.062812,9.856036
1755404232760,0.282353,-0.034098,9.846465
1755404232762,0.299103,-0.026919,9.844072
1755404232764,0.289532,-0.038883,9.879965
1755404232766,0.29671,-0.043669,9.870394
1755404232768,0.291924,-0.036491,9.872787
1755404232771,0.318245,-0.046062,9.853643
1755404232773,0.308674,-0.029312,9.88475
1755404232776,0.29671,-0.029312,9.903893
1755404232779,0.303888,-0.034098,9.879965
1755404232780,0.325424,-0.036491,9.860822
1755404232782,0.275175,-0.034098,9.911072
1755404232785,0.303888,-0.048455,9.889536
1755404232788,0.306281,-0.050847,9.868001
1755404232790,0.284746,-0.000598,9.846465
1755404232792,0.27996,-0.017348,9.894321
1755404232795,0.284746,0.00658,9.872787
1755404232797,0.287139,-0.029312,9.879965
1755404232799,0.284746,-0.007777,9.872787
1755404232802,0.267996,-0.000598,9.891929
1755404232805,0.289532,-0.029312,9.875179
1755404232807,0.291924,-0.019741,9.868001
1755404232809,0.301496,-0.012562,9.858429
1755404232812,0.287139,-0.002991,9.889536
1755404232815,0.299103,0.00658,9.88475
1755404232817,0.267996,-0.014955,9.875179
1755404232819,0.27996,-0.014955,9.889536
1755404232821,0.265603,-0.007777,9.896714
1755404232823,0.277567,-0.022134,9.863214
1755404232826,0.291924,0.001795,9.911072
1755404232828,0.287139,0.001795,9.894321
1755404232830,0.294317,-0.014955,9.88475
1755404232833,0.287139,-0.019741,9.9015
1755404232835,0.294317,-0.005384,9.896714
1755404232838,0.263211,-0.005384,9.899107
1755404232841,0.287139,0.032901,9.894321
1755404232844,0.256032,-0.007777,9.863214
1755404232845,0.284746,0.004187,9.872787
1755404232847,0.311067,0.004187,9.887143
1755404232850,0.291924,-0.002991,9.870394
1755404232852,0.275175,-0.022134,9.875179
1755404232855,0.277567,-0.014955,9.882358
1755404232857,0.284746,-0.034098,9.887143
1755404232860,0.301496,0.001795,9.882358
1755404232862,0.29671,0.016152,9.908679
1755404232864,0.284746,0.035294,9.894321
1755404232867,0.270389,-0.007777,9.891929
1755404232869,0.301496,-0.022134,9.870394
1755404232871,0.291924,-0.005384,9.88475
1755404232874,0.270389,-0.014955,9.879965
1755404232876,0.253639,-0.017348,9.875179
1755404232878,0.260818,-0.036491,9.894321
1755404232881,0.294317,-0.002991,9.88475
1755404232883,0.267996,-0.017348,9.899107
1755404232886,0.299103,-0.014955,9.875179
1755404232888,0.294317,-0.029312,9.875179
1755404232890,0.287139,-0.050847,9.860822
1755404232893,0.27996,-0.050847,9.865608
1755404232896,0.287139,-0.034098,9.875179
1755404232898,0.299103,-0.017348,9.863214
1755404232900,0.29671,-0.019741,9.875179
1755404232903,0.29671,-0.017348,9.88475
1755404232905,0.315853,-0.007777,9.891929
1755404232907,0.291924,-0.019741,9.856036
1755404232910,0.284746,-0.022134,9.865608
1755404232913,0.270389,-0.024526,9.848858
1755404232915,0.291924,-0.05324,9.865608
1755404232917,0.308674,-0.026919,9.889536
1755404232919,0.31346,-0.038883,9.856036
1755404232922,0.277567,-0.036491,9.879965
1755404232924,0.301496,-0.017348,9.863214
1755404232926,0.299103,-0.036491,9.891929
1755404232929,0.294317,-0.014955,9.858429
1755404232932,0.306281,-0.005384,9.879965
1755404232934,0.289532,-0.058026,9.879965
1755404232936,0.275175,-0.038883,9.870394
1755404232939,0.270389,-0.017348,9.887143
1755404232942,0.277567,-0.024526,9.863214
1755404232944,0.256032,-0.007777,9.870394
1755404232946,0.275175,-0.019741,9.882358
1755404232948,0.267996,-0.034098,9.894321
1755404232951,0.272782,-0.010169,9.879965
1755404232953,0.275175,-0.019741,9.882358
1755404232955,0.248854,-0.005384,9.88475
1755404232958,0.246461,-0.012562,9.891929
1755404232960,0.275175,-0.017348,9.887143
1755404232963,0.277567,-0.022134,9.877572
1755404232965,0.289532,0.00658,9.875179
1755404232967,0.265603,-0.019741,9.877572
1755404232970,0.27996,0.018544,9.868001
1755404232973,0.253639,-0.010169,9.88475
1755404232974,0.256032,-0.017348,9.894321
1755404232977,0.258425,0.018544,9.891929
1755404232980,0.253639,-0.019741,9.875179
1755404232982,0.275175,-0.019741,9.882358
1755404232984,0.308674,-0.010169,9.879965
1755404232987,0.284746,-0.010169,9.858429
1755404232989,0.267996,-0.012562,9.887143
1755404232991,0.291924,-0.002991,9.872787
1755404232994,0.260818,-0.005384,9.88475
1755404232997,0.277567,-0.007777,9.879965
1755404232999,0.282353,0.008973,9.870394
1755404233001,0.291924,-0.022134,9.848858
1755404233004,0.308674,0.02333,9.882358
1755404233006,0.303888,-0.029312,9.894321
1755404233008,0.275175,-0.043669,9.889536
1755404233011,0.282353,-0.019741,9.877572
1755404233013,0.275175,0.011366,9.896714
1755404233016,0.272782,-0.002991,9.896714
1755404233019,0.289532,-0.014955,9.891929
1755404233020,0.291924,-0.010169,9.882358
1755404233023,0.27996,-0.055633,9.870394
1755404233025,0.29671,-0.050847,9.887143
1755404233027,0.306281,-0.034098,9.891929
1755404233029,0.270389,-0.029312,9.872787
1755404233033,0.308674,-0.048455,9.877572
1755404233036,0.277567,-0.048455,9.872787
1755404233038,0.267996,-0.038883,9.860822
1755404233039,0.318245,-0.012562,9.868001
1755404233042,0.263211,-0.043669,9.851251
1755404233044,0.289532,-0.050847,9.844072
1755404233047,0.294317,-0.031705,9.868001
1755404233050,0.258425,-0.007777,9.879965
1755404233051,0.267996,-0.029312,9.882358
1755404233054,0.308674,-0.017348,9.865608
1755404233056,0.299103,-0.014955,9.865608
1755404233058,0.270389,-0.036491,9.887143
1755404233060,0.291924,-0.038883,9.88475
1755404233064,0.308674,-0.026919,9.872787
1755404233066,0.301496,-0.038883,9.872787
1755404233068,0.315853,-0.029312,9.889536
1755404233070,0.31346,-0.019741,9.896714
1755404233073,0.31346,-0.010169,9.875179
1755404233075,0.241675,-0.038883,9.875179
1755404233078,0.282353,-0.017348,9.872787
1755404233080,0.299103,-0.029312,9.877572
1755404233083,0.301496,-0.034098,9.858429
1755404233085,0.287139,-0.031705,9.889536
1755404233087,0.260818,-0.036491,9.877572
1755404233090,0.263211,-0.050847,9.872787
1755404233092,0.258425,-0.046062,9.870394
1755404233094,0.270389,-0.055633,9.865608
1755404233097,0.315853,-0.012562,9.891929
1755404233100,0.272782,-0.029312,9.889536
1755404233101,0.282353,-0.036491,9.9015
1755404233104,0.301496,-0.017348,9.879965
1755404233107,0.272782,-0.022134,9.877572
1755404233109,0.246461,-0.031705,9.877572
1755404233111,0.258425,-0.014955,9.88475
1755404233114,0.311067,-0.031705,9.879965
1755404233116,0.277567,-0.002991,9.889536
1755404233119,0.277567,-0.010169,9.875179
1755404233121,0.251246,-0.005384,9.868001
1755404233123,0.272782,-0.022134,9.899107
1755404233126,0.241675,-0.029312,9.860822
1755404233128,0.244068,-0.014955,9.887143
1755404233130,0.246461,-0.007777,9.879965
1755404233133,0.270389,0.001795,9.887143
1755404233135,0.289532,0.004187,9.891929
1755404233137,0.308674,-0.014955,9.891929
1755404233140,0.311067,-0.002991,9.891929
1755404233143,0.287139,-0.010169,9.896714
1755404233145,0.258425,-0.024526,9.889536
1755404233147,0.263211,-0.038883,9.88475
1755404233150,0.27996,-0.022134,9.889536
1755404233153,0.299103,-0.005384,9.882358
1755404233155,0.267996,-0.007777,9.891929
1755404233157,0.270389,-0.014955,9.879965
1755404233159,0.263211,-0.005384,9.889536
1755404233161,0.239282,-0.022134,9.88475
1755404233164,0.289532,-0.010169,9.858429
1755404233167,0.277567,-0.010169,9.877572
1755404233169,0.270389,0.042473,9.882358
1755404233171,0.251246,-0.038883,9.879965
1755404233174,0.275175,-0.012562,9.865608
1755404233176,0.246461,-0.041276,9.889536
1755404233178,0.272782,-0.014955,9.872787
1755404233180,0.31346,0.011366,9.875179
1755404233183,0.311067,-0.005384,9.879965
1755404233187,0.301496,-0.017348,9.88475
1755404233188,0.260818,-0.017348,9.894321
1755404233190,0.277567,-0.046062,9.863214
1755404233192,0.294317,-0.019741,9.877572
1755404233195,0.275175,-0.019741,9.872787
1755404233197,0.306281,-0.036491,9.879965
1755404233199,0.287139,-0.046062,9.875179
1755404233202,0.282353,-0.005384,9.872787
1755404233204,0.294317,-0.022134,9.877572
1755404233207,0.294317,-0.029312,9.88475
1755404233209,0.291924,-0.046062,9.860822
1755404233211,0.287139,-0.034098,9.865608
1755404233214,0.294317,-0.046062,9.858429
1755404233216,0.270389,-0.007777,9.856036
1755404233219,0.263211,-0.048455,9.863214
1755404233221,0.301496,-0.060419,9.887143
1755404233224,0.299103,-0.024526,9.870394
1755404233226,0.308674,-0.050847,9.875179
1755404233228,0.318245,-0.019741,9.88475
1755404233231,0.267996,-0.005384,9.879965
1755404233233,0.303888,-0.007777,9.872787
1755404233236,0.284746,-0.046062,9.877572
1755404233238,0.306281,-0.024526,9.887143
1755404233241,0.277567,-0.019741,9.865608
1755404233243,0.282353,-0.038883,9.870394
1755404233245,0.282353,-0.017348,9.870394
1755404233247,0.27996,-0.031705,9.856036
1755404233250,0.277567,-0.007777,9.891929
1755404233253,0.289532,-0.022134,9.903893
1755404233256,0.284746,-0.005384,9.891929
1755404233257,0.272782,-0.005384,9.88475
1755404233259,0.284746,-0.038883,9.865608
1755404233262,0.301496,-0.007777,9.860822
1755404233264,0.258425,-0.012562,9.872787
1755404233267,0.282353,-0.041276,9.870394
1755404233270,0.265603,-0.026919,9.889536
1755404233272,0.246461,-0.000598,9.882358
1755404233274,0.277567,-0.010169,9.870394
1755404233276,0.289532,-0.012562,9.872787
1755404233279,0.246461,-0.000598,9.88475
1755404233281,0.270389,-0.000598,9.889536
1755404233283,0.258425,-0.012562,9.877572
1755404233286,0.256032,-0.031705,9.891929
1755404233288,0.306281,-0.002991,9.877572
1755404233291,0.315853,-0.019741,9.894321
1755404233293,0.275175,-0.034098,9.870394
1755404233295,0.287139,0.020937,9.856036
1755404233298,0.265603,-0.017348,9.856036
1755404233300,0.272782,-0.041276,9.88475
1755404233303,0.227318,-0.000598,9.877572
1755404233306,0.263211,-0.019741,9.896714
1755404233308,0.256032,-0.031705,9.879965
1755404233310,0.267996,-0.026919,9.879965
1755404233312,0.263211,-0.043669,9.882358
1755404233315,0.284746,-0.036491,9.9015
1755404233317,0.282353,-0.024526,9.875179
1755404233320,0.29671,-0.041276,9.882358
1755404233322,0.260818,-0.038883,9.872787
1755404233325,0.27996,-0.048455,9.9015
1755404233327,0.260818,-0.014955,9.879965
1755404233329,0.27996,-0.019741,9.879965
1755404233331,0.294317,-0.043669,9.882358
1755404233334,0.287139,-0.036491,9.889536
1755404233338,0.27996,-0.036491,9.879965
1755404233339,0.272782,-0.048455,9.865608
1755404233341,0.282353,-0.043669,9.858429
1755404233343,0.272782,-0.050847,9.872787
1755404233346,0.284746,0.001795,9.879965
1755404233349,0.318245,-0.026919,9.851251
1755404233351,0.275175,-0.050847,9.872787
1755404233355,0.287139,0.004187,9.870394
1755404233356,0.294317,-0.002991,9.88475
1755404233358,0.306281,-0.031705,9.872787
1755404233360,0.303888,-0.046062,9.879965
1755404233363,0.270389,-0.029312,9.870394
1755404233365,0.265603,-0.019741,9.877572
1755404233368,0.306281,-0.041276,9.882358
1755404233370,0.303888,-0.010169,9.872787
1755404233372,0.267996,-0.046062,9.870394
1755404233376,0.284746,-0.038883,9.894321
1755404233378,0.282353,-0.034098,9.877572
1755404233379,0.289532,-0.031705,9.863214
1755404233382,0.270389,-0.034098,9.870394
1755404233384,0.265603,-0.024526,9.887143
1755404233388,0.284746,-0.022134,9.889536
1755404233390,0.294317,-0.024526,9.903893
1755404233396,0.301496,-0.024526,9.896714
1755404233397,0.301496,-0.041276,9.889536
1755404233398,0.267996,0.013759,9.879965
1755404233399,0.256032,-0.046062,9.899107
1755404233402,0.275175,-0.019741,9.889536
1755404233403,0.267996,-0.05324,9.879965
1755404233406,0.258425,-0.036491,9.894321
1755404233408,0.270389,-0.055633,9.870394
1755404233411,0.284746,-0.048455,9.887143
1755404233413,0.260818,-0.005384,9.872787
1755404233415,0.263211,-0.024526,9.870394
1755404233418,0.258425,-0.026919,9.889536
1755404233420,0.270389,-0.050847,9.877572
1755404233423,0.272782,-0.002991,9.879965
1755404233425,0.27996,-0.019741,9.853643
1755404233427,0.272782,-0.017348,9.865608
1755404233430,0.263211,-0.024526,9.889536
1755404233432,0.275175,-0.024526,9.865608
1755404233435,0.277567,-0.019741,9.875179
1755404233437,0.267996,-0.024526,9.875179
1755404233441,0.27996,0.001795,9.887143
1755404233443,0.287139,-0.024526,9.863214
1755404233444,0.277567,-0.029312,9.872787
1755404233447,0.253639,-0.012562,9.872787
1755404233449,0.248854,-0.010169,9.894321
1755404233451,0.265603,-0.017348,9.9015
1755404233454,0.294317,-0.019741,9.865608
1755404233457,0.291924,-0.024526,9.872787
1755404233459,0.27996,-0.058026,9.875179
1755404233461,0.284746,-0.022134,9.887143
1755404233463,0.248854,-0.019741,9.870394
1755404233466,0.282353,-0.019741,9.872787
1755404233468,0.284746,-0.017348,9.891929
1755404233471,0.265603,-0.012562,9.887143
1755404233474,0.267996,-0.007777,9.860822
1755404233476,0.291924,-0.038883,9.858429
1755404233478,0.29671,-0.029312,9.877572
1755404233480,0.275175,-0.026919,9.894321
1755404233482,0.308674,-0.007777,9.870394
1755404233485,0.294317,-0.022134,9.894321
1755404233487,0.272782,-0.022134,9.911072
1755404233491,0.263211,-0.024526,9.879965
1755404233492,0.289532,-0.019741,9.877572
1755404233495,0.291924,-0.000598,9.877572
1755404233497,0.272782,-0.026919,9.863214
1755404233499,0.294317,-0.014955,9.877572
1755404233501,0.284746,-0.031705,9.868001
1755404233504,0.315853,-0.041276,9.868001
1755404233509,0.287139,-0.007777,9.863214
1755404233511,0.294317,-0.031705,9.860822
1755404233512,0.277567,-0.031705,9.889536
1755404233514,0.265603,-0.050847,9.891929
1755404233516,0.294317,-0.031705,9.899107
1755404233518,0.287139,-0.002991,9.865608
1755404233521,0.284746,-0.002991,9.865608
1755404233523,0.287139,-0.026919,9.868001
1755404233526,0.287139,-0.031705,9.868001
1755404233528,0.289532,-0.050847,9.865608
1755404233531,0.294317,-0.026919,9.896714
1755404233533,0.31346,-0.022134,9.846465
1755404233535,0.291924,-0.019741,9.875179
1755404233538,0.272782,-0.029312,9.891929
1755404233540,0.284746,-0.029312,9.879965
1755404233543,0.27996,-0.024526,9.863214
1755404233545,0.291924,-0.029312,9.877572
1755404233547,0.318245,-0.012562,9.9015
1755404233550,0.265603,-0.010169,9.879965
1755404233552,0.289532,0.001795,9.889536
1755404233554,0.27996,-0.022134,9.853643
1755404233557,0.294317,-0.014955,9.891929
1755404233560,0.29671,-0.012562,9.887143
1755404233562,0.272782,-0.014955,9.887143
1755404233564,0.294317,-0.005384,9.903893
1755404233566,0.282353,-0.024526,9.889536
1755404233569,0.303888,-0.012562,9.875179
1755404233571,0.294317,-0.014955,9.887143
1755404233573,0.253639,-0.038883,9.882358
1755404233576,0.303888,-0.034098,9.879965
1755404233578,0.31346,-0.029312,9.863214
1755404233581,0.265603,-0.002991,9.889536
1755404233583,0.267996,-0.019741,9.863214
1755404233585,0.256032,-0.010169,9.863214
1755404233588,0.27996,-0.019741,9.896714
1755404233590,0.277567,-0.055633,9.879965
1755404233596,0.284746,-0.022134,9.896714
1755404233597,0.289532,-0.017348,9.88475
1755404233597,0.277567,-0.034098,9.88475
1755404233600,0.267996,-0.026919,9.891929
1755404233602,0.27996,-0.007777,9.88475
1755404233605,0.267996,-0.002991,9.868001
1755404233607,0.267996,-0.010169,9.875179
1755404233610,0.277567,-0.007777,9.891929
1755404233612,0.275175,-0.019741,9.896714
1755404233614,0.282353,0.00658,9.9015
1755404233616,0.27996,-0.007777,9.88475
1755404233619,0.267996,-0.022134,9.896714
1755404233621,0.284746,-0.034098,9.889536
1755404233624,0.270389,-0.031705,9.88475
1755404233627,0.272782,-0.010169,9.882358
1755404233629,0.294317,-0.031705,9.894321
1755404233631,0.289532,-0.012562,9.851251
1755404233634,0.311067,-0.031705,9.877572
1755404233636,0.291924,-0.029312,9.865608
1755404233638,0.263211,-0.024526,9.9015
1755404233642,0.284746,-0.012562,9.865608
1755404233644,0.277567,-0.010169,9.891929
1755404233646,0.270389,-0.034098,9.872787
1755404233648,0.299103,-0.060419,9.863214
1755404233651,0.287139,-0.034098,9.872787
1755404233653,0.291924,-0.022134,9.856036
1755404233655,0.270389,-0.010169,9.863214
1755404233658,0.270389,-0.043669,9.858429
1755404233660,0.282353,-0.005384,9.899107
1755404233662,0.294317,-0.041276,9.863214
1755404233665,0.27996,-0.046062,9.860822
1755404233667,0.291924,-0.019741,9.894321
1755404233669,0.33021,-0.017348,9.889536
1755404233672,0.308674,-0.048455,9.879965
1755404233675,0.294317,-0.026919,9.887143
1755404233679,0.282353,0.016152,9.868001
1755404233680,0.282353,-0.029312,9.863214
1755404233681,0.299103,-0.06999,9.903893
1755404233684,0.284746,-0.034098,9.877572
1755404233686,0.270389,-0.041276,9.899107
1755404233688,0.282353,-0.014955,9.870394
1755404233691,0.282353,-0.029312,9.877572
1755404233695,0.267996,-0.024526,9.889536
1755404233697,0.289532,-0.005384,9.860822
1755404233699,0.244068,-0.017348,9.882358
1755404233701,0.232104,-0.012562,9.88475
1755404233703,0.303888,-0.000598,9.860822
1755404233705,0.27996,-0.002991,9.882358
1755404233708,0.263211,-0.050847,9.868001
1755404233712,0.277567,-0.019741,9.865608
1755404233713,0.284746,-0.022134,9.889536
1755404233715,0.229711,-0.029312,9.887143
1755404233718,0.260818,-0.019741,9.868001
1755404233720,0.275175,-0.034098,9.860822
1755404233722,0.291924,-0.005384,9.865608
1755404233724,0.282353,-0.012562,9.870394
1755404233727,0.267996,0.008973,9.9015
1755404233730,0.287139,-0.002991,9.879965
1755404233732,0.29671,-0.010169,9.879965
1755404233734,0.267996,-0.012562,9.91825
1755404233737,0.260818,-0.034098,9.868001
1755404233739,0.256032,-0.022134,9.875179
1755404233741,0.31346,-0.031705,9.88475
1755404233744,0.277567,-0.002991,9.882358
1755404233747,0.311067,-0.007777,9.868001
1755404233749,0.229711,-0.002991,9.877572
1755404233751,0.260818,-0.005384,9.891929
1755404233753,0.291924,-0.019741,9.887143
1755404233756,0.308674,-0.002991,9.899107
1755404233758,0.284746,-0.017348,9.891929
1755404233760,0.287139,-0.014955,9.896714
1755404233764,0.282353,-0.005384,9.868001
1755404233766,0.277567,0.016152,9.889536
1755404233767,0.287139,-0.024526,9.894321
1755404233770,0.27996,-0.012562,9.908679
1755404233772,0.299103,-0.010169,9.920643
1755404233775,0.287139,-0.010169,9.879965
1755404233777,0.301496,-0.005384,9.863214
1755404233780,0.282353,-0.029312,9.889536
1755404233782,0.308674,-0.019741,9.875179
1755404233785,0.265603,-0.017348,9.91825
1755404233787,0.301496,-0.026919,9.860822
1755404233789,0.327817,-0.031705,9.860822
1755404233791,0.289532,-0.036491,9.877572
1755404233794,0.272782,-0.005384,9.858429
1755404233799,0.299103,-0.012562,9.846465
1755404233800,0.31346,-0.055633,9.875179
1755404233801,0.29671,-0.000598,9.853643
1755404233804,0.260818,-0.026919,9.942178
1755404233806,0.332602,0.013759,9.765109
1755404233808,0.232104,-0.108275,9.959227
1755404233811,0.385244,0.025723,9.786645
1755404233814,0.236889,-0.077169,9.954441
1755404233816,0.299103,0.02333,9.894321
1755404233818,0.33021,-0.081954,9.80818
1755404233820,0.208176,-0.036491,9.985548
1755404233823,0.356531,-0.022134,9.688539
1755404233825,0.171984,-0.034098,10.093225
1755404233827,0.437887,-0.002991,9.571291
1755404233831,0.140877,-0.077169,10.184153
1755404233833,0.413958,-0.002991,9.583255
1755404233835,0.167198,-0.074776,10.174581
1755404233838,0.457029,0.011366,9.592826
1755404233839,0.171984,-0.084347,10.186545
1755404233842,0.366102,-0.007777,9.600004
1755404233844,0.167198,-0.024526,10.13151
1755404233848,0.368495,0.02333,9.566504
1755404233850,0.179163,-0.034098,10.121939
1755404233851,0.380459,-0.022134,9.702896
1755404233854,0.20339,-0.034098,10.031012
1755404233856,0.334995,-0.017348,9.767502
1755404233859,0.239282,-0.031705,9.990334
1755404233861,0.265603,-0.002991,9.836894
1755404233865,0.287139,-0.024526,9.913465
1755404233867,0.258425,-0.046062,9.853643
1755404233868,0.301496,-0.014955,9.798609
1755404233871,0.291924,-0.022134,10.009477
1755404233873,0.27996,0.02333,9.798609
1755404233875,0.258425,0.001795,9.942178
1755404233879,0.306281,-0.002991,9.846465
1755404233882,0.294317,0.008973,9.937392
1755404233883,0.299103,0.001795,9.879965
1755404233885,0.303888,-0.014955,9.872787
1755404233887,0.29671,-0.005384,9.856036
1755404233890,0.263211,0.001795,9.887143
1755404233892,0.287139,0.016152,9.908679
1755404233895,0.260818,-0.026919,9.872787
1755404233899,0.27996,-0.017348,9.846465
1755404233901,0.272782,-0.010169,9.894321
1755404233902,0.282353,-0.010169,9.853643
1755404233904,0.241675,-0.017348,9.875179
1755404233907,0.272782,-0.019741,9.860822
1755404233909,0.270389,-0.022134,9.9015
1755404233911,0.308674,-0.026919,9.856036
1755404233913,0.291924,-0.005384,9.891929
1755404233916,0.299103,0.001795,9.870394
1755404233920,0.267996,-0.007777,9.913465
1755404233921,0.272782,0.001795,9.851251
1755404233923,0.301496,-0.010169,9.9015
1755404233926,0.294317,-0.077169,9.868001
1755404233928,0.260818,-0.014955,9.88475
1755404233930,0.263211,-0.038883,9.860822
1755404233933,0.265603,-0.012562,9.868001
1755404233935,0.291924,-0.017348,9.877572
1755404233937,0.265603,-0.000598,9.882358
1755404233940,0.263211,-0.005384,9.832108
1755404233942,0.270389,-0.017348,9.915857
1755404233945,0.291924,-0.041276,9.829716
1755404233947,0.251246,-0.038883,9.985548
1755404233950,0.327817,-0.002991,9.801002
1755404233952,0.263211,-0.105882,9.822537
1755404233954,0.265603,-0.046062,9.947263
1755404233957,0.342174,-0.005384,9.750752
1755404233960,0.183948,-0.000598,10.040583
1755404233962,0.375673,-0.036491,9.745967
1755404233964,0.200997,-0.043669,9.973584
1755404233967,0.401994,0.028116,9.767502
1755404233969,0.191127,-0.002991,10.002297
1755404233971,0.380459,0.028116,9.755538
1755404233973,0.258425,-0.105882,10.069297
1755404233976,0.358923,0.013759,9.798609
1755404233979,0.227318,-0.077169,10.014262
1755404233981,0.282353,0.030508,9.762716
1755404233983,0.272782,-0.055633,9.868001
1755404233985,0.244068,-0.031705,9.832108
1755404233988,0.323031,-0.067597,9.786645
1755404233990,0.258425,-0.05324,10.009477
1755404233993,0.361316,-0.024526,9.710074
1755404233995,0.210568,-0.034098,10.045368
1755404233997,0.394816,-0.017348,9.647861
1755404234000,0.186341,-0.06999,10.112368
1755404234003,0.392423,-0.017348,9.638289
1755404234005,0.17677,-0.060419,10.126724
1755404234007,0.394816,0.004187,9.626326
1755404234009,0.112164,-0.060419,10.11476
1755404234012,0.387637,0.030508,9.662218
1755404234014,0.191127,-0.081954,10.093225
1755404234017,0.375673,0.018544,9.712467
1755404234021,0.155234,-0.048455,10.059726
1755404234022,0.351745,0.047258,9.698111
1755404234024,0.195912,-0.041276,10.023833
1755404234027,0.342174,0.032901,9.765109
1755404234029,0.212961,-0.043669,9.97837
1755404234031,0.325424,0.018544,9.820144
1755404234034,0.265603,-0.017348,9.956834
1755404234038,0.263211,0.008973,9.820144
1755404234039,0.244068,-0.031705,9.911072
1755404234042,0.299103,0.018544,9.839287
1755404234043,0.265603,-0.036491,9.899107
1755404234046,0.289532,-0.012562,9.853643
1755404234048,0.229711,-0.034098,9.944571
1755404234051,0.318245,-0.007777,9.856036
1755404234053,0.272782,-0.026919,9.915857
1755404234055,0.277567,0.001795,9.815358
1755404234058,0.244068,-0.014955,9.956834
1755404234060,0.306281,0.016152,9.767502
1755404234062,0.210568,-0.024526,10.014262
1755404234064,0.282353,-0.002991,9.762716
1755404234067,0.239282,-0.002991,10.05494
1755404234070,0.320638,-0.012562,9.786645
1755404234072,0.239282,-0.029312,10.031012
1755404234074,0.315853,-0.038883,9.793823
1755404234077,0.270389,-0.014955,9.91825
1755404234079,0.284746,-0.065204,9.803394
1755404234082,0.284746,-0.050847,9.839287
1755404234084,0.260818,-0.060419,9.927821
1755404234086,0.282353,0.00658,9.786645
1755404234088,0.265603,-0.019741,10.002297
1755404234091,0.325424,0.02333,9.741181
1755404234094,0.229711,-0.041276,10.057333
1755404234096,0.318245,-0.038883,9.781859
1755404234098,0.215354,-0.046062,9.903893
1755404234100,0.308674,-0.036491,9.779466
1755404234104,0.260818,-0.029312,9.920643
1755404234105,0.323031,-0.065204,9.891929
1755404234108,0.299103,-0.029312,9.789038
1755404234110,0.272782,-0.031705,9.997512
1755404234113,0.318245,-0.005384,9.755538
1755404234115,0.236889,-0.005384,10.064511
1755404234117,0.334995,-0.005384,9.700503
1755404234120,0.217747,-0.043669,10.100404
1755404234123,0.320638,0.016152,9.793823
1755404234125,0.270389,-0.050847,10.002297
1755404234127,0.361316,-0.05324,9.798609
1755404234129,0.27996,-0.005384,9.856036
1755404234132,0.354138,-0.067597,9.796216
1755404234134,0.294317,0.00658,9.870394
1755404234137,0.303888,-0.050847,9.927821
1755404234139,0.284746,0.001795,9.822537
1755404234142,0.258425,-0.048455,9.956834
1755404234144,0.361316,-0.002991,9.767502
1755404234146,0.251246,-0.041276,10.021441
1755404234148,0.349352,-0.036491,9.726824
1755404234151,0.20339,-0.029312,10.109975
1755404234154,0.311067,0.020937,9.664611
1755404234157,0.205783,-0.058026,10.100404
1755404234158,0.311067,0.004187,9.700503
1755404234160,0.224925,-0.034098,10.007083
1755404234163,0.318245,-0.022134,9.777073
1755404234165,0.224925,-0.002991,9.899107
1755404234167,0.299103,-0.043669,9.836894
1755404234170,0.256032,-0.026919,9.891929
1755404234173,0.294317,-0.043669,9.927821
1755404234175,0.308674,-0.019741,9.789038
1755404234177,0.29671,-0.034098,9.987941
1755404234180,0.284746,0.001795,9.777073
1755404234182,0.232104,-0.010169,10.059726
1755404234184,0.272782,-0.002991,9.767502
1755404234188,0.234497,-0.031705,9.985548
1755404234189,0.308674,-0.031705,9.729217
1755404234191,0.272782,-0.034098,9.927821
1755404234194,0.291924,-0.034098,9.786645
1755404234196,0.275175,-0.024526,9.896714
1755404234199,0.291924,-0.029312,9.856036
1755404234201,0.303888,0.02333,9.858429
1755404234204,0.260818,-0.002991,9.942178
1755404234206,0.291924,0.018544,9.789038
1755404234208,0.244068,-0.000598,9.992726
1755404234211,0.282353,0.02333,9.724431
1755404234213,0.229711,-0.055633,10.040583
1755404234215,0.320638,0.00658,9.719646
1755404234218,0.236889,-0.050847,10.07169
1755404234221,0.361316,-0.000598,9.683753
1755404234223,0.244068,-0.031705,10.062119
1755404234226,0.346959,-0.012562,9.698111
1755404234227,0.232104,-0.029312,10.074082
1755404234230,0.356531,-0.000598,9.68136
1755404234232,0.200997,-0.050847,10.031012
1755404234235,0.366102,-0.024526,9.688539
1755404234238,0.19352,-0.055633,10.042975
1755404234242,0.29671,-0.024526,9.731609
1755404234243,0.200997,-0.034098,10.019048
1755404234245,0.337388,-0.031705,9.743574
1755404234247,0.19352,-0.017348,9.995119
1755404234249,0.349352,-0.024526,9.717253
1755404234251,0.200997,-0.029312,10.021441
1755404234255,0.366102,-0.002991,9.712467
1755404234257,0.236889,-0.034098,10.016655
1755404234259,0.318245,-0.022134,9.71486
1755404234261,0.22014,-0.034098,9.966406
1755404234263,0.363709,-0.022134,9.803394
1755404234266,0.241675,-0.05324,9.956834
1755404234268,0.37328,-0.074776,9.786645
1755404234270,0.232104,-0.043669,10.002297
1755404234276,0.346959,-0.017348,9.789038
1755404234277,0.205783,-0.048455,9.992726
1755404234278,0.339781,-0.038883,9.762716
1755404234280,0.224925,-0.043669,10.028619
1755404234283,0.344566,-0.026919,9.710074
1755404234285,0.236889,-0.055633,10.03819
1755404234287,0.363709,-0.014955,9.688539
1755404234290,0.229711,-0.007777,10.066904
1755404234292,0.351745,-0.034098,9.722038
1755404234295,0.191127,-0.026919,10.047761
1755404234297,0.351745,-0.000598,9.769895
1755404234299,0.19352,-0.005384,10.045368
1755404234302,0.354138,-0.019741,9.832108
1755404234304,0.246461,-0.05324,10.007083
1755404234307,0.387637,-0.026919,9.865608
1755404234309,0.246461,-0.034098,9.97837
1755404234311,0.320638,-0.010169,9.82493
1755404234314,0.239282,-0.050847,9.927821
1755404234316,0.361316,-0.005384,9.781859
1755404234318,0.22014,-0.065204,9.891929
1755404234321,0.337388,-0.005384,9.71486
1755404234324,0.232104,-0.036491,9.961619
1755404234326,0.349352,0.028116,9.690931
1755404234329,0.239282,-0.034098,10.105189
1755404234331,0.332602,-0.005384,9.705289
1755404234333,0.246461,-0.048455,10.193724
1755404234335,0.332602,0.00658,9.74836
1755404234338,0.248854,-0.024526,10.062119
1755404234341,0.291924,0.016152,9.856036
1755404234343,0.263211,-0.024526,9.786645
1755404234345,0.275175,0.001795,9.913465
1755404234347,0.260818,-0.038883,9.772287
1755404234350,0.222533,0.001795,9.983155
1755404234352,0.291924,0.001795,9.863214
1755404234354,0.205783,-0.017348,9.920643
1755404234357,0.370888,-0.026919,9.724431
1755404234360,0.179163,-0.041276,10.03819
1755404234362,0.385244,0.04008,9.638289
1755404234364,0.152842,-0.08674,10.13151
1755404234367,0.413958,0.042473,9.597611
1755404234369,0.171984,-0.084347,10.155438
1755404234371,0.356531,0.078365,9.645468
1755404234375,0.210568,-0.06999,10.057333
1755404234378,0.342174,0.013759,9.74836
1755404234379,0.236889,-0.024526,9.995119
1755404234381,0.299103,-0.000598,9.786645
1755404234383,0.29671,-0.065204,9.942178
1755404234386,0.306281,0.02333,9.853643
1755404234388,0.287139,0.008973,9.882358
1755404234392,0.291924,-0.017348,9.887143
1755404234393,0.251246,-0.038883,9.91825
1755404234395,0.267996,0.001795,9.846465
1755404234398,0.287139,-0.022134,9.88475
1755404234400,0.306281,-0.034098,9.860822
1755404234402,0.277567,-0.038883,9.882358
1755404234405,0.287139,-0.024526,9.915857
1755404234409,0.294317,-0.026919,9.863214
1755404234410,0.260818,-0.043669,9.923036
1755404234412,0.299103,-0.012562,9.899107
1755404234415,0.303888,-0.029312,9.908679
1755404234417,0.325424,-0.036491,9.856036
1755404234419,0.311067,-0.029312,9.88475
1755404234421,0.289532,-0.05324,9.865608
1755404234425,0.308674,-0.050847,9.875179
1755404234429,0.294317,-0.010169,9.899107
1755404234431,0.291924,-0.034098,9.882358
1755404234432,0.303888,-0.050847,9.863214
1755404234434,0.282353,-0.029312,9.865608
1755404234436,0.289532,-0.022134,9.870394
1755404234439,0.267996,-0.022134,9.887143
1755404234447,0.327817,-0.017348,9.865608
1755404234450,0.299103,-0.026919,9.870394
1755404234452,0.299103,-0.046062,9.865608
1755404234453,0.27996,-0.000598,9.903893
1755404234455,0.289532,-0.029312,9.923036
1755404234456,0.270389,-0.014955,9.887143
1755404234457,0.263211,-0.031705,9.868001
1755404234458,0.306281,-0.031705,9.894321
1755404234461,0.287139,-0.014955,9.872787
1755404234462,0.299103,-0.05324,9.927821
1755404234465,0.265603,-0.029312,9.829716
1755404234467,0.265603,-0.010169,9.903893
1755404234469,0.301496,-0.050847,9.865608
1755404234472,0.284746,-0.031705,9.88475
1755404234474,0.320638,0.001795,9.920643
1755404234477,0.260818,-0.010169,9.829716
1755404234481,0.253639,-0.002991,9.944571
1755404234482,0.361316,-0.005384,9.769895
1755404234484,0.183948,-0.067597,9.964012
1755404234487,0.344566,0.030508,9.738789
1755404234489,0.215354,-0.034098,10.069297
1755404234491,0.31346,0.037687,9.707682
1755404234494,0.232104,-0.034098,10.093225
1755404234496,0.323031,0.013759,9.712467
1755404234498,0.258425,-0.022134,10.014262
1755404234501,0.289532,-0.024526,9.745967
1755404234503,0.253639,0.011366,9.954441
1755404234505,0.275175,0.008973,9.91825
1755404234508,0.277567,-0.007777,9.820144
1755404234510,0.232104,-0.058026,9.983155
1755404234513,0.291924,-0.002991,9.724431
1755404234515,0.272782,-0.034098,9.990334
1755404234517,0.284746,-0.005384,9.834501
1755404234520,0.301496,-0.007777,9.947263
1755404234522,0.287139,-0.012562,9.913465
1755404234525,0.299103,-0.029312,9.803394
1755404234528,0.282353,-0.062812,9.934999
1755404234530,0.299103,-0.034098,9.836894
1755404234532,0.282353,-0.000598,9.923036
1755404234534,0.27996,-0.012562,9.899107
1755404234536,0.303888,-0.05324,9.827323
1755404234539,0.267996,-0.058026,9.882358
1755404234542,0.277567,-0.026919,9.863214
1755404234544,0.244068,0.001795,9.9015
1755404234546,0.27996,-0.022134,9.899107
1755404234549,0.303888,-0.043669,9.829716
1755404234551,0.260818,-0.067597,9.923036
1755404234553,0.291924,-0.017348,9.844072
1755404234556,0.301496,-0.036491,9.915857
1755404234558,0.306281,-0.010169,9.848858
1755404234561,0.253639,-0.024526,9.88475
1755404234563,0.267996,-0.034098,9.863214
1755404234565,0.27996,-0.024526,9.846465
1755404234568,0.287139,-0.026919,9.882358
1755404234571,0.308674,-0.034098,9.868001
1755404234572,0.291924,-0.038883,9.882358
1755404234575,0.282353,-0.060419,9.872787
1755404234578,0.308674,-0.026919,9.798609
1755404234580,0.270389,-0.048455,9.879965
1755404234582,0.258425,-0.007777,9.944571
1755404234584,0.27996,-0.017348,9.954441
1755404234587,0.284746,-0.005384,9.836894
1755404234589,0.301496,-0.06999,9.789038
1755404234592,0.287139,-0.031705,10.021441
1755404234595,0.315853,0.044865,9.815358
1755404234598,0.248854,-0.024526,9.971191
1755404234600,0.308674,-0.046062,9.750752
1755404234602,0.275175,-0.012562,9.856036
1755404234604,0.267996,-0.077169,9.927821
1755404234606,0.29671,-0.012562,9.789038
1755404234608,0.275175,-0.012562,10.066904
1755404234613,0.311067,0.00658,9.836894
1755404234614,0.239282,-0.038883,10.00469
1755404234616,0.332602,-0.019741,9.717253
1755404234618,0.303888,-0.029312,9.796216
1755404234621,0.258425,-0.014955,10.016655
1755404234623,0.31346,0.042473,9.669396
1755404234625,0.272782,0.004187,10.069297
1755404234628,0.33021,-0.060419,9.860822
1755404234631,0.275175,-0.077169,9.762716
1755404234633,0.246461,-0.022134,9.987941
1755404234636,0.303888,0.075972,9.944571
1755404234637,0.303888,-0.036491,9.959227
1755404234640,0.277567,-0.065204,9.707682
1755404234643,0.301496,-0.079561,9.868001
1755404234644,0.284746,0.032901,9.973584
1755404234647,0.294317,0.00658,9.877572
1755404234649,0.227318,-0.046062,9.832108
1755404234652,0.267996,-0.048455,9.805787
1755404234654,0.267996,0.016152,9.896714
1755404234656,0.27996,0.016152,9.923036
1755404234659,0.291924,-0.077169,9.834501
1755404234661,0.301496,-0.067597,9.853643
1755404234664,0.291924,0.044865,10.028619
1755404234666,0.299103,0.066401,9.858429
1755404234668,0.270389,-0.048455,9.839287
1755404234671,0.289532,-0.108275,9.79143
1755404234673,0.277567,-0.031705,9.844072
1755404234675,0.246461,0.047258,10.040583
1755404234678,0.327817,0.030508,9.810573
1755404234681,0.22014,-0.055633,10.009477
1755404234683,0.301496,-0.060419,9.683753
1755404234685,0.289532,-0.026919,9.959227
1755404234688,0.265603,-0.026919,9.932607
1755404234690,0.320638,0.032901,9.753145
1755404234693,0.232104,-0.048455,10.047761
1755404234695,0.31346,-0.038883,9.705289
1755404234699,0.260818,-0.072383,10.059726
1755404234700,0.344566,-0.012562,9.707682
1755404234703,0.234497,0.004187,10.047761
1755404234706,0.282353,-0.026919,9.741181
1755404234707,0.260818,-0.017348,9.839287
1755404234709,0.308674,-0.067597,9.949656
1755404234711,0.222533,0.00658,9.722038
1755404234714,0.404387,-0.074776,9.952048
1755404234716,0.27996,-0.005384,9.827323
1755404234719,0.284746,-0.029312,9.913465
1755404234721,0.217747,0.001795,9.779466
1755404234723,0.33021,-0.010169,9.975977
1755404234726,0.239282,-0.005384,9.920643
1755404234728,0.248854,-0.000598,9.820144
1755404234732,0.354138,-0.048455,9.887143
1755404234734,0.397209,-0.046062,10.119546
1755404234735,0.399601,-0.093918,9.954441
1755404234738,0.397209,-0.093918,9.952048
1755404234740,0.320638,-0.06999,9.851251
1755404234743,0.397209,-0.091525,9.906285
1755404234745,0.277567,-0.089133,9.643075
1755404234748,0.140877,0.011366,9.571291
1755404234751,0.169591,0.04008,9.628718
1755404234753,0.370888,-0.096311,9.939785
1755404234755,0.234497,-0.031705,9.755538
1755404234757,0.318245,-0.050847,9.836894
1755404234759,0.375673,-0.081954,9.707682
1755404234762,0.306281,-0.007777,10.124331
1755404234765,0.301496,-0.031705,9.944571
1755404234767,0.260818,-0.026919,9.724431
1755404234769,0.291924,-0.031705,9.810573
1755404234771,0.332602,-0.048455,9.959227
1755404234775,0.308674,-0.005384,9.906285
1755404234777,0.277567,-0.000598,9.887143
1755404234779,0.294317,-0.012562,9.870394
1755404234782,0.284746,0.001795,9.882358
1755404234784,0.284746,-0.019741,9.860822
1755404234786,0.248854,-0.002991,9.870394
1755404234788,0.294317,-0.034098,9.858429
1755404234791,0.284746,0.001795,9.887143
1755404234793,0.265603,-0.014955,9.88475
1755404234795,0.267996,-0.050847,9.896714
1755404234798,0.263211,-0.002991,9.896714
1755404234801,0.27996,-0.005384,9.887143
1755404234802,0.277567,-0.026919,9.875179
1755404234805,0.289532,-0.007777,9.879965
1755404234807,0.275175,-0.014955,9.906285
1755404234810,0.277567,-0.022134,9.870394
1755404234812,0.272782,-0.036491,9.896714
1755404234816,0.27996,-0.014955,9.9015
1755404234818,0.270389,0.008973,9.894321
1755404234819,0.256032,-0.010169,9.875179
1755404234823,0.246461,-0.031705,9.879965
1755404234824,0.27996,-0.026919,9.903893
1755404234826,0.267996,-0.014955,9.899107
1755404234829,0.270389,-0.010169,9.827323
1755404234831,0.289532,-0.019741,9.923036
1755404234834,0.267996,0.001795,9.911072
1755404234836,0.246461,0.016152,9.920643
1755404234839,0.33021,-0.077169,9.877572
1755404234841,0.294317,-0.031705,9.88475
1755404234844,0.260818,-0.012562,9.875179
1755404234846,0.289532,-0.012562,9.88475
1755404234848,0.256032,-0.034098,9.872787
1755404234851,0.265603,-0.046062,9.894321
1755404234853,0.294317,-0.012562,9.801002
1755404234856,0.265603,-0.062812,9.91825
1755404234858,0.354138,-0.014955,9.784252
1755404234860,0.265603,-0.019741,10.007083
1755404234862,0.339781,0.016152,9.793823
1755404234865,0.241675,-0.050847,9.942178
1755404234868,0.272782,-0.098704,9.796216
1755404234870,0.320638,-0.005384,9.765109
1755404234872,0.272782,0.059222,10.047761
1755404234875,0.308674,0.047258,9.798609
1755404234877,0.241675,-0.065204,9.934999
1755404234879,0.294317,-0.084347,9.781859
1755404234882,0.289532,-0.036491,9.82493
1755404234885,0.27996,0.028116,10.023833
1755404234887,0.29671,0.052044,9.853643
1755404234889,0.277567,-0.110668,9.865608
1755404234891,0.311067,-0.144168,9.762716
1755404234894,0.303888,-0.010169,9.88475
1755404234897,0.265603,0.092722,10.064511
1755404234899,0.291924,0.054437,9.789038
1755404234902,0.289532,-0.127418,9.832108
1755404234904,0.334995,-0.127418,9.695718
1755404234906,0.299103,0.047258,9.937392
1755404234908,0.265603,0.126221,10.074082
1755404234910,0.29671,0.059222,9.851251
1755404234913,0.270389,-0.113061,9.877572
1755404234915,0.299103,-0.141775,9.65504
1755404234918,0.284746,-0.055633,9.913465
1755404234920,0.284746,0.071186,10.023833
1755404234922,0.277567,0.102293,9.927821
1755404234925,0.217747,-0.029312,9.956834
1755404234927,0.248854,-0.148953,9.643075
1755404234929,0.263211,-0.122632,9.865608
1755404234932,0.301496,0.011366,9.961619
1755404234936,0.306281,0.0999,9.952048
1755404234937,0.239282,0.025723,9.997512
1755404234940,0.308674,-0.077169,9.690931
1755404234942,0.263211,-0.117847,9.882358
1755404234944,0.33021,-0.050847,9.82493
1755404234946,0.27996,-0.017348,9.848858
1755404234949,0.251246,0.044865,10.081261
1755404234952,0.301496,0.016152,9.877572
1755404234954,0.232104,-0.067597,9.872787
1755404234956,0.323031,-0.074776,9.702896
1755404234958,0.267996,-0.046062,9.877572
1755404234961,0.282353,0.042473,9.934999
1755404234963,0.31346,0.061615,9.903893
1755404234966,0.227318,-0.019741,9.999905
1755404234968,0.31346,-0.062812,9.614362
1755404234971,0.277567,-0.084347,9.939785
1755404234973,0.323031,-0.022134,9.856036
1755404234975,0.303888,0.047258,9.891929
1755404234978,0.244068,0.013759,10.105189
1755404234980,0.294317,0.004187,9.719646
1755404234982,0.234497,-0.060419,9.879965
1755404234985,0.263211,-0.10349,9.798609
1755404234987,0.284746,-0.038883,9.860822
1755404234990,0.265603,0.075972,10.062119
1755404234992,0.306281,0.04008,9.868001
1755404234994,0.244068,-0.067597,9.88475
1755404234997,0.289532,-0.101097,9.678967
1755404234999,0.251246,-0.041276,9.868001
1755404235001,0.29671,0.073579,10.052547
1755404235005,0.275175,0.052044,9.88475
1755404235006,0.195912,-0.043669,9.88475
1755404235009,0.315853,-0.14656,9.700503
1755404235011,0.284746,-0.089133,9.858429
1755404235013,0.299103,0.092722,10.040583
1755404235016,0.299103,0.085543,9.817751
1755404235019,0.248854,-0.101097,9.877572
1755404235022,0.294317,-0.172881,9.753145
1755404235023,0.294317,0.004187,10.026226
1755404235025,0.282353,0.095115,10.009477
1755404235028,0.311067,0.001795,9.760324
1755404235030,0.27996,-0.139382,9.781859
1755404235033,0.344566,-0.072383,9.932607
1755404235035,0.311067,0.066401,9.985548
1755404235038,0.265603,0.02333,9.908679
1755404235040,0.258425,-0.129811,9.726824
1755404235043,0.263211,-0.151346,9.853643
1755404235045,0.284746,0.061615,10.028619
1755404235047,0.306281,0.068794,9.856036
1755404235049,0.263211,-0.081954,9.875179
1755404235052,0.270389,-0.172881,9.750752
1755404235055,0.277567,0.004187,9.877572
1755404235059,0.29671,0.109472,10.090832
1755404235060,0.337388,0.02333,9.767502
1755404235062,0.277567,-0.113061,9.817751
1755404235064,0.29671,-0.122632,9.805787
1755404235066,0.267996,0.011366,9.853643
1755404235069,0.272782,0.052044,10.023833
1755404235072,0.270389,0.047258,9.995119
1755404235073,0.275175,-0.067597,9.891929
1755404235076,0.277567,-0.098704,9.667004
1755404235078,0.289532,-0.038883,9.908679
1755404235080,0.272782,0.001795,9.9015
1755404235083,0.291924,-0.014955,9.848858
1755404235085,0.246461,-0.029312,9.925428
1755404235088,0.29671,0.02333,9.741181
1755404235090,0.229711,-0.046062,10.126724
1755404235093,0.306281,0.042473,9.779466
1755404235095,0.205783,-0.036491,10.021441
1755404235097,0.294317,-0.019741,9.820144
1755404235100,0.244068,-0.000598,9.879965
1755404235102,0.306281,-0.091525,9.829716
1755404235105,0.282353,0.001795,9.927821
1755404235107,0.284746,-0.043669,9.894321
1755404235109,0.291924,0.001795,9.851251
1755404235111,0.241675,-0.029312,9.865608
1755404235114,0.29671,-0.012562,9.757931
1755404235116,0.248854,0.011366,9.942178
1755404235119,0.327817,-0.026919,9.817751
1755404235123,0.229711,-0.022134,10.026226
1755404235125,0.344566,-0.014955,9.789038
1755404235127,0.232104,-0.024526,10.03819
1755404235128,0.354138,0.004187,9.686146
1755404235131,0.222533,-0.038883,10.066904
1755404235133,0.346959,0.004187,9.62154
1755404235136,0.246461,-0.043669,10.105189
1755404235140,0.332602,0.032901,9.62154
1755404235141,0.212961,-0.043669,10.100404
1755404235143,0.33021,0.013759,9.707682
1755404235145,0.222533,-0.065204,10.07169
1755404235148,0.334995,0.011366,9.757931
1755404235150,0.229711,-0.038883,9.987941
1755404235153,0.349352,-0.005384,9.79143
1755404235155,0.258425,-0.019741,9.964012
1755404235158,0.29671,-0.002991,9.803394
1755404235160,0.224925,-0.026919,9.973584
1755404235163,0.299103,-0.038883,9.815358
1755404235165,0.27996,-0.017348,9.913465
1755404235167,0.299103,-0.017348,9.836894
1755404235169,0.239282,-0.024526,9.944571
1755404235171,0.299103,-0.007777,9.801002
1755404235174,0.265603,-0.041276,9.944571
1755404235176,0.332602,-0.007777,9.750752
1755404235179,0.234497,-0.05324,9.997512
1755404235182,0.318245,-0.022134,9.750752
1755404235183,0.227318,-0.055633,10.03819
1755404235186,0.346959,-0.026919,9.779466
1755404235188,0.244068,-0.043669,10.028619
1755404235191,0.346959,-0.002991,9.676575
1755404235193,0.210568,-0.019741,10.026226
1755404235196,0.339781,-0.041276,9.722038
1755404235198,0.198604,-0.043669,10.064511
1755404235200,0.349352,0.011366,9.801002
1755404235203,0.208176,-0.081954,10.007083
1755404235205,0.358923,0.044865,9.74836
1755404235208,0.239282,-0.079561,10.047761
1755404235210,0.301496,0.008973,9.741181
1755404235212,0.277567,-0.058026,9.827323
1755404235215,0.284746,-0.012562,9.990334
1755404235217,0.351745,-0.034098,9.712467
1755404235219,0.186341,-0.010169,9.973584
1755404235222,0.344566,0.025723,9.77468
1755404235225,0.179163,-0.072383,10.095618
1755404235227,0.31346,0.008973,9.734002
1755404235229,0.248854,-0.010169,9.865608
1755404235231,0.256032,0.020937,9.990334
1755404235234,0.31346,0.011366,9.822537
1755404235236,0.229711,-0.022134,10.035797
1755404235238,0.325424,0.05683,9.693324
1755404235241,0.239282,-0.065204,9.865608
1755404235244,0.301496,0.011366,9.975977
1755404235246,0.346959,-0.014955,9.822537
1755404235248,0.224925,-0.050847,10.03819
1755404235251,0.33021,0.00658,9.724431
1755404235253,0.253639,-0.081954,9.868001
1755404235255,0.256032,0.004187,9.937392
1755404235259,0.327817,-0.002991,9.829716
1755404235260,0.17677,-0.048455,9.891929
1755404235263,0.272782,0.025723,9.863214
1755404235265,0.294317,0.028116,9.817751
1755404235267,0.222533,-0.077169,9.877572
1755404235270,0.368495,0.020937,9.915857
1755404235272,0.277567,-0.010169,9.877572
1755404235275,0.244068,-0.06999,9.872787
1755404235277,0.311067,0.013759,9.959227
1755404235280,0.265603,-0.000598,9.839287
1755404235282,0.239282,-0.072383,9.879965
1755404235284,0.337388,0.04008,9.91825
1755404235287,0.284746,0.001795,9.805787
1755404235289,0.263211,-0.079561,9.865608
1755404235292,0.358923,0.042473,9.937392
1755404235294,0.251246,0.037687,9.80818
1755404235297,0.224925,-0.122632,9.879965
1755404235298,0.361316,0.030508,9.964012
1755404235301,0.251246,0.042473,9.779466
1755404235304,0.272782,-0.165703,9.894321
1755404235305,0.287139,-0.046062,10.021441
1755404235309,0.299103,0.068794,9.757931
1755404235311,0.205783,-0.060419,9.84168
1755404235313,0.332602,-0.108275,9.870394
1755404235315,0.311067,0.011366,9.959227
1755404235318,0.217747,0.018544,9.779466
1755404235320,0.301496,-0.108275,9.961619
1755404235322,0.33021,0.02333,9.937392
1755404235325,0.272782,0.016152,9.805787
1755404235327,0.275175,-0.05324,9.889536
1755404235330,0.351745,-0.024526,9.961619
1755404235332,0.253639,0.028116,9.786645
1755404235335,0.241675,-0.067597,9.879965
1755404235337,0.349352,0.013759,9.961619
1755404235339,0.299103,0.044865,9.779466
1755404235342,0.236889,-0.06999,9.908679
1755404235346,0.337388,-0.007777,9.980762
1755404235347,0.267996,0.035294,9.777073
1755404235349,0.224925,-0.101097,9.879965
1755404235351,0.351745,-0.019741,9.975977
1755404235354,0.301496,0.059222,9.760324
1755404235356,0.215354,-0.079561,9.899107
1755404235358,0.368495,-0.017348,9.990334
1755404235361,0.294317,0.092722,9.810573
1755404235363,0.17677,-0.074776,9.810573
1755404235366,0.315853,-0.079561,9.954441
1755404235368,0.270389,0.068794,9.913465
1755404235371,0.244068,0.028116,9.844072
1755404235373,0.354138,-0.08674,9.856036
1755404235375,0.284746,-0.048455,9.906285
1755404235377,0.265603,-0.002991,9.899107
1755404235380,0.291924,0.018544,9.889536
1755404235382,0.258425,-0.029312,9.82493
1755404235385,0.229711,-0.10349,9.863214
1755404235387,0.294317,-0.067597,9.827323
1755404235390,0.287139,0.087936,10.047761
1755404235392,0.272782,0.052044,9.911072
1755404235395,0.270389,-0.101097,9.731609
1755404235398,0.301496,-0.144168,9.899107
1755404235400,0.301496,0.05683,9.868001
1755404235401,0.256032,0.159721,10.138689
1755404235404,0.267996,-0.002991,9.734002
1755404235407,0.258425,-0.153739,9.803394
1755404235409,0.284746,-0.136989,9.858429
1755404235412,0.284746,0.119043,10.028619
1755404235413,0.241675,0.0999,9.997512
1755404235416,0.294317,-0.115454,9.671789
1755404235418,0.291924,-0.206381,9.80818
1755404235421,0.27996,0.030508,9.915857
1755404235423,0.284746,0.176471,10.064511
1755404235426,0.258425,-0.007777,9.812965
1755404235429,0.251246,-0.165703,9.683753
1755404235431,0.289532,-0.081954,9.927821
1755404235433,0.289532,0.147757,10.042975
1755404235435,0.258425,0.049651,9.834501
1755404235438,0.251246,-0.153739,9.820144
1755404235440,0.289532,-0.108275,9.906285
1755404235443,0.267996,0.052044,9.947263
1755404235445,0.260818,-0.005384,9.789038
1755404235447,0.265603,-0.101097,9.906285
1755404235450,0.256032,-0.048455,9.913465
1755404235452,0.301496,0.047258,9.894321
1755404235455,0.315853,0.008973,9.832108
1755404235456,0.318245,-0.089133,9.877572
1755404235459,0.272782,-0.017348,9.868001
1755404235463,0.251246,0.020937,9.891929
1755404235464,0.311067,-0.034098,9.875179
1755404235467,0.303888,-0.041276,9.848858
1755404235469,0.27996,-0.041276,9.870394
1755404235471,0.27996,-0.002991,9.896714
1755404235473,0.315853,0.001795,9.853643
1755404235476,0.315853,-0.041276,9.846465
1755404235480,0.301496,-0.058026,9.891929
1755404235481,0.284746,-0.022134,9.870394
1755404235484,0.320638,-0.005384,9.879965
1755404235487,0.318245,-0.000598,9.865608
1755404235488,0.270389,-0.029312,9.879965
1755404235490,0.277567,-0.038883,9.851251
1755404235493,0.315853,0.016152,9.891929
1755404235495,0.265603,0.00658,9.877572
1755404235498,0.29671,-0.029312,9.879965
1755404235501,0.291924,-0.024526,9.860822
1755404235502,0.284746,-0.002991,9.891929
1755404235505,0.27996,-0.017348,9.882358
1755404235507,0.301496,-0.022134,9.870394
1755404235509,0.294317,-0.048455,9.889536
1755404235512,0.244068,-0.014955,9.877572
1755404235515,0.291924,-0.007777,9.877572
1755404235516,0.253639,-0.022134,9.872787
1755404235520,0.263211,-0.034098,9.872787
1755404235522,0.258425,-0.019741,9.865608
1755404235524,0.303888,-0.058026,9.891929
1755404235526,0.289532,-0.05324,9.88475
1755404235528,0.270389,-0.026919,9.868001
1755404235531,0.291924,-0.005384,9.887143
1755404235533,0.289532,0.001795,9.872787
1755404235536,0.27996,-0.036491,9.879965
1755404235538,0.27996,-0.026919,9.877572
1755404235540,0.258425,-0.010169,9.868001
1755404235543,0.277567,-0.029312,9.891929
1755404235545,0.275175,0.008973,9.872787
1755404235549,0.299103,0.016152,9.891929
1755404235550,0.244068,-0.005384,9.887143
1755404235553,0.251246,-0.017348,9.891929
1755404235555,0.258425,-0.041276,9.868001
1755404235557,0.253639,-0.014955,9.872787
1755404235560,0.270389,-0.022134,9.868001
1755404235562,0.253639,-0.050847,9.908679
1755404235565,0.244068,-0.002991,9.88475
1755404235567,0.260818,-0.002991,9.894321
1755404235569,0.306281,-0.031705,9.853643
1755404235572,0.289532,-0.002991,9.863214
1755404235574,0.277567,-0.022134,9.88475
1755404235577,0.299103,0.018544,9.879965
1755404235579,0.27996,-0.014955,9.899107
1755404235582,0.263211,-0.022134,9.887143
1755404235584,0.282353,-0.026919,9.891929
1755404235586,0.27996,-0.022134,9.863214
1755404235589,0.272782,-0.048455,9.879965
1755404235591,0.325424,-0.055633,9.887143
1755404235594,0.275175,-0.014955,9.88475
1755404235596,0.246461,-0.029312,9.868001
1755404235599,0.248854,-0.005384,9.877572
1755404235601,0.282353,-0.031705,9.88475
1755404235603,0.284746,-0.014955,9.870394
1755404235605,0.27996,-0.046062,9.858429
1755404235607,0.308674,-0.026919,9.899107
1755404235610,0.282353,-0.002991,9.872787
1755404235612,0.277567,-0.041276,9.903893
1755404235615,0.265603,-0.022134,9.872787
1755404235619,0.299103,-0.058026,9.9015
1755404235620,0.303888,-0.005384,9.877572
1755404235622,0.27996,-0.014955,9.911072
1755404235624,0.301496,-0.036491,9.88475
1755404235627,0.246461,-0.029312,9.88475
1755404235629,0.301496,-0.034098,9.829716
1755404235632,0.289532,-0.024526,9.896714
1755404235634,0.299103,-0.012562,9.915857
1755404235636,0.253639,0.001795,9.88475
1755404235639,0.275175,-0.038883,9.868001
1755404235641,0.332602,-0.08674,9.875179
1755404235644,0.258425,-0.074776,9.891929
1755404235646,0.270389,0.018544,9.822537
1755404235649,0.299103,0.061615,10.090832
1755404235651,0.303888,-0.012562,9.832108
1755404235653,0.303888,-0.115454,9.753145
1755404235656,0.33021,-0.132203,9.939785
1755404235658,0.246461,0.05683,9.80818
1755404235660,0.272782,0.090329,10.112368
1755404235663,0.287139,-0.024526,9.71486
1755404235665,0.267996,-0.141775,9.777073
1755404235668,0.294317,-0.077169,9.868001
1755404235671,0.299103,0.097508,9.865608
1755404235672,0.275175,0.080758,10.086046
1755404235675,0.256032,-0.048455,9.68136
1755404235677,0.265603,-0.153739,9.796216
1755404235680,0.27996,-0.108275,9.860822
1755404235682,0.267996,0.085543,9.97837
1755404235684,0.251246,0.092722,10.074082
1755404235687,0.29671,-0.058026,9.700503
1755404235689,0.308674,-0.170489,9.805787
1755404235691,0.306281,-0.089133,9.872787
1755404235694,0.256032,0.114257,10.035797
1755404235696,0.277567,0.075972,10.045368
1755404235699,0.260818,-0.05324,9.662218
1755404235701,0.308674,-0.187238,9.796216
1755404235704,0.287139,-0.048455,9.868001
1755404235707,0.287139,0.152542,10.050154
1755404235708,0.267996,0.068794,9.937392
1755404235711,0.265603,-0.120239,9.671789
1755404235713,0.260818,-0.19681,9.796216
1755404235715,0.311067,0.071186,9.987941
1755404235718,0.275175,0.166899,10.081261
1755404235722,0.248854,-0.038883,9.688539
1755404235723,0.284746,-0.199202,9.693324
1755404235725,0.294317,-0.048455,9.942178
1755404235727,0.301496,0.176471,10.07169
1755404235730,0.277567,-0.005384,9.798609
1755404235732,0.251246,-0.208774,9.79143
1755404235735,0.294317,-0.012562,9.947263
1755404235737,0.270389,0.109472,9.923036
1755404235739,0.251246,-0.002991,9.798609
1755404235742,0.325424,-0.153739,9.91825
1755404235745,0.275175,0.001795,9.973584
1755404235747,0.277567,0.107079,9.879965
1755404235749,0.299103,-0.081954,9.772287
1755404235752,0.327817,-0.127418,9.865608
1755404235754,0.308674,0.064008,9.97837
1755404235756,0.258425,0.104686,9.891929
1755404235758,0.294317,-0.084347,9.741181
1755404235761,0.318245,-0.170489,9.832108
1755404235763,0.277567,0.016152,9.925428
1755404235766,0.284746,0.145364,10.078868
1755404235769,0.256032,-0.017348,9.767502
1755404235771,0.27996,-0.199202,9.757931
1755404235773,0.301496,-0.10349,9.865608
1755404235776,0.258425,0.123829,9.903893
1755404235778,0.287139,0.111864,10.129117
1755404235780,0.294317,-0.081954,9.657433
1755404235782,0.299103,-0.192024,9.786645
1755404235785,0.318245,-0.041276,9.932607
1755404235788,0.303888,0.142971,9.911072
1755404235790,0.277567,0.044865,10.019048
1755404235793,0.256032,-0.115454,9.693324
1755404235795,0.291924,-0.158524,9.815358
1755404235797,0.29671,-0.022134,9.899107
1755404235799,0.27996,0.164507,9.971191
1755404235802,0.282353,-0.014955,9.934999
1755404235804,0.270389,-0.105882,9.74836
1755404235807,0.29671,-0.115454,9.882358
1755404235809,0.303888,0.016152,9.872787
1755404235811,0.308674,0.123829,10.086046
1755404235813,0.282353,-0.010169,9.820144
1755404235816,0.267996,-0.108275,9.765109
1755404235819,0.301496,-0.141775,9.9015
1755404235821,0.260818,0.042473,9.868001
1755404235823,0.29671,0.078365,10.13151
1755404235826,0.267996,-0.019741,9.700503
1755404235828,0.258425,-0.18006,9.786645
1755404235831,0.299103,-0.105882,9.868001
1755404235833,0.29671,0.121436,9.999905
1755404235836,0.303888,0.123829,10.05494
1755404235840,0.251246,-0.08674,9.667004
1755404235841,0.277567,-0.225524,9.777073
1755404235843,0.241675,-0.024526,9.975977
1755404235845,0.253639,0.195613,10.093225
1755404235847,0.232104,-0.017348,9.805787
1755404235849,0.236889,-0.218345,9.669396
1755404235852,0.270389,-0.091525,9.990334
1755404235855,0.263211,0.166899,9.995119
1755404235857,0.289532,-0.007777,9.767502
1755404235859,0.256032,-0.199202,9.971191
1755404235862,0.308674,-0.022134,9.865608
1755404235864,0.263211,0.052044,9.82493
1755404235867,0.253639,-0.084347,9.927821
1755404235869,0.351745,-0.000598,9.944571
1755404235872,0.239282,0.032901,9.777073
1755404235874,0.234497,-0.062812,9.903893
1755404235876,0.363709,-0.014955,9.91825
1755404235879,0.260818,0.044865,9.815358
1755404235881,0.248854,-0.079561,9.879965
1755404235883,0.344566,-0.031705,9.937392
1755404235885,0.270389,-0.000598,9.834501
1755404235888,0.253639,-0.074776,9.882358
1755404235891,0.33021,-0.036491,9.889536
1755404235893,0.315853,0.011366,9.846465
1755404235895,0.258425,-0.005384,9.954441
1755404235897,0.33021,-0.007777,9.927821
1755404235900,0.291924,0.001795,9.846465
1755404235902,0.275175,-0.024526,9.827323
1755404235905,0.306281,-0.036491,9.856036
1755404235907,0.287139,-0.010169,9.923036
1755404235910,0.270389,0.068794,9.908679
1755404235913,0.287139,0.032901,10.064511
1755404235915,0.282353,-0.038883,9.698111
1755404235917,0.282353,-0.115454,9.810573
1755404235919,0.31346,-0.091525,9.853643
1755404235922,0.301496,0.114257,9.9015
1755404235924,0.272782,0.071186,10.088439
1755404235926,0.291924,-0.062812,9.683753
1755404235928,0.294317,-0.148953,9.79143
1755404235931,0.287139,-0.084347,9.851251
1755404235933,0.294317,0.119043,9.995119
1755404235936,0.301496,0.05683,10.045368
1755404235939,0.272782,-0.084347,9.710074
1755404235941,0.287139,-0.153739,9.827323
1755404235943,0.301496,-0.022134,9.906285
1755404235946,0.294317,0.131007,10.074082
1755404235948,0.256032,0.035294,9.803394
1755404235950,0.267996,-0.153739,9.729217
1755404235953,0.299103,-0.158524,9.879965
1755404235955,0.287139,0.097508,9.987941
1755404235958,0.27996,0.097508,9.954441
1755404235960,0.294317,-0.091525,9.717253
1755404235962,0.256032,-0.213559,9.79143
1755404235965,0.323031,0.032901,10.028619
1755404235967,0.27996,0.154935,9.865608
1755404235970,0.241675,-0.072383,9.812965
1755404235972,0.27996,-0.129811,9.915857
1755404235975,0.31346,0.028116,9.891929
1755404235977,0.263211,0.035294,9.844072
1755404235979,0.311067,-0.041276,9.908679
1755404235981,0.318245,-0.043669,9.875179
1755404235984,0.244068,-0.012562,9.844072
1755404235987,0.289532,-0.024526,9.896714
1755404235989,0.323031,-0.005384,9.851251
1755404235991,0.224925,-0.010169,9.863214
1755404235993,0.303888,-0.034098,9.903893
1755404235996,0.337388,0.001795,9.863214
1755404235998,0.234497,-0.031705,9.863214
1755404236001,0.270389,-0.046062,9.894321
1755404236003,0.323031,-0.024526,9.889536
1755404236007,0.287139,-0.041276,9.896714
1755404236009,0.294317,-0.036491,9.88475
1755404236010,0.318245,-0.048455,9.860822
1755404236013,0.260818,-0.000598,9.9015
1755404236015,0.294317,-0.022134,9.906285
1755404236017,0.256032,0.02333,9.863214
1755404236020,0.256032,-0.077169,9.856036
1755404236023,0.294317,-0.046062,9.932607
1755404236026,0.31346,0.052044,10.002297
1755404236027,0.246461,0.044865,9.844072
1755404236029,0.308674,-0.067597,9.736395
1755404236032,0.275175,-0.160917,9.882358
1755404236034,0.287139,0.061615,9.834501
1755404236037,0.277567,0.140578,10.093225
1755404236039,0.287139,-0.010169,9.839287
1755404236043,0.27996,-0.172881,9.659825
1755404236045,0.287139,-0.117847,9.980762
1755404236047,0.251246,0.126221,10.007083
1755404236048,0.29671,0.037687,9.858429
1755404236051,0.284746,-0.151346,9.77468
1755404236053,0.27996,-0.18006,9.911072
1755404236056,0.27996,0.095115,9.952048
1755404236060,0.301496,0.095115,9.930214
1755404236061,0.270389,-0.077169,9.760324
1755404236063,0.265603,-0.184846,9.9015
1755404236065,0.287139,0.078365,9.959227
1755404236068,0.294317,0.066401,9.968799
1755404236070,0.287139,-0.096311,9.796216
1755404236073,0.294317,-0.105882,9.786645
1755404236076,0.299103,0.049651,9.939785
1755404236079,0.275175,0.068794,9.750752
1755404236080,0.306281,-0.153739,10.047761
1755404236083,0.311067,0.00658,9.860822
1755404236085,0.284746,0.047258,9.82493
1755404236087,0.241675,-0.101097,9.956834
1755404236089,0.342174,-0.031705,9.767502
1755404236092,0.282353,-0.012562,9.834501
1755404236094,0.241675,-0.026919,9.949656
1755404236097,0.33021,0.018544,9.796216
1755404236099,0.232104,-0.074776,9.872787
1755404236101,0.27996,-0.010169,9.956834
1755404236104,0.334995,-0.041276,9.817751
1755404236106,0.246461,-0.019741,9.925428
1755404236109,0.344566,0.032901,9.815358
1755404236112,0.217747,-0.074776,9.983155
1755404236114,0.332602,0.018544,9.745967
1755404236116,0.248854,-0.043669,9.999905
1755404236118,0.306281,0.013759,9.812965
1755404236120,0.277567,-0.014955,9.856036
1755404236123,0.299103,-0.000598,9.863214
1755404236126,0.289532,-0.029312,9.894321
1755404236128,0.263211,-0.043669,9.863214
1755404236131,0.289532,-0.041276,9.959227
1755404236132,0.289532,-0.026919,9.781859
1755404236135,0.289532,-0.043669,9.949656
1755404236137,0.270389,-0.000598,9.736395
1755404236140,0.291924,-0.022134,9.942178
1755404236143,0.323031,0.00658,9.805787
1755404236144,0.248854,-0.022134,9.983155
1755404236147,0.272782,-0.022134,9.765109
1755404236150,0.265603,-0.050847,9.942178
1755404236152,0.256032,-0.031705,9.870394
1755404236154,0.33021,0.020937,9.827323
1755404236156,0.251246,-0.005384,9.947263
1755404236161,0.320638,-0.002991,9.779466
1755404236163,0.251246,-0.105882,9.887143
1755404236165,0.260818,-0.007777,9.954441
1755404236166,0.241675,0.044865,9.836894
1755404236168,0.244068,-0.010169,9.913465
1755404236171,0.31346,-0.034098,9.894321
1755404236174,0.277567,-0.007777,9.870394
1755404236177,0.246461,-0.024526,9.870394
1755404236179,0.289532,-0.024526,9.925428
1755404236181,0.33021,-0.012562,9.836894
1755404236183,0.275175,-0.005384,9.966406
1755404236185,0.287139,-0.014955,9.820144
1755404236188,0.303888,-0.031705,9.822537
1755404236190,0.236889,-0.034098,10.00469
1755404236194,0.318245,0.004187,9.851251
1755404236195,0.303888,-0.031705,9.860822
1755404236197,0.258425,-0.048455,9.860822
1755404236200,0.29671,-0.055633,9.832108
1755404236202,0.263211,-0.007777,9.925428
1755404236205,0.318245,0.004187,9.860822
1755404236207,0.267996,-0.072383,9.891929
1755404236212,0.308674,-0.014955,9.88475
1755404236213,0.29671,-0.005384,9.848858
1755404236215,0.27996,-0.062812,9.903893
1755404236217,0.337388,-0.019741,9.817751
1755404236219,0.263211,0.001795,9.966406
1755404236221,0.287139,0.037687,9.860822
1755404236223,0.251246,-0.038883,9.851251
1755404236226,0.318245,-0.050847,9.829716
1755404236228,0.256032,-0.017348,9.894321
1755404236231,0.29671,0.008973,9.868001
1755404236233,0.287139,-0.007777,9.908679
1755404236236,0.311067,-0.074776,9.836894
1755404236238,0.260818,-0.031705,9.846465
1755404236241,0.299103,-0.034098,9.913465
1755404236244,0.287139,-0.002991,9.879965
1755404236245,0.236889,-0.019741,9.853643
1755404236247,0.272782,-0.002991,9.820144
1755404236250,0.29671,-0.031705,9.939785
1755404236252,0.265603,-0.024526,9.781859
1755404236255,0.291924,-0.043669,9.817751
1755404236257,0.315853,-0.048455,9.91825
1755404236260,0.289532,-0.038883,9.779466
1755404236262,0.337388,-0.043669,9.980762
1755404236264,0.351745,-0.048455,9.927821
1755404236267,0.325424,-0.06999,9.832108
1755404236269,0.277567,-0.024526,9.731609
1755404236271,0.325424,-0.05324,9.985548
1755404236274,0.22014,0.008973,9.77468
1755404236276,0.40678,-0.062812,10.076475
1755404236280,0.342174,-0.005384,10.069297
1755404236282,0.20339,-0.010169,9.738789
1755404236283,0.253639,0.011366,9.91825
1755404236286,0.234497,-0.022134,9.731609
1755404236288,0.337388,-0.043669,9.908679
1755404236291,0.174377,0.004187,9.79143
1755404236293,0.14327,0.016152,9.803394
1755404236296,0.344566,-0.048455,9.932607
1755404236299,0.301496,-0.000598,10.045368
1755404236300,0.325424,-0.005384,10.009477
1755404236303,0.287139,0.001795,9.975977
1755404236305,0.299103,0.001795,10.033404
1755404236307,0.282353,0.001795,9.872787
1755404236310,0.191127,0.025723,9.753145
1755404236313,0.212961,-0.012562,9.741181
1755404236315,0.205783,0.037687,9.834501
1755404236317,0.272782,0.042473,10.016655
1755404236320,0.303888,0.018544,9.985548
1755404236322,0.284746,0.013759,10.105189
1755404236324,0.256032,0.028116,9.947263
1755404236327,0.270389,0.001795,9.731609
1755404236331,0.251246,-0.019741,9.755538
1755404236332,0.318245,-0.024526,10.011869
1755404236334,0.239282,-0.026919,9.722038
1755404236336,0.275175,-0.017348,10.009477
1755404236339,0.29671,-0.010169,9.944571
1755404236341,0.29671,-0.041276,9.848858
1755404236343,0.267996,0.004187,9.882358
1755404236347,0.325424,-0.022134,9.992726
1755404236348,0.29671,-0.031705,9.906285
1755404236351,0.299103,-0.038883,9.927821
1755404236353,0.275175,-0.026919,9.879965
1755404236355,0.265603,-0.050847,9.872787
1755404236358,0.27996,-0.022134,9.877572
1755404236360,0.29671,-0.002991,9.872787
1755404236364,0.282353,-0.005384,9.899107
1755404236366,0.277567,-0.029312,9.882358
1755404236367,0.291924,-0.010169,9.899107
1755404236370,0.282353,-0.007777,9.877572
1755404236372,0.31346,-0.019741,9.88475
1755404236374,0.284746,-0.05324,9.88475
1755404236377,0.282353,0.001795,9.882358
1755404236381,0.27996,-0.029312,9.865608
1755404236382,0.311067,-0.017348,9.903893
1755404236385,0.284746,-0.000598,9.903893
1755404236387,0.289532,-0.017348,9.875179
1755404236389,0.20339,-0.043669,9.872787
1755404236391,0.253639,-0.019741,9.889536
1755404236394,0.260818,-0.036491,9.891929
1755404236396,0.258425,-0.022134,9.868001
1755404236398,0.287139,-0.029312,9.863214
1755404236401,0.318245,-0.041276,9.863214
1755404236404,0.284746,-0.026919,9.882358
1755404236406,0.263211,-0.034098,9.891929
1755404236408,0.272782,-0.012562,9.882358
1755404236410,0.282353,-0.026919,9.875179
1755404236413,0.251246,-0.038883,9.896714
1755404236415,0.303888,-0.036491,9.860822
1755404236418,0.299103,-0.024526,9.868001
1755404236421,0.272782,-0.000598,9.868001
1755404236423,0.299103,-0.007777,9.891929
1755404236425,0.291924,-0.036491,9.870394
1755404236427,0.272782,-0.014955,9.865608
1755404236429,0.289532,-0.019741,9.899107
1755404236432,0.265603,-0.000598,9.896714
1755404236435,0.27996,-0.034098,9.88475
1755404236437,0.217747,0.035294,9.858429
1755404236439,0.239282,-0.022134,9.956834
1755404236442,0.246461,-0.002991,9.815358
1755404236444,0.210568,-0.000598,9.848858
1755404236446,0.222533,-0.014955,9.772287
1755404236449,0.301496,-0.017348,9.906285
1755404236452,0.275175,0.00658,9.80818
1755404236454,0.31346,-0.065204,9.942178
1755404236456,0.277567,-0.041276,9.894321
1755404236458,0.265603,-0.034098,9.911072
1755404236461,0.277567,-0.007777,9.891929
1755404236463,0.303888,-0.005384,9.891929
1755404236466,0.315853,-0.005384,9.875179
1755404236468,0.287139,-0.029312,9.875179
1755404236470,0.289532,-0.000598,9.870394
1755404236473,0.306281,-0.019741,9.887143
1755404236475,0.287139,-0.012562,9.88475
1755404236477,0.260818,-0.041276,9.872787
1755404236480,0.301496,-0.05324,9.88475
1755404236483,0.272782,-0.029312,9.875179
1755404236485,0.272782,-0.005384,9.903893
1755404236487,0.287139,-0.024526,9.846465
1755404236490,0.270389,-0.043669,9.846465
1755404236492,0.277567,-0.026919,9.879965
1755404236494,0.282353,0.001795,9.870394
1755404236497,0.251246,-0.019741,9.915857
1755404236499,0.277567,-0.014955,9.805787
1755404236503,0.275175,-0.079561,9.911072
1755404236504,0.265603,-0.002991,9.827323
1755404236507,0.263211,-0.002991,9.872787
1755404236508,0.277567,-0.034098,9.872787
1755404236511,0.299103,-0.062812,9.872787
1755404236514,0.31346,-0.022134,9.865608
1755404236517,0.294317,-0.038883,9.896714
1755404236522,0.263211,-0.036491,9.88475
1755404236523,0.284746,-0.012562,9.882358
1755404236524,0.275175,-0.014955,9.865608
1755404236526,0.301496,0.004187,9.877572
1755404236528,0.263211,-0.038883,9.868001
1755404236530,0.272782,-0.031705,9.877572
1755404236534,0.275175,-0.046062,9.875179
1755404236536,0.301496,-0.014955,9.872787
1755404236537,0.270389,-0.000598,9.851251
1755404236540,0.29671,-0.041276,9.896714
1755404236542,0.236889,-0.038883,9.875179
1755404236545,0.294317,-0.012562,9.877572
1755404236547,0.258425,-0.002991,9.889536
1755404236551,0.277567,0.008973,9.879965
1755404236554,0.291924,-0.017348,9.896714
1755404236555,0.287139,-0.012562,9.875179
1755404236557,0.294317,-0.031705,9.868001
1755404236559,0.301496,-0.031705,9.891929
1755404236561,0.267996,-0.026919,9.877572
1755404236564,0.306281,-0.022134,9.906285
1755404236568,0.318245,0.018544,9.865608
1755404236569,0.289532,-0.031705,9.879965
1755404236571,0.260818,-0.036491,9.879965
1755404236573,0.284746,-0.026919,9.9015
1755404236575,0.251246,-0.017348,9.877572
1755404236578,0.291924,-0.002991,9.899107
1755404236580,0.272782,-0.007777,9.870394
1755404236583,0.287139,-0.005384,9.887143
1755404236585,0.263211,-0.007777,9.879965
1755404236588,0.277567,-0.002991,9.877572
1755404236590,0.277567,-0.012562,9.853643
1755404236593,0.275175,-0.031705,9.868001
1755404236595,0.256032,-0.046062,9.865608
1755404236597,0.260818,-0.022134,9.868001
1755404236600,0.291924,-0.024526,9.877572
1755404236603,0.306281,-0.002991,9.879965
1755404236606,0.287139,-0.005384,9.906285
1755404236608,0.284746,-0.012562,9.896714
1755404236609,0.265603,-0.026919,9.887143
1755404236612,0.284746,-0.012562,9.860822
1755404236614,0.251246,-0.038883,9.899107
1755404236616,0.253639,-0.017348,9.858429
1755404236619,0.294317,-0.048455,9.870394
1755404236621,0.258425,-0.031705,9.868001
1755404236623,0.29671,-0.012562,9.868001
1755404236627,0.253639,-0.05324,9.882358
1755404236628,0.263211,-0.043669,9.868001
1755404236631,0.299103,-0.012562,9.891929
1755404236633,0.311067,-0.026919,9.863214
1755404236636,0.318245,-0.038883,9.887143
1755404236638,0.27996,-0.022134,9.877572
1755404236641,0.287139,-0.038883,9.889536
1755404236643,0.306281,-0.014955,9.889536
1755404236645,0.27996,-0.029312,9.870394
1755404236648,0.277567,-0.012562,9.877572
1755404236650,0.277567,-0.031705,9.877572
1755404236653,0.27996,-0.017348,9.872787
1755404236655,0.256032,-0.034098,9.872787
1755404236658,0.282353,-0.041276,9.896714
1755404236660,0.303888,-0.029312,9.882358
1755404236662,0.251246,-0.026919,9.860822
1755404236664,0.282353,-0.038883,9.877572
1755404236667,0.294317,-0.031705,9.860822
1755404236670,0.282353,-0.022134,9.879965
1755404236672,0.263211,-0.034098,9.868001
1755404236675,0.258425,-0.014955,9.88475
1755404236677,0.291924,-0.036491,9.88475
1755404236679,0.306281,-0.014955,9.875179
1755404236681,0.287139,-0.026919,9.875179
1755404236684,0.291924,-0.029312,9.882358
1755404236687,0.275175,-0.048455,9.877572
1755404236689,0.265603,-0.017348,9.875179
1755404236691,0.275175,-0.010169,9.882358
1755404236693,0.291924,-0.031705,9.896714
1755404236696,0.287139,-0.031705,9.865608
1755404236698,0.284746,-0.034098,9.860822
1755404236700,0.277567,-0.012562,9.906285
1755404236704,0.299103,-0.043669,9.877572
1755404236706,0.284746,-0.019741,9.899107
1755404236707,0.277567,-0.031705,9.889536
1755404236710,0.256032,-0.048455,9.872787
1755404236712,0.265603,-0.012562,9.863214
1755404236714,0.267996,-0.010169,9.887143
1755404236717,0.299103,-0.038883,9.853643
1755404236720,0.263211,-0.048455,9.868001
1755404236723,0.27996,-0.017348,9.860822
1755404236724,0.267996,-0.034098,9.879965
1755404236727,0.287139,-0.024526,9.911072
1755404236730,0.253639,-0.017348,9.863214
1755404236731,0.27996,-0.014955,9.879965
1755404236734,0.267996,-0.010169,9.882358
1755404236736,0.236889,-0.022134,9.879965
1755404236739,0.282353,-0.024526,9.877572
1755404236741,0.260818,-0.031705,9.891929
1755404236744,0.291924,-0.026919,9.903893
1755404236746,0.294317,0.008973,9.911072
1755404236748,0.265603,-0.012562,9.887143
1755404236750,0.258425,-0.017348,9.882358
1755404236755,0.267996,-0.029312,9.877572
1755404236756,0.294317,-0.002991,9.865608
1755404236758,0.306281,-0.002991,9.882358
1755404236760,0.251246,-0.048455,9.896714
1755404236763,0.270389,-0.022134,9.889536
1755404236765,0.303888,-0.055633,9.889536
1755404236767,0.282353,-0.036491,9.891929
1755404236771,0.275175,-0.024526,9.899107
1755404236773,0.275175,0.001795,9.903893
1755404236775,0.258425,-0.000598,9.868001
1755404236777,0.267996,-0.038883,9.88475
1755404236779,0.282353,-0.034098,9.839287
1755404236782,0.315853,-0.017348,9.913465
1755404236784,0.318245,-0.012562,9.906285
1755404236786,0.265603,-0.029312,9.865608
1755404236789,0.270389,-0.06999,9.846465
1755404236791,0.287139,-0.050847,9.88475
1755404236794,0.287139,-0.007777,9.765109
1755404236796,0.236889,0.001795,10.014262
1755404236798,0.339781,-0.041276,9.77468
1755404236801,0.217747,-0.05324,10.002297
1755404236803,0.346959,0.001795,9.729217
1755404236806,0.200997,-0.014955,10.095618
1755404236808,0.311067,0.00658,9.762716
1755404236811,0.251246,-0.046062,9.949656
1755404236813,0.323031,-0.031705,9.719646
1755404236815,0.236889,-0.017348,9.959227
1755404236818,0.303888,-0.024526,9.903893
1755404236820,0.246461,-0.029312,9.80818
1755404236823,0.234497,-0.038883,10.011869
1755404236825,0.306281,-0.002991,9.745967
1755404236828,0.260818,-0.036491,9.97837
1755404236831,0.301496,-0.026919,9.803394
1755404236832,0.320638,-0.046062,9.903893
1755404236834,0.258425,-0.002991,9.875179
1755404236837,0.299103,0.004187,9.829716
1755404236840,0.289532,-0.036491,9.927821
1755404236842,0.253639,-0.026919,9.848858
1755404236844,0.270389,-0.017348,9.899107
1755404236847,0.289532,-0.012562,9.851251
1755404236849,0.248854,-0.029312,9.91825
1755404236852,0.282353,-0.05324,9.860822
1755404236854,0.29671,-0.019741,9.865608
1755404236856,0.291924,-0.031705,9.877572
1755404236859,0.275175,-0.017348,9.846465
1755404236861,0.29671,-0.036491,9.894321
1755404236863,0.275175,-0.043669,9.896714
1755404236865,0.248854,-0.026919,9.877572
1755404236868,0.272782,-0.002991,9.836894
1755404236871,0.265603,-0.002991,9.889536
1755404236873,0.260818,-0.002991,9.911072
1755404236877,0.248854,-0.005384,9.91825
1755404236878,0.27996,-0.050847,9.88475
1755404236880,0.287139,-0.022134,9.882358
1755404236882,0.253639,-0.041276,9.872787
1755404236885,0.315853,-0.007777,9.870394
1755404236887,0.315853,-0.007777,9.891929
1755404236891,0.272782,0.030508,9.875179
1755404236893,0.27996,-0.012562,9.872787
1755404236894,0.277567,-0.007777,9.848858
1755404236897,0.282353,-0.029312,9.896714
1755404236899,0.251246,-0.014955,9.865608
1755404236901,0.272782,-0.017348,9.875179
1755404236904,0.265603,-0.017348,9.77468
1755404236908,0.272782,-0.007777,9.997512
1755404236909,0.315853,0.05683,9.84168
1755404236911,0.227318,-0.079561,9.875179
1755404236914,0.277567,-0.055633,9.844072
1755404236916,0.275175,-0.058026,9.9015
1755404236918,0.291924,-0.014955,9.79143
1755404236921,0.241675,0.00658,10.047761
1755404236923,0.334995,0.011366,9.80818
1755404236926,0.234497,-0.031705,10.002297
1755404236928,0.325424,-0.007777,9.719646
1755404236931,0.291924,-0.029312,9.937392
1755404236934,0.260818,-0.08674,9.822537
1755404236935,0.284746,-0.046062,9.827323
1755404236937,0.239282,0.011366,9.995119
1755404236940,0.301496,0.025723,9.760324
1755404236943,0.251246,-0.014955,10.076475
1755404236946,0.323031,-0.010169,9.734002
1755404236948,0.227318,-0.017348,9.947263
1755404236950,0.339781,-0.050847,9.789038
1755404236952,0.258425,-0.058026,9.84168
1755404236954,0.303888,-0.036491,9.896714
1755404236956,0.315853,-0.005384,9.762716
1755404236959,0.248854,-0.007777,10.093225
1755404236961,0.303888,-0.007777,9.736395
1755404236964,0.244068,-0.05324,9.923036
1755404236966,0.301496,-0.091525,9.777073
1755404236968,0.303888,-0.043669,9.817751
1755404236971,0.248854,0.02333,10.019048
1755404236974,0.318245,0.030508,9.913465
1755404236976,0.294317,-0.019741,9.925428
1755404236978,0.320638,-0.060419,9.650253
1755404236981,0.267996,-0.117847,9.865608
1755404236984,0.287139,-0.005384,9.983155
1755404236985,0.303888,0.097508,9.973584
1755404236988,0.244068,0.00658,9.891929
1755404236990,0.318245,-0.10349,9.683753
1755404236993,0.275175,-0.120239,9.846465
1755404236995,0.27996,-0.002991,9.966406
1755404236997,0.31346,0.097508,9.9015
1755404237000,0.258425,-0.029312,9.906285
1755404237002,0.27996,-0.14656,9.779466
1755404237004,0.339781,-0.041276,9.995119
1755404237007,0.29671,0.090329,9.906285
1755404237009,0.29671,-0.005384,9.762716
1755404237012,0.299103,-0.141775,9.798609
1755404237015,0.294317,-0.007777,9.992726
1755404237016,0.275175,0.073579,9.803394
1755404237019,0.270389,-0.05324,9.882358
1755404237021,0.289532,-0.144168,9.851251
1755404237024,0.299103,0.037687,9.971191
1755404237027,0.263211,0.075972,9.913465
1755404237029,0.301496,0.008973,9.757931
1755404237031,0.318245,-0.125025,9.805787
1755404237034,0.265603,-0.050847,9.961619
1755404237036,0.284746,0.085543,10.019048
1755404237038,0.265603,0.064008,9.923036
1755404237040,0.289532,-0.062812,9.693324
1755404237044,0.275175,-0.160917,9.815358
1755404237045,0.303888,-0.036491,9.9015
1755404237048,0.301496,0.107079,9.932607
1755404237050,0.239282,0.018544,9.997512
1755404237052,0.260818,-0.048455,9.669396
1755404237055,0.253639,-0.115454,9.944571
1755404237057,0.277567,-0.077169,9.872787
1755404237060,0.303888,0.013759,9.829716
1755404237064,0.251246,0.016152,10.064511
1755404237065,0.303888,0.016152,9.846465
1755404237067,0.248854,-0.041276,9.882358
1755404237069,0.277567,-0.074776,9.724431
1755404237072,0.284746,-0.034098,9.889536
1755404237074,0.272782,0.025723,10.009477
1755404237077,0.306281,0.052044,9.872787
1755404237080,0.256032,-0.005384,10.050154
1755404237082,0.339781,-0.05324,9.626326
1755404237083,0.253639,-0.062812,9.987941
1755404237086,0.320638,-0.034098,9.822537
1755404237088,0.31346,0.030508,9.872787
1755404237091,0.284746,0.032901,10.014262
1755404237094,0.306281,-0.002991,9.805787
1755404237096,0.277567,-0.062812,10.002297
1755404237098,0.294317,-0.046062,9.688539
1755404237100,0.232104,-0.043669,9.964012
1755404237103,0.236889,0.035294,9.934999
1755404237105,0.284746,0.030508,9.894321
1755404237107,0.289532,-0.019741,9.939785
1755404237110,0.29671,-0.096311,9.623933
1755404237113,0.351745,-0.093918,9.995119
1755404237116,0.241675,0.042473,9.848858
1755404237117,0.306281,0.05683,9.97837
1755404237120,0.244068,-0.029312,9.911072
1755404237122,0.148056,-0.034098,9.600004
1755404237124,0.433101,-0.136989,10.026226
1755404237127,0.287139,0.00658,9.896714
1755404237129,0.263211,0.018544,9.719646
1755404237132,0.294317,-0.046062,9.927821
1755404237134,0.430708,-0.113061,10.011869
1755404237138,0.272782,-0.036491,9.949656
1755404237139,0.251246,-0.005384,9.777073
1755404237141,0.263211,0.025723,9.863214
1755404237143,0.387637,-0.077169,10.047761
1755404237146,0.265603,-0.038883,9.817751
1755404237149,0.270389,-0.014955,9.858429
1755404237151,0.171984,-0.010169,9.487542
1755404237153,0.368495,-0.058026,10.00469
1755404237155,0.260818,0.011366,9.920643
1755404237158,0.33021,0.016152,9.891929
1755404237163,0.198604,0.047258,9.925428
1755404237165,0.332602,-0.043669,10.042975
1755404237166,0.320638,-0.041276,9.872787
1755404237169,0.342174,-0.010169,9.932607
1755404237170,0.260818,-0.005384,9.877572
1755404237172,0.27996,-0.036491,9.882358
1755404237174,0.282353,-0.002991,9.870394
1755404237177,0.270389,-0.026919,9.846465
1755404237180,0.291924,-0.034098,9.872787
1755404237182,0.287139,-0.026919,9.863214
1755404237184,0.327817,-0.022134,9.906285
1755404237187,0.308674,-0.010169,9.779466
1755404237189,0.260818,-0.079561,9.954441
1755404237191,0.311067,0.011366,9.757931
1755404237194,0.263211,-0.046062,10.033404
1755404237196,0.315853,-0.024526,9.769895
1755404237199,0.256032,-0.002991,10.059726
1755404237201,0.287139,0.030508,9.743574
1755404237203,0.239282,-0.062812,10.042975
1755404237206,0.339781,-0.024526,9.760324
1755404237208,0.241675,-0.007777,9.961619
1755404237211,0.284746,-0.034098,9.753145
1755404237214,0.239282,-0.034098,9.973584
1755404237216,0.282353,-0.029312,9.820144
1755404237218,0.253639,-0.000598,9.91825
1755404237220,0.277567,-0.036491,9.882358
1755404237223,0.282353,0.011366,9.817751
1755404237225,0.246461,-0.046062,9.992726
1755404237228,0.311067,0.011366,9.734002
1755404237231,0.229711,-0.017348,10.045368
1755404237233,0.33021,0.030508,9.734002
1755404237235,0.236889,-0.012562,10.086046
1755404237238,0.303888,0.032901,9.678967
1755404237240,0.212961,-0.046062,10.088439
1755404237243,0.332602,0.020937,9.690931
1755404237244,0.19352,-0.041276,10.062119
1755404237248,0.351745,-0.012562,9.690931
1755404237250,0.212961,-0.043669,10.081261
1755404237251,0.370888,-0.010169,9.695718
1755404237254,0.222533,-0.048455,10.047761
1755404237256,0.334995,0.004187,9.686146
1755404237259,0.20339,-0.017348,10.050154
1755404237261,0.361316,-0.010169,9.683753
1755404237264,0.22014,-0.038883,10.090832
1755404237266,0.351745,-0.019741,9.705289
1755404237268,0.200997,-0.062812,10.059726
1755404237271,0.351745,-0.012562,9.657433
1755404237273,0.212961,-0.017348,10.081261
1755404237275,0.361316,0.013759,9.664611
1755404237278,0.169591,-0.043669,10.062119
1755404237282,0.368495,-0.002991,9.650253
1755404237284,0.19352,-0.05324,10.095618
1755404237285,0.368495,0.018544,9.640682
1755404237288,0.191127,-0.041276,10.078868
1755404237290,0.366102,0.013759,9.638289
1755404237292,0.205783,-0.089133,10.088439
1755404237294,0.339781,-0.014955,9.657433
1755404237297,0.212961,-0.058026,10.052547
1755404237300,0.361316,0.037687,9.719646
1755404237302,0.236889,-0.060419,10.023833
1755404237304,0.337388,0.020937,9.796216
1755404237306,0.244068,-0.055633,9.97837
1755404237309,0.265603,0.00658,9.846465
1755404237311,0.31346,-0.058026,9.879965
1755404237313,0.299103,-0.024526,9.930214
1755404237316,0.346959,-0.041276,9.678967
1755404237318,0.205783,-0.058026,10.081261
1755404237321,0.380459,-0.000598,9.683753
1755404237324,0.155234,-0.072383,10.059726
1755404237325,0.411565,0.004187,9.700503
1755404237328,0.183948,-0.06999,10.028619
1755404237330,0.37328,0.073579,9.690931
1755404237333,0.229711,-0.079561,10.155438
1755404237335,0.358923,0.028116,9.678967
1755404237338,0.248854,-0.065204,10.059726
1755404237343,0.351745,0.018544,9.836894
1755404237345,0.239282,-0.046062,9.793823
1755404237346,0.301496,-0.010169,9.975977
1755404237348,0.320638,-0.072383,9.719646
1755404237351,0.291924,-0.024526,9.995119
1755404237352,0.318245,-0.041276,9.772287
1755404237354,0.208176,-0.002991,9.975977
1755404237357,0.339781,-0.007777,9.765109
1755404237359,0.198604,-0.010169,10.023833
1755404237362,0.385244,-0.010169,9.743574
1755404237364,0.195912,-0.034098,10.035797
1755404237367,0.411565,0.011366,9.667004
1755404237369,0.205783,-0.079561,10.162617
1755404237371,0.413958,0.037687,9.607183
1755404237374,0.179163,-0.062812,10.155438
1755404237376,0.401994,0.047258,9.611969
1755404237378,0.19352,-0.098704,10.124331
1755404237381,0.366102,0.054437,9.688539
1755404237384,0.22014,-0.060419,10.050154
1755404237387,0.311067,0.061615,9.738789
1755404237388,0.246461,-0.084347,9.97837
1755404237391,0.289532,0.00658,9.817751
1755404237393,0.29671,-0.067597,9.88475
1755404237395,0.229711,0.00658,9.932607
1755404237397,0.33021,-0.017348,9.812965
1755404237403,0.212961,-0.014955,9.959227
1755404237405,0.349352,-0.022134,9.796216
1755404237406,0.208176,-0.041276,9.985548
1755404237407,0.358923,-0.002991,9.762716
1755404237409,0.224925,-0.012562,9.964012
1755404237412,0.299103,0.004187,9.798609
1755404237414,0.232104,-0.026919,9.927821
1755404237417,0.311067,0.013759,9.834501
1755404237422,0.267996,-0.038883,9.903893
1755404237423,0.323031,0.001795,9.865608
1755404237424,0.287139,-0.050847,9.91825
1755404237426,0.29671,0.008973,9.848858
1755404237428,0.284746,-0.058026,9.879965
1755404237431,0.294317,-0.007777,9.846465
1755404237435,0.272782,-0.05324,9.927821
1755404237436,0.272782,-0.029312,9.877572
1755404237438,0.294317,-0.010169,9.863214
1755404237441,0.275175,-0.010169,9.899107
1755404237446,0.303888,-0.034098,9.82493
1755404237447,0.29671,-0.029312,9.913465
1755404237449,0.320638,-0.010169,9.851251
1755404237453,0.284746,-0.010169,9.891929
1755404237455,0.263211,-0.026919,9.856036
1755404237457,0.29671,-0.038883,9.906285
1755404237458,0.301496,-0.022134,9.88475
1755404237460,0.308674,-0.036491,9.889536
1755404237462,0.294317,-0.010169,9.870394
1755404237464,0.275175,-0.058026,9.860822
1755404237468,0.265603,-0.024526,9.877572
1755404237470,0.308674,-0.002991,9.858429
1755404237472,0.270389,-0.019741,9.882358
1755404237474,0.272782,-0.019741,9.887143
1755404237477,0.265603,-0.005384,9.865608
1755404237479,0.308674,-0.036491,9.860822
1755404237481,0.267996,-0.012562,9.896714
1755404237484,0.306281,-0.002991,9.920643
1755404237487,0.284746,-0.041276,9.848858
1755404237488,0.301496,-0.010169,9.863214
1755404237491,0.323031,-0.029312,9.877572
1755404237493,0.284746,0.011366,9.894321
1755404237496,0.258425,-0.062812,9.88475
1755404237498,0.244068,-0.034098,9.903893
1755404237501,0.301496,-0.043669,9.911072
1755404237506,0.263211,-0.038883,9.77468
1755404237507,0.260818,0.011366,9.975977
1755404237508,0.31346,0.016152,9.772287
1755404237510,0.20339,-0.026919,10.100404
1755404237512,0.306281,0.013759,9.659825
1755404237515,0.195912,-0.043669,9.971191
1755404237517,0.291924,-0.036491,9.832108
1755404237520,0.303888,0.00658,9.805787
1755404237522,0.263211,0.025723,10.047761
1755404237525,0.282353,0.025723,9.784252
1755404237527,0.277567,-0.077169,9.942178
1755404237530,0.318245,-0.026919,9.80818
1755404237532,0.29671,-0.048455,9.755538
1755404237534,0.277567,0.001795,10.05494
1755404237537,0.320638,0.049651,9.784252
1755404237539,0.227318,-0.034098,9.930214
1755404237542,0.303888,-0.022134,9.741181
1755404237544,0.256032,-0.05324,9.829716
1755404237547,0.253639,-0.029312,9.961619
1755404237548,0.320638,0.013759,9.903893
1755404237551,0.263211,-0.002991,9.956834
1755404237554,0.308674,-0.055633,9.836894
1755404237556,0.301496,-0.046062,9.88475
1755404237558,0.29671,0.042473,9.88475
1755404237560,0.275175,-0.012562,9.906285
1755404237563,0.287139,-0.024526,9.844072
1755404237565,0.270389,-0.041276,9.882358
1755404237568,0.291924,-0.005384,9.88475
1755404237571,0.265603,-0.005384,9.959227
1755404237575,0.258425,0.025723,9.944571
1755404237577,0.263211,-0.036491,9.772287
1755404237578,0.27996,-0.081954,9.879965
1755404237580,0.318245,-0.031705,9.836894
1755404237582,0.289532,0.001795,9.920643
1755404237585,0.282353,0.001795,9.879965
1755404237588,0.275175,-0.041276,9.877572
1755404237589,0.323031,-0.026919,9.84168
1755404237592,0.265603,-0.017348,9.927821
1755404237594,0.282353,-0.029312,9.906285
1755404237596,0.284746,-0.029312,9.827323
1755404237599,0.258425,-0.077169,9.805787
1755404237601,0.339781,-0.041276,9.968799
1755404237605,0.275175,0.073579,9.889536
1755404237608,0.277567,-0.026919,9.954441
1755404237609,0.284746,-0.026919,9.832108
1755404237611,0.258425,-0.043669,9.908679
1755404237613,0.253639,-0.000598,9.908679
1755404237615,0.272782,0.02333,9.911072
1755404237618,0.260818,0.001795,9.875179
1755404237622,0.27996,-0.041276,9.844072
1755404237623,0.265603,-0.022134,9.870394
1755404237626,0.301496,0.011366,9.952048
1755404237627,0.284746,0.064008,9.9015
1755404237630,0.284746,-0.024526,9.757931
1755404237632,0.272782,-0.065204,9.889536
1755404237635,0.339781,0.011366,9.817751
1755404237638,0.234497,0.00658,9.949656
1755404237642,0.346959,0.013759,9.891929
1755404237643,0.299103,-0.029312,9.91825
1755404237644,0.270389,-0.048455,9.848858
1755404237647,0.265603,-0.022134,9.832108
1755404237649,0.315853,-0.050847,9.930214
1755404237651,0.275175,0.016152,9.927821
1755404237654,0.256032,0.018544,9.858429
1755404237657,0.258425,-0.048455,9.899107
1755404237659,0.349352,-0.005384,9.932607
1755404237662,0.272782,0.02333,9.848858
1755404237663,0.301496,-0.065204,9.803394
1755404237666,0.301496,-0.046062,9.930214
1755404237669,0.270389,-0.002991,9.868001
1755404237671,0.236889,0.042473,9.882358
1755404237673,0.306281,-0.043669,9.887143
1755404237675,0.287139,-0.058026,9.88475
1755404237678,0.27996,0.001795,9.944571
1755404237680,0.27996,0.011366,9.77468
1755404237682,0.272782,-0.055633,9.848858
1755404237685,0.29671,-0.050847,9.860822
1755404237687,0.282353,0.018544,9.985548
1755404237691,0.267996,0.001795,9.889536
1755404237693,0.265603,-0.072383,9.834501
1755404237695,0.303888,-0.05324,9.834501
1755404237697,0.244068,-0.062812,9.942178
1755404237699,0.315853,0.04008,9.889536
1755404237702,0.29671,-0.012562,9.836894
1755404237704,0.234497,-0.079561,9.906285
1755404237707,0.334995,-0.014955,9.84168
1755404237711,0.239282,0.008973,9.903893
1755404237712,0.31346,-0.041276,9.812965
1755404237714,0.306281,-0.050847,9.954441
1755404237716,0.289532,0.047258,10.007083
1755404237719,0.256032,0.044865,9.726824
1755404237721,0.265603,-0.117847,9.949656
1755404237724,0.306281,-0.043669,9.844072
1755404237726,0.311067,0.030508,9.848858
1755404237728,0.239282,0.04008,10.057333
1755404237730,0.351745,-0.034098,9.652647
1755404237733,0.224925,-0.165703,9.995119
1755404237735,0.311067,0.004187,9.915857
1755404237738,0.31346,0.042473,9.839287
1755404237740,0.232104,-0.084347,9.848858
1755404237743,0.282353,-0.108275,9.863214
1755404237745,0.263211,0.028116,9.875179
1755404237748,0.224925,0.035294,9.908679
1755404237750,0.315853,-0.074776,9.805787
1755404237752,0.327817,-0.050847,9.915857
1755404237755,0.270389,0.018544,10.00469
1755404237757,0.320638,0.054437,9.726824
1755404237760,0.267996,-0.081954,9.891929
1755404237762,0.299103,-0.098704,9.834501
1755404237765,0.31346,0.035294,9.968799
1755404237766,0.277567,0.059222,10.023833
1755404237769,0.294317,-0.036491,9.662218
1755404237771,0.272782,-0.141775,9.882358
1755404237774,0.29671,-0.024526,9.906285
1755404237776,0.294317,0.135793,9.91825
1755404237779,0.248854,0.013759,10.035797
1755404237781,0.354138,-0.108275,9.600004
1755404237783,0.241675,-0.115454,9.971191
1755404237786,0.332602,0.028116,9.848858
1755404237789,0.29671,0.068794,9.983155
1755404237790,0.217747,-0.005384,9.997512
1755404237793,0.318245,-0.046062,9.640682
1755404237795,0.227318,-0.08674,10.007083
1755404237798,0.284746,-0.019741,9.652647
1755404237800,0.267996,0.018544,10.047761
1755404237803,0.327817,0.025723,9.915857
1755404237805,0.284746,0.016152,9.865608
1755404237808,0.258425,-0.034098,10.03819
1755404237810,0.351745,-0.010169,9.628718
1755404237812,0.224925,-0.05324,10.136296
1755404237815,0.339781,-0.012562,9.60479
1755404237817,0.241675,-0.060419,10.033404
1755404237819,0.327817,-0.022134,9.798609
1755404237822,0.289532,0.035294,9.889536
1755404237826,0.277567,-0.034098,9.992726
1755404237827,0.33021,0.044865,9.724431
1755404237830,0.229711,-0.026919,10.100404
1755404237831,0.339781,0.020937,9.616755
1755404237834,0.227318,-0.060419,10.119546
1755404237836,0.339781,0.00658,9.616755
1755404237838,0.208176,-0.024526,10.117153
1755404237842,0.334995,-0.005384,9.690931
1755404237844,0.210568,-0.022134,10.026226
1755404237847,0.303888,-0.036491,9.736395
1755404237848,0.232104,-0.007777,9.932607
1755404237851,0.299103,-0.043669,9.803394
1755404237853,0.229711,0.004187,9.889536
1755404237855,0.282353,-0.046062,9.882358
1755404237857,0.267996,-0.024526,9.851251
1755404237860,0.265603,-0.026919,9.913465
1755404237862,0.29671,0.013759,9.853643
1755404237865,0.265603,-0.074776,9.906285
1755404237867,0.258425,-0.000598,9.832108
1755404237870,0.263211,-0.038883,9.889536
1755404237872,0.320638,0.013759,9.84168
1755404237874,0.263211,-0.05324,9.911072
1755404237877,0.303888,-0.012562,9.848858
1755404237879,0.263211,-0.048455,9.913465
1755404237882,0.267996,0.028116,9.844072
1755404237884,0.301496,-0.077169,9.868001
1755404237887,0.270389,0.016152,9.877572
1755404237889,0.320638,-0.024526,9.810573
1755404237891,0.232104,-0.024526,9.937392
1755404237894,0.33021,-0.026919,9.781859
1755404237896,0.224925,-0.029312,9.985548
1755404237899,0.337388,-0.014955,9.722038
1755404237901,0.215354,-0.024526,10.062119
1755404237903,0.397209,0.008973,9.652647
1755404237906,0.205783,-0.041276,10.083653
1755404237908,0.354138,-0.007777,9.669396
1755404237911,0.17677,-0.05324,10.112368
1755404237913,0.385244,-0.007777,9.657433
1755404237915,0.20339,-0.046062,10.081261
1755404237918,0.394816,-0.000598,9.662218
1755404237920,0.162413,-0.038883,10.086046
1755404237922,0.378066,0.020937,9.688539
1755404237925,0.181555,-0.093918,10.081261
1755404237928,0.325424,0.016152,9.719646
1755404237930,0.222533,-0.017348,10.009477
1755404237932,0.308674,-0.014955,9.801002
1755404237934,0.289532,-0.031705,9.923036
1755404237937,0.260818,-0.010169,9.879965
1755404237939,0.287139,-0.024526,9.88475
1755404237942,0.294317,-0.022134,9.923036
1755404237944,0.311067,-0.007777,9.820144
1755404237947,0.260818,-0.034098,9.937392
1755404237949,0.31346,0.016152,9.851251
1755404237951,0.248854,-0.050847,9.920643
1755404237954,0.299103,-0.005384,9.82493
1755404237956,0.241675,-0.084347,9.939785
1755404237958,0.334995,-0.029312,9.750752
1755404237962,0.277567,-0.038883,10.009477
1755404237966,0.301496,-0.005384,9.729217
1755404237968,0.251246,-0.029312,10.078868
1755404237969,0.342174,0.042473,9.820144
1755404237971,0.248854,-0.024526,9.920643
1755404237973,0.311067,-0.067597,9.724431
1755404237975,0.27996,-0.036491,9.896714
1755404237977,0.301496,-0.026919,9.908679
1755404237980,0.277567,0.035294,9.805787
1755404237982,0.232104,0.032901,10.062119
1755404237984,0.303888,-0.002991,9.731609
1755404237987,0.265603,-0.065204,9.973584
1755404237989,0.287139,-0.079561,9.810573
1755404237992,0.29671,0.011366,9.899107
1755404237996,0.253639,0.04008,9.992726
1755404237997,0.323031,0.001795,9.767502
1755404237999,0.27996,-0.16331,9.844072
1755404238003,0.346959,-0.050847,9.913465
1755404238004,0.323031,0.083151,9.879965
1755404238006,0.272782,0.001795,9.964012
1755404238009,0.284746,-0.108275,9.868001
1755404238011,0.258425,-0.026919,9.836894
1755404238014,0.239282,0.052044,9.868001
1755404238016,0.272782,-0.010169,9.829716
1755404238018,0.284746,-0.041276,9.964012
1755404238021,0.277567,0.035294,9.9015
1755404238023,0.282353,-0.014955,9.757931
1755404238025,0.265603,-0.062812,9.923036
1755404238027,0.289532,-0.036491,9.789038
1755404238030,0.287139,-0.034098,9.954441
1755404238033,0.342174,-0.000598,9.798609
1755404238035,0.241675,-0.034098,10.016655
1755404238038,0.318245,0.00658,9.767502
1755404238041,0.277567,-0.062812,10.009477
1755404238043,0.311067,-0.017348,9.820144
1755404238044,0.275175,-0.038883,9.82493
1755404238047,0.27996,-0.000598,9.971191
1755404238051,0.306281,0.025723,9.877572
1755404238052,0.205783,-0.043669,9.913465
1755404238054,0.318245,-0.065204,9.836894
1755404238057,0.308674,-0.041276,9.889536
1755404238059,0.282353,-0.043669,9.863214
1755404238061,0.289532,-0.026919,9.932607
1755404238064,0.308674,-0.010169,9.863214
1755404238066,0.263211,-0.012562,9.84168
1755404238068,0.299103,-0.019741,9.882358
1755404238071,0.236889,-0.031705,9.906285
1755404238074,0.258425,0.00658,9.88475
1755404238076,0.282353,-0.050847,9.779466
1755404238078,0.27996,-0.007777,9.932607
1755404238081,0.277567,0.028116,9.839287
1755404238085,0.232104,-0.038883,9.999905
1755404238086,0.303888,-0.029312,9.784252
1755404238088,0.258425,-0.029312,9.805787
1755404238090,0.260818,0.00658,10.045368
1755404238092,0.270389,0.044865,9.839287
1755404238095,0.272782,-0.05324,9.930214
1755404238097,0.299103,-0.062812,9.789038
1755404238100,0.27996,-0.058026,9.796216
1755404238102,0.270389,0.032901,10.047761
1755404238105,0.320638,0.025723,9.812965
1755404238107,0.234497,-0.058026,9.985548
1755404238109,0.327817,-0.062812,9.832108
1755404238112,0.251246,-0.06999,9.865608
1755404238114,0.294317,0.018544,9.822537
1755404238117,0.267996,-0.010169,9.990334
1755404238119,0.301496,0.00658,9.829716
1755404238121,0.234497,-0.005384,9.846465
1755404238123,0.260818,-0.084347,9.9015
1755404238126,0.311067,-0.022134,9.851251
1755404238128,0.311067,0.02333,9.925428
1755404238131,0.258425,0.013759,9.875179
1755404238134,0.308674,-0.034098,9.868001
1755404238136,0.270389,-0.019741,9.848858
1755404238138,0.263211,-0.043669,9.923036
1755404238140,0.282353,-0.000598,9.822537
1755404238143,0.289532,-0.036491,9.952048
1755404238145,0.256032,-0.014955,9.801002
1755404238149,0.272782,0.011366,9.927821
1755404238151,0.256032,-0.029312,9.865608
1755404238152,0.301496,-0.058026,9.803394
1755404238155,0.277567,-0.050847,9.973584
1755404238157,0.323031,-0.010169,9.853643
1755404238161,0.272782,-0.046062,9.971191
1755404238162,0.339781,-0.031705,9.834501
1755404238166,0.301496,-0.029312,9.954441
1755404238168,0.299103,0.028116,9.736395
1755404238169,0.224925,-0.019741,9.975977
1755404238173,0.315853,-0.005384,9.856036
1755404238174,0.251246,-0.002991,9.91825
1755404238176,0.294317,-0.000598,9.760324
1755404238179,0.241675,-0.048455,9.932607
1755404238181,0.31346,-0.014955,9.834501
1755404238184,0.244068,-0.024526,10.002297
1755404238186,0.311067,0.013759,9.769895
1755404238188,0.267996,-0.043669,9.937392
1755404238191,0.31346,-0.058026,9.738789
1755404238193,0.284746,-0.022134,9.995119
1755404238196,0.337388,0.049651,9.822537
1755404238198,0.265603,-0.046062,9.925428
1755404238201,0.272782,-0.038883,9.832108
1755404238204,0.289532,-0.041276,9.801002
1755404238205,0.303888,-0.06999,9.834501
1755404238207,0.291924,-0.050847,9.923036
1755404238210,0.303888,0.064008,9.899107
1755404238212,0.239282,0.025723,9.939785
1755404238214,0.263211,-0.050847,9.79143
1755404238217,0.299103,-0.043669,9.973584
1755404238219,0.282353,0.047258,9.829716
1755404238222,0.267996,-0.005384,9.973584
1755404238224,0.327817,-0.041276,9.803394
1755404238226,0.27996,-0.024526,9.975977
1755404238229,0.287139,0.025723,9.836894
1755404238231,0.256032,-0.010169,9.865608
1755404238234,0.291924,-0.101097,9.812965
1755404238237,0.260818,-0.031705,9.882358
1755404238239,0.282353,0.05683,9.88475
1755404238241,0.267996,0.028116,9.851251
1755404238244,0.289532,-0.048455,9.848858
1755404238246,0.275175,-0.026919,9.930214
1755404238248,0.315853,0.020937,9.844072
1755404238251,0.251246,-0.019741,9.952048
1755404238253,0.327817,-0.000598,9.846465
1755404238256,0.275175,-0.058026,9.858429
1755404238258,0.244068,-0.043669,9.834501
1755404238260,0.275175,0.011366,9.966406
1755404238263,0.291924,0.030508,9.829716
1755404238265,0.263211,-0.036491,9.961619
1755404238268,0.33021,-0.046062,9.810573
1755404238270,0.277567,-0.060419,9.891929
1755404238272,0.251246,-0.005384,9.882358
1755404238274,0.299103,-0.043669,9.836894
1755404238277,0.291924,-0.034098,9.923036
1755404238279,0.303888,0.011366,9.896714
1755404238281,0.270389,-0.017348,9.937392
1755404238284,0.27996,-0.005384,9.832108
1755404238287,0.251246,-0.058026,9.915857
1755404238289,0.284746,-0.002991,9.88475
1755404238291,0.251246,-0.022134,9.911072
1755404238293,0.327817,-0.046062,9.734002
1755404238296,0.263211,-0.024526,9.997512
1755404238298,0.301496,0.052044,9.875179
1755404238301,0.22014,-0.036491,9.934999
1755404238303,0.301496,-0.029312,9.810573
1755404238306,0.29671,-0.043669,9.906285
1755404238308,0.275175,-0.014955,9.894321
1755404238310,0.294317,-0.058026,9.930214
1755404238313,0.287139,-0.014955,9.77468
1755404238315,0.215354,-0.017348,9.954441
1755404238318,0.311067,-0.031705,9.734002
1755404238321,0.284746,-0.005384,10.002297
1755404238322,0.284746,0.013759,9.836894
1755404238325,0.258425,-0.060419,9.877572
1755404238327,0.311067,-0.062812,9.722038
1755404238329,0.287139,-0.010169,9.932607
1755404238332,0.277567,-0.062812,10.00469
1755404238335,0.349352,-0.017348,9.827323
1755404238337,0.229711,0.004187,9.920643
1755404238339,0.299103,-0.072383,9.815358
1755404238342,0.267996,-0.062812,9.899107
1755404238344,0.301496,0.028116,9.839287
1755404238346,0.248854,-0.058026,10.031012
1755404238349,0.33021,-0.022134,9.863214
1755404238353,0.275175,-0.062812,9.767502
1755404238355,0.265603,-0.079561,9.88475
1755404238356,0.258425,-0.022134,9.846465
1755404238359,0.299103,0.071186,10.009477
1755404238361,0.27996,-0.005384,9.915857
1755404238364,0.308674,-0.074776,9.712467
1755404238365,0.256032,-0.077169,9.925428
1755404238368,0.282353,0.030508,9.949656
1755404238371,0.27996,0.025723,9.817751
1755404238373,0.270389,-0.046062,9.91825
1755404238375,0.29671,-0.055633,9.817751
1755404238378,0.311067,0.00658,9.889536
1755404238380,0.265603,0.018544,9.97837
1755404238382,0.289532,0.00658,9.762716
1755404238384,0.253639,-0.081954,9.91825
1755404238387,0.308674,-0.041276,9.84168
1755404238391,0.29671,0.04008,9.956834
1755404238392,0.272782,0.020937,9.932607
1755404238395,0.263211,-0.036491,9.786645
1755404238397,0.253639,-0.098704,9.913465
1755404238399,0.29671,-0.007777,9.863214
1755404238401,0.267996,0.001795,9.903893
1755404238405,0.260818,-0.026919,9.930214
1755404238407,0.284746,-0.034098,9.848858
1755404238408,0.277567,-0.026919,9.875179
1755404238412,0.267996,-0.010169,9.88475
1755404238413,0.289532,-0.019741,9.836894
1755404238416,0.272782,-0.038883,9.920643
1755404238418,0.303888,-0.012562,9.827323
1755404238421,0.270389,-0.029312,9.891929
1755404238424,0.277567,-0.036491,9.82493
1755404238426,0.272782,-0.007777,9.911072
1755404238429,0.289532,-0.010169,9.906285
1755404238430,0.29671,0.020937,10.007083
1755404238433,0.287139,-0.055633,9.724431
1755404238435,0.253639,-0.048455,9.858429
1755404238439,0.270389,-0.050847,9.798609
1755404238441,0.232104,-0.031705,9.992726
1755404238443,0.351745,0.020937,9.829716
1755404238446,0.227318,-0.060419,9.959227
1755404238447,0.358923,-0.005384,9.669396
1755404238450,0.215354,-0.022134,10.105189
1755404238452,0.339781,0.018544,9.619147
1755404238455,0.20339,-0.029312,10.141082
1755404238457,0.334995,-0.010169,9.793823
1755404238459,0.224925,-0.058026,9.920643
1755404238461,0.291924,-0.022134,9.693324
1755404238464,0.270389,-0.002991,9.896714
1755404238467,0.289532,-0.065204,10.031012
1755404238469,0.29671,0.004187,9.805787
1755404238473,0.253639,-0.010169,9.944571
1755404238474,0.308674,0.020937,9.602397
1755404238476,0.267996,-0.019741,10.198509
1755404238478,0.325424,-0.010169,9.844072
1755404238481,0.210568,-0.046062,9.868001
1755404238483,0.291924,-0.029312,9.80818
1755404238485,0.246461,0.016152,9.781859
1755404238489,0.244068,-0.043669,10.07169
1755404238491,0.277567,0.018544,9.741181
1755404238493,0.227318,0.001795,10.040583
1755404238495,0.323031,-0.007777,9.911072
1755404238497,0.253639,-0.05324,9.767502
1755404238500,0.299103,-0.041276,9.875179
1755404238502,0.306281,-0.010169,9.755538
1755404238506,0.277567,-0.007777,10.090832
1755404238508,0.306281,-0.007777,9.578469
1755404238510,0.241675,-0.031705,10.198509
1755404238512,0.294317,-0.007777,9.585648
1755404238514,0.27996,-0.084347,10.057333
1755404238516,0.301496,-0.026919,9.856036
1755404238519,0.303888,0.020937,9.844072
1755404238523,0.277567,-0.010169,9.97837
1755404238525,0.282353,-0.038883,9.688539
1755404238526,0.258425,-0.08674,9.959227
1755404238529,0.287139,-0.041276,9.877572
1755404238531,0.301496,0.02333,9.786645
1755404238533,0.291924,0.032901,10.076475
1755404238536,0.306281,-0.031705,9.851251
1755404238538,0.291924,-0.06999,9.875179
1755404238541,0.299103,-0.058026,9.777073
1755404238543,0.294317,0.037687,9.88475
1755404238545,0.284746,0.032901,9.987941
1755404238548,0.244068,-0.026919,9.678967
1755404238550,0.263211,-0.079561,9.858429
1755404238552,0.260818,-0.05324,9.942178
1755404238555,0.27996,0.001795,9.801002
1755404238558,0.267996,0.013759,10.138689
1755404238560,0.311067,-0.034098,9.676575
1755404238563,0.275175,-0.060419,9.872787
1755404238564,0.299103,-0.046062,9.952048
1755404238567,0.272782,-0.000598,9.769895
1755404238570,0.265603,0.04008,10.121939
1755404238571,0.287139,-0.005384,9.753145
1755404238574,0.241675,-0.072383,9.911072
1755404238577,0.275175,-0.081954,9.851251
1755404238579,0.308674,0.042473,9.77468
1755404238582,0.256032,0.011366,10.11476
1755404238584,0.311067,-0.010169,9.738789
1755404238586,0.287139,-0.105882,9.851251
1755404238589,0.289532,-0.029312,9.9015
1755404238594,0.320638,-0.000598,9.817751
1755404238595,0.236889,-0.017348,10.021441
1755404238596,0.299103,-0.019741,9.765109
1755404238598,0.198604,-0.055633,9.992726
1755404238601,0.315853,0.028116,9.82493
1755404238603,0.320638,-0.036491,9.779466
1755404238605,0.232104,-0.031705,10.05494
1755404238608,0.327817,-0.002991,9.796216
1755404238610,0.215354,-0.072383,9.973584
1755404238612,0.294317,-0.031705,9.79143
1755404238615,0.287139,-0.024526,9.915857
1755404238617,0.258425,-0.007777,9.872787
1755404238619,0.294317,-0.007777,9.863214
1755404238622,0.260818,0.004187,9.927821
1755404238624,0.289532,-0.014955,9.796216
1755404238627,0.29671,-0.017348,9.927821
1755404238629,0.318245,0.00658,9.856036
1755404238632,0.258425,-0.007777,9.942178
1755404238634,0.291924,0.00658,9.870394
1755404238636,0.284746,0.001795,9.903893
1755404238639,0.306281,-0.007777,9.844072
1755404238642,0.31346,-0.034098,9.891929
1755404238644,0.284746,-0.041276,9.877572
1755404238646,0.31346,-0.010169,9.815358
1755404238649,0.260818,-0.026919,9.961619
1755404238651,0.256032,0.049651,9.851251
1755404238653,0.244068,-0.019741,9.829716
1755404238656,0.265603,-0.043669,9.952048
1755404238659,0.311067,-0.000598,9.832108
1755404238661,0.198604,0.011366,9.952048
1755404238663,0.275175,-0.005384,9.860822
1755404238665,0.284746,-0.031705,9.846465
1755404238667,0.284746,-0.024526,9.879965
1755404238671,0.29671,0.013759,9.868001
1755404238672,0.224925,-0.062812,9.872787
1755404238677,0.277567,-0.034098,9.846465
1755404238678,0.31346,-0.029312,9.899107
1755404238680,0.210568,0.013759,9.879965
1755404238682,0.289532,-0.012562,9.875179
1755404238685,0.248854,-0.050847,9.889536
1755404238686,0.267996,-0.031705,9.870394
1755404238689,0.275175,-0.041276,9.889536
1755404238694,0.287139,-0.029312,9.868001
1755404238695,0.315853,-0.022134,9.887143
1755404238697,0.299103,-0.031705,9.908679
1755404238699,0.248854,-0.024526,9.834501
1755404238701,0.306281,-0.017348,9.91825
1755404238703,0.241675,-0.055633,9.877572
1755404238706,0.31346,-0.000598,9.827323
1755404238708,0.289532,-0.041276,9.925428
1755404238711,0.289532,-0.000598,9.875179
1755404238713,0.265603,-0.065204,9.875179
1755404238715,0.308674,0.001795,9.760324
1755404238718,0.287139,0.028116,10.074082
1755404238720,0.318245,-0.017348,9.765109
1755404238723,0.277567,-0.096311,9.961619
1755404238727,0.31346,-0.05324,9.820144
1755404238728,0.282353,0.00658,9.803394
1755404238731,0.260818,0.066401,10.100404
1755404238732,0.325424,0.04008,9.832108
1755404238734,0.234497,-0.074776,9.913465
1755404238737,0.263211,-0.077169,9.707682
1755404238739,0.291924,-0.024526,9.891929
1755404238742,0.299103,0.075972,9.999905
1755404238744,0.306281,0.064008,9.966406
1755404238747,0.248854,-0.046062,9.932607
1755404238749,0.287139,-0.110668,9.657433
1755404238752,0.275175,-0.081954,9.870394
1755404238754,0.267996,0.049651,10.011869
1755404238756,0.33021,0.064008,9.954441
1755404238759,0.246461,-0.029312,9.925428
1755404238762,0.291924,-0.127418,9.647861
1755404238764,0.284746,-0.113061,9.844072
1755404238767,0.291924,0.02333,10.016655
1755404238768,0.301496,0.0999,10.03819
1755404238771,0.236889,-0.024526,9.851251
1755404238773,0.308674,-0.122632,9.662218
1755404238775,0.301496,-0.098704,9.882358
1755404238778,0.275175,0.028116,9.956834
1755404238780,0.323031,0.075972,10.028619
1755404238782,0.284746,-0.046062,9.870394
1755404238785,0.308674,-0.110668,9.623933
1755404238787,0.275175,-0.115454,9.934999
1755404238789,0.277567,0.02333,9.891929
1755404238792,0.294317,0.068794,9.964012
1755404238795,0.208176,-0.022134,9.975977
1755404238797,0.299103,-0.096311,9.552148
1755404238799,0.258425,-0.10349,9.97837
1755404238801,0.270389,0.001795,9.903893
1755404238804,0.29671,0.102293,9.942178
1755404238807,0.227318,0.001795,10.002297
1755404238809,0.299103,-0.084347,9.595219
1755404238812,0.277567,-0.160917,9.906285
1755404238814,0.301496,-0.014955,9.879965
1755404238816,0.325424,0.085543,9.959227
1755404238819,0.277567,0.044865,9.956834
1755404238821,0.275175,-0.067597,9.652647
1755404238823,0.263211,-0.151346,9.848858
1755404238826,0.318245,-0.005384,9.947263
1755404238829,0.303888,0.121436,10.002297
1755404238831,0.248854,0.035294,9.983155
1755404238833,0.29671,-0.089133,9.607183
1755404238835,0.236889,-0.139382,9.906285
1755404238838,0.294317,0.008973,9.827323
1755404238841,0.270389,0.085543,10.040583
1755404238843,0.284746,0.042473,9.971191
1755404238846,0.29671,-0.043669,9.705289
1755404238849,0.251246,-0.134596,9.9015
1755404238850,0.311067,-0.06999,9.729217
1755404238852,0.27996,0.047258,10.03819
1755404238855,0.287139,0.05683,9.997512
1755404238857,0.29671,0.04008,9.848858
1755404238859,0.236889,-0.096311,9.877572
1755404238863,0.306281,-0.117847,9.669396
1755404238864,0.282353,-0.058026,9.934999
1755404238867,0.29671,0.064008,9.980762
1755404238869,0.275175,0.044865,9.947263
1755404238871,0.253639,-0.034098,9.932607
1755404238873,0.277567,-0.113061,9.626326
1755404238877,0.267996,-0.117847,9.927821
1755404238878,0.301496,0.008973,9.84168
1755404238881,0.294317,0.109472,10.019048
1755404238883,0.263211,0.044865,9.947263
1755404238886,0.334995,-0.012562,9.719646
1755404238888,0.267996,-0.134596,9.889536
1755404238890,0.289532,-0.062812,9.707682
1755404238893,0.287139,0.004187,9.966406
1755404238896,0.282353,0.035294,9.956834
1755404238897,0.291924,-0.012562,9.755538
1755404238900,0.246461,-0.062812,10.07169
1755404238903,0.339781,-0.005384,9.829716
1755404238905,0.251246,-0.007777,9.930214
1755404238907,0.299103,-0.050847,9.683753
1755404238910,0.289532,-0.060419,9.990334
1755404238912,0.299103,-0.019741,9.839287
1755404238915,0.282353,0.035294,9.757931
1755404238917,0.270389,0.037687,10.150653
1755404238919,0.318245,0.004187,9.779466
1755404238921,0.229711,-0.065204,9.836894
1755404238924,0.303888,-0.026919,9.796216
1755404238926,0.303888,-0.034098,9.985548
1755404238929,0.291924,-0.050847,9.887143
1755404238932,0.287139,0.018544,9.743574
1755404238934,0.251246,-0.038883,10.155438
1755404238936,0.301496,0.011366,9.805787
1755404238938,0.244068,-0.050847,9.851251
1755404238941,0.320638,-0.029312,9.712467
1755404238943,0.270389,-0.022134,10.028619
1755404238945,0.29671,-0.005384,9.848858
1755404238948,0.29671,0.059222,9.724431
1755404238951,0.263211,-0.017348,10.143475
1755404238953,0.291924,-0.010169,9.822537
1755404238955,0.258425,-0.041276,9.817751
1755404238957,0.306281,-0.036491,9.851251
1755404238960,0.253639,-0.05324,9.879965
1755404238962,0.284746,-0.000598,9.870394
1755404238965,0.320638,0.068794,9.985548
1755404238967,0.27996,-0.022134,9.925428
1755404238970,0.299103,-0.060419,9.609575
1755404238972,0.284746,-0.089133,10.016655
1755404238974,0.256032,-0.000598,9.858429
1755404238978,0.299103,0.080758,9.863214
1755404238979,0.299103,0.016152,10.093225
1755404238982,0.27996,-0.005384,9.597611
1755404238984,0.258425,-0.081954,9.999905
1755404238987,0.270389,-0.05324,9.944571
1755404238988,0.303888,0.05683,9.803394
1755404238991,0.29671,0.05683,10.07169
1755404238994,0.318245,-0.014955,9.631111
1755404238996,0.260818,-0.067597,9.937392
1755404238999,0.306281,-0.067597,9.915857
1755404239001,0.270389,0.05683,9.851251
1755404239003,0.263211,0.061615,10.105189
1755404239006,0.311067,0.00658,9.667004
1755404239008,0.289532,-0.120239,9.932607
1755404239011,0.299103,-0.062812,9.803394
1755404239012,0.311067,0.080758,10.045368
1755404239016,0.294317,0.066401,9.863214
1755404239018,0.29671,-0.046062,9.719646
1755404239020,0.277567,-0.144168,9.84168
1755404239022,0.299103,0.042473,9.999905
1755404239024,0.27996,0.052044,9.844072
1755404239027,0.272782,-0.048455,9.995119
1755404239030,0.284746,-0.105882,9.832108
1755404239033,0.287139,-0.007777,9.952048
1755404239035,0.303888,0.05683,9.772287
1755404239037,0.282353,-0.062812,9.846465
1755404239039,0.277567,-0.084347,9.853643
1755404239041,0.311067,0.028116,10.002297
1755404239044,0.320638,0.020937,9.856036
1755404239046,0.267996,-0.072383,9.877572
1755404239049,0.315853,-0.031705,9.889536
1755404239051,0.244068,-0.014955,9.784252
1755404239053,0.291924,0.025723,9.877572
1755404239056,0.33021,-0.058026,9.906285
1755404239058,0.260818,-0.026919,9.913465
1755404239060,0.275175,-0.034098,9.805787
1755404239063,0.263211,0.013759,10.016655
1755404239066,0.282353,-0.007777,9.772287
1755404239069,0.239282,-0.043669,9.997512
1755404239070,0.323031,0.008973,9.722038
1755404239073,0.291924,-0.036491,9.961619
1755404239075,0.299103,-0.055633,9.934999
1755404239077,0.320638,-0.041276,9.9015
1755404239080,0.260818,-0.017348,9.834501
1755404239082,0.27996,-0.014955,9.796216
1755404239085,0.229711,-0.010169,9.923036
1755404239088,0.277567,-0.046062,9.923036
1755404239089,0.287139,-0.007777,9.875179
1755404239092,0.289532,0.008973,9.827323
1755404239094,0.251246,-0.007777,9.848858
1755404239096,0.299103,-0.072383,9.973584
1755404239099,0.291924,-0.012562,9.832108
1755404239101,0.275175,0.032901,9.999905
1755404239105,0.253639,0.016152,9.777073
1755404239107,0.265603,-0.048455,9.899107
1755404239108,0.299103,0.013759,9.839287
1755404239111,0.246461,-0.007777,9.925428
1755404239113,0.287139,0.028116,9.923036
1755404239115,0.303888,-0.024526,9.848858
1755404239118,0.248854,-0.038883,9.88475
1755404239120,0.27996,-0.062812,9.925428
1755404239122,0.303888,0.004187,9.860822
1755404239125,0.258425,0.016152,9.913465
1755404239127,0.284746,-0.043669,9.860822
1755404239130,0.308674,-0.048455,9.868001
1755404239133,0.287139,0.00658,9.887143
1755404239136,0.294317,-0.019741,9.860822
1755404239137,0.253639,-0.029312,9.920643
1755404239139,0.263211,-0.043669,9.879965
1755404239143,0.29671,-0.012562,9.870394
1755404239144,0.31346,-0.014955,9.9015
1755404239146,0.29671,-0.026919,9.863214
1755404239149,0.284746,-0.010169,9.868001
1755404239151,0.275175,-0.010169,9.856036
1755404239154,0.301496,-0.019741,9.868001
1755404239156,0.291924,-0.019741,9.887143
1755404239159,0.265603,-0.034098,9.870394
1755404239161,0.275175,-0.034098,9.88475
1755404239164,0.267996,-0.029312,9.860822
1755404239166,0.301496,-0.038883,9.889536
1755404239168,0.301496,-0.012562,9.911072
1755404239172,0.27996,-0.029312,9.860822
1755404239174,0.256032,-0.031705,9.889536
1755404239176,0.289532,-0.014955,9.863214
1755404239178,0.29671,0.02333,9.882358
1755404239180,0.241675,-0.034098,9.877572
1755404239183,0.272782,-0.041276,9.868001
1755404239186,0.303888,-0.014955,9.879965
1755404239187,0.287139,-0.048455,9.860822
1755404239190,0.267996,-0.038883,9.870394
1755404239192,0.253639,-0.050847,9.829716
1755404239195,0.260818,-0.022134,9.913465
1755404239197,0.303888,-0.007777,9.738789
1755404239199,0.260818,-0.031705,10.033404
1755404239202,0.308674,0.025723,9.765109
1755404239204,0.239282,-0.079561,9.903893
1755404239207,0.27996,-0.036491,9.889536
1755404239209,0.315853,0.025723,9.829716
1755404239211,0.246461,-0.050847,9.908679
1755404239214,0.308674,-0.031705,9.9015
1755404239216,0.291924,-0.041276,9.853643
1755404239219,0.248854,-0.019741,9.934999
1755404239221,0.315853,-0.024526,9.796216
1755404239224,0.270389,-0.043669,9.930214
1755404239226,0.251246,0.025723,9.906285
1755404239228,0.31346,-0.046062,9.781859
1755404239230,0.27996,-0.014955,9.934999
1755404239233,0.332602,-0.022134,9.815358
1755404239236,0.239282,-0.038883,9.934999
1755404239238,0.31346,-0.002991,9.88475
1755404239240,0.265603,-0.022134,9.968799
1755404239242,0.315853,-0.007777,9.722038
1755404239245,0.263211,-0.055633,9.966406
1755404239247,0.303888,0.008973,9.817751
1755404239249,0.291924,-0.024526,9.851251
1755404239252,0.287139,0.018544,9.939785
1755404239256,0.287139,-0.055633,9.765109
1755404239257,0.251246,-0.050847,9.920643
1755404239259,0.29671,0.018544,9.91825
1755404239262,0.267996,0.025723,9.84168
1755404239264,0.270389,-0.055633,9.908679
1755404239266,0.294317,-0.067597,9.860822
1755404239269,0.260818,-0.014955,9.860822
1755404239272,0.287139,0.008973,9.925428
1755404239275,0.27996,-0.010169,9.853643
1755404239276,0.272782,-0.024526,9.865608
1755404239278,0.282353,-0.029312,9.925428
1755404239281,0.287139,0.008973,9.860822
1755404239284,0.270389,-0.012562,9.891929
1755404239286,0.272782,-0.012562,9.944571
1755404239288,0.315853,-0.022134,9.846465
1755404239290,0.263211,-0.014955,9.942178
1755404239293,0.284746,-0.005384,9.805787
1755404239296,0.272782,-0.048455,9.860822
1755404239297,0.256032,-0.034098,9.923036
1755404239300,0.277567,-0.041276,9.868001
1755404239302,0.277567,-0.043669,9.856036
1755404239305,0.308674,-0.026919,9.887143
1755404239307,0.258425,-0.024526,9.827323
1755404239310,0.248854,-0.029312,9.858429
1755404239312,0.265603,-0.010169,9.908679
1755404239314,0.301496,-0.005384,9.832108
1755404239317,0.256032,-0.005384,9.88475
1755404239319,0.277567,-0.024526,9.956834
1755404239322,0.275175,-0.012562,9.812965
1755404239324,0.311067,-0.017348,9.896714
1755404239326,0.253639,0.00658,9.896714
1755404239329,0.325424,-0.029312,9.863214
1755404239331,0.291924,-0.014955,9.860822
1755404239334,0.287139,-0.036491,9.858429
1755404239336,0.282353,0.00658,9.865608
1755404239339,0.287139,-0.010169,9.992726
1755404239341,0.31346,-0.007777,9.805787
1755404239343,0.318245,-0.012562,9.932607
1755404239346,0.289532,-0.014955,9.891929
1755404239348,0.327817,-0.010169,9.781859
1755404239351,0.282353,-0.034098,9.934999
1755404239353,0.260818,-0.034098,9.915857
1755404239356,0.291924,-0.000598,9.817751
1755404239358,0.272782,-0.007777,9.966406
1755404239360,0.311067,0.00658,9.719646
1755404239362,0.256032,-0.038883,9.968799
1755404239365,0.282353,-0.034098,9.877572
1755404239367,0.315853,0.011366,9.757931
1755404239369,0.263211,-0.029312,10.074082
1755404239373,0.299103,-0.007777,9.784252
1755404239374,0.217747,-0.041276,9.947263
1755404239377,0.306281,-0.043669,9.662218
1755404239379,0.256032,-0.05324,9.975977
1755404239381,0.263211,0.008973,9.891929
1755404239384,0.318245,0.054437,9.911072
1755404239387,0.263211,0.018544,9.997512
1755404239390,0.284746,-0.058026,9.592826
1755404239391,0.241675,-0.136989,9.956834
1755404239394,0.253639,-0.031705,9.9015
1755404239396,0.277567,0.104686,10.040583
1755404239398,0.210568,0.001795,9.834501
1755404239401,0.282353,-0.120239,9.702896
1755404239403,0.272782,-0.132203,9.805787
1755404239407,0.258425,0.035294,10.052547
1755404239409,0.315853,0.066401,9.853643
1755404239410,0.248854,-0.050847,9.934999
1755404239413,0.260818,-0.129811,9.769895
1755404239415,0.294317,-0.038883,9.956834
1755404239418,0.244068,0.075972,9.939785
1755404239420,0.260818,0.001795,9.832108
1755404239422,0.275175,-0.089133,9.915857
1755404239425,0.244068,0.008973,9.920643
1755404239427,0.299103,0.044865,9.762716
1755404239429,0.327817,-0.038883,9.865608
1755404239432,0.303888,-0.036491,9.930214
1755404239434,0.294317,0.025723,9.84168
1755404239437,0.260818,0.008973,9.875179
1755404239441,0.303888,-0.089133,9.896714
1755404239442,0.303888,0.011366,9.913465
1755404239444,0.232104,0.049651,9.961619
1755404239446,0.31346,-0.060419,9.829716
1755404239449,0.33021,-0.067597,9.961619
1755404239451,0.275175,0.044865,9.91825
1755404239454,0.275175,0.016152,9.772287
1755404239456,0.306281,-0.108275,9.9015
1755404239459,0.277567,-0.041276,9.865608
1755404239460,0.320638,0.013759,9.815358
1755404239463,0.270389,-0.017348,9.992726
1755404239465,0.323031,-0.043669,9.798609
1755404239467,0.248854,-0.060419,9.903893
1755404239471,0.263211,0.001795,9.894321
1755404239472,0.299103,-0.007777,9.865608
1755404239475,0.263211,-0.026919,9.872787
1755404239477,0.287139,-0.029312,9.915857
1755404239480,0.303888,-0.000598,9.839287
1755404239482,0.248854,-0.012562,9.889536
1755404239485,0.270389,-0.031705,9.891929
1755404239487,0.267996,-0.014955,9.863214
1755404239490,0.256032,-0.005384,9.896714
1755404239493,0.246461,-0.029312,9.899107
1755404239495,0.256032,-0.038883,9.846465
1755404239499,0.258425,-0.010169,9.891929
1755404239500,0.303888,-0.036491,9.88475
1755404239501,0.277567,-0.017348,9.877572
1755404239504,0.284746,-0.007777,9.923036
1755404239506,0.267996,-0.024526,9.856036
1755404239509,0.270389,-0.017348,9.920643
1755404239511,0.263211,-0.041276,9.870394
1755404239513,0.256032,-0.036491,9.896714
1755404239516,0.277567,-0.031705,9.887143
1755404239518,0.277567,-0.019741,9.894321
1755404239520,0.275175,-0.029312,9.9015
1755404239523,0.267996,-0.000598,9.877572
1755404239526,0.263211,-0.012562,9.870394
1755404239528,0.282353,-0.014955,9.860822
1755404239531,0.299103,-0.014955,9.88475
1755404239532,0.303888,0.001795,9.870394
1755404239535,0.311067,-0.026919,9.889536
1755404239537,0.289532,-0.007777,9.899107
1755404239540,0.318245,-0.005384,9.894321
1755404239543,0.284746,-0.046062,9.875179
1755404239544,0.253639,-0.031705,9.882358
1755404239547,0.232104,-0.017348,9.858429
1755404239549,0.253639,-0.026919,9.779466
1755404239552,0.272782,-0.06999,9.949656
1755404239554,0.265603,0.004187,9.858429
1755404239557,0.210568,0.028116,9.803394
1755404239560,0.248854,-0.026919,9.920643
1755404239562,0.246461,-0.026919,9.784252
1755404239564,0.349352,-0.077169,9.915857
1755404239566,0.301496,-0.012562,9.846465
1755404239568,0.263211,-0.014955,9.868001
1755404239571,0.289532,-0.024526,9.891929
1755404239573,0.29671,-0.050847,9.879965
1755404239577,0.275175,-0.041276,9.889536
1755404239579,0.246461,-0.041276,9.887143
1755404239581,0.258425,-0.002991,9.882358
1755404239582,0.251246,-0.024526,9.865608
1755404239585,0.267996,-0.029312,9.887143
1755404239587,0.284746,-0.005384,9.877572
1755404239591,0.303888,0.008973,9.856036
1755404239593,0.299103,-0.000598,9.937392
1755404239596,0.311067,-0.010169,9.815358
1755404239597,0.256032,-0.043669,9.932607
1755404239599,0.308674,-0.022134,9.784252
1755404239602,0.301496,-0.000598,9.980762
1755404239605,0.258425,-0.017348,9.858429
1755404239607,0.306281,-0.05324,9.844072
1755404239609,0.253639,-0.031705,9.968799
1755404239612,0.308674,-0.022134,9.829716
1755404239614,0.270389,-0.007777,9.839287
1755404239617,0.251246,-0.026919,9.911072
1755404239619,0.284746,-0.026919,9.858429
1755404239621,0.260818,-0.000598,9.805787
1755404239623,0.284746,-0.019741,10.074082
1755404239626,0.29671,-0.038883,9.71486
1755404239628,0.260818,-0.010169,10.057333
1755404239631,0.306281,-0.022134,9.707682
1755404239633,0.241675,-0.022134,9.961619
1755404239635,0.284746,-0.06999,9.805787
1755404239638,0.236889,-0.002991,9.942178
1755404239640,0.260818,-0.062812,9.851251
1755404239642,0.289532,-0.036491,9.894321
1755404239645,0.275175,-0.043669,9.915857
1755404239647,0.284746,-0.007777,9.812965
1755404239650,0.287139,-0.06999,9.925428
1755404239652,0.256032,0.001795,9.853643
1755404239655,0.284746,-0.055633,9.939785
1755404239657,0.260818,0.028116,9.810573
1755404239659,0.320638,-0.058026,9.913465
1755404239662,0.232104,-0.005384,9.80818
1755404239664,0.320638,-0.050847,9.868001
1755404239667,0.234497,-0.019741,9.908679
1755404239669,0.349352,-0.029312,9.769895
1755404239672,0.22014,-0.043669,9.973584
1755404239674,0.339781,-0.022134,9.724431
1755404239676,0.179163,-0.05324,10.011869
1755404239679,0.349352,-0.000598,9.652647
1755404239681,0.208176,-0.026919,10.088439
1755404239683,0.366102,-0.012562,9.667004
1755404239686,0.198604,-0.026919,10.105189
1755404239688,0.339781,0.004187,9.659825
1755404239690,0.210568,-0.05324,10.107582
1755404239693,0.37328,-0.012562,9.640682
1755404239696,0.205783,-0.050847,10.109975
1755404239698,0.325424,-0.012562,9.664611
1755404239700,0.210568,-0.017348,10.133903
1755404239703,0.349352,-0.005384,9.607183
1755404239705,0.198604,-0.05324,10.165009
1755404239708,0.363709,-0.029312,9.635897
1755404239710,0.215354,-0.026919,10.150653
1755404239713,0.349352,-0.012562,9.607183
1755404239715,0.205783,-0.065204,10.141082
1755404239717,0.361316,-0.017348,9.611969
1755404239719,0.210568,-0.050847,10.165009
1755404239721,0.327817,-0.012562,9.652647
1755404239724,0.212961,-0.024526,10.102797
1755404239727,0.334995,-0.019741,9.757931
1755404239730,0.246461,-0.034098,9.999905
1755404239733,0.31346,-0.050847,9.944571
1755404239734,0.239282,-0.017348,9.882358
1755404239736,0.294317,-0.046062,9.805787
1755404239738,0.270389,-0.024526,9.920643
1755404239741,0.282353,-0.048455,9.954441
1755404239744,0.251246,0.004187,9.779466
1755404239747,0.260818,-0.055633,10.002297
1755404239748,0.320638,-0.007777,9.844072
1755404239751,0.236889,-0.026919,9.908679
1755404239753,0.287139,-0.010169,9.822537
1755404239755,0.241675,-0.014955,9.956834
1755404239758,0.289532,-0.050847,9.755538
1755404239760,0.277567,-0.022134,9.875179
1755404239764,0.272782,-0.046062,9.971191
1755404239767,0.284746,-0.019741,9.868001
1755404239768,0.248854,0.037687,9.934999
1755404239770,0.284746,-0.007777,9.753145
1755404239772,0.251246,-0.065204,9.894321
1755404239774,0.267996,-0.038883,9.853643
1755404239777,0.303888,0.028116,9.872787
1755404239779,0.229711,-0.041276,9.949656
1755404239782,0.320638,-0.010169,9.839287
1755404239785,0.260818,-0.014955,9.875179
1755404239787,0.267996,-0.024526,9.760324
1755404239789,0.29671,-0.019741,9.903893
1755404239791,0.272782,-0.026919,9.911072
1755404239793,0.260818,-0.046062,9.937392
1755404239797,0.277567,-0.014955,9.815358
1755404239802,0.239282,-0.046062,9.952048
1755404239803,0.299103,-0.000598,9.844072
1755404239805,0.299103,-0.019741,9.822537
1755404239806,0.251246,-0.038883,9.872787
1755404239808,0.275175,-0.022134,9.913465
1755404239810,0.303888,-0.055633,9.836894
1755404239813,0.260818,-0.050847,9.899107
1755404239815,0.260818,0.008973,9.834501
1755404239817,0.308674,-0.022134,9.863214
1755404239820,0.282353,-0.043669,9.949656
1755404239822,0.270389,0.018544,9.906285
1755404239826,0.29671,-0.000598,9.868001
1755404239827,0.277567,-0.038883,9.934999
1755404239829,0.294317,-0.029312,9.777073
1755404239833,0.275175,-0.022134,9.899107
1755404239834,0.291924,0.008973,9.877572
1755404239838,0.291924,-0.026919,9.927821
1755404239839,0.294317,-0.007777,9.889536
1755404239842,0.272782,-0.055633,9.875179
1755404239844,0.256032,-0.022134,9.872787
1755404239846,0.291924,-0.002991,9.887143
1755404239849,0.311067,0.018544,9.9015
1755404239851,0.275175,-0.000598,9.875179
1755404239854,0.248854,-0.012562,9.836894
1755404239856,0.29671,-0.041276,9.891929
1755404239859,0.275175,-0.029312,9.894321
1755404239861,0.294317,-0.005384,9.894321
1755404239863,0.315853,-0.002991,9.863214
1755404239866,0.275175,-0.036491,9.88475
1755404239868,0.303888,-0.014955,9.889536
1755404239870,0.289532,-0.000598,9.91825
1755404239873,0.272782,-0.007777,9.832108
1755404239875,0.270389,0.001795,9.915857
1755404239877,0.294317,0.013759,9.834501
1755404239880,0.251246,-0.017348,9.975977
1755404239883,0.267996,-0.046062,9.79143
1755404239885,0.294317,-0.038883,9.9015
1755404239887,0.311067,-0.010169,9.879965
1755404239890,0.260818,-0.007777,9.911072
1755404239892,0.256032,-0.034098,9.853643
1755404239894,0.27996,0.001795,9.839287
1755404239897,0.311067,-0.072383,9.757931
1755404239900,0.29671,-0.05324,9.97837
1755404239902,0.29671,0.001795,9.887143
1755404239904,0.20339,-0.034098,9.891929
1755404239907,0.327817,-0.026919,9.817751
1755404239909,0.301496,-0.031705,9.856036
1755404239911,0.265603,-0.038883,9.88475
1755404239913,0.306281,0.001795,9.939785
1755404239917,0.265603,-0.002991,9.882358
1755404239919,0.275175,-0.005384,9.781859
1755404239920,0.200997,-0.05324,9.911072
1755404239923,0.303888,-0.010169,9.88475
1755404239925,0.284746,-0.007777,9.932607
1755404239928,0.294317,-0.000598,9.844072
1755404239930,0.282353,-0.005384,9.927821
1755404239934,0.270389,-0.046062,9.868001
1755404239935,0.289532,-0.022134,9.779466
1755404239937,0.282353,-0.017348,9.942178
1755404239940,0.289532,-0.010169,9.844072
1755404239943,0.260818,-0.026919,9.844072
1755404239944,0.265603,-0.065204,9.906285
1755404239947,0.303888,-0.046062,9.856036
1755404239951,0.263211,-0.012562,9.899107
1755404239953,0.291924,-0.005384,9.889536
1755404239955,0.284746,-0.026919,9.856036
1755404239957,0.275175,-0.014955,9.865608
1755404239959,0.306281,-0.041276,9.877572
1755404239961,0.27996,-0.029312,9.877572
1755404239963,0.270389,-0.012562,9.88475
1755404239966,0.308674,-0.000598,9.863214
1755404239969,0.287139,-0.024526,9.879965
1755404239971,0.282353,-0.050847,9.877572
1755404239974,0.248854,-0.005384,9.889536
1755404239976,0.265603,-0.012562,9.889536
1755404239978,0.270389,-0.012562,9.88475
1755404239980,0.282353,-0.022134,9.875179
1755404239983,0.294317,-0.014955,9.865608
1755404239985,0.272782,-0.010169,9.868001
1755404239988,0.258425,-0.010169,9.882358
1755404239991,0.272782,0.011366,9.879965
1755404239993,0.241675,-0.012562,9.863214
1755404239995,0.253639,-0.017348,9.889536
1755404239998,0.291924,0.001795,9.899107
1755404240002,0.289532,-0.029312,9.891929
1755404240003,0.294317,-0.022134,9.88475
1755404240005,0.267996,0.00658,9.889536
1755404240007,0.270389,-0.034098,9.877572
1755404240009,0.267996,-0.019741,9.88475
1755404240011,0.267996,-0.031705,9.863214
1755404240014,0.282353,-0.074776,9.889536
1755404240016,0.270389,-0.046062,9.896714
1755404240019,0.267996,-0.034098,9.887143
1755404240022,0.258425,-0.002991,9.865608
1755404240024,0.294317,-0.007777,9.882358
1755404240026,0.289532,-0.022134,9.88475
1755404240029,0.311067,0.011366,9.877572
1755404240031,0.265603,0.004187,9.872787
1755404240033,0.29671,-0.043669,9.882358
1755404240036,0.263211,-0.031705,9.889536
1755404240038,0.275175,-0.031705,9.856036
1755404240040,0.263211,-0.002991,9.9015
1755404240043,0.284746,-0.022134,9.889536
1755404240045,0.263211,0.004187,9.879965
1755404240048,0.289532,-0.010169,9.875179
1755404240050,0.282353,-0.014955,9.856036
1755404240053,0.301496,-0.019741,9.870394
1755404240055,0.303888,-0.031705,9.868001
1755404240057,0.263211,-0.029312,9.882358
1755404240059,0.294317,-0.024526,9.858429
1755404240062,0.301496,-0.022134,9.879965
1755404240064,0.277567,-0.034098,9.88475
1755404240067,0.306281,-0.036491,9.846465
1755404240070,0.289532,-0.012562,9.84168
1755404240073,0.282353,-0.014955,9.879965
1755404240075,0.301496,-0.048455,9.879965
1755404240076,0.308674,-0.019741,9.872787
1755404240078,0.284746,-0.026919,9.858429
1755404240081,0.256032,-0.031705,9.872787
1755404240084,0.299103,-0.026919,9.858429
1755404240087,0.263211,-0.022134,9.9015
1755404240088,0.263211,-0.024526,9.875179
1755404240091,0.260818,-0.005384,9.879965
1755404240093,0.289532,-0.026919,9.865608
1755404240095,0.287139,-0.036491,9.877572
1755404240098,0.29671,-0.014955,9.870394
1755404240100,0.267996,-0.029312,9.863214
1755404240104,0.270389,-0.002991,9.870394
1755404240105,0.306281,-0.000598,9.889536
1755404240107,0.284746,-0.012562,9.875179
1755404240110,0.284746,-0.041276,9.88475
1755404240112,0.272782,-0.041276,9.858429
1755404240114,0.272782,-0.048455,9.877572
1755404240118,0.265603,-0.031705,9.879965
1755404240121,0.284746,-0.005384,9.879965
1755404240123,0.303888,-0.036491,9.88475
1755404240124,0.306281,-0.007777,9.870394
1755404240127,0.31346,-0.038883,9.870394
1755404240129,0.291924,-0.031705,9.868001
1755404240131,0.277567,-0.038883,9.865608
1755404240134,0.265603,-0.017348,9.882358
1755404240136,0.299103,-0.041276,9.906285
1755404240139,0.308674,-0.046062,9.891929
1755404240141,0.265603,-0.038883,9.894321
1755404240144,0.306281,-0.010169,9.896714
1755404240146,0.270389,-0.017348,9.889536
1755404240148,0.294317,0.004187,9.88475
1755404240151,0.287139,-0.010169,9.882358
1755404240153,0.289532,-0.034098,9.863214
1755404240156,0.287139,0.008973,9.877572
1755404240158,0.263211,-0.043669,9.863214
1755404240162,0.275175,-0.036491,9.882358
1755404240163,0.306281,-0.031705,9.896714
1755404240165,0.308674,-0.038883,9.88475
1755404240167,0.294317,-0.000598,9.879965
1755404240170,0.267996,-0.026919,9.879965
1755404240172,0.275175,-0.019741,9.865608
1755404240176,0.275175,-0.026919,9.894321
1755404240177,0.27996,0.011366,9.88475
1755404240179,0.239282,-0.058026,9.894321
1755404240181,0.29671,-0.031705,9.877572
1755404240184,0.299103,-0.043669,9.88475
1755404240186,0.282353,-0.060419,9.868001
1755404240189,0.234497,-0.012562,9.872787
1755404240192,0.289532,-0.050847,9.872787
1755404240194,0.265603,-0.010169,9.868001
1755404240196,0.267996,-0.022134,9.868001
1755404240198,0.260818,-0.046062,9.875179
1755404240201,0.311067,-0.026919,9.896714
1755404240203,0.270389,-0.022134,9.879965
1755404240206,0.267996,-0.041276,9.875179
1755404240208,0.27996,-0.029312,9.879965
1755404240210,0.287139,-0.034098,9.865608
1755404240213,0.277567,-0.026919,9.875179
1755404240215,0.277567,-0.014955,9.889536
1755404240218,0.260818,-0.022134,9.887143
1755404240220,0.260818,-0.022134,9.879965
1755404240222,0.291924,-0.026919,9.88475
1755404240225,0.289532,-0.026919,9.88475
1755404240227,0.287139,-0.048455,9.879965
1755404240229,0.306281,-0.022134,9.856036
1755404240232,0.301496,-0.029312,9.875179
1755404240234,0.311067,-0.019741,9.872787
1755404240237,0.299103,-0.002991,9.872787
1755404240240,0.287139,0.001795,9.863214
1755404240242,0.263211,-0.024526,9.894321
1755404240244,0.282353,-0.007777,9.865608
1755404240246,0.284746,-0.017348,9.858429
1755404240249,0.272782,-0.014955,9.903893
1755404240251,0.275175,-0.050847,9.879965
1755404240253,0.282353,-0.024526,9.875179
1755404240257,0.282353,-0.005384,9.88475
1755404240259,0.270389,-0.022134,9.899107
1755404240261,0.277567,-0.012562,9.887143
1755404240263,0.258425,-0.026919,9.889536
1755404240266,0.27996,-0.031705,9.872787
1755404240268,0.265603,0.001795,9.887143
1755404240270,0.284746,-0.038883,9.875179
1755404240274,0.301496,-0.007777,9.872787
1755404240276,0.260818,-0.026919,9.877572
1755404240277,0.291924,-0.007777,9.868001
1755404240280,0.251246,-0.029312,9.875179
1755404240282,0.272782,-0.038883,9.879965
1755404240286,0.27996,-0.031705,9.860822
1755404240287,0.289532,-0.036491,9.887143
1755404240291,0.33021,-0.019741,9.887143
1755404240294,0.301496,-0.012562,9.856036
1755404240296,0.284746,-0.014955,9.889536
1755404240297,0.294317,-0.041276,9.887143
1755404240299,0.265603,-0.038883,9.882358
1755404240301,0.265603,-0.014955,9.887143
1755404240304,0.267996,-0.000598,9.879965
1755404240308,0.315853,-0.022134,9.91825
1755404240309,0.31346,0.016152,9.877572
1755404240312,0.291924,-0.005384,9.868001
1755404240314,0.282353,-0.019741,9.882358
1755404240316,0.244068,-0.024526,9.865608
1755404240318,0.284746,-0.017348,9.868001
1755404240321,0.253639,-0.017348,9.877572
1755404240323,0.284746,-0.019741,9.896714
1755404240326,0.284746,0.001795,9.891929
1755404240328,0.282353,-0.000598,9.889536
1755404240330,0.272782,-0.012562,9.856036
1755404240333,0.29671,-0.000598,9.848858
1755404240335,0.287139,-0.026919,9.853643
1755404240337,0.263211,-0.026919,9.899107
1755404240340,0.248854,-0.014955,9.906285
1755404240343,0.270389,-0.017348,9.879965
1755404240345,0.284746,-0.026919,9.879965
1755404240347,0.275175,-0.002991,9.875179
1755404240350,0.277567,-0.034098,9.896714
1755404240352,0.299103,0.004187,9.872787
1755404240355,0.287139,-0.005384,9.896714
1755404240357,0.294317,-0.029312,9.887143
1755404240360,0.277567,-0.012562,9.887143
1755404240362,0.265603,-0.017348,9.848858
1755404240364,0.282353,-0.012562,9.868001
1755404240366,0.311067,-0.002991,9.856036
1755404240369,0.267996,-0.005384,9.894321
1755404240371,0.301496,-0.019741,9.834501
1755404240373,0.311067,-0.038883,9.868001
1755404240376,0.29671,-0.031705,9.853643
1755404240378,0.303888,0.001795,9.887143
1755404240381,0.267996,-0.012562,9.877572
1755404240383,0.282353,-0.019741,9.879965
1755404240385,0.301496,-0.000598,9.875179
1755404240388,0.287139,-0.041276,9.887143
1755404240390,0.275175,-0.05324,9.88475
1755404240393,0.284746,-0.031705,9.903893
1755404240396,0.291924,-0.036491,9.889536
1755404240397,0.246461,-0.041276,9.872787
1755404240400,0.275175,-0.014955,9.882358
1755404240402,0.267996,-0.019741,9.870394
1755404240404,0.29671,-0.012562,9.889536
1755404240407,0.272782,-0.010169,9.858429
1755404240412,0.29671,-0.026919,9.877572
1755404240413,0.275175,-0.026919,9.872787
1755404240415,0.277567,-0.026919,9.858429
1755404240417,0.275175,-0.024526,9.882358
1755404240419,0.291924,-0.022134,9.868001
1755404240421,0.287139,-0.007777,9.868001
1755404240423,0.287139,-0.029312,9.872787
1755404240427,0.267996,-0.038883,9.877572
1755404240428,0.251246,-0.017348,9.889536
1755404240431,0.275175,-0.010169,9.875179
1755404240434,0.246461,-0.012562,9.872787
1755404240436,0.282353,-0.031705,9.860822
1755404240438,0.308674,-0.017348,9.879965
1755404240440,0.275175,-0.012562,9.882358
1755404240444,0.29671,-0.005384,9.879965
1755404240447,0.332602,-0.036491,9.887143
1755404240448,0.267996,-0.000598,9.899107
1755404240451,0.306281,-0.010169,9.865608
1755404240452,0.311067,-0.022134,9.894321
1755404240455,0.284746,0.001795,9.870394
1755404240457,0.265603,-0.017348,9.875179
1755404240461,0.239282,-0.019741,9.891929
1755404240462,0.299103,-0.036491,9.882358
1755404240465,0.275175,-0.002991,9.889536
1755404240467,0.282353,-0.005384,9.882358
1755404240470,0.277567,-0.005384,9.879965
1755404240471,0.282353,-0.019741,9.88475
1755404240474,0.277567,-0.041276,9.877572
1755404240478,0.260818,-0.007777,9.860822
1755404240479,0.275175,-0.017348,9.848858
1755404240481,0.29671,-0.029312,9.875179
