1755404208513,0.272782,-0.019741,9.887143
1755404208515,0.277567,-0.007777,9.877572
1755404208516,0.294317,-0.017348,9.865608
1755404208517,0.284746,-0.050847,9.879965
1755404208519,0.289532,-0.007777,9.88475
1755404208520,0.270389,-0.026919,9.872787
1755404208520,0.265603,-0.05324,9.887143
1755404208521,0.265603,-0.034098,9.863214
1755404208522,0.275175,-0.014955,9.899107
1755404208523,0.287139,-0.010169,9.868001
1755404208524,0.258425,-0.007777,9.887143
1755404208525,0.246461,-0.024526,9.889536
1755404208526,0.270389,-0.022134,9.870394
1755404208527,0.258425,-0.024526,9.872787
1755404208528,0.27996,-0.014955,9.882358
1755404208528,0.27996,-0.010169,9.88475
1755404208529,0.291924,-0.017348,9.889536
1755404208530,0.275175,-0.060419,9.851251
1755404208531,0.256032,-0.022134,9.887143
1755404208532,0.277567,-0.014955,9.913465
1755404208533,0.253639,-0.005384,9.908679
1755404208534,0.275175,-0.019741,9.882358
1755404208535,0.275175,-0.005384,9.899107
1755404208536,0.289532,-0.022134,9.863214
1755404208536,0.29671,-0.010169,9.879965
1755404208536,0.267996,-0.022134,9.860822
1755404208537,0.301496,-0.014955,9.875179
1755404208537,0.267996,0.011366,9.88475
1755404208538,0.284746,-0.029312,9.9015
1755404208538,0.265603,-0.012562,9.887143
1755404208538,0.270389,-0.036491,9.889536
1755404208539,0.289532,-0.041276,9.894321
1755404208539,0.282353,-0.043669,9.891929
1755404208540,0.270389,-0.029312,9.848858
1755404208540,0.284746,-0.036491,9.872787
1755404208540,0.270389,-0.029312,9.875179
1755404208541,0.275175,-0.024526,9.872787
1755404208541,0.277567,-0.036491,9.889536
1755404208542,0.294317,-0.034098,9.856036
1755404208542,0.27996,-0.019741,9.891929
1755404208542,0.267996,-0.05324,9.889536
1755404208543,0.253639,-0.019741,9.887143
1755404208543,0.289532,-0.024526,9.868001
1755404208544,0.282353,-0.05324,9.896714
1755404208544,0.263211,-0.026919,9.88475
1755404208545,0.272782,-0.014955,9.875179
1755404208545,0.277567,-0.026919,9.863214
1755404208547,0.246461,-0.010169,9.879965
1755404208550,0.275175,-0.014955,9.870394
1755404208553,0.263211,-0.046062,9.88475
1755404208555,0.251246,-0.029312,9.875179
1755404208556,0.270389,-0.022134,9.868001
1755404208559,0.282353,-0.022134,9.875179
1755404208561,0.303888,-0.002991,9.870394
1755404208564,0.282353,0.001795,9.863214
1755404208566,0.287139,-0.024526,9.872787
1755404208569,0.27996,-0.017348,9.889536
1755404208571,0.263211,-0.005384,9.865608
1755404208573,0.301496,-0.012562,9.882358
1755404208575,0.29671,-0.038883,9.877572
1755404208579,0.29671,-0.029312,9.882358
1755404208580,0.270389,-0.029312,9.887143
1755404208585,0.284746,0.00658,9.891929
1755404208589,0.282353,-0.036491,9.882358
1755404208590,0.275175,-0.024526,9.872787
1755404208591,0.299103,0.001795,9.899107
1755404208593,0.301496,-0.010169,9.882358
1755404208594,0.265603,-0.017348,9.906285
1755404208597,0.289532,-0.034098,9.88475
1755404208601,0.27996,-0.024526,9.882358
1755404208603,0.263211,-0.005384,9.858429
1755404208604,0.272782,-0.026919,9.870394
1755404208607,0.282353,-0.038883,9.891929
1755404208609,0.294317,-0.024526,9.891929
1755404208611,0.284746,-0.019741,9.879965
1755404208614,0.299103,-0.024526,9.894321
1755404208617,0.248854,-0.055633,9.88475
1755404208619,0.287139,-0.024526,9.877572
1755404208621,0.332602,-0.014955,9.860822
1755404208624,0.284746,-0.034098,9.88475
1755404208626,0.248854,-0.022134,9.882358
1755404208628,0.272782,-0.007777,9.872787
1755404208631,0.306281,-0.010169,9.853643
1755404208633,0.265603,0.011366,9.882358
1755404208636,0.277567,-0.017348,9.882358
1755404208638,0.289532,-0.029312,9.882358
1755404208640,0.299103,-0.041276,9.9015
1755404208643,0.277567,-0.005384,9.865608
1755404208645,0.284746,-0.005384,9.88475
1755404208647,0.299103,-0.014955,9.868001
1755404208650,0.299103,0.025723,9.889536
1755404208657,0.301496,0.013759,9.9015
1755404208659,0.306281,-0.012562,9.875179
1755404208660,0.301496,-0.017348,9.894321
1755404208661,0.308674,-0.017348,9.879965
1755404208663,0.306281,-0.026919,9.860822
1755404208665,0.294317,-0.022134,9.863214
1755404208667,0.308674,-0.002991,9.851251
1755404208669,0.253639,-0.000598,9.889536
1755404208671,0.248854,-0.024526,9.875179
1755404208674,0.282353,-0.019741,9.870394
1755404208677,0.241675,-0.007777,9.887143
1755404208679,0.251246,-0.029312,9.908679
1755404208681,0.277567,-0.007777,9.875179
1755404208683,0.277567,-0.010169,9.868001
1755404208686,0.299103,-0.038883,9.88475
1755404208688,0.294317,-0.031705,9.868001
1755404208691,0.277567,-0.019741,9.9015
1755404208693,0.289532,-0.014955,9.891929
1755404208696,0.291924,-0.022134,9.860822
1755404208698,0.299103,-0.043669,9.872787
1755404208700,0.275175,-0.000598,9.88475
1755404208703,0.291924,0.001795,9.870394
1755404208705,0.263211,-0.026919,9.882358
1755404208708,0.299103,-0.038883,9.872787
1755404208711,0.267996,-0.029312,9.887143
1755404208712,0.260818,-0.002991,9.877572
1755404208715,0.258425,-0.022134,9.877572
1755404208717,0.284746,-0.029312,9.88475
1755404208720,0.282353,-0.029312,9.887143
1755404208722,0.320638,-0.010169,9.891929
1755404208724,0.289532,0.004187,9.887143
1755404208726,0.282353,-0.014955,9.868001
1755404208729,0.289532,-0.022134,9.868001
1755404208732,0.291924,-0.012562,9.865608
1755404208734,0.248854,-0.014955,9.889536
1755404208737,0.267996,-0.000598,9.9015
1755404208739,0.277567,-0.002991,9.870394
1755404208741,0.291924,-0.012562,9.88475
1755404208744,0.284746,-0.022134,9.887143
1755404208746,0.244068,-0.026919,9.894321
1755404208748,0.265603,-0.029312,9.889536
1755404208750,0.318245,-0.022134,9.887143
1755404208754,0.301496,-0.026919,9.860822
1755404208755,0.27996,-0.000598,9.858429
1755404208758,0.306281,-0.017348,9.889536
1755404208760,0.260818,-0.022134,9.896714
1755404208762,0.275175,-0.017348,9.88475
1755404208765,0.291924,-0.029312,9.877572
1755404208767,0.267996,-0.019741,9.879965
1755404208770,0.267996,-0.05324,9.875179
1755404208773,0.311067,-0.022134,9.868001
1755404208775,0.289532,-0.019741,9.872787
1755404208777,0.282353,-0.000598,9.863214
1755404208779,0.289532,0.008973,9.868001
1755404208782,0.299103,-0.022134,9.913465
1755404208784,0.291924,-0.026919,9.858429
1755404208788,0.275175,-0.010169,9.877572
1755404208789,0.282353,-0.010169,9.891929
1755404208791,0.277567,-0.029312,9.877572
1755404208794,0.270389,-0.007777,9.870394
1755404208796,0.256032,-0.019741,9.88475
1755404208798,0.29671,-0.012562,9.870394
1755404208801,0.299103,-0.014955,9.872787
1755404208803,0.308674,-0.026919,9.887143
1755404208806,0.299103,0.001795,9.882358
1755404208808,0.303888,-0.022134,9.860822
1755404208811,0.294317,-0.007777,9.889536
1755404208813,0.282353,0.001795,9.887143
1755404208815,0.275175,0.001795,9.899107
1755404208817,0.306281,-0.034098,9.875179
1755404208820,0.311067,-0.010169,9.88475
1755404208822,0.311067,0.004187,9.889536
1755404208825,0.303888,-0.017348,9.891929
1755404208827,0.272782,-0.002991,9.879965
1755404208830,0.27996,-0.022134,9.870394
1755404208832,0.303888,-0.031705,9.870394
1755404208834,0.294317,-0.029312,9.88475
1755404208837,0.301496,-0.019741,9.875179
1755404208839,0.303888,-0.019741,9.889536
1755404208842,0.320638,-0.036491,9.88475
1755404208844,0.291924,-0.000598,9.891929
1755404208846,0.277567,-0.017348,9.879965
1755404208849,0.258425,-0.024526,9.856036
1755404208851,0.265603,-0.038883,9.879965
1755404208854,0.303888,-0.036491,9.872787
1755404208856,0.272782,-0.038883,9.896714
1755404208859,0.256032,-0.005384,9.896714
1755404208861,0.270389,-0.046062,9.891929
1755404208863,0.287139,-0.036491,9.870394
1755404208866,0.294317,-0.036491,9.865608
1755404208868,0.277567,-0.041276,9.896714
1755404208871,0.258425,-0.014955,9.879965
1755404208873,0.270389,-0.019741,9.889536
1755404208876,0.244068,-0.017348,9.88475
1755404208878,0.256032,-0.036491,9.891929
1755404208880,0.294317,-0.019741,9.889536
1755404208883,0.291924,-0.014955,9.889536
1755404208885,0.311067,-0.031705,9.875179
1755404208887,0.301496,-0.031705,9.860822
1755404208890,0.275175,-0.029312,9.858429
1755404208892,0.277567,0.00658,9.877572
1755404208894,0.284746,-0.007777,9.875179
1755404208897,0.265603,-0.036491,9.870394
1755404208899,0.260818,-0.036491,9.882358
1755404208901,0.27996,0.011366,9.868001
1755404208904,0.308674,-0.017348,9.877572
1755404208906,0.303888,-0.005384,9.887143
1755404208909,0.282353,0.001795,9.887143
1755404208911,0.275175,-0.014955,9.882358
1755404208914,0.272782,-0.017348,9.863214
1755404208916,0.315853,-0.005384,9.891929
1755404208919,0.303888,0.001795,9.894321
1755404208921,0.31346,-0.048455,9.887143
1755404208924,0.291924,-0.034098,9.882358
1755404208926,0.289532,-0.043669,9.879965
1755404208928,0.241675,-0.036491,9.863214
1755404208931,0.284746,-0.022134,9.896714
1755404208933,0.277567,-0.019741,9.877572
1755404208935,0.299103,-0.022134,9.875179
1755404208937,0.272782,-0.031705,9.870394
1755404208941,0.315853,-0.019741,9.894321
1755404208943,0.282353,-0.022134,9.903893
1755404208945,0.284746,-0.014955,9.872787
1755404208947,0.315853,-0.010169,9.872787
1755404208950,0.284746,-0.048455,9.860822
1755404208952,0.272782,-0.024526,9.882358
1755404208955,0.265603,-0.026919,9.872787
1755404208957,0.311067,-0.012562,9.877572
1755404208959,0.284746,-0.014955,9.88475
1755404208962,0.256032,-0.019741,9.875179
1755404208964,0.29671,-0.019741,9.872787
1755404208966,0.284746,-0.005384,9.88475
1755404208968,0.291924,-0.022134,9.891929
1755404208971,0.27996,-0.000598,9.894321
1755404208974,0.270389,-0.024526,9.877572
1755404208976,0.256032,-0.014955,9.879965
1755404208979,0.263211,0.016152,9.896714
1755404208980,0.267996,0.001795,9.887143
1755404208983,0.263211,-0.017348,9.882358
1755404208985,0.291924,-0.036491,9.872787
1755404208988,0.270389,-0.010169,9.868001
1755404208990,0.29671,-0.031705,9.877572
1755404208993,0.289532,-0.014955,9.877572
1755404208995,0.301496,-0.000598,9.84168
1755404208999,0.291924,-0.017348,9.875179
1755404209000,0.284746,-0.041276,9.879965
1755404209002,0.287139,-0.031705,9.889536
1755404209005,0.31346,-0.041276,9.872787
1755404209007,0.277567,-0.026919,9.863214
1755404209009,0.282353,-0.022134,9.872787
1755404209012,0.284746,-0.036491,9.887143
1755404209014,0.303888,0.001795,9.865608
1755404209017,0.282353,0.011366,9.863214
1755404209019,0.260818,-0.005384,9.877572
1755404209022,0.272782,-0.024526,9.887143
1755404209024,0.246461,-0.010169,9.877572
1755404209026,0.272782,-0.050847,9.88475
1755404209028,0.291924,-0.017348,9.88475
1755404209031,0.272782,0.001795,9.882358
1755404209033,0.270389,-0.029312,9.889536
1755404209036,0.29671,-0.012562,9.889536
1755404209038,0.267996,-0.012562,9.877572
1755404209040,0.289532,-0.014955,9.870394
1755404209043,0.301496,-0.005384,9.875179
1755404209046,0.299103,-0.024526,9.870394
1755404209048,0.31346,-0.017348,9.894321
1755404209051,0.275175,-0.026919,9.9015
1755404209052,0.294317,-0.002991,9.889536
1755404209055,0.308674,-0.026919,9.889536
1755404209057,0.272782,-0.026919,9.88475
1755404209061,0.270389,-0.034098,9.88475
1755404209063,0.256032,-0.000598,9.891929
1755404209064,0.263211,0.004187,9.870394
1755404209067,0.251246,-0.010169,9.879965
1755404209069,0.339781,-0.002991,9.882358
1755404209072,0.289532,-0.022134,9.887143
1755404209074,0.311067,-0.031705,9.887143
1755404209077,0.282353,-0.036491,9.894321
1755404209079,0.291924,-0.014955,9.875179
1755404209081,0.294317,-0.014955,9.882358
1755404209083,0.27996,-0.017348,9.908679
1755404209086,0.277567,-0.012562,9.877572
1755404209088,0.308674,-0.010169,9.875179
1755404209091,0.303888,-0.026919,9.88475
1755404209094,0.263211,0.004187,9.894321
1755404209098,0.265603,-0.029312,9.870394
1755404209099,0.29671,-0.036491,9.879965
1755404209100,0.306281,-0.005384,9.887143
1755404209103,0.256032,-0.034098,9.887143
1755404209105,0.248854,-0.034098,9.88475
1755404209108,0.248854,-0.012562,9.882358
1755404209111,0.277567,-0.026919,9.875179
1755404209113,0.270389,-0.010169,9.872787
1755404209118,0.284746,-0.031705,9.870394
1755404209119,0.294317,-0.043669,9.875179
1755404209120,0.303888,-0.026919,9.872787
1755404209122,0.270389,-0.019741,9.91825
1755404209124,0.291924,-0.031705,9.872787
1755404209128,0.277567,-0.017348,9.877572
1755404209129,0.277567,-0.002991,9.879965
1755404209131,0.282353,-0.017348,9.88475
1755404209134,0.299103,-0.010169,9.899107
1755404209136,0.289532,-0.029312,9.913465
1755404209139,0.277567,-0.014955,9.889536
1755404209141,0.282353,-0.000598,9.899107
1755404209145,0.289532,-0.026919,9.882358
1755404209146,0.301496,-0.010169,9.860822
1755404209148,0.289532,-0.007777,9.877572
1755404209150,0.301496,0.001795,9.896714
1755404209153,0.284746,-0.007777,9.875179
1755404209155,0.299103,-0.002991,9.870394
1755404209157,0.334995,-0.022134,9.872787
1755404209160,0.291924,-0.012562,9.863214
1755404209163,0.29671,-0.012562,9.863214
1755404209165,0.303888,-0.041276,9.872787
1755404209167,0.29671,-0.043669,9.863214
1755404209170,0.256032,-0.031705,9.863214
1755404209172,0.287139,-0.022134,9.887143
1755404209175,0.289532,-0.017348,9.868001
1755404209177,0.277567,-0.019741,9.88475
1755404209180,0.275175,0.004187,9.894321
1755404209182,0.282353,-0.046062,9.877572
1755404209184,0.299103,0.001795,9.906285
1755404209186,0.272782,-0.036491,9.894321
1755404209189,0.275175,-0.036491,9.858429
1755404209191,0.267996,-0.024526,9.891929
1755404209194,0.27996,-0.012562,9.863214
1755404209197,0.263211,-0.012562,9.879965
1755404209200,0.251246,-0.000598,9.865608
1755404209202,0.270389,0.00658,9.872787
1755404209203,0.284746,-0.024526,9.877572
1755404209206,0.284746,-0.014955,9.882358
1755404209208,0.29671,-0.038883,9.877572
1755404209210,0.294317,-0.002991,9.88475
1755404209213,0.246461,-0.017348,9.896714
1755404209215,0.299103,-0.022134,9.877572
1755404209219,0.284746,0.00658,9.882358
1755404209220,0.289532,-0.029312,9.877572
1755404209223,0.272782,-0.046062,9.882358
1755404209225,0.265603,-0.062812,9.860822
1755404209227,0.315853,-0.024526,9.891929
1755404209230,0.291924,-0.002991,9.879965
1755404209232,0.291924,-0.034098,9.891929
1755404209235,0.265603,-0.007777,9.853643
1755404209237,0.284746,-0.014955,9.863214
1755404209240,0.241675,-0.017348,9.896714
1755404209242,0.284746,-0.036491,9.882358
1755404209244,0.289532,-0.017348,9.870394
1755404209247,0.294317,-0.029312,9.875179
1755404209249,0.256032,-0.002991,9.88475
1755404209251,0.299103,-0.007777,9.882358
1755404209253,0.275175,-0.034098,9.872787
1755404209256,0.263211,-0.031705,9.879965
1755404209258,0.282353,-0.012562,9.875179
1755404209261,0.270389,-0.022134,9.9015
1755404209264,0.27996,-0.029312,9.877572
1755404209265,0.303888,-0.026919,9.875179
1755404209268,0.282353,-0.005384,9.882358
1755404209271,0.299103,-0.031705,9.870394
1755404209273,0.267996,-0.046062,9.894321
1755404209275,0.287139,-0.012562,9.903893
1755404209277,0.291924,-0.000598,9.889536
1755404209281,0.308674,0.011366,9.872787
1755404209283,0.303888,-0.022134,9.882358
1755404209285,0.253639,-0.007777,9.870394
1755404209287,0.287139,-0.017348,9.882358
1755404209290,0.306281,-0.005384,9.882358
1755404209292,0.299103,-0.007777,9.879965
1755404209294,0.270389,-0.024526,9.896714
1755404209298,0.29671,-0.019741,9.906285
1755404209299,0.277567,-0.041276,9.899107
1755404209302,0.308674,-0.022134,9.889536
1755404209304,0.303888,-0.000598,9.882358
1755404209306,0.267996,-0.010169,9.887143
1755404209309,0.294317,-0.031705,9.877572
1755404209311,0.27996,-0.024526,9.868001
1755404209313,0.267996,-0.019741,9.894321
1755404209319,0.263211,-0.058026,9.894321
1755404209320,0.275175,-0.017348,9.860822
1755404209322,0.244068,0.00658,9.870394
1755404209324,0.270389,-0.024526,9.88475
1755404209325,0.265603,-0.029312,9.894321
1755404209328,0.289532,-0.022134,9.872787
1755404209330,0.258425,-0.046062,9.870394
1755404209333,0.29671,-0.041276,9.887143
1755404209335,0.303888,-0.019741,9.882358
1755404209337,0.248854,-0.029312,9.882358
1755404209340,0.263211,-0.007777,9.891929
1755404209343,0.277567,-0.007777,9.896714
1755404209344,0.308674,-0.022134,9.868001
1755404209347,0.284746,-0.005384,9.870394
1755404209349,0.263211,-0.024526,9.889536
1755404209352,0.272782,-0.031705,9.88475
1755404209354,0.29671,-0.019741,9.882358
1755404209357,0.282353,-0.038883,9.891929
1755404209359,0.299103,-0.019741,9.877572
1755404209361,0.306281,-0.005384,9.887143
1755404209364,0.287139,-0.038883,9.875179
1755404209367,0.241675,-0.005384,9.88475
1755404209369,0.270389,-0.024526,9.887143
1755404209371,0.289532,-0.007777,9.887143
1755404209374,0.294317,-0.017348,9.911072
1755404209376,0.260818,-0.024526,9.899107
1755404209378,0.241675,0.011366,9.934999
1755404209381,0.323031,-0.010169,9.815358
1755404209384,0.246461,-0.077169,9.968799
1755404209386,0.358923,-0.038883,9.722038
1755404209388,0.232104,-0.050847,9.906285
1755404209391,0.33021,-0.031705,9.858429
1755404209393,0.325424,-0.007777,9.793823
1755404209395,0.241675,-0.017348,10.033404
1755404209398,0.344566,0.042473,9.745967
1755404209401,0.244068,-0.041276,10.045368
1755404209403,0.308674,-0.002991,9.779466
1755404209405,0.22014,-0.017348,9.947263
1755404209407,0.294317,-0.041276,9.812965
1755404209409,0.287139,-0.014955,9.959227
1755404209412,0.299103,-0.058026,9.853643
1755404209414,0.299103,-0.031705,9.856036
1755404209417,0.27996,-0.031705,9.9015
1755404209419,0.323031,0.001795,9.801002
1755404209422,0.232104,0.001795,9.990334
1755404209424,0.303888,-0.024526,9.724431
1755404209426,0.222533,-0.019741,10.090832
1755404209428,0.327817,0.020937,9.676575
1755404209431,0.256032,-0.050847,10.057333
1755404209434,0.311067,0.018544,9.810573
1755404209436,0.265603,-0.002991,9.949656
1755404209441,0.287139,-0.026919,9.860822
1755404209442,0.260818,-0.014955,9.77468
1755404209444,0.260818,-0.046062,9.968799
1755404209446,0.342174,-0.022134,9.736395
1755404209448,0.260818,-0.026919,9.899107
1755404209451,0.267996,0.020937,9.734002
1755404209452,0.232104,-0.007777,10.138689
1755404209455,0.327817,-0.010169,9.97837
1755404209457,0.253639,-0.014955,9.796216
1755404209459,0.27996,-0.038883,9.858429
1755404209462,0.291924,-0.007777,9.789038
1755404209464,0.270389,-0.038883,9.987941
1755404209468,0.27996,-0.034098,9.872787
1755404209469,0.241675,-0.022134,9.877572
1755404209472,0.29671,0.016152,9.707682
1755404209474,0.256032,-0.043669,10.016655
1755404209476,0.303888,-0.029312,9.717253
1755404209479,0.282353,-0.031705,9.973584
1755404209481,0.258425,-0.060419,9.944571
1755404209485,0.294317,-0.012562,9.810573
1755404209486,0.246461,-0.022134,9.937392
1755404209488,0.33021,-0.002991,9.705289
1755404209491,0.239282,-0.05324,10.052547
1755404209493,0.301496,-0.007777,9.657433
1755404209496,0.303888,-0.034098,10.009477
1755404209498,0.289532,-0.012562,9.961619
1755404209502,0.270389,0.020937,9.911072
1755404209503,0.253639,0.030508,9.944571
1755404209506,0.311067,-0.019741,9.906285
1755404209508,0.208176,-0.058026,9.734002
1755404209510,0.294317,-0.05324,9.765109
1755404209512,0.299103,-0.031705,9.817751
1755404209515,0.301496,0.008973,10.11476
1755404209517,0.282353,0.013759,9.789038
1755404209520,0.267996,-0.038883,9.966406
1755404209522,0.294317,-0.093918,9.734002
1755404209524,0.246461,-0.067597,9.798609
1755404209527,0.277567,0.011366,9.995119
1755404209529,0.315853,0.025723,9.980762
1755404209531,0.267996,-0.014955,9.856036
1755404209534,0.253639,-0.079561,9.777073
1755404209537,0.275175,-0.029312,9.822537
1755404209540,0.258425,0.032901,10.057333
1755404209541,0.299103,0.00658,9.851251
1755404209544,0.275175,-0.081954,9.889536
1755404209546,0.265603,-0.036491,9.853643
1755404209548,0.272782,0.037687,9.82493
1755404209551,0.282353,-0.046062,9.875179
1755404209553,0.284746,-0.038883,9.91825
1755404209556,0.306281,0.004187,9.834501
1755404209559,0.265603,-0.041276,9.908679
1755404209561,0.308674,-0.05324,9.894321
1755404209563,0.318245,-0.019741,9.875179
1755404209565,0.244068,-0.05324,9.934999
1755404209567,0.303888,0.001795,9.927821
1755404209571,0.308674,-0.000598,9.836894
1755404209572,0.244068,-0.060419,9.894321
1755404209575,0.299103,-0.055633,9.88475
1755404209577,0.303888,-0.010169,9.820144
1755404209579,0.263211,-0.029312,9.844072
1755404209582,0.284746,-0.043669,9.906285
1755404209584,0.303888,0.013759,9.863214
1755404209587,0.263211,-0.014955,9.906285
1755404209589,0.294317,-0.019741,9.853643
1755404209592,0.291924,0.001795,9.832108
1755404209594,0.270389,-0.007777,9.915857
1755404209596,0.31346,-0.026919,9.887143
1755404209598,0.287139,-0.007777,9.832108
1755404209601,0.244068,-0.012562,9.903893
1755404209604,0.289532,-0.06999,9.865608
1755404209606,0.320638,0.013759,9.851251
1755404209609,0.277567,0.028116,9.939785
1755404209611,0.287139,-0.048455,9.9015
1755404209613,0.275175,-0.019741,10.002297
1755404209615,0.267996,0.030508,9.801002
1755404209618,0.267996,-0.022134,9.781859
1755404209621,0.287139,-0.072383,9.812965
1755404209623,0.27996,-0.007777,10.045368
1755404209626,0.306281,0.037687,9.779466
1755404209627,0.287139,-0.055633,9.944571
1755404209630,0.275175,-0.108275,9.820144
1755404209632,0.289532,-0.034098,9.887143
1755404209635,0.246461,0.032901,9.949656
1755404209638,0.284746,0.00658,9.765109
1755404209639,0.275175,-0.125025,9.896714
1755404209643,0.29671,-0.08674,9.882358
1755404209644,0.308674,0.064008,9.91825
1755404209647,0.275175,0.032901,9.990334
1755404209649,0.258425,-0.043669,9.705289
1755404209651,0.236889,-0.081954,9.915857
1755404209656,0.267996,-0.043669,9.851251
1755404209657,0.299103,0.008973,9.908679
1755404209661,0.270389,0.004187,10.011869
1755404209662,0.323031,-0.019741,9.772287
1755404209663,0.265603,-0.06999,9.91825
1755404209666,0.306281,-0.017348,9.77468
1755404209668,0.287139,-0.010169,9.913465
1755404209672,0.303888,-0.017348,9.906285
1755404209673,0.282353,-0.002991,9.822537
1755404209675,0.260818,-0.050847,9.987941
1755404209678,0.29671,-0.012562,9.722038
1755404209680,0.27996,-0.036491,10.009477
1755404209683,0.311067,0.008973,9.803394
1755404209685,0.246461,-0.017348,9.990334
1755404209687,0.27996,0.008973,9.741181
1755404209690,0.251246,-0.017348,9.925428
1755404209693,0.325424,-0.041276,9.870394
1755404209694,0.282353,0.004187,9.891929
1755404209697,0.275175,-0.002991,9.903893
1755404209699,0.229711,-0.005384,9.834501
1755404209702,0.301496,-0.034098,9.949656
1755404209704,0.258425,-0.014955,9.820144
1755404209707,0.308674,-0.041276,9.911072
1755404209709,0.282353,-0.031705,9.815358
1755404209711,0.246461,-0.048455,9.932607
1755404209714,0.306281,-0.036491,9.877572
1755404209716,0.303888,-0.043669,9.966406
1755404209718,0.287139,0.001795,9.894321
1755404209721,0.239282,-0.012562,9.863214
1755404209724,0.275175,-0.050847,9.812965
1755404209726,0.27996,0.008973,9.875179
1755404209728,0.291924,-0.014955,9.875179
1755404209731,0.253639,-0.029312,9.911072
1755404209733,0.289532,-0.005384,9.829716
1755404209735,0.301496,-0.029312,9.908679
1755404209738,0.284746,0.008973,9.906285
1755404209740,0.272782,0.011366,9.911072
1755404209743,0.284746,-0.036491,9.851251
1755404209745,0.205783,-0.048455,9.772287
1755404209747,0.253639,-0.043669,9.848858
1755404209750,0.265603,-0.007777,9.903893
1755404209752,0.270389,-0.017348,9.875179
1755404209754,0.265603,0.020937,9.915857
1755404209757,0.270389,-0.031705,9.913465
1755404209759,0.277567,-0.031705,9.944571
1755404209762,0.234497,-0.022134,9.846465
1755404209765,0.289532,-0.022134,9.865608
1755404209767,0.267996,-0.014955,9.848858
1755404209769,0.277567,-0.014955,9.870394
1755404209771,0.311067,-0.048455,9.899107
1755404209774,0.301496,-0.038883,9.894321
1755404209777,0.265603,-0.038883,9.851251
1755404209779,0.251246,-0.002991,9.875179
1755404209781,0.306281,-0.026919,9.834501
1755404209783,0.256032,-0.031705,9.879965
1755404209786,0.246461,-0.014955,9.856036
1755404209788,0.289532,-0.007777,9.879965
1755404209791,0.284746,-0.000598,9.887143
1755404209793,0.299103,-0.014955,9.860822
1755404209795,0.289532,-0.017348,9.865608
1755404209798,0.289532,-0.012562,9.882358
1755404209800,0.287139,-0.000598,9.887143
1755404209803,0.270389,-0.010169,9.906285
1755404209805,0.272782,-0.036491,9.848858
1755404209808,0.263211,-0.050847,9.927821
1755404209810,0.294317,-0.012562,9.851251
1755404209812,0.232104,-0.043669,9.836894
1755404209814,0.260818,-0.050847,9.872787
1755404209817,0.31346,-0.017348,9.920643
1755404209819,0.246461,0.020937,9.846465
1755404209822,0.272782,-0.060419,9.863214
1755404209825,0.284746,-0.062812,9.899107
1755404209826,0.291924,0.016152,9.872787
1755404209829,0.27996,0.00658,9.865608
1755404209831,0.29671,-0.024526,9.896714
1755404209835,0.277567,-0.060419,9.877572
1755404209836,0.222533,-0.010169,9.889536
1755404209839,0.334995,-0.000598,9.88475
1755404209842,0.301496,-0.012562,9.896714
1755404209843,0.289532,-0.031705,9.865608
1755404209846,0.294317,-0.043669,9.875179
1755404209848,0.282353,-0.029312,9.868001
1755404209850,0.284746,-0.046062,9.887143
1755404209853,0.301496,-0.012562,9.863214
1755404209855,0.287139,-0.010169,9.868001
1755404209857,0.323031,-0.024526,9.870394
1755404209861,0.301496,0.00658,9.891929
1755404209862,0.253639,-0.014955,9.879965
1755404209864,0.275175,-0.002991,9.879965
1755404209867,0.246461,-0.036491,9.870394
1755404209869,0.277567,-0.034098,9.865608
1755404209872,0.29671,-0.029312,9.891929
1755404209874,0.289532,-0.041276,9.899107
1755404209877,0.287139,-0.007777,9.882358
1755404209880,0.318245,-0.005384,9.872787
1755404209881,0.308674,-0.029312,9.896714
1755404209884,0.303888,-0.034098,9.879965
1755404209887,0.275175,-0.024526,9.872787
1755404209888,0.289532,-0.019741,9.896714
1755404209891,0.287139,-0.014955,9.88475
1755404209894,0.253639,-0.036491,9.889536
1755404209896,0.270389,-0.010169,9.887143
1755404209898,0.253639,-0.007777,9.870394
1755404209900,0.263211,-0.012562,9.863214
1755404209903,0.29671,-0.024526,9.860822
1755404209905,0.270389,-0.031705,9.860822
1755404209907,0.277567,-0.038883,9.868001
1755404209910,0.275175,-0.005384,9.858429
1755404209912,0.284746,-0.005384,9.868001
1755404209915,0.299103,-0.038883,9.88475
1755404209917,0.29671,-0.022134,9.872787
1755404209920,0.27996,-0.005384,9.896714
1755404209922,0.267996,-0.048455,9.877572
1755404209924,0.232104,0.011366,9.927821
1755404209927,0.303888,-0.007777,9.695718
1755404209929,0.222533,-0.072383,10.016655
1755404209932,0.325424,0.020937,9.757931
1755404209934,0.229711,-0.007777,10.045368
1755404209937,0.344566,0.013759,9.702896
1755404209939,0.234497,-0.043669,10.042975
1755404209942,0.311067,-0.002991,9.736395
1755404209945,0.234497,-0.050847,10.045368
1755404209946,0.301496,0.008973,9.731609
1755404209949,0.200997,-0.010169,10.050154
1755404209951,0.301496,0.016152,9.710074
1755404209953,0.22014,-0.026919,10.050154
1755404209956,0.334995,-0.010169,9.738789
1755404209958,0.222533,-0.043669,10.00469
1755404209961,0.361316,-0.024526,9.738789
1755404209963,0.246461,-0.029312,10.009477
1755404209965,0.33021,-0.029312,9.796216
1755404209968,0.227318,-0.024526,9.942178
1755404209971,0.320638,-0.060419,9.812965
1755404209972,0.263211,-0.012562,9.908679
1755404209975,0.311067,-0.055633,9.805787
1755404209978,0.303888,-0.024526,9.865608
1755404209981,0.327817,-0.036491,9.887143
1755404209982,0.318245,-0.012562,9.844072
1755404209984,0.294317,-0.065204,9.954441
1755404209987,0.320638,-0.026919,9.760324
1755404209989,0.234497,-0.055633,10.011869
1755404209992,0.323031,-0.000598,9.688539
1755404209995,0.227318,-0.041276,10.119546
1755404209997,0.37328,0.035294,9.645468
1755404210001,0.22014,-0.050847,10.121939
1755404210002,0.33021,0.004187,9.667004
1755404210004,0.217747,-0.034098,10.076475
1755404210006,0.358923,-0.007777,9.712467
1755404210009,0.253639,0.020937,9.968799
1755404210012,0.325424,-0.031705,9.801002
1755404210013,0.291924,0.001795,9.863214
1755404210015,0.311067,-0.046062,9.944571
1755404210018,0.294317,-0.000598,9.762716
1755404210020,0.241675,-0.029312,10.03819
1755404210023,0.282353,-0.014955,9.745967
1755404210025,0.258425,-0.046062,9.983155
1755404210028,0.277567,-0.019741,9.82493
1755404210030,0.272782,-0.010169,9.899107
1755404210032,0.275175,-0.022134,9.913465
1755404210035,0.294317,-0.012562,9.827323
1755404210037,0.289532,-0.041276,9.889536
1755404210040,0.291924,-0.000598,9.868001
1755404210042,0.289532,0.001795,9.923036
1755404210046,0.301496,-0.017348,9.853643
1755404210047,0.260818,-0.007777,9.911072
1755404210050,0.289532,-0.031705,9.839287
1755404210051,0.258425,-0.026919,9.879965
1755404210054,0.308674,-0.029312,9.860822
1755404210056,0.272782,-0.017348,9.91825
1755404210059,0.270389,-0.017348,9.88475
1755404210063,0.270389,0.001795,9.865608
1755404210064,0.248854,-0.043669,9.889536
1755404210066,0.258425,-0.031705,9.875179
1755404210068,0.294317,-0.031705,9.913465
1755404210071,0.289532,-0.022134,9.879965
1755404210073,0.277567,-0.019741,9.913465
1755404210075,0.275175,-0.022134,9.882358
1755404210078,0.270389,-0.026919,9.88475
1755404210081,0.253639,-0.019741,9.870394
1755404210083,0.291924,-0.036491,9.887143
1755404210085,0.272782,-0.036491,9.875179
1755404210087,0.270389,-0.026919,9.908679
1755404210091,0.265603,-0.000598,9.887143
1755404210093,0.306281,-0.041276,9.88475
1755404210095,0.291924,-0.017348,9.882358
1755404210098,0.287139,-0.026919,9.863214
1755404210100,0.277567,-0.002991,9.877572
1755404210102,0.311067,-0.012562,9.903893
1755404210104,0.289532,-0.019741,9.832108
1755404210107,0.294317,-0.026919,9.903893
1755404210110,0.287139,-0.012562,9.846465
1755404210112,0.299103,-0.022134,9.903893
1755404210116,0.311067,-0.000598,9.911072
1755404210119,0.287139,-0.014955,9.865608
1755404210120,0.272782,-0.038883,9.882358
1755404210121,0.263211,-0.022134,9.839287
1755404210123,0.284746,-0.022134,9.88475
1755404210126,0.31346,-0.041276,9.863214
1755404210128,0.303888,-0.041276,9.894321
1755404210131,0.267996,-0.010169,9.891929
1755404210133,0.265603,-0.034098,9.872787
1755404210135,0.277567,-0.029312,9.848858
1755404210138,0.275175,-0.029312,9.913465
1755404210141,0.248854,-0.026919,9.868001
1755404210143,0.301496,-0.019741,9.891929
1755404210145,0.282353,-0.000598,9.887143
1755404210147,0.284746,-0.038883,9.930214
1755404210150,0.289532,-0.031705,9.793823
1755404210153,0.294317,-0.007777,9.985548
1755404210155,0.306281,-0.017348,9.834501
1755404210157,0.251246,-0.024526,9.91825
1755404210159,0.31346,-0.017348,9.913465
1755404210162,0.263211,-0.024526,9.877572
1755404210165,0.277567,-0.019741,9.927821
1755404210167,0.284746,0.030508,9.779466
1755404210170,0.256032,-0.058026,9.995119
1755404210172,0.311067,0.016152,9.745967
1755404210174,0.263211,-0.043669,10.033404
1755404210176,0.337388,0.037687,9.719646
1755404210179,0.239282,-0.067597,10.062119
1755404210182,0.351745,0.020937,9.719646
1755404210184,0.22014,-0.048455,10.03819
1755404210186,0.339781,0.020937,9.698111
1755404210188,0.232104,-0.062812,10.062119
1755404210191,0.323031,-0.002991,9.700503
1755404210193,0.244068,-0.041276,10.064511
1755404210196,0.334995,-0.010169,9.688539
1755404210199,0.236889,-0.026919,10.105189
1755404210200,0.337388,0.025723,9.695718
1755404210203,0.246461,-0.014955,10.069297
1755404210205,0.339781,0.004187,9.736395
1755404210208,0.258425,-0.010169,9.932607
1755404210210,0.299103,-0.067597,9.755538
1755404210213,0.251246,-0.038883,9.891929
1755404210216,0.258425,-0.019741,9.9015
1755404210218,0.306281,0.00658,9.789038
1755404210219,0.263211,-0.005384,10.050154
1755404210222,0.332602,0.028116,9.798609
1755404210224,0.186341,-0.014955,9.999905
1755404210227,0.277567,-0.014955,9.688539
1755404210229,0.258425,-0.074776,9.930214
1755404210231,0.277567,-0.05324,9.851251
1755404210234,0.27996,-0.005384,9.827323
1755404210236,0.263211,0.047258,10.050154
1755404210239,0.265603,0.044865,9.832108
1755404210241,0.251246,-0.05324,9.906285
1755404210243,0.277567,-0.096311,9.722038
1755404210246,0.282353,-0.060419,9.817751
1755404210248,0.282353,-0.014955,9.939785
1755404210250,0.315853,0.05683,9.934999
1755404210253,0.251246,-0.002991,9.968799
1755404210256,0.294317,-0.046062,9.688539
1755404210258,0.291924,-0.098704,9.903893
1755404210260,0.291924,-0.06999,9.872787
1755404210263,0.301496,0.059222,9.968799
1755404210265,0.241675,0.083151,10.028619
1755404210267,0.272782,-0.029312,9.765109
1755404210270,0.241675,-0.129811,9.846465
1755404210272,0.29671,-0.098704,9.810573
1755404210275,0.320638,0.016152,9.908679
1755404210277,0.277567,0.083151,10.062119
1755404210279,0.27996,0.061615,9.836894
1755404210281,0.236889,-0.050847,9.882358
1755404210285,0.294317,-0.144168,9.745967
1755404210287,0.303888,-0.036491,9.889536
1755404210289,0.323031,0.0999,10.057333
1755404210291,0.282353,0.061615,9.879965
1755404210294,0.265603,-0.067597,9.872787
1755404210296,0.303888,-0.141775,9.741181
1755404210298,0.301496,-0.06999,9.9015
1755404210301,0.303888,0.068794,10.014262
1755404210304,0.301496,0.078365,9.827323
1755404210306,0.244068,-0.060419,9.891929
1755404210308,0.277567,-0.153739,9.769895
1755404210310,0.27996,-0.05324,9.91825
1755404210313,0.294317,0.085543,10.021441
1755404210316,0.346959,0.05683,9.899107
1755404210318,0.234497,-0.046062,9.870394
1755404210321,0.349352,-0.144168,9.772287
1755404210323,0.303888,-0.050847,9.870394
1755404210325,0.311067,0.042473,9.937392
1755404210327,0.354138,-0.060419,9.846465
1755404210329,0.17677,-0.019741,9.640682
1755404210332,0.256032,-0.043669,9.745967
1755404210335,0.267996,-0.010169,9.781859
1755404210337,0.332602,-0.062812,9.877572
1755404210339,0.358923,-0.081954,9.875179
1755404210342,0.287139,-0.055633,9.836894
1755404210344,0.234497,0.02333,9.793823
1755404210347,0.363709,-0.017348,10.076475
1755404210349,0.334995,-0.017348,10.090832
1755404210352,0.284746,0.00658,9.925428
1755404210354,0.287139,-0.043669,10.002297
1755404210356,0.318245,0.00658,9.872787
1755404210358,0.253639,0.032901,9.906285
1755404210361,0.299103,0.00658,9.856036
1755404210363,0.334995,-0.017348,10.047761
1755404210365,0.289532,-0.048455,9.834501
1755404210368,0.33021,-0.048455,9.865608
1755404210371,0.294317,0.004187,9.997512
1755404210373,0.253639,-0.022134,9.865608
1755404210375,0.234497,-0.041276,9.667004
1755404210377,0.227318,0.00658,10.007083
1755404210380,0.284746,-0.043669,9.889536
1755404210382,0.234497,0.011366,9.839287
1755404210386,0.20339,0.066401,9.891929
1755404210387,0.358923,-0.029312,10.098011
1755404210389,0.378066,-0.050847,10.078868
1755404210392,0.363709,-0.060419,10.13151
1755404210395,0.167198,0.068794,9.97837
1755404210397,0.256032,0.00658,9.983155
1755404210399,0.315853,0.052044,9.973584
1755404210401,0.306281,-0.072383,9.753145
1755404210404,0.289532,-0.058026,9.659825
1755404210406,0.234497,-0.031705,9.789038
1755404210409,0.239282,-0.019741,9.80818
1755404210411,0.227318,0.02333,9.805787
1755404210414,0.277567,-0.017348,9.954441
1755404210416,0.277567,-0.055633,9.796216
1755404210418,0.258425,-0.048455,9.949656
1755404210422,0.294317,0.032901,9.82493
1755404210423,0.246461,0.001795,9.896714
1755404210425,0.289532,-0.034098,9.930214
1755404210428,0.303888,-0.007777,9.894321
1755404210431,0.267996,-0.043669,9.846465
1755404210432,0.289532,-0.038883,9.879965
1755404210435,0.308674,-0.019741,9.851251
1755404210437,0.284746,-0.007777,9.9015
1755404210440,0.308674,-0.029312,9.889536
1755404210443,0.308674,-0.048455,9.875179
1755404210444,0.284746,0.001795,9.879965
1755404210448,0.289532,-0.010169,9.879965
1755404210449,0.301496,0.00658,9.894321
1755404210452,0.29671,-0.022134,9.856036
1755404210454,0.29671,-0.022134,9.906285
1755404210457,0.29671,-0.031705,9.863214
1755404210459,0.27996,-0.043669,9.88475
1755404210461,0.265603,-0.026919,9.882358
1755404210464,0.277567,-0.012562,9.860822
1755404210466,0.275175,-0.014955,9.832108
1755404210468,0.275175,-0.005384,9.856036
1755404210471,0.267996,-0.022134,9.879965
1755404210473,0.258425,-0.017348,9.889536
1755404210476,0.272782,-0.010169,9.872787
1755404210478,0.284746,-0.022134,9.894321
1755404210481,0.287139,-0.017348,9.894321
1755404210483,0.265603,-0.012562,9.939785
1755404210485,0.303888,-0.017348,9.865608
1755404210488,0.284746,-0.060419,9.860822
1755404210490,0.282353,-0.043669,9.801002
1755404210493,0.265603,0.001795,9.968799
1755404210495,0.270389,0.02333,9.860822
1755404210498,0.287139,-0.08674,9.899107
1755404210499,0.315853,-0.060419,9.757931
1755404210502,0.241675,-0.019741,9.947263
1755404210505,0.277567,0.02333,9.765109
1755404210507,0.210568,-0.007777,10.050154
1755404210510,0.346959,0.020937,9.805787
1755404210511,0.234497,-0.000598,10.040583
1755404210514,0.306281,-0.019741,9.736395
1755404210517,0.251246,-0.012562,9.923036
1755404210519,0.289532,-0.029312,9.820144
1755404210522,0.289532,-0.005384,9.870394
1755404210524,0.275175,-0.036491,9.966406
1755404210527,0.277567,-0.005384,9.786645
1755404210528,0.253639,-0.029312,10.069297
1755404210531,0.327817,0.016152,9.745967
1755404210533,0.248854,-0.002991,10.062119
1755404210536,0.294317,-0.005384,9.71486
1755404210539,0.272782,-0.029312,9.954441
1755404210540,0.29671,0.020937,9.889536
1755404210544,0.277567,-0.000598,9.846465
1755404210545,0.270389,-0.024526,9.925428
1755404210548,0.33021,-0.022134,9.829716
1755404210551,0.301496,-0.050847,9.894321
1755404210552,0.256032,0.001795,9.868001
1755404210556,0.267996,-0.024526,9.868001
1755404210557,0.311067,-0.029312,9.868001
1755404210561,0.29671,-0.005384,9.88475
1755404210562,0.315853,-0.034098,9.875179
1755404210565,0.282353,-0.012562,9.868001
1755404210567,0.27996,-0.014955,9.9015
1755404210569,0.265603,-0.007777,9.839287
1755404210572,0.299103,-0.019741,9.894321
1755404210574,0.29671,-0.019741,9.870394
1755404210576,0.270389,-0.031705,9.875179
1755404210579,0.287139,0.008973,9.853643
1755404210581,0.318245,-0.002991,9.9015
1755404210583,0.284746,-0.019741,9.868001
1755404210586,0.29671,-0.029312,9.875179
1755404210588,0.291924,-0.029312,9.858429
1755404210591,0.284746,-0.036491,9.887143
1755404210594,0.284746,-0.029312,9.851251
1755404210596,0.306281,-0.024526,9.863214
1755404210598,0.260818,0.011366,9.903893
1755404210600,0.27996,0.00658,9.887143
1755404210603,0.289532,-0.038883,9.860822
1755404210605,0.303888,-0.024526,9.858429
1755404210607,0.222533,0.004187,9.82493
1755404210610,0.253639,-0.024526,9.964012
1755404210612,0.29671,-0.048455,9.803394
1755404210615,0.270389,-0.038883,9.798609
1755404210617,0.31346,-0.058026,9.894321
1755404210620,0.299103,-0.012562,9.877572
1755404210622,0.27996,0.001795,9.779466
1755404210626,0.272782,-0.002991,9.939785
1755404210627,0.246461,-0.022134,9.937392
1755404210629,0.239282,-0.000598,9.853643
1755404210632,0.260818,-0.019741,9.674182
1755404210634,0.370888,-0.079561,10.066904
1755404210636,0.39003,-0.067597,9.975977
1755404210639,0.239282,0.018544,9.91825
1755404210642,0.258425,-0.026919,9.908679
1755404210646,0.282353,-0.007777,9.853643
1755404210647,0.344566,-0.05324,9.832108
1755404210649,0.239282,0.008973,9.765109
1755404210651,0.370888,-0.043669,10.062119
1755404210653,0.234497,0.001795,9.822537
1755404210655,0.183948,0.004187,9.647861
1755404210658,0.234497,-0.014955,9.887143
1755404210661,0.227318,0.032901,9.810573
1755404210665,0.208176,0.00658,9.872787
1755404210666,0.320638,-0.060419,9.939785
1755404210668,0.27996,-0.029312,9.865608
1755404210670,0.253639,0.013759,9.868001
1755404210672,0.258425,-0.036491,9.856036
1755404210675,0.301496,-0.019741,9.903893
1755404210677,0.320638,-0.017348,9.88475
1755404210679,0.29671,-0.034098,9.903893
1755404210682,0.308674,-0.017348,9.872787
1755404210684,0.287139,0.001795,9.868001
1755404210687,0.284746,-0.014955,9.879965
1755404210689,0.306281,0.001795,9.894321
1755404210691,0.272782,-0.022134,9.868001
1755404210694,0.303888,-0.029312,9.887143
1755404210696,0.260818,-0.012562,9.891929
1755404210699,0.270389,-0.031705,9.88475
1755404210701,0.270389,-0.012562,9.872787
1755404210703,0.277567,-0.005384,9.851251
1755404210706,0.265603,-0.014955,9.865608
1755404210709,0.277567,-0.000598,9.875179
1755404210710,0.284746,-0.038883,9.868001
1755404210713,0.311067,-0.046062,9.896714
1755404210715,0.294317,-0.017348,9.894321
1755404210718,0.294317,-0.014955,9.887143
1755404210720,0.29671,-0.031705,9.860822
1755404210722,0.291924,-0.026919,9.877572
1755404210726,0.27996,-0.031705,9.879965
1755404210730,0.253639,-0.034098,9.875179
1755404210731,0.29671,-0.019741,9.875179
1755404210732,0.265603,-0.002991,9.879965
1755404210734,0.251246,-0.038883,9.88475
1755404210737,0.244068,-0.022134,9.891929
1755404210739,0.265603,-0.043669,9.848858
1755404210744,0.272782,-0.007777,9.868001
1755404210746,0.260818,-0.022134,9.865608
1755404210748,0.270389,-0.024526,9.887143
1755404210749,0.267996,-0.014955,9.906285
1755404210751,0.263211,0.008973,9.848858
1755404210754,0.234497,0.001795,9.899107
1755404210756,0.287139,-0.000598,9.851251
1755404210759,0.265603,-0.024526,9.887143
1755404210761,0.303888,-0.019741,9.817751
1755404210763,0.287139,-0.055633,10.021441
1755404210766,0.311067,0.066401,9.863214
1755404210768,0.267996,-0.062812,9.865608
1755404210770,0.277567,-0.077169,9.815358
1755404210773,0.277567,-0.038883,9.911072
1755404210776,0.284746,0.030508,9.875179
1755404210778,0.263211,-0.029312,9.913465
1755404210780,0.334995,-0.012562,9.793823
1755404210784,0.256032,-0.077169,9.942178
1755404210785,0.301496,-0.010169,9.765109
1755404210787,0.260818,-0.000598,9.999905
1755404210789,0.311067,-0.000598,9.750752
1755404210792,0.256032,-0.010169,10.016655
1755404210794,0.325424,-0.010169,9.707682
1755404210796,0.222533,-0.031705,10.050154
1755404210799,0.318245,-0.005384,9.760324
1755404210801,0.22014,-0.014955,10.033404
1755404210804,0.323031,0.016152,9.745967
1755404210806,0.244068,-0.043669,10.05494
1755404210809,0.318245,-0.022134,9.738789
1755404210812,0.20339,-0.019741,10.019048
1755404210814,0.334995,0.00658,9.810573
1755404210816,0.200997,0.013759,9.995119
1755404210818,0.325424,-0.022134,9.805787
1755404210821,0.224925,-0.010169,9.939785
1755404210823,0.332602,-0.074776,9.860822
1755404210825,0.258425,-0.043669,9.856036
1755404210828,0.299103,-0.017348,9.863214
1755404210830,0.263211,0.004187,9.858429
1755404210833,0.246461,-0.050847,9.894321
1755404210835,0.289532,-0.010169,9.796216
1755404210838,0.263211,-0.038883,9.949656
1755404210840,0.301496,-0.014955,9.769895
1755404210842,0.251246,-0.019741,10.016655
1755404210845,0.315853,0.028116,9.74836
1755404210849,0.256032,-0.026919,10.074082
1755404210850,0.337388,0.013759,9.767502
1755404210852,0.241675,-0.024526,10.066904
1755404210855,0.358923,0.008973,9.769895
1755404210857,0.267996,-0.014955,9.952048
1755404210859,0.308674,-0.026919,9.820144
1755404210862,0.272782,-0.012562,9.894321
1755404210864,0.299103,-0.06999,9.877572
1755404210867,0.289532,-0.034098,9.868001
1755404210868,0.265603,-0.050847,9.923036
1755404210871,0.270389,-0.000598,9.743574
1755404210873,0.244068,-0.002991,9.995119
1755404210876,0.299103,0.028116,9.74836
1755404210879,0.208176,-0.024526,10.062119
1755404210881,0.301496,-0.007777,9.80818
1755404210883,0.272782,-0.019741,9.983155
1755404210885,0.327817,-0.010169,9.793823
1755404210888,0.29671,-0.022134,9.899107
1755404210890,0.303888,-0.036491,9.858429
1755404210893,0.289532,-0.031705,9.851251
1755404210896,0.282353,-0.046062,9.91825
1755404210898,0.327817,-0.012562,9.745967
1755404210900,0.263211,-0.029312,10.028619
1755404210902,0.315853,0.008973,9.798609
1755404210905,0.256032,-0.046062,10.026226
1755404210907,0.272782,-0.010169,9.786645
1755404210909,0.256032,-0.046062,9.891929
1755404210913,0.301496,-0.029312,9.844072
1755404210916,0.277567,-0.012562,9.894321
1755404210919,0.265603,-0.019741,9.923036
1755404210920,0.306281,-0.002991,9.705289
1755404210922,0.270389,-0.024526,10.062119
1755404210924,0.320638,0.008973,9.803394
1755404210926,0.260818,-0.026919,10.009477
1755404210930,0.306281,-0.038883,9.717253
1755404210932,0.318245,-0.014955,9.906285
1755404210933,0.308674,-0.058026,9.865608
1755404210936,0.311067,-0.041276,9.829716
1755404210938,0.284746,-0.012562,10.002297
1755404210940,0.289532,0.025723,9.82493
1755404210944,0.27996,-0.038883,9.968799
1755404210947,0.291924,-0.05324,9.683753
1755404210948,0.29671,-0.074776,9.868001
1755404210950,0.294317,-0.038883,9.856036
1755404210952,0.287139,0.073579,9.923036
1755404210955,0.267996,0.004187,10.033404
1755404210957,0.289532,0.018544,9.817751
1755404210960,0.258425,-0.081954,9.959227
1755404210962,0.306281,-0.072383,9.707682
1755404210965,0.263211,-0.048455,9.908679
1755404210968,0.294317,-0.029312,9.839287
1755404210970,0.289532,0.013759,9.9015
1755404210971,0.267996,0.035294,10.035797
1755404210974,0.318245,-0.000598,9.820144
1755404210976,0.253639,-0.036491,9.944571
1755404210979,0.294317,-0.048455,9.688539
1755404210981,0.277567,-0.072383,9.88475
1755404210984,0.301496,-0.014955,9.875179
1755404210987,0.282353,0.049651,9.915857
1755404210988,0.263211,0.008973,10.009477
1755404210991,0.294317,-0.014955,9.812965
1755404210993,0.294317,-0.05324,9.91825
1755404210995,0.301496,-0.065204,9.702896
1755404210998,0.272782,-0.058026,9.889536
1755404211001,0.29671,0.004187,9.903893
1755404211003,0.289532,0.042473,9.911072
1755404211005,0.251246,0.001795,10.016655
1755404211007,0.29671,-0.019741,9.810573
1755404211010,0.270389,-0.072383,9.903893
1755404211012,0.311067,-0.034098,9.827323
1755404211015,0.289532,0.00658,9.846465
1755404211017,0.294317,-0.014955,9.887143
1755404211019,0.277567,-0.036491,9.848858
1755404211022,0.277567,-0.022134,9.848858
1755404211025,0.299103,0.00658,9.789038
1755404211027,0.265603,-0.000598,10.069297
1755404211029,0.291924,-0.038883,9.710074
1755404211033,0.251246,-0.06999,9.822537
1755404211035,0.320638,-0.050847,9.949656
1755404211036,0.303888,-0.029312,9.906285
1755404211039,0.275175,0.016152,9.911072
1755404211041,0.299103,0.013759,9.856036
1755404211043,0.239282,-0.062812,10.050154
1755404211046,0.311067,-0.024526,9.652647
1755404211049,0.267996,-0.024526,9.82493
1755404211051,0.270389,-0.050847,9.987941
1755404211054,0.325424,-0.026919,9.846465
1755404211055,0.270389,0.011366,9.915857
1755404211058,0.301496,0.004187,9.887143
1755404211061,0.248854,-0.055633,9.995119
1755404211063,0.301496,-0.026919,9.626326
1755404211066,0.277567,-0.036491,9.930214
1755404211068,0.31346,-0.055633,9.992726
1755404211071,0.27996,-0.014955,9.745967
1755404211072,0.272782,0.018544,10.033404
1755404211075,0.291924,0.001795,9.971191
1755404211077,0.265603,-0.05324,9.860822
1755404211079,0.284746,-0.05324,9.662218
1755404211083,0.291924,-0.060419,10.011869
1755404211086,0.291924,-0.010169,9.906285
1755404211087,0.27996,0.054437,9.801002
1755404211089,0.239282,0.016152,10.076475
1755404211091,0.303888,-0.031705,9.731609
1755404211094,0.241675,-0.091525,9.906285
1755404211096,0.275175,-0.074776,9.846465
1755404211098,0.277567,-0.012562,9.875179
1755404211101,0.239282,0.049651,10.023833
1755404211106,0.294317,0.028116,9.789038
1755404211107,0.267996,-0.098704,9.891929
1755404211109,0.263211,-0.136989,9.77468
1755404211110,0.306281,-0.041276,9.872787
1755404211113,0.253639,0.073579,10.03819
1755404211116,0.301496,0.044865,9.820144
1755404211119,0.239282,-0.067597,9.954441
1755404211120,0.282353,-0.062812,9.664611
1755404211123,0.267996,-0.050847,9.930214
1755404211125,0.267996,0.025723,9.9015
1755404211127,0.275175,0.030508,9.925428
1755404211129,0.265603,-0.010169,9.911072
1755404211132,0.289532,-0.041276,9.755538
1755404211135,0.272782,-0.072383,9.911072
1755404211139,0.294317,-0.000598,9.844072
1755404211140,0.301496,0.04008,9.923036
1755404211142,0.275175,0.018544,9.911072
1755404211144,0.299103,-0.058026,9.827323
1755404211146,0.260818,-0.089133,9.863214
1755404211149,0.308674,-0.017348,9.894321
1755404211151,0.282353,-0.019741,9.906285
1755404211153,0.267996,0.013759,9.889536
1755404211156,0.270389,-0.024526,9.887143
1755404211159,0.299103,-0.067597,9.863214
1755404211161,0.282353,-0.041276,9.872787
1755404211164,0.31346,-0.005384,9.891929
1755404211166,0.303888,-0.024526,9.887143
1755404211168,0.265603,-0.034098,9.908679
1755404211171,0.260818,-0.014955,9.88475
1755404211173,0.267996,-0.048455,9.879965
1755404211176,0.282353,-0.026919,9.882358
1755404211178,0.311067,-0.050847,9.937392
1755404211180,0.272782,-0.002991,9.793823
1755404211182,0.258425,-0.022134,9.896714
1755404211185,0.294317,-0.055633,9.848858
1755404211189,0.275175,-0.022134,9.875179
1755404211190,0.294317,-0.029312,9.911072
1755404211192,0.291924,0.00658,9.903893
1755404211195,0.294317,-0.010169,9.939785
1755404211197,0.270389,-0.014955,9.899107
1755404211199,0.27996,-0.026919,9.860822
1755404211202,0.263211,-0.029312,9.891929
1755404211204,0.258425,-0.034098,9.887143
1755404211206,0.27996,-0.034098,9.875179
1755404211209,0.277567,-0.036491,9.911072
1755404211211,0.27996,-0.029312,9.887143
1755404211213,0.258425,-0.031705,9.868001
1755404211216,0.272782,-0.038883,9.863214
1755404211219,0.303888,-0.041276,9.882358
1755404211221,0.289532,-0.010169,9.894321
1755404211223,0.332602,-0.029312,9.798609
1755404211226,0.272782,-0.014955,9.944571
1755404211228,0.308674,0.00658,9.846465
1755404211231,0.267996,-0.048455,9.899107
1755404211233,0.332602,0.001795,9.762716
1755404211236,0.287139,0.018544,9.999905
1755404211237,0.306281,0.049651,9.879965
1755404211240,0.256032,-0.026919,9.927821
1755404211242,0.306281,-0.058026,9.671789
1755404211245,0.287139,-0.10349,9.899107
1755404211247,0.265603,-0.05324,9.915857
1755404211249,0.258425,0.049651,9.860822
1755404211253,0.277567,-0.002991,9.964012
1755404211255,0.284746,-0.055633,9.731609
1755404211257,0.246461,-0.151346,9.846465
1755404211259,0.303888,0.004187,9.956834
1755404211261,0.306281,0.107079,9.990334
1755404211264,0.270389,0.042473,9.88475
1755404211267,0.323031,-0.046062,9.745967
1755404211270,0.291924,-0.101097,9.822537
1755404211272,0.27996,-0.041276,9.971191
1755404211273,0.282353,0.068794,9.980762
1755404211276,0.265603,0.016152,9.964012
1755404211278,0.284746,-0.062812,9.741181
1755404211281,0.282353,-0.096311,9.803394
1755404211283,0.275175,-0.055633,9.872787
1755404211287,0.323031,0.075972,9.997512
1755404211288,0.272782,0.066401,9.995119
1755404211290,0.275175,-0.026919,9.738789
1755404211293,0.229711,-0.101097,9.812965
1755404211295,0.263211,-0.024526,9.915857
1755404211297,0.323031,0.083151,9.927821
1755404211300,0.251246,0.013759,9.875179
1755404211304,0.260818,-0.117847,9.872787
1755404211305,0.27996,-0.038883,9.896714
1755404211308,0.253639,0.020937,9.930214
1755404211309,0.301496,-0.022134,9.767502
1755404211312,0.267996,-0.06999,9.903893
1755404211314,0.263211,-0.048455,9.868001
1755404211316,0.29671,0.025723,9.942178
1755404211321,0.260818,-0.000598,9.91825
1755404211322,0.303888,-0.067597,9.77468
1755404211324,0.272782,-0.089133,9.913465
1755404211326,0.284746,0.018544,9.925428
1755404211329,0.284746,0.078365,9.896714
1755404211331,0.275175,-0.041276,9.877572
1755404211333,0.303888,-0.074776,9.793823
1755404211336,0.270389,-0.072383,9.930214
1755404211339,0.277567,0.00658,9.930214
1755404211340,0.277567,-0.007777,9.820144
1755404211343,0.287139,-0.091525,9.899107
1755404211346,0.311067,-0.058026,9.865608
1755404211348,0.287139,0.004187,9.860822
1755404211350,0.265603,-0.022134,9.887143
1755404211353,0.306281,-0.041276,9.88475
1755404211356,0.282353,-0.036491,9.906285
1755404211358,0.248854,-0.012562,9.896714
1755404211360,0.301496,-0.043669,9.863214
1755404211362,0.306281,-0.022134,9.887143
1755404211364,0.263211,-0.010169,9.872787
1755404211367,0.320638,-0.017348,9.870394
1755404211369,0.291924,-0.007777,9.9015
1755404211372,0.284746,-0.038883,9.848858
1755404211374,0.315853,-0.072383,9.894321
1755404211377,0.31346,-0.022134,9.956834
1755404211379,0.277567,-0.002991,9.879965
1755404211381,0.241675,-0.050847,9.628718
1755404211384,0.222533,0.032901,9.875179
1755404211386,0.349352,-0.081954,9.927821
1755404211388,0.354138,-0.079561,9.860822
1755404211391,0.248854,0.018544,9.987941
1755404211394,0.229711,0.025723,9.707682
1755404211396,0.260818,-0.038883,9.803394
1755404211398,0.164806,0.04008,9.781859
1755404211400,0.284746,-0.026919,9.987941
1755404211403,0.210568,0.018544,9.781859
1755404211405,0.284746,-0.017348,9.923036
1755404211408,0.200997,-0.012562,9.851251
1755404211410,0.287139,-0.005384,9.908679
1755404211412,0.248854,0.035294,9.911072
1755404211415,0.332602,-0.024526,9.762716
1755404211417,0.263211,-0.022134,10.064511
1755404211420,0.354138,0.042473,9.796216
1755404211423,0.232104,0.00658,10.081261
1755404211426,0.287139,0.016152,9.757931
1755404211428,0.251246,-0.024526,9.990334
1755404211429,0.289532,-0.038883,9.784252
1755404211432,0.253639,-0.038883,9.870394
1755404211434,0.277567,-0.038883,9.875179
1755404211436,0.277567,0.011366,9.84168
1755404211440,0.251246,0.018544,10.03819
1755404211441,0.318245,0.008973,9.767502
1755404211444,0.248854,-0.022134,10.026226
1755404211447,0.31346,-0.024526,9.74836
1755404211448,0.29671,-0.029312,9.934999
1755404211451,0.31346,-0.065204,9.798609
1755404211453,0.291924,-0.024526,9.863214
1755404211457,0.299103,-0.022134,9.964012
1755404211458,0.308674,0.025723,9.839287
1755404211460,0.246461,0.00658,10.059726
1755404211463,0.284746,0.011366,9.731609
1755404211465,0.232104,-0.05324,9.973584
1755404211467,0.291924,-0.024526,9.750752
1755404211471,0.260818,-0.038883,9.903893
1755404211474,0.284746,-0.024526,9.872787
1755404211475,0.27996,-0.014955,9.848858
1755404211477,0.258425,0.025723,9.990334
1755404211480,0.282353,0.02333,9.79143
1755404211482,0.215354,-0.043669,10.057333
1755404211484,0.301496,-0.002991,9.738789
1755404211487,0.258425,-0.058026,9.932607
1755404211489,0.323031,-0.036491,9.750752
1755404211492,0.289532,-0.022134,9.896714
1755404211494,0.299103,0.011366,9.973584
1755404211496,0.306281,0.059222,9.839287
1755404211499,0.244068,0.025723,10.057333
1755404211501,0.287139,-0.019741,9.736395
1755404211504,0.246461,-0.081954,9.925428
1755404211506,0.327817,-0.038883,9.722038
1755404211509,0.256032,-0.036491,9.91825
1755404211511,0.303888,-0.022134,9.860822
1755404211513,0.287139,0.008973,9.9015
1755404211516,0.275175,-0.000598,10.021441
1755404211518,0.289532,0.004187,9.801002
1755404211520,0.222533,-0.043669,9.930214
1755404211523,0.327817,-0.065204,9.695718
1755404211525,0.277567,-0.067597,9.908679
1755404211527,0.306281,-0.017348,9.853643
1755404211531,0.31346,0.054437,9.959227
1755404211533,0.282353,0.044865,10.016655
1755404211535,0.29671,0.011366,9.757931
1755404211537,0.260818,-0.091525,9.863214
1755404211539,0.31346,-0.081954,9.724431
1755404211542,0.284746,-0.036491,9.91825
1755404211544,0.277567,0.064008,10.026226
1755404211547,0.291924,0.085543,9.894321
1755404211549,0.234497,-0.046062,9.91825
1755404211551,0.284746,-0.115454,9.686146
1755404211554,0.256032,-0.091525,9.889536
1755404211556,0.325424,0.011366,9.853643
1755404211559,0.265603,0.064008,9.939785
1755404211561,0.232104,0.037687,10.026226
1755404211563,0.291924,-0.012562,9.793823
1755404211566,0.227318,-0.096311,9.865608
1755404211569,0.258425,-0.077169,9.781859
1755404211571,0.301496,-0.019741,9.870394
1755404211573,0.291924,0.073579,10.031012
1755404211576,0.29671,0.097508,9.906285
1755404211579,0.222533,-0.072383,9.920643
1755404211581,0.260818,-0.134596,9.657433
1755404211583,0.275175,-0.060419,9.836894
1755404211585,0.311067,0.037687,9.990334
1755404211587,0.31346,0.061615,9.959227
1755404211590,0.263211,-0.014955,9.944571
1755404211593,0.301496,-0.108275,9.674182
1755404211595,0.275175,-0.077169,9.827323
1755404211597,0.291924,-0.000598,9.939785
1755404211600,0.289532,0.111864,9.987941
1755404211602,0.234497,0.035294,9.992726
1755404211605,0.265603,-0.098704,9.671789
1755404211607,0.263211,-0.122632,9.803394
1755404211610,0.267996,-0.081954,9.865608
1755404211612,0.306281,0.054437,9.983155
1755404211614,0.260818,0.049651,10.03819
1755404211616,0.282353,-0.024526,9.767502
1755404211618,0.256032,-0.129811,9.853643
1755404211621,0.318245,-0.108275,9.767502
1755404211623,0.303888,-0.012562,9.870394
1755404211627,0.29671,0.064008,10.031012
1755404211629,0.275175,0.04008,9.889536
1755404211631,0.265603,-0.050847,9.911072
1755404211633,0.320638,-0.110668,9.671789
1755404211635,0.272782,-0.081954,9.887143
1755404211639,0.284746,-0.019741,9.915857
1755404211642,0.33021,0.052044,9.887143
1755404211645,0.270389,0.018544,10.047761
1755404211646,0.344566,-0.010169,9.772287
1755404211648,0.232104,-0.043669,9.920643
1755404211651,0.303888,-0.074776,9.784252
1755404211652,0.303888,-0.022134,9.870394
1755404211654,0.277567,0.04008,9.971191
1755404211657,0.301496,0.047258,9.920643
1755404211661,0.241675,-0.062812,9.896714
1755404211662,0.284746,-0.019741,9.667004
1755404211664,0.256032,-0.081954,10.03819
1755404211668,0.277567,-0.031705,9.879965
1755404211669,0.287139,0.011366,9.738789
1755404211672,0.287139,-0.000598,10.042975
1755404211674,0.306281,-0.029312,9.88475
1755404211676,0.256032,-0.048455,9.762716
1755404211679,0.306281,-0.034098,9.906285
1755404211681,0.323031,-0.014955,9.964012
1755404211683,0.308674,0.020937,9.872787
1755404211685,0.29671,0.049651,9.74836
1755404211688,0.227318,-0.022134,10.109975
1755404211690,0.287139,-0.062812,9.585648
1755404211693,0.253639,-0.010169,9.956834
1755404211695,0.260818,-0.002991,9.944571
1755404211697,0.318245,0.004187,9.920643
1755404211700,0.236889,0.054437,9.865608
1755404211703,0.31346,-0.019741,10.040583
1755404211705,0.301496,-0.05324,9.832108
1755404211707,0.311067,-0.026919,9.779466
1755404211709,0.284746,-0.019741,9.856036
1755404211713,0.287139,-0.005384,9.949656
1755404211717,0.299103,0.004187,9.760324
1755404211719,0.282353,-0.017348,9.952048
1755404211720,0.31346,-0.017348,9.860822
1755404211723,0.232104,-0.060419,9.812965
1755404211724,0.289532,-0.029312,9.923036
1755404211727,0.284746,-0.022134,9.848858
1755404211730,0.263211,-0.002991,10.028619
1755404211732,0.308674,0.037687,9.640682
1755404211734,0.270389,-0.038883,10.098011
1755404211737,0.308674,-0.060419,9.920643
1755404211739,0.270389,-0.017348,9.74836
1755404211741,0.282353,-0.043669,9.934999
1755404211743,0.291924,-0.010169,9.839287
1755404211746,0.251246,-0.026919,9.968799
1755404211748,0.31346,-0.005384,9.822537
1755404211750,0.265603,-0.022134,9.846465
1755404211753,0.339781,0.011366,9.753145
1755404211755,0.29671,-0.022134,10.095618
1755404211757,0.29671,-0.017348,9.71486
1755404211760,0.263211,-0.043669,9.983155
1755404211763,0.29671,-0.029312,9.906285
1755404211766,0.287139,-0.022134,9.801002
1755404211768,0.29671,-0.038883,9.942178
1755404211769,0.265603,-0.014955,9.812965
1755404211773,0.291924,-0.046062,9.906285
1755404211775,0.311067,-0.022134,9.779466
1755404211777,0.289532,-0.067597,9.959227
1755404211781,0.303888,0.001795,9.755538
1755404211783,0.270389,-0.05324,9.966406
1755404211784,0.308674,0.016152,9.79143
1755404211787,0.29671,-0.067597,9.997512
1755404211789,0.301496,-0.000598,9.796216
1755404211791,0.284746,-0.048455,10.002297
1755404211794,0.323031,-0.012562,9.79143
1755404211797,0.277567,-0.046062,9.961619
1755404211799,0.27996,-0.034098,9.801002
1755404211802,0.287139,-0.029312,9.927821
1755404211803,0.282353,-0.002991,9.812965
1755404211807,0.301496,-0.017348,9.908679
1755404211808,0.315853,-0.007777,9.844072
1755404211810,0.308674,-0.010169,9.903893
1755404211814,0.284746,-0.000598,9.820144
1755404211815,0.349352,-0.038883,9.91825
1755404211817,0.270389,-0.012562,9.853643
1755404211820,0.299103,-0.034098,9.925428
1755404211822,0.251246,-0.019741,9.839287
1755404211824,0.291924,-0.034098,9.894321
1755404211827,0.272782,-0.012562,9.829716
1755404211831,0.294317,-0.05324,9.870394
1755404211832,0.291924,-0.005384,9.844072
1755404211834,0.277567,-0.036491,9.913465
1755404211836,0.308674,-0.005384,9.805787
1755404211839,0.272782,-0.050847,9.9015
1755404211842,0.291924,-0.058026,9.822537
1755404211844,0.222533,-0.036491,9.995119
1755404211846,0.299103,0.008973,9.812965
1755404211849,0.239282,0.020937,10.028619
1755404211851,0.31346,0.025723,9.717253
1755404211853,0.244068,-0.007777,10.05494
1755404211856,0.334995,-0.043669,9.767502
1755404211858,0.234497,-0.043669,9.973584
1755404211860,0.315853,0.008973,9.810573
1755404211863,0.284746,-0.000598,9.908679
1755404211865,0.284746,-0.060419,9.889536
1755404211868,0.236889,-0.014955,9.846465
1755404211870,0.267996,-0.038883,9.894321
1755404211873,0.282353,-0.029312,9.779466
1755404211875,0.248854,-0.017348,9.990334
1755404211878,0.318245,0.030508,9.77468
1755404211880,0.256032,-0.041276,10.102797
1755404211884,0.311067,-0.002991,9.765109
1755404211885,0.265603,-0.041276,9.877572
1755404211887,0.287139,-0.050847,9.822537
1755404211890,0.282353,-0.043669,9.91825
1755404211892,0.27996,-0.050847,9.896714
1755404211894,0.272782,0.020937,9.736395
1755404211896,0.260818,0.013759,10.13151
1755404211899,0.318245,0.025723,9.851251
1755404211901,0.239282,-0.026919,9.882358
1755404211904,0.344566,-0.048455,9.717253
1755404211906,0.311067,-0.046062,9.9015
1755404211908,0.287139,-0.034098,9.889536
1755404211911,0.287139,0.044865,9.868001
1755404211913,0.232104,-0.005384,10.026226
1755404211916,0.303888,-0.043669,9.678967
1755404211918,0.289532,-0.10349,9.91825
1755404211921,0.315853,-0.019741,9.879965
1755404211923,0.33021,0.016152,9.934999
1755404211925,0.284746,-0.014955,9.865608
1755404211928,0.311067,-0.074776,9.913465
1755404211930,0.33021,-0.029312,9.80818
1755404211933,0.258425,-0.000598,9.908679
1755404211935,0.27996,0.030508,9.9015
1755404211937,0.306281,0.018544,9.851251
1755404211940,0.248854,-0.062812,9.934999
1755404211943,0.31346,-0.002991,9.805787
1755404211944,0.267996,-0.024526,9.932607
1755404211947,0.323031,-0.036491,9.882358
1755404211949,0.315853,-0.010169,9.877572
1755404211951,0.29671,-0.017348,9.844072
1755404211954,0.308674,-0.024526,9.894321
1755404211957,0.291924,-0.012562,9.88475
1755404211959,0.277567,0.030508,9.899107
1755404211961,0.263211,-0.024526,9.882358
1755404211964,0.253639,-0.048455,9.786645
1755404211967,0.267996,-0.043669,9.956834
1755404211969,0.303888,0.044865,9.856036
1755404211971,0.263211,-0.014955,9.848858
1755404211973,0.284746,-0.084347,9.844072
1755404211975,0.325424,-0.000598,9.911072
1755404211978,0.275175,0.042473,9.934999
1755404211981,0.287139,-0.012562,9.829716
1755404211984,0.301496,-0.081954,9.923036
1755404211985,0.241675,0.028116,9.91825
1755404211988,0.270389,0.013759,9.815358
1755404211990,0.284746,-0.072383,9.870394
1755404211992,0.287139,-0.096311,9.860822
1755404211995,0.277567,0.018544,9.913465
1755404211997,0.265603,0.030508,9.954441
1755404212001,0.284746,-0.026919,9.879965
1755404212002,0.289532,-0.072383,9.896714
1755404212006,0.258425,-0.022134,9.836894
1755404212007,0.284746,-0.043669,9.865608
1755404212009,0.301496,-0.058026,9.930214
1755404212011,0.327817,0.037687,9.820144
1755404212014,0.222533,-0.065204,9.879965
1755404212016,0.334995,-0.034098,9.894321
1755404212019,0.265603,-0.000598,9.872787
1755404212021,0.20339,-0.060419,9.79143
1755404212024,0.33021,-0.06999,10.00469
1755404212026,0.318245,0.037687,9.97837
1755404212028,0.263211,0.035294,9.798609
1755404212031,0.270389,-0.050847,9.896714
1755404212033,0.325424,-0.093918,9.822537
1755404212035,0.263211,-0.024526,9.812965
1755404212038,0.270389,0.020937,9.848858
1755404212040,0.306281,-0.043669,9.906285
1755404212042,0.248854,0.00658,9.875179
1755404212045,0.227318,-0.036491,9.872787
1755404212047,0.251246,-0.014955,9.853643
1755404212050,0.303888,-0.019741,9.829716
1755404212053,0.265603,-0.050847,9.832108
1755404212055,0.256032,-0.034098,9.954441
1755404212058,0.320638,0.061615,9.865608
1755404212059,0.299103,-0.031705,9.906285
1755404212062,0.277567,-0.026919,9.844072
1755404212064,0.320638,-0.043669,9.820144
1755404212067,0.244068,-0.05324,9.88475
1755404212070,0.294317,0.035294,10.009477
1755404212072,0.265603,0.064008,9.851251
1755404212074,0.258425,-0.098704,9.868001
1755404212076,0.33021,-0.079561,9.899107
1755404212079,0.301496,0.042473,9.812965
1755404212081,0.244068,-0.012562,9.812965
1755404212084,0.308674,-0.034098,9.91825
1755404212087,0.287139,0.020937,9.908679
1755404212089,0.260818,0.028116,9.803394
1755404212091,0.253639,-0.108275,9.812965
1755404212093,0.291924,-0.072383,9.966406
1755404212095,0.263211,0.035294,9.84168
1755404212098,0.253639,-0.022134,9.896714
1755404212100,0.332602,-0.074776,9.966406
1755404212103,0.239282,0.011366,10.00469
1755404212105,0.267996,0.02333,9.777073
1755404212107,0.253639,-0.065204,9.925428
1755404212110,0.306281,-0.058026,9.858429
1755404212112,0.253639,0.001795,9.844072
1755404212114,0.256032,-0.043669,9.853643
1755404212117,0.320638,-0.058026,9.872787
1755404212120,0.301496,0.004187,9.947263
1755404212123,0.275175,-0.005384,9.815358
1755404212124,0.246461,-0.050847,9.964012
1755404212127,0.315853,0.020937,9.882358
1755404212129,0.277567,-0.024526,9.822537
1755404212131,0.303888,-0.081954,9.860822
1755404212134,0.346959,-0.017348,10.016655
1755404212137,0.241675,0.054437,9.829716
1755404212138,0.263211,-0.050847,9.810573
1755404212141,0.323031,-0.055633,10.019048
1755404212143,0.272782,0.032901,9.803394
1755404212146,0.253639,-0.046062,9.82493
1755404212148,0.308674,-0.043669,10.021441
1755404212151,0.29671,0.032901,9.84168
1755404212154,0.205783,-0.038883,9.765109
1755404212155,0.315853,-0.110668,9.911072
1755404212158,0.33021,0.018544,9.964012
1755404212160,0.256032,0.068794,9.851251
1755404212163,0.263211,-0.060419,9.870394
1755404212165,0.306281,-0.093918,9.834501
1755404212168,0.267996,-0.043669,9.801002
1755404212171,0.222533,-0.038883,10.07169
1755404212173,0.349352,0.04008,9.779466
1755404212175,0.272782,-0.05324,9.923036
1755404212177,0.311067,-0.034098,9.798609
1755404212179,0.311067,-0.000598,9.939785
1755404212182,0.29671,0.004187,9.882358
1755404212184,0.29671,0.00658,9.906285
1755404212188,0.303888,-0.034098,9.865608
1755404212189,0.246461,-0.026919,9.870394
1755404212191,0.289532,-0.026919,9.908679
1755404212194,0.287139,-0.029312,9.851251
1755404212196,0.234497,-0.017348,9.896714
1755404212198,0.277567,-0.046062,9.899107
1755404212201,0.284746,-0.014955,9.879965
1755404212205,0.256032,-0.014955,9.851251
1755404212206,0.27996,-0.017348,9.903893
1755404212209,0.315853,-0.019741,9.868001
1755404212211,0.270389,-0.014955,9.908679
1755404212213,0.299103,-0.038883,9.875179
1755404212215,0.289532,-0.048455,9.894321
1755404212218,0.282353,-0.014955,9.894321
1755404212220,0.267996,-0.007777,9.877572
1755404212223,0.282353,-0.019741,9.879965
1755404212226,0.303888,-0.017348,9.863214
1755404212227,0.275175,-0.022134,9.894321
1755404212230,0.284746,-0.000598,9.870394
1755404212232,0.258425,-0.029312,9.887143
1755404212234,0.294317,-0.022134,9.877572
1755404212237,0.294317,-0.005384,9.889536
1755404212239,0.253639,-0.048455,9.863214
1755404212242,0.287139,-0.014955,9.875179
1755404212244,0.299103,-0.022134,9.894321
1755404212246,0.306281,-0.041276,9.84168
1755404212249,0.282353,-0.024526,9.856036
1755404212251,0.294317,-0.012562,9.91825
1755404212253,0.318245,0.008973,9.88475
1755404212256,0.287139,-0.026919,9.860822
1755404212258,0.29671,-0.036491,9.896714
1755404212261,0.272782,-0.031705,9.839287
1755404212263,0.277567,-0.043669,9.879965
1755404212266,0.287139,-0.034098,9.887143
1755404212268,0.267996,-0.010169,9.932607
1755404212270,0.277567,0.001795,9.832108
1755404212274,0.275175,-0.002991,9.889536
1755404212276,0.275175,-0.012562,9.88475
1755404212277,0.277567,-0.026919,9.920643
1755404212280,0.270389,-0.029312,9.851251
1755404212283,0.311067,-0.038883,9.877572
1755404212284,0.315853,-0.012562,9.899107
1755404212287,0.320638,-0.012562,9.870394
1755404212290,0.29671,-0.029312,9.911072
1755404212293,0.315853,-0.019741,9.84168
1755404212294,0.323031,-0.012562,9.879965
1755404212296,0.33021,-0.038883,9.858429
1755404212299,0.299103,-0.012562,9.877572
1755404212301,0.303888,0.016152,9.896714
1755404212304,0.29671,0.004187,9.868001
1755404212307,0.270389,-0.041276,9.894321
1755404212309,0.291924,-0.026919,9.906285
1755404212311,0.29671,-0.024526,9.870394
1755404212313,0.284746,0.00658,9.887143
1755404212316,0.270389,-0.041276,9.906285
1755404212318,0.270389,0.004187,9.889536
1755404212320,0.27996,-0.007777,9.882358
1755404212324,0.248854,-0.031705,9.865608
1755404212326,0.282353,-0.017348,9.899107
1755404212328,0.277567,-0.024526,9.858429
1755404212330,0.275175,-0.022134,9.875179
1755404212332,0.289532,-0.019741,9.879965
1755404212335,0.275175,-0.046062,9.915857
1755404212337,0.282353,-0.024526,9.911072
1755404212341,0.275175,-0.034098,9.911072
1755404212344,0.294317,-0.024526,9.877572
1755404212345,0.267996,-0.002991,9.903893
1755404212347,0.284746,-0.017348,9.870394
1755404212349,0.289532,-0.022134,9.868001
1755404212352,0.284746,-0.036491,9.877572
1755404212354,0.27996,-0.017348,9.88475
1755404212357,0.287139,-0.026919,9.896714
1755404212359,0.287139,-0.026919,9.915857
1755404212361,0.275175,-0.002991,9.865608
1755404212364,0.287139,-0.014955,9.889536
1755404212367,0.265603,0.008973,9.896714
1755404212368,0.287139,-0.034098,9.894321
1755404212371,0.246461,0.001795,9.877572
1755404212375,0.270389,-0.010169,9.872787
1755404212376,0.287139,0.020937,9.856036
1755404212378,0.277567,-0.026919,9.906285
1755404212380,0.260818,-0.014955,9.858429
1755404212383,0.248854,-0.022134,9.882358
1755404212385,0.267996,-0.022134,9.875179
1755404212387,0.272782,-0.038883,9.863214
1755404212392,0.27996,-0.031705,9.872787
1755404212393,0.308674,-0.017348,9.88475
1755404212395,0.287139,-0.041276,9.853643
1755404212397,0.284746,-0.024526,9.868001
1755404212400,0.265603,-0.038883,9.891929
1755404212402,0.289532,-0.007777,9.882358
1755404212404,0.291924,-0.034098,9.891929
1755404212407,0.289532,-0.012562,9.865608
1755404212409,0.272782,-0.022134,9.887143
1755404212412,0.267996,-0.022134,9.887143
1755404212414,0.267996,-0.017348,9.894321
1755404212416,0.291924,-0.002991,9.899107
1755404212419,0.282353,-0.019741,9.882358
1755404212421,0.291924,-0.005384,9.877572
1755404212424,0.299103,-0.019741,9.882358
1755404212426,0.263211,-0.036491,9.865608
1755404212428,0.260818,-0.041276,9.877572
1755404212431,0.284746,-0.007777,9.9015
1755404212433,0.284746,-0.012562,9.9015
1755404212435,0.277567,-0.022134,9.863214
1755404212438,0.299103,-0.036491,9.872787
1755404212440,0.299103,-0.041276,9.906285
1755404212443,0.272782,-0.031705,9.865608
1755404212447,0.244068,-0.026919,9.88475
1755404212449,0.270389,-0.007777,9.887143
1755404212451,0.287139,-0.024526,9.865608
1755404212453,0.294317,-0.055633,9.903893
1755404212455,0.294317,-0.041276,9.858429
1755404212457,0.227318,-0.022134,9.88475
1755404212460,0.227318,-0.058026,9.88475
1755404212462,0.253639,-0.014955,9.88475
1755404212465,0.306281,-0.038883,9.868001
1755404212467,0.289532,-0.034098,9.887143
1755404212470,0.291924,-0.036491,9.856036
1755404212471,0.27996,-0.019741,9.865608
1755404212474,0.277567,-0.031705,9.875179
1755404212477,0.253639,-0.036491,9.913465
1755404212479,0.284746,-0.022134,9.870394
1755404212482,0.258425,0.001795,9.875179
1755404212484,0.277567,-0.005384,9.858429
1755404212487,0.287139,-0.017348,9.870394
1755404212488,0.284746,-0.002991,9.879965
1755404212491,0.287139,-0.014955,9.853643
1755404212494,0.277567,-0.007777,9.877572
1755404212496,0.258425,-0.029312,9.872787
1755404212498,0.29671,-0.012562,9.870394
1755404212500,0.31346,-0.019741,9.865608
1755404212503,0.27996,-0.012562,9.889536
1755404212505,0.294317,-0.014955,9.908679
1755404212508,0.284746,-0.014955,9.875179
1755404212511,0.275175,-0.019741,9.879965
1755404212512,0.265603,-0.017348,9.875179
1755404212515,0.284746,-0.019741,9.889536
1755404212517,0.299103,-0.014955,9.870394
1755404212520,0.272782,-0.022134,9.887143
1755404212522,0.282353,-0.031705,9.839287
1755404212525,0.29671,-0.010169,9.853643
1755404212528,0.270389,-0.036491,9.877572
1755404212530,0.306281,-0.036491,9.882358
1755404212531,0.282353,-0.002991,9.887143
1755404212535,0.29671,0.00658,9.877572
1755404212536,0.263211,-0.012562,9.865608
1755404212539,0.272782,-0.019741,9.872787
1755404212542,0.294317,-0.024526,9.853643
1755404212545,0.256032,-0.038883,9.906285
1755404212546,0.27996,-0.007777,9.879965
1755404212548,0.31346,-0.019741,9.9015
1755404212551,0.272782,-0.019741,9.889536
1755404212554,0.303888,-0.026919,9.887143
1755404212555,0.289532,-0.043669,9.863214
1755404212559,0.284746,-0.041276,9.882358
1755404212560,0.299103,-0.014955,9.877572
1755404212563,0.327817,-0.005384,9.870394
1755404212565,0.272782,-0.031705,9.877572
1755404212567,0.272782,-0.014955,9.877572
1755404212571,0.277567,-0.024526,9.870394
1755404212572,0.270389,0.00658,9.877572
1755404212575,0.27996,-0.019741,9.903893
1755404212577,0.277567,-0.017348,9.875179
1755404212579,0.289532,-0.041276,9.887143
1755404212582,0.267996,-0.017348,9.865608
1755404212585,0.265603,-0.026919,9.856036
1755404212586,0.256032,-0.017348,9.877572
1755404212589,0.239282,-0.038883,9.868001
1755404212591,0.265603,-0.046062,9.856036
1755404212595,0.289532,-0.031705,9.870394
1755404212597,0.277567,-0.019741,9.88475
1755404212599,0.265603,0.00658,9.887143
1755404212601,0.289532,-0.029312,9.875179
1755404212603,0.291924,0.001795,9.88475
1755404212606,0.270389,-0.000598,9.882358
1755404212608,0.256032,-0.000598,9.894321
1755404212611,0.27996,-0.019741,9.915857
1755404212613,0.303888,-0.026919,9.879965
1755404212616,0.294317,-0.024526,9.879965
1755404212619,0.327817,-0.029312,9.870394
1755404212620,0.284746,-0.017348,9.882358
1755404212623,0.29671,-0.055633,9.896714
1755404212625,0.299103,-0.022134,9.851251
1755404212627,0.325424,0.00658,9.868001
1755404212630,0.267996,-0.024526,9.88475
1755404212632,0.308674,-0.022134,9.889536
1755404212635,0.31346,-0.026919,9.882358
1755404212637,0.275175,-0.007777,9.891929
1755404212640,0.263211,-0.005384,9.882358
1755404212642,0.31346,-0.017348,9.865608
1755404212644,0.272782,-0.010169,9.9015
1755404212647,0.294317,-0.014955,9.872787
1755404212649,0.332602,-0.007777,9.868001
1755404212651,0.284746,-0.031705,9.865608
1755404212654,0.275175,-0.026919,9.889536
1755404212657,0.299103,-0.048455,9.891929
1755404212659,0.267996,-0.014955,9.872787
1755404212661,0.29671,-0.031705,9.891929
1755404212665,0.27996,-0.019741,9.858429
1755404212666,0.227318,0.001795,9.789038
1755404212668,0.27996,-0.019741,9.891929
1755404212670,0.287139,-0.007777,9.848858
1755404212673,0.256032,-0.024526,9.80818
1755404212675,0.265603,-0.034098,9.829716
1755404212678,0.323031,-0.058026,9.971191
1755404212681,0.303888,0.020937,10.023833
1755404212682,0.332602,-0.026919,10.042975
1755404212686,0.301496,-0.007777,9.863214
1755404212687,0.315853,0.001795,10.00469
1755404212690,0.299103,-0.026919,9.925428
1755404212692,0.224925,-0.017348,9.839287
1755404212695,0.287139,-0.036491,9.839287
1755404212699,0.282353,0.013759,9.882358
1755404212700,0.229711,-0.026919,9.688539
1755404212702,0.351745,-0.074776,9.966406
1755404212704,0.229711,0.025723,9.829716
1755404212706,0.236889,-0.007777,9.789038
1755404212709,0.387637,-0.077169,9.949656
1755404212712,0.421137,-0.110668,10.078868
1755404212713,0.248854,-0.002991,9.88475
1755404212716,0.385244,-0.06999,10.095618
1755404212718,0.224925,-0.058026,9.643075
1755404212721,0.363709,-0.084347,9.796216
1755404212723,0.17677,0.008973,9.705289
1755404212726,0.16002,0.066401,9.9015
1755404212728,0.234497,-0.014955,9.702896
1755404212730,0.244068,0.02333,10.050154
1755404212733,0.244068,0.004187,9.915857
1755404212736,0.325424,-0.062812,9.760324
1755404212739,0.344566,-0.079561,9.908679
1755404212740,0.311067,-0.024526,9.971191
1755404212743,0.263211,-0.007777,9.858429
1755404212745,0.29671,-0.017348,9.899107
1755404212747,0.284746,-0.000598,9.853643
1755404212750,0.270389,-0.029312,9.894321
1755404212752,0.277567,0.008973,9.906285
1755404212754,0.267996,-0.002991,10.016655
1755404212757,0.289532,-0.017348,9.77468
1755404212759,0.291924,-0.144168,9.812965
1755404212762,0.272782,-0.041276,9.983155
1755404212764,0.315853,0.078365,9.803394
1755404212767,0.244068,-0.093918,9.882358
1755404212770,0.311067,-0.034098,9.983155
1755404212771,0.351745,0.035294,9.820144
1755404212774,0.232104,-0.077169,9.872787
1755404212776,0.289532,-0.014955,9.987941
1755404212780,0.320638,0.092722,9.822537
1755404212780,0.222533,-0.079561,9.84168
1755404212783,0.287139,-0.036491,9.995119
1755404212786,0.346959,0.073579,9.822537
1755404212788,0.205783,-0.098704,9.817751
1755404212790,0.287139,-0.029312,10.007083
1755404212793,0.346959,0.085543,9.796216
1755404212795,0.164806,-0.125025,9.84168
1755404212797,0.325424,-0.017348,10.009477
1755404212801,0.368495,0.071186,9.722038
1755404212802,0.167198,-0.156132,9.961619
1755404212805,0.356531,0.020937,9.947263
1755404212807,0.303888,-0.029312,9.693324
1755404212809,0.171984,-0.084347,10.069297
1755404212812,0.416351,0.020937,9.750752
1755404212814,0.212961,-0.062812,9.990334
1755404212817,0.263211,0.02333,9.856036
1755404212819,0.344566,-0.058026,9.820144
1755404212822,0.210568,-0.002991,10.002297
1755404212824,0.325424,0.013759,9.667004
1755404212826,0.188734,-0.067597,10.136296
1755404212829,0.387637,0.052044,9.623933
1755404212831,0.205783,-0.096311,10.093225
1755404212834,0.346959,0.061615,9.769895
1755404212836,0.267996,-0.065204,9.913465
1755404212839,0.256032,-0.002991,9.925428
1755404212840,0.323031,-0.036491,9.79143
1755404212843,0.195912,-0.048455,10.026226
1755404212846,0.342174,0.016152,9.729217
1755404212848,0.246461,-0.041276,10.011869
1755404212851,0.332602,0.008973,9.793823
1755404212852,0.234497,-0.067597,9.906285
1755404212855,0.275175,-0.005384,9.891929
1755404212857,0.303888,-0.010169,9.851251
1755404212860,0.27996,-0.024526,9.925428
1755404212863,0.308674,0.016152,9.872787
1755404212865,0.267996,-0.048455,9.846465
1755404212869,0.256032,-0.048455,9.913465
1755404212870,0.291924,-0.000598,9.82493
1755404212872,0.217747,-0.055633,9.930214
1755404212874,0.299103,-0.005384,9.853643
1755404212876,0.31346,-0.041276,9.913465
1755404212879,0.303888,-0.019741,9.906285
1755404212882,0.342174,-0.024526,9.832108
1755404212885,0.260818,-0.010169,9.9015
1755404212887,0.299103,0.004187,9.913465
1755404212889,0.315853,-0.029312,9.889536
1755404212891,0.301496,-0.038883,9.887143
1755404212893,0.346959,-0.019741,9.882358
1755404212896,0.251246,-0.046062,9.844072
1755404212898,0.258425,0.020937,9.894321
1755404212902,0.246461,0.025723,9.903893
1755404212904,0.078664,0.078365,9.710074
1755404212906,0.267996,0.028116,9.968799
1755404212908,0.334995,-0.077169,9.88475
1755404212910,0.349352,-0.012562,9.997512
1755404212913,0.325424,-0.007777,10.050154
1755404212915,0.368495,-0.084347,9.915857
1755404212919,0.270389,-0.048455,9.875179
1755404212920,0.181555,0.001795,9.80818
1755404212922,0.311067,-0.022134,9.844072
1755404212925,0.31346,-0.055633,9.987941
1755404212927,0.282353,-0.034098,9.887143
1755404212929,0.287139,0.02333,9.915857
1755404212931,0.256032,-0.038883,9.796216
1755404212934,0.224925,-0.132203,9.906285
1755404212937,0.361316,0.008973,9.913465
1755404212939,0.215354,0.016152,9.839287
1755404212944,0.210568,-0.089133,9.906285
1755404212945,0.332602,-0.005384,9.899107
1755404212946,0.258425,0.00658,9.822537
1755404212949,0.246461,-0.036491,9.927821
1755404212951,0.339781,0.016152,9.860822
1755404212953,0.241675,-0.074776,9.846465
1755404212956,0.232104,-0.031705,10.021441
1755404212958,0.37328,0.018544,9.796216
1755404212961,0.186341,-0.031705,9.875179
1755404212963,0.291924,0.008973,9.879965
1755404212965,0.315853,0.032901,9.846465
1755404212967,0.174377,-0.065204,9.937392
1755404212970,0.368495,0.011366,9.858429
1755404212972,0.253639,-0.058026,9.827323
1755404212975,0.227318,-0.043669,9.975977
1755404212977,0.380459,0.020937,9.779466
1755404212980,0.210568,-0.058026,9.934999
1755404212982,0.318245,0.018544,9.944571
1755404212984,0.320638,-0.041276,9.777073
1755404212987,0.222533,-0.022134,9.987941
1755404212989,0.351745,0.020937,9.753145
1755404212991,0.224925,-0.091525,9.896714
1755404212994,0.291924,-0.026919,9.997512
1755404212997,0.299103,-0.029312,9.829716
1755404212999,0.212961,-0.038883,9.971191
1755404213001,0.397209,0.049651,9.705289
1755404213004,0.224925,-0.014955,9.911072
1755404213006,0.301496,-0.002991,9.954441
1755404213009,0.320638,-0.048455,9.856036
1755404213011,0.234497,-0.024526,9.894321
1755404213013,0.351745,0.042473,9.738789
1755404213016,0.19352,-0.084347,10.062119
1755404213018,0.332602,0.044865,9.870394
1755404213021,0.294317,-0.05324,9.767502
1755404213023,0.265603,0.001795,9.999905
1755404213025,0.366102,0.035294,9.710074
1755404213028,0.174377,-0.108275,10.143475
1755404213030,0.375673,0.064008,9.753145
1755404213032,0.222533,-0.055633,9.858429
1755404213035,0.241675,-0.034098,9.947263
1755404213038,0.342174,-0.014955,9.710074
1755404213040,0.171984,-0.06999,10.090832
1755404213043,0.413958,0.054437,9.724431
1755404213044,0.183948,-0.08674,10.045368
1755404213047,0.327817,0.035294,9.659825
1755404213049,0.325424,-0.081954,10.03819
1755404213051,0.282353,-0.007777,9.927821
1755404213054,0.299103,-0.084347,9.784252
1755404213056,0.210568,-0.031705,9.848858
1755404213059,0.232104,-0.08674,9.420543
1755404213061,0.088235,0.013759,9.695718
1755404213064,0.217747,0.049651,9.743574
1755404213066,0.253639,0.020937,10.186545
1755404213068,0.480957,-0.084347,10.153046
1755404213072,0.334995,-0.000598,10.03819
1755404213073,0.251246,0.049651,10.035797
1755404213076,0.040379,0.087936,9.389436
1755404213078,0.169591,0.004187,9.623933
1755404213080,0.097807,0.073579,9.803394
1755404213082,0.433101,-0.034098,10.086046
1755404213085,0.17677,0.008973,9.896714
1755404213087,0.346959,-0.000598,9.997512
1755404213091,0.306281,-0.000598,10.172188
1755404213092,0.344566,-0.041276,9.82493
1755404213095,0.186341,0.054437,9.894321
1755404213097,0.289532,-0.05324,9.863214
1755404213099,0.476172,-0.151346,10.112368
1755404213102,0.260818,-0.06999,9.712467
1755404213106,0.195912,0.001795,9.698111
1755404213107,0.308674,-0.038883,9.980762
1755404213109,0.287139,-0.041276,9.937392
1755404213112,0.224925,-0.002991,9.74836
1755404213114,0.27996,-0.019741,9.990334
1755404213116,0.291924,-0.043669,9.899107
1755404213118,0.246461,-0.022134,9.848858
1755404213121,0.277567,-0.024526,9.985548
1755404213124,0.303888,-0.017348,9.853643
1755404213126,0.27996,-0.065204,9.877572
1755404213128,0.275175,-0.019741,9.844072
1755404213131,0.277567,-0.024526,9.872787
1755404213133,0.277567,-0.022134,9.877572
1755404213135,0.318245,0.016152,9.839287
1755404213137,0.258425,-0.026919,9.906285
1755404213140,0.299103,-0.000598,9.84168
1755404213143,0.282353,-0.029312,9.879965
1755404213146,0.253639,-0.000598,9.870394
1755404213147,0.277567,-0.010169,9.896714
1755404213150,0.284746,-0.022134,9.877572
1755404213152,0.267996,-0.005384,9.903893
1755404213154,0.263211,-0.038883,9.860822
1755404213157,0.318245,0.004187,9.899107
1755404213160,0.303888,-0.019741,9.870394
1755404213162,0.272782,-0.026919,9.879965
1755404213164,0.306281,-0.014955,9.877572
1755404213167,0.284746,-0.019741,9.848858
1755404213169,0.284746,-0.031705,9.896714
1755404213171,0.267996,-0.010169,9.889536
1755404213174,0.277567,-0.019741,9.879965
1755404213176,0.284746,-0.010169,9.868001
1755404213179,0.289532,-0.017348,9.927821
1755404213181,0.327817,-0.014955,9.863214
1755404213183,0.109771,0.047258,9.549755
1755404213186,0.256032,-0.014955,9.707682
1755404213188,0.205783,0.008973,9.798609
1755404213191,0.183948,0.00658,9.79143
1755404213194,0.287139,0.008973,9.865608
1755404213195,0.256032,-0.010169,9.870394
1755404213198,0.299103,0.001795,9.865608
1755404213200,0.263211,-0.026919,9.915857
1755404213202,0.260818,0.004187,9.860822
1755404213205,0.253639,0.008973,9.9015
1755404213208,0.315853,-0.002991,9.815358
1755404213210,0.239282,-0.081954,9.956834
1755404213212,0.325424,-0.060419,9.717253
1755404213214,0.20339,-0.005384,10.088439
1755404213217,0.318245,0.054437,9.762716
1755404213219,0.260818,-0.043669,10.052547
1755404213222,0.320638,-0.024526,9.705289
1755404213225,0.260818,-0.067597,9.954441
1755404213227,0.332602,-0.034098,9.858429
1755404213229,0.272782,0.02333,9.844072
1755404213231,0.253639,0.047258,9.97837
1755404213234,0.320638,0.02333,9.757931
1755404213236,0.275175,-0.153739,9.887143
1755404213239,0.277567,-0.050847,9.927821
1755404213242,0.299103,0.075972,9.856036
1755404213243,0.263211,0.016152,9.913465
1755404213246,0.265603,-0.048455,9.872787
1755404213248,0.299103,-0.022134,9.879965
1755404213250,0.27996,0.044865,9.949656
1755404213252,0.294317,-0.031705,9.753145
1755404213255,0.287139,-0.050847,9.952048
1755404213259,0.284746,-0.005384,9.896714
1755404213260,0.260818,-0.060419,9.82493
1755404213262,0.27996,-0.048455,9.944571
1755404213265,0.303888,0.008973,9.877572
1755404213268,0.272782,-0.029312,9.79143
1755404213269,0.289532,-0.089133,9.827323
1755404213272,0.263211,-0.043669,9.956834
1755404213274,0.299103,0.066401,9.860822
1755404213277,0.267996,-0.017348,9.956834
1755404213280,0.315853,-0.014955,9.91825
1755404213282,0.29671,0.013759,9.772287
1755404213284,0.239282,-0.05324,9.903893
1755404213286,0.294317,-0.048455,9.844072
1755404213289,0.275175,-0.036491,9.932607
1755404213291,0.275175,0.025723,9.863214
1755404213294,0.29671,-0.05324,9.863214
1755404213298,0.31346,-0.022134,9.894321
1755404213299,0.294317,-0.024526,9.894321
1755404213301,0.270389,-0.005384,9.865608
1755404213303,0.29671,-0.031705,9.889536
1755404213305,0.253639,-0.026919,9.856036
1755404213308,0.289532,-0.06999,9.860822
1755404213311,0.277567,0.013759,9.903893
1755404213312,0.267996,-0.017348,9.877572
1755404213315,0.229711,-0.026919,9.906285
1755404213317,0.339781,0.004187,9.848858
1755404213320,0.205783,-0.012562,9.956834
1755404213322,0.320638,-0.029312,9.803394
1755404213324,0.251246,-0.031705,9.987941
1755404213327,0.325424,-0.000598,9.731609
1755404213329,0.195912,-0.034098,9.949656
1755404213332,0.323031,0.018544,9.839287
1755404213334,0.248854,-0.034098,9.903893
1755404213336,0.265603,-0.014955,9.877572
1755404213339,0.275175,-0.012562,9.851251
1755404213341,0.263211,-0.014955,9.879965
1755404213344,0.256032,-0.012562,9.925428
1755404213346,0.342174,-0.014955,9.882358
1755404213349,0.282353,-0.026919,9.899107
1755404213351,0.323031,-0.026919,9.820144
1755404213353,0.303888,-0.041276,9.879965
1755404213355,0.311067,-0.010169,9.851251
1755404213358,0.270389,-0.022134,9.913465
1755404213361,0.301496,-0.012562,9.875179
1755404213363,0.29671,-0.010169,9.860822
1755404213365,0.277567,-0.007777,9.891929
1755404213368,0.294317,-0.022134,9.844072
1755404213370,0.277567,-0.024526,9.911072
1755404213372,0.301496,-0.010169,9.863214
1755404213375,0.287139,-0.022134,9.911072
1755404213378,0.294317,-0.007777,9.846465
1755404213380,0.277567,-0.046062,9.870394
1755404213383,0.308674,-0.012562,9.860822
1755404213384,0.306281,0.004187,9.894321
1755404213387,0.284746,-0.019741,9.882358
1755404213389,0.263211,-0.031705,9.891929
1755404213392,0.287139,-0.046062,9.887143
1755404213395,0.270389,-0.014955,9.858429
1755404213396,0.258425,-0.012562,9.875179
1755404213399,0.289532,-0.007777,9.887143
1755404213401,0.308674,-0.005384,9.903893
1755404213404,0.318245,-0.010169,9.891929
1755404213406,0.315853,-0.046062,9.853643
1755404213408,0.260818,-0.012562,9.889536
1755404213412,0.267996,-0.019741,9.882358
1755404213415,0.287139,0.00658,9.88475
1755404213417,0.284746,-0.005384,9.887143
1755404213418,0.272782,-0.026919,9.858429
1755404213420,0.277567,-0.014955,9.872787
1755404213423,0.265603,0.001795,9.858429
1755404213425,0.287139,-0.002991,9.879965
1755404213429,0.246461,-0.010169,9.923036
1755404213431,0.244068,-0.017348,9.868001
1755404213432,0.303888,0.00658,9.875179
1755404213435,0.303888,-0.017348,9.832108
1755404213437,0.299103,-0.060419,9.911072
1755404213440,0.315853,-0.019741,9.879965
1755404213442,0.248854,-0.000598,9.920643
1755404213444,0.287139,-0.017348,9.877572
1755404213446,0.303888,-0.05324,9.870394
1755404213449,0.277567,-0.036491,9.856036
1755404213452,0.265603,-0.031705,9.891929
1755404213454,0.291924,-0.012562,9.860822
1755404213456,0.27996,-0.022134,9.887143
1755404213459,0.263211,-0.026919,9.853643
1755404213461,0.291924,-0.029312,9.860822
1755404213463,0.315853,0.020937,9.891929
1755404213466,0.299103,-0.007777,9.877572
1755404213468,0.256032,-0.002991,9.911072
1755404213471,0.29671,-0.017348,9.858429
1755404213473,0.253639,-0.024526,9.84168
1755404213475,0.299103,-0.062812,9.868001
1755404213478,0.27996,-0.034098,9.868001
1755404213482,0.287139,-0.012562,9.899107
1755404213484,0.270389,0.02333,9.891929
1755404213485,0.27996,-0.024526,9.88475
1755404213487,0.301496,-0.010169,9.877572
1755404213490,0.299103,-0.048455,9.88475
1755404213492,0.27996,-0.007777,9.872787
1755404213495,0.284746,-0.022134,9.911072
1755404213498,0.275175,-0.000598,9.870394
1755404213500,0.275175,-0.014955,9.868001
1755404213502,0.260818,-0.029312,9.863214
1755404213504,0.270389,-0.026919,9.868001
1755404213507,0.246461,-0.055633,9.877572
1755404213509,0.284746,-0.022134,9.882358
1755404213512,0.289532,-0.019741,9.875179
1755404213514,0.299103,-0.017348,9.879965
1755404213518,0.29671,-0.026919,9.887143
1755404213519,0.301496,-0.005384,9.875179
1755404213521,0.284746,-0.012562,9.879965
1755404213523,0.27996,-0.034098,9.879965
1755404213526,0.270389,-0.048455,9.882358
1755404213528,0.315853,-0.041276,9.870394
1755404213531,0.27996,0.00658,9.860822
1755404213533,0.248854,-0.026919,9.870394
1755404213536,0.270389,-0.029312,9.872787
1755404213538,0.29671,0.016152,9.879965
1755404213540,0.272782,-0.029312,9.899107
1755404213543,0.256032,-0.002991,9.887143
1755404213545,0.294317,-0.029312,9.903893
1755404213548,0.27996,-0.031705,9.88475
1755404213550,0.294317,-0.050847,9.887143
1755404213553,0.258425,-0.034098,9.88475
1755404213555,0.263211,-0.026919,9.860822
1755404213557,0.323031,-0.019741,9.865608
1755404213559,0.287139,-0.014955,9.870394
1755404213562,0.287139,-0.024526,9.88475
1755404213565,0.301496,-0.019741,9.894321
1755404213567,0.29671,-0.010169,9.865608
1755404213569,0.265603,-0.000598,9.870394
1755404213571,0.251246,-0.029312,9.875179
1755404213574,0.260818,-0.014955,9.887143
1755404213576,0.270389,-0.017348,9.887143
1755404213579,0.270389,-0.050847,9.894321
1755404213581,0.272782,-0.048455,9.891929
1755404213584,0.258425,-0.050847,9.879965
1755404213586,0.287139,-0.024526,9.879965
1755404213588,0.282353,-0.026919,9.858429
1755404213590,0.263211,-0.031705,9.868001
1755404213593,0.27996,-0.019741,9.899107
1755404213595,0.265603,-0.024526,9.865608
1755404213599,0.289532,-0.029312,9.882358
1755404213602,0.263211,0.001795,9.865608
1755404213603,0.301496,-0.012562,9.875179
1755404213605,0.299103,-0.022134,9.870394
1755404213607,0.275175,-0.026919,9.870394
1755404213610,0.258425,-0.017348,9.887143
1755404213612,0.270389,-0.010169,9.863214
1755404213616,0.282353,-0.010169,9.882358
1755404213617,0.27996,-0.000598,9.894321
1755404213619,0.275175,-0.022134,9.848858
1755404213621,0.277567,-0.012562,9.858429
1755404213624,0.265603,-0.010169,9.88475
1755404213626,0.275175,-0.026919,9.865608
1755404213629,0.260818,-0.014955,9.939785
1755404213631,0.248854,0.008973,9.84168
1755404213635,0.263211,-0.041276,9.80818
1755404213637,0.260818,-0.062812,9.875179
1755404213638,0.270389,0.030508,9.97837
1755404213641,0.272782,0.073579,9.834501
1755404213643,0.265603,-0.026919,10.021441
1755404213645,0.358923,-0.072383,9.710074
1755404213648,0.224925,-0.062812,10.016655
1755404213651,0.318245,-0.014955,9.722038
1755404213653,0.205783,-0.024526,10.059726
1755404213655,0.33021,-0.014955,9.734002
1755404213658,0.222533,-0.038883,9.934999
1755404213660,0.323031,-0.067597,9.789038
1755404213662,0.267996,-0.022134,9.894321
1755404213665,0.287139,-0.019741,9.961619
1755404213667,0.294317,0.049651,9.789038
1755404213670,0.227318,-0.050847,10.028619
1755404213673,0.284746,0.008973,9.743574
1755404213675,0.260818,-0.019741,10.047761
1755404213677,0.342174,-0.010169,9.724431
1755404213679,0.251246,-0.017348,9.987941
1755404213682,0.289532,-0.014955,9.822537
1755404213684,0.270389,-0.002991,9.88475
1755404213686,0.320638,-0.043669,9.937392
1755404213689,0.272782,-0.002991,9.798609
1755404213691,0.241675,-0.034098,9.975977
1755404213693,0.275175,0.00658,9.753145
1755404213696,0.275175,-0.026919,10.00469
1755404213699,0.306281,0.008973,9.765109
1755404213701,0.253639,-0.026919,9.937392
1755404213703,0.277567,-0.017348,9.870394
1755404213705,0.277567,-0.000598,9.863214
1755404213708,0.277567,-0.058026,9.937392
1755404213710,0.325424,0.025723,9.80818
1755404213713,0.267996,-0.036491,9.920643
1755404213715,0.277567,0.001795,9.779466
1755404213718,0.256032,-0.065204,9.937392
1755404213722,0.303888,-0.012562,9.856036
1755404213724,0.260818,-0.026919,9.915857
1755404213725,0.342174,0.042473,9.784252
1755404213727,0.256032,-0.050847,9.947263
1755404213729,0.323031,-0.031705,9.745967
1755404213732,0.239282,-0.072383,9.961619
1755404213735,0.315853,0.030508,9.750752
1755404213737,0.277567,-0.062812,10.03819
1755404213740,0.334995,0.013759,9.753145
1755404213742,0.265603,-0.058026,10.109975
1755404213744,0.299103,-0.007777,9.635897
1755404213747,0.22014,-0.036491,10.050154
1755404213749,0.354138,0.011366,9.712467
1755404213752,0.208176,-0.072383,10.059726
1755404213754,0.33021,-0.017348,9.79143
1755404213756,0.229711,-0.007777,10.052547
1755404213758,0.351745,-0.041276,9.822537
1755404213760,0.227318,-0.05324,10.028619
1755404213763,0.315853,-0.026919,9.626326
1755404213766,0.232104,-0.010169,10.064511
1755404213769,0.31346,-0.002991,9.832108
1755404213771,0.267996,-0.022134,9.923036
1755404213773,0.303888,0.011366,9.705289
1755404213775,0.263211,0.001795,9.975977
1755404213777,0.294317,-0.043669,10.031012
1755404213780,0.29671,-0.017348,9.762716
1755404213782,0.282353,-0.017348,9.911072
1755404213786,0.320638,-0.014955,9.745967
1755404213787,0.227318,-0.024526,10.057333
1755404213789,0.337388,0.008973,9.858429
1755404213792,0.246461,-0.034098,9.944571
1755404213794,0.277567,-0.026919,9.662218
1755404213798,0.272782,0.025723,9.887143
1755404213799,0.291924,-0.043669,9.939785
1755404213802,0.303888,-0.007777,9.834501
1755404213804,0.251246,-0.019741,9.930214
1755404213806,0.315853,0.025723,9.724431
1755404213808,0.251246,-0.031705,10.121939
1755404213811,0.327817,-0.029312,9.698111
1755404213813,0.234497,-0.002991,9.891929
1755404213815,0.315853,-0.055633,9.927821
1755404213818,0.308674,-0.05324,9.853643
1755404213821,0.234497,-0.026919,9.908679
1755404213823,0.284746,-0.010169,9.745967
1755404213825,0.246461,-0.046062,10.150653
1755404213827,0.370888,-0.026919,9.745967
1755404213830,0.236889,-0.034098,9.937392
1755404213833,0.311067,-0.038883,9.779466
1755404213835,0.275175,-0.043669,9.937392
1755404213838,0.256032,-0.034098,9.853643
1755404213842,0.277567,0.00658,9.729217
1755404213843,0.267996,-0.002991,10.109975
1755404213844,0.308674,0.001795,9.844072
1755404213847,0.246461,-0.012562,9.894321
1755404213849,0.289532,-0.067597,9.745967
1755404213852,0.260818,-0.050847,9.906285
1755404213855,0.287139,-0.041276,9.887143
1755404213856,0.306281,0.052044,9.820144
1755404213859,0.244068,0.001795,10.078868
1755404213861,0.27996,-0.010169,9.647861
1755404213863,0.270389,-0.089133,9.944571
1755404213866,0.27996,-0.067597,9.836894
1755404213869,0.301496,0.001795,9.870394
1755404213871,0.287139,0.061615,10.002297
1755404213873,0.275175,0.020937,9.772287
1755404213875,0.227318,-0.127418,9.896714
1755404213878,0.267996,-0.115454,9.839287
1755404213880,0.315853,0.042473,9.985548
1755404213883,0.267996,0.059222,9.968799
1755404213885,0.31346,-0.036491,9.731609
1755404213888,0.248854,-0.153739,9.829716
1755404213890,0.306281,-0.072383,9.942178
1755404213892,0.289532,0.095115,9.906285
1755404213895,0.239282,0.016152,9.925428
1755404213897,0.294317,-0.113061,9.829716
1755404213899,0.284746,-0.060419,9.894321
1755404213902,0.287139,0.049651,9.949656
1755404213905,0.299103,0.032901,9.79143
1755404213907,0.284746,-0.117847,9.872787
1755404213909,0.294317,-0.081954,9.889536
1755404213911,0.287139,0.061615,10.007083
1755404213914,0.260818,0.05683,9.899107
1755404213916,0.303888,-0.08674,9.729217
1755404213919,0.323031,-0.125025,9.789038
1755404213922,0.289532,-0.002991,9.966406
1755404213924,0.327817,0.121436,10.011869
1755404213926,0.224925,0.008973,9.937392
1755404213928,0.294317,-0.108275,9.678967
1755404213930,0.248854,-0.117847,9.812965
1755404213933,0.311067,-0.002991,9.932607
1755404213936,0.33021,0.066401,9.832108
1755404213939,0.236889,0.035294,10.062119
1755404213941,0.294317,-0.002991,9.734002
1755404213943,0.244068,-0.067597,9.927821
1755404213945,0.282353,-0.10349,9.760324
1755404213947,0.291924,-0.034098,9.815358
1755404213950,0.284746,0.035294,10.074082
1755404213953,0.303888,0.085543,9.923036
1755404213956,0.248854,-0.007777,9.853643
1755404213957,0.303888,-0.096311,9.729217
1755404213960,0.27996,-0.08674,9.894321
1755404213962,0.315853,0.030508,9.870394
1755404213964,0.325424,0.068794,9.952048
1755404213967,0.256032,-0.002991,9.915857
1755404213970,0.299103,-0.093918,9.700503
1755404213971,0.270389,-0.120239,9.954441
1755404213975,0.289532,-0.022134,9.856036
1755404213976,0.267996,0.092722,9.882358
1755404213979,0.251246,0.018544,10.062119
1755404213981,0.277567,-0.062812,9.662218
1755404213983,0.284746,-0.117847,9.968799
1755404213986,0.234497,-0.074776,9.856036
1755404213988,0.265603,0.064008,9.868001
1755404213991,0.251246,0.035294,10.074082
1755404213993,0.323031,-0.017348,9.745967
1755404213996,0.239282,-0.101097,9.913465
1755404213998,0.256032,-0.041276,9.820144
1755404214000,0.267996,0.073579,10.002297
1755404214003,0.241675,0.028116,9.9015
1755404214005,0.291924,-0.074776,9.705289
1755404214008,0.270389,-0.170489,9.879965
1755404214010,0.248854,0.025723,9.923036
1755404214012,0.311067,0.095115,9.932607
1755404214015,0.239282,0.001795,9.834501
1755404214017,0.29671,-0.132203,9.82493
1755404214020,0.253639,-0.079561,9.767502
1755404214022,0.27996,0.064008,10.083653
1755404214025,0.291924,0.073579,9.755538
1755404214027,0.267996,-0.084347,9.937392
1755404214030,0.301496,-0.122632,9.760324
1755404214031,0.311067,0.020937,9.985548
1755404214034,0.267996,0.085543,9.903893
1755404214036,0.303888,-0.034098,9.80818
1755404214038,0.291924,-0.129811,9.765109
1755404214042,0.282353,-0.017348,9.990334
1755404214044,0.27996,0.0999,9.856036
1755404214046,0.22014,0.020937,9.903893
1755404214048,0.294317,-0.141775,9.741181
1755404214051,0.277567,-0.048455,9.879965
1755404214053,0.294317,0.071186,10.002297
1755404214055,0.294317,0.049651,9.789038
1755404214059,0.289532,-0.110668,9.848858
1755404214060,0.31346,-0.065204,9.91825
1755404214063,0.291924,0.066401,9.959227
1755404214065,0.244068,0.05683,9.891929
1755404214067,0.289532,-0.098704,9.767502
1755404214070,0.289532,-0.072383,9.908679
1755404214072,0.275175,0.049651,9.947263
1755404214075,0.311067,0.035294,9.798609
1755404214078,0.303888,-0.127418,9.836894
1755404214079,0.265603,-0.062812,9.906285
1755404214082,0.299103,0.052044,9.899107
1755404214084,0.232104,0.044865,9.954441
1755404214087,0.256032,-0.101097,9.84168
1755404214089,0.284746,-0.022134,9.896714
1755404214092,0.258425,0.073579,9.894321
1755404214094,0.301496,-0.024526,9.832108
1755404214096,0.342174,-0.072383,9.913465
1755404214098,0.267996,0.011366,9.908679
1755404214101,0.277567,0.018544,9.745967
1755404214103,0.284746,-0.105882,9.858429
1755404214106,0.29671,-0.058026,9.995119
1755404214109,0.267996,0.061615,9.80818
1755404214111,0.248854,-0.060419,9.944571
1755404214113,0.277567,-0.050847,9.882358
1755404214115,0.275175,0.013759,9.84168
1755404214118,0.229711,0.044865,9.954441
1755404214120,0.263211,-0.093918,9.817751
1755404214123,0.337388,-0.046062,9.999905
1755404214126,0.267996,0.054437,9.805787
1755404214128,0.246461,-0.05324,9.839287
1755404214130,0.301496,-0.05324,10.00469
1755404214132,0.294317,0.001795,9.796216
1755404214134,0.291924,0.016152,9.872787
1755404214137,0.31346,-0.072383,9.827323
1755404214139,0.308674,-0.014955,10.028619
1755404214143,0.282353,0.00658,9.722038
1755404214145,0.270389,-0.034098,10.031012
1755404214147,0.301496,-0.031705,9.753145
1755404214149,0.282353,-0.034098,9.829716
1755404214151,0.294317,-0.065204,9.863214
1755404214154,0.311067,0.008973,10.040583
1755404214156,0.320638,-0.017348,9.834501
1755404214158,0.260818,-0.036491,9.915857
1755404214161,0.294317,-0.05324,9.801002
1755404214163,0.256032,-0.012562,9.944571
1755404214165,0.284746,0.011366,9.966406
1755404214168,0.253639,-0.029312,9.923036
1755404214171,0.289532,-0.043669,9.812965
1755404214174,0.318245,-0.043669,9.765109
1755404214175,0.311067,-0.012562,9.983155
1755404214178,0.270389,-0.05324,9.834501
1755404214180,0.265603,-0.000598,9.851251
1755404214183,0.267996,0.004187,9.934999
1755404214185,0.256032,-0.050847,9.875179
1755404214187,0.303888,-0.014955,9.896714
1755404214190,0.306281,-0.012562,9.868001
1755404214192,0.287139,0.008973,9.937392
1755404214194,0.27996,-0.017348,9.858429
1755404214197,0.282353,0.004187,9.915857
1755404214199,0.270389,-0.010169,9.738789
1755404214201,0.287139,-0.046062,9.952048
1755404214204,0.272782,-0.05324,9.865608
1755404214206,0.265603,-0.022134,9.844072
1755404214209,0.284746,-0.002991,9.915857
1755404214211,0.27996,-0.046062,9.887143
1755404214213,0.294317,-0.034098,9.836894
1755404214216,0.339781,-0.019741,9.868001
1755404214219,0.291924,-0.036491,9.865608
1755404214221,0.323031,-0.041276,9.879965
1755404214223,0.234497,-0.007777,9.915857
1755404214225,0.29671,0.004187,9.879965
1755404214228,0.244068,-0.079561,9.868001
1755404214231,0.289532,-0.019741,9.964012
1755404214232,0.334995,-0.002991,9.803394
1755404214235,0.256032,-0.005384,9.844072
1755404214238,0.270389,-0.08674,9.882358
1755404214240,0.284746,-0.046062,9.801002
1755404214242,0.270389,0.037687,10.090832
1755404214245,0.291924,0.008973,9.729217
1755404214247,0.291924,-0.067597,9.911072
1755404214249,0.277567,-0.125025,9.865608
1755404214252,0.287139,-0.022134,9.798609
1755404214255,0.272782,0.044865,10.102797
1755404214257,0.306281,0.035294,9.750752
1755404214259,0.258425,-0.081954,9.911072
1755404214262,0.301496,-0.098704,9.810573
1755404214265,0.311067,0.020937,9.879965
1755404214266,0.303888,0.052044,9.997512
1755404214269,0.315853,0.013759,9.765109
1755404214271,0.27996,-0.081954,9.9015
1755404214273,0.284746,-0.055633,9.798609
1755404214276,0.263211,0.008973,9.913465
1755404214279,0.253639,0.037687,9.975977
1755404214281,0.303888,-0.000598,9.805787
1755404214283,0.270389,-0.08674,9.961619
1755404214286,0.301496,-0.050847,9.865608
1755404214288,0.248854,-0.024526,9.858429
1755404214290,0.275175,-0.002991,9.913465
1755404214293,0.299103,-0.05324,9.865608
1755404214296,0.246461,-0.036491,9.930214
1755404214299,0.251246,-0.022134,9.872787
1755404214300,0.287139,-0.024526,9.889536
1755404214302,0.272782,-0.017348,9.891929
1755404214305,0.284746,-0.038883,9.894321
1755404214307,0.270389,-0.026919,9.942178
1755404214309,0.251246,0.016152,9.851251
1755404214312,0.256032,-0.014955,9.915857
1755404214314,0.289532,-0.031705,9.889536
1755404214317,0.27996,-0.010169,9.851251
1755404214319,0.27996,-0.014955,9.836894
1755404214321,0.270389,-0.043669,9.887143
1755404214323,0.244068,-0.024526,9.82493
1755404214327,0.251246,-0.012562,9.877572
1755404214329,0.275175,0.008973,9.875179
1755404214332,0.308674,-0.010169,9.858429
1755404214334,0.282353,-0.041276,9.872787
1755404214336,0.287139,-0.024526,9.846465
1755404214338,0.27996,-0.024526,9.91825
1755404214340,0.205783,-0.005384,9.829716
1755404214343,0.265603,-0.007777,9.954441
1755404214345,0.294317,-0.038883,9.875179
1755404214348,0.294317,-0.041276,9.911072
1755404214350,0.263211,-0.048455,9.877572
1755404214353,0.258425,-0.031705,9.851251
1755404214355,0.323031,-0.038883,9.863214
1755404214357,0.284746,-0.029312,9.891929
1755404214360,0.277567,0.004187,9.91825
1755404214362,0.282353,-0.010169,9.858429
1755404214365,0.294317,-0.014955,9.920643
1755404214367,0.246461,-0.005384,9.832108
1755404214369,0.260818,-0.046062,9.860822
1755404214372,0.27996,-0.05324,9.879965
1755404214374,0.306281,-0.010169,9.851251
1755404214376,0.289532,-0.038883,9.891929
1755404214379,0.27996,-0.041276,9.911072
1755404214381,0.325424,-0.058026,9.932607
1755404214383,0.306281,-0.05324,9.911072
1755404214386,0.289532,0.004187,9.879965
1755404214388,0.241675,-0.017348,9.877572
1755404214391,0.256032,-0.010169,9.882358
1755404214393,0.284746,-0.022134,9.882358
1755404214395,0.248854,-0.026919,9.793823
1755404214398,0.315853,-0.038883,9.997512
1755404214402,0.29671,-0.012562,9.942178
1755404214403,0.291924,-0.043669,9.832108
1755404214405,0.251246,-0.017348,9.786645
1755404214408,0.234497,-0.029312,9.844072
1755404214410,0.311067,-0.007777,9.947263
1755404214412,0.260818,-0.010169,9.906285
1755404214415,0.289532,-0.014955,9.858429
1755404214417,0.311067,-0.022134,9.894321
1755404214419,0.232104,-0.000598,9.868001
1755404214422,0.239282,-0.007777,9.836894
1755404214424,0.263211,-0.002991,9.858429
1755404214427,0.29671,-0.000598,9.908679
1755404214429,0.289532,-0.000598,9.930214
1755404214432,0.31346,-0.048455,9.875179
1755404214434,0.260818,-0.010169,9.91825
1755404214437,0.251246,-0.000598,9.88475
1755404214439,0.27996,0.00658,9.939785
1755404214441,0.277567,-0.012562,9.906285
1755404214443,0.289532,-0.007777,9.84168
1755404214446,0.287139,-0.031705,9.872787
1755404214449,0.284746,-0.000598,9.848858
1755404214451,0.270389,-0.002991,9.894321
1755404214453,0.291924,-0.002991,9.894321
1755404214456,0.27996,-0.019741,9.887143
1755404214458,0.289532,-0.019741,9.832108
1755404214460,0.287139,-0.019741,9.88475
1755404214462,0.239282,-0.026919,9.879965
1755404214466,0.315853,-0.002991,9.894321
1755404214468,0.299103,-0.036491,9.863214
1755404214470,0.287139,-0.017348,9.853643
1755404214472,0.27996,-0.012562,9.882358
1755404214474,0.272782,-0.000598,9.868001
1755404214477,0.29671,-0.026919,9.860822
1755404214479,0.277567,-0.026919,9.889536
1755404214484,0.311067,-0.005384,9.853643
1755404214485,0.236889,-0.012562,9.932607
1755404214486,0.294317,-0.024526,9.738789
1755404214490,0.217747,-0.05324,10.028619
1755404214491,0.339781,0.064008,9.834501
1755404214494,0.253639,-0.036491,9.896714
1755404214496,0.270389,-0.012562,9.891929
1755404214499,0.31346,-0.036491,9.834501
1755404214501,0.234497,0.013759,9.925428
1755404214504,0.31346,-0.026919,9.810573
1755404214506,0.253639,-0.019741,9.995119
1755404214508,0.33021,-0.019741,9.769895
1755404214510,0.229711,0.001795,9.959227
1755404214513,0.356531,-0.017348,9.789038
1755404214515,0.183948,-0.005384,9.992726
1755404214518,0.325424,-0.010169,9.796216
1755404214521,0.236889,-0.007777,9.966406
1755404214523,0.303888,-0.031705,9.810573
1755404214525,0.222533,-0.017348,9.927821
1755404214527,0.301496,-0.024526,9.848858
1755404214530,0.263211,-0.050847,9.891929
1755404214532,0.308674,-0.036491,9.887143
1755404214535,0.270389,-0.041276,9.798609
1755404214538,0.291924,-0.024526,9.956834
1755404214539,0.31346,-0.022134,9.722038
1755404214543,0.195912,-0.010169,10.040583
1755404214544,0.306281,0.016152,9.745967
1755404214546,0.239282,-0.026919,10.117153
1755404214549,0.356531,0.030508,9.745967
1755404214552,0.234497,-0.043669,9.987941
1755404214554,0.284746,-0.079561,9.738789
1755404214556,0.291924,0.001795,9.915857
1755404214559,0.311067,-0.043669,9.858429
1755404214561,0.282353,-0.022134,9.767502
1755404214564,0.241675,-0.024526,9.999905
1755404214566,0.325424,0.018544,9.769895
1755404214569,0.267996,-0.046062,10.078868
1755404214571,0.301496,-0.026919,9.698111
1755404214573,0.272782,-0.055633,9.990334
1755404214575,0.289532,-0.072383,9.77468
1755404214578,0.27996,-0.029312,9.781859
1755404214581,0.22014,-0.017348,10.002297
1755404214582,0.291924,0.064008,9.877572
1755404214585,0.234497,-0.029312,10.007083
1755404214587,0.325424,-0.055633,9.667004
1755404214590,0.244068,-0.141775,9.91825
1755404214592,0.301496,-0.046062,9.889536
1755404214595,0.29671,0.078365,9.97837
1755404214597,0.256032,0.047258,9.968799
1755404214599,0.308674,-0.058026,9.729217
1755404214602,0.289532,-0.129811,9.856036
1755404214604,0.308674,-0.038883,9.908679
1755404214607,0.301496,0.068794,10.050154
1755404214609,0.267996,0.042473,9.879965
1755404214611,0.299103,-0.117847,9.702896
1755404214614,0.284746,-0.151346,9.731609
1755404214616,0.289532,0.011366,9.999905
1755404214619,0.306281,0.138186,9.949656
1755404214623,0.267996,0.018544,9.879965
1755404214625,0.263211,-0.127418,9.745967
1755404214626,0.263211,-0.077169,9.803394
1755404214628,0.251246,0.078365,10.074082
1755404214631,0.282353,0.092722,9.781859
1755404214633,0.248854,-0.046062,9.944571
1755404214636,0.320638,-0.153739,9.786645
1755404214637,0.253639,0.018544,9.913465
1755404214641,0.289532,0.107079,9.995119
1755404214642,0.318245,-0.012562,9.741181
1755404214645,0.284746,-0.151346,9.882358
1755404214647,0.284746,-0.074776,9.889536
1755404214650,0.318245,0.080758,9.973584
1755404214653,0.275175,0.068794,9.91825
1755404214655,0.260818,-0.134596,9.760324
1755404214657,0.265603,-0.144168,9.781859
1755404214659,0.270389,0.04008,10.050154
1755404214661,0.299103,0.068794,9.750752
1755404214664,0.275175,-0.108275,9.894321
1755404214666,0.258425,-0.136989,9.801002
1755404214669,0.289532,0.011366,10.023833
1755404214671,0.234497,0.085543,9.942178
1755404214674,0.284746,-0.043669,9.755538
1755404214676,0.251246,-0.156132,9.82493
1755404214678,0.303888,0.02333,10.021441
1755404214680,0.306281,0.128614,9.817751
1755404214683,0.215354,-0.043669,9.887143
1755404214685,0.258425,-0.175274,9.798609
1755404214688,0.301496,0.011366,10.033404
1755404214691,0.284746,0.159721,9.961619
1755404214693,0.272782,-0.012562,9.722038
1755404214695,0.29671,-0.165703,9.877572
1755404214697,0.277567,0.020937,9.995119
1755404214700,0.265603,0.104686,9.801002
1755404214702,0.258425,-0.098704,9.803394
1755404214705,0.277567,-0.127418,9.923036
1755404214707,0.265603,0.068794,9.932607
1755404214709,0.260818,0.078365,9.872787
1755404214712,0.287139,-0.132203,9.796216
1755404214714,0.284746,-0.074776,9.975977
1755404214717,0.248854,0.075972,9.939785
1755404214719,0.291924,0.001795,9.77468
1755404214721,0.299103,-0.105882,9.923036
1755404214724,0.294317,-0.026919,9.911072
1755404214726,0.272782,0.052044,9.779466
1755404214729,0.275175,-0.077169,9.798609
1755404214731,0.332602,-0.084347,9.964012
1755404214734,0.311067,0.052044,9.860822
1755404214736,0.236889,-0.010169,9.903893
1755404214738,0.320638,-0.038883,9.937392
1755404214741,0.325424,0.001795,9.882358
1755404214745,0.210568,-0.010169,9.91825
1755404214746,0.327817,-0.048455,9.726824
1755404214748,0.284746,-0.101097,9.91825
1755404214750,0.311067,-0.000598,9.805787
1755404214752,0.27996,-0.022134,9.949656
1755404214755,0.354138,-0.019741,9.882358
1755404214757,0.236889,-0.000598,10.019048
1755404214760,0.308674,0.02333,9.745967
1755404214762,0.260818,-0.043669,9.992726
1755404214764,0.299103,-0.046062,9.915857
1755404214767,0.27996,0.004187,9.769895
1755404214769,0.234497,-0.031705,9.879965
1755404214772,0.311067,-0.120239,9.839287
1755404214776,0.291924,0.004187,9.973584
1755404214777,0.31346,0.054437,9.911072
1755404214779,0.275175,-0.007777,9.872787
1755404214781,0.311067,-0.067597,9.882358
1755404214784,0.253639,-0.043669,9.930214
1755404214786,0.303888,-0.010169,9.786645
1755404214789,0.251246,-0.038883,9.954441
1755404214791,0.29671,-0.012562,9.839287
1755404214793,0.260818,-0.034098,9.906285
1755404214795,0.299103,-0.007777,9.887143
1755404214798,0.318245,-0.077169,9.784252
1755404214801,0.263211,-0.043669,9.939785
1755404214803,0.323031,0.047258,9.84168
1755404214806,0.258425,-0.005384,9.947263
1755404214808,0.311067,-0.038883,9.815358
1755404214810,0.306281,-0.005384,9.894321
1755404214812,0.270389,-0.002991,9.88475
1755404214815,0.306281,-0.038883,9.784252
1755404214817,0.263211,-0.029312,9.990334
1755404214820,0.368495,0.030508,9.793823
1755404214823,0.27996,-0.050847,9.966406
1755404214826,0.306281,-0.022134,9.805787
1755404214827,0.325424,-0.043669,9.887143
1755404214829,0.275175,-0.000598,9.906285
1755404214831,0.315853,-0.019741,9.817751
1755404214834,0.272782,-0.036491,9.88475
1755404214836,0.277567,-0.046062,9.88475
1755404214840,0.267996,-0.010169,9.932607
1755404214842,0.27996,-0.026919,9.882358
1755404214845,0.263211,-0.046062,9.891929
1755404214847,0.291924,-0.072383,9.865608
1755404214848,0.289532,-0.022134,9.91825
1755404214851,0.27996,-0.024526,9.853643
1755404214853,0.275175,-0.029312,9.88475
1755404214857,0.294317,-0.017348,9.9015
1755404214859,0.267996,-0.017348,9.839287
1755404214860,0.301496,-0.038883,9.915857
1755404214863,0.270389,-0.007777,9.879965
1755404214865,0.263211,-0.014955,9.879965
1755404214867,0.277567,-0.000598,9.860822
1755404214870,0.308674,-0.041276,9.903893
1755404214873,0.263211,-0.007777,9.889536
1755404214875,0.258425,0.00658,9.896714
1755404214877,0.248854,-0.005384,9.889536
1755404214879,0.303888,-0.024526,9.853643
1755404214882,0.277567,-0.043669,9.853643
1755404214884,0.282353,-0.034098,9.858429
1755404214887,0.272782,-0.048455,9.882358
1755404214889,0.284746,-0.000598,9.868001
1755404214892,0.27996,-0.029312,9.877572
1755404214894,0.282353,-0.022134,9.9015
1755404214897,0.289532,-0.022134,9.875179
1755404214899,0.31346,-0.031705,9.882358
1755404214901,0.270389,-0.002991,9.872787
1755404214903,0.27996,-0.026919,9.877572
1755404214906,0.299103,-0.034098,9.899107
1755404214909,0.275175,-0.005384,9.870394
1755404214911,0.287139,-0.010169,9.889536
1755404214913,0.260818,0.013759,9.882358
1755404214915,0.272782,0.018544,9.894321
1755404214918,0.291924,-0.012562,9.889536
1755404214920,0.275175,-0.017348,9.863214
1755404214923,0.27996,-0.002991,9.856036
1755404214926,0.258425,-0.017348,9.954441
1755404214927,0.277567,0.011366,9.839287
1755404214930,0.306281,-0.046062,9.853643
1755404214932,0.311067,-0.014955,9.927821
1755404214935,0.299103,-0.012562,9.767502
1755404214937,0.205783,-0.000598,9.997512
1755404214939,0.337388,0.02333,9.812965
1755404214943,0.20339,0.001795,10.023833
1755404214944,0.339781,-0.036491,9.719646
1755404214948,0.239282,-0.034098,10.009477
1755404214949,0.346959,-0.017348,9.79143
1755404214951,0.258425,0.02333,9.973584
1755404214954,0.323031,0.008973,9.848858
1755404214956,0.263211,-0.000598,9.908679
1755404214960,0.294317,-0.043669,9.834501
1755404214964,0.253639,-0.019741,9.908679
1755404214965,0.31346,-0.046062,9.872787
1755404214966,0.260818,0.001795,9.860822
1755404214968,0.318245,-0.046062,9.836894
1755404214971,0.275175,-0.012562,9.870394
1755404214973,0.301496,-0.029312,9.88475
1755404214976,0.246461,0.00658,9.887143
1755404214978,0.318245,-0.017348,9.889536
1755404214981,0.263211,-0.014955,9.88475
1755404214983,0.270389,-0.038883,9.872787
1755404214985,0.244068,-0.024526,9.891929
1755404214988,0.308674,-0.036491,9.877572
1755404214990,0.251246,-0.002991,9.932607
1755404214993,0.289532,-0.022134,9.827323
1755404214995,0.236889,-0.012562,9.932607
1755404214997,0.325424,-0.031705,9.812965
1755404215000,0.248854,-0.007777,9.923036
1755404215002,0.318245,-0.026919,9.79143
1755404215004,0.248854,-0.000598,9.906285
1755404215007,0.334995,-0.041276,9.829716
1755404215010,0.241675,-0.010169,9.894321
1755404215011,0.303888,-0.024526,9.822537
1755404215014,0.258425,-0.014955,9.872787
1755404215016,0.27996,-0.038883,9.870394
1755404215019,0.287139,0.001795,9.844072
1755404215021,0.275175,-0.031705,9.896714
1755404215023,0.308674,-0.010169,9.82493
1755404215027,0.311067,-0.012562,9.959227
1755404215029,0.27996,0.013759,9.796216
1755404215031,0.224925,-0.014955,10.050154
1755404215033,0.303888,0.008973,9.753145
1755404215035,0.229711,-0.012562,10.088439
1755404215037,0.31346,-0.002991,9.712467
1755404215040,0.227318,-0.022134,10.033404
1755404215043,0.380459,-0.038883,9.698111
1755404215046,0.239282,-0.043669,9.937392
1755404215047,0.282353,-0.050847,9.753145
1755404215050,0.263211,-0.017348,9.930214
1755404215052,0.311067,-0.022134,9.968799
1755404215054,0.29671,0.04008,9.853643
1755404215057,0.244068,-0.014955,10.002297
1755404215061,0.303888,-0.034098,9.726824
1755404215063,0.258425,-0.098704,9.896714
1755404215065,0.308674,-0.072383,9.741181
1755404215066,0.29671,0.037687,9.966406
1755404215069,0.284746,0.095115,10.069297
1755404215071,0.323031,0.073579,9.863214
1755404215074,0.282353,-0.125025,9.844072
1755404215076,0.311067,-0.175274,9.674182
1755404215079,0.287139,-0.010169,10.031012
1755404215083,0.241675,0.157328,10.035797
1755404215084,0.258425,0.064008,9.793823
1755404215086,0.253639,-0.203988,9.755538
1755404215088,0.308674,-0.170489,9.777073
1755404215090,0.299103,0.102293,10.088439
1755404215093,0.282353,0.152542,9.964012
1755404215096,0.303888,-0.113061,9.712467
1755404215097,0.275175,-0.16331,9.803394
1755404215101,0.277567,-0.022134,9.908679
1755404215102,0.277567,0.111864,10.023833
1755404215105,0.306281,0.037687,9.848858
1755404215107,0.284746,-0.156132,9.767502
1755404215110,0.29671,-0.074776,9.875179
1755404215113,0.277567,0.064008,9.927821
1755404215115,0.294317,0.030508,9.934999
1755404215117,0.31346,0.001795,9.966406
1755404215119,0.301496,-0.048455,9.688539
1755404215122,0.224925,-0.096311,9.9015
1755404215124,0.346959,0.020937,9.848858
1755404215127,0.246461,0.016152,9.983155
1755404215130,0.31346,0.001795,9.817751
1755404215131,0.267996,-0.036491,9.911072
1755404215134,0.289532,-0.058026,9.853643
1755404215136,0.256032,-0.017348,9.920643
1755404215139,0.29671,-0.034098,9.868001
1755404215142,0.272782,-0.010169,9.903893
1755404215143,0.308674,-0.034098,9.820144
1755404215146,0.277567,-0.043669,9.889536
1755404215148,0.303888,0.001795,9.848858
1755404215151,0.270389,-0.026919,9.911072
1755404215153,0.299103,0.028116,9.906285
1755404215155,0.272782,0.001795,9.894321
1755404215157,0.277567,-0.034098,9.846465
1755404215160,0.299103,-0.012562,9.879965
1755404215163,0.277567,-0.005384,9.889536
1755404215165,0.303888,0.004187,9.903893
1755404215167,0.277567,-0.043669,9.903893
1755404215169,0.267996,-0.038883,9.872787
1755404215172,0.270389,-0.026919,9.875179
1755404215174,0.311067,-0.017348,9.879965
1755404215177,0.287139,-0.005384,9.88475
1755404215180,0.270389,-0.060419,9.865608
1755404215183,0.270389,-0.036491,9.88475
1755404215184,0.256032,-0.022134,9.860822
1755404215186,0.270389,-0.000598,9.875179
1755404215189,0.275175,-0.031705,9.863214
1755404215191,0.246461,-0.046062,9.875179
1755404215194,0.258425,-0.034098,9.858429
1755404215197,0.282353,-0.005384,9.91825
1755404215199,0.270389,0.00658,9.911072
1755404215201,0.241675,-0.055633,9.798609
1755404215203,0.337388,-0.041276,9.985548
1755404215205,0.232104,-0.022134,9.669396
1755404215208,0.284746,-0.041276,9.702896
1755404215211,0.167198,0.00658,9.789038
1755404215214,0.27996,-0.043669,9.68136
1755404215216,0.306281,-0.005384,9.990334
1755404215217,0.303888,0.001795,9.973584
1755404215220,0.265603,-0.017348,9.903893
1755404215223,0.282353,-0.026919,9.939785
1755404215224,0.356531,-0.060419,9.990334
1755404215227,0.323031,-0.022134,9.894321
1755404215229,0.263211,-0.026919,9.820144
1755404215232,0.236889,-0.029312,9.784252
1755404215234,0.303888,-0.029312,9.911072
1755404215237,0.289532,-0.026919,9.789038
1755404215239,0.179163,0.008973,9.858429
1755404215242,0.20339,-0.034098,9.671789
1755404215244,0.325424,-0.050847,9.952048
1755404215246,0.37328,-0.036491,9.964012
1755404215249,0.253639,0.04008,9.899107
1755404215251,0.282353,-0.038883,9.817751
1755404215254,0.306281,-0.029312,9.990334
1755404215255,0.29671,-0.026919,9.870394
1755404215258,0.236889,0.00658,9.887143
1755404215261,0.258425,-0.014955,9.729217
1755404215263,0.241675,-0.005384,9.848858
1755404215265,0.315853,-0.036491,9.952048
1755404215268,0.315853,-0.024526,9.911072
1755404215270,0.267996,-0.012562,9.91825
1755404215273,0.291924,-0.034098,9.911072
1755404215275,0.294317,-0.026919,9.870394
1755404215278,0.29671,-0.017348,9.846465
1755404215280,0.272782,-0.031705,9.879965
1755404215282,0.267996,-0.036491,9.879965
1755404215284,0.277567,-0.024526,9.829716
1755404215287,0.241675,-0.005384,9.9015
1755404215290,0.284746,0.001795,9.908679
1755404215292,0.284746,-0.038883,9.863214
1755404215294,0.263211,-0.048455,9.882358
1755404215296,0.258425,-0.046062,9.872787
1755404215299,0.272782,-0.017348,9.853643
1755404215301,0.275175,-0.024526,9.834501
1755404215304,0.311067,-0.022134,9.968799
1755404215306,0.270389,-0.022134,9.820144
1755404215308,0.275175,-0.060419,9.927821
1755404215311,0.294317,0.020937,9.88475
1755404215313,0.267996,-0.031705,9.865608
1755404215317,0.282353,-0.031705,9.868001
1755404215323,0.287139,-0.050847,9.906285
1755404215324,0.260818,-0.007777,9.889536
1755404215325,0.287139,0.00658,9.894321
1755404215327,0.301496,-0.017348,9.894321
1755404215328,0.299103,-0.046062,9.872787
1755404215331,0.275175,-0.029312,9.856036
1755404215336,0.253639,-0.019741,9.899107
1755404215337,0.253639,-0.014955,9.872787
1755404215338,0.267996,-0.010169,9.911072
1755404215339,0.31346,-0.010169,9.88475
1755404215343,0.29671,-0.022134,9.863214
1755404215345,0.251246,-0.024526,9.865608
1755404215347,0.301496,-0.024526,9.906285
1755404215350,0.267996,-0.041276,9.868001
1755404215352,0.287139,-0.046062,9.88475
1755404215354,0.291924,-0.024526,9.88475
1755404215357,0.291924,0.001795,9.879965
1755404215358,0.284746,-0.038883,9.891929
1755404215361,0.246461,-0.031705,9.851251
1755404215363,0.275175,-0.026919,9.903893
1755404215367,0.275175,-0.012562,9.844072
1755404215368,0.253639,-0.019741,9.894321
1755404215371,0.258425,0.001795,9.856036
1755404215373,0.275175,-0.014955,9.879965
1755404215376,0.301496,-0.034098,9.903893
1755404215378,0.267996,-0.007777,9.832108
1755404215380,0.301496,-0.038883,9.846465
1755404215383,0.303888,-0.048455,9.894321
1755404215385,0.291924,-0.019741,9.88475
1755404215388,0.265603,-0.012562,9.868001
1755404215390,0.267996,-0.043669,9.88475
1755404215392,0.29671,-0.017348,9.865608
1755404215395,0.289532,-0.041276,9.848858
1755404215397,0.263211,-0.038883,9.899107
1755404215400,0.289532,-0.031705,9.872787
1755404215402,0.275175,-0.000598,9.860822
1755404215406,0.267996,-0.014955,9.865608
1755404215407,0.272782,-0.014955,9.887143
1755404215409,0.277567,-0.031705,9.889536
1755404215412,0.282353,-0.010169,9.865608
1755404215414,0.29671,-0.007777,9.889536
1755404215416,0.275175,-0.019741,9.868001
1755404215419,0.29671,-0.029312,9.877572
1755404215421,0.306281,-0.017348,9.896714
1755404215423,0.301496,-0.034098,9.870394
1755404215426,0.294317,-0.029312,9.908679
1755404215428,0.315853,-0.012562,9.870394
1755404215431,0.251246,-0.002991,9.879965
1755404215433,0.272782,-0.036491,9.896714
1755404215437,0.275175,-0.012562,9.879965
1755404215438,0.291924,-0.007777,9.887143
1755404215441,0.29671,-0.024526,9.903893
1755404215443,0.251246,-0.022134,9.879965
1755404215445,0.282353,-0.041276,9.875179
1755404215448,0.299103,-0.010169,9.88475
1755404215450,0.267996,-0.029312,9.896714
1755404215452,0.282353,-0.024526,9.88475
1755404215454,0.282353,-0.036491,9.877572
1755404215457,0.303888,-0.012562,9.865608
1755404215460,0.265603,-0.017348,9.863214
1755404215462,0.272782,-0.026919,9.865608
1755404215464,0.251246,-0.022134,9.877572
1755404215467,0.260818,-0.014955,9.872787
1755404215469,0.277567,0.008973,9.856036
1755404215472,0.284746,-0.024526,9.879965
1755404215474,0.287139,-0.019741,9.872787
1755404215476,0.272782,-0.002991,9.879965
1755404215479,0.334995,-0.022134,9.889536
1755404215481,0.29671,-0.029312,9.863214
1755404215483,0.337388,-0.014955,9.868001
1755404215486,0.306281,-0.019741,9.899107
1755404215488,0.253639,-0.029312,9.896714
1755404215491,0.301496,-0.019741,9.872787
1755404215493,0.27996,-0.019741,9.872787
1755404215496,0.275175,-0.036491,9.896714
1755404215498,0.287139,-0.029312,9.88475
1755404215500,0.27996,-0.024526,9.889536
1755404215503,0.291924,0.018544,9.877572
1755404215505,0.282353,-0.010169,9.891929
1755404215508,0.275175,-0.019741,9.903893
1755404215510,0.311067,-0.029312,9.899107
1755404215513,0.282353,-0.012562,9.882358
1755404215515,0.222533,-0.024526,9.872787
1755404215517,0.277567,-0.043669,9.875179
1755404215520,0.29671,-0.041276,9.899107
1755404215522,0.303888,-0.034098,9.882358
1755404215524,0.248854,0.02333,9.877572
1755404215527,0.263211,-0.034098,9.875179
1755404215529,0.244068,0.001795,9.882358
1755404215531,0.267996,-0.019741,9.896714
1755404215534,0.263211,-0.007777,9.889536
1755404215537,0.258425,-0.007777,9.870394
1755404215539,0.277567,-0.002991,9.877572
1755404215541,0.246461,0.008973,9.875179
1755404215544,0.258425,-0.002991,9.856036
1755404215546,0.265603,-0.005384,9.875179
1755404215549,0.27996,-0.029312,9.851251
1755404215550,0.306281,-0.036491,9.865608
1755404215553,0.282353,-0.019741,9.868001
1755404215555,0.303888,-0.002991,9.875179
1755404215558,0.299103,-0.036491,9.875179
1755404215560,0.265603,-0.000598,9.889536
1755404215563,0.303888,-0.000598,9.887143
1755404215565,0.299103,-0.007777,9.915857
1755404215567,0.258425,-0.002991,9.887143
1755404215570,0.267996,-0.005384,9.877572
1755404215572,0.287139,-0.014955,9.887143
1755404215575,0.303888,0.008973,9.887143
1755404215577,0.287139,-0.024526,9.889536
1755404215579,0.277567,-0.031705,9.891929
1755404215582,0.294317,-0.031705,9.853643
1755404215584,0.260818,-0.005384,9.903893
1755404215586,0.282353,-0.036491,9.872787
1755404215589,0.270389,-0.043669,9.882358
1755404215592,0.277567,-0.031705,9.88475
1755404215594,0.277567,-0.002991,9.853643
1755404215596,0.270389,-0.046062,9.877572
1755404215598,0.291924,-0.034098,9.879965
1755404215601,0.31346,-0.034098,9.853643
1755404215603,0.294317,-0.031705,9.889536
1755404215606,0.284746,-0.034098,9.879965
1755404215608,0.27996,-0.038883,9.889536
1755404215611,0.260818,-0.017348,9.894321
1755404215613,0.306281,-0.014955,9.927821
1755404215615,0.263211,-0.029312,9.865608
1755404215617,0.277567,-0.007777,9.887143
1755404215620,0.284746,-0.031705,9.891929
1755404215622,0.277567,-0.043669,9.891929
1755404215625,0.294317,-0.041276,9.906285
1755404215627,0.287139,-0.038883,9.9015
1755404215631,0.284746,-0.024526,9.91825
1755404215632,0.299103,-0.010169,9.896714
1755404215634,0.301496,-0.000598,9.88475
1755404215637,0.306281,-0.034098,9.875179
1755404215639,0.311067,-0.031705,9.882358
1755404215642,0.299103,-0.029312,9.889536
1755404215644,0.289532,-0.022134,9.882358
1755404215647,0.315853,-0.024526,9.879965
1755404215649,0.299103,-0.026919,9.896714
1755404215651,0.284746,-0.010169,9.899107
1755404215653,0.267996,-0.012562,9.891929
1755404215656,0.291924,-0.026919,9.882358
1755404215658,0.29671,-0.026919,9.860822
1755404215661,0.275175,-0.041276,9.875179
1755404215664,0.320638,-0.029312,9.879965
1755404215665,0.282353,-0.022134,9.858429
1755404215668,0.251246,-0.010169,9.865608
1755404215671,0.267996,-0.041276,9.872787
1755404215673,0.27996,-0.017348,9.88475
1755404215675,0.308674,-0.012562,9.894321
1755404215678,0.284746,0.008973,9.879965
1755404215680,0.294317,-0.034098,9.877572
1755404215683,0.282353,-0.038883,9.868001
1755404215685,0.246461,-0.043669,9.875179
1755404215687,0.272782,-0.017348,9.860822
1755404215690,0.27996,-0.029312,9.882358
1755404215692,0.272782,-0.005384,9.882358
1755404215695,0.275175,-0.002991,9.887143
1755404215697,0.301496,-0.029312,9.877572
1755404215699,0.284746,-0.019741,9.865608
1755404215701,0.325424,-0.024526,9.88475
1755404215704,0.29671,-0.002991,9.882358
1755404215708,0.272782,-0.024526,9.88475
1755404215709,0.253639,-0.031705,9.860822
1755404215712,0.284746,-0.012562,9.88475
1755404215714,0.267996,-0.002991,9.9015
1755404215716,0.277567,-0.024526,9.899107
1755404215718,0.277567,-0.007777,9.891929
1755404215721,0.256032,-0.010169,9.868001
1755404215724,0.303888,-0.029312,9.863214
1755404215726,0.277567,-0.024526,9.889536
1755404215728,0.282353,-0.036491,9.88475
1755404215730,0.251246,-0.022134,9.88475
1755404215733,0.272782,-0.036491,9.856036
1755404215735,0.311067,-0.036491,9.891929
1755404215737,0.263211,0.001795,9.875179
1755404215740,0.301496,-0.017348,9.877572
1755404215743,0.315853,-0.012562,9.88475
1755404215745,0.306281,-0.024526,9.875179
1755404215747,0.29671,-0.022134,9.879965
1755404215749,0.291924,-0.029312,9.872787
1755404215752,0.258425,-0.000598,9.889536
1755404215754,0.260818,-0.014955,9.894321
1755404215757,0.248854,-0.002991,9.875179
1755404215759,0.29671,-0.002991,9.882358
1755404215762,0.270389,-0.014955,9.865608
1755404215765,0.277567,-0.012562,9.865608
1755404215766,0.29671,-0.002991,9.863214
1755404215768,0.270389,-0.019741,9.88475
1755404215771,0.282353,-0.029312,9.879965
1755404215773,0.303888,-0.000598,9.903893
1755404215776,0.294317,-0.014955,9.896714
1755404215778,0.303888,-0.017348,9.868001
1755404215781,0.306281,-0.019741,9.88475
1755404215783,0.306281,-0.031705,9.865608
1755404215785,0.287139,-0.065204,9.896714
1755404215788,0.267996,-0.036491,9.877572
1755404215790,0.265603,-0.010169,9.896714
1755404215794,0.289532,-0.026919,9.887143
1755404215795,0.323031,-0.017348,9.875179
1755404215797,0.284746,-0.031705,9.891929
1755404215800,0.270389,-0.038883,9.908679
1755404215802,0.256032,-0.002991,9.889536
1755404215805,0.277567,-0.017348,9.858429
1755404215807,0.275175,-0.012562,9.879965
1755404215809,0.289532,-0.038883,9.894321
1755404215812,0.299103,-0.007777,9.868001
1755404215815,0.284746,0.008973,9.882358
1755404215816,0.267996,-0.041276,9.891929
1755404215819,0.272782,0.008973,9.877572
1755404215821,0.277567,-0.036491,9.879965
1755404215824,0.294317,-0.050847,9.891929
1755404215827,0.270389,-0.060419,9.879965
1755404215829,0.291924,-0.048455,9.88475
1755404215831,0.284746,-0.022134,9.882358
1755404215834,0.294317,-0.000598,9.858429
1755404215836,0.272782,-0.017348,9.877572
1755404215838,0.301496,-0.024526,9.891929
1755404215841,0.299103,-0.024526,9.88475
1755404215844,0.270389,-0.022134,9.877572
1755404215846,0.282353,-0.029312,9.877572
1755404215849,0.291924,-0.043669,9.889536
1755404215851,0.258425,-0.019741,9.896714
1755404215852,0.267996,-0.019741,9.877572
1755404215855,0.291924,-0.031705,9.851251
1755404215857,0.294317,-0.034098,9.860822
1755404215860,0.260818,-0.022134,9.879965
1755404215862,0.270389,-0.005384,9.882358
1755404215865,0.260818,-0.019741,9.868001
1755404215867,0.29671,-0.010169,9.877572
1755404215869,0.289532,-0.038883,9.882358
1755404215871,0.306281,-0.022134,9.9015
1755404215874,0.263211,-0.024526,9.88475
1755404215877,0.272782,-0.024526,9.868001
1755404215880,0.270389,-0.002991,9.882358
1755404215882,0.27996,-0.002991,9.879965
1755404215884,0.284746,-0.058026,9.894321
1755404215886,0.299103,-0.019741,9.889536
1755404215888,0.272782,-0.036491,9.870394
1755404215891,0.284746,-0.024526,9.80818
1755404215894,0.263211,-0.034098,9.968799
1755404215896,0.27996,-0.022134,9.877572
1755404215898,0.294317,-0.007777,9.760324
1755404215900,0.289532,-0.048455,9.923036
1755404215903,0.284746,-0.002991,9.915857
1755404215905,0.284746,-0.005384,9.851251
1755404215907,0.294317,0.001795,9.887143
1755404215911,0.294317,-0.024526,9.865608
1755404215912,0.282353,-0.010169,9.868001
1755404215915,0.303888,0.004187,9.80818
1755404215917,0.277567,-0.002991,10.045368
1755404215919,0.256032,-0.034098,9.772287
1755404215922,0.291924,-0.007777,9.865608
1755404215924,0.284746,-0.007777,9.964012
1755404215928,0.291924,-0.026919,9.851251
1755404215929,0.306281,0.028116,9.844072
1755404215932,0.263211,0.030508,9.925428
1755404215934,0.294317,-0.022134,9.734002
1755404215937,0.248854,-0.084347,10.026226
1755404215939,0.294317,-0.007777,9.745967
1755404215941,0.248854,-0.012562,10.016655
1755404215944,0.33021,0.011366,9.738789
1755404215947,0.234497,-0.043669,9.961619
1755404215948,0.315853,-0.038883,9.767502
1755404215951,0.229711,-0.026919,9.997512
1755404215953,0.39003,0.008973,9.82493
1755404215956,0.253639,-0.019741,10.040583
1755404215958,0.33021,0.047258,9.79143
1755404215960,0.246461,-0.05324,9.944571
1755404215963,0.311067,0.011366,9.875179
1755404215967,0.287139,-0.024526,9.851251
1755404215968,0.191127,-0.034098,9.956834
1755404215971,0.318245,-0.034098,9.702896
1755404215972,0.20339,-0.031705,10.009477
1755404215975,0.370888,-0.000598,9.690931
1755404215977,0.171984,-0.058026,10.090832
1755404215980,0.363709,0.020937,9.719646
1755404215982,0.212961,-0.058026,10.066904
1755404215984,0.344566,0.044865,9.690931
1755404215986,0.210568,-0.031705,10.076475
1755404215989,0.325424,0.032901,9.734002
1755404215991,0.210568,-0.077169,10.052547
1755404215994,0.306281,0.02333,9.731609
1755404215996,0.244068,-0.105882,9.97837
1755404215999,0.263211,-0.002991,9.784252
1755404216001,0.275175,-0.072383,9.932607
1755404216003,0.303888,-0.019741,9.879965
1755404216005,0.327817,-0.067597,9.858429
1755404216008,0.239282,-0.029312,9.939785
1755404216011,0.325424,-0.050847,9.786645
1755404216013,0.227318,-0.017348,10.007083
1755404216015,0.361316,-0.026919,9.712467
1755404216018,0.181555,-0.029312,10.050154
1755404216020,0.375673,-0.022134,9.683753
1755404216023,0.191127,-0.046062,10.093225
1755404216025,0.375673,-0.014955,9.647861
1755404216027,0.162413,-0.038883,10.13151
1755404216030,0.375673,0.013759,9.635897
1755404216032,0.171984,-0.08674,10.133903
1755404216035,0.416351,0.00658,9.626326
1755404216037,0.162413,-0.055633,10.145867
1755404216039,0.401994,0.032901,9.600004
1755404216042,0.164806,-0.062812,10.141082
1755404216044,0.368495,0.008973,9.640682
1755404216047,0.152842,-0.072383,10.136296
1755404216050,0.378066,0.049651,9.631111
1755404216051,0.19352,-0.050847,10.133903
1755404216053,0.354138,0.018544,9.678967
1755404216056,0.215354,-0.067597,10.076475
1755404216059,0.37328,0.011366,9.688539
1755404216061,0.208176,-0.060419,10.059726
1755404216064,0.33021,0.008973,9.688539
1755404216066,0.251246,-0.055633,10.03819
1755404216068,0.368495,-0.005384,9.743574
1755404216071,0.241675,-0.055633,10.050154
1755404216073,0.33021,0.025723,9.743574
1755404216075,0.222533,-0.062812,10.011869
1755404216078,0.315853,0.00658,9.731609
1755404216081,0.253639,-0.036491,10.019048
1755404216085,0.291924,0.028116,9.789038
1755404216086,0.265603,-0.06999,9.971191
1755404216087,0.287139,0.013759,9.846465
1755404216090,0.308674,-0.036491,9.882358
1755404216092,0.258425,-0.034098,9.932607
1755404216094,0.346959,-0.029312,9.710074
1755404216098,0.186341,-0.046062,10.090832
1755404216100,0.37328,0.013759,9.626326
1755404216101,0.138485,-0.046062,10.169795
1755404216104,0.416351,0.054437,9.707682
1755404216107,0.169591,-0.093918,9.990334
1755404216109,0.344566,0.016152,9.798609
1755404216111,0.275175,-0.05324,9.870394
1755404216114,0.22014,0.008973,9.942178
1755404216116,0.349352,0.016152,9.79143
1755404216119,0.188734,-0.072383,10.088439
1755404216121,0.334995,0.030508,9.753145
1755404216123,0.227318,-0.081954,9.920643
1755404216125,0.248854,-0.014955,9.990334
1755404216128,0.325424,-0.026919,9.784252
1755404216130,0.19352,-0.062812,9.925428
1755404216133,0.399601,0.025723,9.755538
1755404216135,0.195912,-0.06999,9.992726
1755404216137,0.342174,0.030508,9.767502
1755404216140,0.301496,-0.067597,9.990334
1755404216143,0.246461,0.020937,9.949656
1755404216144,0.351745,-0.034098,9.65504
1755404216147,0.167198,-0.077169,10.160224
1755404216150,0.387637,0.028116,9.734002
1755404216152,0.183948,-0.067597,9.925428
1755404216155,0.337388,0.00658,9.848858
1755404216157,0.277567,-0.050847,10.021441
1755404216159,0.265603,-0.029312,9.832108
1755404216162,0.351745,-0.036491,9.731609
1755404216164,0.186341,-0.072383,9.961619
1755404216167,0.349352,0.044865,9.803394
1755404216169,0.215354,-0.050847,10.11476
1755404216171,0.342174,0.037687,9.765109
1755404216174,0.251246,-0.067597,9.796216
1755404216176,0.275175,0.016152,9.896714
1755404216178,0.306281,-0.043669,9.932607
1755404216181,0.22014,0.001795,9.968799
1755404216184,0.31346,-0.005384,9.734002
1755404216188,0.208176,-0.022134,9.932607
1755404216190,0.363709,0.037687,9.793823
1755404216191,0.244068,-0.041276,10.093225
1755404216192,0.323031,0.008973,9.79143
1755404216195,0.234497,-0.038883,9.82493
1755404216197,0.308674,-0.036491,9.896714
1755404216201,0.275175,-0.062812,9.920643
1755404216202,0.270389,-0.005384,9.84168
1755404216204,0.306281,-0.019741,9.801002
1755404216207,0.234497,-0.041276,9.997512
1755404216209,0.325424,0.013759,9.779466
1755404216211,0.210568,-0.034098,10.009477
1755404216214,0.334995,-0.005384,9.74836
1755404216217,0.227318,-0.026919,10.069297
1755404216219,0.318245,-0.014955,9.707682
1755404216221,0.227318,-0.055633,10.05494
1755404216224,0.318245,-0.007777,9.738789
1755404216226,0.256032,-0.05324,9.868001
1755404216229,0.301496,-0.038883,9.832108
1755404216231,0.256032,-0.041276,10.021441
1755404216234,0.332602,0.004187,9.810573
1755404216236,0.263211,-0.038883,9.923036
1755404216239,0.315853,0.00658,9.765109
1755404216241,0.258425,-0.041276,10.028619
1755404216243,0.248854,-0.036491,9.839287
1755404216245,0.289532,-0.029312,9.88475
1755404216248,0.244068,-0.022134,9.88475
1755404216251,0.270389,-0.043669,9.817751
1755404216254,0.275175,-0.067597,9.937392
1755404216255,0.272782,-0.010169,9.834501
1755404216258,0.258425,-0.029312,9.954441
1755404216260,0.27996,-0.029312,9.846465
1755404216262,0.289532,-0.046062,9.899107
1755404216265,0.323031,-0.029312,9.82493
1755404216268,0.27996,-0.06999,9.911072
1755404216270,0.306281,0.00658,9.882358
1755404216272,0.284746,-0.022134,9.879965
1755404216274,0.277567,-0.067597,9.832108
1755404216277,0.246461,-0.055633,9.908679
1755404216279,0.284746,-0.048455,9.851251
1755404216282,0.229711,-0.005384,9.947263
1755404216285,0.303888,0.016152,9.839287
1755404216287,0.232104,-0.06999,9.927821
1755404216288,0.318245,-0.062812,9.817751
1755404216291,0.299103,-0.072383,9.930214
1755404216293,0.306281,-0.007777,9.836894
1755404216295,0.270389,-0.043669,9.915857
1755404216298,0.284746,-0.019741,9.934999
1755404216300,0.294317,0.00658,9.868001
1755404216303,0.265603,-0.034098,9.889536
1755404216306,0.323031,-0.038883,9.913465
1755404216307,0.272782,-0.002991,9.848858
1755404216310,0.215354,-0.041276,9.934999
1755404216312,0.294317,0.011366,9.844072
1755404216315,0.291924,-0.050847,9.906285
1755404216317,0.291924,0.00658,9.829716
1755404216320,0.294317,-0.031705,9.968799
1755404216322,0.308674,0.004187,9.84168
1755404216324,0.241675,-0.048455,9.915857
1755404216327,0.270389,-0.024526,9.836894
1755404216329,0.265603,-0.05324,9.925428
1755404216331,0.251246,-0.000598,9.865608
1755404216334,0.284746,-0.05324,9.796216
1755404216338,0.229711,-0.038883,9.966406
1755404216339,0.358923,-0.036491,9.710074
1755404216341,0.17677,-0.038883,10.047761
1755404216344,0.366102,-0.022134,9.729217
1755404216346,0.186341,-0.050847,10.069297
1755404216348,0.349352,0.032901,9.738789
1755404216351,0.212961,-0.043669,10.052547
1755404216353,0.342174,0.020937,9.74836
1755404216355,0.244068,-0.065204,9.939785
1755404216358,0.320638,0.025723,9.84168
1755404216361,0.332602,-0.026919,9.817751
1755404216363,0.205783,-0.026919,9.995119
1755404216365,0.337388,-0.014955,9.695718
1755404216367,0.195912,-0.058026,10.069297
1755404216370,0.351745,-0.000598,9.678967
1755404216372,0.174377,-0.041276,10.062119
1755404216375,0.346959,0.05683,9.726824
1755404216377,0.198604,0.00658,10.047761
1755404216380,0.344566,-0.007777,9.710074
1755404216382,0.244068,-0.031705,10.035797
1755404216384,0.334995,0.004187,9.779466
1755404216387,0.208176,-0.012562,9.985548
1755404216389,0.327817,0.02333,9.784252
1755404216391,0.232104,-0.022134,9.983155
1755404216394,0.315853,-0.005384,9.820144
1755404216396,0.267996,-0.024526,9.942178
1755404216398,0.334995,0.020937,9.844072
1755404216401,0.260818,-0.029312,9.875179
1755404216404,0.294317,-0.029312,9.887143
1755404216406,0.294317,0.00658,9.868001
1755404216408,0.258425,-0.029312,9.908679
1755404216411,0.277567,0.004187,9.875179
1755404216413,0.284746,-0.038883,9.923036
1755404216415,0.303888,-0.026919,9.882358
1755404216418,0.267996,-0.034098,9.887143
1755404216421,0.31346,-0.024526,9.889536
1755404216424,0.294317,-0.046062,9.894321
1755404216425,0.263211,-0.017348,9.848858
1755404216427,0.287139,-0.017348,9.88475
1755404216430,0.301496,-0.024526,9.877572
1755404216432,0.27996,-0.000598,9.9015
1755404216435,0.265603,-0.014955,9.877572
1755404216438,0.251246,-0.029312,9.9015
1755404216441,0.303888,-0.012562,9.870394
1755404216442,0.277567,-0.043669,9.891929
1755404216445,0.282353,-0.019741,9.908679
1755404216447,0.299103,-0.041276,9.925428
1755404216449,0.244068,-0.005384,9.84168
1755404216451,0.263211,-0.002991,9.777073
1755404216454,0.342174,-0.041276,10.031012
1755404216456,0.366102,-0.06999,10.119546
1755404216458,0.349352,-0.043669,9.9015
1755404216461,0.236889,-0.007777,9.82493
1755404216463,0.37328,-0.029312,9.927821
1755404216466,0.299103,-0.041276,9.915857
1755404216468,0.33021,-0.065204,9.934999
1755404216471,0.325424,-0.079561,9.77468
1755404216473,0.342174,-0.110668,9.913465
1755404216475,0.263211,0.001795,10.047761
1755404216478,0.263211,0.004187,9.712467
1755404216481,0.085843,0.064008,9.657433
1755404216482,0.232104,0.008973,9.717253
1755404216485,0.33021,-0.055633,9.863214
1755404216487,0.346959,-0.050847,9.887143
1755404216490,0.29671,-0.046062,9.777073
1755404216492,0.31346,0.001795,9.925428
1755404216495,0.239282,0.035294,9.987941
1755404216497,0.181555,0.042473,9.734002
1755404216499,0.17677,0.013759,9.753145
1755404216502,0.323031,-0.026919,9.858429
1755404216504,0.320638,-0.034098,9.932607
1755404216507,0.349352,-0.019741,9.961619
1755404216509,0.263211,0.013759,9.812965
1755404216511,0.239282,-0.007777,9.827323
1755404216514,0.208176,-0.026919,9.698111
1755404216516,0.291924,-0.012562,9.966406
1755404216519,0.27996,-0.019741,9.908679
1755404216521,0.315853,-0.017348,9.851251
1755404216524,0.303888,-0.007777,9.84168
1755404216529,0.397209,-0.062812,10.126724
1755404216531,0.244068,-0.014955,9.856036
1755404216532,0.320638,-0.067597,9.903893
1755404216533,0.29671,-0.019741,10.052547
1755404216535,0.227318,-0.014955,9.930214
1755404216537,0.258425,-0.029312,9.786645
1755404216540,0.306281,-0.012562,9.896714
1755404216543,0.19352,0.013759,9.671789
1755404216545,0.29671,-0.012562,9.846465
1755404216547,0.275175,-0.024526,9.870394
1755404216549,0.29671,-0.019741,9.858429
1755404216552,0.29671,-0.005384,9.832108
1755404216554,0.299103,-0.024526,9.879965
1755404216557,0.265603,-0.031705,9.810573
1755404216559,0.272782,-0.010169,9.858429
1755404216561,0.282353,-0.041276,9.853643
1755404216564,0.260818,-0.026919,9.915857
1755404216567,0.323031,-0.000598,9.906285
1755404216569,0.282353,-0.014955,9.829716
1755404216571,0.277567,-0.06999,9.812965
1755404216574,0.291924,0.02333,10.078868
1755404216576,0.325424,0.092722,9.79143
1755404216579,0.265603,-0.141775,9.743574
1755404216581,0.270389,-0.115454,10.042975
1755404216584,0.315853,0.15015,9.887143
1755404216586,0.222533,0.001795,9.753145
1755404216588,0.29671,-0.170489,9.937392
1755404216591,0.375673,0.068794,9.961619
1755404216593,0.232104,0.061615,9.734002
1755404216595,0.263211,-0.156132,9.889536
1755404216597,0.366102,-0.007777,10.011869
1755404216600,0.215354,0.068794,9.726824
1755404216603,0.205783,-0.158524,9.868001
1755404216605,0.394816,-0.029312,10.019048
1755404216608,0.239282,0.090329,9.77468
1755404216610,0.188734,-0.158524,9.820144
1755404216612,0.339781,-0.034098,10.047761
1755404216615,0.346959,0.111864,9.789038
1755404216617,0.215354,-0.117847,9.769895
1755404216619,0.337388,-0.062812,10.078868
1755404216622,0.318245,0.121436,9.79143
1755404216625,0.179163,-0.096311,9.765109
1755404216627,0.342174,-0.060419,10.064511
1755404216629,0.356531,0.107079,9.810573
1755404216631,0.167198,-0.101097,9.757931
1755404216634,0.327817,-0.062812,10.045368
1755404216636,0.356531,0.090329,9.822537
1755404216638,0.191127,-0.127418,9.777073
1755404216641,0.323031,-0.055633,10.066904
1755404216644,0.382852,0.11665,9.765109
1755404216646,0.155234,-0.132203,9.810573
1755404216649,0.349352,-0.05324,10.040583
1755404216651,0.385244,0.073579,9.762716
1755404216653,0.179163,-0.127418,9.879965
1755404216655,0.351745,-0.024526,10.007083
1755404216657,0.356531,0.075972,9.705289
1755404216660,0.145663,-0.105882,9.995119
1755404216663,0.378066,0.044865,9.920643
1755404216665,0.311067,-0.031705,9.698111
1755404216667,0.14327,-0.096311,10.069297
1755404216669,0.433101,0.054437,9.750752
1755404216672,0.186341,-0.065204,9.966406
1755404216674,0.277567,0.004187,9.923036
1755404216677,0.382852,-0.029312,9.750752
1755404216679,0.157627,-0.05324,10.019048
1755404216682,0.349352,0.020937,9.712467
1755404216684,0.222533,-0.093918,10.062119
1755404216687,0.311067,0.047258,9.822537
1755404216689,0.294317,-0.043669,9.870394
1755404216691,0.246461,-0.031705,9.949656
1755404216694,0.332602,0.001795,9.729217
1755404216696,0.191127,-0.05324,10.040583
1755404216698,0.361316,0.016152,9.722038
1755404216700,0.229711,-0.065204,10.014262
1755404216703,0.342174,-0.005384,9.765109
1755404216705,0.22014,-0.041276,9.971191
1755404216708,0.291924,-0.000598,9.79143
1755404216710,0.246461,-0.055633,9.887143
1755404216712,0.251246,0.008973,9.906285
1755404216715,0.308674,-0.031705,9.765109
1755404216717,0.22014,-0.062812,9.973584
1755404216720,0.349352,0.004187,9.77468
1755404216722,0.22014,-0.06999,10.011869
1755404216725,0.27996,-0.012562,9.812965
1755404216728,0.258425,-0.050847,9.961619
1755404216730,0.311067,0.004187,9.851251
1755404216732,0.272782,-0.010169,9.877572
1755404216735,0.277567,-0.014955,9.889536
1755404216737,0.291924,-0.062812,9.829716
1755404216739,0.244068,-0.046062,9.911072
1755404216742,0.299103,-0.036491,9.834501
1755404216744,0.263211,-0.043669,9.896714
1755404216747,0.337388,-0.029312,9.877572
1755404216749,0.284746,-0.024526,9.920643
1755404216751,0.311067,-0.014955,9.863214
1755404216754,0.287139,-0.031705,9.908679
1755404216756,0.291924,-0.012562,9.858429
1755404216758,0.282353,-0.019741,9.868001
1755404216761,0.275175,-0.041276,9.906285
1755404216764,0.29671,-0.012562,9.863214
1755404216766,0.260818,-0.002991,9.899107
1755404216767,0.301496,-0.019741,9.872787
1755404216771,0.299103,-0.036491,9.868001
1755404216773,0.244068,-0.036491,9.88475
1755404216775,0.241675,0.00658,9.879965
1755404216778,0.258425,-0.029312,9.891929
1755404216780,0.251246,-0.019741,9.879965
1755404216782,0.291924,-0.031705,9.875179
1755404216785,0.29671,-0.002991,9.908679
1755404216788,0.287139,-0.014955,9.889536
1755404216789,0.294317,-0.022134,9.894321
1755404216791,0.291924,-0.014955,9.860822
1755404216795,0.277567,-0.002991,9.911072
1755404216797,0.263211,0.00658,9.858429
1755404216799,0.284746,-0.010169,9.9015
1755404216801,0.299103,0.001795,9.858429
1755404216804,0.284746,-0.034098,9.74836
1755404216806,0.260818,-0.038883,9.983155
1755404216808,0.356531,0.073579,9.817751
1755404216812,0.260818,-0.007777,10.007083
1755404216814,0.301496,-0.019741,9.796216
1755404216815,0.272782,-0.065204,9.82493
1755404216818,0.224925,-0.012562,9.939785
1755404216821,0.342174,-0.000598,9.729217
1755404216823,0.22014,-0.050847,10.059726
1755404216825,0.342174,-0.022134,9.68136
1755404216828,0.208176,-0.036491,10.05494
1755404216831,0.354138,0.018544,9.707682
1755404216832,0.169591,-0.031705,10.057333
1755404216835,0.366102,0.016152,9.693324
1755404216837,0.205783,-0.046062,10.064511
1755404216839,0.349352,0.013759,9.753145
1755404216842,0.19352,-0.034098,10.009477
1755404216844,0.351745,-0.000598,9.750752
1755404216847,0.217747,-0.038883,9.97837
1755404216849,0.366102,0.037687,9.741181
1755404216852,0.229711,-0.062812,10.007083
1755404216855,0.315853,0.04008,9.772287
1755404216856,0.217747,-0.089133,10.023833
1755404216859,0.315853,0.018544,9.741181
1755404216861,0.246461,-0.058026,10.002297
1755404216864,0.356531,0.016152,9.753145
1755404216868,0.229711,-0.036491,10.019048
1755404216869,0.332602,-0.026919,9.784252
1755404216871,0.212961,-0.038883,10.00469
1755404216873,0.370888,0.00658,9.707682
1755404216875,0.246461,-0.007777,10.050154
1755404216878,0.339781,0.004187,9.710074
1755404216881,0.217747,-0.002991,10.033404
1755404216883,0.361316,-0.007777,9.688539
1755404216886,0.224925,-0.024526,10.083653
1755404216888,0.315853,0.00658,9.707682
1755404216891,0.227318,-0.005384,10.062119
1755404216893,0.327817,-0.002991,9.793823
1755404216894,0.291924,-0.017348,9.961619
1755404216898,0.289532,-0.031705,9.870394
1755404216899,0.236889,-0.002991,9.846465
1755404216902,0.294317,-0.091525,9.882358
1755404216904,0.277567,0.016152,9.870394
1755404216907,0.301496,-0.067597,9.911072
1755404216909,0.308674,-0.014955,9.798609
1755404216911,0.229711,-0.017348,9.927821
1755404216914,0.301496,-0.017348,9.757931
1755404216916,0.232104,-0.024526,10.009477
1755404216918,0.308674,-0.022134,9.722038
1755404216921,0.246461,-0.058026,10.076475
1755404216923,0.344566,-0.014955,9.765109
1755404216926,0.251246,-0.005384,10.062119
1755404216928,0.351745,-0.017348,9.796216
1755404216932,0.244068,-0.005384,9.973584
1755404216933,0.349352,-0.034098,9.786645
1755404216935,0.258425,-0.048455,9.915857
1755404216938,0.270389,-0.077169,9.777073
1755404216940,0.270389,-0.036491,9.865608
1755404216943,0.272782,-0.046062,9.903893
1755404216945,0.320638,0.035294,9.815358
1755404216948,0.275175,-0.005384,10.040583
1755404216950,0.33021,0.02333,9.779466
1755404216952,0.236889,-0.000598,10.040583
1755404216955,0.327817,0.00658,9.745967
1755404216957,0.241675,-0.048455,9.999905
1755404216959,0.306281,-0.041276,9.719646
1755404216961,0.272782,-0.055633,9.939785
1755404216965,0.33021,-0.002991,9.829716
1755404216967,0.267996,-0.005384,9.891929
1755404216969,0.258425,-0.022134,9.954441
1755404216971,0.308674,0.00658,9.784252
1755404216974,0.265603,-0.029312,9.997512
1755404216976,0.303888,-0.012562,9.753145
1755404216979,0.272782,-0.031705,9.949656
1755404216982,0.303888,-0.012562,9.815358
1755404216984,0.270389,-0.005384,9.894321
1755404216987,0.265603,-0.005384,9.959227
1755404216989,0.31346,0.011366,9.817751
1755404216990,0.265603,-0.043669,9.997512
1755404216993,0.275175,-0.026919,9.755538
1755404216995,0.267996,-0.014955,9.942178
1755404216997,0.275175,-0.024526,9.815358
1755404217000,0.33021,-0.017348,9.836894
1755404217002,0.244068,-0.029312,9.985548
1755404217005,0.303888,0.02333,9.769895
1755404217007,0.234497,-0.038883,10.028619
1755404217009,0.325424,-0.012562,9.717253
1755404217012,0.227318,-0.074776,10.086046
1755404217016,0.344566,-0.010169,9.68136
1755404217017,0.227318,-0.055633,10.081261
1755404217019,0.361316,-0.022134,9.726824
1755404217022,0.239282,-0.043669,10.014262
1755404217024,0.361316,-0.017348,9.717253
1755404217027,0.222533,-0.043669,9.937392
1755404217029,0.315853,-0.029312,9.779466
1755404217031,0.289532,0.011366,9.911072
1755404217033,0.289532,-0.043669,9.906285
1755404217036,0.289532,0.016152,9.834501
1755404217039,0.287139,-0.034098,10.021441
1755404217041,0.334995,0.004187,9.757931
1755404217043,0.232104,-0.036491,10.066904
1755404217046,0.315853,-0.007777,9.731609
1755404217048,0.229711,-0.041276,10.074082
1755404217051,0.337388,-0.012562,9.688539
1755404217053,0.263211,-0.058026,9.97837
1755404217056,0.303888,-0.029312,9.712467
1755404217057,0.253639,-0.034098,9.932607
1755404217060,0.318245,-0.029312,9.865608
1755404217062,0.311067,0.025723,9.908679
1755404217065,0.277567,0.018544,9.966406
1755404217067,0.299103,0.011366,9.77468
1755404217070,0.303888,-0.058026,9.925428
1755404217072,0.277567,-0.012562,9.863214
1755404217075,0.282353,0.013759,9.868001
1755404217077,0.275175,-0.010169,9.913465
1755404217079,0.315853,-0.026919,9.817751
1755404217082,0.248854,-0.043669,9.911072
1755404217085,0.291924,-0.007777,9.832108
1755404217086,0.284746,-0.017348,9.923036
1755404217089,0.306281,-0.041276,9.863214
1755404217091,0.258425,-0.050847,9.906285
1755404217095,0.320638,-0.017348,9.858429
1755404217096,0.284746,-0.022134,9.91825
1755404217099,0.332602,0.016152,9.882358
1755404217101,0.323031,-0.012562,9.891929
1755404217104,0.291924,-0.029312,9.848858
1755404217106,0.284746,-0.017348,9.870394
1755404217108,0.277567,-0.014955,9.882358
1755404217110,0.277567,-0.029312,9.872787
1755404217113,0.27996,-0.029312,9.896714
1755404217115,0.284746,-0.019741,9.853643
1755404217118,0.299103,-0.038883,9.889536
1755404217120,0.282353,-0.012562,9.851251
1755404217122,0.265603,-0.000598,9.870394
1755404217125,0.186341,0.087936,9.82493
1755404217127,0.380459,-0.031705,10.062119
1755404217129,0.368495,-0.10349,9.896714
1755404217132,0.299103,-0.024526,9.868001
1755404217135,0.195912,-0.014955,9.777073
1755404217137,0.346959,-0.050847,9.973584
1755404217139,0.299103,-0.065204,9.992726
1755404217142,0.289532,-0.024526,9.836894
1755404217144,0.299103,-0.041276,9.908679
1755404217146,0.260818,-0.012562,9.860822
1755404217148,0.315853,-0.002991,9.894321
1755404217152,0.287139,0.004187,9.934999
1755404217154,0.301496,-0.000598,9.923036
1755404217156,0.256032,0.001795,9.908679
1755404217158,0.29671,-0.014955,9.822537
1755404217160,0.282353,-0.029312,9.932607
1755404217163,0.291924,-0.017348,9.853643
1755404217165,0.291924,-0.007777,9.923036
1755404217168,0.272782,-0.002991,9.844072
1755404217171,0.267996,-0.007777,9.88475
1755404217173,0.282353,-0.010169,9.863214
1755404217175,0.282353,-0.007777,9.925428
1755404217178,0.287139,-0.036491,9.879965
1755404217180,0.282353,-0.012562,9.894321
1755404217182,0.272782,-0.005384,9.887143
1755404217184,0.275175,-0.017348,9.846465
1755404217187,0.270389,-0.005384,9.896714
1755404217189,0.265603,-0.022134,9.911072
1755404217192,0.315853,-0.029312,9.915857
1755404217194,0.315853,-0.026919,9.856036
1755404217197,0.282353,-0.026919,9.906285
1755404217199,0.334995,-0.010169,9.872787
1755404217201,0.301496,-0.026919,9.882358
1755404217204,0.272782,-0.002991,9.834501
1755404217207,0.282353,-0.005384,9.908679
1755404217208,0.277567,-0.014955,9.836894
1755404217211,0.282353,-0.048455,9.913465
1755404217213,0.284746,-0.022134,9.848858
1755404217215,0.284746,-0.050847,9.887143
1755404217218,0.299103,-0.017348,9.863214
1755404217221,0.27996,-0.024526,9.906285
1755404217223,0.284746,-0.007777,9.805787
1755404217225,0.294317,-0.014955,9.899107
1755404217227,0.267996,-0.019741,9.832108
1755404217230,0.267996,-0.031705,9.915857
1755404217232,0.282353,-0.031705,9.844072
1755404217235,0.275175,-0.022134,9.930214
1755404217237,0.275175,-0.024526,9.908679
1755404217240,0.301496,-0.007777,9.868001
1755404217242,0.277567,-0.019741,9.856036
1755404217245,0.258425,-0.024526,9.91825
1755404217247,0.287139,-0.024526,9.858429
1755404217249,0.306281,-0.026919,9.915857
1755404217251,0.270389,-0.012562,9.832108
1755404217254,0.263211,-0.024526,9.872787
1755404217257,0.253639,-0.012562,9.903893
1755404217259,0.282353,-0.043669,9.891929
1755404217261,0.267996,0.008973,9.956834
1755404217263,0.315853,-0.022134,9.777073
1755404217266,0.272782,-0.113061,9.834501
1755404217268,0.267996,0.001795,10.059726
1755404217271,0.277567,0.15015,9.832108
1755404217273,0.210568,-0.120239,9.710074
1755404217275,0.27996,-0.175274,10.00469
1755404217278,0.337388,0.123829,9.927821
1755404217280,0.227318,0.064008,9.765109
1755404217283,0.267996,-0.201595,9.88475
1755404217285,0.344566,-0.005384,10.040583
1755404217289,0.229711,0.138186,9.738789
1755404217291,0.229711,-0.144168,9.803394
1755404217293,0.344566,-0.098704,10.03819
1755404217295,0.258425,0.1334,9.829716
1755404217297,0.208176,-0.034098,9.741181
1755404217300,0.31346,-0.189631,9.975977
1755404217302,0.306281,0.107079,9.999905
1755404217306,0.191127,0.092722,9.712467
1755404217307,0.27996,-0.213559,9.815358
1755404217309,0.337388,-0.041276,10.064511
1755404217311,0.248854,0.147757,9.767502
1755404217314,0.258425,-0.084347,9.726824
1755404217316,0.325424,-0.208774,10.00469
1755404217319,0.303888,0.095115,9.961619
1755404217322,0.236889,0.0999,9.741181
1755404217325,0.303888,-0.199202,9.860822
1755404217326,0.325424,0.00658,10.066904
1755404217328,0.270389,0.174078,9.786645
1755404217331,0.253639,-0.101097,9.74836
1755404217333,0.315853,-0.136989,10.031012
1755404217335,0.272782,0.131007,9.882358
1755404217338,0.215354,0.008973,9.741181
1755404217341,0.287139,-0.199202,9.959227
1755404217343,0.337388,0.049651,10.057333
1755404217345,0.224925,0.138186,9.762716
1755404217347,0.246461,-0.165703,9.834501
1755404217350,0.380459,-0.065204,10.086046
1755404217352,0.265603,0.145364,9.77468
1755404217354,0.208176,-0.093918,9.750752
1755404217357,0.315853,-0.14656,10.064511
1755404217359,0.337388,0.109472,9.88475
1755404217362,0.169591,-0.022134,9.729217
1755404217365,0.248854,-0.187238,10.011869
1755404217366,0.363709,0.075972,9.987941
1755404217369,0.222533,0.047258,9.722038
1755404217371,0.248854,-0.153739,9.934999
1755404217374,0.399601,0.008973,9.985548
1755404217376,0.267996,0.083151,9.745967
1755404217378,0.195912,-0.156132,9.891929
1755404217382,0.354138,0.00658,10.026226
1755404217383,0.27996,0.092722,9.731609
1755404217386,0.150449,-0.117847,9.891929
1755404217388,0.351745,0.008973,9.973584
1755404217391,0.29671,0.04008,9.741181
1755404217393,0.183948,-0.156132,9.956834
1755404217395,0.356531,0.042473,9.947263
1755404217398,0.260818,0.028116,9.707682
1755404217401,0.232104,-0.16331,10.021441
1755404217403,0.40678,0.071186,9.88475
1755404217405,0.244068,-0.014955,9.745967
1755404217408,0.20339,-0.136989,10.069297
1755404217410,0.442672,0.097508,9.786645
1755404217412,0.162413,-0.058026,9.82493
1755404217415,0.236889,-0.062812,10.045368
1755404217417,0.437887,0.04008,9.710074
1755404217419,0.131306,-0.108275,9.987941
1755404217422,0.339781,0.030508,9.923036
1755404217425,0.358923,-0.014955,9.712467
1755404217426,0.104985,-0.089133,10.074082
1755404217430,0.409173,0.054437,9.71486
1755404217431,0.210568,-0.108275,9.995119
1755404217434,0.277567,0.049651,9.925428
1755404217436,0.332602,-0.026919,9.702896
1755404217438,0.148056,-0.079561,10.109975
1755404217441,0.40678,0.071186,9.676575
1755404217443,0.167198,-0.105882,10.040583
1755404217446,0.327817,0.035294,9.846465
1755404217448,0.31346,-0.077169,9.829716
1755404217450,0.195912,-0.000598,10.042975
1755404217453,0.437887,0.013759,9.602397
1755404217455,0.152842,-0.060419,10.162617
1755404217458,0.418744,0.05683,9.607183
1755404217460,0.140877,-0.06999,10.129117
1755404217463,0.356531,0.064008,9.690931
1755404217465,0.229711,-0.098704,10.023833
1755404217467,0.325424,0.047258,9.805787
1755404217470,0.277567,-0.067597,9.925428
1755404217472,0.289532,0.011366,9.875179
1755404217475,0.294317,-0.062812,9.868001
1755404217477,0.277567,0.011366,9.887143
1755404217479,0.301496,-0.062812,9.889536
1755404217482,0.282353,-0.012562,9.844072
1755404217485,0.27996,-0.05324,9.908679
1755404217486,0.294317,0.00658,9.832108
1755404217489,0.287139,-0.060419,9.97837
1755404217492,0.29671,0.011366,9.805787
1755404217493,0.275175,-0.024526,10.033404
1755404217496,0.263211,0.02333,9.760324
1755404217498,0.253639,-0.031705,10.042975
1755404217501,0.311067,-0.012562,9.760324
1755404217506,0.236889,-0.036491,10.009477
1755404217507,0.327817,-0.041276,9.712467
1755404217508,0.232104,-0.031705,9.934999
1755404217511,0.294317,-0.022134,9.839287
1755404217513,0.258425,-0.041276,9.827323
1755404217515,0.267996,-0.012562,10.035797
1755404217518,0.31346,0.028116,9.767502
1755404217520,0.234497,-0.026919,9.973584
1755404217523,0.339781,-0.091525,9.698111
1755404217526,0.275175,-0.062812,9.844072
1755404217528,0.258425,0.044865,10.03819
1755404217529,0.291924,0.111864,9.796216
1755404217532,0.246461,-0.074776,9.932607
1755404217534,0.306281,-0.127418,9.726824
1755404217537,0.299103,-0.014955,9.908679
1755404217539,0.215354,0.092722,10.00469
1755404217543,0.291924,-0.005384,9.717253
1755404217545,0.215354,-0.153739,9.832108
1755404217546,0.258425,-0.050847,9.939785
1755404217549,0.332602,0.066401,9.952048
1755404217551,0.265603,0.042473,9.980762
1755404217554,0.289532,-0.079561,9.77468
1755404217556,0.265603,-0.048455,9.944571
1755404217558,0.287139,0.083151,9.887143
1755404217561,0.270389,-0.005384,9.810573
1755404217563,0.277567,-0.067597,9.942178
1755404217566,0.263211,-0.026919,9.915857
1755404217568,0.270389,-0.012562,9.798609
1755404217570,0.27996,-0.038883,9.937392
1755404217573,0.303888,0.001795,9.896714
1755404217575,0.272782,-0.022134,9.817751
1755404217578,0.272782,-0.029312,9.913465
1755404217580,0.315853,-0.012562,9.875179
1755404217582,0.256032,-0.010169,9.858429
1755404217585,0.275175,-0.026919,9.903893
1755404217587,0.301496,-0.014955,9.887143
1755404217589,0.256032,-0.041276,9.851251
1755404217592,0.289532,-0.038883,9.908679
1755404217594,0.303888,-0.031705,9.844072
1755404217597,0.315853,-0.014955,9.896714
1755404217599,0.267996,-0.000598,9.913465
1755404217601,0.29671,-0.017348,9.870394
1755404217604,0.299103,-0.026919,9.889536
1755404217607,0.294317,-0.014955,9.899107
1755404217609,0.303888,0.004187,9.875179
1755404217612,0.315853,-0.002991,9.858429
1755404217614,0.301496,-0.029312,9.891929
1755404217616,0.260818,-0.036491,9.875179
1755404217618,0.287139,-0.010169,9.899107
1755404217621,0.311067,0.004187,9.894321
1755404217623,0.27996,-0.031705,9.872787
1755404217626,0.311067,-0.022134,9.851251
1755404217628,0.289532,-0.010169,9.889536
1755404217630,0.308674,-0.038883,9.896714
1755404217633,0.299103,-0.036491,9.894321
1755404217635,0.239282,-0.036491,9.872787
1755404217637,0.267996,-0.012562,9.896714
1755404217640,0.306281,0.001795,9.868001
1755404217642,0.275175,-0.019741,9.875179
1755404217645,0.275175,-0.002991,9.896714
1755404217647,0.277567,-0.014955,9.891929
1755404217649,0.246461,0.013759,9.779466
1755404217652,0.31346,-0.029312,9.832108
1755404217654,0.354138,-0.038883,10.028619
1755404217656,0.325424,-0.002991,10.069297
1755404217659,0.263211,-0.014955,9.834501
1755404217662,0.468993,-0.141775,10.157831
1755404217664,0.200997,-0.014955,9.657433
1755404217667,0.277567,-0.036491,9.796216
1755404217669,0.179163,0.049651,9.832108
1755404217671,0.258425,-0.019741,9.822537
1755404217673,0.311067,-0.06999,9.827323
1755404217676,0.339781,-0.041276,9.789038
1755404217679,0.260818,-0.036491,9.592826
1755404217681,0.284746,0.004187,9.923036
1755404217683,0.339781,-0.034098,9.88475
1755404217685,0.418744,-0.074776,10.047761
1755404217687,0.332602,-0.058026,9.947263
1755404217690,0.291924,0.016152,9.932607
1755404217693,0.229711,-0.002991,9.817751
1755404217695,0.251246,0.028116,9.829716
1755404217698,0.361316,-0.079561,9.906285
1755404217700,0.277567,0.001795,9.822537
1755404217702,0.287139,-0.026919,9.834501
1755404217704,0.287139,-0.002991,9.860822
1755404217710,0.258425,-0.014955,9.903893
1755404217712,0.258425,0.00658,9.908679
1755404217714,0.232104,-0.012562,9.877572
1755404217716,0.244068,-0.010169,9.875179
1755404217717,0.303888,-0.014955,9.868001
1755404217720,0.29671,-0.014955,9.848858
1755404217721,0.287139,0.001795,9.889536
1755404217723,0.287139,-0.010169,9.894321
1755404217726,0.287139,-0.017348,9.84168
1755404217728,0.301496,-0.007777,9.858429
1755404217731,0.291924,-0.029312,9.868001
1755404217733,0.267996,0.001795,9.927821
1755404217736,0.315853,-0.041276,9.870394
1755404217738,0.27996,0.00658,9.939785
1755404217740,0.308674,-0.010169,9.801002
1755404217743,0.224925,-0.024526,10.009477
1755404217745,0.320638,-0.014955,9.743574
1755404217748,0.232104,-0.014955,9.903893
1755404217750,0.287139,-0.06999,9.822537
1755404217752,0.27996,-0.034098,9.817751
1755404217755,0.229711,-0.043669,10.019048
1755404217757,0.332602,0.028116,9.769895
1755404217760,0.260818,-0.014955,10.107582
1755404217762,0.301496,-0.017348,9.700503
1755404217765,0.256032,-0.050847,9.942178
1755404217767,0.27996,-0.089133,9.74836
1755404217769,0.265603,-0.014955,9.822537
1755404217771,0.236889,0.054437,10.040583
1755404217774,0.325424,0.078365,9.877572
1755404217777,0.263211,-0.005384,10.00469
1755404217779,0.294317,-0.115454,9.65504
1755404217781,0.301496,-0.120239,9.836894
1755404217785,0.270389,0.030508,10.014262
1755404217787,0.318245,0.126221,9.920643
1755404217789,0.251246,0.018544,9.949656
1755404217791,0.289532,-0.16331,9.664611
1755404217793,0.263211,-0.122632,9.834501
1755404217796,0.263211,0.049651,10.035797
1755404217798,0.315853,0.135793,9.927821
1755404217800,0.248854,-0.05324,9.877572
1755404217804,0.260818,-0.192024,9.678967
1755404217805,0.320638,-0.060419,9.920643
1755404217807,0.29671,0.126221,10.074082
1755404217811,0.291924,0.092722,9.777073
1755404217812,0.244068,-0.14656,9.827323
1755404217815,0.294317,-0.151346,9.796216
1755404217817,0.284746,0.061615,10.028619
1755404217820,0.272782,0.147757,10.040583
1755404217822,0.294317,-0.050847,9.671789
1755404217825,0.263211,-0.203988,9.779466
1755404217827,0.29671,0.02333,9.97837
1755404217829,0.289532,0.126221,9.882358
1755404217832,0.239282,-0.046062,9.899107
1755404217834,0.291924,-0.189631,9.762716
1755404217839,0.318245,-0.026919,9.97837
1755404217840,0.282353,0.154935,10.052547
1755404217841,0.31346,-0.005384,9.74836
1755404217844,0.267996,-0.184846,9.762716
1755404217846,0.27996,-0.046062,9.942178
1755404217849,0.308674,0.145364,9.899107
1755404217851,0.248854,0.016152,9.934999
1755404217854,0.291924,-0.148953,9.753145
1755404217855,0.289532,-0.067597,9.966406
1755404217858,0.27996,0.126221,10.035797
1755404217860,0.275175,0.035294,9.755538
1755404217863,0.263211,-0.187238,9.784252
1755404217865,0.263211,-0.091525,9.939785
1755404217867,0.299103,0.107079,9.934999
1755404217871,0.272782,0.025723,9.925428
1755404217872,0.308674,-0.168096,9.786645
1755404217874,0.315853,-0.10349,9.966406
1755404217877,0.294317,0.1334,10.021441
1755404217880,0.291924,0.02333,9.750752
1755404217882,0.263211,-0.158524,9.810573
1755404217884,0.265603,-0.062812,9.930214
1755404217887,0.27996,0.104686,9.834501
1755404217889,0.270389,0.013759,9.896714
1755404217892,0.287139,-0.141775,9.815358
1755404217894,0.315853,-0.005384,9.947263
1755404217896,0.234497,0.090329,9.939785
1755404217899,0.277567,-0.031705,9.834501
1755404217901,0.311067,-0.079561,9.906285
1755404217903,0.282353,0.04008,9.952048
1755404217906,0.267996,0.020937,9.786645
1755404217908,0.267996,-0.105882,9.9015
1755404217912,0.265603,-0.055633,9.930214
1755404217913,0.299103,0.025723,9.762716
1755404217915,0.251246,-0.041276,9.839287
1755404217918,0.308674,-0.067597,9.868001
1755404217920,0.29671,-0.000598,9.930214
1755404217923,0.246461,0.047258,9.961619
1755404217925,0.289532,-0.062812,9.820144
1755404217927,0.308674,-0.05324,9.930214
1755404217930,0.248854,0.066401,9.968799
1755404217932,0.244068,0.049651,9.786645
1755404217935,0.251246,-0.091525,9.877572
1755404217937,0.289532,-0.024526,9.894321
1755404217939,0.260818,0.02333,9.786645
1755404217942,0.236889,-0.05324,9.934999
1755404217944,0.318245,-0.05324,9.911072
1755404217946,0.320638,0.016152,9.801002
1755404217949,0.260818,-0.029312,9.911072
1755404217952,0.323031,-0.034098,9.887143
1755404217954,0.315853,-0.007777,9.820144
1755404217956,0.244068,-0.014955,9.856036
1755404217959,0.282353,-0.038883,9.851251
1755404217961,0.306281,0.011366,9.927821
1755404217963,0.267996,-0.026919,9.911072
1755404217966,0.265603,-0.012562,9.911072
1755404217968,0.311067,-0.034098,9.856036
1755404217970,0.275175,-0.000598,9.908679
1755404217973,0.299103,-0.046062,9.820144
1755404217975,0.270389,-0.014955,9.875179
1755404217978,0.299103,-0.026919,9.868001
1755404217980,0.275175,-0.026919,9.858429
1755404217983,0.289532,-0.014955,9.973584
1755404217985,0.263211,0.008973,9.863214
1755404217988,0.263211,-0.077169,9.80818
1755404217990,0.287139,-0.038883,9.896714
1755404217993,0.301496,-0.024526,9.875179
1755404217995,0.260818,-0.017348,9.899107
1755404217997,0.284746,-0.024526,9.870394
1755404217999,0.246461,-0.031705,9.872787
1755404218002,0.282353,-0.014955,9.860822
1755404218004,0.301496,-0.019741,9.875179
1755404218007,0.31346,-0.046062,9.848858
1755404218009,0.275175,-0.019741,9.97837
1755404218011,0.342174,-0.007777,9.798609
1755404218014,0.294317,-0.072383,9.923036
1755404218016,0.299103,-0.036491,9.848858
1755404218019,0.33021,-0.005384,9.875179
1755404218021,0.258425,-0.014955,9.891929
1755404218023,0.301496,-0.022134,9.875179
1755404218025,0.301496,-0.031705,9.875179
1755404218028,0.284746,-0.043669,9.9015
1755404218030,0.272782,-0.067597,9.79143
1755404218033,0.287139,-0.005384,9.975977
1755404218036,0.282353,0.004187,9.827323
1755404218038,0.282353,0.008973,9.932607
1755404218040,0.299103,-0.010169,9.865608
1755404218043,0.277567,-0.029312,9.868001
1755404218045,0.301496,-0.019741,9.911072
1755404218047,0.267996,-0.010169,9.836894
1755404218050,0.287139,-0.017348,9.899107
1755404218054,0.284746,-0.041276,9.848858
1755404218055,0.267996,-0.048455,9.930214
1755404218057,0.277567,0.025723,9.906285
1755404218059,0.260818,-0.046062,9.760324
1755404218062,0.227318,-0.050847,10.045368
1755404218064,0.351745,0.016152,9.74836
1755404218067,0.20339,-0.005384,10.062119
1755404218069,0.337388,-0.012562,9.707682
1755404218071,0.270389,-0.026919,9.999905
1755404218074,0.31346,-0.017348,9.820144
1755404218076,0.265603,-0.014955,9.927821
1755404218079,0.301496,-0.007777,9.911072
1755404218081,0.265603,0.004187,9.839287
1755404218083,0.275175,-0.048455,9.927821
1755404218086,0.248854,-0.029312,9.832108
1755404218089,0.284746,-0.029312,9.908679
1755404218090,0.299103,-0.024526,9.88475
1755404218093,0.253639,-0.022134,9.877572
1755404218095,0.31346,-0.002991,9.877572
1755404218098,0.308674,-0.019741,9.877572
1755404218100,0.289532,-0.038883,9.887143
1755404218102,0.294317,0.013759,9.870394
1755404218105,0.320638,-0.012562,9.875179
1755404218107,0.267996,-0.026919,9.894321
1755404218110,0.289532,-0.026919,9.879965
1755404218112,0.294317,-0.007777,9.879965
1755404218115,0.289532,-0.024526,9.865608
1755404218118,0.258425,-0.019741,9.882358
1755404218119,0.294317,-0.005384,9.891929
1755404218122,0.260818,-0.019741,9.848858
1755404218124,0.277567,-0.000598,9.851251
1755404218127,0.282353,-0.019741,9.906285
1755404218129,0.308674,-0.029312,9.882358
1755404218131,0.232104,-0.043669,9.894321
1755404218134,0.301496,-0.012562,9.860822
1755404218136,0.282353,-0.062812,9.817751
1755404218138,0.263211,-0.024526,9.91825
1755404218140,0.267996,-0.019741,9.822537
1755404218143,0.284746,-0.034098,9.877572
1755404218146,0.267996,-0.024526,9.872787
1755404218148,0.239282,-0.022134,9.872787
1755404218150,0.263211,-0.036491,9.865608
1755404218152,0.349352,-0.055633,9.832108
1755404218156,0.394816,-0.081954,9.987941
1755404218158,0.256032,0.049651,9.954441
1755404218160,0.418744,-0.060419,10.107582
1755404218163,0.33021,-0.036491,10.05494
1755404218164,0.315853,-0.024526,9.882358
1755404218167,0.320638,0.032901,10.193724
1755404218169,0.22014,0.080758,9.786645
1755404218173,0.08345,0.054437,9.65504
1755404218174,0.303888,-0.043669,9.79143
1755404218177,0.473779,-0.101097,10.023833
1755404218179,0.497707,-0.038883,10.246366
1755404218181,0.093021,0.090329,9.597611
1755404218184,0.145663,0.05683,9.659825
1755404218186,0.200997,0.049651,9.647861
1755404218189,0.413958,-0.012562,10.42822
1755404218191,0.256032,-0.010169,9.683753
1755404218194,0.229711,0.028116,9.887143
1755404218197,0.33021,-0.048455,10.059726
1755404218198,0.215354,0.013759,9.908679
1755404218201,0.354138,-0.017348,10.169795
1755404218203,0.267996,-0.022134,9.923036
1755404218207,0.370888,-0.098704,9.817751
1755404218208,0.315853,-0.007777,9.896714
1755404218210,0.351745,-0.074776,9.853643
1755404218213,0.327817,-0.046062,9.879965
1755404218216,0.315853,-0.005384,9.999905
1755404218217,0.315853,-0.036491,10.021441
1755404218220,0.277567,0.052044,10.035797
1755404218223,0.275175,0.030508,10.057333
1755404218225,0.416351,-0.007777,10.193724
1755404218227,0.356531,-0.031705,10.064511
1755404218230,0.351745,-0.026919,10.057333
1755404218232,0.342174,-0.017348,9.980762
1755404218234,0.224925,0.037687,9.865608
1755404218237,0.289532,-0.041276,9.860822
1755404218240,0.31346,-0.022134,9.887143
1755404218242,0.148056,0.068794,9.745967
1755404218244,0.224925,0.052044,9.942178
1755404218246,0.346959,-0.031705,9.964012
1755404218248,0.251246,-0.017348,9.870394
1755404218251,0.306281,-0.024526,9.877572
1755404218253,0.318245,-0.038883,9.88475
1755404218255,0.270389,-0.022134,9.870394
1755404218259,0.277567,-0.024526,9.877572
1755404218260,0.27996,-0.019741,9.882358
1755404218263,0.289532,-0.002991,9.877572
1755404218265,0.306281,-0.012562,9.851251
1755404218268,0.289532,-0.010169,9.889536
1755404218270,0.27996,0.00658,9.906285
1755404218272,0.294317,-0.031705,9.858429
1755404218275,0.334995,-0.014955,9.88475
1755404218278,0.270389,-0.019741,9.848858
1755404218280,0.282353,-0.024526,9.860822
1755404218282,0.263211,-0.026919,9.906285
1755404218284,0.284746,-0.017348,9.848858
1755404218287,0.287139,-0.029312,9.879965
1755404218289,0.267996,-0.019741,9.889536
1755404218293,0.275175,-0.038883,9.891929
1755404218294,0.301496,-0.031705,9.870394
1755404218297,0.267996,-0.019741,9.932607
1755404218299,0.267996,-0.010169,9.891929
1755404218302,0.29671,-0.012562,9.846465
1755404218303,0.263211,-0.010169,9.879965
1755404218306,0.27996,-0.026919,9.872787
1755404218308,0.256032,-0.022134,9.891929
1755404218311,0.210568,-0.036491,9.77468
1755404218314,0.275175,-0.034098,9.817751
1755404218315,0.251246,-0.014955,9.734002
1755404218319,0.277567,-0.031705,9.915857
1755404218321,0.294317,-0.062812,9.949656
1755404218323,0.311067,0.011366,9.844072
1755404218325,0.301496,-0.010169,9.88475
1755404218328,0.27996,0.00658,9.870394
1755404218331,0.29671,-0.002991,9.882358
1755404218332,0.27996,-0.017348,9.882358
1755404218335,0.291924,0.004187,9.870394
1755404218337,0.258425,-0.010169,9.891929
1755404218339,0.260818,0.004187,9.88475
1755404218343,0.270389,-0.031705,9.877572
1755404218344,0.291924,-0.014955,9.903893
1755404218348,0.294317,-0.026919,9.84168
1755404218349,0.258425,-0.117847,9.911072
1755404218351,0.270389,0.013759,9.932607
1755404218354,0.320638,0.008973,9.772287
1755404218356,0.248854,-0.050847,10.00469
1755404218359,0.323031,-0.046062,9.712467
1755404218361,0.232104,-0.038883,10.007083
1755404218364,0.349352,0.04008,9.757931
1755404218366,0.208176,-0.000598,10.014262
1755404218369,0.320638,0.00658,9.810573
1755404218371,0.236889,-0.081954,9.999905
1755404218373,0.325424,0.008973,9.817751
1755404218377,0.275175,-0.038883,9.949656
1755404218379,0.325424,-0.007777,9.856036
1755404218382,0.318245,-0.050847,9.82493
1755404218383,0.263211,-0.014955,9.91825
1755404218385,0.346959,-0.034098,9.772287
1755404218387,0.241675,-0.026919,9.995119
1755404218390,0.370888,-0.005384,9.731609
1755404218393,0.22014,-0.043669,10.023833
1755404218394,0.346959,0.042473,9.726824
1755404218397,0.183948,-0.031705,10.040583
1755404218400,0.327817,-0.012562,9.736395
1755404218402,0.22014,-0.058026,10.023833
1755404218404,0.349352,0.035294,9.729217
1755404218406,0.236889,-0.034098,10.019048
1755404218409,0.311067,0.030508,9.741181
1755404218412,0.253639,-0.065204,10.021441
1755404218414,0.301496,0.04008,9.80818
1755404218416,0.265603,-0.043669,9.937392
1755404218418,0.287139,0.016152,9.846465
1755404218421,0.334995,-0.022134,9.848858
1755404218424,0.289532,0.00658,9.903893
1755404218426,0.320638,-0.041276,9.815358
1755404218428,0.239282,0.011366,9.959227
1755404218433,0.334995,-0.038883,9.765109
1755404218434,0.22014,-0.007777,9.992726
1755404218435,0.33021,-0.026919,9.741181
1755404218437,0.229711,-0.050847,10.033404
1755404218441,0.358923,-0.029312,9.719646
1755404218442,0.191127,-0.05324,10.062119
1755404218445,0.368495,0.00658,9.700503
1755404218447,0.20339,-0.046062,10.066904
1755404218449,0.378066,0.001795,9.688539
1755404218453,0.208176,-0.014955,10.062119
1755404218454,0.37328,0.011366,9.690931
1755404218457,0.224925,-0.019741,10.064511
1755404218459,0.320638,0.008973,9.722038
1755404218462,0.210568,-0.031705,10.035797
1755404218464,0.361316,-0.024526,9.762716
1755404218467,0.236889,-0.017348,9.992726
1755404218469,0.339781,-0.012562,9.820144
1755404218471,0.284746,-0.010169,9.899107
1755404218474,0.306281,-0.036491,9.834501
1755404218476,0.260818,-0.017348,9.877572
1755404218479,0.263211,-0.036491,9.848858
1755404218482,0.289532,-0.024526,9.801002
1755404218483,0.251246,-0.017348,9.942178
1755404218486,0.308674,0.001795,9.769895
1755404218488,0.222533,-0.031705,10.095618
1755404218491,0.311067,0.047258,9.757931
1755404218493,0.241675,0.016152,10.076475
1755404218496,0.320638,-0.007777,9.731609
1755404218498,0.284746,-0.041276,9.920643
1755404218501,0.284746,-0.074776,9.798609
1755404218503,0.294317,-0.029312,9.832108
1755404218505,0.303888,-0.005384,9.973584
1755404218507,0.311067,0.035294,9.863214
1755404218509,0.251246,0.016152,10.045368
1755404218512,0.29671,-0.031705,9.695718
1755404218514,0.272782,-0.084347,9.872787
1755404218517,0.282353,-0.081954,9.860822
1755404218519,0.29671,0.052044,9.896714
1755404218522,0.236889,0.059222,10.066904
1755404218524,0.308674,0.018544,9.688539
1755404218527,0.27996,-0.129811,9.870394
1755404218530,0.287139,-0.101097,9.858429
1755404218533,0.287139,0.066401,10.081261
1755404218535,0.272782,0.073579,9.939785
1755404218536,0.284746,-0.065204,9.750752
1755404218539,0.291924,-0.158524,9.738789
1755404218541,0.253639,-0.034098,9.966406
1755404218543,0.270389,0.109472,9.872787
1755404218546,0.234497,-0.019741,9.865608
1755404218548,0.27996,-0.105882,9.88475
1755404218551,0.31346,0.02333,9.980762
1755404218553,0.227318,0.052044,9.942178
1755404218555,0.311067,-0.017348,9.781859
1755404218557,0.275175,-0.136989,9.961619
1755404218560,0.256032,0.044865,9.891929
1755404218563,0.272782,0.028116,9.803394
1755404218565,0.294317,-0.050847,9.846465
1755404218567,0.289532,-0.058026,9.923036
1755404218569,0.294317,0.025723,9.779466
1755404218572,0.284746,-0.019741,9.923036
1755404218574,0.334995,-0.019741,9.927821
1755404218577,0.258425,0.016152,9.810573
1755404218580,0.241675,-0.019741,9.887143
1755404218582,0.325424,-0.081954,9.801002
1755404218584,0.263211,-0.031705,9.903893
1755404218586,0.275175,0.032901,9.815358
1755404218589,0.239282,-0.058026,9.9015
1755404218591,0.339781,-0.026919,9.899107
1755404218594,0.248854,0.008973,10.050154
1755404218597,0.308674,0.011366,9.717253
1755404218599,0.256032,-0.06999,10.057333
1755404218602,0.332602,0.016152,9.82493
1755404218603,0.277567,0.001795,9.844072
1755404218606,0.263211,-0.034098,9.875179
1755404218608,0.315853,0.011366,9.973584
1755404218610,0.258425,0.025723,9.757931
1755404218613,0.22014,-0.067597,9.983155
1755404218615,0.327817,-0.048455,9.755538
1755404218619,0.236889,-0.084347,9.877572
1755404218620,0.282353,-0.007777,9.987941
1755404218622,0.315853,0.083151,9.927821
1755404218625,0.241675,-0.029312,9.731609
1755404218628,0.239282,-0.156132,9.997512
1755404218629,0.299103,-0.031705,9.817751
1755404218632,0.263211,-0.024526,9.844072
1755404218634,0.291924,-0.002991,10.076475
1755404218637,0.368495,0.035294,9.757931
1755404218639,0.239282,-0.084347,9.810573
1755404218641,0.325424,-0.046062,10.00469
1755404218644,0.349352,0.068794,9.851251
1755404218646,0.227318,-0.022134,9.765109
1755404218649,0.287139,-0.08674,10.00469
1755404218651,0.351745,0.025723,9.834501
1755404218654,0.200997,-0.010169,9.760324
1755404218656,0.291924,-0.089133,9.975977
1755404218658,0.332602,0.042473,9.942178
1755404218660,0.210568,0.04008,9.738789
1755404218663,0.253639,-0.043669,9.987941
1755404218666,0.361316,0.008973,9.882358
1755404218668,0.234497,0.00658,9.757931
1755404218670,0.246461,-0.034098,10.021441
1755404218672,0.351745,0.004187,9.903893
1755404218675,0.241675,0.004187,9.793823
1755404218677,0.263211,-0.081954,10.021441
1755404218680,0.342174,0.016152,9.793823
1755404218683,0.246461,-0.05324,9.817751
1755404218685,0.267996,-0.026919,9.973584
1755404218687,0.349352,0.037687,9.767502
1755404218689,0.22014,-0.041276,9.863214
1755404218692,0.301496,-0.026919,9.942178
1755404218694,0.337388,0.013759,9.822537
1755404218696,0.232104,-0.058026,9.934999
1755404218699,0.303888,0.020937,9.930214
1755404218701,0.284746,0.008973,9.789038
1755404218704,0.256032,-0.046062,9.944571
1755404218706,0.337388,-0.000598,9.875179
1755404218709,0.222533,-0.046062,9.822537
1755404218711,0.253639,-0.067597,9.896714
1755404218713,0.318245,-0.019741,9.906285
1755404218716,0.200997,-0.019741,9.875179
1755404218718,0.248854,-0.098704,9.860822
1755404218720,0.320638,-0.010169,9.961619
1755404218723,0.253639,0.042473,9.829716
1755404218726,0.236889,-0.050847,9.82493
1755404218727,0.334995,-0.026919,9.949656
1755404218731,0.253639,0.025723,9.858429
1755404218732,0.251246,0.001795,9.860822
1755404218736,0.33021,-0.002991,9.889536
1755404218738,0.267996,-0.077169,9.915857
1755404218741,0.323031,-0.031705,9.851251
1755404218742,0.289532,0.025723,10.009477
1755404218744,0.306281,0.020937,9.822537
1755404218746,0.241675,-0.065204,9.868001
1755404218750,0.332602,-0.065204,9.858429
1755404218751,0.258425,-0.010169,9.896714
1755404218754,0.251246,0.004187,9.908679
1755404218756,0.217747,0.044865,9.645468
1755404218759,0.267996,-0.022134,9.868001
1755404218761,0.315853,-0.058026,9.829716
1755404218763,0.265603,-0.048455,9.74836
1755404218767,0.191127,0.052044,9.889536
1755404218769,0.244068,0.044865,9.97837
1755404218771,0.346959,-0.017348,10.047761
1755404218773,0.306281,-0.055633,9.801002
1755404218775,0.37328,-0.077169,10.023833
1755404218778,0.272782,-0.024526,9.760324
1755404218780,0.256032,-0.017348,9.793823
1755404218784,0.260818,-0.034098,9.91825
1755404218786,0.37328,-0.046062,10.021441
1755404218788,0.229711,0.020937,9.844072
1755404218791,0.325424,-0.058026,10.035797
1755404218792,0.320638,-0.05324,9.870394
1755404218795,0.282353,-0.031705,9.942178
1755404218797,0.232104,0.020937,9.9015
1755404218800,0.208176,-0.026919,9.702896
1755404218802,0.272782,-0.034098,9.822537
1755404218804,0.289532,-0.06999,9.851251
1755404218807,0.270389,-0.026919,9.968799
1755404218809,0.339781,-0.043669,9.942178
1755404218811,0.272782,-0.048455,9.889536
1755404218814,0.332602,-0.036491,9.920643
1755404218816,0.394816,-0.098704,10.028619
1755404218819,0.366102,-0.043669,9.903893
1755404218821,0.256032,0.028116,9.863214
1755404218823,0.356531,-0.022134,10.086046
1755404218826,0.267996,-0.019741,9.937392
1755404218829,0.380459,-0.034098,9.983155
1755404218831,0.251246,-0.005384,9.757931
1755404218835,0.27996,-0.000598,9.88475
1755404218837,0.291924,-0.010169,9.887143
1755404218838,0.246461,-0.012562,9.781859
1755404218840,0.287139,-0.024526,9.889536
1755404218842,0.282353,-0.029312,9.906285
1755404218845,0.287139,0.004187,9.82493
1755404218848,0.323031,-0.034098,9.911072
1755404218850,0.267996,0.00658,9.879965
1755404218852,0.291924,0.013759,9.906285
1755404218855,0.27996,-0.007777,9.865608
1755404218857,0.260818,-0.019741,9.911072
1755404218859,0.270389,-0.024526,9.891929
1755404218862,0.306281,0.008973,9.856036
1755404218864,0.265603,-0.017348,9.891929
1755404218867,0.270389,-0.024526,9.949656
1755404218869,0.291924,-0.000598,9.832108
1755404218871,0.284746,-0.017348,9.860822
1755404218874,0.308674,-0.05324,9.853643
1755404218876,0.289532,-0.019741,9.882358
1755404218879,0.267996,-0.002991,9.872787
1755404218881,0.294317,-0.034098,9.875179
1755404218883,0.29671,-0.050847,9.868001
1755404218886,0.287139,-0.046062,9.882358
1755404218888,0.263211,-0.007777,9.870394
1755404218891,0.289532,-0.029312,9.887143
1755404218893,0.311067,-0.019741,9.887143
1755404218895,0.277567,-0.022134,9.870394
1755404218898,0.289532,-0.010169,9.877572
1755404218900,0.272782,-0.010169,9.88475
1755404218904,0.31346,-0.024526,9.894321
1755404218906,0.291924,-0.048455,9.882358
1755404218907,0.277567,-0.031705,9.894321
1755404218910,0.272782,-0.014955,9.875179
1755404218912,0.284746,-0.031705,9.853643
1755404218915,0.301496,-0.012562,9.870394
1755404218917,0.284746,-0.019741,9.879965
1755404218921,0.320638,-0.024526,9.877572
1755404218923,0.29671,-0.031705,9.863214
1755404218924,0.27996,0.00658,9.894321
1755404218927,0.289532,-0.024526,9.894321
1755404218929,0.272782,-0.010169,9.894321
1755404218931,0.263211,-0.029312,9.882358
1755404218934,0.282353,-0.041276,9.872787
1755404218937,0.299103,-0.010169,9.853643
1755404218938,0.29671,-0.022134,9.882358
1755404218941,0.294317,-0.017348,9.858429
1755404218943,0.27996,-0.007777,9.911072
1755404218945,0.306281,-0.012562,9.877572
1755404218948,0.275175,-0.014955,9.882358
1755404218951,0.282353,-0.012562,9.887143
1755404218953,0.311067,0.001795,9.903893
1755404218955,0.291924,-0.010169,9.882358
1755404218959,0.270389,-0.017348,9.865608
1755404218961,0.275175,-0.007777,9.879965
1755404218962,0.275175,-0.019741,9.863214
1755404218965,0.256032,-0.012562,9.889536
1755404218967,0.275175,-0.038883,9.889536
1755404218971,0.270389,-0.043669,9.853643
1755404218972,0.282353,0.008973,9.877572
1755404218974,0.287139,0.008973,9.887143
1755404218977,0.253639,-0.010169,9.896714
1755404218979,0.265603,0.004187,9.879965
1755404218981,0.289532,-0.014955,9.879965
1755404218984,0.289532,-0.014955,9.875179
1755404218986,0.282353,-0.017348,9.875179
1755404218989,0.308674,-0.014955,9.870394
1755404218991,0.27996,-0.014955,9.877572
1755404218993,0.272782,0.001795,9.865608
1755404218996,0.299103,-0.002991,9.882358
1755404218999,0.29671,-0.019741,9.875179
1755404219001,0.275175,-0.007777,9.896714
1755404219003,0.287139,0.008973,9.858429
1755404219006,0.323031,-0.005384,9.875179
1755404219008,0.315853,-0.019741,9.865608
1755404219011,0.282353,-0.019741,9.870394
1755404219012,0.29671,-0.017348,9.865608
1755404219015,0.27996,-0.005384,9.889536
1755404219018,0.248854,-0.007777,9.903893
1755404219020,0.275175,-0.000598,9.872787
1755404219022,0.289532,-0.007777,9.870394
1755404219025,0.27996,-0.017348,9.865608
1755404219028,0.289532,-0.038883,9.879965
1755404219030,0.291924,-0.012562,9.863214
1755404219032,0.291924,-0.010169,9.863214
1755404219035,0.265603,-0.017348,9.875179
1755404219037,0.287139,-0.019741,9.877572
1755404219041,0.284746,-0.034098,9.889536
1755404219042,0.272782,0.008973,9.889536
1755404219044,0.27996,0.016152,9.887143
1755404219046,0.244068,-0.012562,9.891929
1755404219048,0.246461,-0.036491,9.868001
1755404219051,0.294317,-0.022134,9.88475
1755404219053,0.275175,-0.043669,9.879965
1755404219056,0.272782,-0.019741,9.891929
1755404219058,0.327817,-0.019741,9.851251
1755404219061,0.270389,-0.019741,9.875179
1755404219063,0.246461,0.013759,9.934999
1755404219065,0.272782,-0.017348,9.894321
1755404219068,0.267996,-0.017348,9.88475
1755404219070,0.282353,-0.043669,9.872787
1755404219074,0.267996,-0.000598,9.889536
1755404219077,0.289532,0.00658,9.889536
1755404219078,0.248854,-0.041276,9.868001
1755404219080,0.325424,-0.06999,9.803394
1755404219082,0.27996,-0.034098,9.930214
1755404219085,0.315853,-0.000598,9.856036
1755404219087,0.22014,-0.034098,10.109975
1755404219091,0.366102,0.001795,9.734002
1755404219092,0.188734,-0.06999,9.934999
1755404219094,0.299103,0.025723,9.858429
1755404219097,0.256032,-0.036491,9.817751
1755404219099,0.263211,0.001795,9.927821
1755404219101,0.318245,-0.019741,9.77468
1755404219104,0.244068,-0.058026,10.03819
1755404219107,0.354138,0.035294,9.707682
1755404219109,0.17677,-0.065204,9.949656
1755404219111,0.332602,-0.012562,9.915857
1755404219113,0.315853,-0.06999,9.836894
1755404219116,0.227318,0.00658,9.937392
1755404219118,0.358923,0.044865,9.810573
1755404219120,0.200997,-0.096311,10.109975
1755404219124,0.358923,0.052044,9.710074
1755404219126,0.248854,-0.065204,9.944571
1755404219128,0.256032,0.020937,9.879965
1755404219130,0.301496,-0.05324,9.767502
1755404219133,0.174377,-0.019741,10.011869
1755404219135,0.37328,0.013759,9.645468
1755404219137,0.148056,-0.093918,10.133903
1755404219141,0.404387,0.071186,9.695718
1755404219143,0.205783,-0.089133,9.990334
1755404219145,0.27996,0.042473,9.913465
1755404219147,0.380459,-0.031705,9.707682
1755404219149,0.169591,-0.05324,10.069297
1755404219152,0.392423,0.02333,9.650253
1755404219154,0.167198,-0.08674,10.129117
1755404219156,0.349352,0.04008,9.731609
1755404219159,0.248854,-0.062812,9.911072
1755404219161,0.265603,-0.007777,9.964012
1755404219164,0.344566,0.004187,9.678967
1755404219167,0.124128,-0.065204,10.100404
1755404219169,0.40678,0.037687,9.664611
1755404219171,0.179163,-0.105882,10.100404
1755404219174,0.33021,0.066401,9.779466
1755404219177,0.291924,-0.077169,9.863214
1755404219178,0.222533,-0.005384,9.971191
1755404219181,0.387637,0.001795,9.671789
1755404219183,0.162413,-0.072383,10.109975
1755404219185,0.421137,0.05683,9.667004
1755404219187,0.179163,-0.105882,10.102797
1755404219190,0.303888,0.032901,9.769895
1755404219193,0.267996,-0.06999,9.865608
1755404219195,0.282353,-0.010169,9.990334
1755404219197,0.394816,-0.036491,9.659825
1755404219199,0.145663,-0.077169,10.119546
1755404219202,0.399601,0.049651,9.662218
1755404219205,0.186341,-0.122632,10.059726
1755404219207,0.356531,0.049651,9.801002
1755404219209,0.306281,-0.072383,9.805787
1755404219211,0.222533,-0.022134,9.964012
1755404219214,0.382852,0.013759,9.753145
1755404219216,0.188734,-0.098704,10.081261
1755404219219,0.370888,0.025723,9.700503
1755404219221,0.260818,-0.079561,9.923036
1755404219223,0.265603,0.016152,9.959227
1755404219226,0.349352,-0.019741,9.729217
1755404219229,0.195912,-0.036491,9.995119
1755404219231,0.409173,0.042473,9.683753
1755404219233,0.212961,-0.050847,10.069297
1755404219236,0.323031,-0.000598,9.84168
1755404219239,0.308674,-0.062812,9.784252
1755404219241,0.239282,0.00658,9.927821
1755404219244,0.37328,-0.014955,9.767502
1755404219247,0.200997,-0.06999,10.076475
1755404219248,0.342174,0.025723,9.628718
1755404219250,0.224925,-0.046062,9.975977
1755404219253,0.332602,0.020937,9.9015
1755404219255,0.303888,-0.058026,9.810573
1755404219257,0.215354,-0.022134,9.999905
1755404219260,0.311067,-0.022134,9.77468
1755404219263,0.171984,-0.079561,10.042975
1755404219264,0.351745,0.025723,9.638289
1755404219267,0.22014,-0.067597,9.971191
1755404219269,0.334995,0.008973,9.91825
1755404219271,0.27996,-0.089133,9.750752
1755404219274,0.195912,0.001795,9.908679
1755404219278,0.370888,0.025723,9.822537
1755404219280,0.188734,-0.062812,10.076475
1755404219282,0.31346,0.04008,9.678967
1755404219283,0.217747,-0.036491,9.954441
1755404219287,0.284746,0.020937,9.894321
1755404219288,0.323031,-0.072383,9.731609
1755404219291,0.248854,-0.000598,9.990334
1755404219295,0.349352,0.025723,9.743574
1755404219296,0.191127,-0.060419,10.023833
1755404219298,0.349352,-0.000598,9.717253
1755404219301,0.236889,-0.038883,10.016655
1755404219303,0.320638,-0.005384,9.784252
1755404219305,0.260818,-0.050847,9.947263
1755404219307,0.291924,0.004187,9.851251
1755404219311,0.287139,-0.012562,9.934999
1755404219313,0.303888,-0.014955,9.865608
1755404219315,0.287139,-0.043669,9.872787
1755404219317,0.282353,-0.034098,9.829716
1755404219319,0.272782,0.001795,9.908679
1755404219321,0.275175,-0.010169,9.846465
1755404219324,0.241675,-0.034098,9.877572
1755404219326,0.294317,-0.038883,9.853643
1755404219329,0.306281,-0.026919,9.882358
1755404219331,0.299103,0.001795,9.915857
1755404219334,0.303888,0.008973,9.853643
1755404219337,0.299103,0.004187,9.875179
1755404219338,0.287139,-0.002991,9.856036
1755404219341,0.253639,-0.010169,9.88475
1755404219346,0.246461,-0.029312,9.88475
1755404219347,0.289532,-0.002991,9.879965
1755404219348,0.27996,0.00658,9.894321
1755404219351,0.275175,-0.014955,9.875179
1755404219353,0.27996,-0.014955,9.863214
1755404219355,0.291924,-0.031705,9.88475
1755404219358,0.267996,-0.026919,9.868001
1755404219360,0.294317,-0.024526,9.913465
1755404219363,0.294317,-0.014955,9.882358
1755404219365,0.294317,-0.017348,9.903893
1755404219367,0.311067,0.004187,9.896714
1755404219370,0.294317,-0.005384,9.872787
1755404219372,0.251246,-0.034098,9.887143
1755404219374,0.282353,0.016152,9.889536
1755404219377,0.282353,-0.012562,9.875179
1755404219380,0.294317,-0.002991,9.877572
1755404219382,0.27996,0.004187,9.899107
1755404219384,0.282353,-0.031705,9.911072
1755404219387,0.282353,-0.005384,9.832108
1755404219389,0.299103,-0.041276,9.88475
1755404219391,0.294317,0.001795,9.829716
1755404219394,0.33021,-0.024526,9.942178
1755404219397,0.315853,-0.014955,9.856036
1755404219399,0.277567,-0.036491,9.879965
1755404219402,0.29671,-0.046062,9.858429
1755404219403,0.277567,-0.043669,9.88475
1755404219406,0.29671,-0.024526,9.875179
1755404219408,0.282353,0.02333,9.896714
1755404219411,0.282353,-0.019741,9.894321
1755404219413,0.303888,-0.000598,9.88475
1755404219415,0.306281,-0.058026,9.810573
1755404219419,0.272782,-0.026919,10.059726
1755404219421,0.275175,0.092722,9.815358
1755404219422,0.236889,-0.098704,9.844072
1755404219425,0.267996,-0.065204,9.939785
1755404219427,0.342174,0.025723,9.690931
1755404219430,0.179163,-0.06999,10.078868
1755404219432,0.399601,0.020937,9.719646
1755404219434,0.181555,-0.091525,10.035797
1755404219437,0.327817,0.042473,9.805787
1755404219439,0.277567,-0.041276,9.889536
1755404219442,0.215354,-0.007777,9.949656
1755404219444,0.356531,-0.002991,9.726824
1755404219448,0.179163,-0.05324,10.047761
1755404219450,0.401994,0.02333,9.667004
1755404219451,0.20339,-0.091525,10.059726
1755404219454,0.334995,0.047258,9.793823
1755404219456,0.232104,-0.043669,9.952048
1755404219459,0.263211,0.016152,9.894321
1755404219461,0.339781,-0.026919,9.736395
1755404219464,0.186341,-0.067597,10.040583
1755404219466,0.354138,0.004187,9.71486
1755404219468,0.227318,-0.081954,10.066904
1755404219471,0.378066,0.049651,9.793823
1755404219473,0.260818,-0.002991,9.947263
1755404219475,0.291924,0.02333,9.889536
1755404219478,0.332602,-0.017348,9.769895
1755404219480,0.22014,-0.034098,9.992726
1755404219483,0.346959,-0.024526,9.719646
1755404219485,0.210568,-0.043669,10.031012
1755404219487,0.375673,0.004187,9.777073
1755404219489,0.224925,-0.046062,10.033404
1755404219492,0.332602,0.035294,9.79143
1755404219494,0.205783,-0.050847,9.992726
1755404219497,0.315853,0.025723,9.810573
1755404219500,0.282353,-0.046062,9.875179
1755404219501,0.263211,0.001795,9.870394
1755404219504,0.325424,-0.029312,9.769895
1755404219506,0.210568,-0.019741,10.016655
1755404219509,0.332602,0.00658,9.693324
1755404219511,0.179163,-0.055633,10.105189
1755404219513,0.394816,-0.005384,9.65504
1755404219516,0.183948,-0.079561,10.13151
1755404219518,0.394816,0.035294,9.647861
1755404219521,0.164806,-0.065204,10.126724
1755404219523,0.351745,0.052044,9.662218
1755404219525,0.205783,-0.081954,10.090832
1755404219528,0.339781,0.047258,9.738789
1755404219530,0.260818,-0.067597,10.002297
1755404219533,0.320638,0.030508,9.769895
1755404219537,0.303888,-0.067597,9.949656
1755404219538,0.282353,-0.019741,9.891929
1755404219541,0.311067,-0.08674,9.944571
1755404219543,0.301496,-0.026919,9.848858
1755404219544,0.251246,0.00658,9.908679
1755404219547,0.315853,-0.065204,9.815358
1755404219550,0.325424,-0.019741,9.999905
1755404219552,0.282353,-0.022134,9.906285
1755404219554,0.315853,0.004187,9.915857
1755404219556,0.29671,-0.05324,9.9015
1755404219559,0.358923,-0.05324,9.853643
1755404219561,0.473779,-0.144168,10.284651
1755404219564,0.323031,-0.007777,9.865608
1755404219566,0.251246,-0.005384,10.160224
1755404219569,0.121735,0.071186,9.580862
1755404219571,0.507278,-0.19681,9.995119
1755404219573,0.174377,0.107079,9.937392
1755404219576,0.136092,0.097508,9.609575
1755404219578,0.277567,0.032901,10.021441
1755404219581,0.459422,-0.067597,10.397114
1755404219584,0.349352,-0.050847,9.741181
1755404219586,0.490529,-0.084347,10.287044
1755404219588,0.164806,-0.002991,9.669396
1755404219590,0.33021,-0.026919,9.913465
1755404219593,0.22014,0.001795,9.789038
1755404219595,0.287139,-0.031705,9.755538
1755404219597,0.354138,-0.058026,9.939785
1755404219600,0.342174,-0.034098,9.947263
1755404219602,0.344566,-0.034098,10.062119
1755404219605,0.16002,0.054437,9.628718
1755404219607,0.227318,0.028116,10.019048
1755404219609,0.239282,-0.024526,9.600004
1755404219612,0.344566,-0.098704,9.887143
1755404219614,0.306281,-0.026919,9.820144
1755404219618,0.358923,-0.017348,10.088439
1755404219619,0.171984,0.068794,9.674182
1755404219622,0.512064,-0.141775,10.105189
1755404219624,0.205783,0.028116,9.781859
1755404219626,0.241675,0.008973,9.846465
1755404219628,0.306281,-0.034098,9.985548
1755404219631,0.308674,-0.055633,9.971191
1755404219634,0.311067,-0.041276,9.97837
1755404219636,0.294317,-0.031705,9.868001
1755404219639,0.246461,0.004187,9.860822
1755404219641,0.263211,-0.022134,9.856036
1755404219643,0.289532,-0.017348,9.923036
1755404219645,0.267996,-0.012562,9.856036
1755404219647,0.267996,-0.017348,9.889536
1755404219651,0.277567,-0.000598,9.877572
1755404219653,0.294317,-0.005384,9.891929
1755404219656,0.260818,0.011366,9.875179
1755404219657,0.263211,-0.041276,9.870394
1755404219659,0.287139,-0.000598,9.891929
1755404219663,0.291924,-0.017348,9.872787
1755404219664,0.256032,-0.031705,9.887143
1755404219668,0.306281,-0.029312,9.863214
1755404219670,0.258425,0.013759,9.891929
1755404219672,0.299103,-0.010169,9.863214
1755404219674,0.318245,-0.038883,9.882358
1755404219676,0.291924,-0.05324,9.868001
1755404219679,0.258425,-0.014955,9.781859
1755404219681,0.334995,-0.050847,9.964012
1755404219683,0.303888,-0.058026,9.927821
1755404219686,0.275175,-0.058026,9.805787
1755404219689,0.323031,-0.038883,9.899107
1755404219691,0.299103,-0.024526,9.915857
1755404219693,0.277567,0.00658,9.879965
1755404219695,0.272782,-0.019741,9.913465
1755404219698,0.299103,-0.017348,9.865608
1755404219700,0.270389,-0.012562,9.894321
1755404219703,0.29671,-0.022134,9.908679
1755404219705,0.303888,-0.005384,9.853643
1755404219708,0.287139,-0.065204,9.868001
1755404219710,0.260818,-0.046062,9.863214
1755404219712,0.303888,0.054437,9.911072
1755404219715,0.236889,0.030508,9.877572
1755404219717,0.239282,-0.077169,9.961619
1755404219720,0.370888,0.00658,9.836894
1755404219722,0.208176,-0.060419,9.853643
1755404219724,0.244068,-0.000598,9.975977
1755404219727,0.351745,0.008973,9.738789
1755404219729,0.212961,-0.081954,9.868001
1755404219731,0.306281,-0.031705,9.848858
1755404219734,0.361316,-0.012562,9.846465
1755404219737,0.267996,-0.067597,9.973584
1755404219739,0.332602,-0.014955,9.889536
1755404219741,0.263211,-0.043669,9.844072
1755404219744,0.234497,-0.046062,9.870394
1755404219746,0.325424,0.020937,9.812965
1755404219748,0.198604,-0.065204,9.896714
1755404219751,0.311067,0.020937,10.016655
1755404219753,0.275175,-0.038883,9.767502
1755404219756,0.258425,-0.026919,10.095618
1755404219758,0.320638,-0.017348,9.664611
1755404219761,0.27996,-0.058026,9.985548
1755404219763,0.303888,0.030508,9.82493
1755404219765,0.306281,-0.026919,9.9015
1755404219767,0.232104,-0.038883,10.031012
1755404219770,0.33021,0.028116,9.745967
1755404219773,0.258425,-0.05324,9.934999
1755404219774,0.289532,0.030508,9.741181
1755404219777,0.315853,0.013759,9.959227
1755404219779,0.208176,-0.065204,9.82493
1755404219782,0.351745,-0.005384,9.930214
1755404219785,0.241675,-0.024526,9.810573
1755404219788,0.239282,-0.048455,10.03819
1755404219790,0.323031,0.004187,9.693324
1755404219791,0.270389,-0.079561,9.956834
1755404219794,0.289532,0.013759,9.77468
1755404219796,0.282353,0.004187,9.889536
1755404219799,0.236889,-0.050847,9.872787
1755404219801,0.337388,0.011366,9.939785
1755404219804,0.258425,-0.050847,9.805787
1755404219807,0.251246,-0.043669,10.062119
1755404219808,0.349352,0.032901,9.705289
1755404219811,0.239282,-0.06999,9.944571
1755404219813,0.265603,-0.000598,9.856036
1755404219815,0.301496,-0.002991,9.872787
1755404219818,0.188734,-0.060419,9.865608
1755404219821,0.327817,0.020937,9.932607
1755404219823,0.275175,-0.010169,9.803394
1755404219825,0.205783,-0.084347,9.954441
1755404219827,0.334995,0.016152,9.743574
1755404219830,0.265603,-0.065204,9.834501
1755404219832,0.234497,-0.002991,9.930214
1755404219834,0.344566,0.028116,9.865608
1755404219837,0.215354,-0.065204,10.002297
1755404219840,0.33021,0.013759,9.829716
1755404219842,0.263211,-0.036491,9.846465
1755404219845,0.258425,-0.029312,9.887143
1755404219846,0.315853,-0.048455,9.80818
1755404219849,0.229711,-0.005384,9.964012
1755404219851,0.315853,0.011366,9.781859
1755404219854,0.251246,-0.062812,9.999905
1755404219857,0.287139,0.00658,9.793823
1755404219858,0.256032,-0.029312,9.942178
1755404219861,0.294317,0.004187,9.875179
1755404219863,0.339781,0.00658,9.815358
1755404219866,0.241675,-0.029312,9.995119
1755404219868,0.332602,0.016152,9.750752
1755404219870,0.258425,-0.060419,10.007083
1755404219875,0.33021,0.011366,9.786645
1755404219876,0.272782,-0.050847,9.896714
1755404219878,0.265603,0.004187,9.877572
1755404219880,0.284746,0.032901,9.786645
1755404219882,0.253639,-0.029312,10.050154
1755404219885,0.301496,0.052044,9.74836
1755404219887,0.263211,-0.074776,9.796216
1755404219890,0.277567,-0.055633,9.973584
1755404219892,0.339781,-0.002991,9.734002
1755404219895,0.171984,-0.038883,10.040583
1755404219897,0.385244,-0.010169,9.71486
1755404219899,0.208176,-0.050847,9.971191
1755404219902,0.284746,0.044865,9.798609
1755404219904,0.251246,-0.017348,9.949656
1755404219907,0.291924,0.025723,9.848858
1755404219909,0.258425,-0.081954,9.934999
1755404219911,0.291924,-0.002991,9.827323
1755404219913,0.270389,-0.050847,9.925428
1755404219916,0.311067,-0.000598,9.820144
1755404219919,0.239282,-0.060419,9.954441
1755404219921,0.299103,0.008973,9.80818
1755404219924,0.267996,-0.081954,9.934999
1755404219926,0.272782,0.04008,9.805787
1755404219928,0.265603,-0.036491,9.930214
1755404219930,0.256032,0.008973,9.848858
1755404219933,0.260818,-0.058026,9.911072
1755404219935,0.272782,0.001795,9.844072
1755404219937,0.256032,-0.041276,9.91825
1755404219940,0.299103,0.008973,9.860822
1755404219943,0.260818,-0.041276,9.939785
1755404219945,0.303888,-0.019741,9.796216
1755404219947,0.253639,-0.034098,9.961619
1755404219949,0.327817,-0.014955,9.753145
1755404219952,0.256032,-0.050847,10.047761
1755404219954,0.344566,-0.000598,9.686146
1755404219958,0.210568,-0.060419,10.100404
1755404219960,0.289532,0.011366,9.647861
1755404219962,0.210568,-0.041276,10.145867
1755404219964,0.339781,0.004187,9.616755
1755404219966,0.198604,-0.012562,10.109975
1755404219969,0.323031,-0.002991,9.652647
1755404219971,0.227318,-0.034098,10.078868
1755404219975,0.368495,0.004187,9.731609
1755404219977,0.208176,-0.017348,9.990334
1755404219980,0.339781,-0.029312,9.812965
1755404219981,0.27996,-0.029312,9.91825
1755404219983,0.27996,0.001795,9.930214
1755404219985,0.246461,-0.010169,9.784252
1755404219988,0.239282,-0.024526,9.925428
1755404219991,0.31346,-0.048455,9.860822
1755404219993,0.29671,-0.048455,9.88475
1755404219995,0.323031,-0.038883,9.906285
1755404219998,0.323031,-0.058026,9.80818
1755404220000,0.287139,-0.019741,9.975977
1755404220003,0.265603,-0.000598,9.858429
1755404220006,0.315853,-0.034098,9.927821
1755404220009,0.217747,0.028116,9.719646
1755404220011,0.299103,-0.041276,9.822537
1755404220012,0.256032,-0.050847,9.832108
1755404220014,0.253639,-0.007777,9.784252
1755404220017,0.303888,-0.022134,10.023833
1755404220019,0.263211,0.001795,9.858429
1755404220021,0.356531,-0.081954,9.903893
1755404220024,0.272782,-0.002991,9.707682
1755404220026,0.244068,-0.000598,9.882358
1755404220029,0.31346,-0.029312,10.009477
1755404220031,0.241675,0.02333,9.985548
1755404220033,0.306281,-0.012562,9.879965
1755404220036,0.217747,0.044865,9.856036
1755404220038,0.270389,-0.002991,9.891929
1755404220041,0.291924,-0.05324,9.992726
1755404220043,0.282353,-0.024526,9.887143
1755404220045,0.287139,-0.002991,9.934999
1755404220048,0.258425,-0.000598,9.734002
1755404220050,0.31346,-0.029312,9.987941
1755404220053,0.215354,0.013759,9.80818
1755404220055,0.232104,0.008973,9.755538
1755404220057,0.265603,-0.010169,9.844072
1755404220060,0.212961,0.049651,9.817751
1755404220062,0.267996,-0.010169,9.815358
1755404220064,0.277567,-0.024526,9.822537
1755404220067,0.320638,-0.010169,9.995119
1755404220070,0.33021,-0.024526,9.956834
1755404220072,0.303888,0.008973,9.939785
1755404220074,0.284746,-0.026919,9.872787
1755404220077,0.287139,-0.024526,9.865608
1755404220079,0.287139,-0.026919,9.887143
1755404220081,0.301496,-0.034098,9.853643
1755404220084,0.253639,-0.017348,9.877572
1755404220086,0.272782,-0.043669,9.863214
1755404220088,0.270389,-0.029312,9.853643
1755404220091,0.263211,-0.041276,9.868001
1755404220094,0.265603,-0.036491,9.896714
1755404220097,0.303888,-0.034098,9.872787
1755404220098,0.294317,-0.024526,9.891929
1755404220101,0.308674,-0.041276,9.879965
1755404220103,0.29671,-0.029312,9.868001
1755404220105,0.272782,-0.022134,9.915857
1755404220108,0.282353,-0.005384,9.82493
1755404220110,0.284746,-0.034098,9.968799
1755404220112,0.346959,-0.017348,9.757931
1755404220115,0.256032,-0.06999,9.983155
1755404220117,0.366102,0.008973,9.784252
1755404220119,0.246461,-0.007777,10.090832
1755404220122,0.291924,0.016152,9.743574
1755404220124,0.272782,-0.081954,9.920643
1755404220127,0.327817,-0.096311,9.738789
1755404220130,0.29671,-0.010169,9.882358
1755404220132,0.31346,0.05683,10.040583
1755404220134,0.325424,0.080758,9.887143
1755404220136,0.246461,-0.031705,9.923036
1755404220139,0.320638,-0.108275,9.674182
1755404220142,0.287139,-0.108275,9.877572
1755404220145,0.306281,0.049651,10.011869
1755404220146,0.33021,0.05683,9.896714
1755404220149,0.272782,-0.041276,9.858429
1755404220151,0.318245,-0.153739,9.79143
1755404220153,0.308674,-0.074776,9.760324
1755404220156,0.267996,0.059222,10.086046
1755404220158,0.320638,0.109472,9.875179
1755404220161,0.246461,-0.072383,9.877572
1755404220163,0.282353,-0.125025,9.79143
1755404220165,0.287139,-0.014955,9.875179
1755404220168,0.267996,0.083151,10.074082
1755404220170,0.263211,0.030508,9.700503
1755404220172,0.27996,-0.125025,9.915857
1755404220175,0.282353,-0.108275,9.812965
1755404220178,0.289532,0.075972,10.014262
1755404220180,0.267996,0.090329,9.975977
1755404220182,0.311067,-0.024526,9.683753
1755404220185,0.260818,-0.16331,9.856036
1755404220187,0.315853,-0.026919,9.947263
1755404220189,0.289532,0.111864,9.961619
1755404220192,0.27996,0.04008,9.9015
1755404220194,0.251246,-0.170489,9.736395
1755404220197,0.29671,-0.08674,9.858429
1755404220200,0.265603,0.111864,10.064511
1755404220201,0.284746,0.090329,9.781859
1755404220203,0.227318,-0.158524,9.796216
1755404220206,0.284746,-0.127418,9.882358
1755404220209,0.320638,0.092722,9.985548
1755404220211,0.253639,0.064008,9.846465
1755404220213,0.277567,-0.14656,9.793823
1755404220215,0.323031,-0.098704,9.987941
1755404220218,0.277567,0.147757,9.999905
1755404220220,0.275175,0.059222,9.750752
1755404220223,0.320638,-0.16331,9.815358
1755404220225,0.301496,-0.105882,9.937392
1755404220227,0.289532,0.159721,9.975977
1755404220230,0.248854,0.071186,9.877572
1755404220233,0.263211,-0.172881,9.722038
1755404220235,0.318245,-0.120239,9.927821
1755404220237,0.260818,0.135793,10.086046
1755404220239,0.260818,0.123829,9.786645
1755404220243,0.263211,-0.16331,9.745967
1755404220244,0.311067,-0.172881,9.88475
1755404220247,0.33021,0.121436,10.045368
1755404220249,0.287139,0.142971,9.894321
1755404220251,0.284746,-0.139382,9.686146
1755404220254,0.301496,-0.165703,9.923036
1755404220257,0.287139,0.109472,10.016655
1755404220259,0.275175,0.107079,9.856036
1755404220261,0.270389,-0.115454,9.851251
1755404220264,0.284746,-0.129811,9.865608
1755404220266,0.251246,0.044865,9.882358
1755404220269,0.234497,0.04008,9.894321
1755404220270,0.299103,-0.046062,9.848858
1755404220273,0.267996,-0.046062,9.829716
1755404220275,0.232104,-0.019741,9.91825
1755404220278,0.29671,-0.002991,9.865608
1755404220280,0.27996,-0.05324,9.889536
1755404220283,0.287139,-0.029312,9.877572
1755404220285,0.301496,-0.022134,9.856036
1755404220287,0.256032,-0.012562,9.887143
1755404220290,0.272782,-0.029312,9.839287
1755404220292,0.275175,-0.024526,9.844072
1755404220295,0.258425,-0.014955,9.930214
1755404220297,0.291924,-0.007777,9.966406
1755404220299,0.27996,-0.012562,9.915857
1755404220302,0.306281,-0.022134,9.899107
1755404220304,0.253639,0.013759,9.896714
1755404220307,0.270389,0.004187,9.889536
1755404220309,0.282353,-0.002991,9.944571
1755404220311,0.251246,0.013759,9.760324
1755404220314,0.368495,-0.026919,9.992726
1755404220318,0.294317,-0.026919,9.851251
1755404220319,0.392423,-0.065204,10.050154
1755404220321,0.294317,-0.024526,10.011869
1755404220323,0.239282,0.00658,9.829716
1755404220326,0.256032,0.013759,9.865608
1755404220328,0.244068,-0.014955,9.607183
1755404220331,0.253639,0.004187,9.947263
1755404220333,0.241675,-0.000598,9.882358
1755404220335,0.140877,0.075972,9.82493
1755404220338,0.411565,-0.031705,10.248758
1755404220340,0.404387,-0.036491,10.119546
1755404220343,0.17677,0.028116,9.789038
1755404220345,0.318245,-0.060419,9.678967
1755404220348,0.253639,-0.014955,9.923036
1755404220350,0.258425,-0.060419,9.719646
1755404220352,0.366102,-0.062812,10.009477
1755404220355,0.275175,-0.058026,9.803394
1755404220357,0.277567,-0.010169,9.848858
1755404220359,0.253639,-0.024526,9.937392
1755404220361,0.239282,-0.002991,9.827323
1755404220365,0.323031,-0.022134,9.973584
1755404220367,0.234497,-0.024526,9.9015
1755404220369,0.282353,-0.038883,9.863214
1755404220371,0.263211,-0.029312,9.860822
1755404220374,0.334995,-0.036491,9.853643
1755404220376,0.308674,-0.024526,9.882358
1755404220379,0.260818,0.00658,9.9015
1755404220381,0.277567,-0.029312,9.844072
1755404220384,0.282353,-0.050847,9.911072
1755404220385,0.315853,-0.062812,9.856036
1755404220388,0.289532,0.001795,9.887143
1755404220391,0.263211,0.008973,9.887143
1755404220393,0.294317,0.001795,9.899107
1755404220395,0.301496,-0.034098,9.882358
1755404220398,0.303888,-0.031705,9.889536
1755404220401,0.275175,-0.029312,9.891929
1755404220403,0.289532,-0.014955,9.894321
1755404220405,0.29671,-0.007777,9.903893
1755404220407,0.294317,0.02333,9.882358
1755404220410,0.277567,-0.034098,9.891929
1755404220412,0.275175,-0.012562,9.911072
1755404220415,0.270389,-0.000598,9.889536
1755404220417,0.270389,-0.010169,9.894321
1755404220421,0.284746,-0.019741,9.896714
1755404220422,0.311067,-0.002991,9.860822
1755404220424,0.282353,-0.010169,9.839287
1755404220426,0.318245,-0.022134,9.796216
1755404220429,0.294317,-0.048455,9.995119
1755404220431,0.287139,0.037687,9.856036
1755404220433,0.229711,-0.017348,9.952048
1755404220436,0.301496,-0.024526,9.815358
1755404220439,0.277567,-0.036491,9.887143
1755404220441,0.270389,0.02333,9.932607
1755404220443,0.27996,0.004187,9.88475
1755404220445,0.306281,0.001795,9.860822
1755404220448,0.291924,-0.05324,9.817751
1755404220450,0.284746,-0.050847,9.836894
1755404220453,0.270389,-0.024526,9.911072
1755404220455,0.306281,0.008973,9.817751
1755404220458,0.260818,-0.005384,9.985548
1755404220460,0.337388,0.008973,9.760324
1755404220462,0.251246,-0.041276,9.985548
1755404220465,0.342174,-0.007777,9.743574
1755404220467,0.229711,-0.062812,10.00469
1755404220470,0.323031,0.037687,9.741181
1755404220473,0.244068,-0.050847,10.014262
1755404220474,0.270389,0.016152,9.736395
1755404220477,0.236889,-0.043669,10.019048
1755404220479,0.325424,0.028116,9.750752
1755404220483,0.282353,-0.074776,10.047761
1755404220485,0.318245,0.013759,9.724431
1755404220487,0.217747,-0.06999,10.064511
1755404220489,0.318245,0.02333,9.717253
1755404220491,0.248854,-0.065204,10.098011
1755404220494,0.346959,-0.017348,9.698111
1755404220496,0.234497,-0.022134,10.098011
1755404220498,0.33021,-0.005384,9.686146
1755404220501,0.224925,-0.024526,10.074082
1755404220503,0.363709,-0.002991,9.719646
1755404220506,0.246461,-0.026919,10.014262
1755404220508,0.29671,-0.041276,9.772287
1755404220511,0.244068,-0.026919,9.939785
1755404220513,0.272782,-0.041276,9.894321
1755404220515,0.241675,-0.000598,9.84168
1755404220518,0.303888,-0.055633,9.954441
1755404220520,0.299103,-0.034098,9.79143
1755404220522,0.270389,-0.065204,9.956834
1755404220525,0.289532,-0.005384,9.798609
1755404220527,0.282353,-0.038883,9.927821
1755404220530,0.277567,0.011366,9.863214
1755404220532,0.270389,-0.029312,9.865608
1755404220536,0.282353,-0.048455,9.879965
1755404220537,0.289532,-0.007777,9.870394
1755404220540,0.253639,-0.000598,9.887143
1755404220542,0.294317,0.001795,9.88475
1755404220544,0.260818,-0.026919,9.865608
1755404220546,0.258425,-0.024526,9.846465
1755404220548,0.265603,-0.029312,9.877572
1755404220551,0.301496,-0.000598,9.903893
1755404220553,0.299103,0.00658,9.88475
1755404220556,0.284746,-0.022134,9.891929
1755404220559,0.263211,-0.029312,9.839287
1755404220561,0.277567,-0.010169,9.889536
1755404220563,0.251246,-0.034098,9.846465
1755404220565,0.29671,-0.019741,9.891929
1755404220568,0.294317,-0.019741,9.870394
1755404220571,0.265603,-0.022134,9.930214
1755404220572,0.267996,-0.007777,9.882358
1755404220575,0.284746,-0.038883,9.903893
1755404220577,0.318245,-0.017348,9.923036
1755404220580,0.267996,-0.014955,9.868001
1755404220582,0.27996,-0.007777,9.860822
1755404220585,0.253639,-0.029312,9.868001
1755404220587,0.256032,-0.022134,9.863214
1755404220590,0.27996,-0.022134,9.877572
1755404220592,0.275175,-0.046062,9.853643
1755404220594,0.27996,0.004187,9.882358
1755404220597,0.289532,-0.022134,9.889536
1755404220599,0.272782,-0.000598,9.865608
1755404220601,0.267996,0.00658,9.879965
1755404220604,0.277567,-0.007777,9.889536
1755404220606,0.277567,-0.002991,9.868001
1755404220609,0.253639,-0.034098,9.863214
1755404220611,0.256032,0.001795,9.882358
1755404220613,0.291924,-0.014955,9.875179
1755404220616,0.265603,-0.000598,9.882358
1755404220618,0.277567,-0.017348,9.870394
1755404220621,0.272782,-0.014955,9.887143
1755404220623,0.270389,0.004187,9.858429
1755404220625,0.270389,-0.031705,9.899107
1755404220629,0.284746,-0.002991,9.9015
1755404220630,0.277567,-0.005384,9.899107
1755404220633,0.311067,-0.010169,9.91825
1755404220635,0.277567,-0.010169,9.851251
1755404220637,0.263211,-0.026919,9.848858
1755404220640,0.27996,-0.022134,9.908679
1755404220643,0.270389,-0.002991,9.903893
1755404220644,0.277567,-0.026919,9.875179
1755404220647,0.299103,-0.041276,9.891929
1755404220649,0.311067,-0.036491,9.829716
1755404220652,0.260818,-0.029312,9.908679
1755404220654,0.291924,-0.024526,9.915857
1755404220657,0.339781,-0.036491,9.875179
1755404220660,0.291924,-0.005384,9.891929
1755404220662,0.27996,-0.029312,9.822537
1755404220664,0.284746,-0.017348,9.930214
1755404220667,0.263211,-0.024526,9.798609
1755404220668,0.215354,-0.084347,9.865608
1755404220671,0.267996,0.04008,9.952048
1755404220674,0.311067,0.020937,9.84168
1755404220676,0.195912,-0.041276,10.042975
1755404220679,0.368495,-0.012562,9.710074
1755404220681,0.260818,-0.072383,9.863214
1755404220683,0.27996,0.013759,9.932607
1755404220685,0.332602,-0.012562,9.834501
1755404220688,0.239282,-0.031705,10.057333
1755404220690,0.315853,0.011366,9.688539
1755404220692,0.248854,-0.065204,9.810573
1755404220695,0.29671,-0.014955,9.937392
1755404220697,0.31346,-0.058026,9.911072
1755404220699,0.294317,-0.043669,9.848858
1755404220702,0.323031,0.018544,9.822537
1755404220706,0.205783,-0.038883,10.119546
1755404220707,0.356531,0.016152,9.686146
1755404220709,0.284746,-0.050847,9.84168
1755404220712,0.263211,-0.002991,9.954441
1755404220714,0.301496,-0.058026,9.829716
1755404220716,0.229711,-0.062812,9.915857
1755404220719,0.356531,0.018544,9.769895
1755404220723,0.169591,-0.077169,10.069297
1755404220724,0.327817,0.028116,9.772287
1755404220726,0.287139,-0.091525,9.868001
1755404220729,0.253639,0.016152,9.944571
1755404220731,0.351745,0.004187,9.722038
1755404220733,0.188734,-0.048455,10.13151
1755404220735,0.394816,0.054437,9.662218
1755404220738,0.17677,-0.110668,10.045368
1755404220740,0.327817,0.020937,9.700503
1755404220743,0.251246,-0.067597,10.009477
1755404220745,0.291924,0.013759,9.801002
1755404220747,0.275175,-0.038883,9.91825
1755404220750,0.282353,-0.019741,9.863214
1755404220752,0.301496,-0.026919,9.891929
1755404220755,0.256032,-0.017348,9.915857
1755404220758,0.229711,-0.014955,9.891929
1755404220760,0.327817,-0.014955,9.870394
1755404220763,0.263211,-0.019741,9.906285
1755404220764,0.31346,-0.019741,9.865608
1755404220767,0.289532,-0.050847,9.908679
1755404220769,0.308674,-0.050847,9.966406
1755404220771,0.289532,-0.024526,9.844072
1755404220774,0.232104,0.001795,9.868001
1755404220777,0.332602,-0.029312,9.832108
1755404220779,0.29671,-0.034098,9.934999
1755404220781,0.346959,-0.043669,9.911072
1755404220783,0.299103,-0.043669,9.944571
1755404220786,0.227318,0.013759,9.891929
1755404220788,0.282353,-0.05324,9.879965
1755404220791,0.222533,-0.058026,9.738789
1755404220793,0.334995,-0.072383,9.839287
1755404220796,0.368495,-0.08674,9.947263
1755404220798,0.291924,-0.012562,9.9015
1755404220800,0.229711,0.011366,9.717253
1755404220803,0.277567,-0.036491,9.932607
1755404220805,0.349352,-0.043669,9.947263
1755404220807,0.294317,-0.026919,9.810573
1755404220810,0.339781,-0.019741,10.009477
1755404220813,0.272782,0.025723,10.002297
1755404220814,0.277567,-0.029312,9.983155
1755404220817,0.39003,-0.036491,9.980762
1755404220820,0.191127,0.049651,9.851251
1755404220822,0.294317,-0.019741,9.796216
1755404220825,0.289532,-0.062812,9.853643
1755404220827,0.289532,-0.074776,9.765109
1755404220830,0.303888,0.001795,9.944571
1755404220832,0.270389,-0.012562,9.906285
1755404220834,0.270389,0.013759,9.84168
1755404220836,0.342174,-0.005384,9.942178
1755404220839,0.299103,-0.026919,9.822537
1755404220842,0.284746,-0.019741,9.920643
1755404220845,0.234497,-0.017348,9.82493
1755404220846,0.291924,-0.002991,9.903893
1755404220848,0.29671,-0.048455,9.896714
1755404220851,0.265603,-0.010169,9.927821
1755404220853,0.289532,-0.022134,9.882358
1755404220855,0.291924,-0.038883,9.906285
1755404220858,0.260818,-0.017348,9.88475
1755404220861,0.294317,-0.024526,9.879965
1755404220863,0.291924,-0.017348,9.896714
1755404220865,0.318245,-0.048455,9.88475
1755404220868,0.299103,-0.029312,9.872787
1755404220870,0.301496,-0.038883,9.906285
1755404220872,0.267996,-0.012562,9.879965
1755404220875,0.303888,-0.041276,9.875179
1755404220878,0.306281,-0.019741,9.870394
1755404220880,0.282353,-0.010169,9.879965
1755404220882,0.256032,0.008973,9.882358
1755404220885,0.289532,-0.034098,9.903893
1755404220886,0.258425,0.004187,9.903893
1755404220889,0.282353,-0.041276,9.872787
1755404220892,0.253639,-0.036491,9.870394
1755404220894,0.272782,-0.022134,9.875179
1755404220897,0.248854,-0.038883,9.851251
1755404220898,0.27996,-0.060419,9.882358
1755404220901,0.267996,-0.036491,9.875179
1755404220903,0.320638,-0.031705,9.879965
1755404220906,0.284746,-0.043669,9.865608
1755404220908,0.299103,-0.010169,9.889536
1755404220911,0.277567,-0.000598,9.860822
1755404220913,0.282353,-0.036491,9.870394
1755404220915,0.260818,-0.014955,9.875179
1755404220918,0.315853,-0.019741,9.882358
1755404220921,0.246461,0.001795,9.789038
1755404220922,0.323031,-0.019741,9.923036
1755404220927,0.337388,-0.036491,9.827323
1755404220929,0.260818,0.001795,9.817751
1755404220930,0.248854,-0.031705,9.84168
1755404220933,0.299103,0.028116,9.934999
1755404220934,0.210568,-0.002991,9.762716
1755404220937,0.284746,-0.017348,9.839287
1755404220939,0.272782,-0.067597,9.815358
1755404220942,0.327817,-0.029312,9.915857
1755404220945,0.287139,-0.005384,9.911072
1755404220947,0.267996,-0.024526,9.851251
1755404220949,0.267996,-0.029312,9.879965
1755404220951,0.272782,-0.019741,9.844072
1755404220954,0.272782,-0.019741,9.846465
1755404220956,0.291924,-0.029312,9.88475
1755404220958,0.260818,0.025723,9.887143
1755404220962,0.270389,-0.038883,9.853643
1755404220963,0.272782,-0.024526,9.956834
1755404220966,0.301496,-0.005384,9.760324
1755404220968,0.253639,-0.041276,9.91825
1755404220971,0.325424,-0.022134,9.832108
1755404220973,0.246461,-0.098704,9.956834
1755404220975,0.301496,0.02333,9.815358
1755404220978,0.275175,0.008973,10.03819
1755404220981,0.303888,-0.002991,9.698111
1755404220982,0.272782,-0.084347,9.971191
1755404220984,0.318245,-0.007777,9.853643
1755404220987,0.263211,0.016152,9.968799
1755404220990,0.258425,0.028116,9.836894
1755404220992,0.291924,-0.060419,9.832108
1755404220995,0.282353,-0.058026,9.889536
1755404220997,0.29671,-0.048455,9.805787
1755404220999,0.253639,-0.007777,9.966406
1755404221001,0.323031,0.020937,9.872787
1755404221004,0.241675,-0.065204,9.801002
1755404221006,0.284746,-0.046062,9.934999
1755404221009,0.282353,0.020937,9.827323
1755404221011,0.229711,-0.041276,9.91825
1755404221014,0.308674,-0.05324,9.911072
1755404221016,0.258425,-0.000598,9.796216
1755404221018,0.217747,-0.058026,10.045368
1755404221020,0.327817,-0.000598,9.812965
1755404221023,0.265603,-0.017348,9.805787
1755404221025,0.248854,-0.043669,9.882358
1755404221028,0.332602,-0.046062,9.786645
1755404221031,0.248854,-0.060419,9.927821
1755404221033,0.31346,0.018544,9.913465
1755404221035,0.256032,0.004187,9.911072
1755404221037,0.241675,-0.014955,9.899107
1755404221040,0.272782,-0.029312,9.810573
1755404221043,0.241675,-0.062812,9.817751
1755404221045,0.303888,-0.05324,9.925428
1755404221048,0.284746,0.054437,9.961619
1755404221049,0.258425,0.011366,9.906285
1755404221052,0.263211,-0.055633,9.832108
1755404221054,0.287139,-0.062812,9.891929
1755404221057,0.263211,-0.002991,9.934999
1755404221059,0.294317,0.073579,9.906285
1755404221063,0.277567,-0.062812,9.80818
1755404221064,0.27996,-0.125025,9.879965
1755404221068,0.366102,-0.014955,9.834501
1755404221069,0.258425,0.004187,9.939785
1755404221071,0.311067,-0.014955,9.834501
1755404221073,0.311067,-0.062812,9.911072
1755404221076,0.315853,0.00658,9.860822
1755404221078,0.251246,-0.029312,9.91825
1755404221081,0.29671,-0.029312,9.856036
1755404221083,0.267996,-0.079561,9.834501
1755404221085,0.263211,-0.034098,10.014262
1755404221088,0.277567,0.059222,9.829716
1755404221090,0.260818,-0.043669,9.942178
1755404221092,0.284746,-0.079561,9.822537
1755404221095,0.284746,-0.038883,9.877572
1755404221097,0.260818,-0.026919,9.894321
1755404221100,0.282353,0.004187,9.882358
1755404221102,0.265603,-0.050847,9.894321
1755404221104,0.275175,-0.026919,9.872787
1755404221107,0.263211,-0.029312,9.887143
1755404221109,0.301496,-0.019741,9.868001
1755404221111,0.265603,-0.002991,9.906285
1755404221114,0.277567,-0.014955,9.908679
1755404221116,0.287139,-0.000598,9.908679
1755404221119,0.29671,-0.041276,9.769895
1755404221121,0.267996,-0.081954,9.851251
1755404221123,0.31346,-0.060419,9.863214
1755404221126,0.248854,-0.005384,9.944571
1755404221129,0.294317,0.02333,9.9015
1755404221132,0.253639,-0.060419,9.858429
1755404221134,0.270389,-0.065204,9.875179
1755404221135,0.263211,-0.036491,9.853643
1755404221138,0.299103,-0.007777,9.894321
1755404221140,0.289532,0.020937,9.870394
1755404221143,0.306281,-0.041276,9.877572
1755404221145,0.29671,-0.024526,9.851251
1755404221148,0.258425,-0.029312,9.868001
1755404221150,0.272782,-0.048455,9.887143
1755404221152,0.29671,-0.012562,9.879965
1755404221155,0.294317,0.001795,9.91825
1755404221157,0.299103,-0.002991,9.875179
1755404221160,0.315853,-0.002991,9.88475
1755404221162,0.306281,-0.036491,9.877572
1755404221169,0.301496,-0.029312,9.913465
1755404221171,0.282353,-0.007777,9.889536
1755404221172,0.291924,-0.034098,9.865608
1755404221173,0.282353,-0.034098,9.853643
1755404221174,0.306281,0.00658,9.860822
1755404221176,0.282353,-0.034098,9.9015
1755404221178,0.246461,-0.022134,9.891929
1755404221181,0.267996,-0.010169,9.860822
1755404221184,0.301496,-0.026919,9.88475
1755404221186,0.287139,-0.036491,9.896714
1755404221188,0.284746,-0.012562,9.88475
1755404221191,0.239282,-0.002991,9.889536
1755404221193,0.270389,-0.024526,9.882358
1755404221195,0.299103,-0.026919,9.858429
1755404221198,0.303888,-0.036491,9.879965
1755404221200,0.284746,-0.031705,9.872787
1755404221203,0.284746,-0.017348,9.851251
1755404221205,0.275175,-0.007777,9.88475
1755404221207,0.282353,-0.022134,9.865608
1755404221210,0.289532,-0.024526,9.875179
1755404221212,0.248854,-0.012562,9.88475
1755404221216,0.265603,-0.000598,9.875179
1755404221217,0.270389,-0.034098,9.894321
1755404221219,0.275175,-0.000598,9.889536
1755404221222,0.29671,-0.024526,9.913465
1755404221224,0.323031,0.001795,9.882358
1755404221227,0.291924,-0.029312,9.889536
1755404221229,0.287139,-0.038883,9.882358
1755404221232,0.301496,-0.022134,9.894321
1755404221234,0.270389,0.001795,9.915857
1755404221236,0.27996,0.004187,9.891929
1755404221239,0.258425,-0.034098,9.879965
1755404221241,0.31346,-0.043669,9.853643
1755404221243,0.287139,-0.034098,9.877572
1755404221246,0.239282,-0.041276,9.856036
1755404221249,0.27996,-0.031705,9.863214
1755404221251,0.294317,-0.007777,9.875179
1755404221253,0.299103,-0.029312,9.856036
1755404221255,0.318245,-0.046062,9.88475
1755404221258,0.275175,0.00658,9.88475
1755404221260,0.277567,-0.029312,9.877572
1755404221262,0.27996,-0.046062,9.887143
1755404221265,0.275175,-0.022134,9.872787
1755404221268,0.291924,0.020937,9.872787
1755404221270,0.291924,-0.007777,9.858429
1755404221272,0.263211,-0.017348,9.903893
1755404221274,0.291924,-0.034098,9.872787
1755404221277,0.299103,-0.010169,9.693324
1755404221279,0.284746,-0.012562,10.059726
1755404221282,0.299103,0.016152,9.834501
1755404221284,0.284746,-0.058026,9.954441
1755404221287,0.284746,-0.048455,9.856036
1755404221289,0.260818,-0.000598,10.045368
1755404221292,0.256032,-0.010169,9.80818
1755404221294,0.289532,0.001795,9.822537
1755404221296,0.27996,-0.019741,9.784252
1755404221299,0.263211,-0.017348,9.829716
1755404221301,0.332602,0.037687,10.174581
1755404221303,0.236889,-0.019741,9.750752
1755404221306,0.33021,-0.019741,9.947263
1755404221308,0.241675,-0.017348,9.88475
1755404221311,0.332602,-0.019741,9.903893
1755404221313,0.241675,-0.005384,9.635897
1755404221315,0.303888,-0.038883,10.074082
1755404221318,0.260818,-0.081954,10.016655
1755404221320,0.236889,-0.012562,9.793823
1755404221323,0.299103,-0.019741,9.712467
1755404221325,0.239282,0.008973,10.095618
1755404221328,0.315853,-0.002991,9.647861
1755404221330,0.232104,-0.043669,9.952048
1755404221333,0.299103,0.004187,9.80818
1755404221335,0.263211,-0.046062,9.856036
1755404221337,0.246461,-0.038883,9.997512
1755404221339,0.339781,0.030508,9.719646
1755404221342,0.241675,-0.046062,9.990334
1755404221344,0.29671,-0.019741,9.870394
1755404221346,0.258425,-0.031705,9.889536
1755404221349,0.248854,-0.036491,10.045368
1755404221352,0.334995,0.018544,9.698111
1755404221354,0.208176,-0.06999,10.059726
1755404221356,0.291924,0.008973,9.846465
1755404221358,0.267996,-0.022134,10.014262
1755404221361,0.275175,-0.002991,9.964012
1755404221363,0.33021,-0.022134,9.80818
1755404221366,0.227318,-0.05324,9.934999
1755404221368,0.311067,-0.005384,9.741181
1755404221371,0.339781,0.001795,9.959227
1755404221373,0.244068,-0.005384,9.858429
1755404221375,0.346959,-0.010169,9.899107
1755404221377,0.258425,-0.074776,9.786645
1755404221380,0.320638,0.008973,9.848858
1755404221383,0.311067,-0.017348,9.906285
1755404221385,0.236889,-0.019741,10.00469
1755404221388,0.349352,0.018544,9.891929
1755404221390,0.258425,-0.058026,9.877572
1755404221392,0.27996,-0.029312,9.891929
1755404221394,0.325424,-0.034098,9.911072
1755404221396,0.260818,-0.043669,9.925428
1755404221399,0.334995,0.004187,9.750752
1755404221402,0.241675,-0.05324,9.995119
1755404221405,0.323031,0.004187,9.796216
1755404221406,0.265603,-0.019741,9.944571
1755404221408,0.282353,-0.019741,9.810573
1755404221411,0.294317,-0.024526,9.887143
1755404221414,0.299103,-0.014955,9.872787
1755404221416,0.265603,-0.007777,9.937392
1755404221420,0.301496,-0.014955,9.796216
1755404221421,0.306281,-0.024526,9.937392
1755404221423,0.287139,-0.010169,9.805787
1755404221425,0.224925,0.011366,9.923036
1755404221428,0.291924,-0.022134,9.88475
1755404221430,0.239282,-0.048455,9.911072
1755404221433,0.31346,-0.014955,9.848858
1755404221435,0.294317,-0.05324,9.875179
1755404221438,0.272782,-0.031705,9.889536
1755404221440,0.291924,0.001795,9.870394
1755404221443,0.239282,-0.012562,9.908679
1755404221445,0.29671,-0.010169,9.875179
1755404221447,0.294317,-0.046062,9.88475
1755404221450,0.299103,-0.031705,9.887143
1755404221453,0.265603,-0.005384,9.882358
1755404221455,0.253639,-0.034098,9.899107
1755404221457,0.291924,-0.024526,9.863214
1755404221459,0.306281,0.001795,9.877572
1755404221462,0.291924,-0.024526,9.903893
1755404221464,0.258425,-0.019741,9.870394
1755404221467,0.246461,-0.046062,9.891929
1755404221468,0.272782,-0.014955,9.860822
1755404221471,0.282353,-0.026919,9.896714
1755404221473,0.256032,-0.036491,9.856036
1755404221476,0.29671,-0.043669,9.851251
1755404221478,0.287139,-0.060419,9.851251
1755404221480,0.263211,-0.031705,9.858429
1755404221483,0.277567,-0.034098,9.882358
1755404221485,0.275175,-0.005384,9.889536
1755404221488,0.260818,-0.038883,9.872787
1755404221491,0.265603,-0.041276,9.899107
1755404221493,0.287139,-0.002991,9.896714
1755404221495,0.287139,-0.031705,9.868001
1755404221497,0.291924,-0.017348,9.870394
1755404221500,0.284746,0.00658,9.891929
1755404221502,0.289532,-0.002991,9.891929
1755404221505,0.282353,-0.007777,9.875179
1755404221509,0.284746,-0.024526,9.851251
1755404221510,0.265603,-0.007777,9.887143
1755404221512,0.27996,-0.05324,9.858429
1755404221514,0.263211,-0.031705,9.875179
1755404221517,0.284746,-0.007777,9.870394
1755404221519,0.275175,-0.024526,9.877572
1755404221521,0.277567,-0.002991,9.875179
1755404221524,0.282353,-0.002991,9.906285
1755404221527,0.284746,0.001795,9.88475
1755404221529,0.263211,-0.017348,9.868001
1755404221531,0.267996,-0.014955,9.887143
1755404221533,0.306281,-0.038883,9.877572
1755404221536,0.277567,-0.007777,9.856036
1755404221538,0.332602,-0.038883,9.934999
1755404221541,0.287139,-0.036491,9.942178
1755404221543,0.311067,-0.019741,9.947263
1755404221545,0.277567,-0.005384,9.836894
1755404221548,0.287139,-0.036491,9.875179
1755404221550,0.267996,-0.031705,9.817751
1755404221553,0.311067,-0.007777,9.834501
1755404221555,0.301496,-0.024526,9.863214
1755404221557,0.308674,-0.019741,9.846465
1755404221560,0.258425,-0.017348,9.88475
1755404221562,0.277567,-0.024526,9.887143
1755404221565,0.311067,-0.038883,9.879965
1755404221567,0.318245,-0.031705,9.887143
1755404221569,0.308674,-0.000598,9.863214
1755404221572,0.277567,-0.000598,9.882358
1755404221574,0.275175,-0.002991,9.860822
1755404221577,0.289532,-0.012562,9.894321
1755404221579,0.27996,-0.014955,9.851251
1755404221581,0.27996,-0.000598,9.9015
1755404221584,0.311067,-0.062812,9.74836
1755404221586,0.205783,-0.055633,10.059726
1755404221589,0.356531,-0.012562,9.667004
1755404221591,0.188734,-0.029312,10.126724
1755404221594,0.387637,-0.002991,9.659825
1755404221595,0.167198,-0.058026,10.133903
1755404221598,0.375673,0.032901,9.635897
1755404221600,0.183948,-0.031705,10.086046
1755404221603,0.349352,-0.026919,9.693324
1755404221607,0.239282,-0.060419,9.956834
1755404221608,0.325424,-0.019741,9.822537
1755404221611,0.270389,-0.002991,9.875179
1755404221612,0.270389,-0.014955,10.002297
1755404221615,0.306281,-0.002991,9.781859
1755404221618,0.272782,-0.079561,9.934999
1755404221619,0.306281,-0.06999,9.812965
1755404221622,0.308674,0.004187,9.944571
1755404221627,0.282353,0.018544,9.956834
1755404221628,0.306281,-0.026919,9.786645
1755404221629,0.294317,-0.098704,9.891929
1755404221631,0.284746,-0.017348,9.853643
1755404221634,0.308674,0.032901,9.91825
1755404221636,0.263211,0.035294,9.956834
1755404221639,0.287139,-0.05324,9.779466
1755404221641,0.27996,-0.08674,9.954441
1755404221644,0.287139,0.018544,9.810573
1755404221646,0.303888,-0.029312,9.947263
1755404221648,0.318245,0.020937,9.863214
1755404221651,0.260818,-0.036491,9.9015
1755404221655,0.29671,-0.026919,9.877572
1755404221656,0.308674,-0.012562,9.889536
1755404221660,0.267996,-0.012562,9.863214
1755404221662,0.306281,-0.029312,9.899107
1755404221663,0.277567,-0.012562,9.860822
1755404221665,0.270389,-0.026919,9.930214
1755404221667,0.289532,-0.014955,9.810573
1755404221670,0.256032,-0.046062,9.987941
1755404221672,0.311067,-0.007777,9.769895
1755404221675,0.289532,-0.046062,9.956834
1755404221677,0.270389,-0.014955,9.872787
1755404221679,0.294317,-0.002991,9.913465
1755404221682,0.289532,-0.026919,9.803394
1755404221684,0.248854,-0.043669,10.026226
1755404221687,0.33021,0.054437,9.781859
1755404221689,0.224925,-0.017348,9.964012
1755404221692,0.346959,-0.084347,9.688539
1755404221694,0.272782,-0.091525,9.906285
1755404221697,0.282353,0.059222,9.973584
1755404221699,0.306281,0.126221,9.932607
1755404221701,0.244068,-0.048455,9.896714
1755404221703,0.270389,-0.172881,9.705289
1755404221706,0.258425,-0.043669,9.999905
1755404221709,0.284746,0.135793,10.014262
1755404221712,0.282353,0.018544,9.729217
1755404221713,0.263211,-0.189631,9.834501
1755404221715,0.320638,-0.046062,9.971191
1755404221718,0.248854,0.166899,9.846465
1755404221720,0.217747,-0.046062,9.822537
1755404221723,0.29671,-0.151346,9.906285
1755404221726,0.294317,0.049651,9.915857
1755404221729,0.22014,0.078365,9.879965
1755404221731,0.29671,-0.098704,9.755538
1755404221732,0.327817,-0.084347,9.999905
1755404221735,0.265603,0.085543,9.985548
1755404221737,0.289532,0.049651,9.741181
1755404221740,0.27996,-0.151346,9.930214
1755404221743,0.29671,-0.050847,9.942178
1755404221744,0.275175,0.111864,9.741181
1755404221746,0.248854,-0.093918,9.887143
1755404221749,0.303888,-0.098704,9.956834
1755404221752,0.256032,0.080758,9.84168
1755404221754,0.215354,0.035294,9.786645
1755404221756,0.315853,-0.144168,9.868001
1755404221760,0.320638,0.013759,9.983155
1755404221761,0.227318,0.107079,9.896714
1755404221763,0.263211,-0.077169,9.745967
1755404221766,0.323031,-0.125025,9.939785
1755404221768,0.270389,0.030508,9.810573
1755404221770,0.253639,0.052044,9.995119
1755404221773,0.358923,0.049651,9.812965
1755404221777,0.232104,-0.067597,9.925428
1755404221778,0.282353,-0.029312,9.786645
1755404221782,0.284746,-0.026919,9.971191
1755404221783,0.272782,-0.019741,9.894321
1755404221786,0.291924,-0.022134,9.860822
1755404221787,0.275175,-0.031705,9.913465
1755404221790,0.291924,0.013759,9.870394
1755404221793,0.306281,-0.043669,9.88475
1755404221795,0.284746,0.00658,9.903893
1755404221798,0.318245,-0.043669,9.863214
1755404221800,0.306281,-0.036491,9.906285
1755404221802,0.301496,-0.048455,9.877572
1755404221804,0.275175,-0.041276,9.851251
1755404221806,0.289532,-0.041276,9.882358
1755404221809,0.318245,-0.000598,9.848858
1755404221811,0.277567,-0.024526,9.899107
1755404221814,0.306281,-0.026919,9.877572
1755404221816,0.267996,-0.017348,9.887143
1755404221818,0.253639,-0.031705,9.853643
1755404221821,0.294317,-0.034098,9.879965
1755404221823,0.27996,-0.012562,9.942178
1755404221825,0.265603,0.030508,9.9015
1755404221828,0.301496,-0.010169,9.913465
1755404221832,0.267996,-0.012562,9.863214
1755404221833,0.320638,-0.014955,9.844072
1755404221835,0.277567,-0.010169,9.868001
1755404221837,0.294317,-0.005384,9.872787
1755404221840,0.265603,-0.024526,9.920643
1755404221845,0.282353,0.004187,9.879965
1755404221846,0.275175,-0.065204,9.879965
1755404221847,0.315853,-0.000598,9.88475
1755404221850,0.275175,-0.019741,9.870394
1755404221852,0.244068,-0.019741,9.913465
1755404221855,0.323031,-0.046062,9.853643
1755404221857,0.256032,-0.038883,9.9015
1755404221859,0.31346,-0.026919,9.872787
1755404221862,0.287139,-0.034098,9.848858
1755404221864,0.258425,-0.031705,9.964012
1755404221867,0.284746,0.061615,9.894321
1755404221869,0.258425,0.001795,9.91825
1755404221871,0.267996,-0.105882,9.772287
1755404221873,0.294317,-0.058026,9.80818
1755404221876,0.232104,0.030508,10.023833
1755404221879,0.299103,0.068794,9.712467
1755404221881,0.260818,-0.098704,9.925428
1755404221883,0.303888,-0.122632,9.803394
1755404221886,0.282353,0.016152,9.887143
1755404221888,0.31346,0.020937,10.019048
1755404221890,0.270389,0.037687,9.77468
1755404221893,0.222533,-0.079561,9.769895
1755404221896,0.287139,-0.058026,9.927821
1755404221898,0.323031,0.004187,10.031012
1755404221900,0.311067,-0.029312,9.980762
1755404221903,0.29671,-0.043669,9.71486
1755404221904,0.270389,-0.048455,9.846465
1755404221907,0.155234,0.052044,9.779466
1755404221909,0.169591,-0.017348,9.750752
1755404221913,0.418744,-0.091525,9.937392
1755404221914,0.308674,-0.036491,9.939785
1755404221917,0.332602,-0.017348,10.057333
1755404221919,0.195912,-0.000598,9.717253
1755404221921,0.124128,0.00658,9.602397
1755404221924,0.284746,-0.060419,9.700503
1755404221927,0.253639,-0.046062,9.889536
1755404221930,0.303888,-0.019741,10.100404
1755404221932,0.42353,-0.101097,10.083653
1755404221933,0.272782,0.073579,10.308579
1755404221936,0.325424,-0.055633,9.964012
1755404221939,0.267996,-0.007777,9.939785
1755404221940,0.306281,-0.017348,10.019048
1755404221943,0.217747,0.066401,10.019048
1755404221947,0.260818,0.049651,9.934999
1755404221948,0.222533,0.008973,9.745967
1755404221951,0.301496,-0.024526,10.007083
1755404221953,0.318245,-0.050847,9.844072
1755404221955,0.346959,-0.055633,9.980762
1755404221957,0.311067,0.013759,9.934999
1755404221960,0.308674,-0.034098,9.870394
1755404221964,0.267996,-0.081954,9.796216
1755404221965,0.265603,-0.036491,9.877572
1755404221967,0.303888,-0.000598,9.903893
1755404221970,0.323031,-0.022134,9.908679
1755404221972,0.315853,-0.022134,9.896714
1755404221974,0.315853,-0.036491,9.829716
1755404221976,0.291924,-0.043669,9.865608
1755404221979,0.265603,-0.007777,9.865608
1755404221981,0.277567,-0.024526,9.908679
1755404221984,0.287139,-0.010169,9.844072
1755404221986,0.332602,-0.034098,9.875179
1755404221989,0.284746,-0.005384,9.875179
1755404221991,0.289532,-0.055633,9.877572
1755404221993,0.301496,-0.038883,9.899107
1755404221996,0.282353,-0.026919,9.894321
1755404221998,0.277567,-0.046062,9.894321
1755404222000,0.291924,-0.024526,9.860822
1755404222004,0.291924,-0.022134,9.877572
1755404222005,0.267996,-0.000598,9.879965
1755404222008,0.294317,-0.000598,9.875179
1755404222011,0.299103,-0.007777,9.894321
1755404222013,0.267996,-0.017348,9.879965
1755404222015,0.263211,-0.017348,9.889536
1755404222017,0.263211,-0.031705,9.899107
1755404222020,0.287139,-0.010169,9.877572
1755404222022,0.315853,-0.031705,9.882358
1755404222025,0.320638,-0.000598,9.889536
1755404222027,0.270389,-0.022134,9.9015
1755404222029,0.270389,-0.031705,9.896714
1755404222032,0.272782,-0.038883,9.913465
1755404222034,0.267996,-0.012562,9.836894
1755404222037,0.260818,0.004187,9.903893
1755404222039,0.246461,-0.012562,9.879965
1755404222041,0.260818,-0.019741,9.865608
1755404222044,0.315853,-0.046062,9.863214
1755404222046,0.284746,-0.007777,9.934999
1755404222048,0.303888,0.02333,9.91825
1755404222052,0.282353,-0.014955,9.848858
1755404222053,0.282353,-0.034098,9.906285
1755404222056,0.294317,-0.038883,9.827323
1755404222058,0.267996,-0.024526,9.983155
1755404222060,0.289532,0.042473,9.810573
1755404222063,0.256032,-0.055633,9.832108
1755404222066,0.287139,-0.036491,9.889536
1755404222068,0.267996,-0.012562,9.762716
1755404222070,0.267996,-0.012562,9.980762
1755404222072,0.306281,-0.05324,9.848858
1755404222075,0.311067,-0.014955,9.777073
1755404222077,0.291924,0.025723,10.031012
1755404222080,0.299103,0.037687,9.906285
1755404222082,0.258425,-0.067597,9.839287
1755404222085,0.29671,-0.081954,9.820144
1755404222087,0.294317,-0.024526,9.91825
1755404222090,0.267996,0.049651,10.016655
1755404222092,0.327817,-0.007777,9.954441
1755404222094,0.308674,-0.077169,9.781859
1755404222096,0.31346,-0.048455,9.769895
1755404222100,0.289532,0.016152,9.9015
1755404222102,0.294317,0.030508,9.983155
1755404222104,0.289532,-0.036491,9.690931
1755404222107,0.320638,-0.060419,9.894321
1755404222109,0.265603,-0.058026,9.949656
1755404222111,0.272782,0.028116,9.879965
1755404222113,0.270389,0.008973,9.894321
1755404222117,0.27996,-0.067597,9.973584
1755404222118,0.311067,-0.038883,9.863214
1755404222121,0.299103,0.00658,9.9015
1755404222123,0.308674,0.013759,9.784252
1755404222125,0.236889,-0.077169,9.992726
1755404222127,0.275175,-0.005384,9.834501
1755404222130,0.294317,0.020937,10.086046
1755404222132,0.256032,-0.031705,9.796216
1755404222135,0.27996,-0.067597,9.755538
1755404222137,0.267996,-0.031705,10.066904
1755404222139,0.277567,0.020937,9.765109
1755404222143,0.258425,-0.002991,9.743574
1755404222144,0.315853,-0.050847,9.803394
1755404222147,0.263211,-0.014955,9.980762
1755404222149,0.282353,0.018544,9.848858
1755404222153,0.277567,-0.043669,9.980762
1755404222154,0.27996,-0.058026,9.889536
1755404222156,0.301496,-0.002991,9.913465
1755404222158,0.27996,0.042473,9.858429
1755404222161,0.308674,-0.026919,9.848858
1755404222163,0.291924,-0.060419,9.868001
1755404222166,0.256032,0.008973,9.925428
1755404222168,0.267996,0.016152,9.798609
1755404222171,0.287139,-0.062812,9.908679
1755404222173,0.282353,-0.079561,9.915857
1755404222175,0.301496,0.00658,9.695718
1755404222178,0.294317,-0.010169,9.995119
1755404222180,0.260818,-0.05324,9.894321
1755404222183,0.29671,-0.005384,9.767502
1755404222185,0.244068,0.035294,10.05494
1755404222188,0.318245,0.02333,9.832108
1755404222191,0.323031,-0.026919,9.805787
1755404222192,0.272782,-0.065204,9.985548
1755404222195,0.31346,0.018544,9.980762
1755404222197,0.287139,0.018544,9.84168
1755404222199,0.299103,-0.06999,9.77468
1755404222202,0.291924,-0.05324,9.889536
1755404222204,0.256032,0.013759,9.954441
1755404222207,0.272782,0.030508,9.755538
1755404222209,0.272782,-0.065204,9.903893
1755404222211,0.287139,-0.10349,9.927821
1755404222214,0.306281,0.042473,9.832108
1755404222216,0.284746,0.035294,9.870394
1755404222219,0.270389,-0.048455,9.894321
1755404222221,0.308674,-0.043669,9.796216
1755404222223,0.263211,0.016152,10.088439
1755404222226,0.308674,0.001795,9.734002
1755404222229,0.263211,-0.046062,9.872787
1755404222231,0.294317,-0.005384,10.023833
1755404222233,0.270389,0.020937,9.712467
1755404222236,0.272782,-0.014955,9.875179
1755404222238,0.265603,-0.081954,10.016655
1755404222240,0.251246,-0.000598,9.829716
1755404222244,0.282353,-0.005384,9.875179
1755404222245,0.275175,-0.055633,9.798609
1755404222247,0.342174,-0.022134,9.939785
1755404222250,0.251246,-0.026919,9.906285
1755404222253,0.303888,0.011366,9.743574
1755404222256,0.263211,-0.058026,10.031012
1755404222258,0.29671,0.028116,9.779466
1755404222259,0.289532,-0.007777,9.863214
1755404222262,0.291924,-0.081954,9.856036
1755404222264,0.31346,-0.031705,9.911072
1755404222266,0.31346,0.028116,9.858429
1755404222270,0.248854,-0.038883,9.805787
1755404222271,0.275175,-0.034098,10.023833
1755404222273,0.332602,0.011366,9.863214
1755404222276,0.258425,0.013759,9.925428
1755404222279,0.337388,-0.098704,9.803394
1755404222281,0.289532,-0.058026,9.872787
1755404222283,0.306281,0.008973,9.906285
1755404222286,0.270389,-0.029312,9.879965
1755404222288,0.320638,-0.026919,9.879965
1755404222290,0.256032,0.035294,9.980762
1755404222293,0.294317,0.035294,9.717253
1755404222295,0.253639,-0.072383,9.97837
1755404222297,0.27996,-0.060419,9.777073
1755404222300,0.224925,-0.014955,9.947263
1755404222304,0.31346,0.018544,9.846465
1755404222305,0.306281,0.004187,9.954441
1755404222307,0.291924,-0.024526,9.710074
1755404222311,0.234497,-0.072383,9.985548
1755404222312,0.318245,0.00658,9.829716
1755404222314,0.29671,-0.007777,9.920643
1755404222317,0.289532,-0.005384,9.923036
1755404222320,0.29671,-0.055633,9.757931
1755404222322,0.239282,-0.036491,9.939785
1755404222324,0.351745,0.004187,9.745967
1755404222327,0.198604,-0.043669,10.023833
1755404222329,0.33021,0.030508,9.74836
1755404222331,0.251246,-0.060419,10.031012
1755404222334,0.318245,-0.010169,9.702896
1755404222338,0.260818,-0.06999,9.997512
1755404222339,0.303888,0.004187,9.810573
1755404222341,0.239282,0.016152,9.896714
1755404222343,0.239282,-0.000598,9.939785
1755404222346,0.327817,-0.05324,9.765109
1755404222348,0.256032,-0.098704,9.997512
1755404222351,0.325424,0.001795,9.822537
1755404222353,0.236889,-0.029312,9.949656
1755404222355,0.291924,-0.019741,9.870394
1755404222359,0.275175,-0.029312,9.875179
1755404222360,0.258425,0.001795,9.891929
1755404222362,0.294317,-0.002991,9.844072
1755404222365,0.258425,-0.005384,9.899107
1755404222367,0.277567,-0.014955,9.848858
1755404222369,0.270389,-0.034098,9.865608
1755404222372,0.306281,-0.026919,9.877572
1755404222375,0.248854,-0.038883,9.856036
1755404222377,0.270389,-0.014955,9.9015
1755404222379,0.263211,-0.022134,9.863214
1755404222382,0.29671,-0.022134,9.891929
1755404222384,0.325424,0.001795,9.877572
1755404222386,0.301496,-0.038883,9.875179
1755404222389,0.284746,-0.038883,9.879965
1755404222392,0.244068,-0.019741,9.863214
1755404222393,0.277567,-0.007777,9.882358
1755404222396,0.272782,0.020937,9.908679
1755404222398,0.33021,-0.019741,9.882358
1755404222401,0.267996,-0.050847,9.858429
1755404222403,0.258425,-0.019741,9.9015
1755404222406,0.311067,0.028116,9.875179
1755404222408,0.270389,-0.005384,9.915857
1755404222411,0.306281,-0.019741,9.865608
1755404222413,0.272782,-0.05324,9.891929
1755404222415,0.294317,-0.014955,9.882358
1755404222418,0.299103,0.011366,9.88475
1755404222420,0.287139,-0.007777,9.899107
1755404222423,0.267996,-0.002991,9.879965
1755404222425,0.277567,-0.031705,9.865608
1755404222427,0.27996,-0.005384,9.887143
1755404222429,0.311067,-0.017348,9.894321
1755404222432,0.311067,-0.041276,9.891929
1755404222434,0.289532,-0.005384,9.891929
1755404222437,0.299103,-0.026919,9.879965
1755404222440,0.289532,-0.062812,9.887143
1755404222442,0.270389,-0.036491,9.891929
1755404222444,0.275175,-0.012562,9.889536
1755404222446,0.277567,-0.038883,9.896714
1755404222449,0.267996,-0.038883,9.877572
1755404222451,0.265603,-0.012562,9.882358
1755404222453,0.346959,-0.005384,9.877572
1755404222457,0.29671,-0.019741,9.877572
1755404222458,0.289532,-0.012562,9.870394
1755404222461,0.246461,-0.014955,9.887143
1755404222463,0.284746,-0.010169,9.851251
1755404222465,0.29671,-0.002991,9.882358
1755404222468,0.287139,-0.026919,9.872787
1755404222470,0.289532,-0.026919,9.882358
1755404222473,0.275175,0.004187,9.879965
1755404222475,0.263211,-0.019741,9.879965
1755404222479,0.251246,-0.017348,9.875179
1755404222480,0.275175,-0.038883,9.88475
1755404222482,0.287139,-0.017348,9.879965
1755404222484,0.291924,-0.010169,9.882358
1755404222487,0.294317,-0.031705,9.903893
1755404222490,0.311067,-0.012562,9.858429
1755404222492,0.291924,-0.010169,9.877572
1755404222494,0.294317,-0.022134,9.899107
1755404222496,0.270389,-0.017348,9.896714
1755404222499,0.27996,-0.000598,9.863214
1755404222501,0.277567,0.016152,9.877572
1755404222504,0.306281,-0.005384,9.879965
1755404222506,0.29671,-0.031705,9.88475
1755404222509,0.287139,-0.029312,9.896714
1755404222511,0.282353,-0.014955,9.891929
1755404222516,0.289532,-0.019741,9.891929
1755404222517,0.289532,-0.031705,9.875179
1755404222519,0.272782,-0.014955,9.9015
1755404222520,0.29671,-0.022134,9.872787
1755404222523,0.291924,-0.048455,9.891929
1755404222526,0.287139,-0.014955,9.863214
1755404222528,0.265603,-0.017348,9.879965
1755404222530,0.265603,-0.014955,9.844072
1755404222533,0.282353,-0.017348,9.88475
1755404222535,0.303888,-0.043669,9.875179
1755404222537,0.27996,-0.024526,9.872787
1755404222540,0.289532,-0.031705,9.887143
1755404222542,0.282353,-0.022134,9.891929
1755404222544,0.270389,-0.010169,9.889536
1755404222547,0.260818,-0.002991,9.887143
1755404222549,0.282353,-0.031705,9.875179
1755404222552,0.284746,-0.038883,9.894321
1755404222555,0.282353,0.001795,9.9015
1755404222557,0.270389,-0.007777,9.877572
1755404222560,0.248854,-0.019741,9.875179
1755404222562,0.272782,-0.038883,9.877572
1755404222564,0.287139,-0.036491,9.896714
1755404222566,0.284746,-0.022134,9.868001
1755404222568,0.303888,-0.017348,9.868001
1755404222571,0.272782,-0.043669,9.846465
1755404222573,0.27996,-0.050847,9.815358
1755404222576,0.275175,-0.041276,9.999905
1755404222580,0.306281,-0.010169,9.779466
1755404222581,0.256032,-0.019741,10.007083
1755404222583,0.303888,0.001795,9.868001
1755404222585,0.270389,-0.046062,9.870394
1755404222588,0.306281,-0.046062,9.82493
1755404222590,0.323031,-0.002991,9.911072
1755404222593,0.222533,0.025723,9.88475
1755404222596,0.306281,-0.012562,9.71486
1755404222598,0.251246,-0.005384,10.035797
1755404222599,0.318245,-0.005384,9.724431
1755404222602,0.229711,-0.029312,10.00469
1755404222604,0.29671,0.016152,9.925428
1755404222607,0.253639,-0.034098,9.894321
1755404222610,0.270389,-0.029312,9.796216
1755404222612,0.27996,0.020937,9.877572
1755404222614,0.260818,-0.000598,9.927821
1755404222617,0.334995,-0.000598,9.779466
1755404222619,0.275175,-0.029312,10.05494
1755404222621,0.31346,-0.005384,9.717253
1755404222624,0.244068,-0.038883,9.956834
1755404222627,0.361316,0.001795,9.815358
1755404222628,0.227318,-0.034098,10.042975
1755404222631,0.294317,-0.005384,9.769895
1755404222633,0.224925,-0.005384,10.059726
1755404222636,0.306281,-0.000598,9.700503
1755404222638,0.248854,-0.022134,9.975977
1755404222641,0.318245,-0.014955,9.79143
1755404222644,0.270389,-0.000598,9.911072
1755404222645,0.289532,-0.012562,9.856036
1755404222647,0.29671,-0.012562,9.891929
1755404222650,0.246461,-0.079561,9.964012
1755404222652,0.311067,-0.019741,9.717253
1755404222655,0.253639,-0.017348,9.930214
1755404222657,0.315853,0.032901,9.772287
1755404222660,0.253639,-0.031705,10.124331
1755404222663,0.287139,-0.029312,9.79143
1755404222665,0.217747,-0.036491,9.879965
1755404222667,0.284746,-0.026919,9.769895
1755404222669,0.260818,-0.024526,9.937392
1755404222671,0.263211,-0.050847,9.906285
1755404222674,0.320638,0.001795,9.736395
1755404222678,0.277567,0.001795,10.102797
1755404222679,0.344566,-0.002991,9.762716
1755404222681,0.256032,-0.007777,9.913465
1755404222684,0.351745,-0.024526,9.731609
1755404222686,0.27996,-0.048455,9.992726
1755404222688,0.263211,-0.074776,9.793823
1755404222691,0.315853,-0.000598,9.779466
1755404222693,0.253639,0.020937,10.179367
1755404222696,0.323031,0.016152,9.820144
1755404222701,0.272782,-0.065204,9.865608
1755404222702,0.315853,-0.067597,9.762716
1755404222703,0.270389,-0.072383,9.868001
1755404222705,0.270389,0.028116,10.033404
1755404222708,0.256032,0.05683,9.872787
1755404222709,0.241675,-0.014955,9.947263
1755404222712,0.306281,-0.050847,9.700503
1755404222714,0.282353,-0.093918,9.949656
1755404222718,0.270389,-0.031705,9.894321
1755404222720,0.289532,0.028116,9.915857
1755404222722,0.275175,0.052044,10.002297
1755404222724,0.289532,0.011366,9.757931
1755404222727,0.258425,-0.089133,9.875179
1755404222729,0.284746,-0.108275,9.781859
1755404222731,0.270389,-0.000598,9.896714
1755404222734,0.277567,0.059222,10.050154
1755404222737,0.287139,0.064008,9.846465
1755404222739,0.224925,-0.084347,9.846465
1755404222741,0.275175,-0.115454,9.712467
1755404222743,0.287139,-0.005384,9.942178
1755404222745,0.301496,0.121436,10.083653
1755404222748,0.306281,0.097508,9.829716
1755404222750,0.241675,-0.10349,9.810573
1755404222753,0.27996,-0.156132,9.71486
1755404222755,0.294317,-0.022134,9.997512
1755404222759,0.27996,0.119043,10.098011
1755404222760,0.294317,0.025723,9.719646
1755404222763,0.275175,-0.170489,9.79143
1755404222765,0.27996,-0.122632,9.915857
1755404222767,0.289532,0.071186,10.033404
1755404222769,0.27996,0.140578,10.014262
1755404222772,0.325424,-0.065204,9.736395
1755404222775,0.236889,-0.165703,9.812965
1755404222777,0.265603,-0.055633,9.903893
1755404222780,0.289532,0.147757,9.961619
1755404222782,0.258425,0.052044,9.88475
1755404222784,0.40678,-0.132203,9.992726
1755404222787,0.251246,-0.089133,9.863214
1755404222789,0.253639,0.090329,9.934999
1755404222791,0.287139,0.064008,9.707682
1755404222794,0.183948,-0.081954,9.77468
1755404222797,0.267996,-0.096311,9.827323
1755404222800,0.306281,0.020937,9.868001
1755404222801,0.272782,0.083151,9.952048
1755404222804,0.31346,-0.041276,9.870394
1755404222806,0.258425,-0.10349,9.796216
1755404222808,0.308674,-0.043669,9.956834
1755404222810,0.308674,0.035294,9.899107
1755404222813,0.244068,-0.024526,9.832108
1755404222815,0.215354,-0.060419,9.698111
1755404222818,0.342174,-0.010169,9.999905
1755404222821,0.351745,0.013759,9.966406
1755404222823,0.392423,-0.081954,9.894321
1755404222825,0.270389,-0.072383,9.84168
1755404222827,0.323031,-0.022134,10.083653
1755404222831,0.294317,0.066401,9.793823
1755404222833,0.401994,-0.077169,10.014262
1755404222834,0.502493,-0.16331,10.109975
1755404222837,0.416351,-0.115454,10.07169
1755404222839,0.222533,0.001795,9.805787
1755404222842,0.437887,-0.098704,9.997512
1755404222844,0.275175,-0.005384,10.040583
1755404222847,0.200997,-0.026919,9.753145
1755404222849,0.282353,0.00658,9.817751
1755404222851,0.306281,-0.031705,9.822537
1755404222853,0.251246,-0.036491,9.832108
1755404222856,0.289532,-0.022134,9.77468
1755404222858,0.267996,-0.019741,9.97837
1755404222860,0.33021,-0.048455,9.968799
1755404222863,0.227318,-0.017348,9.736395
1755404222865,0.277567,-0.031705,9.844072
1755404222868,0.27996,-0.041276,9.832108
1755404222870,0.349352,-0.089133,10.062119
1755404222873,0.287139,-0.05324,9.896714
1755404222876,0.246461,-0.036491,9.772287
1755404222878,0.368495,-0.043669,9.973584
1755404222882,0.277567,-0.08674,9.839287
1755404222883,0.318245,-0.055633,10.031012
1755404222885,0.234497,0.00658,9.846465
1755404222887,0.311067,-0.046062,9.851251
1755404222890,0.287139,0.001795,9.992726
1755404222892,0.256032,-0.024526,9.82493
1755404222894,0.299103,-0.079561,9.949656
1755404222897,0.291924,-0.060419,9.915857
1755404222899,0.320638,-0.084347,9.956834
1755404222902,0.263211,-0.038883,9.964012
1755404222904,0.311067,-0.014955,9.750752
1755404222907,0.246461,0.004187,9.798609
1755404222909,0.361316,-0.060419,9.964012
1755404222911,0.289532,-0.058026,9.995119
1755404222913,0.308674,-0.038883,9.913465
1755404222916,0.282353,0.00658,9.858429
1755404222919,0.282353,-0.05324,9.906285
1755404222921,0.311067,-0.048455,9.992726
1755404222924,0.301496,-0.034098,9.961619
1755404222926,0.315853,-0.019741,10.040583
1755404222928,0.272782,0.016152,9.743574
1755404222930,0.263211,0.030508,9.879965
1755404222933,0.253639,-0.007777,9.836894
1755404222936,0.222533,0.013759,9.784252
1755404222938,0.251246,-0.000598,9.846465
1755404222940,0.241675,-0.024526,9.903893
1755404222943,0.270389,-0.019741,9.887143
1755404222945,0.308674,-0.029312,9.911072
1755404222947,0.267996,-0.019741,9.915857
1755404222950,0.299103,-0.022134,9.896714
1755404222952,0.315853,-0.043669,9.932607
1755404222955,0.256032,0.00658,9.84168
1755404222957,0.303888,-0.012562,9.906285
1755404222959,0.267996,-0.043669,9.851251
1755404222962,0.31346,-0.029312,9.88475
1755404222964,0.270389,-0.031705,9.88475
1755404222967,0.272782,-0.043669,9.863214
1755404222969,0.267996,-0.029312,9.899107
1755404222972,0.253639,-0.012562,9.851251
1755404222973,0.256032,-0.002991,9.863214
1755404222976,0.267996,-0.010169,9.844072
1755404222979,0.267996,-0.036491,9.872787
1755404222981,0.303888,-0.000598,9.887143
1755404222984,0.294317,-0.007777,9.879965
1755404222986,0.282353,-0.014955,9.891929
1755404222989,0.267996,-0.017348,9.879965
1755404222990,0.301496,-0.002991,9.903893
1755404222993,0.291924,0.004187,9.868001
1755404222995,0.301496,-0.038883,9.887143
1755404222997,0.299103,-0.036491,9.879965
1755404223002,0.289532,0.00658,9.870394
1755404223004,0.236889,-0.022134,9.882358
1755404223006,0.289532,-0.014955,9.882358
1755404223007,0.267996,-0.014955,9.88475
1755404223010,0.287139,-0.029312,9.887143
1755404223012,0.306281,-0.026919,9.875179
1755404223015,0.284746,-0.036491,9.875179
1755404223018,0.277567,-0.014955,9.891929
1755404223019,0.29671,-0.010169,9.882358
1755404223021,0.291924,-0.010169,9.856036
1755404223024,0.244068,-0.022134,9.903893
1755404223027,0.27996,-0.022134,9.868001
1755404223028,0.291924,-0.014955,9.856036
1755404223031,0.270389,-0.038883,9.856036
1755404223035,0.284746,-0.012562,9.868001
1755404223037,0.320638,-0.038883,9.88475
1755404223039,0.272782,-0.034098,9.891929
1755404223040,0.287139,-0.014955,9.891929
1755404223044,0.275175,-0.007777,9.896714
1755404223045,0.284746,-0.029312,9.863214
1755404223048,0.303888,-0.024526,9.877572
1755404223050,0.303888,-0.019741,9.865608
1755404223052,0.287139,0.004187,9.896714
1755404223055,0.275175,-0.007777,9.882358
1755404223058,0.248854,-0.050847,9.88475
1755404223060,0.256032,-0.017348,9.882358
1755404223063,0.272782,-0.012562,9.868001
1755404223064,0.303888,-0.010169,9.853643
1755404223067,0.258425,-0.043669,9.877572
1755404223069,0.277567,-0.012562,9.853643
1755404223072,0.29671,-0.038883,9.882358
1755404223074,0.318245,-0.029312,9.863214
1755404223077,0.311067,-0.024526,9.858429
1755404223079,0.282353,-0.050847,9.903893
1755404223082,0.256032,-0.031705,9.863214
1755404223084,0.263211,-0.034098,9.992726
1755404223086,0.301496,0.018544,9.853643
1755404223089,0.270389,-0.098704,9.848858
1755404223091,0.282353,-0.031705,9.853643
1755404223094,0.253639,-0.062812,9.865608
1755404223096,0.289532,-0.024526,9.858429
1755404223098,0.251246,-0.038883,9.91825
1755404223101,0.334995,-0.022134,9.772287
1755404223104,0.270389,-0.005384,10.040583
1755404223108,0.291924,0.013759,9.827323
1755404223109,0.234497,-0.007777,9.908679
1755404223111,0.272782,-0.014955,9.789038
1755404223113,0.267996,-0.014955,9.930214
1755404223115,0.270389,-0.062812,9.860822
1755404223117,0.332602,-0.002991,9.803394
1755404223121,0.272782,0.011366,10.133903
1755404223122,0.299103,-0.000598,9.80818
1755404223125,0.260818,-0.058026,9.793823
1755404223127,0.301496,-0.034098,9.875179
1755404223129,0.284746,-0.024526,9.834501
1755404223132,0.284746,-0.017348,9.868001
1755404223134,0.320638,0.059222,9.865608
1755404223136,0.229711,-0.046062,10.064511
1755404223139,0.306281,-0.007777,9.645468
1755404223142,0.265603,-0.067597,9.999905
1755404223144,0.27996,-0.05324,9.839287
1755404223146,0.301496,-0.000598,9.79143
1755404223149,0.27996,0.025723,10.129117
1755404223151,0.318245,-0.014955,9.810573
1755404223154,0.260818,-0.036491,9.858429
1755404223157,0.27996,-0.096311,9.793823
1755404223158,0.270389,-0.043669,9.82493
1755404223160,0.284746,0.035294,10.138689
1755404223163,0.327817,0.013759,9.851251
1755404223166,0.267996,-0.043669,9.829716
1755404223168,0.275175,-0.120239,9.810573
1755404223171,0.282353,-0.000598,9.803394
1755404223173,0.27996,0.059222,10.088439
1755404223175,0.323031,0.025723,9.836894
1755404223177,0.277567,-0.05324,9.844072
1755404223179,0.287139,-0.127418,9.784252
1755404223182,0.277567,0.011366,9.836894
1755404223185,0.241675,0.05683,10.052547
1755404223188,0.265603,0.020937,9.705289
1755404223189,0.253639,-0.108275,9.975977
1755404223191,0.267996,-0.096311,9.793823
1755404223194,0.289532,0.020937,9.980762
1755404223196,0.265603,0.054437,9.899107
1755404223199,0.270389,-0.029312,9.767502
1755404223201,0.241675,-0.129811,9.834501
1755404223205,0.299103,-0.010169,10.031012
1755404223206,0.31346,0.087936,9.88475
1755404223208,0.248854,0.011366,9.927821
1755404223211,0.272782,-0.108275,9.753145
1755404223213,0.29671,-0.034098,9.870394
1755404223215,0.277567,0.047258,10.009477
1755404223218,0.315853,0.016152,9.80818
1755404223220,0.27996,-0.122632,9.879965
1755404223223,0.284746,-0.05324,9.913465
1755404223225,0.291924,0.049651,9.964012
1755404223227,0.236889,0.04008,9.908679
1755404223231,0.287139,-0.098704,9.786645
1755404223232,0.299103,-0.062812,9.891929
1755404223235,0.299103,0.025723,9.983155
1755404223237,0.301496,0.028116,9.796216
1755404223239,0.29671,-0.134596,9.839287
1755404223243,0.260818,-0.058026,9.908679
1755404223244,0.289532,0.075972,9.860822
1755404223247,0.258425,0.028116,9.915857
1755404223249,0.284746,-0.110668,9.858429
1755404223251,0.287139,-0.043669,9.865608
1755404223254,0.277567,0.020937,9.829716
1755404223256,0.272782,-0.014955,9.91825
1755404223259,0.318245,0.032901,9.879965
1755404223261,0.222533,0.016152,9.927821
1755404223263,0.299103,-0.046062,9.71486
1755404223266,0.27996,-0.093918,9.868001
1755404223268,0.303888,0.018544,10.021441
1755404223270,0.275175,0.109472,9.91825
1755404223273,0.212961,-0.014955,9.887143
1755404223276,0.294317,-0.177667,9.686146
1755404223279,0.29671,-0.089133,9.882358
1755404223280,0.31346,0.095115,10.035797
1755404223283,0.308674,0.121436,9.961619
1755404223285,0.251246,-0.046062,9.908679
1755404223288,0.277567,-0.16331,9.633504
1755404223290,0.234497,-0.074776,9.868001
1755404223292,0.287139,0.035294,9.997512
1755404223295,0.294317,0.121436,9.997512
1755404223297,0.200997,0.032901,9.954441
1755404223299,0.29671,-0.105882,9.614362
1755404223302,0.301496,-0.14656,9.868001
1755404223304,0.301496,-0.000598,9.927821
1755404223307,0.299103,0.114257,10.040583
1755404223309,0.272782,0.071186,9.956834
1755404223312,0.263211,-0.125025,9.628718
1755404223314,0.272782,-0.172881,9.844072
1755404223316,0.29671,0.054437,10.035797
1755404223319,0.287139,0.164507,10.014262
1755404223321,0.239282,-0.041276,9.801002
1755404223324,0.27996,-0.208774,9.65504
1755404223326,0.284746,-0.072383,9.990334
1755404223329,0.277567,0.181256,10.078868
1755404223330,0.289532,0.080758,9.74836
1755404223334,0.251246,-0.215952,9.753145
1755404223335,0.315853,-0.122632,9.889536
1755404223338,0.318245,0.164507,10.069297
1755404223341,0.27996,0.11665,9.925428
1755404223343,0.294317,-0.175274,9.650253
1755404223345,0.270389,-0.175274,9.860822
1755404223347,0.291924,0.083151,10.045368
1755404223350,0.258425,0.171685,9.934999
1755404223352,0.260818,-0.081954,9.765109
1755404223354,0.260818,-0.194417,9.695718
1755404223357,0.291924,-0.031705,10.019048
1755404223359,0.294317,0.183649,10.064511
1755404223362,0.291924,0.018544,9.74836
1755404223364,0.260818,-0.211167,9.755538
1755404223367,0.29671,-0.125025,9.812965
1755404223369,0.282353,0.11665,10.102797
1755404223371,0.275175,0.104686,10.033404
1755404223375,0.294317,-0.084347,9.659825
1755404223376,0.301496,-0.206381,9.79143
1755404223378,0.315853,-0.031705,9.920643
1755404223381,0.287139,0.152542,10.093225
1755404223383,0.253639,0.049651,10.002297
1755404223385,0.267996,-0.084347,9.693324
1755404223388,0.234497,-0.165703,9.844072
1755404223391,0.29671,-0.041276,9.805787
1755404223393,0.301496,0.059222,10.023833
1755404223395,0.289532,0.028116,10.031012
1755404223398,0.284746,-0.029312,9.769895
1755404223400,0.258425,-0.089133,9.987941
1755404223402,0.323031,0.004187,9.810573
1755404223405,0.244068,0.028116,9.959227
1755404223407,0.263211,-0.029312,9.781859
1755404223410,0.282353,-0.065204,9.877572
1755404223412,0.299103,-0.048455,9.877572
1755404223415,0.267996,0.001795,9.784252
1755404223417,0.251246,0.020937,10.069297
1755404223419,0.284746,0.042473,9.815358
1755404223421,0.222533,-0.029312,9.990334
1755404223424,0.315853,-0.034098,9.784252
1755404223426,0.289532,-0.041276,9.889536
1755404223429,0.289532,-0.043669,9.865608
1755404223432,0.256032,-0.014955,9.891929
1755404223434,0.275175,-0.034098,9.88475
1755404223436,0.315853,0.001795,9.79143
1755404223438,0.270389,-0.026919,9.952048
1755404223441,0.339781,-0.000598,9.772287
1755404223444,0.234497,-0.014955,9.992726
1755404223447,0.318245,-0.002991,9.678967
1755404223448,0.208176,-0.038883,10.042975
1755404223451,0.339781,0.02333,9.729217
1755404223452,0.229711,-0.055633,10.064511
1755404223455,0.354138,0.004187,9.707682
1755404223458,0.212961,-0.038883,10.050154
1755404223460,0.361316,-0.007777,9.700503
1755404223463,0.208176,-0.029312,10.062119
1755404223465,0.346959,0.032901,9.698111
1755404223467,0.232104,-0.019741,10.05494
1755404223470,0.33021,-0.029312,9.71486
1755404223472,0.208176,-0.026919,10.033404
1755404223474,0.337388,-0.034098,9.750752
1755404223477,0.239282,-0.074776,9.952048
1755404223479,0.29671,-0.007777,9.865608
1755404223482,0.294317,-0.005384,9.868001
1755404223484,0.244068,-0.000598,9.942178
1755404223486,0.284746,-0.029312,9.79143
1755404223488,0.244068,-0.05324,9.927821
1755404223491,0.27996,-0.024526,9.832108
1755404223493,0.291924,-0.005384,9.908679
1755404223496,0.272782,-0.017348,9.875179
1755404223498,0.301496,-0.029312,9.848858
1755404223501,0.263211,-0.058026,9.915857
1755404223503,0.287139,0.004187,9.853643
1755404223505,0.277567,-0.010169,9.952048
1755404223508,0.284746,-0.014955,9.844072
1755404223511,0.22014,-0.012562,9.97837
1755404223513,0.311067,-0.017348,9.801002
1755404223515,0.263211,0.018544,9.949656
1755404223517,0.323031,-0.005384,9.80818
1755404223520,0.270389,-0.026919,9.877572
1755404223522,0.260818,-0.046062,9.848858
1755404223524,0.320638,0.011366,9.836894
1755404223528,0.234497,-0.038883,9.987941
1755404223530,0.31346,-0.005384,9.84168
1755404223532,0.215354,-0.002991,10.050154
1755404223534,0.294317,0.001795,9.769895
1755404223537,0.248854,-0.048455,9.925428
1755404223539,0.29671,-0.079561,9.757931
1755404223542,0.294317,-0.055633,9.853643
1755404223545,0.263211,-0.014955,9.999905
1755404223547,0.289532,0.087936,9.947263
1755404223549,0.256032,0.00658,10.002297
1755404223551,0.270389,-0.089133,9.667004
1755404223553,0.282353,-0.096311,9.844072
1755404223555,0.29671,-0.031705,9.952048
1755404223558,0.306281,0.0999,9.985548
1755404223561,0.258425,0.052044,9.964012
1755404223563,0.277567,-0.134596,9.674182
1755404223565,0.289532,-0.122632,9.786645
1755404223568,0.27996,0.035294,9.971191
1755404223570,0.275175,0.102293,9.908679
1755404223573,0.270389,-0.041276,9.896714
1755404223575,0.291924,-0.14656,9.853643
1755404223579,0.311067,0.011366,9.959227
1755404223580,0.277567,0.11665,9.97837
1755404223582,0.325424,-0.055633,9.801002
1755404223584,0.303888,-0.125025,9.923036
1755404223587,0.325424,0.001795,9.889536
1755404223589,0.299103,-0.017348,9.777073
1755404223591,0.299103,-0.093918,9.906285
1755404223594,0.332602,-0.000598,9.911072
1755404223597,0.272782,0.02333,9.805787
1755404223599,0.270389,-0.029312,10.011869
1755404223601,0.368495,-0.000598,9.879965
1755404223604,0.251246,-0.074776,9.79143
1755404223606,0.277567,-0.074776,9.930214
1755404223608,0.337388,-0.000598,9.894321
1755404223611,0.256032,0.013759,9.796216
1755404223615,0.270389,-0.067597,9.822537
1755404223618,0.284746,-0.026919,9.9015
1755404223619,0.287139,0.028116,9.913465
1755404223621,0.251246,0.044865,9.944571
1755404223623,0.308674,-0.019741,9.860822
1755404223625,0.246461,-0.108275,9.851251
1755404223627,0.287139,0.001795,9.973584
1755404223631,0.284746,0.054437,9.836894
1755404223632,0.27996,-0.050847,9.851251
1755404223634,0.289532,-0.079561,9.937392
1755404223637,0.294317,0.020937,9.827323
1755404223641,0.289532,-0.034098,9.906285
1755404223642,0.31346,-0.007777,9.879965
1755404223644,0.291924,-0.014955,9.812965
1755404223647,0.236889,0.004187,9.961619
1755404223649,0.299103,0.016152,9.801002
1755404223651,0.246461,-0.05324,9.858429
1755404223654,0.299103,-0.010169,9.937392
1755404223656,0.308674,0.00658,9.942178
1755404223659,0.277567,-0.031705,9.934999
1755404223661,0.299103,-0.005384,9.786645
1755404223663,0.29671,-0.072383,9.865608
1755404223666,0.241675,-0.012562,9.872787
1755404223668,0.289532,0.016152,9.944571
1755404223671,0.258425,0.013759,9.865608
1755404223673,0.287139,-0.055633,9.815358
1755404223675,0.248854,-0.055633,9.856036
1755404223678,0.272782,0.008973,9.966406
1755404223681,0.287139,0.044865,9.805787
1755404223683,0.267996,-0.072383,9.937392
1755404223685,0.308674,-0.077169,9.853643
1755404223687,0.251246,0.011366,9.920643
1755404223690,0.29671,-0.017348,9.793823
1755404223692,0.299103,-0.050847,9.956834
1755404223695,0.327817,-0.079561,9.741181
1755404223698,0.229711,-0.067597,9.956834
1755404223701,0.334995,0.049651,9.860822
1755404223702,0.267996,-0.024526,9.975977
1755404223704,0.291924,-0.036491,9.875179
1755404223706,0.337388,-0.041276,9.738789
1755404223709,0.256032,-0.079561,9.815358
1755404223711,0.323031,-0.058026,9.925428
1755404223715,0.320638,0.073579,9.930214
1755404223716,0.270389,0.016152,9.949656
1755404223719,0.253639,-0.036491,9.817751
1755404223721,0.284746,-0.081954,9.827323
1755404223723,0.241675,-0.05324,9.903893
1755404223725,0.29671,0.04008,9.942178
1755404223728,0.284746,0.052044,9.925428
1755404223732,0.256032,-0.017348,9.906285
1755404223733,0.323031,-0.060419,9.769895
1755404223736,0.294317,-0.048455,9.834501
1755404223738,0.306281,-0.005384,9.937392
1755404223740,0.287139,0.102293,9.91825
1755404223743,0.256032,-0.024526,9.915857
1755404223745,0.284746,-0.098704,9.738789
1755404223747,0.306281,-0.141775,9.971191
1755404223750,0.320638,0.042473,9.872787
1755404223752,0.301496,0.028116,9.903893
1755404223755,0.294317,-0.05324,9.91825
1755404223757,0.318245,-0.058026,9.812965
1755404223759,0.217747,-0.043669,9.906285
1755404223761,0.308674,-0.010169,9.903893
1755404223766,0.315853,-0.012562,9.784252
1755404223767,0.253639,-0.055633,9.952048
1755404223769,0.311067,-0.000598,9.798609
1755404223772,0.248854,-0.034098,9.860822
1755404223774,0.267996,-0.026919,9.911072
1755404223778,0.375673,0.011366,9.789038
1755404223779,0.258425,-0.024526,9.973584
1755404223781,0.315853,0.028116,9.9015
1755404223784,0.277567,-0.017348,9.939785
1755404223786,0.260818,-0.012562,9.829716
1755404223789,0.270389,-0.079561,9.84168
1755404223791,0.253639,-0.007777,9.973584
1755404223793,0.29671,0.037687,9.944571
1755404223795,0.267996,0.02333,9.839287
1755404223798,0.265603,-0.098704,9.865608
1755404223801,0.294317,-0.077169,9.832108
1755404223803,0.260818,-0.012562,9.939785
1755404223806,0.299103,0.037687,9.848858
1755404223807,0.287139,-0.058026,9.927821
1755404223810,0.308674,-0.036491,9.908679
1755404223812,0.263211,-0.019741,9.913465
1755404223814,0.246461,-0.002991,9.872787
1755404223817,0.325424,-0.065204,9.827323
1755404223819,0.244068,-0.017348,9.896714
1755404223821,0.299103,0.008973,9.817751
1755404223824,0.27996,0.004187,10.033404
1755404223826,0.291924,0.032901,9.789038
1755404223829,0.241675,-0.077169,9.908679
1755404223831,0.270389,-0.048455,9.84168
1755404223834,0.277567,-0.022134,9.896714
1755404223836,0.267996,0.032901,9.896714
1755404223838,0.306281,-0.000598,9.896714
1755404223841,0.267996,-0.024526,9.860822
1755404223846,0.260818,-0.034098,9.836894
1755404223848,0.267996,-0.005384,9.961619
1755404223849,0.327817,0.013759,9.834501
1755404223851,0.227318,-0.034098,9.990334
1755404223854,0.282353,-0.010169,9.710074
1755404223855,0.263211,-0.041276,10.014262
1755404223858,0.337388,0.028116,9.801002
1755404223860,0.244068,-0.038883,9.987941
1755404223862,0.294317,-0.017348,9.793823
1755404223865,0.267996,-0.050847,9.934999
1755404223868,0.260818,0.008973,9.793823
1755404223870,0.287139,-0.041276,9.930214
1755404223872,0.291924,-0.007777,9.863214
1755404223874,0.267996,-0.002991,9.923036
1755404223877,0.275175,-0.012562,9.858429
1755404223879,0.318245,-0.031705,9.887143
1755404223882,0.272782,0.008973,9.899107
1755404223885,0.287139,0.011366,9.889536
1755404223886,0.299103,-0.034098,9.872787
1755404223888,0.308674,-0.026919,9.877572
1755404223891,0.289532,-0.036491,9.875179
1755404223893,0.303888,-0.007777,9.829716
1755404223898,0.284746,-0.026919,9.954441
1755404223899,0.301496,-0.010169,9.80818
1755404223901,0.284746,-0.050847,9.987941
1755404223903,0.308674,0.013759,9.803394
1755404223906,0.287139,-0.055633,9.947263
1755404223907,0.303888,-0.012562,9.827323
1755404223910,0.275175,-0.029312,9.911072
1755404223912,0.289532,-0.007777,9.875179
1755404223915,0.272782,-0.029312,9.868001
1755404223918,0.260818,-0.014955,9.887143
1755404223921,0.289532,-0.026919,9.856036
1755404223922,0.289532,-0.007777,9.906285
1755404223924,0.291924,-0.002991,9.887143
1755404223927,0.301496,-0.000598,9.865608
1755404223929,0.289532,-0.024526,9.91825
1755404223932,0.294317,-0.010169,9.834501
1755404223934,0.251246,-0.022134,9.896714
1755404223936,0.265603,-0.019741,9.860822
1755404223939,0.284746,-0.002991,9.887143
1755404223941,0.291924,-0.034098,9.920643
1755404223944,0.267996,-0.026919,9.848858
1755404223946,0.272782,-0.041276,9.896714
1755404223949,0.260818,-0.019741,9.903893
1755404223951,0.303888,-0.007777,9.896714
1755404223954,0.267996,-0.034098,9.903893
1755404223956,0.258425,-0.031705,9.872787
1755404223958,0.282353,-0.048455,9.877572
1755404223961,0.277567,-0.046062,9.887143
1755404223963,0.27996,-0.031705,9.891929
1755404223966,0.29671,-0.022134,9.882358
1755404223968,0.29671,-0.019741,9.872787
1755404223970,0.299103,-0.034098,9.887143
1755404223972,0.303888,-0.000598,9.882358
1755404223975,0.323031,-0.022134,9.863214
1755404223977,0.260818,-0.026919,9.863214
1755404223980,0.289532,-0.007777,9.858429
1755404223982,0.267996,-0.05324,9.899107
1755404223984,0.270389,-0.022134,9.9015
1755404223987,0.263211,-0.026919,9.863214
1755404223989,0.244068,-0.014955,9.889536
1755404223992,0.318245,-0.012562,9.868001
1755404223994,0.248854,-0.034098,9.882358
1755404223996,0.256032,-0.050847,9.889536
1755404223999,0.27996,-0.017348,9.879965
1755404224001,0.284746,-0.034098,9.875179
1755404224004,0.270389,-0.043669,9.894321
1755404224006,0.265603,-0.048455,9.906285
1755404224008,0.258425,-0.017348,9.903893
1755404224011,0.282353,-0.005384,9.858429
1755404224013,0.272782,-0.031705,9.88475
1755404224016,0.275175,-0.043669,9.889536
1755404224018,0.291924,-0.024526,9.875179
1755404224021,0.284746,-0.000598,9.88475
1755404224027,0.275175,-0.012562,9.875179
1755404224029,0.256032,-0.022134,9.875179
1755404224030,0.29671,-0.019741,9.879965
1755404224031,0.294317,-0.019741,9.903893
1755404224032,0.294317,-0.024526,9.882358
1755404224035,0.311067,-0.017348,9.870394
1755404224038,0.31346,0.001795,9.868001
1755404224040,0.31346,-0.019741,9.863214
1755404224043,0.282353,-0.038883,9.9015
1755404224044,0.265603,-0.012562,9.870394
1755404224047,0.291924,-0.036491,9.887143
1755404224050,0.282353,-0.022134,9.88475
1755404224051,0.253639,-0.048455,9.868001
1755404224055,0.253639,-0.031705,9.894321
1755404224057,0.270389,-0.022134,9.882358
1755404224059,0.301496,-0.034098,9.891929
1755404224061,0.315853,-0.014955,9.9015
1755404224064,0.275175,-0.031705,9.870394
1755404224066,0.29671,-0.029312,9.88475
1755404224068,0.267996,-0.046062,9.868001
1755404224072,0.27996,-0.038883,9.875179
1755404224075,0.241675,0.00658,9.899107
1755404224076,0.282353,-0.024526,9.891929
1755404224078,0.241675,-0.019741,9.913465
1755404224081,0.265603,-0.022134,9.868001
1755404224083,0.275175,-0.017348,9.882358
1755404224085,0.287139,-0.019741,9.858429
1755404224089,0.248854,-0.022134,9.887143
1755404224090,0.251246,-0.019741,9.870394
1755404224092,0.303888,-0.031705,9.872787
1755404224095,0.282353,-0.014955,9.870394
1755404224097,0.244068,-0.007777,9.882358
1755404224099,0.287139,0.004187,9.88475
1755404224102,0.282353,-0.022134,9.870394
1755404224104,0.241675,-0.043669,9.875179
1755404224107,0.267996,-0.024526,9.875179
1755404224109,0.284746,-0.026919,9.877572
1755404224111,0.265603,-0.017348,9.872787
1755404224114,0.272782,-0.034098,9.865608
1755404224116,0.301496,-0.024526,9.879965
1755404224119,0.27996,-0.041276,9.894321
1755404224121,0.251246,-0.029312,9.887143
1755404224124,0.270389,-0.026919,9.887143
1755404224126,0.289532,-0.012562,9.88475
1755404224128,0.284746,-0.012562,9.872787
1755404224130,0.299103,-0.005384,9.875179
1755404224133,0.301496,-0.029312,9.877572
1755404224135,0.277567,-0.005384,9.88475
1755404224138,0.289532,-0.014955,9.894321
1755404224140,0.277567,-0.029312,9.879965
1755404224143,0.277567,-0.029312,9.887143
1755404224145,0.306281,-0.019741,9.889536
1755404224147,0.287139,0.004187,9.863214
1755404224151,0.284746,-0.031705,9.870394
1755404224152,0.246461,-0.034098,9.887143
1755404224154,0.260818,-0.019741,9.856036
1755404224157,0.29671,0.001795,9.877572
1755404224159,0.272782,-0.029312,9.88475
1755404224162,0.260818,-0.034098,9.879965
1755404224164,0.265603,-0.038883,9.870394
1755404224166,0.277567,-0.029312,9.868001
1755404224169,0.282353,-0.019741,9.868001
1755404224171,0.270389,-0.014955,9.851251
1755404224174,0.301496,-0.019741,9.853643
1755404224176,0.299103,-0.019741,9.88475
1755404224178,0.282353,-0.036491,9.882358
1755404224181,0.287139,-0.031705,9.889536
1755404224184,0.270389,-0.019741,9.894321
1755404224185,0.287139,-0.017348,9.894321
1755404224188,0.284746,0.011366,9.88475
1755404224191,0.301496,0.001795,9.877572
1755404224193,0.299103,-0.007777,9.858429
1755404224196,0.299103,-0.019741,9.882358
1755404224197,0.306281,-0.034098,9.863214
1755404224200,0.256032,-0.026919,9.872787
1755404224202,0.258425,-0.026919,9.879965
1755404224205,0.272782,-0.041276,9.870394
1755404224208,0.248854,-0.007777,9.877572
1755404224210,0.251246,-0.034098,9.88475
1755404224213,0.263211,-0.024526,9.856036
1755404224214,0.270389,-0.024526,9.9015
1755404224217,0.270389,-0.005384,9.877572
1755404224219,0.275175,-0.034098,9.877572
1755404224221,0.270389,-0.034098,9.882358
1755404224225,0.258425,-0.002991,9.865608
1755404224226,0.253639,-0.024526,9.889536
1755404224229,0.301496,-0.041276,9.9015
1755404224231,0.294317,-0.041276,9.894321
1755404224234,0.282353,-0.014955,9.863214
1755404224236,0.282353,-0.022134,9.894321
1755404224238,0.267996,-0.017348,9.856036
1755404224242,0.291924,-0.005384,9.875179
1755404224246,0.311067,-0.022134,9.882358
1755404224247,0.308674,-0.005384,9.877572
1755404224248,0.284746,-0.026919,9.88475
1755404224251,0.270389,-0.026919,9.88475
1755404224253,0.275175,-0.031705,9.879965
1755404224255,0.294317,-0.026919,9.872787
1755404224259,0.272782,-0.041276,9.872787
1755404224261,0.29671,-0.041276,9.851251
1755404224262,0.299103,-0.019741,9.882358
1755404224265,0.272782,-0.022134,9.896714
1755404224267,0.301496,-0.002991,9.889536
1755404224269,0.263211,-0.005384,9.9015
1755404224272,0.29671,-0.002991,9.9015
1755404224276,0.275175,0.011366,9.875179
1755404224277,0.27996,-0.010169,9.879965
1755404224279,0.287139,-0.019741,9.887143
1755404224282,0.260818,-0.010169,9.882358
1755404224285,0.284746,-0.002991,9.88475
1755404224286,0.294317,-0.034098,9.875179
1755404224289,0.275175,-0.038883,9.891929
1755404224292,0.291924,-0.014955,9.875179
1755404224295,0.29671,0.001795,9.865608
1755404224296,0.29671,-0.036491,9.872787
1755404224298,0.299103,-0.038883,9.879965
1755404224301,0.301496,-0.010169,9.879965
1755404224303,0.294317,-0.029312,9.906285
1755404224306,0.260818,-0.041276,9.879965
1755404224308,0.27996,-0.014955,9.896714
1755404224310,0.265603,-0.036491,9.882358
1755404224313,0.267996,-0.012562,9.887143
1755404224315,0.272782,-0.007777,9.865608
1755404224318,0.275175,-0.019741,9.879965
1755404224320,0.282353,-0.036491,9.877572
1755404224322,0.272782,-0.007777,9.870394
1755404224324,0.265603,0.004187,9.877572
1755404224327,0.275175,-0.024526,9.868001
1755404224329,0.303888,-0.031705,9.875179
1755404224332,0.272782,-0.031705,9.875179
1755404224334,0.270389,-0.012562,9.863214
1755404224336,0.299103,-0.005384,9.870394
1755404224339,0.277567,-0.058026,9.877572
1755404224342,0.267996,-0.024526,9.88475
1755404224344,0.253639,-0.012562,9.887143
1755404224350,0.275175,-0.041276,9.879965
1755404224351,0.282353,-0.024526,9.891929
1755404224352,0.275175,-0.005384,9.894321
1755404224353,0.277567,-0.014955,9.887143
1755404224356,0.267996,-0.010169,9.877572
1755404224358,0.256032,-0.048455,9.872787
