1755403308281,0.301496,-0.031705,9.889536
1755403308283,0.272782,-0.024526,9.88475
1755403308284,0.270389,-0.014955,9.894321
1755403308285,0.282353,-0.022134,9.875179
1755403308286,0.291924,-0.024526,9.877572
1755403308287,0.289532,-0.038883,9.9015
1755403308288,0.29671,-0.010169,9.865608
1755403308288,0.267996,0.001795,9.870394
1755403308289,0.241675,-0.017348,9.887143
1755403308290,0.301496,0.004187,9.856036
1755403308291,0.282353,-0.010169,9.903893
1755403308292,0.275175,-0.022134,9.896714
1755403308292,0.282353,-0.031705,9.870394
1755403308293,0.287139,-0.022134,9.920643
1755403308296,0.31346,-0.010169,9.908679
1755403308296,0.272782,0.001795,9.875179
1755403308297,0.263211,-0.043669,9.860822
1755403308297,0.253639,-0.046062,9.865608
1755403308297,0.272782,-0.019741,9.896714
1755403308298,0.248854,-0.024526,9.877572
1755403308298,0.275175,-0.026919,9.868001
1755403308298,0.27996,-0.043669,9.877572
1755403308299,0.275175,-0.010169,9.879965
1755403308299,0.251246,0.013759,9.870394
1755403308300,0.306281,0.013759,9.887143
1755403308300,0.289532,-0.010169,9.887143
1755403308300,0.277567,-0.014955,9.911072
1755403308301,0.284746,-0.026919,9.865608
1755403308301,0.267996,-0.029312,9.9015
1755403308301,0.251246,-0.036491,9.899107
1755403308302,0.301496,-0.024526,9.875179
1755403308302,0.318245,-0.036491,9.879965
1755403308303,0.289532,-0.036491,9.872787
1755403308303,0.275175,-0.010169,9.879965
1755403308303,0.27996,-0.029312,9.875179
1755403308304,0.299103,-0.017348,9.872787
1755403308304,0.284746,-0.038883,9.88475
1755403308304,0.253639,-0.029312,9.882358
1755403308305,0.263211,-0.014955,9.891929
1755403308305,0.287139,-0.017348,9.887143
1755403308305,0.272782,-0.007777,9.870394
1755403308306,0.275175,0.004187,9.872787
1755403308306,0.282353,-0.010169,9.879965
1755403308306,0.267996,-0.024526,9.889536
1755403308307,0.248854,-0.041276,9.870394
1755403308310,0.236889,0.001795,9.875179
1755403308312,0.263211,-0.029312,9.875179
1755403308314,0.265603,-0.005384,9.891929
1755403308316,0.282353,-0.019741,9.856036
1755403308319,0.272782,-0.022134,9.896714
1755403308321,0.27996,-0.034098,9.887143
1755403308323,0.287139,-0.000598,9.891929
1755403308325,0.287139,0.00658,9.899107
1755403308328,0.306281,0.001795,9.913465
1755403308330,0.27996,-0.036491,9.877572
1755403308333,0.270389,-0.014955,9.887143
1755403308335,0.277567,-0.022134,9.889536
1755403308338,0.308674,0.00658,9.906285
1755403308340,0.29671,-0.019741,9.9015
1755403308343,0.299103,0.004187,9.872787
1755403308345,0.299103,-0.010169,9.851251
1755403308347,0.294317,0.016152,9.860822
1755403308350,0.318245,-0.031705,9.879965
1755403308353,0.318245,-0.024526,9.879965
1755403308355,0.294317,-0.000598,9.872787
1755403308356,0.291924,-0.017348,9.88475
1755403308359,0.277567,-0.010169,9.868001
1755403308361,0.284746,-0.024526,9.839287
1755403308364,0.289532,-0.036491,9.872787
1755403308367,0.284746,-0.007777,9.879965
1755403308369,0.267996,-0.041276,9.870394
1755403308371,0.303888,-0.026919,9.877572
1755403308373,0.318245,-0.019741,9.9015
1755403308376,0.284746,-0.026919,9.870394
1755403308378,0.282353,-0.060419,9.858429
1755403308381,0.267996,-0.043669,9.887143
1755403308383,0.253639,-0.036491,9.889536
1755403308385,0.27996,-0.005384,9.870394
1755403308388,0.241675,-0.017348,9.894321
1755403308390,0.272782,-0.010169,9.894321
1755403308393,0.27996,-0.029312,9.887143
1755403308395,0.275175,-0.036491,9.865608
1755403308397,0.287139,-0.043669,9.856036
1755403308399,0.263211,-0.034098,9.906285
1755403308402,0.248854,-0.031705,9.899107
1755403308405,0.289532,-0.014955,9.903893
1755403308407,0.294317,-0.026919,9.870394
1755403308409,0.303888,-0.007777,9.875179
1755403308412,0.291924,-0.014955,9.899107
1755403308414,0.29671,-0.026919,9.868001
1755403308417,0.258425,-0.014955,9.872787
1755403308420,0.287139,-0.034098,9.882358
1755403308427,0.275175,-0.014955,9.865608
1755403308428,0.282353,0.032901,9.879965
1755403308429,0.29671,-0.012562,9.889536
1755403308429,0.29671,-0.038883,9.891929
1755403308431,0.267996,-0.034098,9.894321
1755403308434,0.289532,-0.024526,9.896714
1755403308437,0.267996,-0.024526,9.879965
1755403308439,0.253639,-0.022134,9.889536
1755403308440,0.277567,-0.022134,9.875179
1755403308443,0.260818,-0.014955,9.889536
1755403308446,0.265603,-0.024526,9.882358
1755403308448,0.27996,-0.034098,9.887143
1755403308450,0.291924,-0.024526,9.872787
1755403308454,0.284746,-0.000598,9.863214
1755403308456,0.236889,0.001795,9.887143
1755403308457,0.260818,-0.036491,9.88475
1755403308460,0.299103,-0.043669,9.879965
1755403308462,0.241675,-0.022134,9.887143
1755403308465,0.265603,-0.002991,9.870394
1755403308467,0.284746,0.001795,9.889536
1755403308469,0.248854,-0.019741,9.896714
1755403308472,0.29671,-0.019741,9.870394
1755403308474,0.291924,-0.038883,9.882358
1755403308476,0.299103,-0.029312,9.879965
1755403308479,0.275175,0.011366,9.896714
1755403308481,0.289532,-0.031705,9.887143
1755403308483,0.303888,-0.036491,9.889536
1755403308487,0.272782,-0.038883,9.879965
1755403308489,0.284746,-0.014955,9.882358
1755403308491,0.275175,-0.019741,9.865608
1755403308493,0.270389,-0.041276,9.879965
1755403308496,0.267996,-0.005384,9.891929
1755403308498,0.267996,-0.017348,9.889536
1755403308501,0.27996,-0.036491,9.894321
1755403308504,0.282353,-0.024526,9.875179
1755403308505,0.260818,-0.029312,9.856036
1755403308507,0.27996,-0.043669,9.875179
1755403308510,0.251246,-0.046062,9.891929
1755403308513,0.248854,-0.022134,9.899107
1755403308515,0.258425,-0.005384,9.899107
1755403308517,0.246461,-0.014955,9.882358
1755403308522,0.236889,-0.034098,9.858429
1755403308524,0.263211,-0.041276,9.88475
1755403308524,0.277567,-0.005384,9.870394
1755403308527,0.277567,-0.007777,9.872787
1755403308529,0.272782,-0.017348,9.889536
1755403308531,0.282353,-0.048455,9.891929
1755403308534,0.294317,-0.038883,9.887143
1755403308538,0.267996,-0.041276,9.870394
1755403308539,0.275175,-0.031705,9.882358
1755403308541,0.267996,-0.05324,9.877572
1755403308544,0.277567,-0.050847,9.877572
1755403308546,0.308674,-0.019741,9.891929
1755403308548,0.294317,-0.026919,9.887143
1755403308551,0.287139,-0.010169,9.872787
1755403308555,0.282353,-0.017348,9.868001
1755403308556,0.275175,-0.000598,9.846465
1755403308558,0.272782,-0.022134,9.865608
1755403308560,0.272782,-0.029312,9.853643
1755403308563,0.251246,-0.019741,9.899107
1755403308565,0.258425,-0.041276,9.896714
1755403308568,0.29671,-0.002991,9.872787
1755403308570,0.282353,-0.019741,9.872787
1755403308573,0.29671,-0.026919,9.882358
1755403308575,0.275175,-0.046062,9.887143
1755403308577,0.272782,-0.017348,9.868001
1755403308579,0.277567,-0.007777,9.908679
1755403308582,0.260818,-0.007777,9.896714
1755403308584,0.303888,-0.010169,9.868001
1755403308587,0.29671,-0.041276,9.875179
1755403308590,0.318245,-0.022134,9.894321
1755403308592,0.29671,-0.031705,9.88475
1755403308594,0.303888,-0.010169,9.863214
1755403308597,0.270389,-0.014955,9.887143
1755403308599,0.263211,-0.024526,9.9015
1755403308601,0.275175,-0.034098,9.882358
1755403308603,0.256032,-0.029312,9.889536
1755403308606,0.27996,-0.010169,9.887143
1755403308608,0.263211,0.011366,9.896714
1755403308611,0.294317,-0.014955,9.899107
1755403308613,0.323031,-0.024526,9.875179
1755403308615,0.265603,-0.026919,9.891929
1755403308618,0.258425,-0.010169,9.887143
1755403308620,0.263211,-0.019741,9.877572
1755403308623,0.308674,-0.000598,9.88475
1755403308625,0.275175,-0.005384,9.870394
1755403308627,0.291924,-0.019741,9.870394
1755403308630,0.289532,-0.041276,9.879965
1755403308632,0.289532,-0.022134,9.877572
1755403308634,0.291924,-0.014955,9.894321
1755403308637,0.244068,0.001795,9.887143
1755403308640,0.291924,-0.010169,9.88475
1755403308643,0.272782,-0.019741,9.889536
1755403308644,0.282353,-0.026919,9.882358
1755403308647,0.275175,-0.041276,9.913465
1755403308649,0.284746,-0.074776,9.88475
1755403308651,0.291924,-0.034098,9.848858
1755403308654,0.299103,-0.005384,9.887143
1755403308657,0.263211,-0.022134,9.875179
1755403308659,0.239282,-0.002991,9.868001
1755403308661,0.275175,0.028116,9.870394
1755403308663,0.263211,-0.029312,9.879965
1755403308666,0.284746,-0.043669,9.865608
1755403308668,0.265603,-0.012562,9.882358
1755403308670,0.27996,0.008973,9.865608
1755403308673,0.258425,0.001795,9.889536
1755403308675,0.263211,0.004187,9.891929
1755403308678,0.282353,0.004187,9.882358
1755403308680,0.303888,-0.017348,9.906285
1755403308682,0.308674,-0.031705,9.887143
1755403308685,0.287139,-0.029312,9.872787
1755403308687,0.289532,-0.007777,9.868001
1755403308691,0.275175,-0.034098,9.877572
1755403308693,0.260818,-0.038883,9.877572
1755403308695,0.277567,-0.007777,9.887143
1755403308697,0.263211,-0.019741,9.887143
1755403308699,0.229711,-0.022134,9.860822
1755403308702,0.291924,-0.000598,9.872787
1755403308704,0.282353,-0.017348,9.882358
1755403308708,0.272782,-0.036491,9.863214
1755403308711,0.270389,-0.017348,9.879965
1755403308712,0.291924,-0.036491,9.882358
1755403308714,0.306281,-0.034098,9.865608
1755403308716,0.303888,-0.029312,9.894321
1755403308719,0.318245,-0.029312,9.879965
1755403308721,0.272782,-0.026919,9.875179
1755403308725,0.229711,-0.029312,9.875179
1755403308726,0.270389,-0.017348,9.865608
1755403308728,0.260818,-0.046062,9.88475
1755403308731,0.267996,-0.007777,9.9015
1755403308733,0.29671,0.02333,9.879965
1755403308735,0.27996,0.001795,9.870394
1755403308738,0.275175,-0.017348,9.889536
1755403308741,0.282353,-0.005384,9.889536
1755403308743,0.263211,-0.062812,9.872787
1755403308745,0.260818,-0.038883,9.88475
1755403308747,0.275175,0.00658,9.875179
1755403308750,0.299103,-0.026919,9.863214
1755403308753,0.299103,-0.007777,9.875179
1755403308754,0.282353,-0.024526,9.882358
1755403308759,0.29671,-0.017348,9.875179
1755403308761,0.277567,-0.012562,9.894321
1755403308762,0.289532,-0.026919,9.875179
1755403308764,0.272782,-0.010169,9.9015
1755403308766,0.272782,-0.014955,9.887143
1755403308769,0.291924,-0.031705,9.872787
1755403308771,0.260818,-0.005384,9.906285
1755403308774,0.299103,-0.034098,9.865608
1755403308779,0.311067,-0.022134,9.894321
1755403308781,0.287139,-0.010169,9.868001
1755403308781,0.258425,-0.014955,9.891929
1755403308783,0.289532,-0.029312,9.891929
1755403308785,0.275175,-0.024526,9.887143
1755403308788,0.291924,0.00658,9.882358
1755403308791,0.267996,-0.010169,9.877572
1755403308795,0.275175,-0.038883,9.903893
1755403308796,0.299103,-0.007777,9.903893
1755403308798,0.291924,0.001795,9.882358
1755403308801,0.282353,-0.034098,9.879965
1755403308802,0.272782,-0.022134,9.889536
1755403308805,0.301496,-0.000598,9.872787
1755403308807,0.284746,-0.046062,9.870394
1755403308810,0.29671,-0.031705,9.872787
1755403308812,0.308674,-0.014955,9.903893
1755403308814,0.275175,-0.010169,9.9015
1755403308817,0.294317,-0.034098,9.851251
1755403308819,0.299103,-0.043669,9.887143
1755403308822,0.284746,-0.014955,9.899107
1755403308824,0.263211,-0.010169,9.9015
1755403308827,0.256032,-0.034098,9.872787
1755403308829,0.272782,-0.022134,9.848858
1755403308831,0.323031,-0.022134,9.889536
1755403308833,0.248854,-0.014955,9.875179
1755403308836,0.275175,-0.005384,9.875179
1755403308838,0.265603,-0.017348,9.889536
1755403308841,0.260818,-0.043669,9.887143
1755403308845,0.289532,-0.034098,9.879965
1755403308847,0.301496,-0.055633,9.872787
1755403308848,0.289532,-0.038883,9.868001
1755403308851,0.270389,-0.048455,9.879965
1755403308853,0.29671,0.008973,9.9015
1755403308855,0.289532,-0.019741,9.908679
1755403308857,0.289532,-0.026919,9.875179
1755403308861,0.270389,-0.024526,9.865608
1755403308862,0.282353,-0.017348,9.896714
1755403308865,0.272782,0.001795,9.865608
1755403308867,0.303888,-0.017348,9.879965
1755403308869,0.256032,-0.014955,9.891929
1755403308872,0.284746,-0.017348,9.870394
1755403308874,0.265603,-0.036491,9.853643
1755403308878,0.260818,-0.062812,9.868001
1755403308880,0.272782,-0.031705,9.875179
1755403308883,0.246461,-0.026919,9.877572
1755403308884,0.265603,-0.043669,9.896714
1755403308887,0.217747,-0.034098,9.896714
1755403308889,0.236889,-0.012562,9.887143
1755403308891,0.275175,-0.000598,9.875179
1755403308894,0.265603,-0.017348,9.865608
1755403308896,0.256032,-0.029312,9.88475
1755403308899,0.289532,-0.007777,9.877572
1755403308900,0.287139,-0.022134,9.879965
1755403308903,0.301496,-0.029312,9.896714
1755403308906,0.294317,-0.05324,9.872787
1755403308908,0.284746,-0.031705,9.9015
1755403308911,0.287139,0.001795,9.889536
1755403308913,0.284746,-0.026919,9.889536
1755403308915,0.294317,-0.024526,9.891929
1755403308917,0.282353,-0.034098,9.889536
1755403308920,0.277567,-0.026919,9.887143
1755403308923,0.275175,-0.024526,9.887143
1755403308925,0.299103,0.004187,9.894321
1755403308927,0.27996,-0.017348,9.887143
1755403308930,0.299103,-0.036491,9.870394
1755403308932,0.272782,-0.026919,9.899107
1755403308934,0.258425,-0.034098,9.879965
1755403308936,0.272782,-0.031705,9.875179
1755403308939,0.277567,-0.029312,9.868001
1755403308942,0.267996,-0.036491,9.875179
1755403308944,0.272782,-0.036491,9.879965
1755403308946,0.282353,-0.026919,9.863214
1755403308949,0.282353,-0.038883,9.868001
1755403308951,0.289532,-0.005384,9.865608
1755403308953,0.272782,0.008973,9.877572
1755403308957,0.272782,-0.022134,9.879965
1755403308958,0.282353,-0.046062,9.865608
1755403308960,0.299103,-0.022134,9.879965
1755403308963,0.27996,-0.046062,9.889536
1755403308965,0.282353,-0.017348,9.875179
1755403308968,0.265603,-0.017348,9.863214
1755403308970,0.284746,-0.026919,9.836894
1755403308972,0.272782,-0.014955,9.887143
1755403308975,0.29671,0.004187,9.875179
1755403308977,0.289532,-0.014955,9.875179
1755403308980,0.299103,-0.005384,9.894321
1755403308982,0.294317,-0.017348,9.899107
1755403308984,0.275175,-0.005384,9.870394
1755403308987,0.282353,-0.036491,9.889536
1755403308989,0.294317,-0.002991,9.879965
1755403308992,0.287139,-0.012562,9.968799
1755403308994,0.251246,0.047258,9.920643
1755403308997,0.287139,-0.048455,9.805787
1755403308999,0.267996,-0.14656,9.702896
1755403309001,0.29671,-0.065204,10.057333
1755403309004,0.289532,0.140578,9.971191
1755403309006,0.284746,0.042473,9.789038
1755403309008,0.267996,-0.278465,9.74836
1755403309011,0.327817,-0.091525,9.894321
1755403309014,0.260818,0.181256,10.105189
1755403309016,0.272782,0.037687,9.750752
1755403309018,0.287139,-0.235095,9.705289
1755403309021,0.270389,-0.000598,10.093225
1755403309023,0.248854,0.221934,9.91825
1755403309025,0.267996,-0.058026,9.781859
1755403309027,0.299103,-0.192024,9.913465
1755403309031,0.323031,0.020937,9.856036
1755403309032,0.253639,0.052044,9.896714
1755403309035,0.287139,-0.079561,9.911072
1755403309037,0.294317,-0.046062,9.836894
1755403309039,0.229711,-0.014955,9.923036
1755403309043,0.291924,0.004187,9.810573
1755403309045,0.318245,-0.038883,9.846465
1755403309049,0.234497,-0.041276,9.961619
1755403309050,0.272782,0.001795,9.853643
1755403309052,0.282353,-0.058026,9.875179
1755403309054,0.282353,-0.034098,9.908679
1755403309056,0.270389,-0.034098,9.915857
1755403309059,0.232104,-0.010169,9.860822
1755403309061,0.236889,-0.010169,9.84168
1755403309065,0.318245,-0.038883,9.887143
1755403309066,0.303888,0.018544,9.949656
1755403309069,0.258425,-0.010169,9.923036
1755403309071,0.282353,-0.072383,9.810573
1755403309073,0.260818,-0.067597,9.832108
1755403309076,0.267996,-0.010169,9.868001
1755403309078,0.272782,0.011366,10.03819
1755403309080,0.306281,0.018544,9.817751
1755403309083,0.270389,-0.065204,9.777073
1755403309085,0.272782,-0.060419,9.934999
1755403309088,0.303888,-0.000598,9.944571
1755403309090,0.248854,0.035294,9.942178
1755403309093,0.308674,-0.043669,9.745967
1755403309094,0.27996,-0.041276,9.990334
1755403309097,0.301496,0.032901,9.868001
1755403309100,0.248854,0.049651,9.9015
1755403309102,0.277567,-0.017348,9.920643
1755403309105,0.289532,-0.067597,9.722038
1755403309107,0.256032,-0.074776,9.932607
1755403309109,0.301496,-0.019741,9.762716
1755403309111,0.270389,0.013759,10.021441
1755403309114,0.27996,0.054437,9.879965
1755403309118,0.236889,0.032901,9.927821
1755403309119,0.246461,-0.026919,9.868001
1755403309121,0.287139,-0.10349,9.741181
1755403309123,0.246461,-0.06999,9.88475
1755403309126,0.327817,0.037687,9.870394
1755403309128,0.303888,0.052044,10.028619
1755403309130,0.303888,-0.024526,9.844072
1755403309134,0.282353,-0.098704,9.789038
1755403309136,0.267996,-0.012562,9.944571
1755403309138,0.251246,0.047258,9.915857
1755403309140,0.301496,-0.012562,9.894321
1755403309143,0.27996,-0.093918,9.82493
1755403309145,0.320638,-0.074776,9.834501
1755403309147,0.244068,0.032901,9.964012
1755403309150,0.275175,0.042473,9.844072
1755403309152,0.291924,-0.036491,9.834501
1755403309155,0.272782,-0.058026,9.882358
1755403309157,0.315853,0.008973,9.865608
1755403309160,0.29671,0.008973,9.923036
1755403309162,0.299103,-0.046062,9.913465
1755403309164,0.27996,-0.048455,9.894321
1755403309167,0.253639,-0.014955,9.891929
1755403309169,0.275175,0.02333,9.865608
1755403309171,0.287139,-0.031705,9.899107
1755403309174,0.287139,-0.014955,9.920643
1755403309177,0.306281,0.013759,9.887143
1755403309179,0.275175,-0.024526,9.822537
1755403309181,0.294317,-0.012562,9.9015
1755403309184,0.260818,-0.005384,9.858429
1755403309186,0.272782,0.004187,9.913465
1755403309188,0.251246,0.008973,9.870394
1755403309191,0.260818,-0.036491,9.779466
1755403309193,0.282353,-0.014955,9.932607
1755403309195,0.256032,0.011366,9.877572
1755403309197,0.241675,0.001795,9.923036
1755403309201,0.270389,-0.014955,9.836894
1755403309203,0.267996,-0.077169,9.695718
1755403309205,0.291924,-0.05324,9.954441
1755403309208,0.320638,0.047258,9.934999
1755403309210,0.282353,0.04008,9.992726
1755403309212,0.267996,-0.024526,9.863214
1755403309214,0.27996,-0.077169,9.815358
1755403309218,0.272782,-0.06999,9.906285
1755403309220,0.299103,-0.029312,9.736395
1755403309222,0.234497,-0.058026,9.985548
1755403309224,0.29671,0.02333,9.750752
1755403309227,0.236889,-0.019741,9.968799
1755403309229,0.332602,0.016152,9.868001
1755403309231,0.287139,0.030508,9.990334
1755403309235,0.277567,0.008973,9.891929
1755403309236,0.275175,-0.026919,9.870394
1755403309239,0.29671,-0.067597,9.858429
1755403309241,0.277567,-0.058026,9.786645
1755403309244,0.263211,-0.050847,9.915857
1755403309245,0.306281,-0.014955,9.786645
1755403309249,0.265603,0.013759,9.975977
1755403309252,0.284746,0.035294,9.896714
1755403309254,0.256032,0.047258,9.971191
1755403309255,0.284746,-0.012562,9.889536
1755403309258,0.299103,-0.024526,9.82493
1755403309260,0.301496,-0.05324,9.872787
1755403309263,0.332602,-0.031705,9.803394
1755403309265,0.287139,-0.048455,9.908679
1755403309267,0.301496,-0.000598,9.82493
1755403309271,0.315853,0.016152,10.007083
1755403309273,0.241675,0.020937,9.908679
1755403309275,0.294317,-0.060419,9.750752
1755403309277,0.265603,-0.072383,9.875179
1755403309279,0.263211,0.011366,9.91825
1755403309281,0.258425,0.025723,9.975977
1755403309284,0.260818,-0.022134,9.846465
1755403309286,0.306281,-0.08674,9.84168
1755403309289,0.287139,-0.077169,10.002297
1755403309291,0.323031,0.025723,9.896714
1755403309294,0.323031,-0.007777,9.839287
1755403309296,0.291924,-0.029312,9.865608
1755403309298,0.334995,-0.048455,9.949656
1755403309301,0.289532,-0.019741,9.9015
1755403309304,0.375673,-0.065204,9.952048
1755403309306,0.375673,-0.079561,9.968799
1755403309308,0.366102,-0.038883,9.915857
1755403309310,0.272782,0.00658,9.863214
1755403309312,0.370888,-0.058026,10.07169
1755403309315,0.258425,0.016152,9.939785
1755403309317,0.251246,0.030508,9.887143
1755403309320,0.284746,-0.046062,9.801002
1755403309324,0.128913,0.011366,9.635897
1755403309326,0.294317,-0.022134,9.815358
1755403309327,0.344566,-0.012562,10.023833
1755403309330,0.258425,-0.031705,9.846465
1755403309332,0.318245,-0.022134,9.915857
1755403309334,0.315853,-0.012562,9.975977
1755403309336,0.332602,-0.062812,9.968799
1755403309339,0.287139,-0.055633,9.836894
1755403309342,0.346959,-0.046062,10.059726
1755403309344,0.208176,0.042473,9.734002
1755403309346,0.241675,-0.005384,9.84168
1755403309348,0.308674,-0.024526,9.954441
1755403309351,0.263211,-0.036491,9.863214
1755403309353,0.294317,-0.029312,9.913465
1755403309356,0.267996,0.001795,9.870394
1755403309358,0.260818,-0.046062,9.801002
1755403309360,0.205783,-0.007777,9.801002
1755403309363,0.239282,0.004187,9.750752
1755403309366,0.306281,-0.029312,9.896714
1755403309368,0.174377,0.025723,9.817751
1755403309371,0.306281,-0.017348,9.939785
1755403309373,0.306281,-0.014955,9.915857
1755403309375,0.31346,-0.026919,9.91825
1755403309378,0.318245,0.004187,9.858429
1755403309380,0.291924,-0.055633,9.913465
1755403309382,0.27996,0.013759,9.973584
1755403309384,0.308674,-0.012562,9.700503
1755403309387,0.236889,-0.084347,10.052547
1755403309389,0.354138,0.05683,9.695718
1755403309392,0.217747,-0.105882,10.021441
1755403309395,0.358923,0.044865,9.851251
1755403309396,0.27996,-0.034098,9.753145
1755403309399,0.246461,-0.060419,10.040583
1755403309401,0.380459,0.073579,9.736395
1755403309404,0.234497,-0.08674,10.040583
1755403309406,0.334995,0.02333,9.834501
1755403309408,0.284746,-0.050847,9.805787
1755403309411,0.227318,-0.046062,10.021441
1755403309413,0.33021,0.028116,9.705289
1755403309416,0.229711,-0.084347,10.083653
1755403309418,0.366102,0.052044,9.74836
1755403309422,0.246461,-0.081954,9.899107
1755403309424,0.275175,0.04008,9.947263
1755403309425,0.301496,-0.014955,9.743574
1755403309428,0.20339,-0.067597,10.117153
1755403309430,0.337388,0.037687,9.678967
1755403309432,0.167198,-0.072383,10.066904
1755403309435,0.327817,0.052044,9.722038
1755403309439,0.289532,-0.08674,9.942178
1755403309440,0.287139,0.001795,9.851251
1755403309443,0.27996,-0.036491,9.822537
1755403309445,0.241675,-0.029312,10.011869
1755403309447,0.334995,-0.017348,9.757931
1755403309449,0.236889,-0.046062,10.045368
1755403309452,0.366102,0.025723,9.688539
1755403309455,0.186341,-0.043669,10.100404
1755403309457,0.344566,0.025723,9.678967
1755403309459,0.19352,-0.060419,10.088439
1755403309461,0.349352,0.020937,9.698111
1755403309463,0.227318,-0.089133,10.064511
1755403309466,0.366102,0.001795,9.68136
1755403309468,0.215354,-0.081954,10.03819
1755403309471,0.318245,-0.024526,9.705289
1755403309473,0.224925,-0.036491,10.059726
1755403309476,0.306281,0.011366,9.750752
1755403309478,0.256032,-0.010169,10.007083
1755403309480,0.320638,-0.000598,9.860822
1755403309483,0.227318,0.011366,10.011869
1755403309485,0.258425,-0.012562,9.829716
1755403309487,0.29671,-0.046062,9.822537
1755403309490,0.260818,-0.060419,9.868001
1755403309493,0.289532,-0.08674,9.786645
1755403309495,0.256032,-0.012562,9.975977
1755403309497,0.29671,0.04008,9.939785
1755403309499,0.277567,0.025723,9.961619
1755403309502,0.258425,-0.060419,9.784252
1755403309504,0.29671,-0.105882,9.743574
1755403309507,0.270389,-0.048455,9.908679
1755403309509,0.303888,0.05683,9.997512
1755403309511,0.263211,0.078365,9.952048
1755403309514,0.248854,-0.072383,9.789038
1755403309516,0.291924,-0.168096,9.741181
1755403309519,0.282353,-0.005384,10.016655
1755403309521,0.29671,0.123829,9.97837
1755403309524,0.289532,0.011366,9.805787
1755403309526,0.272782,-0.201595,9.760324
1755403309529,0.311067,-0.038883,9.942178
1755403309531,0.282353,0.128614,9.980762
1755403309533,0.253639,0.02333,9.796216
1755403309535,0.315853,-0.201595,9.77468
1755403309538,0.315853,-0.043669,10.052547
1755403309540,0.263211,0.174078,9.868001
1755403309543,0.248854,-0.060419,9.769895
1755403309545,0.327817,-0.170489,10.007083
1755403309547,0.277567,0.071186,9.908679
1755403309550,0.224925,0.052044,9.777073
1755403309552,0.277567,-0.136989,9.891929
1755403309554,0.346959,-0.034098,9.927821
1755403309557,0.256032,0.087936,9.836894
1755403309561,0.256032,-0.048455,9.810573
1755403309563,0.332602,-0.098704,9.91825
1755403309565,0.272782,0.059222,9.952048
1755403309567,0.210568,-0.000598,9.74836
1755403309569,0.303888,-0.144168,9.891929
1755403309571,0.289532,-0.005384,9.980762
1755403309575,0.248854,0.042473,9.80818
1755403309576,0.287139,-0.084347,9.858429
1755403309580,0.287139,-0.026919,9.973584
1755403309581,0.246461,0.066401,9.82493
1755403309583,0.244068,-0.041276,9.839287
1755403309586,0.323031,-0.036491,9.971191
1755403309588,0.248854,0.013759,9.757931
1755403309591,0.232104,-0.058026,9.930214
1755403309593,0.311067,0.018544,10.002297
1755403309595,0.291924,0.018544,9.736395
1755403309598,0.229711,-0.10349,9.88475
1755403309600,0.351745,0.016152,10.011869
1755403309602,0.275175,0.059222,9.753145
1755403309605,0.234497,-0.098704,9.860822
1755403309609,0.325424,-0.041276,10.021441
1755403309612,0.282353,0.054437,9.738789
1755403309614,0.205783,-0.065204,9.908679
1755403309615,0.337388,-0.000598,10.014262
1755403309617,0.294317,0.083151,9.74836
1755403309619,0.198604,-0.089133,9.863214
1755403309622,0.346959,-0.024526,9.961619
1755403309625,0.267996,0.044865,9.803394
1755403309627,0.210568,-0.060419,9.80818
1755403309630,0.31346,-0.065204,10.009477
1755403309631,0.299103,0.054437,9.829716
1755403309634,0.188734,-0.046062,9.827323
1755403309636,0.323031,-0.081954,9.961619
1755403309638,0.323031,0.025723,9.84168
1755403309641,0.22014,-0.043669,9.834501
1755403309644,0.311067,-0.041276,9.949656
1755403309647,0.375673,0.068794,9.827323
1755403309648,0.198604,-0.048455,9.887143
1755403309650,0.253639,-0.055633,9.949656
1755403309653,0.327817,0.035294,9.772287
1755403309656,0.208176,-0.062812,9.91825
1755403309657,0.308674,-0.048455,9.952048
1755403309660,0.339781,0.00658,9.741181
1755403309664,0.217747,-0.031705,9.889536
1755403309665,0.344566,0.008973,10.009477
1755403309667,0.31346,-0.012562,9.717253
1755403309669,0.217747,-0.05324,9.934999
1755403309672,0.311067,-0.002991,9.97837
1755403309674,0.291924,0.025723,9.796216
1755403309677,0.227318,-0.058026,9.966406
1755403309679,0.354138,0.001795,9.834501
1755403309682,0.251246,-0.067597,9.887143
1755403309684,0.258425,-0.014955,9.934999
1755403309686,0.311067,0.02333,9.805787
1755403309689,0.200997,-0.058026,9.865608
1755403309691,0.301496,-0.041276,9.975977
1755403309694,0.306281,0.064008,9.798609
1755403309697,0.222533,-0.041276,9.9015
1755403309698,0.354138,-0.014955,9.968799
1755403309701,0.267996,0.02333,9.786645
1755403309703,0.224925,-0.065204,9.899107
1755403309706,0.399601,0.018544,9.949656
1755403309708,0.267996,0.054437,9.817751
1755403309710,0.239282,-0.074776,9.894321
1755403309713,0.356531,-0.012562,9.903893
1755403309715,0.270389,0.020937,9.836894
1755403309718,0.20339,-0.089133,9.911072
1755403309720,0.39003,-0.002991,9.906285
1755403309723,0.246461,0.042473,9.82493
1755403309725,0.241675,-0.105882,9.913465
1755403309728,0.378066,-0.014955,9.923036
1755403309730,0.244068,0.020937,9.801002
1755403309732,0.186341,-0.081954,9.887143
1755403309735,0.361316,-0.010169,9.954441
1755403309737,0.265603,0.032901,9.868001
1755403309739,0.232104,-0.08674,9.853643
1755403309742,0.387637,-0.050847,9.973584
1755403309744,0.265603,0.037687,9.860822
1755403309747,0.239282,-0.084347,9.789038
1755403309748,0.363709,-0.06999,10.002297
1755403309751,0.282353,0.054437,9.896714
1755403309753,0.215354,-0.043669,9.789038
1755403309756,0.303888,-0.096311,9.971191
1755403309758,0.29671,0.042473,9.954441
1755403309761,0.227318,0.025723,9.779466
1755403309763,0.284746,-0.08674,9.870394
1755403309765,0.320638,-0.000598,9.992726
1755403309768,0.244068,0.097508,9.789038
1755403309770,0.232104,-0.058026,9.822537
1755403309773,0.31346,-0.084347,9.985548
1755403309775,0.308674,0.04008,9.889536
1755403309780,0.246461,0.018544,9.820144
1755403309782,0.27996,-0.117847,9.856036
1755403309784,0.325424,-0.091525,9.942178
1755403309785,0.272782,0.092722,9.995119
1755403309787,0.239282,0.020937,9.812965
1755403309789,0.311067,-0.153739,9.71486
1755403309792,0.282353,-0.101097,10.021441
1755403309796,0.311067,0.166899,9.964012
1755403309798,0.241675,0.047258,9.812965
1755403309800,0.260818,-0.189631,9.743574
1755403309802,0.291924,-0.139382,9.781859
1755403309804,0.253639,0.1334,10.100404
1755403309806,0.272782,0.109472,9.959227
1755403309809,0.263211,-0.096311,9.812965
1755403309811,0.294317,-0.160917,9.796216
1755403309814,0.315853,-0.038883,9.79143
1755403309816,0.284746,0.054437,10.016655
1755403309819,0.265603,0.042473,9.973584
1755403309821,0.229711,0.016152,9.944571
1755403309823,0.275175,-0.074776,9.817751
1755403309825,0.27996,-0.041276,9.786645
1755403309828,0.239282,-0.046062,9.925428
1755403309830,0.303888,-0.038883,9.729217
1755403309832,0.239282,-0.050847,9.975977
1755403309835,0.301496,0.020937,9.769895
1755403309837,0.236889,-0.014955,10.011869
1755403309840,0.323031,-0.010169,9.80818
1755403309842,0.234497,-0.034098,9.973584
1755403309844,0.270389,-0.055633,9.817751
1755403309847,0.224925,-0.034098,9.966406
1755403309849,0.301496,-0.019741,9.836894
1755403309852,0.256032,0.001795,9.91825
1755403309854,0.31346,-0.029312,9.812965
1755403309856,0.227318,-0.007777,9.91825
1755403309859,0.311067,-0.031705,9.812965
1755403309861,0.248854,-0.000598,9.97837
1755403309864,0.327817,-0.031705,9.803394
1755403309866,0.236889,-0.038883,10.019048
1755403309868,0.385244,-0.017348,9.722038
1755403309871,0.155234,-0.000598,10.100404
1755403309873,0.368495,0.025723,9.688539
1755403309876,0.191127,-0.058026,10.109975
1755403309878,0.375673,0.037687,9.600004
1755403309881,0.188734,-0.096311,10.109975
1755403309885,0.363709,0.071186,9.719646
1755403309886,0.224925,-0.081954,9.980762
1755403309888,0.277567,0.030508,9.853643
1755403309890,0.299103,-0.060419,9.801002
1755403309892,0.208176,-0.065204,10.083653
1755403309895,0.375673,0.030508,9.688539
1755403309897,0.260818,-0.108275,10.050154
1755403309900,0.358923,0.001795,9.741181
1755403309902,0.227318,-0.034098,9.947263
1755403309905,0.27996,-0.012562,9.784252
1755403309907,0.265603,-0.036491,9.971191
1755403309909,0.27996,0.028116,9.784252
1755403309912,0.282353,-0.031705,9.930214
1755403309915,0.315853,0.032901,9.815358
1755403309917,0.275175,-0.026919,9.920643
1755403309919,0.265603,-0.007777,9.844072
1755403309921,0.294317,-0.046062,9.934999
1755403309923,0.284746,0.00658,9.839287
1755403309926,0.308674,-0.036491,9.934999
1755403309928,0.277567,-0.000598,9.812965
1755403309932,0.277567,-0.046062,9.944571
1755403309934,0.299103,-0.024526,9.815358
1755403309936,0.303888,-0.038883,9.937392
1755403309938,0.265603,0.030508,9.832108
1755403309941,0.284746,-0.024526,9.899107
1755403309943,0.284746,-0.014955,9.882358
1755403309945,0.265603,-0.024526,9.903893
1755403309948,0.248854,-0.017348,9.877572
1755403309950,0.272782,0.011366,9.875179
1755403309952,0.222533,-0.043669,9.896714
1755403309955,0.27996,-0.024526,9.836894
1755403309957,0.256032,-0.041276,9.906285
1755403309959,0.277567,-0.031705,9.887143
1755403309962,0.267996,-0.041276,9.894321
1755403309966,0.325424,-0.007777,9.865608
1755403309967,0.320638,0.004187,9.9015
1755403309969,0.277567,-0.010169,9.877572
1755403309972,0.275175,-0.026919,9.9015
1755403309974,0.263211,-0.017348,9.856036
1755403309976,0.27996,-0.046062,9.899107
1755403309979,0.275175,-0.038883,9.870394
1755403309982,0.270389,0.001795,9.891929
1755403309983,0.267996,-0.031705,9.88475
1755403309986,0.284746,0.001795,9.889536
1755403309989,0.263211,-0.012562,9.853643
1755403309991,0.246461,-0.031705,9.856036
1755403309993,0.282353,0.011366,9.870394
1755403309995,0.301496,-0.012562,9.899107
1755403309998,0.29671,-0.005384,9.891929
1755403310001,0.277567,-0.007777,9.896714
1755403310004,0.289532,0.008973,9.889536
1755403310005,0.284746,-0.017348,9.846465
1755403310007,0.306281,-0.058026,9.762716
1755403310010,0.246461,-0.074776,9.97837
1755403310012,0.332602,0.049651,9.84168
1755403310015,0.263211,-0.024526,9.915857
1755403310017,0.332602,-0.041276,9.827323
1755403310019,0.282353,-0.074776,9.915857
1755403310023,0.315853,-0.000598,9.839287
1755403310024,0.275175,-0.024526,9.930214
1755403310026,0.303888,-0.005384,9.868001
1755403310029,0.248854,-0.038883,9.944571
1755403310032,0.29671,-0.000598,9.844072
1755403310035,0.256032,-0.017348,9.956834
1755403310037,0.289532,-0.007777,9.84168
1755403310039,0.227318,-0.007777,9.944571
1755403310041,0.287139,-0.031705,9.810573
1755403310043,0.241675,-0.026919,9.971191
1755403310046,0.327817,-0.026919,9.796216
1755403310048,0.244068,-0.05324,9.911072
1755403310051,0.27996,-0.012562,9.784252
1755403310053,0.246461,-0.019741,9.930214
1755403310055,0.323031,-0.012562,9.803394
1755403310058,0.258425,-0.036491,9.944571
1755403310060,0.301496,-0.026919,9.789038
1755403310063,0.248854,-0.005384,9.932607
1755403310065,0.275175,-0.019741,9.812965
1755403310067,0.263211,-0.014955,9.952048
1755403310070,0.325424,-0.014955,9.817751
1755403310073,0.256032,-0.031705,9.934999
1755403310074,0.311067,-0.036491,9.827323
1755403310077,0.212961,-0.019741,9.973584
1755403310080,0.277567,-0.041276,9.80818
1755403310082,0.260818,-0.022134,9.937392
1755403310085,0.308674,-0.024526,9.822537
1755403310087,0.239282,-0.005384,9.968799
1755403310089,0.318245,-0.005384,9.82493
1755403310091,0.239282,-0.019741,9.97837
1755403310094,0.315853,-0.005384,9.803394
1755403310096,0.205783,-0.041276,10.016655
1755403310099,0.323031,-0.010169,9.750752
1755403310102,0.248854,-0.065204,10.002297
1755403310104,0.327817,-0.010169,9.765109
1755403310106,0.246461,-0.046062,9.97837
1755403310108,0.301496,0.011366,9.784252
1755403310111,0.258425,-0.067597,9.934999
1755403310113,0.311067,0.016152,9.856036
1755403310115,0.263211,-0.065204,9.887143
1755403310119,0.239282,-0.043669,9.944571
1755403310122,0.294317,-0.041276,9.822537
1755403310123,0.234497,-0.014955,9.992726
1755403310125,0.334995,-0.005384,9.741181
1755403310127,0.234497,-0.089133,10.019048
1755403310129,0.332602,0.028116,9.71486
1755403310132,0.215354,-0.06999,9.956834
1755403310136,0.332602,0.004187,9.734002
1755403310137,0.258425,-0.060419,9.927821
1755403310139,0.267996,0.032901,9.875179
1755403310142,0.306281,-0.046062,9.839287
1755403310144,0.267996,-0.026919,9.949656
1755403310146,0.342174,-0.026919,9.781859
1755403310149,0.215354,-0.055633,10.007083
1755403310152,0.351745,-0.017348,9.755538
1755403310155,0.20339,-0.031705,10.035797
1755403310156,0.361316,0.011366,9.700503
1755403310158,0.239282,-0.043669,10.016655
1755403310161,0.315853,-0.019741,9.743574
1755403310163,0.251246,-0.026919,9.983155
1755403310166,0.272782,-0.022134,9.817751
1755403310168,0.232104,-0.014955,9.91825
1755403310171,0.270389,-0.012562,9.872787
1755403310173,0.263211,-0.019741,9.903893
1755403310175,0.323031,-0.022134,9.894321
1755403310177,0.308674,-0.038883,9.815358
1755403310180,0.299103,-0.031705,9.934999
1755403310183,0.29671,-0.005384,9.820144
1755403310185,0.275175,0.004187,9.903893
1755403310187,0.299103,0.020937,9.896714
1755403310189,0.306281,0.008973,9.875179
1755403310192,0.287139,-0.060419,9.870394
1755403310194,0.291924,-0.055633,9.798609
1755403310197,0.241675,-0.026919,9.992726
1755403310199,0.27996,0.032901,9.891929
1755403310201,0.275175,0.004187,9.846465
1755403310204,0.256032,-0.081954,9.805787
1755403310207,0.306281,-0.105882,9.829716
1755403310209,0.282353,0.028116,10.07169
1755403310211,0.282353,0.092722,9.834501
1755403310213,0.260818,-0.120239,9.698111
1755403310216,0.29671,-0.184846,9.851251
1755403310218,0.33021,0.05683,10.021441
1755403310221,0.282353,0.174078,9.973584
1755403310225,0.239282,-0.110668,9.68136
1755403310227,0.303888,-0.230309,9.803394
1755403310228,0.29671,0.083151,10.100404
1755403310230,0.270389,0.198006,9.879965
1755403310233,0.272782,-0.151346,9.68136
1755403310235,0.327817,-0.201595,9.961619
1755403310238,0.349352,0.114257,10.002297
1755403310240,0.246461,0.142971,9.820144
1755403310243,0.277567,-0.227916,9.777073
1755403310244,0.29671,-0.062812,9.999905
1755403310247,0.253639,0.186042,9.956834
1755403310250,0.272782,-0.043669,9.734002
1755403310252,0.342174,-0.23988,9.932607
1755403310255,0.31346,0.035294,9.995119
1755403310257,0.251246,0.085543,9.765109
1755403310259,0.277567,-0.144168,9.834501
1755403310261,0.308674,-0.067597,9.973584
1755403310264,0.277567,0.090329,9.779466
1755403310267,0.256032,-0.058026,9.82493
1755403310269,0.342174,-0.077169,9.980762
1755403310271,0.308674,0.030508,9.796216
1755403310274,0.227318,-0.046062,9.829716
1755403310276,0.327817,-0.022134,10.028619
1755403310279,0.277567,0.016152,9.798609
1755403310281,0.234497,-0.034098,9.952048
1755403310283,0.311067,0.008973,9.947263
1755403310286,0.320638,-0.046062,9.836894
1755403310289,0.256032,-0.065204,9.956834
1755403310291,0.332602,0.047258,9.77468
1755403310293,0.263211,-0.091525,9.927821
1755403310295,0.320638,-0.024526,9.906285
1755403310297,0.339781,0.00658,9.781859
1755403310300,0.260818,-0.062812,9.925428
1755403310302,0.351745,-0.000598,9.887143
1755403310306,0.277567,0.004187,9.882358
1755403310308,0.27996,0.001795,9.920643
1755403310309,0.356531,0.011366,9.781859
1755403310312,0.208176,-0.065204,10.016655
1755403310314,0.31346,0.013759,9.851251
1755403310317,0.277567,-0.026919,9.777073
1755403310319,0.224925,-0.077169,9.997512
1755403310321,0.320638,0.004187,9.77468
1755403310324,0.222533,-0.067597,9.903893
1755403310328,0.301496,-0.002991,9.9015
1755403310329,0.282353,-0.010169,9.856036
1755403310331,0.258425,-0.007777,9.899107
1755403310333,0.29671,-0.000598,9.82493
1755403310336,0.246461,-0.043669,9.971191
1755403310338,0.275175,-0.007777,9.891929
1755403310341,0.284746,-0.000598,9.79143
1755403310343,0.260818,-0.055633,9.959227
1755403310346,0.33021,0.032901,9.784252
1755403310348,0.246461,-0.036491,9.9015
1755403310350,0.315853,-0.017348,9.920643
1755403310352,0.315853,0.008973,9.734002
1755403310355,0.236889,-0.074776,9.990334
1755403310357,0.37328,0.013759,9.947263
1755403310360,0.256032,-0.065204,9.793823
1755403310362,0.275175,-0.093918,9.932607
1755403310364,0.358923,0.047258,9.894321
1755403310367,0.215354,-0.031705,9.868001
1755403310369,0.246461,-0.019741,9.956834
1755403310372,0.358923,0.064008,9.805787
1755403310375,0.195912,-0.038883,9.923036
1755403310377,0.289532,-0.029312,9.964012
1755403310379,0.325424,0.037687,9.793823
1755403310381,0.198604,-0.089133,9.923036
1755403310384,0.294317,-0.062812,9.930214
1755403310386,0.327817,0.030508,9.932607
1755403310389,0.205783,-0.050847,9.623933
1755403310392,0.282353,-0.022134,10.078868
1755403310394,0.289532,0.020937,9.925428
1755403310396,0.234497,-0.058026,9.887143
1755403310398,0.287139,-0.026919,9.769895
1755403310401,0.31346,-0.019741,9.784252
1755403310403,0.248854,-0.036491,9.964012
1755403310405,0.308674,-0.005384,10.002297
1755403310408,0.323031,-0.000598,9.870394
1755403310410,0.282353,0.018544,9.820144
1755403310412,0.263211,-0.043669,9.786645
1755403310415,0.303888,-0.007777,9.966406
1755403310417,0.270389,0.001795,9.796216
1755403310419,0.289532,-0.050847,9.968799
1755403310422,0.260818,-0.036491,9.872787
1755403310425,0.265603,-0.010169,9.786645
1755403310427,0.282353,0.030508,9.923036
1755403310430,0.251246,-0.034098,9.889536
1755403310431,0.265603,-0.017348,9.846465
1755403310434,0.256032,-0.019741,9.997512
1755403310436,0.27996,0.008973,9.913465
1755403310439,0.248854,-0.048455,9.848858
1755403310442,0.289532,-0.062812,9.786645
1755403310446,0.294317,0.011366,9.853643
1755403310447,0.265603,0.011366,9.990334
1755403310449,0.282353,0.008973,9.793823
1755403310451,0.256032,-0.031705,9.887143
1755403310453,0.244068,-0.034098,9.872787
1755403310456,0.284746,-0.029312,9.999905
1755403310459,0.277567,-0.002991,9.891929
1755403310461,0.260818,-0.029312,9.796216
1755403310463,0.260818,-0.029312,9.91825
1755403310466,0.301496,-0.007777,10.011869
1755403310467,0.291924,-0.043669,9.868001
1755403310470,0.284746,-0.007777,9.777073
1755403310472,0.253639,-0.031705,9.868001
1755403310476,0.29671,-0.012562,9.793823
1755403310477,0.284746,-0.017348,9.939785
1755403310479,0.294317,0.008973,9.879965
1755403310482,0.248854,0.02333,9.906285
1755403310485,0.282353,-0.050847,9.839287
1755403310486,0.253639,-0.010169,9.875179
1755403310490,0.308674,-0.041276,9.839287
1755403310493,0.253639,0.001795,9.911072
1755403310497,0.289532,-0.017348,9.779466
1755403310498,0.284746,-0.026919,9.961619
1755403310499,0.33021,-0.005384,9.798609
1755403310501,0.270389,-0.041276,9.959227
1755403310503,0.306281,-0.050847,9.753145
1755403310506,0.229711,-0.000598,9.949656
1755403310510,0.303888,-0.060419,9.851251
1755403310511,0.258425,-0.014955,9.937392
1755403310513,0.320638,-0.038883,9.877572
1755403310515,0.287139,-0.022134,9.952048
1755403310518,0.287139,-0.026919,9.71486
1755403310520,0.253639,-0.038883,10.040583
1755403310523,0.306281,-0.024526,9.79143
1755403310527,0.287139,-0.041276,9.856036
1755403310529,0.260818,-0.017348,9.934999
1755403310530,0.291924,-0.041276,10.059726
1755403310532,0.263211,-0.046062,9.765109
1755403310535,0.272782,-0.05324,9.779466
1755403310537,0.265603,-0.043669,9.992726
1755403310539,0.272782,-0.050847,9.803394
1755403310542,0.284746,-0.002991,9.896714
1755403310545,0.260818,-0.005384,9.836894
1755403310548,0.267996,-0.017348,9.934999
1755403310549,0.277567,-0.036491,9.772287
1755403310552,0.256032,0.001795,9.939785
1755403310554,0.284746,0.00658,9.891929
1755403310556,0.260818,-0.034098,9.889536
1755403310558,0.289532,-0.041276,9.887143
1755403310561,0.277567,-0.026919,9.844072
1755403310563,0.260818,-0.017348,9.903893
1755403310565,0.320638,-0.062812,9.858429
1755403310568,0.275175,-0.014955,9.896714
1755403310570,0.277567,-0.017348,9.911072
1755403310573,0.299103,-0.002991,9.82493
1755403310575,0.256032,-0.029312,9.879965
1755403310578,0.251246,-0.026919,9.829716
1755403310580,0.294317,-0.05324,9.848858
1755403310583,0.289532,-0.019741,9.925428
1755403310585,0.282353,-0.048455,9.877572
1755403310587,0.294317,-0.010169,9.872787
1755403310590,0.289532,-0.038883,9.927821
1755403310594,0.291924,-0.031705,9.887143
1755403310596,0.31346,-0.010169,9.856036
1755403310597,0.277567,-0.014955,9.906285
1755403310599,0.260818,-0.007777,9.860822
1755403310602,0.263211,-0.022134,9.856036
1755403310604,0.287139,-0.005384,9.91825
1755403310606,0.303888,-0.022134,9.858429
1755403310609,0.282353,-0.038883,9.891929
1755403310611,0.272782,-0.007777,9.836894
1755403310614,0.284746,-0.026919,9.903893
1755403310617,0.301496,-0.034098,9.870394
1755403310619,0.301496,-0.022134,9.877572
1755403310621,0.275175,-0.029312,9.868001
1755403310623,0.27996,-0.026919,9.896714
1755403310626,0.294317,-0.014955,9.908679
1755403310629,0.265603,-0.005384,9.899107
1755403310631,0.272782,-0.017348,9.887143
1755403310633,0.270389,0.018544,9.88475
1755403310636,0.287139,-0.012562,9.896714
1755403310637,0.325424,-0.012562,9.863214
1755403310640,0.248854,-0.007777,9.853643
1755403310643,0.301496,-0.034098,9.891929
1755403310646,0.291924,-0.029312,9.906285
1755403310648,0.282353,-0.029312,9.836894
1755403310650,0.282353,-0.010169,9.827323
1755403310652,0.270389,-0.029312,9.829716
1755403310655,0.253639,-0.019741,9.894321
1755403310657,0.294317,-0.026919,9.879965
1755403310659,0.260818,0.011366,9.829716
1755403310663,0.294317,-0.041276,9.84168
1755403310665,0.272782,-0.026919,9.906285
1755403310667,0.275175,-0.034098,9.848858
1755403310669,0.287139,-0.017348,9.868001
1755403310671,0.294317,-0.036491,9.891929
1755403310674,0.275175,-0.019741,9.879965
1755403310676,0.265603,-0.024526,9.88475
1755403310680,0.234497,-0.012562,9.865608
1755403310681,0.222533,-0.017348,9.865608
1755403310683,0.303888,-0.012562,9.899107
1755403310686,0.236889,-0.038883,9.858429
1755403310688,0.311067,-0.050847,9.868001
1755403310690,0.301496,-0.024526,9.865608
1755403310693,0.277567,-0.031705,9.856036
1755403310696,0.301496,-0.026919,9.839287
1755403310698,0.251246,0.00658,9.908679
1755403310700,0.303888,-0.019741,9.844072
1755403310702,0.342174,-0.038883,9.896714
1755403310705,0.356531,-0.046062,9.97837
1755403310707,0.291924,-0.005384,9.84168
1755403310709,0.260818,-0.026919,9.765109
1755403310712,0.277567,0.001795,9.851251
1755403310715,0.275175,-0.029312,9.877572
1755403310717,0.306281,-0.024526,9.911072
1755403310719,0.294317,-0.012562,9.894321
1755403310721,0.282353,0.004187,9.889536
1755403310724,0.253639,-0.026919,9.88475
1755403310726,0.260818,-0.046062,9.915857
1755403310729,0.323031,-0.012562,9.88475
1755403310731,0.299103,-0.034098,9.894321
1755403310734,0.287139,-0.019741,9.889536
1755403310736,0.315853,-0.010169,9.88475
1755403310738,0.291924,-0.043669,9.887143
1755403310741,0.277567,-0.031705,9.879965
1755403310743,0.289532,-0.017348,9.906285
1755403310745,0.277567,-0.024526,9.903893
1755403310748,0.260818,-0.019741,9.879965
1755403310750,0.256032,-0.055633,9.875179
1755403310753,0.303888,-0.010169,9.906285
1755403310755,0.234497,-0.019741,9.832108
1755403310757,0.229711,-0.010169,9.868001
1755403310760,0.258425,-0.010169,9.846465
1755403310762,0.265603,-0.014955,9.879965
1755403310765,0.287139,-0.012562,9.88475
1755403310767,0.263211,-0.024526,9.891929
1755403310770,0.256032,-0.019741,9.870394
1755403310772,0.275175,-0.017348,9.887143
1755403310775,0.260818,-0.000598,9.88475
1755403310777,0.289532,-0.048455,9.891929
1755403310779,0.27996,-0.031705,9.887143
1755403310782,0.270389,-0.002991,9.879965
1755403310785,0.270389,-0.038883,9.891929
1755403310787,0.270389,-0.046062,9.887143
1755403310789,0.277567,-0.019741,9.891929
1755403310791,0.282353,-0.002991,9.875179
1755403310793,0.258425,-0.022134,9.877572
1755403310799,0.33021,-0.017348,9.923036
1755403310800,0.270389,-0.022134,9.872787
1755403310801,0.284746,-0.017348,9.858429
1755403310803,0.232104,-0.019741,9.908679
1755403310805,0.284746,-0.000598,9.908679
1755403310808,0.256032,-0.022134,9.911072
1755403310810,0.251246,-0.022134,9.877572
1755403310812,0.263211,-0.026919,9.889536
1755403310815,0.244068,-0.031705,9.865608
1755403310817,0.244068,-0.000598,9.923036
1755403310820,0.289532,-0.029312,9.894321
1755403310822,0.263211,-0.017348,9.889536
1755403310824,0.29671,-0.017348,9.894321
1755403310827,0.306281,-0.05324,9.894321
1755403310829,0.263211,-0.019741,9.903893
1755403310832,0.275175,0.008973,9.908679
1755403310835,0.29671,0.018544,9.82493
1755403310837,0.277567,-0.05324,9.848858
1755403310839,0.294317,-0.062812,9.815358
1755403310842,0.282353,-0.000598,9.889536
1755403310844,0.244068,-0.007777,9.954441
1755403310846,0.299103,0.011366,9.851251
1755403310849,0.253639,-0.06999,9.925428
1755403310851,0.275175,-0.041276,9.832108
1755403310853,0.287139,-0.026919,9.942178
1755403310856,0.294317,0.04008,9.865608
1755403310858,0.258425,-0.010169,9.932607
1755403310860,0.320638,-0.050847,9.832108
1755403310863,0.239282,-0.019741,9.956834
1755403310866,0.287139,-0.007777,9.827323
1755403310868,0.287139,-0.050847,9.899107
1755403310870,0.315853,-0.050847,9.836894
1755403310873,0.267996,-0.029312,9.920643
1755403310875,0.27996,-0.007777,9.856036
1755403310877,0.27996,0.00658,9.932607
1755403310879,0.270389,-0.017348,9.868001
1755403310882,0.246461,-0.019741,9.865608
1755403310885,0.267996,-0.043669,9.889536
1755403310888,0.277567,-0.031705,9.887143
1755403310889,0.291924,-0.026919,9.839287
1755403310892,0.294317,-0.010169,9.913465
1755403310894,0.291924,-0.017348,9.894321
1755403310896,0.265603,-0.026919,9.891929
1755403310901,0.29671,0.00658,9.853643
1755403310902,0.287139,-0.041276,9.860822
1755403310904,0.265603,-0.014955,9.961619
1755403310906,0.311067,-0.036491,9.815358
1755403310908,0.232104,-0.036491,9.827323
1755403310911,0.301496,-0.017348,9.949656
1755403310913,0.232104,0.02333,9.952048
1755403310915,0.256032,-0.002991,9.767502
1755403310918,0.258425,-0.055633,9.820144
1755403310921,0.289532,-0.024526,9.959227
1755403310923,0.275175,0.032901,9.934999
1755403310925,0.265603,-0.036491,9.729217
1755403310927,0.287139,-0.062812,9.913465
1755403310930,0.301496,0.00658,9.966406
1755403310932,0.27996,-0.000598,9.865608
1755403310935,0.256032,-0.034098,9.812965
1755403310937,0.306281,-0.038883,9.896714
1755403310940,0.265603,-0.034098,9.894321
1755403310942,0.277567,-0.029312,9.834501
1755403310944,0.275175,-0.036491,9.882358
1755403310947,0.236889,-0.019741,9.88475
1755403310949,0.241675,0.008973,9.865608
1755403310952,0.267996,0.016152,9.836894
1755403310954,0.318245,-0.005384,9.903893
1755403310957,0.265603,-0.002991,9.889536
1755403310959,0.256032,-0.022134,9.889536
1755403310961,0.270389,-0.007777,9.860822
1755403310963,0.294317,-0.046062,9.908679
1755403310966,0.303888,-0.022134,9.891929
1755403310969,0.289532,-0.036491,9.856036
1755403310971,0.291924,-0.022134,9.877572
1755403310974,0.282353,-0.034098,9.877572
1755403310975,0.294317,-0.019741,9.88475
1755403310978,0.241675,-0.026919,9.868001
1755403310981,0.267996,-0.029312,9.889536
1755403310983,0.27996,-0.019741,9.879965
1755403310986,0.272782,-0.048455,9.882358
1755403310988,0.29671,-0.017348,9.889536
1755403310990,0.267996,-0.010169,9.915857
1755403310992,0.289532,0.001795,9.875179
1755403310995,0.306281,-0.034098,9.88475
1755403310997,0.270389,-0.024526,9.877572
1755403311003,0.27996,-0.017348,9.889536
1755403311005,0.291924,-0.048455,9.903893
1755403311010,0.275175,-0.036491,9.899107
1755403311011,0.272782,-0.031705,9.925428
1755403311012,0.294317,-0.017348,9.896714
1755403311014,0.294317,-0.017348,9.870394
1755403311015,0.29671,-0.050847,9.879965
1755403311016,0.29671,-0.060419,9.9015
1755403311020,0.287139,-0.017348,9.875179
1755403311021,0.270389,-0.007777,9.882358
1755403311023,0.287139,-0.000598,9.899107
1755403311026,0.275175,0.030508,9.908679
1755403311028,0.287139,-0.014955,9.829716
1755403311030,0.29671,-0.017348,9.863214
1755403311033,0.311067,0.008973,9.908679
1755403311036,0.31346,0.04008,9.875179
1755403311038,0.301496,-0.055633,9.877572
1755403311040,0.265603,-0.038883,9.872787
1755403311043,0.301496,-0.022134,9.793823
1755403311045,0.258425,-0.046062,9.894321
1755403311047,0.323031,-0.000598,9.920643
1755403311050,0.27996,-0.041276,9.889536
1755403311052,0.253639,-0.077169,9.820144
1755403311055,0.277567,0.004187,9.88475
1755403311057,0.263211,0.00658,9.906285
1755403311059,0.210568,-0.012562,9.894321
1755403311062,0.31346,0.001795,9.753145
1755403311064,0.299103,-0.031705,9.937392
1755403311066,0.272782,-0.000598,9.947263
1755403311069,0.277567,-0.005384,9.798609
1755403311071,0.311067,-0.029312,9.889536
1755403311074,0.325424,0.008973,9.934999
1755403311076,0.337388,-0.019741,9.853643
1755403311079,0.258425,-0.050847,9.877572
1755403311081,0.27996,-0.007777,9.870394
1755403311083,0.282353,-0.017348,9.891929
1755403311085,0.272782,-0.050847,9.88475
1755403311088,0.303888,-0.014955,9.853643
1755403311090,0.287139,-0.014955,9.913465
1755403311093,0.244068,-0.031705,9.91825
1755403311095,0.303888,-0.034098,9.856036
1755403311098,0.265603,-0.043669,9.863214
1755403311100,0.256032,-0.036491,9.947263
1755403311103,0.325424,-0.005384,9.865608
1755403311105,0.263211,-0.055633,9.839287
1755403311107,0.263211,-0.024526,9.927821
1755403311109,0.251246,-0.026919,9.851251
1755403311112,0.239282,-0.05324,9.832108
1755403311115,0.289532,-0.029312,9.923036
1755403311117,0.282353,-0.005384,9.952048
1755403311119,0.282353,-0.026919,9.839287
1755403311124,0.270389,-0.050847,9.779466
1755403311125,0.277567,-0.031705,9.964012
1755403311127,0.258425,-0.014955,9.942178
1755403311129,0.270389,-0.012562,9.82493
1755403311132,0.27996,-0.017348,9.856036
1755403311133,0.267996,-0.024526,9.908679
1755403311136,0.299103,-0.024526,9.911072
1755403311139,0.301496,-0.007777,9.836894
1755403311141,0.282353,-0.036491,9.927821
1755403311143,0.256032,-0.005384,9.896714
1755403311146,0.275175,-0.026919,9.887143
1755403311148,0.294317,-0.026919,9.877572
1755403311150,0.270389,-0.022134,9.911072
1755403311153,0.277567,-0.014955,9.927821
1755403311155,0.289532,-0.026919,9.834501
1755403311158,0.318245,-0.029312,9.868001
1755403311160,0.299103,-0.038883,9.939785
1755403311163,0.287139,-0.022134,9.875179
1755403311165,0.29671,-0.022134,9.959227
1755403311167,0.287139,-0.031705,9.920643
1755403311169,0.332602,-0.026919,9.91825
1755403311173,0.294317,-0.017348,9.980762
1755403311175,0.33021,-0.058026,9.964012
1755403311177,0.311067,-0.014955,9.846465
1755403311179,0.270389,-0.038883,9.887143
1755403311182,0.248854,-0.022134,9.822537
1755403311184,0.303888,-0.029312,9.896714
1755403311186,0.311067,-0.014955,9.891929
1755403311189,0.258425,-0.007777,9.891929
1755403311191,0.253639,-0.017348,9.908679
1755403311193,0.248854,-0.017348,9.882358
1755403311196,0.256032,-0.019741,9.899107
1755403311199,0.272782,-0.014955,9.88475
1755403311201,0.272782,0.011366,9.88475
1755403311204,0.315853,-0.036491,9.865608
1755403311208,0.275175,-0.022134,9.88475
1755403311210,0.284746,-0.043669,9.889536
1755403311211,0.258425,-0.036491,9.870394
1755403311213,0.272782,-0.019741,9.875179
1755403311216,0.301496,-0.005384,9.877572
1755403311218,0.289532,-0.038883,9.906285
1755403311220,0.287139,-0.014955,9.872787
1755403311223,0.29671,-0.022134,9.858429
1755403311226,0.289532,-0.005384,9.860822
1755403311227,0.291924,-0.029312,9.875179
1755403311230,0.294317,-0.046062,9.88475
1755403311232,0.258425,-0.019741,9.858429
1755403311234,0.265603,-0.019741,9.882358
1755403311237,0.287139,-0.014955,9.879965
1755403311240,0.287139,-0.017348,9.882358
1755403311242,0.287139,-0.007777,9.899107
1755403311244,0.248854,-0.024526,9.832108
1755403311246,0.27996,-0.012562,9.889536
1755403311249,0.289532,0.004187,9.846465
1755403311251,0.284746,-0.026919,9.91825
1755403311253,0.284746,-0.019741,9.836894
1755403311256,0.263211,-0.026919,9.889536
1755403311259,0.270389,-0.048455,9.899107
1755403311261,0.272782,-0.038883,9.887143
1755403311263,0.256032,-0.019741,9.860822
1755403311266,0.260818,-0.029312,9.879965
1755403311268,0.267996,-0.002991,9.896714
1755403311270,0.275175,0.004187,9.879965
1755403311273,0.256032,-0.017348,9.860822
1755403311275,0.282353,-0.026919,9.891929
1755403311277,0.270389,-0.024526,9.836894
1755403311280,0.260818,-0.024526,9.879965
1755403311282,0.265603,-0.036491,9.863214
1755403311285,0.294317,0.011366,9.860822
1755403311287,0.258425,-0.002991,9.903893
1755403311290,0.272782,-0.014955,9.985548
1755403311296,0.277567,-0.048455,9.738789
1755403311297,0.308674,-0.022134,10.076475
1755403311299,0.275175,0.020937,9.664611
1755403311300,0.263211,-0.019741,9.961619
1755403311302,0.258425,-0.038883,9.777073
1755403311304,0.29671,-0.012562,10.066904
1755403311307,0.277567,0.016152,9.860822
1755403311309,0.294317,-0.05324,9.710074
1755403311311,0.299103,-0.041276,9.983155
1755403311313,0.320638,-0.005384,9.887143
1755403311316,0.289532,-0.014955,9.769895
1755403311318,0.334995,-0.005384,9.980762
1755403311321,0.301496,-0.010169,9.925428
1755403311323,0.241675,-0.019741,9.789038
1755403311327,0.31346,-0.029312,9.937392
1755403311328,0.27996,-0.005384,9.968799
1755403311330,0.236889,-0.048455,9.784252
1755403311332,0.308674,-0.048455,9.932607
1755403311335,0.284746,-0.022134,9.91825
1755403311337,0.260818,-0.036491,9.762716
1755403311340,0.299103,-0.000598,9.980762
1755403311342,0.29671,0.035294,9.906285
1755403311345,0.287139,-0.026919,9.810573
1755403311347,0.31346,-0.067597,9.968799
1755403311349,0.318245,0.013759,9.894321
1755403311352,0.258425,-0.034098,9.980762
1755403311354,0.308674,-0.005384,9.793823
1755403311357,0.275175,-0.012562,9.848858
1755403311359,0.241675,-0.022134,9.863214
1755403311362,0.282353,-0.010169,9.755538
1755403311364,0.267996,-0.002991,9.911072
1755403311366,0.265603,-0.048455,9.944571
1755403311368,0.325424,0.001795,9.91825
1755403311371,0.265603,-0.043669,9.753145
1755403311373,0.263211,-0.005384,9.911072
1755403311376,0.315853,0.028116,9.815358
1755403311378,0.258425,-0.029312,10.03819
1755403311380,0.284746,0.020937,9.846465
1755403311383,0.301496,-0.050847,9.868001
1755403311385,0.272782,-0.017348,9.84168
1755403311387,0.267996,-0.000598,9.949656
1755403311390,0.241675,-0.038883,9.827323
1755403311394,0.31346,-0.010169,9.913465
1755403311395,0.284746,-0.022134,9.856036
1755403311397,0.277567,-0.002991,9.88475
1755403311400,0.275175,-0.007777,9.937392
1755403311402,0.260818,-0.036491,9.812965
1755403311404,0.318245,-0.022134,9.868001
1755403311408,0.272782,-0.046062,9.877572
1755403311411,0.270389,-0.005384,9.757931
1755403311412,0.236889,-0.002991,10.047761
1755403311414,0.253639,0.030508,9.827323
1755403311416,0.287139,-0.029312,9.839287
1755403311419,0.258425,-0.048455,9.949656
1755403311421,0.325424,-0.043669,9.722038
1755403311424,0.287139,-0.031705,10.057333
1755403311426,0.334995,0.04008,9.832108
1755403311429,0.263211,-0.043669,9.848858
1755403311433,0.265603,-0.05324,9.853643
1755403311434,0.260818,-0.08674,9.860822
1755403311436,0.282353,-0.002991,9.82493
1755403311438,0.289532,-0.000598,9.949656
1755403311441,0.258425,0.004187,9.891929
1755403311443,0.270389,-0.074776,9.784252
1755403311445,0.270389,-0.065204,9.875179
1755403311449,0.325424,-0.002991,9.932607
1755403311450,0.241675,0.028116,9.956834
1755403311452,0.272782,-0.012562,9.757931
1755403311455,0.267996,-0.074776,9.939785
1755403311457,0.299103,-0.050847,9.906285
1755403311459,0.277567,0.004187,9.882358
1755403311463,0.277567,0.047258,9.786645
1755403311465,0.22014,-0.065204,9.959227
1755403311467,0.294317,-0.043669,9.851251
1755403311470,0.258425,-0.022134,9.882358
1755403311472,0.287139,0.037687,9.88475
1755403311474,0.265603,-0.055633,9.932607
1755403311476,0.294317,-0.055633,9.745967
1755403311479,0.253639,-0.034098,9.937392
1755403311481,0.31346,0.059222,9.911072
1755403311483,0.253639,-0.031705,9.91825
1755403311486,0.29671,-0.036491,9.767502
1755403311489,0.272782,-0.062812,9.952048
1755403311491,0.27996,0.037687,9.889536
1755403311493,0.277567,0.013759,9.911072
1755403311497,0.284746,-0.048455,9.80818
1755403311500,0.234497,-0.08674,9.920643
1755403311501,0.244068,0.008973,9.920643
1755403311503,0.265603,0.047258,9.889536
1755403311505,0.27996,-0.007777,9.863214
1755403311507,0.275175,-0.062812,9.851251
1755403311510,0.260818,-0.055633,9.923036
1755403311513,0.277567,0.013759,9.879965
1755403311515,0.270389,-0.002991,9.899107
1755403311517,0.267996,-0.055633,9.891929
1755403311519,0.258425,-0.034098,9.889536
1755403311522,0.265603,0.04008,9.829716
1755403311524,0.263211,0.020937,9.906285
1755403311527,0.256032,-0.041276,9.920643
1755403311530,0.294317,-0.038883,9.91825
1755403311532,0.318245,-0.005384,9.784252
1755403311534,0.253639,0.00658,9.863214
1755403311537,0.272782,-0.048455,9.947263
1755403311539,0.265603,-0.022134,9.908679
1755403311541,0.284746,0.004187,9.812965
1755403311544,0.267996,-0.022134,9.851251
1755403311548,0.299103,-0.05324,9.952048
1755403311549,0.299103,-0.012562,9.930214
1755403311552,0.275175,0.011366,9.812965
1755403311553,0.299103,-0.002991,9.858429
1755403311555,0.299103,-0.038883,9.927821
1755403311558,0.291924,-0.024526,9.88475
1755403311560,0.265603,-0.007777,9.870394
1755403311565,0.33021,-0.029312,9.839287
1755403311566,0.275175,-0.074776,9.968799
1755403311567,0.306281,0.028116,9.860822
1755403311571,0.27996,-0.005384,9.925428
1755403311572,0.301496,-0.038883,9.82493
1755403311575,0.248854,-0.036491,9.908679
1755403311577,0.291924,0.008973,9.832108
1755403311581,0.29671,-0.010169,9.923036
1755403311582,0.277567,-0.017348,9.846465
1755403311584,0.29671,-0.06999,9.844072
1755403311587,0.256032,-0.022134,9.848858
1755403311589,0.29671,-0.026919,9.932607
1755403311591,0.29671,0.028116,9.942178
1755403311594,0.315853,-0.022134,9.860822
1755403311596,0.248854,-0.077169,9.906285
1755403311599,0.339781,-0.05324,9.79143
1755403311601,0.267996,-0.014955,9.954441
1755403311603,0.311067,0.016152,9.834501
1755403311606,0.263211,-0.041276,9.966406
1755403311608,0.301496,-0.022134,9.79143
1755403311611,0.253639,-0.06999,9.887143
1755403311615,0.275175,0.00658,9.906285
1755403311616,0.272782,-0.017348,9.839287
1755403311618,0.275175,-0.038883,9.973584
1755403311620,0.33021,-0.007777,9.786645
1755403311622,0.289532,-0.041276,9.961619
1755403311625,0.287139,0.011366,9.906285
1755403311627,0.265603,-0.017348,9.860822
1755403311630,0.270389,-0.060419,9.961619
1755403311632,0.299103,-0.000598,9.827323
1755403311635,0.241675,-0.062812,9.894321
1755403311637,0.299103,-0.031705,9.937392
1755403311639,0.320638,-0.019741,9.726824
1755403311642,0.212961,-0.098704,9.925428
1755403311644,0.323031,0.028116,9.88475
1755403311647,0.27996,-0.034098,9.848858
1755403311650,0.258425,-0.050847,9.985548
1755403311652,0.325424,0.030508,9.79143
1755403311654,0.241675,-0.079561,9.952048
1755403311656,0.294317,-0.007777,10.009477
1755403311659,0.303888,0.035294,9.712467
1755403311661,0.198604,-0.079561,9.985548
1755403311663,0.344566,0.054437,9.961619
1755403311666,0.282353,0.013759,9.738789
1755403311669,0.19352,-0.105882,9.980762
1755403311670,0.339781,0.028116,9.903893
1755403311673,0.239282,-0.012562,9.767502
1755403311675,0.227318,-0.122632,9.971191
1755403311677,0.356531,0.083151,9.887143
1755403311680,0.282353,-0.000598,9.789038
1755403311684,0.284746,-0.081954,9.997512
1755403311685,0.339781,0.080758,9.88475
1755403311688,0.20339,-0.019741,9.762716
1755403311690,0.284746,-0.091525,9.975977
1755403311692,0.37328,0.054437,9.889536
1755403311694,0.181555,-0.031705,9.762716
1755403311697,0.284746,-0.08674,9.97837
1755403311700,0.370888,0.059222,9.879965
1755403311701,0.20339,-0.038883,9.786645
1755403311704,0.325424,-0.093918,9.925428
1755403311706,0.366102,0.018544,9.82493
1755403311709,0.246461,-0.012562,9.84168
1755403311711,0.294317,-0.019741,9.915857
1755403311713,0.325424,-0.017348,9.848858
1755403311717,0.205783,-0.043669,9.856036
1755403311719,0.272782,-0.000598,9.934999
1755403311721,0.284746,-0.029312,9.899107
1755403311723,0.27996,-0.038883,9.856036
1755403311726,0.275175,0.016152,9.91825
1755403311728,0.320638,0.042473,9.875179
1755403311730,0.253639,-0.026919,9.875179
1755403311734,0.275175,-0.034098,9.872787
1755403311736,0.294317,-0.005384,9.908679
1755403311737,0.277567,-0.012562,9.863214
1755403311740,0.263211,-0.029312,9.84168
1755403311742,0.277567,-0.022134,9.9015
1755403311745,0.263211,-0.012562,9.858429
1755403311747,0.270389,-0.034098,9.870394
1755403311752,0.320638,-0.038883,9.899107
1755403311753,0.267996,-0.019741,9.865608
1755403311755,0.291924,-0.029312,9.88475
1755403311756,0.284746,0.001795,9.875179
1755403311759,0.267996,-0.005384,9.870394
1755403311761,0.260818,0.025723,9.879965
1755403311764,0.272782,-0.026919,9.889536
1755403311768,0.236889,0.004187,9.891929
1755403311769,0.256032,-0.024526,9.822537
1755403311771,0.251246,-0.017348,9.822537
1755403311775,0.311067,-0.005384,9.896714
1755403311776,0.282353,-0.002991,9.872787
1755403311779,0.27996,-0.012562,9.887143
1755403311780,0.251246,-0.046062,9.879965
1755403311783,0.253639,-0.041276,9.875179
1755403311786,0.289532,-0.012562,9.894321
1755403311789,0.263211,-0.043669,9.899107
1755403311790,0.277567,-0.007777,9.848858
1755403311793,0.275175,-0.026919,9.853643
1755403311795,0.27996,-0.029312,9.88475
1755403311797,0.272782,0.008973,9.846465
1755403311800,0.27996,-0.012562,9.856036
1755403311802,0.291924,-0.041276,9.903893
1755403311805,0.301496,-0.031705,9.887143
1755403311807,0.267996,-0.058026,9.84168
1755403311810,0.29671,-0.031705,9.879965
1755403311812,0.315853,-0.036491,9.9015
1755403311815,0.294317,-0.043669,9.875179
1755403311816,0.263211,-0.014955,9.875179
1755403311820,0.306281,-0.031705,9.858429
1755403311822,0.234497,0.001795,9.865608
1755403311824,0.251246,-0.007777,9.846465
1755403311826,0.284746,-0.019741,9.9015
1755403311828,0.270389,0.004187,9.956834
1755403311831,0.277567,-0.010169,9.877572
1755403311833,0.29671,-0.010169,9.846465
1755403311836,0.284746,-0.024526,9.894321
1755403311838,0.275175,-0.000598,9.920643
1755403311840,0.287139,0.042473,9.865608
1755403311844,0.256032,-0.041276,9.920643
1755403311845,0.301496,-0.038883,9.915857
1755403311847,0.31346,0.008973,9.805787
1755403311850,0.236889,-0.05324,9.844072
1755403311853,0.31346,-0.014955,9.920643
1755403311855,0.301496,-0.002991,9.887143
1755403311857,0.246461,-0.062812,9.863214
1755403311860,0.311067,-0.005384,9.832108
1755403311862,0.29671,0.008973,9.944571
1755403311864,0.251246,-0.034098,9.903893
1755403311867,0.301496,-0.026919,9.80818
1755403311870,0.229711,-0.034098,9.899107
1755403311872,0.334995,0.018544,9.927821
1755403311874,0.320638,-0.012562,9.822537
1755403311876,0.265603,-0.034098,9.9015
1755403311879,0.299103,0.044865,9.913465
1755403311881,0.291924,-0.000598,9.863214
1755403311883,0.282353,-0.079561,9.896714
1755403311887,0.27996,-0.010169,9.882358
1755403311888,0.251246,0.00658,9.858429
1755403311891,0.282353,-0.065204,9.872787
1755403311893,0.315853,0.013759,9.858429
1755403311896,0.265603,0.004187,9.844072
1755403311898,0.263211,-0.034098,9.954441
1755403311900,0.31346,-0.000598,9.853643
1755403311904,0.265603,-0.026919,9.894321
1755403311908,0.265603,-0.012562,9.882358
1755403311909,0.294317,-0.029312,9.915857
1755403311911,0.267996,0.016152,9.9015
1755403311912,0.299103,-0.034098,9.80818
1755403311915,0.29671,-0.034098,9.942178
1755403311917,0.29671,-0.017348,9.860822
1755403311921,0.294317,0.025723,9.913465
1755403311923,0.27996,-0.031705,9.934999
1755403311924,0.248854,-0.048455,9.79143
1755403311927,0.272782,-0.043669,9.856036
1755403311929,0.210568,0.025723,9.932607
1755403311931,0.267996,0.008973,9.9015
1755403311934,0.244068,-0.058026,9.932607
1755403311938,0.291924,-0.072383,9.729217
1755403311939,0.287139,-0.031705,9.894321
1755403311941,0.289532,0.035294,9.97837
1755403311944,0.260818,0.011366,9.9015
1755403311946,0.248854,-0.05324,9.822537
1755403311948,0.289532,-0.058026,9.827323
1755403311950,0.272782,-0.022134,9.942178
1755403311953,0.323031,0.001795,9.846465
1755403311956,0.241675,-0.048455,9.851251
1755403311958,0.315853,-0.06999,9.836894
1755403311960,0.270389,-0.000598,9.964012
1755403311962,0.272782,-0.029312,9.875179
1755403311965,0.251246,-0.019741,9.827323
1755403311967,0.27996,-0.010169,9.915857
1755403311970,0.29671,-0.022134,9.860822
1755403311972,0.256032,-0.034098,9.908679
1755403311975,0.270389,-0.031705,9.786645
1755403311978,0.270389,-0.017348,9.920643
1755403311979,0.308674,-0.022134,9.827323
1755403311982,0.287139,-0.002991,9.872787
1755403311984,0.334995,-0.024526,9.870394
1755403311987,0.294317,-0.002991,9.964012
1755403311989,0.256032,0.00658,9.923036
1755403311992,0.270389,-0.017348,9.870394
1755403311994,0.287139,-0.029312,9.947263
1755403311996,0.265603,-0.007777,9.853643
1755403311998,0.275175,-0.038883,9.877572
1755403312001,0.334995,-0.050847,9.757931
1755403312003,0.306281,-0.048455,9.911072
1755403312007,0.287139,-0.012562,9.793823
1755403312008,0.301496,-0.005384,9.971191
1755403312011,0.33021,0.035294,9.949656
1755403312013,0.284746,0.001795,9.923036
1755403312015,0.289532,-0.029312,9.908679
1755403312018,0.277567,-0.031705,9.762716
1755403312020,0.260818,-0.098704,9.834501
1755403312024,0.284746,-0.043669,9.875179
1755403312026,0.275175,0.018544,10.011869
1755403312030,0.301496,0.05683,9.906285
1755403312031,0.291924,-0.010169,9.899107
1755403312033,0.29671,-0.115454,9.827323
1755403312035,0.284746,-0.108275,9.767502
1755403312037,0.301496,-0.012562,9.961619
1755403312041,0.303888,0.095115,9.966406
1755403312043,0.277567,0.028116,9.865608
1755403312044,0.232104,-0.151346,9.74836
1755403312047,0.31346,-0.098704,9.870394
1755403312049,0.282353,0.140578,10.050154
1755403312051,0.248854,0.121436,9.839287
1755403312054,0.270389,-0.189631,9.710074
1755403312056,0.33021,-0.132203,9.975977
1755403312059,0.27996,0.152542,9.952048
1755403312061,0.239282,0.049651,9.779466
1755403312063,0.284746,-0.189631,9.903893
1755403312065,0.323031,-0.000598,9.894321
1755403312068,0.224925,0.04008,9.812965
1755403312071,0.253639,-0.072383,9.908679
1755403312073,0.349352,-0.010169,9.887143
1755403312075,0.260818,0.013759,9.793823
1755403312078,0.251246,-0.05324,9.915857
1755403312080,0.344566,0.00658,9.868001
1755403312082,0.222533,-0.046062,9.858429
1755403312085,0.22014,-0.022134,9.952048
1755403312087,0.332602,0.028116,9.829716
1755403312090,0.224925,-0.046062,9.997512
1755403312092,0.311067,-0.005384,9.934999
1755403312094,0.318245,-0.046062,9.779466
1755403312097,0.227318,-0.062812,9.915857
1755403312100,0.320638,-0.048455,9.789038
1755403312101,0.241675,-0.036491,9.877572
1755403312104,0.270389,-0.010169,9.834501
1755403312108,0.299103,-0.010169,9.949656
1755403312111,0.246461,0.02333,9.944571
1755403312112,0.277567,0.00658,9.853643
1755403312114,0.282353,-0.031705,9.870394
1755403312116,0.301496,-0.093918,9.803394
1755403312118,0.284746,-0.034098,9.920643
1755403312121,0.289532,0.030508,9.887143
1755403312123,0.291924,0.013759,9.985548
1755403312126,0.337388,0.018544,9.789038
1755403312128,0.263211,-0.077169,9.865608
1755403312131,0.311067,-0.029312,9.882358
1755403312133,0.275175,0.013759,9.934999
1755403312135,0.256032,0.016152,9.832108
1755403312137,0.277567,-0.043669,9.851251
1755403312140,0.263211,-0.060419,9.863214
1755403312143,0.282353,-0.005384,9.891929
1755403312147,0.246461,0.00658,9.891929
1755403312148,0.265603,-0.029312,9.848858
1755403312150,0.267996,-0.038883,9.846465
1755403312152,0.284746,-0.010169,9.894321
1755403312154,0.272782,0.016152,9.875179
1755403312156,0.308674,-0.048455,9.896714
1755403312159,0.287139,-0.024526,9.891929
1755403312162,0.258425,-0.041276,9.894321
1755403312164,0.311067,-0.029312,9.920643
1755403312167,0.318245,0.001795,9.927821
1755403312169,0.33021,-0.017348,9.913465
1755403312171,0.323031,-0.043669,9.889536
1755403312173,0.287139,-0.036491,9.870394
1755403312176,0.260818,-0.043669,9.844072
1755403312178,0.265603,-0.036491,9.858429
1755403312181,0.265603,-0.031705,9.865608
1755403312183,0.284746,0.016152,9.923036
1755403312186,0.332602,-0.012562,9.891929
1755403312188,0.291924,-0.007777,9.925428
1755403312190,0.244068,-0.022134,9.88475
1755403312193,0.270389,-0.014955,9.868001
1755403312195,0.265603,-0.031705,9.894321
1755403312198,0.289532,-0.017348,9.875179
1755403312200,0.284746,-0.000598,9.894321
1755403312202,0.260818,-0.010169,9.872787
1755403312205,0.282353,-0.002991,9.879965
1755403312207,0.272782,-0.005384,9.877572
1755403312209,0.282353,-0.012562,9.879965
1755403312212,0.258425,-0.005384,9.875179
1755403312214,0.282353,-0.007777,9.889536
1755403312217,0.299103,-0.022134,9.889536
1755403312219,0.294317,-0.041276,9.875179
1755403312222,0.267996,-0.026919,9.88475
1755403312224,0.275175,-0.029312,9.913465
1755403312226,0.289532,-0.026919,9.877572
1755403312229,0.275175,-0.012562,9.88475
1755403312231,0.244068,-0.046062,9.872787
1755403312233,0.253639,-0.046062,9.875179
1755403312236,0.284746,-0.029312,9.891929
1755403312238,0.246461,-0.019741,9.875179
1755403312240,0.291924,-0.014955,9.875179
1755403312243,0.27996,-0.026919,9.882358
1755403312245,0.253639,-0.026919,9.894321
1755403312248,0.277567,-0.019741,9.856036
1755403312250,0.265603,0.011366,9.894321
1755403312253,0.260818,0.00658,9.877572
1755403312255,0.267996,-0.010169,9.896714
1755403312257,0.260818,-0.041276,9.887143
1755403312260,0.291924,-0.031705,9.870394
1755403312265,0.282353,-0.017348,9.891929
1755403312266,0.299103,-0.022134,9.896714
1755403312267,0.27996,-0.017348,9.9015
1755403312269,0.306281,-0.005384,9.872787
1755403312272,0.303888,-0.024526,9.860822
1755403312274,0.294317,-0.029312,9.870394
1755403312278,0.275175,0.00658,9.896714
1755403312282,0.294317,-0.017348,9.875179
1755403312283,0.277567,-0.038883,9.88475
1755403312284,0.299103,-0.043669,9.906285
1755403312286,0.308674,0.008973,9.88475
1755403312288,0.29671,-0.010169,9.891929
1755403312291,0.299103,0.020937,9.786645
1755403312295,0.27996,0.001795,9.906285
1755403312296,0.289532,-0.024526,9.995119
1755403312298,0.272782,-0.026919,9.851251
1755403312300,0.265603,-0.058026,9.856036
1755403312303,0.31346,-0.019741,9.896714
1755403312305,0.315853,-0.012562,9.920643
1755403312307,0.272782,-0.029312,9.947263
1755403312310,0.27996,-0.031705,9.738789
1755403312313,0.265603,-0.043669,9.877572
1755403312315,0.294317,-0.007777,9.851251
1755403312317,0.289532,0.018544,9.966406
1755403312320,0.244068,0.02333,9.877572
1755403312322,0.253639,-0.014955,9.856036
1755403312324,0.258425,-0.038883,9.956834
1755403312327,0.332602,-0.034098,9.805787
1755403312331,0.251246,-0.022134,9.913465
1755403312332,0.289532,-0.000598,9.860822
1755403312334,0.251246,-0.029312,9.903893
1755403312336,0.253639,-0.017348,9.879965
1755403312339,0.289532,-0.022134,9.846465
1755403312341,0.284746,-0.048455,9.851251
1755403312344,0.294317,-0.050847,9.834501
1755403312346,0.265603,-0.034098,9.975977
1755403312348,0.291924,0.004187,9.820144
1755403312351,0.282353,-0.024526,9.949656
1755403312353,0.33021,-0.036491,9.784252
1755403312355,0.308674,-0.050847,9.906285
1755403312358,0.31346,0.020937,9.856036
1755403312360,0.284746,0.011366,9.983155
1755403312363,0.284746,-0.031705,9.846465
1755403312367,0.287139,-0.101097,9.822537
1755403312368,0.303888,-0.014955,9.939785
1755403312370,0.27996,-0.005384,9.911072
1755403312372,0.27996,-0.029312,9.817751
1755403312375,0.27996,-0.081954,9.891929
1755403312377,0.265603,-0.031705,9.997512
1755403312380,0.294317,0.035294,9.865608
1755403312382,0.263211,-0.002991,9.789038
1755403312385,0.258425,-0.034098,9.899107
1755403312387,0.236889,-0.024526,9.937392
1755403312389,0.291924,0.008973,9.858429
1755403312391,0.265603,-0.043669,9.82493
1755403312394,0.29671,-0.038883,9.949656
1755403312397,0.275175,-0.007777,9.915857
1755403312399,0.299103,-0.002991,9.870394
1755403312401,0.27996,-0.031705,9.848858
1755403312403,0.315853,-0.05324,9.956834
1755403312406,0.265603,-0.019741,9.9015
1755403312408,0.284746,-0.036491,9.801002
1755403312411,0.267996,-0.038883,9.908679
1755403312413,0.282353,-0.002991,9.927821
1755403312415,0.315853,0.00658,9.9015
1755403312418,0.275175,-0.034098,9.82493
1755403312420,0.303888,-0.019741,9.920643
1755403312423,0.299103,0.001795,9.877572
1755403312425,0.260818,-0.014955,9.877572
1755403312427,0.29671,-0.029312,9.939785
1755403312431,0.253639,-0.024526,9.865608
1755403312433,0.239282,0.008973,9.911072
1755403312435,0.282353,-0.000598,9.827323
1755403312437,0.31346,-0.017348,9.865608
1755403312439,0.267996,-0.005384,9.903893
1755403312443,0.277567,-0.012562,9.832108
1755403312444,0.289532,-0.019741,9.906285
1755403312447,0.27996,0.02333,9.848858
1755403312449,0.289532,-0.026919,9.879965
1755403312451,0.27996,-0.022134,9.879965
1755403312454,0.320638,-0.007777,9.879965
1755403312456,0.267996,-0.050847,9.896714
1755403312459,0.306281,-0.010169,9.875179
1755403312461,0.311067,-0.010169,9.848858
1755403312464,0.287139,-0.036491,9.889536
1755403312466,0.311067,0.02333,9.882358
1755403312468,0.294317,-0.026919,9.863214
1755403312471,0.234497,-0.038883,9.906285
1755403312473,0.263211,-0.031705,9.88475
1755403312475,0.282353,-0.019741,9.853643
1755403312478,0.27996,-0.026919,9.915857
1755403312481,0.306281,-0.002991,9.879965
1755403312483,0.301496,-0.017348,9.887143
1755403312485,0.272782,-0.036491,9.923036
1755403312488,0.270389,-0.000598,9.913465
1755403312490,0.294317,-0.000598,9.872787
1755403312492,0.27996,-0.031705,9.858429
1755403312494,0.277567,0.008973,9.894321
1755403312497,0.253639,0.013759,9.882358
1755403312500,0.258425,-0.014955,9.896714
1755403312502,0.287139,-0.022134,9.887143
1755403312504,0.246461,-0.048455,9.882358
1755403312507,0.301496,-0.029312,9.868001
1755403312509,0.258425,-0.058026,9.899107
1755403312511,0.277567,0.004187,9.872787
1755403312514,0.246461,-0.010169,9.879965
1755403312516,0.27996,-0.014955,9.877572
1755403312519,0.272782,-0.019741,9.865608
1755403312521,0.263211,-0.014955,9.891929
1755403312523,0.289532,-0.000598,9.872787
1755403312526,0.294317,-0.058026,9.872787
1755403312528,0.282353,-0.010169,9.923036
1755403312531,0.277567,0.00658,9.896714
1755403312534,0.270389,-0.007777,9.877572
1755403312536,0.27996,-0.017348,9.870394
1755403312538,0.275175,-0.034098,9.879965
1755403312540,0.287139,-0.022134,9.870394
1755403312542,0.284746,-0.029312,9.88475
1755403312545,0.308674,-0.007777,9.877572
1755403312548,0.277567,-0.002991,9.906285
1755403312551,0.251246,-0.029312,9.870394
1755403312553,0.303888,-0.024526,9.879965
1755403312555,0.282353,-0.048455,9.889536
1755403312557,0.29671,-0.026919,9.879965
1755403312559,0.287139,-0.007777,9.903893
1755403312561,0.287139,-0.041276,9.889536
1755403312564,0.277567,-0.034098,9.899107
1755403312567,0.299103,-0.019741,9.865608
1755403312569,0.284746,0.004187,9.848858
1755403312571,0.325424,-0.022134,9.889536
1755403312575,0.267996,-0.010169,9.887143
1755403312576,0.244068,-0.007777,9.882358
1755403312579,0.303888,-0.002991,9.894321
1755403312581,0.303888,-0.019741,9.877572
1755403312584,0.260818,-0.024526,9.896714
1755403312586,0.272782,-0.017348,9.856036
1755403312589,0.31346,0.011366,9.882358
1755403312591,0.294317,-0.024526,9.877572
1755403312593,0.272782,-0.007777,9.865608
1755403312595,0.27996,-0.010169,9.875179
1755403312598,0.272782,-0.022134,9.882358
1755403312600,0.263211,-0.017348,9.877572
1755403312603,0.258425,-0.002991,9.879965
1755403312605,0.258425,-0.034098,9.877572
1755403312607,0.253639,-0.058026,9.872787
1755403312609,0.260818,-0.024526,9.889536
1755403312612,0.263211,-0.029312,9.896714
1755403312615,0.306281,0.011366,9.877572
1755403312618,0.303888,-0.038883,9.877572
1755403312622,0.282353,-0.026919,9.879965
1755403312623,0.29671,-0.034098,9.882358
1755403312624,0.282353,-0.019741,9.879965
1755403312626,0.277567,-0.019741,9.889536
1755403312629,0.301496,-0.019741,9.903893
1755403312631,0.277567,-0.014955,9.88475
1755403312634,0.27996,-0.022134,9.863214
1755403312637,0.308674,-0.022134,9.887143
1755403312638,0.287139,-0.014955,9.887143
1755403312641,0.265603,-0.007777,9.872787
1755403312643,0.267996,-0.019741,9.88475
1755403312645,0.253639,-0.022134,9.868001
1755403312648,0.260818,-0.010169,9.906285
1755403312652,0.284746,0.001795,9.896714
1755403312654,0.299103,-0.024526,9.88475
1755403312655,0.258425,-0.031705,9.887143
1755403312657,0.29671,0.004187,9.891929
1755403312660,0.277567,-0.019741,9.899107
1755403312662,0.267996,-0.007777,9.865608
1755403312665,0.260818,-0.024526,9.891929
1755403312667,0.267996,-0.034098,9.860822
1755403312670,0.303888,-0.024526,9.896714
1755403312672,0.248854,-0.034098,9.887143
1755403312674,0.234497,-0.041276,9.853643
1755403312677,0.29671,-0.038883,9.875179
1755403312679,0.265603,-0.036491,9.882358
1755403312681,0.270389,-0.029312,9.858429
1755403312684,0.272782,0.00658,9.863214
1755403312686,0.282353,-0.005384,9.863214
1755403312688,0.272782,-0.048455,9.868001
1755403312691,0.301496,-0.055633,9.865608
1755403312693,0.27996,-0.043669,9.896714
1755403312696,0.287139,-0.019741,9.879965
1755403312698,0.275175,-0.007777,9.887143
1755403312701,0.267996,-0.034098,9.887143
1755403312703,0.263211,-0.017348,9.872787
1755403312706,0.284746,-0.012562,9.870394
1755403312708,0.239282,-0.014955,9.870394
1755403312711,0.256032,-0.007777,9.911072
1755403312712,0.299103,0.008973,9.846465
1755403312715,0.284746,-0.019741,9.889536
1755403312717,0.291924,-0.005384,9.875179
1755403312720,0.29671,-0.002991,9.887143
1755403312722,0.265603,-0.017348,9.891929
1755403312724,0.263211,-0.002991,9.891929
1755403312727,0.299103,-0.007777,9.879965
1755403312729,0.270389,-0.043669,9.870394
1755403312732,0.267996,-0.017348,9.875179
1755403312734,0.256032,-0.036491,9.877572
1755403312737,0.282353,-0.022134,9.870394
1755403312739,0.306281,-0.000598,9.879965
1755403312742,0.29671,0.004187,9.870394
1755403312744,0.294317,0.001795,9.894321
1755403312746,0.291924,-0.007777,9.882358
1755403312749,0.284746,-0.031705,9.870394
1755403312751,0.27996,-0.014955,9.877572
1755403312754,0.253639,-0.019741,9.879965
1755403312756,0.303888,-0.010169,9.858429
1755403312758,0.277567,-0.029312,9.868001
1755403312761,0.260818,-0.026919,9.868001
1755403312763,0.277567,-0.036491,9.872787
1755403312765,0.299103,-0.031705,9.858429
1755403312768,0.258425,-0.026919,9.877572
1755403312771,0.275175,-0.038883,9.891929
1755403312773,0.267996,-0.046062,9.887143
1755403312775,0.299103,-0.024526,9.879965
1755403312778,0.272782,-0.000598,9.870394
1755403312780,0.258425,-0.024526,9.9015
1755403312782,0.294317,-0.026919,9.882358
1755403312784,0.258425,-0.050847,9.872787
1755403312788,0.239282,-0.034098,9.868001
1755403312790,0.301496,-0.019741,9.889536
1755403312793,0.27996,-0.036491,9.894321
1755403312794,0.265603,-0.043669,9.887143
1755403312796,0.270389,-0.038883,9.908679
1755403312799,0.267996,-0.034098,9.834501
1755403312801,0.275175,-0.036491,9.865608
1755403312804,0.282353,-0.019741,9.903893
1755403312807,0.251246,-0.024526,9.891929
1755403312809,0.239282,-0.019741,9.872787
1755403312811,0.244068,-0.019741,9.891929
1755403312813,0.253639,-0.026919,9.875179
1755403312816,0.27996,-0.007777,9.853643
1755403312818,0.272782,-0.024526,9.870394
1755403312821,0.301496,-0.031705,9.860822
1755403312825,0.289532,-0.017348,9.887143
1755403312826,0.282353,-0.026919,9.868001
1755403312828,0.299103,-0.038883,9.889536
1755403312830,0.31346,-0.000598,9.887143
1755403312833,0.289532,-0.017348,9.882358
1755403312835,0.270389,-0.024526,9.851251
1755403312839,0.277567,-0.034098,9.860822
1755403312841,0.260818,-0.031705,9.894321
1755403312843,0.277567,-0.026919,9.865608
1755403312845,0.251246,-0.031705,9.891929
1755403312847,0.265603,0.001795,9.879965
1755403312849,0.270389,-0.002991,9.872787
1755403312851,0.287139,0.00658,9.863214
1755403312854,0.272782,0.011366,9.865608
1755403312857,0.265603,-0.017348,9.868001
1755403312861,0.27996,-0.019741,9.88475
1755403312862,0.29671,-0.022134,9.882358
1755403312864,0.277567,0.001795,9.896714
1755403312866,0.284746,-0.010169,9.887143
1755403312868,0.246461,-0.017348,9.9015
1755403312871,0.289532,-0.017348,9.863214
1755403312874,0.284746,-0.041276,9.879965
1755403312875,0.27996,-0.012562,9.877572
1755403312878,0.263211,-0.010169,9.875179
1755403312880,0.275175,-0.024526,9.891929
1755403312883,0.291924,-0.017348,9.906285
1755403312885,0.299103,-0.012562,9.863214
1755403312887,0.284746,-0.019741,9.868001
1755403312891,0.275175,-0.031705,9.889536
1755403312893,0.253639,-0.010169,9.872787
1755403312895,0.263211,-0.012562,9.903893
1755403312897,0.253639,-0.022134,9.882358
1755403312899,0.258425,-0.000598,9.882358
1755403312902,0.263211,0.011366,9.899107
1755403312904,0.27996,-0.031705,9.88475
1755403312907,0.294317,-0.010169,9.887143
1755403312909,0.291924,-0.034098,9.889536
1755403312911,0.282353,-0.012562,9.894321
1755403312914,0.270389,-0.034098,9.887143
1755403312916,0.260818,-0.014955,9.872787
1755403312919,0.29671,-0.000598,9.877572
1755403312921,0.258425,-0.031705,9.887143
1755403312924,0.284746,-0.029312,9.875179
1755403312928,0.272782,-0.017348,9.872787
1755403312929,0.277567,-0.038883,9.879965
1755403312931,0.270389,-0.010169,9.875179
1755403312933,0.270389,0.011366,9.88475
1755403312936,0.232104,-0.010169,9.853643
1755403312938,0.258425,-0.005384,9.872787
1755403312941,0.270389,-0.010169,9.896714
1755403312943,0.265603,-0.012562,9.865608
1755403312945,0.301496,-0.019741,9.88475
1755403312947,0.256032,-0.048455,9.872787
1755403312950,0.272782,-0.012562,9.882358
1755403312952,0.308674,-0.031705,9.879965
1755403312955,0.303888,-0.029312,9.870394
1755403312957,0.287139,0.004187,9.865608
1755403312960,0.282353,-0.050847,9.882358
1755403312962,0.287139,-0.022134,9.896714
1755403312964,0.287139,-0.024526,9.872787
1755403312967,0.315853,-0.014955,9.858429
1755403312969,0.275175,-0.036491,9.870394
1755403312972,0.303888,-0.029312,9.877572
1755403312975,0.29671,-0.050847,9.889536
1755403312977,0.29671,-0.036491,9.889536
1755403312979,0.303888,-0.031705,9.875179
1755403312981,0.244068,-0.022134,9.891929
1755403312983,0.284746,-0.029312,9.899107
1755403312986,0.308674,-0.010169,9.879965
1755403312988,0.303888,-0.043669,9.879965
1755403312992,0.287139,-0.05324,9.877572
1755403312994,0.315853,-0.038883,9.875179
1755403312996,0.265603,-0.017348,9.872787
1755403312998,0.301496,-0.000598,9.896714
1755403313001,0.287139,0.013759,9.894321
1755403313002,0.289532,-0.019741,9.879965
1755403313005,0.251246,-0.017348,9.882358
1755403313009,0.267996,-0.029312,9.894321
1755403313011,0.263211,-0.010169,9.882358
1755403313012,0.315853,-0.036491,9.877572
1755403313015,0.31346,-0.038883,9.889536
1755403313017,0.287139,-0.036491,9.872787
1755403313019,0.272782,-0.017348,9.887143
1755403313022,0.277567,-0.007777,9.908679
1755403313024,0.315853,-0.010169,9.88475
1755403313026,0.31346,-0.017348,9.906285
1755403313029,0.27996,-0.024526,9.870394
1755403313031,0.253639,-0.010169,9.879965
1755403313034,0.277567,-0.024526,9.889536
1755403313036,0.258425,-0.031705,9.891929
1755403313038,0.267996,0.016152,9.872787
1755403313041,0.282353,-0.005384,9.887143
1755403313044,0.27996,-0.036491,9.88475
1755403313046,0.284746,-0.036491,9.891929
1755403313048,0.282353,-0.038883,9.896714
1755403313050,0.253639,-0.034098,9.906285
1755403313053,0.308674,-0.043669,9.872787
1755403313055,0.318245,-0.034098,9.899107
1755403313057,0.27996,-0.055633,9.851251
1755403313060,0.294317,-0.029312,9.882358
1755403313063,0.277567,-0.050847,9.879965
1755403313065,0.260818,-0.022134,9.899107
1755403313067,0.260818,-0.012562,9.891929
1755403313070,0.27996,-0.024526,9.875179
1755403313072,0.306281,-0.005384,9.896714
1755403313074,0.277567,-0.026919,9.88475
1755403313077,0.258425,0.001795,9.889536
1755403313079,0.267996,-0.010169,9.889536
1755403313081,0.256032,-0.031705,9.877572
1755403313084,0.289532,-0.024526,9.882358
1755403313086,0.270389,-0.017348,9.875179
1755403313089,0.277567,-0.029312,9.868001
1755403313091,0.256032,-0.031705,9.887143
1755403313095,0.270389,-0.036491,9.868001
1755403313097,0.251246,-0.031705,9.872787
1755403313098,0.251246,-0.05324,9.865608
1755403313101,0.253639,-0.005384,9.889536
1755403313103,0.284746,-0.034098,9.875179
1755403313106,0.29671,-0.014955,9.887143
1755403313108,0.282353,-0.000598,9.875179
1755403313111,0.27996,-0.050847,9.887143
1755403313113,0.270389,-0.034098,9.887143
1755403313115,0.311067,-0.024526,9.872787
1755403313118,0.311067,-0.010169,9.856036
1755403313120,0.306281,-0.007777,9.887143
1755403313122,0.272782,-0.019741,9.875179
1755403313125,0.289532,-0.046062,9.882358
1755403313128,0.291924,-0.010169,9.906285
1755403313130,0.260818,-0.014955,9.882358
1755403313132,0.256032,-0.041276,9.889536
1755403313134,0.303888,0.008973,9.868001
1755403313136,0.291924,-0.041276,9.868001
1755403313139,0.267996,-0.046062,9.856036
1755403313142,0.29671,-0.019741,9.882358
1755403313145,0.277567,-0.041276,9.88475
1755403313149,0.260818,-0.031705,9.889536
1755403313151,0.265603,-0.012562,9.879965
1755403313152,0.291924,-0.017348,9.889536
1755403313153,0.299103,-0.036491,9.870394
1755403313156,0.294317,-0.000598,9.877572
1755403313159,0.291924,-0.026919,9.868001
1755403313162,0.277567,-0.007777,9.870394
1755403313165,0.265603,-0.048455,9.865608
1755403313167,0.294317,-0.014955,9.88475
1755403313168,0.291924,-0.017348,9.877572
1755403313170,0.265603,-0.019741,9.877572
1755403313172,0.282353,-0.019741,9.903893
1755403313175,0.229711,-0.029312,9.88475
1755403313179,0.287139,-0.019741,9.860822
1755403313180,0.287139,-0.026919,9.887143
1755403313182,0.241675,-0.002991,9.899107
1755403313185,0.267996,0.020937,9.911072
1755403313187,0.272782,-0.029312,9.879965
1755403313189,0.291924,-0.038883,9.805787
1755403313192,0.27996,-0.014955,9.88475
1755403313194,0.27996,0.001795,9.934999
1755403313197,0.308674,0.008973,9.899107
1755403313199,0.258425,-0.034098,9.750752
1755403313202,0.248854,-0.067597,10.023833
1755403313204,0.306281,0.032901,9.844072
1755403313206,0.272782,-0.058026,9.836894
1755403313208,0.246461,-0.067597,9.956834
1755403313211,0.303888,0.028116,9.817751
1755403313214,0.253639,-0.065204,9.839287
1755403313216,0.294317,-0.067597,9.949656
1755403313218,0.325424,0.059222,9.80818
1755403313220,0.212961,-0.065204,9.920643
1755403313223,0.284746,-0.002991,9.947263
1755403313225,0.301496,0.04008,9.741181
1755403313228,0.195912,-0.060419,10.050154
1755403313231,0.344566,-0.000598,9.879965
1755403313232,0.253639,-0.038883,9.803394
1755403313235,0.217747,-0.017348,9.966406
1755403313237,0.356531,-0.012562,9.815358
1755403313240,0.215354,-0.022134,9.923036
1755403313242,0.315853,0.011366,9.84168
1755403313244,0.299103,-0.041276,9.891929
1755403313247,0.265603,0.02333,9.934999
1755403313250,0.344566,0.020937,9.74836
1755403313252,0.241675,-0.093918,9.894321
1755403313255,0.308674,-0.058026,9.930214
1755403313257,0.303888,0.047258,9.856036
1755403313259,0.267996,-0.024526,9.896714
1755403313261,0.351745,-0.036491,10.002297
1755403313264,0.325424,0.02333,9.805787
1755403313267,0.239282,-0.024526,9.91825
1755403313269,0.31346,0.028116,9.939785
1755403313271,0.311067,-0.000598,9.846465
1755403313273,0.236889,-0.043669,9.879965
1755403313275,0.31346,-0.014955,9.827323
1755403313278,0.263211,-0.031705,9.915857
1755403313281,0.251246,-0.024526,9.91825
1755403313283,0.294317,0.001795,9.856036
1755403313286,0.258425,-0.050847,9.896714
1755403313287,0.284746,-0.005384,9.870394
1755403313290,0.29671,-0.014955,9.853643
1755403313292,0.239282,-0.065204,9.891929
1755403313295,0.284746,-0.014955,9.82493
1755403313297,0.260818,-0.060419,9.925428
1755403313300,0.272782,0.011366,9.913465
1755403313302,0.287139,-0.017348,9.84168
1755403313304,0.263211,-0.060419,9.891929
1755403313307,0.301496,-0.010169,9.860822
1755403313309,0.270389,-0.031705,9.891929
1755403313311,0.272782,-0.034098,9.980762
1755403313314,0.284746,-0.046062,9.836894
1755403313316,0.253639,-0.065204,9.832108
1755403313319,0.315853,-0.022134,9.836894
1755403313321,0.267996,-0.036491,9.952048
1755403313323,0.270389,0.00658,9.934999
1755403313326,0.306281,-0.002991,9.815358
1755403313328,0.253639,-0.046062,9.894321
1755403313331,0.294317,-0.026919,9.870394
1755403313334,0.275175,-0.048455,9.877572
1755403313336,0.251246,-0.019741,9.887143
1755403313338,0.327817,-0.043669,9.839287
1755403313340,0.270389,-0.019741,9.908679
1755403313343,0.267996,0.044865,9.911072
1755403313345,0.263211,-0.024526,9.939785
1755403313350,0.287139,-0.029312,9.717253
1755403313352,0.241675,-0.012562,9.887143
1755403313353,0.239282,-0.031705,9.846465
1755403313355,0.236889,-0.038883,9.870394
1755403313357,0.294317,-0.034098,9.968799
1755403313359,0.344566,-0.048455,9.856036
1755403313362,0.251246,-0.034098,9.753145
1755403313366,0.327817,-0.079561,9.707682
1755403313367,0.215354,-0.002991,9.88475
1755403313369,0.308674,-0.034098,9.91825
1755403313371,0.301496,-0.031705,9.944571
1755403313374,0.27996,-0.024526,9.82493
1755403313376,0.287139,-0.055633,9.891929
1755403313378,0.29671,-0.005384,9.911072
1755403313381,0.275175,-0.007777,9.872787
1755403313384,0.272782,-0.034098,9.836894
1755403313386,0.277567,-0.043669,9.851251
1755403313389,0.301496,-0.046062,9.959227
1755403313390,0.27996,0.001795,9.942178
1755403313393,0.246461,-0.019741,9.879965
1755403313395,0.282353,-0.017348,9.860822
1755403313398,0.291924,-0.012562,9.848858
1755403313401,0.282353,-0.000598,9.954441
1755403313403,0.29671,-0.002991,9.906285
1755403313405,0.301496,-0.024526,9.882358
1755403313407,0.272782,-0.031705,9.84168
1755403313410,0.267996,-0.038883,9.879965
1755403313412,0.267996,-0.026919,9.896714
1755403313415,0.29671,-0.036491,9.906285
1755403313417,0.308674,-0.007777,9.877572
1755403313420,0.282353,-0.031705,9.848858
1755403313422,0.299103,-0.024526,9.872787
1755403313424,0.284746,-0.022134,9.903893
1755403313427,0.29671,-0.034098,9.913465
1755403313429,0.294317,-0.005384,9.863214
1755403313431,0.258425,-0.034098,9.882358
1755403313434,0.301496,-0.010169,9.879965
1755403313436,0.311067,-0.036491,9.896714
1755403313439,0.308674,-0.036491,9.868001
1755403313441,0.272782,-0.06999,9.844072
1755403313444,0.27996,-0.024526,9.925428
1755403313446,0.277567,-0.041276,9.810573
1755403313448,0.258425,-0.091525,9.930214
1755403313451,0.284746,-0.002991,10.002297
1755403313453,0.258425,0.037687,9.82493
1755403313457,0.246461,-0.065204,9.84168
1755403313458,0.303888,-0.046062,9.952048
1755403313460,0.265603,-0.014955,9.865608
1755403313462,0.241675,-0.005384,9.863214
1755403313465,0.337388,-0.038883,9.798609
1755403313468,0.284746,-0.026919,9.923036
1755403313470,0.27996,0.04008,9.868001
1755403313472,0.282353,-0.038883,9.923036
1755403313474,0.265603,-0.026919,9.834501
1755403313477,0.27996,-0.012562,9.891929
1755403313479,0.246461,-0.005384,9.927821
1755403313482,0.311067,-0.034098,9.834501
1755403313484,0.27996,-0.05324,9.887143
1755403313487,0.277567,-0.043669,9.872787
1755403313489,0.251246,-0.005384,9.91825
1755403313491,0.232104,-0.002991,9.84168
1755403313494,0.282353,-0.007777,9.930214
1755403313496,0.260818,0.011366,9.899107
1755403313498,0.311067,-0.036491,9.772287
1755403313502,0.294317,-0.050847,9.952048
1755403313505,0.29671,-0.007777,9.77468
1755403313507,0.263211,-0.017348,9.999905
1755403313508,0.282353,0.00658,9.834501
1755403313510,0.308674,-0.050847,9.84168
1755403313513,0.265603,-0.019741,9.949656
1755403313516,0.294317,-0.041276,9.753145
1755403313519,0.272782,-0.065204,9.961619
1755403313520,0.327817,0.02333,9.834501
1755403313523,0.241675,-0.074776,9.908679
1755403313525,0.272782,0.004187,9.954441
1755403313527,0.265603,-0.041276,9.793823
1755403313529,0.248854,-0.065204,9.968799
1755403313532,0.306281,-0.034098,9.786645
1755403313536,0.241675,-0.050847,9.894321
1755403313539,0.282353,0.013759,9.964012
1755403313540,0.229711,-0.024526,9.772287
1755403313543,0.306281,-0.024526,9.9015
1755403313544,0.277567,-0.005384,9.889536
1755403313546,0.289532,-0.031705,9.781859
1755403313549,0.29671,-0.041276,9.985548
1755403313551,0.272782,0.025723,9.856036
1755403313555,0.315853,-0.043669,9.84168
1755403313556,0.27996,-0.031705,9.990334
1755403313559,0.311067,-0.026919,9.805787
1755403313561,0.287139,-0.031705,9.889536
1755403313563,0.311067,-0.019741,9.964012
1755403313566,0.248854,-0.007777,9.872787
1755403313568,0.315853,-0.043669,9.724431
1755403313571,0.256032,-0.05324,9.975977
1755403313573,0.253639,0.013759,9.836894
1755403313575,0.299103,-0.046062,9.903893
1755403313578,0.294317,-0.002991,9.882358
1755403313580,0.253639,-0.050847,9.810573
1755403313582,0.251246,-0.043669,9.999905
1755403313585,0.294317,-0.017348,9.796216
1755403313587,0.270389,-0.031705,9.899107
1755403313590,0.272782,0.011366,9.980762
1755403313593,0.253639,-0.034098,9.798609
1755403313594,0.287139,-0.026919,9.891929
1755403313597,0.308674,-0.012562,9.908679
1755403313599,0.263211,-0.024526,9.712467
1755403313602,0.27996,-0.034098,9.997512
1755403313604,0.284746,-0.022134,9.80818
1755403313608,0.323031,-0.005384,10.014262
1755403313609,0.251246,-0.010169,9.863214
1755403313611,0.277567,-0.024526,9.88475
1755403313614,0.270389,-0.038883,9.973584
1755403313616,0.323031,-0.041276,9.820144
1755403313618,0.29671,-0.029312,9.870394
1755403313621,0.258425,-0.024526,9.753145
1755403313623,0.308674,0.013759,9.973584
1755403313626,0.253639,-0.046062,9.930214
1755403313628,0.272782,-0.012562,9.84168
1755403313630,0.258425,-0.05324,9.851251
1755403313633,0.260818,-0.041276,9.889536
1755403313635,0.291924,-0.041276,9.891929
1755403313638,0.265603,-0.038883,9.91825
1755403313640,0.291924,-0.024526,9.79143
1755403313643,0.272782,-0.019741,9.961619
1755403313645,0.265603,-0.017348,9.82493
1755403313648,0.291924,0.008973,9.848858
1755403313650,0.287139,-0.041276,9.887143
1755403313652,0.287139,-0.005384,9.956834
1755403313655,0.270389,0.001795,9.753145
1755403313657,0.248854,-0.036491,9.91825
1755403313659,0.282353,0.004187,9.899107
1755403313661,0.282353,-0.012562,9.84168
1755403313664,0.282353,-0.034098,9.913465
1755403313666,0.289532,-0.014955,9.877572
1755403313669,0.272782,-0.017348,9.879965
1755403313672,0.27996,-0.034098,9.930214
1755403313673,0.284746,-0.041276,9.829716
1755403313676,0.29671,-0.024526,9.889536
1755403313678,0.27996,-0.019741,9.853643
1755403313680,0.308674,-0.026919,9.908679
1755403313683,0.291924,-0.026919,9.877572
1755403313685,0.289532,0.001795,9.906285
1755403313688,0.323031,-0.000598,9.870394
1755403313690,0.263211,0.001795,9.82493
1755403313693,0.284746,0.02333,9.903893
1755403313695,0.282353,-0.036491,9.891929
1755403313697,0.267996,-0.019741,9.848858
1755403313700,0.270389,-0.048455,9.769895
1755403313702,0.31346,-0.014955,9.999905
1755403313706,0.294317,-0.012562,9.832108
1755403313708,0.27996,-0.036491,9.870394
1755403313709,0.272782,-0.043669,9.971191
1755403313712,0.27996,-0.005384,9.875179
1755403313714,0.253639,-0.036491,9.784252
1755403313716,0.289532,-0.038883,9.851251
1755403313719,0.265603,-0.050847,9.983155
1755403313723,0.275175,-0.022134,9.930214
1755403313724,0.31346,-0.014955,9.925428
1755403313727,0.284746,-0.034098,9.693324
1755403313729,0.282353,-0.041276,9.952048
1755403313731,0.294317,0.001795,9.954441
1755403313733,0.263211,-0.005384,9.815358
1755403313735,0.291924,-0.022134,9.882358
1755403313740,0.282353,0.001795,9.939785
1755403313741,0.270389,-0.000598,9.805787
1755403313743,0.263211,-0.038883,9.906285
1755403313745,0.267996,0.00658,9.868001
1755403313747,0.263211,-0.041276,9.755538
1755403313751,0.270389,-0.017348,9.923036
1755403313753,0.29671,0.052044,9.812965
1755403313755,0.272782,-0.065204,10.009477
1755403313758,0.258425,0.001795,9.872787
1755403313760,0.291924,-0.060419,9.911072
1755403313763,0.291924,0.047258,9.848858
1755403313765,0.289532,-0.050847,9.923036
1755403313767,0.27996,-0.017348,9.836894
1755403313770,0.251246,-0.041276,9.937392
1755403313772,0.277567,0.013759,9.865608
1755403313775,0.258425,-0.010169,9.913465
1755403313776,0.253639,-0.05324,9.942178
1755403313779,0.277567,-0.074776,9.738789
1755403313781,0.284746,-0.050847,9.9015
1755403313784,0.282353,-0.007777,9.942178
1755403313786,0.253639,0.04008,9.801002
1755403313788,0.246461,-0.041276,9.91825
1755403313791,0.294317,-0.050847,9.889536
1755403313793,0.284746,0.020937,9.88475
1755403313796,0.291924,-0.005384,9.805787
1755403313798,0.284746,-0.079561,9.932607
1755403313800,0.282353,-0.017348,9.817751
1755403313803,0.284746,0.016152,9.906285
1755403313805,0.303888,-0.024526,9.906285
1755403313808,0.299103,-0.036491,9.827323
1755403313810,0.291924,-0.036491,9.879965
1755403313814,0.256032,0.044865,9.872787
1755403313815,0.251246,-0.048455,9.925428
1755403313817,0.301496,-0.022134,9.853643
1755403313820,0.22014,-0.002991,9.934999
1755403313822,0.284746,-0.036491,9.82493
1755403313827,0.241675,-0.029312,9.88475
1755403313829,0.294317,-0.000598,9.817751
1755403313830,0.287139,-0.029312,9.944571
1755403313832,0.272782,-0.05324,9.863214
1755403313835,0.258425,-0.029312,9.88475
1755403313836,0.315853,-0.024526,9.872787
1755403313839,0.275175,-0.029312,9.911072
1755403313841,0.315853,-0.029312,9.84168
1755403313844,0.315853,-0.012562,9.865608
1755403313846,0.294317,-0.019741,9.9015
1755403313848,0.303888,-0.005384,9.812965
1755403313851,0.27996,-0.048455,9.956834
1755403313853,0.325424,-0.010169,9.827323
1755403313856,0.29671,-0.002991,9.949656
1755403313859,0.294317,0.020937,9.810573
1755403313861,0.275175,-0.05324,9.934999
1755403313863,0.323031,-0.012562,9.812965
1755403313866,0.282353,-0.050847,9.91825
1755403313868,0.275175,-0.017348,9.858429
1755403313870,0.275175,-0.026919,9.839287
1755403313873,0.256032,-0.012562,9.903893
1755403313877,0.315853,-0.000598,9.827323
1755403313879,0.277567,-0.010169,9.925428
1755403313880,0.349352,-0.058026,9.815358
1755403313882,0.275175,-0.010169,9.927821
1755403313884,0.358923,-0.058026,9.827323
1755403313887,0.239282,-0.012562,9.923036
1755403313890,0.289532,-0.022134,9.858429
1755403313893,0.260818,0.028116,9.930214
1755403313895,0.270389,0.018544,9.91825
1755403313896,0.244068,-0.000598,9.923036
1755403313899,0.270389,-0.017348,9.925428
1755403313901,0.301496,-0.022134,9.889536
1755403313903,0.291924,-0.058026,9.865608
1755403313906,0.29671,-0.050847,9.769895
1755403313908,0.289532,-0.067597,9.88475
1755403313911,0.31346,-0.026919,9.834501
1755403313913,0.31346,0.032901,10.002297
1755403313916,0.284746,0.037687,9.939785
1755403313918,0.284746,0.02333,9.844072
1755403313920,0.251246,-0.113061,9.822537
1755403313923,0.291924,-0.105882,9.765109
1755403313925,0.265603,-0.022134,9.959227
1755403313928,0.29671,0.090329,9.947263
1755403313930,0.277567,0.068794,9.927821
1755403313933,0.253639,-0.079561,9.822537
1755403313935,0.258425,-0.120239,9.753145
1755403313937,0.260818,-0.002991,9.997512
1755403313940,0.282353,0.126221,10.00469
1755403313942,0.241675,-0.017348,9.810573
1755403313944,0.287139,-0.156132,9.810573
1755403313947,0.282353,-0.062812,9.889536
1755403313949,0.284746,0.121436,10.014262
1755403313951,0.260818,0.04008,9.803394
1755403313954,0.267996,-0.110668,9.82493
1755403313956,0.299103,-0.062812,9.952048
1755403313959,0.275175,0.064008,9.937392
1755403313961,0.315853,0.016152,9.903893
1755403313964,0.303888,-0.081954,9.908679
1755403313966,0.315853,-0.014955,9.868001
1755403313968,0.272782,-0.022134,9.887143
1755403313971,0.31346,-0.034098,9.942178
1755403313974,0.284746,-0.010169,9.906285
1755403313975,0.287139,-0.014955,9.913465
1755403313979,0.227318,-0.002991,9.932607
1755403313981,0.277567,-0.014955,9.817751
1755403313983,0.253639,-0.055633,9.899107
1755403313985,0.267996,-0.022134,9.891929
1755403313987,0.265603,-0.019741,9.877572
1755403313990,0.267996,-0.022134,9.915857
1755403313992,0.267996,-0.000598,9.915857
1755403313996,0.27996,0.011366,9.84168
1755403313997,0.260818,-0.041276,9.913465
1755403313999,0.246461,-0.024526,9.856036
1755403314002,0.301496,-0.031705,9.860822
1755403314004,0.246461,-0.010169,9.913465
1755403314007,0.282353,-0.019741,9.882358
1755403314009,0.270389,-0.029312,9.894321
1755403314012,0.277567,-0.000598,9.865608
1755403314014,0.272782,-0.031705,9.894321
1755403314016,0.289532,-0.005384,9.908679
1755403314019,0.289532,0.004187,9.846465
1755403314021,0.29671,-0.005384,9.846465
1755403314023,0.294317,-0.06999,9.925428
1755403314026,0.272782,-0.026919,9.889536
1755403314030,0.263211,0.037687,9.875179
1755403314031,0.258425,-0.060419,9.832108
1755403314033,0.29671,-0.062812,9.91825
1755403314035,0.265603,0.071186,9.913465
1755403314038,0.244068,0.004187,9.801002
1755403314040,0.308674,-0.113061,9.844072
1755403314043,0.346959,-0.000598,10.002297
1755403314047,0.284746,0.059222,9.798609
1755403314048,0.275175,-0.038883,9.789038
1755403314050,0.311067,-0.062812,10.035797
1755403314052,0.284746,0.090329,9.860822
1755403314055,0.217747,0.028116,9.789038
1755403314057,0.29671,-0.132203,9.875179
1755403314059,0.303888,-0.014955,9.930214
1755403314063,0.265603,0.095115,9.863214
1755403314064,0.258425,-0.060419,9.786645
1755403314067,0.315853,-0.101097,9.903893
1755403314069,0.244068,0.052044,9.985548
1755403314071,0.217747,0.075972,9.829716
1755403314074,0.294317,-0.125025,9.805787
1755403314076,0.289532,-0.091525,10.026226
1755403314080,0.244068,0.111864,9.856036
1755403314082,0.229711,-0.002991,9.786645
1755403314083,0.251246,-0.177667,9.844072
1755403314086,0.303888,-0.036491,9.915857
1755403314088,0.224925,0.114257,10.014262
1755403314090,0.258425,-0.012562,9.810573
1755403314093,0.260818,-0.18006,9.779466
1755403314097,0.299103,-0.031705,10.047761
1755403314099,0.270389,0.186042,9.927821
1755403314100,0.258425,-0.007777,9.724431
1755403314103,0.272782,-0.203988,9.817751
1755403314105,0.308674,0.018544,10.026226
1755403314107,0.253639,0.159721,9.903893
1755403314110,0.260818,-0.072383,9.734002
1755403314112,0.284746,-0.194417,9.805787
1755403314115,0.256032,0.04008,10.074082
1755403314117,0.236889,0.169292,9.896714
1755403314119,0.265603,-0.129811,9.71486
1755403314122,0.289532,-0.182453,9.971191
1755403314124,0.291924,0.135793,9.952048
1755403314126,0.275175,0.104686,9.786645
1755403314129,0.270389,-0.182453,9.736395
1755403314132,0.303888,-0.125025,9.971191
1755403314134,0.232104,0.152542,9.939785
1755403314137,0.22014,-0.007777,9.753145
1755403314138,0.275175,-0.208774,9.84168
1755403314141,0.327817,0.018544,10.03819
1755403314143,0.284746,0.147757,9.848858
1755403314145,0.282353,-0.093918,9.74836
1755403314148,0.339781,-0.122632,10.050154
1755403314151,0.291924,0.1334,9.9015
1755403314153,0.200997,-0.007777,9.762716
1755403314155,0.294317,-0.199202,9.980762
1755403314157,0.325424,0.013759,9.812965
1755403314160,0.195912,0.044865,9.88475
1755403314162,0.294317,-0.048455,9.930214
1755403314165,0.334995,-0.05324,9.812965
1755403314169,0.22014,-0.031705,9.906285
1755403314170,0.308674,0.020937,9.949656
1755403314172,0.344566,0.008973,9.801002
1755403314175,0.256032,-0.113061,9.882358
1755403314177,0.354138,0.00658,9.952048
1755403314179,0.291924,0.052044,9.812965
1755403314182,0.267996,-0.067597,9.944571
1755403314184,0.306281,-0.010169,9.91825
1755403314186,0.301496,-0.019741,9.798609
1755403314188,0.256032,-0.048455,9.975977
1755403314191,0.339781,-0.007777,9.868001
1755403314193,0.253639,-0.014955,9.875179
1755403314196,0.241675,-0.026919,9.891929
1755403314199,0.323031,-0.017348,9.875179
1755403314201,0.277567,-0.031705,9.906285
1755403314203,0.303888,-0.002991,9.858429
1755403314205,0.256032,-0.019741,9.930214
1755403314208,0.311067,-0.036491,9.844072
1755403314210,0.275175,-0.050847,9.88475
1755403314213,0.256032,0.004187,9.863214
1755403314217,0.287139,-0.000598,9.88475
1755403314218,0.265603,-0.005384,9.903893
1755403314220,0.277567,-0.046062,9.875179
1755403314222,0.318245,-0.036491,9.896714
1755403314225,0.263211,-0.000598,9.896714
1755403314227,0.212961,-0.017348,9.887143
1755403314229,0.27996,-0.022134,9.920643
1755403314233,0.267996,-0.019741,9.887143
1755403314235,0.239282,-0.019741,9.88475
1755403314237,0.277567,-0.031705,9.88475
1755403314239,0.311067,-0.014955,9.887143
1755403314242,0.227318,-0.012562,9.894321
1755403314244,0.27996,-0.012562,9.872787
1755403314246,0.251246,-0.034098,9.879965
1755403314250,0.263211,-0.031705,9.865608
1755403314252,0.272782,-0.036491,9.937392
1755403314254,0.282353,0.032901,9.868001
1755403314256,0.232104,-0.014955,9.894321
1755403314259,0.272782,-0.117847,9.760324
1755403314260,0.277567,-0.08674,9.952048
1755403314263,0.29671,0.102293,9.954441
1755403314265,0.256032,0.068794,9.882358
1755403314268,0.256032,-0.134596,9.789038
1755403314271,0.294317,-0.148953,9.820144
1755403314273,0.27996,0.054437,10.062119
1755403314275,0.256032,0.140578,9.961619
1755403314277,0.284746,-0.077169,9.702896
1755403314280,0.289532,-0.201595,9.772287
1755403314282,0.299103,-0.012562,9.949656
1755403314285,0.272782,0.114257,10.076475
1755403314287,0.241675,0.018544,9.858429
1755403314289,0.323031,-0.134596,9.688539
1755403314292,0.29671,-0.136989,9.834501
1755403314294,0.325424,0.04008,9.947263
1755403314296,0.294317,0.075972,9.999905
1755403314299,0.282353,-0.010169,9.891929
1755403314301,0.277567,-0.043669,9.846465
1755403314304,0.260818,-0.08674,9.879965
1755403314306,0.275175,-0.05324,9.798609
1755403314308,0.275175,-0.041276,9.844072
1755403314311,0.294317,0.001795,9.870394
1755403314313,0.267996,0.047258,10.014262
1755403314316,0.270389,-0.010169,9.920643
1755403314319,0.263211,-0.029312,9.879965
1755403314321,0.258425,-0.060419,9.872787
1755403314323,0.303888,-0.038883,9.796216
1755403314325,0.299103,-0.034098,9.908679
1755403314327,0.325424,-0.005384,9.80818
1755403314330,0.260818,-0.024526,9.954441
1755403314332,0.301496,0.030508,9.801002
1755403314335,0.239282,-0.036491,9.980762
1755403314337,0.325424,-0.012562,9.796216
1755403314340,0.236889,-0.041276,9.949656
1755403314342,0.29671,-0.024526,9.781859
1755403314344,0.260818,-0.026919,9.966406
1755403314347,0.327817,-0.014955,9.810573
1755403314349,0.253639,-0.041276,9.971191
1755403314352,0.315853,-0.050847,9.77468
1755403314354,0.256032,-0.034098,9.956834
1755403314356,0.311067,-0.005384,9.832108
1755403314359,0.282353,-0.010169,9.959227
1755403314361,0.332602,-0.022134,9.872787
1755403314363,0.263211,-0.012562,9.934999
1755403314366,0.294317,-0.041276,9.829716
1755403314369,0.22014,-0.002991,9.865608
1755403314371,0.318245,-0.041276,9.84168
1755403314373,0.277567,-0.026919,9.858429
1755403314376,0.275175,-0.026919,9.908679
1755403314378,0.294317,-0.012562,9.925428
1755403314380,0.270389,-0.005384,9.877572
1755403314383,0.258425,-0.046062,9.846465
1755403314385,0.29671,-0.038883,9.839287
1755403314389,0.265603,-0.031705,9.911072
1755403314391,0.294317,0.011366,9.891929
1755403314392,0.284746,-0.019741,9.887143
1755403314394,0.282353,-0.029312,9.899107
1755403314397,0.29671,-0.050847,9.875179
1755403314399,0.267996,-0.019741,9.903893
1755403314403,0.277567,-0.012562,9.839287
1755403314404,0.263211,-0.05324,9.860822
1755403314407,0.282353,-0.022134,9.915857
1755403314409,0.251246,0.013759,9.868001
1755403314411,0.27996,0.008973,9.88475
1755403314414,0.270389,-0.026919,9.906285
1755403314416,0.287139,0.001795,9.937392
1755403314420,0.275175,0.028116,9.853643
1755403314421,0.284746,-0.038883,9.812965
1755403314424,0.294317,-0.072383,9.939785
1755403314426,0.29671,0.05683,9.891929
1755403314428,0.246461,-0.046062,9.760324
1755403314430,0.282353,-0.108275,9.985548
1755403314433,0.323031,0.054437,9.925428
1755403314437,0.224925,0.00658,9.738789
1755403314438,0.258425,-0.108275,9.983155
1755403314440,0.358923,0.020937,9.882358
1755403314443,0.200997,-0.024526,9.757931
1755403314445,0.272782,-0.077169,10.002297
1755403314447,0.366102,0.042473,9.829716
1755403314450,0.20339,-0.060419,9.865608
1755403314452,0.294317,-0.034098,9.949656
1755403314455,0.37328,0.008973,9.726824
1755403314457,0.191127,-0.096311,9.952048
1755403314459,0.358923,0.037687,9.908679
1755403314462,0.303888,0.011366,9.753145
1755403314464,0.212961,-0.074776,9.964012
1755403314466,0.33021,0.061615,9.860822
1755403314469,0.246461,-0.038883,9.915857
1755403314472,0.258425,-0.017348,9.923036
1755403314474,0.354138,0.028116,9.726824
1755403314476,0.183948,-0.093918,10.026226
1755403314479,0.306281,-0.000598,9.875179
1755403314481,0.289532,-0.060419,9.80818
1755403314483,0.260818,-0.034098,9.966406
1755403314486,0.334995,0.02333,9.743574
1755403314488,0.227318,-0.058026,9.954441
1755403314492,0.299103,0.032901,9.887143
1755403314493,0.277567,0.001795,9.882358
1755403314495,0.234497,-0.005384,9.961619
1755403314498,0.31346,0.032901,9.810573
1755403314500,0.227318,-0.05324,9.968799
1755403314503,0.320638,0.001795,9.815358
1755403314505,0.29671,-0.067597,9.846465
1755403314507,0.311067,-0.007777,9.88475
1755403314510,0.332602,-0.017348,9.793823
1755403314512,0.248854,-0.038883,9.959227
1755403314514,0.318245,0.052044,9.846465
1755403314517,0.267996,-0.019741,9.913465
1755403314519,0.275175,-0.014955,9.889536
1755403314521,0.323031,-0.012562,9.834501
1755403314524,0.258425,-0.019741,9.942178
1755403314526,0.282353,-0.029312,9.777073
1755403314529,0.33021,-0.06999,9.959227
1755403314531,0.323031,-0.024526,9.875179
1755403314533,0.31346,0.001795,9.911072
1755403314536,0.270389,-0.002991,9.934999
1755403314539,0.315853,-0.019741,9.870394
1755403314541,0.275175,-0.014955,9.879965
1755403314544,0.303888,-0.019741,9.868001
1755403314545,0.241675,-0.024526,9.899107
1755403314548,0.270389,-0.034098,9.875179
1755403314551,0.291924,-0.041276,9.899107
1755403314553,0.27996,-0.007777,9.863214
1755403314556,0.265603,-0.022134,9.911072
1755403314559,0.267996,0.001795,9.9015
1755403314560,0.294317,-0.048455,9.860822
1755403314562,0.253639,-0.031705,9.882358
1755403314565,0.27996,-0.010169,9.887143
1755403314567,0.277567,-0.014955,9.887143
1755403314569,0.294317,-0.014955,9.9015
1755403314573,0.263211,-0.010169,9.875179
1755403314575,0.29671,-0.026919,9.887143
1755403314577,0.270389,-0.019741,9.872787
1755403314580,0.284746,-0.029312,9.882358
1755403314581,0.27996,-0.017348,9.88475
1755403314584,0.287139,-0.012562,9.887143
1755403314586,0.267996,-0.026919,9.887143
1755403314590,0.287139,-0.019741,9.870394
1755403314591,0.301496,0.008973,9.891929
1755403314595,0.303888,-0.002991,9.887143
1755403314596,0.272782,-0.019741,9.863214
1755403314598,0.287139,-0.046062,9.860822
1755403314601,0.291924,-0.022134,9.91825
1755403314603,0.284746,-0.017348,9.944571
1755403314607,0.289532,0.00658,9.879965
1755403314608,0.272782,0.001795,9.772287
1755403314611,0.270389,-0.079561,9.954441
1755403314612,0.284746,-0.029312,9.891929
1755403314615,0.282353,0.025723,9.781859
1755403314617,0.246461,-0.031705,9.959227
1755403314620,0.282353,0.020937,9.911072
1755403314622,0.289532,-0.029312,9.777073
1755403314625,0.229711,-0.048455,9.889536
1755403314627,0.303888,-0.000598,9.961619
1755403314629,0.301496,-0.022134,9.868001
1755403314632,0.270389,-0.06999,9.82493
1755403314634,0.320638,-0.026919,9.846465
1755403314636,0.270389,-0.010169,9.952048
1755403314639,0.282353,-0.012562,9.863214
1755403314642,0.301496,-0.034098,9.810573
1755403314644,0.260818,-0.038883,9.934999
1755403314646,0.301496,0.011366,9.947263
1755403314649,0.272782,-0.026919,9.851251
1755403314651,0.248854,-0.026919,9.856036
1755403314653,0.263211,0.004187,9.870394
1755403314656,0.265603,-0.012562,9.954441
1755403314658,0.267996,-0.017348,9.877572
1755403314661,0.303888,-0.036491,9.844072
1755403314663,0.260818,-0.05324,9.865608
1755403314666,0.291924,0.025723,9.894321
1755403314668,0.267996,-0.002991,9.937392
1755403314670,0.301496,0.02333,9.894321
1755403314672,0.294317,-0.031705,9.815358
1755403314675,0.251246,-0.041276,9.887143
1755403314678,0.272782,-0.058026,9.82493
1755403314680,0.258425,-0.038883,9.992726
1755403314683,0.299103,0.016152,9.839287
1755403314685,0.303888,-0.034098,9.853643
1755403314687,0.287139,-0.024526,9.829716
1755403314689,0.311067,-0.002991,9.889536
1755403314692,0.248854,-0.014955,9.934999
1755403314695,0.287139,0.018544,9.913465
1755403314696,0.232104,-0.026919,9.803394
1755403314699,0.260818,0.00658,9.915857
1755403314701,0.299103,-0.034098,9.77468
1755403314704,0.272782,-0.060419,9.961619
1755403314706,0.306281,0.00658,9.851251
1755403314709,0.282353,-0.050847,9.992726
1755403314711,0.308674,0.004187,9.839287
1755403314713,0.287139,0.00658,9.848858
1755403314716,0.241675,-0.019741,9.875179
1755403314718,0.323031,0.008973,9.877572
1755403314720,0.256032,-0.000598,9.983155
1755403314723,0.291924,-0.005384,9.889536
1755403314725,0.27996,-0.014955,9.719646
1755403314729,0.275175,-0.058026,9.789038
1755403314730,0.294317,0.004187,9.954441
1755403314732,0.275175,0.001795,9.934999
1755403314735,0.272782,-0.010169,9.927821
1755403314737,0.282353,-0.041276,9.805787
1755403314740,0.256032,-0.043669,9.827323
1755403314743,0.294317,-0.022134,9.856036
1755403314745,0.260818,0.004187,10.062119
1755403314747,0.301496,-0.014955,9.84168
1755403314749,0.27996,-0.007777,9.798609
1755403314751,0.265603,-0.038883,9.827323
1755403314754,0.287139,-0.010169,9.97837
1755403314756,0.277567,-0.014955,9.952048
1755403314760,0.256032,-0.019741,9.769895
1755403314761,0.253639,-0.022134,9.822537
1755403314763,0.260818,-0.022134,10.007083
1755403314766,0.277567,-0.029312,9.834501
1755403314768,0.287139,-0.005384,9.755538
1755403314770,0.282353,-0.014955,9.990334
1755403314773,0.260818,-0.005384,9.939785
1755403314776,0.284746,-0.050847,9.860822
1755403314778,0.277567,-0.031705,9.781859
1755403314780,0.29671,-0.012562,9.930214
1755403314783,0.251246,-0.014955,9.887143
1755403314785,0.275175,-0.055633,9.836894
1755403314789,0.256032,-0.031705,9.939785
1755403314790,0.272782,-0.012562,9.908679
1755403314794,0.260818,-0.019741,9.820144
1755403314795,0.260818,-0.036491,9.836894
1755403314797,0.270389,-0.05324,9.985548
1755403314799,0.267996,-0.014955,9.789038
1755403314802,0.22014,-0.014955,9.930214
1755403314804,0.291924,-0.022134,9.836894
1755403314807,0.267996,-0.019741,9.952048
1755403314809,0.308674,-0.031705,9.913465
1755403314812,0.303888,-0.017348,9.961619
1755403314814,0.270389,-0.050847,9.74836
1755403314816,0.284746,0.00658,9.915857
1755403314819,0.282353,-0.029312,9.839287
1755403314821,0.272782,-0.026919,9.964012
1755403314823,0.289532,-0.036491,9.786645
1755403314826,0.260818,-0.034098,9.934999
1755403314830,0.270389,0.004187,9.942178
1755403314831,0.248854,-0.038883,9.724431
1755403314833,0.270389,-0.031705,9.899107
1755403314835,0.289532,-0.026919,9.832108
1755403314838,0.27996,-0.034098,10.074082
1755403314840,0.270389,-0.000598,9.812965
1755403314843,0.263211,-0.029312,9.707682
1755403314846,0.284746,-0.014955,10.03819
1755403314847,0.325424,0.004187,9.896714
1755403314850,0.260818,-0.029312,9.726824
1755403314852,0.306281,-0.034098,9.954441
1755403314855,0.291924,-0.043669,9.913465
1755403314857,0.27996,-0.041276,9.801002
1755403314859,0.267996,-0.014955,9.925428
1755403314862,0.265603,-0.000598,9.942178
1755403314864,0.267996,-0.010169,9.927821
1755403314866,0.253639,-0.012562,9.738789
1755403314869,0.246461,-0.019741,9.964012
1755403314871,0.289532,0.04008,9.848858
1755403314874,0.287139,-0.062812,9.865608
1755403314876,0.299103,-0.029312,9.920643
1755403314879,0.267996,-0.036491,9.887143
1755403314882,0.275175,0.032901,9.908679
1755403314883,0.272782,-0.024526,9.91825
1755403314886,0.282353,-0.065204,9.789038
1755403314888,0.265603,-0.046062,9.925428
1755403314890,0.31346,-0.022134,9.954441
1755403314893,0.294317,0.001795,9.860822
1755403314896,0.277567,-0.017348,9.848858
1755403314898,0.291924,0.020937,9.889536
1755403314900,0.258425,-0.000598,9.908679
1755403314903,0.256032,-0.031705,9.858429
1755403314905,0.253639,-0.024526,9.875179
1755403314907,0.253639,-0.046062,9.891929
1755403314910,0.236889,-0.010169,9.932607
1755403314913,0.263211,-0.038883,9.767502
1755403314916,0.284746,-0.017348,10.021441
1755403314917,0.301496,-0.010169,9.77468
1755403314919,0.284746,-0.029312,9.985548
1755403314922,0.29671,-0.017348,9.757931
1755403314924,0.236889,-0.022134,9.997512
1755403314927,0.31346,-0.002991,9.769895
1755403314930,0.256032,-0.002991,9.983155
1755403314933,0.323031,-0.050847,9.781859
1755403314935,0.272782,-0.012562,9.995119
1755403314936,0.315853,-0.017348,9.757931
1755403314939,0.253639,-0.000598,10.002297
1755403314941,0.272782,0.030508,9.779466
1755403314944,0.241675,-0.029312,9.964012
1755403314947,0.299103,0.001795,9.750752
1755403314949,0.260818,-0.034098,9.985548
1755403314951,0.334995,-0.007777,9.769895
1755403314953,0.284746,-0.022134,9.964012
1755403314955,0.306281,0.00658,9.820144
1755403314957,0.301496,-0.041276,9.937392
1755403314960,0.289532,0.001795,9.887143
1755403314964,0.277567,-0.010169,9.88475
1755403314965,0.284746,-0.022134,9.934999
1755403314967,0.31346,-0.005384,9.879965
1755403314970,0.303888,-0.017348,9.920643
1755403314972,0.308674,0.001795,9.781859
1755403314974,0.253639,-0.048455,9.856036
1755403314977,0.287139,-0.026919,9.877572
1755403314981,0.265603,-0.034098,9.925428
1755403314982,0.29671,0.016152,9.834501
1755403314984,0.263211,0.013759,9.975977
1755403314987,0.275175,-0.000598,9.889536
1755403314989,0.248854,-0.055633,9.745967
1755403314991,0.277567,-0.055633,9.848858
1755403314993,0.323031,0.004187,9.937392
1755403314997,0.248854,0.078365,10.045368
1755403314999,0.256032,0.008973,9.827323
1755403315001,0.294317,-0.098704,9.698111
1755403315003,0.291924,-0.067597,9.997512
1755403315006,0.303888,0.097508,9.990334
1755403315008,0.232104,0.054437,9.817751
1755403315010,0.253639,-0.151346,9.836894
1755403315013,0.291924,-0.074776,9.961619
1755403315016,0.263211,0.15015,9.908679
1755403315018,0.253639,-0.017348,9.786645
1755403315020,0.29671,-0.132203,9.937392
1755403315022,0.291924,0.047258,9.882358
1755403315025,0.241675,-0.014955,9.839287
1755403315027,0.299103,-0.079561,9.939785
1755403315030,0.31346,-0.007777,9.777073
1755403315032,0.208176,-0.06999,9.911072
1755403315036,0.31346,0.00658,9.858429
1755403315037,0.332602,-0.010169,9.786645
1755403315040,0.232104,-0.06999,9.930214
1755403315042,0.323031,-0.000598,9.848858
1755403315044,0.272782,-0.007777,9.863214
1755403315047,0.241675,-0.031705,9.959227
1755403315049,0.334995,0.013759,9.815358
1755403315051,0.251246,-0.034098,9.999905
1755403315054,0.323031,-0.002991,9.891929
1755403315056,0.31346,-0.041276,9.793823
1755403315058,0.229711,-0.060419,9.968799
1755403315061,0.294317,-0.002991,9.803394
1755403315063,0.251246,-0.074776,9.9015
1755403315066,0.277567,-0.031705,9.882358
1755403315068,0.265603,-0.014955,9.91825
1755403315070,0.299103,-0.000598,9.899107
1755403315073,0.301496,-0.055633,9.827323
1755403315075,0.22014,-0.06999,9.899107
1755403315077,0.284746,-0.022134,9.836894
1755403315080,0.299103,-0.012562,9.930214
1755403315083,0.318245,0.018544,9.858429
1755403315085,0.258425,0.00658,9.923036
1755403315087,0.282353,-0.010169,9.865608
1755403315090,0.284746,-0.050847,9.88475
1755403315092,0.29671,-0.029312,9.856036
1755403315094,0.29671,-0.017348,9.899107
1755403315097,0.275175,0.008973,9.88475
1755403315100,0.299103,-0.046062,9.856036
1755403315102,0.277567,-0.022134,9.846465
1755403315104,0.282353,-0.036491,9.887143
1755403315106,0.267996,-0.007777,9.865608
1755403315108,0.287139,-0.026919,9.872787
1755403315111,0.267996,-0.017348,9.872787
1755403315114,0.265603,-0.029312,9.870394
1755403315117,0.282353,-0.012562,9.920643
1755403315118,0.287139,0.001795,9.906285
1755403315120,0.260818,-0.024526,9.887143
1755403315123,0.270389,-0.050847,9.860822
1755403315125,0.267996,-0.012562,9.925428
1755403315128,0.277567,0.011366,9.868001
1755403315131,0.265603,-0.017348,9.882358
1755403315134,0.277567,-0.05324,9.848858
1755403315136,0.291924,-0.05324,9.942178
1755403315137,0.291924,0.044865,9.858429
1755403315140,0.272782,-0.022134,9.944571
1755403315142,0.339781,-0.002991,9.80818
1755403315144,0.265603,-0.060419,9.887143
1755403315147,0.287139,0.001795,9.844072
1755403315150,0.289532,-0.000598,9.91825
1755403315152,0.31346,0.004187,9.920643
1755403315155,0.301496,-0.034098,9.863214
1755403315157,0.275175,-0.046062,9.887143
1755403315159,0.29671,-0.017348,9.822537
1755403315161,0.272782,-0.038883,9.968799
1755403315164,0.323031,-0.005384,9.844072
1755403315166,0.282353,-0.062812,9.961619
1755403315169,0.303888,-0.007777,9.829716
1755403315171,0.253639,-0.06999,9.889536
1755403315174,0.270389,-0.019741,9.903893
1755403315178,0.29671,-0.034098,9.860822
1755403315179,0.272782,-0.014955,9.956834
1755403315181,0.303888,-0.012562,9.803394
1755403315183,0.256032,-0.065204,9.939785
1755403315186,0.308674,-0.012562,9.760324
1755403315188,0.275175,-0.074776,9.949656
1755403315190,0.294317,0.013759,9.822537
1755403315193,0.270389,-0.024526,9.947263
1755403315195,0.258425,-0.019741,9.870394
1755403315197,0.258425,-0.046062,9.846465
1755403315200,0.270389,-0.043669,9.915857
1755403315203,0.277567,-0.014955,9.82493
1755403315204,0.27996,-0.010169,9.987941
1755403315207,0.342174,-0.017348,9.79143
1755403315209,0.234497,-0.055633,9.939785
1755403315212,0.311067,-0.012562,9.753145
1755403315214,0.241675,-0.072383,9.975977
1755403315216,0.277567,0.011366,9.803394
1755403315219,0.267996,-0.048455,9.949656
1755403315222,0.284746,0.008973,9.889536
1755403315224,0.294317,-0.022134,9.777073
1755403315226,0.210568,-0.050847,9.942178
1755403315228,0.318245,0.001795,9.769895
1755403315231,0.222533,-0.038883,10.023833
1755403315233,0.311067,0.030508,9.844072
1755403315236,0.217747,-0.043669,9.980762
1755403315239,0.284746,-0.014955,9.789038
1755403315240,0.239282,-0.08674,9.899107
1755403315243,0.29671,-0.019741,9.865608
1755403315245,0.265603,0.001795,9.879965
1755403315248,0.236889,0.008973,9.980762
1755403315250,0.332602,-0.024526,9.784252
1755403315253,0.227318,-0.079561,9.992726
1755403315255,0.344566,0.001795,9.705289
1755403315257,0.241675,-0.074776,9.987941
1755403315259,0.303888,0.028116,9.801002
1755403315262,0.275175,-0.043669,9.968799
1755403315264,0.275175,-0.005384,9.944571
1755403315267,0.272782,-0.034098,9.839287
1755403315269,0.205783,-0.067597,10.002297
1755403315273,0.299103,0.035294,9.690931
1755403315275,0.22014,-0.077169,9.966406
1755403315277,0.327817,-0.012562,9.848858
1755403315279,0.256032,-0.029312,9.877572
1755403315281,0.256032,0.011366,9.949656
1755403315284,0.301496,0.008973,9.77468
1755403315287,0.251246,-0.065204,10.021441
1755403315288,0.33021,0.018544,9.815358
1755403315291,0.253639,-0.031705,9.875179
1755403315293,0.289532,0.001795,9.925428
1755403315296,0.315853,-0.010169,9.79143
1755403315298,0.239282,-0.074776,9.949656
1755403315300,0.315853,0.016152,9.868001
1755403315304,0.263211,-0.026919,9.865608
1755403315305,0.251246,-0.036491,9.889536
1755403315307,0.29671,0.025723,9.853643
1755403315310,0.227318,-0.005384,9.915857
1755403315312,0.299103,-0.014955,9.860822
1755403315315,0.29671,-0.041276,9.879965
1755403315317,0.272782,-0.048455,9.879965
1755403315321,0.315853,-0.019741,9.872787
1755403315322,0.291924,-0.022134,9.858429
1755403315324,0.282353,-0.022134,9.889536
1755403315327,0.311067,0.004187,9.877572
1755403315329,0.287139,-0.014955,9.887143
1755403315331,0.275175,-0.019741,9.856036
1755403315334,0.265603,-0.043669,9.875179
1755403315336,0.251246,-0.046062,9.896714
1755403315339,0.275175,-0.012562,9.860822
1755403315341,0.272782,-0.012562,9.877572
1755403315343,0.289532,-0.026919,9.853643
1755403315346,0.282353,-0.014955,9.860822
1755403315348,0.282353,-0.034098,9.875179
1755403315350,0.27996,0.013759,9.88475
1755403315353,0.256032,-0.005384,9.894321
1755403315356,0.275175,0.004187,9.887143
1755403315358,0.270389,-0.007777,9.877572
1755403315361,0.277567,-0.022134,9.887143
1755403315362,0.27996,-0.022134,9.889536
1755403315365,0.315853,-0.038883,9.9015
1755403315367,0.299103,-0.007777,9.853643
1755403315370,0.265603,-0.026919,9.88475
1755403315372,0.277567,-0.036491,9.896714
1755403315376,0.270389,-0.022134,9.91825
1755403315377,0.258425,-0.002991,9.894321
1755403315379,0.284746,-0.055633,9.877572
1755403315382,0.253639,-0.007777,9.877572
1755403315384,0.284746,-0.048455,9.870394
1755403315387,0.289532,-0.014955,9.853643
1755403315389,0.253639,-0.038883,9.887143
1755403315391,0.284746,-0.038883,9.875179
1755403315394,0.284746,-0.029312,9.887143
1755403315396,0.253639,-0.010169,9.891929
1755403315399,0.301496,-0.002991,9.887143
1755403315401,0.299103,-0.029312,9.889536
1755403315403,0.294317,-0.031705,9.872787
1755403315406,0.263211,-0.048455,9.906285
1755403315408,0.29671,-0.022134,9.858429
1755403315410,0.306281,-0.026919,9.879965
1755403315413,0.275175,-0.034098,9.868001
1755403315416,0.282353,-0.029312,9.851251
1755403315418,0.287139,0.00658,9.894321
1755403315420,0.282353,-0.043669,9.889536
1755403315423,0.253639,-0.031705,9.801002
1755403315425,0.287139,-0.026919,9.882358
1755403315427,0.284746,0.001795,9.971191
1755403315430,0.27996,-0.000598,9.932607
1755403315432,0.294317,-0.026919,9.745967
1755403315434,0.267996,-0.089133,9.913465
1755403315437,0.299103,0.016152,9.959227
1755403315440,0.308674,0.02333,9.82493
1755403315442,0.267996,-0.046062,9.858429
1755403315444,0.294317,-0.034098,9.836894
1755403315447,0.256032,0.025723,9.944571
1755403315449,0.224925,-0.041276,9.863214
1755403315451,0.301496,-0.046062,9.793823
1755403315454,0.275175,-0.019741,9.911072
1755403315457,0.229711,-0.005384,9.891929
1755403315460,0.299103,-0.048455,9.82493
1755403315462,0.29671,0.001795,9.959227
1755403315463,0.241675,-0.026919,9.779466
1755403315466,0.277567,-0.048455,9.961619
1755403315468,0.263211,0.030508,9.879965
1755403315470,0.253639,-0.024526,9.829716
1755403315474,0.282353,-0.034098,9.920643
1755403315475,0.299103,0.001795,9.84168
1755403315478,0.263211,0.030508,9.954441
1755403315480,0.311067,-0.019741,9.719646
1755403315483,0.29671,-0.074776,9.937392
1755403315485,0.29671,-0.010169,9.836894
1755403315487,0.234497,0.059222,9.925428
1755403315491,0.253639,-0.019741,9.932607
1755403315495,0.272782,-0.06999,9.705289
1755403315496,0.270389,-0.014955,9.877572
1755403315498,0.27996,0.054437,9.990334
1755403315500,0.260818,0.001795,9.930214
1755403315501,0.27996,-0.067597,9.860822
1755403315504,0.291924,-0.055633,9.772287
1755403315507,0.246461,-0.026919,9.944571
1755403315510,0.265603,0.020937,9.9015
1755403315514,0.299103,-0.022134,9.870394
1755403315515,0.289532,-0.067597,9.829716
1755403315516,0.289532,0.001795,9.930214
1755403315518,0.275175,0.00658,9.896714
1755403315521,0.282353,-0.019741,9.815358
1755403315523,0.275175,-0.000598,9.887143
1755403315525,0.289532,-0.034098,9.891929
1755403315528,0.217747,-0.005384,9.934999
1755403315530,0.253639,-0.014955,9.760324
1755403315533,0.267996,-0.038883,10.002297
1755403315535,0.327817,-0.002991,9.844072
1755403315537,0.253639,-0.048455,9.882358
1755403315540,0.267996,-0.017348,9.817751
1755403315543,0.253639,-0.012562,9.896714
1755403315545,0.284746,-0.046062,9.858429
1755403315547,0.294317,-0.029312,9.851251
1755403315550,0.29671,-0.007777,9.91825
1755403315552,0.265603,-0.022134,9.911072
1755403315554,0.299103,-0.000598,9.875179
1755403315557,0.301496,0.001795,9.879965
1755403315560,0.289532,0.00658,9.908679
1755403315562,0.289532,0.016152,9.872787
1755403315564,0.267996,-0.029312,9.903893
1755403315567,0.301496,-0.034098,9.793823
1755403315569,0.248854,-0.055633,9.908679
1755403315571,0.277567,-0.046062,9.834501
1755403315573,0.270389,-0.005384,9.992726
1755403315576,0.289532,-0.005384,9.810573
1755403315578,0.282353,-0.022134,9.832108
1755403315581,0.277567,-0.072383,9.954441
1755403315583,0.267996,-0.038883,9.84168
1755403315585,0.299103,0.013759,9.896714
1755403315588,0.277567,0.02333,9.860822
1755403315590,0.27996,-0.026919,9.947263
1755403315593,0.287139,-0.091525,9.84168
1755403315595,0.303888,-0.024526,9.889536
1755403315598,0.289532,0.071186,9.875179
1755403315600,0.282353,-0.017348,9.858429
1755403315603,0.275175,-0.065204,9.891929
1755403315604,0.270389,-0.000598,9.870394
1755403315607,0.241675,0.00658,9.923036
1755403315609,0.294317,-0.036491,9.942178
1755403315612,0.31346,-0.041276,9.79143
1755403315614,0.246461,-0.06999,9.829716
1755403315617,0.260818,-0.058026,9.942178
1755403315619,0.299103,-0.019741,9.851251
1755403315621,0.224925,-0.048455,9.863214
1755403315624,0.29671,0.004187,9.877572
1755403315627,0.260818,-0.024526,10.014262
1755403315631,0.253639,-0.022134,9.815358
1755403315632,0.258425,-0.077169,9.805787
1755403315633,0.294317,-0.043669,9.9015
1755403315636,0.289532,-0.014955,9.91825
1755403315638,0.239282,-0.005384,9.9015
1755403315641,0.275175,-0.010169,9.882358
1755403315644,0.287139,-0.048455,9.860822
1755403315648,0.318245,-0.067597,9.889536
1755403315649,0.311067,-0.010169,9.947263
1755403315651,0.287139,0.025723,9.875179
1755403315653,0.251246,-0.041276,9.865608
1755403315655,0.270389,-0.050847,9.858429
1755403315657,0.256032,0.025723,9.937392
1755403315661,0.325424,0.02333,9.856036
1755403315663,0.27996,-0.043669,9.860822
1755403315665,0.258425,-0.060419,9.889536
1755403315667,0.236889,0.00658,9.923036
1755403315669,0.299103,0.016152,9.879965
1755403315672,0.301496,-0.019741,9.870394
1755403315674,0.27996,-0.058026,9.906285
1755403315676,0.272782,0.001795,9.934999
1755403315679,0.275175,0.016152,9.829716
1755403315681,0.263211,-0.062812,9.88475
1755403315684,0.320638,-0.055633,9.879965
1755403315686,0.299103,-0.026919,9.891929
1755403315688,0.253639,-0.012562,9.82493
1755403315691,0.282353,-0.067597,9.877572
1755403315693,0.291924,-0.026919,9.896714
1755403315696,0.265603,0.004187,9.875179
1755403315698,0.311067,-0.000598,9.896714
1755403315700,0.294317,-0.043669,9.88475
1755403315703,0.267996,-0.005384,9.868001
1755403315705,0.239282,-0.026919,9.844072
1755403315708,0.272782,-0.060419,9.930214
1755403315710,0.306281,-0.010169,9.906285
1755403315713,0.303888,0.013759,9.858429
1755403315716,0.287139,-0.050847,9.879965
1755403315717,0.299103,-0.038883,9.927821
1755403315719,0.258425,-0.002991,9.9015
1755403315722,0.246461,-0.029312,9.882358
1755403315725,0.320638,-0.050847,9.882358
1755403315727,0.284746,-0.034098,9.853643
1755403315730,0.287139,0.004187,9.887143
1755403315732,0.29671,-0.019741,9.899107
1755403315734,0.272782,-0.046062,9.858429
1755403315736,0.267996,-0.031705,9.889536
1755403315739,0.33021,-0.034098,9.889536
1755403315741,0.270389,-0.005384,9.872787
1755403315743,0.299103,-0.034098,9.868001
1755403315746,0.272782,-0.005384,9.915857
1755403315748,0.284746,-0.019741,9.870394
1755403315751,0.294317,-0.029312,9.889536
1755403315753,0.244068,-0.012562,9.870394
1755403315756,0.227318,-0.024526,9.88475
1755403315758,0.270389,-0.022134,9.882358
1755403315760,0.260818,-0.024526,9.896714
1755403315763,0.270389,0.011366,9.848858
1755403315767,0.299103,-0.05324,9.863214
1755403315768,0.29671,-0.029312,9.887143
1755403315770,0.282353,-0.005384,9.891929
1755403315772,0.267996,-0.026919,9.872787
1755403315775,0.272782,-0.022134,9.851251
1755403315777,0.284746,-0.000598,9.887143
1755403315780,0.289532,-0.012562,9.887143
1755403315782,0.282353,0.001795,9.887143
1755403315784,0.301496,0.004187,9.908679
1755403315787,0.301496,-0.002991,9.853643
1755403315789,0.291924,-0.024526,9.906285
1755403315791,0.265603,-0.029312,9.877572
1755403315794,0.29671,-0.014955,9.868001
1755403315797,0.291924,-0.022134,9.865608
1755403315800,0.258425,-0.014955,9.868001
1755403315801,0.256032,-0.029312,9.887143
1755403315803,0.306281,0.00658,9.889536
1755403315809,0.303888,-0.019741,9.891929
1755403315811,0.270389,-0.007777,9.887143
1755403315812,0.260818,-0.007777,9.894321
1755403315815,0.258425,-0.014955,9.88475
1755403315817,0.294317,-0.026919,9.882358
1755403315818,0.272782,-0.034098,9.877572
1755403315822,0.282353,-0.019741,9.891929
1755403315824,0.248854,-0.019741,9.889536
1755403315825,0.234497,-0.024526,9.877572
1755403315828,0.270389,-0.005384,9.894321
1755403315831,0.27996,0.004187,9.879965
1755403315833,0.294317,-0.041276,9.887143
1755403315835,0.267996,-0.038883,9.906285
1755403315837,0.299103,-0.046062,9.896714
1755403315839,0.265603,-0.012562,9.860822
1755403315842,0.29671,-0.014955,9.868001
1755403315844,0.311067,-0.012562,9.877572
1755403315848,0.256032,-0.002991,9.889536
1755403315850,0.289532,-0.031705,9.882358
1755403315852,0.260818,-0.026919,9.88475
1755403315854,0.27996,-0.029312,9.865608
1755403315856,0.270389,-0.026919,9.863214
1755403315858,0.301496,-0.012562,9.875179
1755403315861,0.282353,-0.022134,9.894321
1755403315864,0.27996,-0.022134,9.870394
1755403315867,0.275175,-0.000598,9.863214
1755403315868,0.27996,-0.034098,9.872787
1755403315870,0.287139,-0.029312,9.877572
1755403315873,0.284746,-0.043669,9.882358
1755403315875,0.248854,-0.029312,9.853643
1755403315877,0.251246,-0.031705,9.877572
1755403315880,0.287139,-0.012562,9.872787
1755403315883,0.284746,-0.043669,9.872787
1755403315885,0.260818,-0.024526,9.891929
1755403315888,0.291924,-0.031705,9.856036
1755403315890,0.260818,-0.041276,9.887143
1755403315892,0.277567,-0.050847,9.875179
1755403315894,0.253639,-0.050847,9.887143
1755403315897,0.241675,-0.024526,9.879965
1755403315900,0.323031,0.00658,9.860822
1755403315902,0.284746,-0.036491,9.887143
1755403315904,0.303888,-0.024526,9.882358
1755403315907,0.260818,-0.010169,9.879965
1755403315910,0.303888,-0.007777,9.875179
1755403315911,0.267996,-0.007777,9.887143
1755403315914,0.289532,-0.026919,9.858429
1755403315916,0.294317,-0.012562,9.877572
1755403315919,0.29671,-0.005384,9.868001
1755403315921,0.275175,-0.031705,9.891929
1755403315923,0.244068,-0.026919,9.889536
1755403315925,0.275175,-0.019741,9.896714
1755403315928,0.272782,-0.007777,9.887143
1755403315930,0.27996,-0.034098,9.872787
1755403315933,0.301496,-0.022134,9.875179
1755403315936,0.308674,-0.002991,9.868001
1755403315938,0.258425,-0.012562,9.877572
1755403315940,0.306281,0.004187,9.875179
1755403315943,0.287139,-0.048455,9.891929
1755403315945,0.265603,-0.036491,9.889536
1755403315947,0.275175,-0.005384,9.882358
1755403315950,0.289532,-0.024526,9.868001
1755403315952,0.287139,-0.031705,9.872787
1755403315955,0.289532,0.008973,9.887143
1755403315957,0.294317,-0.019741,9.863214
1755403315959,0.303888,-0.022134,9.865608
1755403315962,0.27996,-0.002991,9.882358
1755403315964,0.287139,-0.022134,9.872787
1755403315967,0.299103,-0.024526,9.9015
1755403315969,0.289532,-0.034098,9.894321
1755403315971,0.311067,-0.002991,9.88475
1755403315974,0.299103,-0.019741,9.856036
1755403315976,0.289532,-0.019741,9.889536
1755403315978,0.275175,-0.024526,9.88475
1755403315981,0.275175,-0.029312,9.889536
1755403315984,0.27996,0.008973,9.887143
1755403315986,0.29671,-0.002991,9.877572
1755403315988,0.289532,0.018544,9.894321
1755403315990,0.289532,-0.034098,9.872787
1755403315993,0.27996,-0.017348,9.891929
1755403315995,0.265603,-0.046062,9.870394
1755403315998,0.246461,-0.017348,9.889536
1755403316001,0.282353,-0.014955,9.887143
1755403316003,0.263211,-0.031705,9.891929
1755403316005,0.272782,-0.007777,9.868001
1755403316007,0.287139,-0.050847,9.891929
1755403316011,0.267996,-0.034098,9.9015
1755403316012,0.29671,-0.014955,9.882358
1755403316014,0.303888,-0.019741,9.863214
1755403316018,0.267996,-0.046062,9.875179
1755403316019,0.272782,-0.034098,9.872787
1755403316021,0.282353,-0.031705,9.872787
1755403316024,0.282353,-0.036491,9.877572
1755403316026,0.277567,-0.050847,9.889536
1755403316029,0.265603,-0.012562,9.872787
1755403316031,0.263211,-0.024526,9.853643
1755403316033,0.299103,-0.007777,9.872787
1755403316036,0.284746,-0.029312,9.877572
1755403316040,0.229711,-0.036491,9.88475
1755403316041,0.306281,-0.014955,9.870394
1755403316043,0.294317,-0.024526,9.877572
1755403316045,0.308674,-0.007777,9.896714
1755403316048,0.270389,-0.002991,9.88475
1755403316053,0.272782,-0.019741,9.889536
1755403316054,0.275175,-0.031705,9.879965
1755403316056,0.244068,-0.014955,9.858429
1755403316058,0.284746,-0.019741,9.875179
1755403316060,0.267996,-0.024526,9.88475
1755403316062,0.270389,-0.022134,9.88475
1755403316065,0.265603,-0.002991,9.894321
1755403316067,0.260818,-0.031705,9.877572
1755403316070,0.299103,-0.038883,9.894321
1755403316072,0.258425,-0.029312,9.877572
1755403316074,0.289532,-0.031705,9.875179
1755403316076,0.263211,-0.029312,9.865608
1755403316079,0.291924,-0.007777,9.872787
1755403316081,0.284746,-0.024526,9.863214
1755403316084,0.277567,0.00658,9.865608
1755403316087,0.277567,-0.010169,9.88475
1755403316088,0.289532,-0.022134,9.870394
1755403316091,0.256032,-0.024526,9.868001
1755403316093,0.275175,-0.036491,9.887143
1755403316096,0.236889,-0.038883,9.882358
1755403316098,0.289532,-0.048455,9.870394
1755403316100,0.277567,-0.026919,9.872787
1755403316103,0.277567,-0.005384,9.891929
1755403316105,0.294317,-0.084347,9.877572
1755403316108,0.260818,-0.031705,9.889536
1755403316110,0.263211,-0.046062,9.868001
1755403316113,0.291924,-0.046062,9.877572
1755403316115,0.275175,-0.024526,9.903893
1755403316117,0.284746,-0.019741,9.879965
1755403316120,0.260818,-0.041276,9.891929
1755403316122,0.258425,-0.022134,9.875179
1755403316125,0.284746,-0.012562,9.879965
1755403316127,0.275175,-0.031705,9.863214
1755403316129,0.311067,-0.012562,9.865608
1755403316132,0.284746,-0.007777,9.882358
1755403316134,0.29671,-0.034098,9.896714
1755403316137,0.275175,-0.010169,9.899107
1755403316139,0.260818,-0.014955,9.894321
1755403316142,0.301496,0.020937,9.877572
1755403316144,0.306281,-0.019741,9.877572
1755403316146,0.31346,-0.043669,9.903893
1755403316148,0.301496,-0.055633,9.865608
1755403316151,0.284746,-0.05324,9.877572
1755403316154,0.29671,-0.005384,9.853643
1755403316156,0.284746,-0.017348,9.887143
1755403316158,0.308674,-0.024526,9.882358
1755403316160,0.308674,-0.014955,9.858429
1755403316163,0.267996,-0.022134,9.891929
1755403316165,0.251246,-0.038883,9.882358
1755403316168,0.272782,-0.017348,9.894321
1755403316171,0.251246,-0.017348,9.891929
1755403316173,0.27996,-0.024526,9.899107
1755403316175,0.275175,-0.026919,9.891929
1755403316177,0.289532,-0.022134,9.891929
1755403316180,0.267996,-0.012562,9.9015
1755403316182,0.287139,-0.019741,9.868001
1755403316184,0.272782,-0.007777,9.851251
1755403316188,0.282353,-0.010169,9.875179
1755403316190,0.301496,-0.038883,9.853643
1755403316192,0.284746,-0.029312,9.889536
1755403316194,0.267996,-0.038883,9.891929
1755403316196,0.29671,-0.038883,9.877572
1755403316199,0.325424,-0.026919,9.899107
1755403316201,0.258425,-0.010169,9.872787
1755403316205,0.282353,-0.029312,9.896714
1755403316206,0.287139,-0.031705,9.887143
1755403316208,0.277567,-0.055633,9.879965
1755403316211,0.287139,-0.022134,9.891929
1755403316214,0.265603,-0.012562,9.88475
1755403316216,0.277567,-0.043669,9.865608
1755403316218,0.234497,-0.031705,9.875179
1755403316221,0.27996,-0.026919,9.848858
1755403316224,0.258425,-0.014955,9.860822
1755403316225,0.267996,-0.005384,9.88475
1755403316227,0.265603,-0.031705,9.882358
1755403316230,0.284746,-0.022134,9.887143
1755403316232,0.263211,-0.022134,9.879965
1755403316235,0.287139,-0.014955,9.877572
1755403316237,0.282353,-0.022134,9.896714
1755403316240,0.291924,-0.010169,9.877572
1755403316242,0.282353,-0.005384,9.903893
1755403316244,0.267996,-0.029312,9.863214
1755403316247,0.258425,-0.024526,9.887143
1755403316249,0.248854,-0.024526,9.899107
1755403316251,0.263211,-0.002991,9.882358
1755403316256,0.27996,-0.010169,9.882358
1755403316257,0.270389,-0.007777,9.891929
1755403316260,0.287139,-0.019741,9.889536
1755403316261,0.263211,-0.007777,9.891929
1755403316263,0.291924,-0.014955,9.870394
1755403316266,0.258425,-0.007777,9.879965
1755403316268,0.287139,0.004187,9.88475
1755403316271,0.311067,0.001795,9.882358
1755403316274,0.299103,-0.019741,9.894321
1755403316275,0.265603,-0.026919,9.894321
1755403316278,0.27996,0.001795,9.88475
1755403316280,0.308674,-0.002991,9.882358
1755403316283,0.315853,-0.036491,9.868001
1755403316285,0.287139,-0.026919,9.853643
1755403316288,0.246461,-0.014955,9.865608
1755403316290,0.260818,-0.005384,9.889536
1755403316292,0.303888,0.008973,9.872787
1755403316295,0.27996,0.008973,9.889536
1755403316297,0.311067,-0.019741,9.868001
1755403316299,0.275175,-0.002991,9.877572
1755403316302,0.303888,-0.014955,9.879965
1755403316304,0.315853,-0.017348,9.911072
1755403316307,0.265603,-0.026919,9.891929
1755403316309,0.272782,0.004187,9.899107
1755403316311,0.275175,-0.010169,9.879965
1755403316315,0.301496,-0.022134,9.872787
1755403316317,0.256032,-0.005384,9.853643
1755403316319,0.270389,-0.014955,9.863214
1755403316321,0.267996,-0.012562,9.882358
1755403316327,0.27996,0.001795,9.868001
1755403316328,0.301496,-0.043669,9.872787
1755403316329,0.327817,-0.010169,9.853643
1755403316331,0.29671,-0.019741,9.872787
1755403316333,0.282353,-0.017348,9.88475
1755403316336,0.277567,-0.022134,9.863214
1755403316338,0.294317,0.013759,9.887143
1755403316343,0.263211,-0.058026,9.887143
1755403316344,0.294317,-0.029312,9.870394
1755403316345,0.246461,-0.026919,9.872787
1755403316348,0.270389,-0.014955,9.882358
1755403316350,0.29671,-0.019741,9.882358
1755403316352,0.263211,-0.034098,9.882358
1755403316355,0.267996,-0.022134,9.865608
1755403316357,0.306281,-0.022134,9.865608
1755403316359,0.275175,-0.005384,9.889536
1755403316362,0.275175,0.00658,9.882358
1755403316364,0.306281,-0.041276,9.865608
1755403316367,0.299103,-0.024526,9.877572
1755403316369,0.267996,-0.014955,9.870394
1755403316372,0.29671,-0.017348,9.88475
1755403316375,0.289532,-0.043669,9.860822
1755403316377,0.284746,-0.007777,9.894321
1755403316379,0.265603,-0.010169,9.88475
1755403316381,0.294317,-0.031705,9.882358
1755403316383,0.256032,-0.031705,9.870394
1755403316386,0.27996,-0.012562,9.896714
1755403316388,0.267996,-0.002991,9.882358
1755403316390,0.294317,-0.007777,9.882358
1755403316393,0.308674,-0.019741,9.882358
1755403316396,0.311067,-0.026919,9.891929
1755403316398,0.311067,-0.038883,9.851251
1755403316400,0.332602,0.020937,9.896714
1755403316402,0.251246,-0.007777,9.9015
1755403316405,0.284746,0.001795,9.896714
1755403316407,0.299103,-0.022134,9.872787
1755403316410,0.258425,-0.029312,9.882358
1755403316412,0.272782,-0.031705,9.863214
1755403316415,0.256032,-0.002991,9.882358
1755403316417,0.272782,0.00658,9.906285
1755403316420,0.294317,-0.017348,9.865608
1755403316422,0.299103,-0.048455,9.858429
1755403316424,0.291924,-0.002991,9.870394
1755403316426,0.287139,-0.017348,9.889536
1755403316429,0.277567,-0.022134,9.868001
1755403316431,0.275175,-0.007777,9.911072
1755403316434,0.291924,-0.022134,9.891929
1755403316436,0.287139,-0.014955,9.891929
1755403316439,0.256032,-0.019741,9.875179
1755403316441,0.275175,-0.024526,9.889536
1755403316444,0.270389,-0.029312,9.903893
1755403316446,0.315853,-0.012562,9.899107
1755403316449,0.267996,-0.019741,9.877572
1755403316450,0.272782,-0.012562,9.88475
1755403316453,0.287139,-0.024526,9.889536
1755403316456,0.270389,-0.019741,9.887143
1755403316458,0.289532,-0.005384,9.889536
1755403316461,0.277567,-0.034098,9.875179
1755403316463,0.294317,-0.029312,9.853643
1755403316466,0.277567,-0.041276,9.882358
1755403316467,0.291924,-0.029312,9.875179
1755403316470,0.270389,-0.019741,9.868001
1755403316472,0.270389,-0.007777,9.882358
1755403316474,0.289532,-0.029312,9.872787
1755403316478,0.284746,-0.034098,9.875179
1755403316480,0.244068,-0.022134,9.877572
1755403316482,0.289532,-0.000598,9.896714
1755403316484,0.272782,-0.043669,9.865608
1755403316486,0.248854,-0.024526,9.882358
1755403316489,0.287139,-0.029312,9.875179
1755403316491,0.291924,-0.031705,9.879965
1755403316494,0.287139,-0.019741,9.877572
1755403316497,0.284746,-0.007777,9.913465
1755403316499,0.272782,-0.022134,9.879965
1755403316501,0.29671,-0.019741,9.882358
1755403316503,0.284746,-0.024526,9.875179
1755403316506,0.263211,-0.014955,9.879965
1755403316508,0.263211,-0.002991,9.870394
1755403316510,0.284746,-0.019741,9.896714
1755403316513,0.291924,-0.022134,9.865608
1755403316515,0.267996,-0.038883,9.858429
1755403316518,0.263211,-0.014955,9.877572
1755403316520,0.287139,-0.022134,9.896714
1755403316523,0.320638,-0.012562,9.860822
1755403316525,0.291924,0.008973,9.891929
1755403316529,0.282353,-0.022134,9.913465
1755403316530,0.303888,-0.031705,9.889536
1755403316533,0.284746,-0.005384,9.896714
1755403316535,0.303888,-0.019741,9.877572
1755403316537,0.263211,-0.036491,9.891929
1755403316540,0.284746,-0.007777,9.875179
1755403316542,0.308674,-0.038883,9.879965
1755403316545,0.265603,-0.014955,9.872787
1755403316546,0.294317,-0.022134,9.896714
1755403316549,0.260818,-0.041276,9.860822
1755403316551,0.282353,-0.029312,9.899107
1755403316554,0.267996,-0.024526,9.88475
1755403316556,0.282353,-0.041276,9.88475
1755403316558,0.287139,-0.026919,9.88475
1755403316561,0.256032,-0.036491,9.872787
1755403316563,0.263211,-0.019741,9.894321
1755403316565,0.287139,-0.014955,9.860822
1755403316568,0.275175,-0.014955,9.903893
1755403316570,0.272782,-0.036491,9.891929
1755403316573,0.299103,-0.041276,9.88475
1755403316575,0.253639,-0.034098,9.894321
1755403316577,0.287139,-0.055633,9.889536
1755403316580,0.272782,-0.041276,9.877572
1755403316583,0.287139,-0.026919,9.882358
1755403316585,0.308674,0.004187,9.863214
1755403316587,0.265603,-0.014955,9.856036
1755403316590,0.265603,-0.041276,9.891929
1755403316592,0.258425,-0.029312,9.856036
1755403316594,0.272782,-0.022134,9.925428
1755403316597,0.308674,-0.010169,9.868001
1755403316599,0.301496,-0.05324,9.889536
1755403316602,0.277567,-0.019741,9.858429
1755403316604,0.260818,-0.010169,9.913465
1755403316606,0.325424,0.00658,9.908679
1755403316608,0.311067,-0.019741,9.913465
1755403316611,0.303888,-0.05324,9.753145
1755403316614,0.289532,-0.077169,9.954441
1755403316616,0.311067,0.078365,9.903893
1755403316618,0.272782,0.032901,9.810573
1755403316621,0.284746,-0.108275,9.947263
1755403316624,0.320638,-0.002991,9.913465
1755403316625,0.265603,0.02333,9.803394
1755403316628,0.251246,-0.072383,9.934999
1755403316631,0.318245,0.00658,9.927821
1755403316633,0.258425,0.028116,9.844072
1755403316635,0.256032,-0.084347,9.913465
1755403316637,0.344566,0.004187,9.896714
1755403316640,0.289532,0.05683,9.853643
1755403316643,0.246461,-0.072383,9.863214
1755403316645,0.354138,0.004187,9.939785
1755403316648,0.284746,0.078365,9.858429
1755403316650,0.224925,-0.077169,9.801002
1755403316652,0.342174,-0.108275,9.942178
1755403316654,0.31346,0.066401,9.992726
1755403316657,0.20339,0.013759,9.722038
1755403316659,0.31346,-0.160917,9.858429
1755403316662,0.308674,-0.017348,9.990334
1755403316665,0.256032,0.107079,9.882358
1755403316666,0.267996,-0.065204,9.705289
1755403316668,0.275175,-0.172881,9.995119
1755403316671,0.260818,0.102293,9.942178
1755403316673,0.239282,0.140578,9.870394
1755403316676,0.303888,-0.127418,9.79143
1755403316678,0.303888,-0.184846,9.853643
1755403316681,0.289532,0.05683,9.983155
1755403316683,0.27996,0.114257,9.84168
1755403316685,0.29671,-0.125025,9.755538
1755403316688,0.29671,-0.122632,10.00469
1755403316690,0.275175,0.111864,9.952048
1755403316692,0.263211,0.0999,9.80818
1755403316695,0.323031,-0.139382,9.82493
1755403316697,0.311067,-0.110668,9.863214
1755403316700,0.234497,0.059222,9.983155
1755403316702,0.287139,0.059222,9.97837
1755403316704,0.308674,-0.043669,9.872787
1755403316707,0.287139,-0.105882,9.801002
1755403316709,0.291924,-0.065204,9.743574
1755403316711,0.287139,-0.010169,9.959227
1755403316715,0.275175,0.030508,9.870394
1755403316717,0.224925,-0.000598,9.97837
1755403316719,0.272782,0.004187,9.925428
1755403316722,0.299103,-0.014955,9.906285
1755403316724,0.27996,-0.072383,9.88475
1755403316726,0.291924,-0.026919,9.760324
1755403316728,0.265603,-0.046062,9.925428
1755403316733,0.289532,0.013759,9.772287
1755403316735,0.248854,-0.007777,9.971191
1755403316736,0.303888,-0.002991,9.765109
1755403316738,0.234497,-0.029312,9.973584
1755403316741,0.308674,-0.017348,9.784252
1755403316743,0.227318,-0.014955,10.007083
1755403316745,0.327817,-0.041276,9.798609
1755403316748,0.217747,-0.024526,9.932607
1755403316750,0.282353,-0.034098,9.793823
1755403316753,0.272782,-0.002991,9.968799
1755403316755,0.31346,-0.010169,9.79143
1755403316758,0.282353,-0.034098,9.971191
1755403316759,0.29671,-0.019741,9.789038
1755403316762,0.229711,-0.012562,9.959227
1755403316764,0.327817,-0.019741,9.829716
1755403316767,0.263211,-0.007777,9.954441
1755403316770,0.306281,0.008973,9.815358
1755403316772,0.232104,-0.022134,9.944571
1755403316774,0.301496,-0.002991,9.762716
1755403316776,0.256032,-0.048455,9.944571
1755403316779,0.315853,0.013759,9.77468
1755403316781,0.232104,-0.036491,9.942178
1755403316785,0.325424,0.011366,9.757931
1755403316787,0.263211,-0.050847,9.987941
1755403316789,0.303888,-0.014955,9.767502
1755403316791,0.265603,-0.058026,9.934999
1755403316793,0.289532,0.00658,9.848858
1755403316795,0.275175,-0.043669,9.894321
1755403316798,0.277567,-0.007777,9.899107
1755403316800,0.275175,-0.043669,9.870394
1755403316803,0.234497,-0.014955,9.911072
1755403316805,0.275175,-0.043669,9.817751
1755403316808,0.234497,-0.034098,9.913465
1755403316810,0.303888,-0.031705,9.820144
1755403316812,0.236889,-0.036491,9.925428
1755403316814,0.287139,0.008973,9.836894
1755403316817,0.29671,0.004187,9.899107
1755403316820,0.29671,-0.024526,9.882358
1755403316822,0.251246,-0.024526,9.877572
1755403316825,0.284746,-0.036491,9.932607
1755403316827,0.260818,-0.012562,9.856036
1755403316830,0.287139,-0.019741,9.942178
1755403316831,0.239282,-0.024526,9.858429
1755403316835,0.284746,-0.002991,9.944571
1755403316837,0.265603,-0.010169,9.801002
1755403316839,0.253639,-0.022134,9.966406
1755403316841,0.287139,-0.007777,9.82493
1755403316844,0.272782,-0.014955,9.925428
1755403316846,0.318245,-0.024526,9.896714
1755403316848,0.289532,-0.026919,9.9015
1755403316852,0.27996,-0.024526,9.911072
1755403316854,0.258425,-0.007777,9.827323
1755403316855,0.299103,-0.026919,9.927821
1755403316858,0.315853,-0.012562,9.796216
1755403316860,0.253639,-0.019741,9.932607
1755403316863,0.272782,-0.038883,9.810573
1755403316865,0.287139,-0.019741,9.88475
1755403316868,0.284746,-0.036491,9.858429
1755403316870,0.270389,0.025723,9.9015
1755403316872,0.320638,-0.022134,9.872787
1755403316875,0.272782,-0.046062,9.88475
1755403316877,0.294317,-0.031705,9.88475
1755403316879,0.27996,-0.005384,9.868001
1755403316882,0.260818,-0.002991,9.903893
1755403316885,0.284746,-0.007777,9.889536
1755403316888,0.301496,-0.024526,9.915857
1755403316889,0.289532,0.001795,9.872787
1755403316891,0.327817,-0.055633,9.911072
1755403316893,0.263211,0.00658,9.856036
1755403316896,0.258425,-0.002991,9.942178
1755403316899,0.294317,-0.005384,9.803394
1755403316902,0.241675,-0.007777,9.959227
1755403316904,0.315853,-0.005384,9.858429
1755403316907,0.248854,-0.002991,9.964012
1755403316909,0.344566,0.001795,9.822537
1755403316910,0.246461,-0.043669,9.942178
1755403316913,0.294317,-0.026919,9.801002
1755403316915,0.258425,-0.036491,9.959227
1755403316919,0.315853,-0.002991,9.803394
1755403316923,0.258425,-0.034098,9.947263
1755403316924,0.311067,-0.005384,9.839287
1755403316925,0.251246,-0.002991,9.891929
1755403316927,0.251246,-0.036491,9.915857
1755403316930,0.301496,-0.007777,9.848858
1755403316932,0.27996,-0.043669,9.939785
1755403316936,0.303888,-0.017348,9.822537
1755403316937,0.267996,-0.067597,9.954441
1755403316939,0.31346,0.008973,9.79143
1755403316942,0.251246,-0.043669,10.002297
1755403316944,0.303888,-0.014955,9.734002
1755403316947,0.217747,-0.029312,10.021441
1755403316949,0.31346,-0.031705,9.705289
1755403316951,0.215354,-0.050847,10.026226
1755403316954,0.299103,-0.038883,9.745967
1755403316956,0.22014,-0.010169,9.987941
1755403316959,0.31346,-0.022134,9.834501
1755403316961,0.258425,0.016152,9.923036
1755403316963,0.334995,-0.014955,9.896714
1755403316965,0.306281,-0.005384,9.858429
1755403316968,0.289532,-0.043669,9.947263
1755403316971,0.294317,-0.019741,9.822537
1755403316974,0.282353,-0.05324,9.966406
1755403316976,0.308674,-0.007777,9.731609
1755403316977,0.248854,-0.041276,10.014262
1755403316980,0.31346,-0.002991,9.717253
1755403316982,0.272782,-0.024526,9.975977
1755403316985,0.342174,-0.022134,9.836894
1755403316988,0.253639,-0.002991,9.934999
1755403316990,0.294317,-0.005384,9.899107
1755403316992,0.258425,-0.007777,9.875179
1755403316995,0.258425,-0.034098,9.925428
1755403316997,0.303888,-0.002991,9.765109
1755403316999,0.241675,-0.041276,9.990334
1755403317001,0.294317,-0.012562,9.726824
1755403317004,0.253639,-0.062812,9.980762
1755403317007,0.287139,-0.000598,9.829716
1755403317009,0.239282,-0.034098,9.964012
1755403317011,0.306281,-0.019741,9.889536
1755403317014,0.272782,0.020937,9.906285
1755403317016,0.29671,0.004187,9.923036
1755403317018,0.27996,-0.034098,9.82493
1755403317021,0.236889,-0.055633,9.964012
1755403317026,0.301496,-0.022134,9.738789
1755403317027,0.256032,-0.046062,10.007083
1755403317028,0.318245,-0.014955,9.757931
1755403317030,0.258425,-0.029312,9.961619
1755403317033,0.301496,-0.010169,9.810573
1755403317035,0.265603,-0.031705,9.944571
1755403317038,0.308674,-0.029312,9.858429
1755403317040,0.263211,-0.017348,9.863214
1755403317043,0.306281,0.004187,9.836894
1755403317044,0.267996,-0.014955,9.863214
1755403317047,0.299103,-0.017348,9.942178
1755403317049,0.251246,-0.036491,9.789038
1755403317052,0.253639,-0.026919,9.992726
1755403317055,0.27996,-0.017348,9.762716
1755403317056,0.289532,-0.000598,10.026226
1755403317059,0.284746,-0.002991,9.731609
1755403317061,0.287139,-0.010169,10.028619
1755403317064,0.289532,-0.026919,9.750752
1755403317066,0.277567,0.004187,10.033404
1755403317069,0.294317,-0.012562,9.738789
1755403317072,0.306281,-0.017348,10.05494
1755403317075,0.294317,0.028116,9.662218
1755403317076,0.282353,-0.050847,10.102797
1755403317078,0.282353,0.00658,9.688539
1755403317080,0.267996,-0.034098,10.093225
1755403317083,0.291924,0.00658,9.762716
1755403317085,0.260818,-0.05324,10.014262
1755403317089,0.299103,0.011366,9.801002
1755403317091,0.287139,-0.026919,9.923036
1755403317093,0.27996,0.004187,9.927821
1755403317095,0.27996,-0.024526,9.82493
1755403317097,0.299103,-0.029312,9.882358
1755403317099,0.251246,-0.029312,9.939785
1755403317102,0.299103,-0.050847,9.836894
1755403317105,0.260818,-0.000598,9.923036
1755403317108,0.287139,-0.010169,9.700503
1755403317110,0.275175,-0.022134,9.915857
1755403317112,0.253639,-0.010169,9.956834
1755403317114,0.272782,-0.005384,9.877572
1755403317116,0.287139,-0.026919,9.932607
1755403317119,0.301496,-0.012562,9.683753
1755403317121,0.253639,-0.05324,10.042975
1755403317124,0.291924,-0.043669,9.710074
1755403317128,0.303888,-0.046062,9.908679
1755403317129,0.332602,0.016152,10.007083
1755403317131,0.275175,0.004187,9.803394
1755403317133,0.275175,-0.024526,9.932607
1755403317136,0.306281,-0.067597,9.80818
1755403317138,0.267996,-0.019741,9.987941
1755403317141,0.270389,0.008973,9.879965
1755403317143,0.265603,-0.034098,9.839287
1755403317145,0.265603,-0.043669,9.908679
1755403317148,0.318245,-0.026919,9.877572
1755403317150,0.275175,-0.002991,9.836894
1755403317152,0.275175,-0.010169,9.980762
1755403317155,0.265603,-0.041276,9.812965
1755403317157,0.287139,-0.022134,9.964012
1755403317160,0.272782,0.025723,9.786645
1755403317162,0.267996,-0.014955,9.927821
1755403317165,0.267996,-0.022134,9.913465
1755403317167,0.275175,-0.010169,9.803394
1755403317169,0.267996,-0.038883,9.913465
1755403317172,0.306281,-0.014955,9.891929
1755403317174,0.306281,-0.036491,9.865608
1755403317177,0.258425,-0.019741,9.875179
1755403317179,0.265603,-0.038883,9.896714
1755403317181,0.241675,0.004187,9.868001
1755403317183,0.277567,-0.036491,9.853643
1755403317186,0.282353,-0.048455,9.899107
1755403317188,0.244068,-0.012562,9.858429
1755403317191,0.265603,-0.036491,9.865608
1755403317193,0.241675,0.001795,9.939785
1755403317195,0.301496,-0.022134,9.786645
1755403317198,0.306281,-0.002991,9.865608
1755403317200,0.277567,0.013759,9.896714
1755403317203,0.224925,-0.002991,9.82493
1755403317205,0.291924,0.004187,9.877572
1755403317208,0.287139,-0.012562,9.844072
1755403317210,0.263211,-0.043669,9.891929
1755403317213,0.222533,0.004187,9.822537
1755403317215,0.289532,-0.019741,9.84168
1755403317217,0.301496,-0.024526,9.853643
1755403317219,0.263211,-0.026919,9.920643
1755403317222,0.253639,-0.034098,9.908679
1755403317225,0.284746,-0.046062,9.908679
1755403317227,0.287139,-0.043669,9.865608
1755403317229,0.33021,-0.034098,9.925428
1755403317232,0.258425,-0.012562,9.868001
1755403317234,0.291924,-0.019741,9.877572
1755403317237,0.270389,-0.031705,9.868001
1755403317239,0.277567,-0.005384,9.891929
1755403317242,0.284746,-0.024526,9.88475
1755403317246,0.289532,-0.024526,9.870394
1755403317247,0.287139,-0.038883,9.882358
1755403317248,0.303888,-0.022134,9.844072
1755403317251,0.251246,-0.026919,9.889536
1755403317253,0.277567,-0.000598,9.913465
1755403317256,0.275175,-0.05324,9.865608
1755403317259,0.248854,-0.010169,9.865608
1755403317261,0.27996,-0.041276,9.889536
1755403317263,0.277567,-0.029312,9.875179
1755403317265,0.236889,-0.007777,9.879965
1755403317267,0.272782,-0.022134,9.882358
1755403317270,0.303888,-0.031705,9.877572
1755403317273,0.282353,-0.043669,9.887143
1755403317276,0.265603,-0.026919,9.88475
1755403317278,0.282353,-0.026919,9.868001
1755403317279,0.332602,-0.034098,9.88475
1755403317282,0.308674,-0.029312,9.882358
1755403317284,0.287139,-0.002991,9.872787
1755403317286,0.27996,-0.010169,9.875179
1755403317289,0.27996,-0.012562,9.877572
1755403317291,0.287139,-0.026919,9.887143
1755403317294,0.267996,-0.034098,9.870394
1755403317296,0.272782,0.001795,9.879965
1755403317298,0.287139,0.016152,9.872787
1755403317301,0.289532,-0.031705,9.88475
1755403317303,0.267996,-0.007777,9.846465
1755403317306,0.299103,-0.022134,9.894321
1755403317308,0.27996,-0.019741,9.925428
1755403317311,0.275175,-0.031705,9.903893
1755403317314,0.327817,-0.079561,10.00469
1755403317315,0.361316,-0.062812,10.093225
1755403317318,0.275175,-0.026919,9.868001
1755403317320,0.318245,-0.06999,9.863214
1755403317322,0.263211,-0.026919,9.875179
1755403317325,0.303888,-0.014955,9.872787
1755403317327,0.282353,-0.000598,9.872787
1755403317330,0.256032,-0.005384,9.851251
1755403317332,0.253639,-0.031705,9.868001
1755403317335,0.294317,-0.048455,9.894321
1755403317337,0.294317,-0.005384,9.908679
1755403317340,0.275175,-0.026919,9.832108
1755403317342,0.270389,-0.031705,9.925428
1755403317345,0.318245,-0.029312,9.793823
1755403317347,0.27996,-0.050847,10.03819
1755403317350,0.291924,-0.002991,9.777073
1755403317352,0.282353,0.030508,9.964012
1755403317354,0.256032,-0.034098,9.741181
1755403317356,0.308674,0.001795,9.939785
1755403317359,0.277567,0.004187,9.781859
1755403317361,0.260818,0.004187,9.985548
1755403317363,0.323031,0.004187,9.779466
1755403317366,0.282353,-0.022134,9.947263
1755403317368,0.299103,-0.019741,9.769895
1755403317370,0.287139,-0.014955,10.081261
1755403317373,0.256032,-0.024526,9.667004
1755403317375,0.308674,-0.026919,10.047761
1755403317378,0.275175,-0.034098,9.784252
1755403317380,0.267996,-0.014955,9.985548
1755403317382,0.265603,-0.002991,9.817751
1755403317385,0.277567,-0.031705,9.908679
1755403317387,0.291924,-0.024526,9.952048
1755403317390,0.246461,-0.019741,9.724431
1755403317392,0.303888,-0.014955,9.949656
1755403317395,0.263211,-0.041276,9.839287
1755403317397,0.299103,-0.014955,9.789038
1755403317399,0.253639,-0.031705,9.980762
1755403317402,0.29671,-0.024526,9.829716
1755403317404,0.282353,-0.060419,9.863214
1755403317406,0.265603,-0.043669,9.899107
1755403317409,0.284746,-0.043669,9.84168
1755403317412,0.275175,-0.024526,10.00469
1755403317414,0.308674,0.030508,9.786645
1755403317416,0.263211,-0.05324,9.973584
1755403317418,0.284746,0.001795,9.844072
1755403317421,0.277567,-0.041276,9.839287
1755403317423,0.284746,-0.000598,9.829716
1755403317426,0.303888,-0.005384,9.844072
1755403317429,0.294317,-0.007777,9.971191
1755403317431,0.311067,0.011366,9.80818
1755403317433,0.284746,-0.048455,9.995119
1755403317435,0.334995,0.008973,9.80818
1755403317438,0.241675,-0.074776,9.875179
1755403317440,0.275175,-0.007777,9.858429
1755403317446,0.301496,-0.014955,9.9015
1755403317448,0.284746,0.013759,9.927821
1755403317450,0.311067,0.004187,9.853643
1755403317452,0.246461,-0.046062,9.947263
1755403317453,0.299103,-0.022134,9.769895
1755403317455,0.244068,-0.05324,9.944571
1755403317457,0.299103,0.030508,9.812965
1755403317459,0.320638,-0.029312,9.961619
1755403317462,0.27996,0.00658,9.877572
1755403317464,0.275175,-0.038883,9.829716
1755403317467,0.251246,-0.046062,9.990334
1755403317469,0.29671,-0.031705,9.731609
1755403317471,0.256032,-0.036491,10.035797
1755403317473,0.29671,0.044865,9.832108
1755403317477,0.224925,-0.014955,9.848858
1755403317478,0.299103,-0.000598,9.944571
1755403317481,0.265603,-0.043669,9.84168
1755403317483,0.272782,-0.062812,9.779466
1755403317485,0.31346,-0.014955,9.973584
1755403317488,0.260818,0.013759,9.91825
1755403317490,0.339781,-0.005384,9.784252
1755403317493,0.272782,-0.043669,9.964012
1755403317495,0.339781,-0.005384,9.899107
1755403317497,0.260818,0.018544,9.937392
1755403317500,0.287139,0.001795,9.738789
1755403317502,0.246461,-0.046062,9.964012
1755403317504,0.337388,-0.043669,9.894321
1755403317507,0.258425,-0.031705,9.860822
1755403317509,0.282353,-0.014955,9.865608
1755403317512,0.239282,-0.031705,9.925428
1755403317514,0.294317,-0.048455,9.879965
1755403317517,0.287139,-0.012562,9.894321
1755403317519,0.291924,0.001795,9.851251
1755403317521,0.31346,-0.012562,9.91825
1755403317524,0.301496,0.011366,9.856036
1755403317526,0.253639,-0.010169,9.882358
1755403317529,0.289532,-0.026919,9.889536
1755403317531,0.284746,-0.050847,9.915857
1755403317533,0.27996,-0.019741,9.844072
1755403317536,0.27996,-0.022134,9.872787
1755403317538,0.289532,-0.034098,9.875179
1755403317541,0.275175,-0.026919,9.875179
1755403317543,0.260818,-0.026919,9.848858
1755403317546,0.277567,-0.026919,9.896714
1755403317548,0.303888,-0.034098,9.920643
1755403317550,0.253639,-0.031705,9.829716
1755403317553,0.270389,-0.019741,9.920643
1755403317555,0.303888,-0.022134,9.858429
1755403317558,0.289532,-0.024526,9.879965
1755403317560,0.289532,-0.005384,9.91825
1755403317562,0.289532,-0.014955,9.815358
1755403317565,0.29671,-0.019741,9.863214
1755403317567,0.287139,-0.026919,9.913465
1755403317569,0.284746,-0.000598,9.906285
1755403317572,0.289532,-0.029312,9.927821
1755403317574,0.294317,-0.024526,9.875179
1755403317576,0.306281,-0.019741,9.870394
1755403317579,0.270389,0.001795,9.879965
1755403317582,0.299103,-0.019741,9.870394
1755403317585,0.291924,-0.029312,9.913465
1755403317586,0.267996,-0.029312,9.868001
1755403317588,0.299103,-0.014955,9.853643
1755403317591,0.272782,-0.002991,9.906285
1755403317593,0.282353,0.016152,9.822537
1755403317596,0.284746,-0.010169,9.879965
1755403317599,0.301496,-0.005384,9.911072
1755403317600,0.275175,0.011366,9.858429
1755403317603,0.267996,-0.024526,9.882358
1755403317605,0.29671,-0.012562,9.879965
1755403317608,0.272782,-0.029312,9.913465
1755403317610,0.275175,-0.029312,9.834501
1755403317613,0.253639,-0.022134,9.882358
1755403317616,0.256032,-0.048455,9.88475
1755403317617,0.275175,-0.019741,9.932607
1755403317620,0.260818,-0.010169,10.023833
1755403317622,0.267996,-0.041276,9.772287
1755403317624,0.291924,-0.012562,9.863214
1755403317627,0.277567,-0.014955,9.915857
1755403317629,0.275175,0.004187,9.913465
1755403317633,0.287139,-0.026919,9.88475
1755403317635,0.263211,-0.05324,9.9015
1755403317637,0.260818,-0.024526,9.702896
1755403317639,0.289532,-0.005384,9.966406
1755403317641,0.267996,-0.034098,9.836894
1755403317644,0.256032,-0.007777,9.959227
1755403317647,0.246461,-0.019741,9.71486
1755403317649,0.287139,-0.019741,10.009477
1755403317651,0.294317,-0.019741,9.786645
1755403317653,0.289532,-0.041276,10.117153
1755403317655,0.306281,0.018544,9.839287
1755403317658,0.248854,-0.050847,9.796216
1755403317660,0.287139,-0.012562,9.915857
1755403317663,0.306281,-0.036491,9.952048
1755403317665,0.260818,-0.048455,9.856036
1755403317668,0.29671,-0.017348,9.858429
1755403317671,0.270389,0.018544,9.815358
1755403317672,0.277567,-0.029312,9.88475
1755403317675,0.277567,0.02333,9.793823
1755403317677,0.272782,-0.043669,10.095618
1755403317680,0.287139,0.018544,9.827323
1755403317682,0.272782,-0.026919,9.812965
1755403317685,0.275175,-0.017348,9.925428
1755403317689,0.334995,-0.017348,9.868001
1755403317691,0.277567,-0.007777,9.956834
1755403317692,0.275175,-0.026919,9.79143
1755403317694,0.256032,-0.034098,9.9015
1755403317696,0.272782,-0.026919,9.839287
1755403317699,0.277567,-0.031705,9.879965
1755403317702,0.267996,-0.017348,9.856036
1755403317703,0.287139,-0.007777,9.88475
1755403317706,0.277567,-0.024526,9.870394
1755403317708,0.272782,-0.007777,9.882358
1755403317711,0.244068,-0.029312,9.863214
1755403317713,0.306281,-0.026919,9.894321
1755403317715,0.282353,-0.007777,9.88475
1755403317718,0.291924,-0.038883,9.853643
1755403317721,0.275175,-0.002991,9.875179
1755403317723,0.277567,-0.026919,9.930214
1755403317725,0.256032,-0.029312,9.853643
1755403317727,0.27996,-0.031705,9.84168
1755403317730,0.303888,-0.024526,9.882358
1755403317732,0.289532,-0.007777,9.920643
1755403317735,0.284746,-0.022134,9.875179
1755403317737,0.270389,-0.024526,9.846465
1755403317740,0.265603,-0.046062,9.860822
1755403317742,0.275175,-0.041276,9.9015
1755403317744,0.31346,-0.024526,9.870394
1755403317747,0.320638,-0.041276,9.875179
1755403317749,0.33021,-0.038883,9.863214
1755403317753,0.272782,-0.024526,9.88475
1755403317755,0.267996,-0.031705,9.894321
1755403317757,0.291924,-0.014955,9.891929
1755403317759,0.27996,-0.022134,9.863214
1755403317762,0.256032,-0.034098,9.856036
1755403317763,0.291924,-0.022134,9.846465
1755403317766,0.27996,-0.024526,9.891929
1755403317769,0.287139,-0.024526,9.88475
1755403317772,0.282353,-0.010169,9.906285
1755403317773,0.29671,-0.012562,9.894321
1755403317775,0.251246,-0.002991,9.858429
1755403317778,0.277567,0.001795,9.870394
1755403317780,0.251246,-0.010169,9.827323
1755403317783,0.29671,-0.026919,9.956834
1755403317786,0.258425,0.004187,9.88475
1755403317788,0.270389,-0.024526,9.896714
1755403317790,0.272782,-0.002991,9.860822
1755403317792,0.246461,-0.041276,9.896714
1755403317795,0.311067,-0.029312,9.923036
1755403317797,0.275175,0.00658,9.858429
1755403317799,0.263211,0.020937,9.84168
1755403317805,0.246461,-0.014955,9.872787
1755403317806,0.251246,-0.012562,9.882358
1755403317808,0.291924,-0.022134,9.88475
1755403317809,0.272782,-0.005384,9.891929
1755403317812,0.306281,-0.012562,9.887143
1755403317814,0.291924,-0.002991,9.894321
1755403317816,0.284746,-0.017348,9.915857
1755403317820,0.263211,-0.022134,9.872787
1755403317821,0.294317,-0.029312,9.939785
1755403317823,0.308674,0.001795,9.765109
1755403317826,0.311067,-0.079561,9.903893
1755403317828,0.299103,0.011366,9.952048
1755403317830,0.282353,0.075972,9.908679
1755403317833,0.265603,-0.055633,9.755538
1755403317835,0.29671,-0.122632,9.9015
1755403317838,0.303888,0.030508,9.97837
1755403317840,0.232104,0.052044,9.879965
1755403317844,0.246461,-0.08674,9.839287
1755403317845,0.291924,-0.08674,9.97837
1755403317847,0.294317,0.049651,9.875179
1755403317850,0.232104,0.02333,9.846465
1755403317854,0.323031,-0.062812,9.961619
1755403317855,0.318245,0.008973,9.863214
1755403317857,0.253639,-0.005384,9.84168
1755403317859,0.284746,-0.06999,9.947263
1755403317862,0.320638,-0.010169,9.877572
1755403317864,0.270389,0.030508,9.846465
1755403317867,0.256032,-0.026919,9.899107
1755403317869,0.284746,-0.026919,9.879965
1755403317872,0.251246,-0.014955,9.882358
1755403317874,0.260818,-0.007777,9.896714
1755403317876,0.334995,-0.019741,9.872787
1755403317879,0.308674,-0.026919,9.879965
1755403317881,0.282353,-0.010169,9.903893
1755403317884,0.332602,-0.014955,9.870394
1755403317885,0.282353,-0.014955,9.915857
1755403317888,0.311067,-0.041276,9.868001
1755403317891,0.284746,-0.010169,9.870394
1755403317893,0.270389,-0.007777,9.88475
1755403317895,0.284746,-0.048455,9.865608
1755403317898,0.284746,-0.034098,9.879965
1755403317900,0.277567,-0.026919,9.896714
1755403317902,0.287139,-0.022134,9.889536
1755403317905,0.29671,-0.041276,9.863214
1755403317908,0.270389,-0.026919,9.88475
1755403317910,0.311067,-0.034098,9.858429
1755403317913,0.306281,-0.038883,9.882358
1755403317914,0.275175,-0.014955,9.887143
1755403317917,0.265603,-0.041276,9.889536
1755403317919,0.299103,-0.014955,9.882358
1755403317922,0.29671,-0.002991,9.942178
1755403317924,0.287139,-0.031705,9.879965
1755403317927,0.327817,-0.055633,9.927821
1755403317929,0.299103,-0.026919,9.942178
1755403317931,0.31346,-0.024526,9.971191
1755403317933,0.241675,-0.014955,9.858429
1755403317936,0.275175,-0.065204,9.834501
1755403317939,0.246461,-0.014955,9.9015
1755403317941,0.284746,-0.050847,9.79143
1755403317943,0.263211,-0.014955,9.966406
1755403317946,0.244068,-0.002991,9.844072
1755403317948,0.33021,-0.048455,10.011869
1755403317950,0.258425,0.00658,9.899107
1755403317953,0.289532,-0.034098,9.82493
1755403317956,0.284746,-0.002991,9.856036
1755403317959,0.260818,-0.017348,9.822537
1755403317961,0.258425,0.030508,9.832108
1755403317962,0.234497,-0.005384,9.779466
1755403317965,0.282353,-0.022134,9.851251
1755403317967,0.267996,0.02333,9.913465
1755403317970,0.31346,-0.046062,9.896714
1755403317973,0.282353,-0.005384,9.882358
1755403317975,0.258425,-0.005384,9.877572
1755403317977,0.303888,0.004187,9.872787
1755403317979,0.289532,-0.005384,9.915857
1755403317981,0.29671,0.001795,9.899107
1755403317984,0.315853,-0.029312,9.882358
1755403317986,0.275175,0.016152,9.868001
1755403317990,0.27996,-0.038883,9.896714
1755403317992,0.294317,-0.029312,9.913465
1755403317993,0.277567,-0.007777,9.894321
1755403317996,0.267996,-0.058026,9.896714
1755403317998,0.234497,-0.019741,9.870394
1755403318000,0.265603,-0.014955,9.882358
1755403318003,0.277567,-0.046062,9.863214
1755403318007,0.272782,-0.046062,9.846465
1755403318008,0.229711,-0.000598,9.997512
1755403318010,0.301496,0.037687,9.889536
1755403318013,0.244068,-0.026919,9.817751
1755403318015,0.27996,-0.122632,9.796216
1755403318017,0.294317,-0.084347,9.937392
1755403318020,0.308674,0.052044,9.973584
1755403318022,0.29671,0.049651,9.810573
1755403318025,0.27996,-0.122632,9.741181
1755403318029,0.294317,-0.055633,9.992726
1755403318030,0.311067,0.104686,9.927821
1755403318032,0.227318,0.04008,9.784252
1755403318034,0.29671,-0.170489,9.870394
1755403318036,0.315853,-0.050847,9.937392
1755403318039,0.239282,0.102293,9.908679
1755403318041,0.251246,-0.074776,9.784252
1755403318044,0.323031,-0.158524,9.906285
1755403318047,0.282353,0.047258,9.927821
1755403318049,0.212961,0.059222,9.736395
1755403318051,0.325424,-0.098704,9.925428
1755403318053,0.325424,0.011366,9.968799
1755403318056,0.260818,0.049651,9.757931
1755403318059,0.246461,-0.065204,9.939785
1755403318061,0.342174,-0.010169,9.975977
1755403318063,0.260818,0.032901,9.781859
1755403318066,0.251246,-0.065204,9.913465
1755403318068,0.361316,0.008973,9.915857
1755403318070,0.229711,-0.012562,9.879965
1755403318072,0.208176,-0.048455,9.903893
1755403318075,0.311067,0.013759,9.793823
1755403318077,0.236889,-0.055633,9.865608
1755403318080,0.287139,-0.017348,9.846465
1755403318082,0.27996,-0.034098,9.875179
1755403318085,0.239282,-0.007777,9.966406
1755403318087,0.334995,0.018544,9.879965
1755403318089,0.224925,-0.022134,9.985548
1755403318092,0.272782,-0.012562,9.765109
1755403318095,0.260818,-0.084347,9.815358
1755403318097,0.284746,-0.012562,9.858429
1755403318099,0.31346,-0.012562,9.860822
1755403318102,0.272782,0.016152,10.026226
1755403318104,0.315853,0.042473,9.82493
1755403318106,0.224925,-0.046062,9.896714
1755403318109,0.284746,-0.074776,9.693324
1755403318112,0.246461,-0.041276,9.973584
1755403318113,0.287139,0.087936,9.961619
1755403318116,0.272782,0.044865,9.939785
1755403318119,0.27996,-0.062812,9.750752
1755403318120,0.289532,-0.108275,9.858429
1755403318123,0.282353,-0.005384,9.939785
1755403318126,0.289532,0.075972,9.954441
1755403318128,0.246461,-0.000598,9.877572
1755403318130,0.29671,-0.084347,9.772287
1755403318132,0.260818,-0.098704,9.915857
1755403318135,0.318245,0.071186,9.942178
1755403318137,0.236889,0.073579,9.920643
1755403318139,0.308674,-0.072383,9.786645
1755403318143,0.299103,-0.101097,9.851251
1755403318146,0.308674,0.02333,9.968799
1755403318147,0.270389,0.080758,9.923036
1755403318149,0.27996,-0.06999,9.784252
1755403318151,0.315853,-0.136989,9.879965
1755403318154,0.308674,0.016152,9.923036
1755403318156,0.275175,0.054437,9.913465
1755403318160,0.284746,-0.079561,9.822537
1755403318162,0.289532,-0.096311,9.923036
1755403318164,0.287139,0.042473,9.896714
1755403318166,0.253639,-0.000598,9.887143
1755403318169,0.291924,-0.062812,9.870394
1755403318171,0.320638,-0.046062,9.903893
1755403318173,0.284746,0.028116,9.882358
1755403318177,0.289532,-0.002991,9.827323
1755403318179,0.308674,-0.055633,9.927821
1755403318180,0.315853,-0.029312,9.896714
1755403318183,0.27996,0.018544,9.856036
1755403318185,0.299103,-0.043669,9.879965
1755403318187,0.303888,-0.041276,9.930214
1755403318190,0.263211,0.037687,9.877572
1755403318192,0.239282,-0.017348,9.863214
1755403318195,0.29671,-0.041276,9.891929
1755403318197,0.29671,-0.005384,9.906285
1755403318199,0.282353,0.037687,9.834501
1755403318202,0.272782,-0.046062,9.858429
1755403318204,0.29671,-0.060419,9.952048
1755403318207,0.263211,0.02333,9.877572
1755403318209,0.272782,0.001795,9.846465
1755403318212,0.308674,-0.072383,9.88475
1755403318214,0.29671,-0.014955,9.920643
1755403318216,0.244068,-0.005384,9.832108
1755403318219,0.251246,-0.048455,9.856036
1755403318221,0.33021,-0.024526,9.887143
1755403318224,0.289532,0.032901,9.875179
1755403318226,0.246461,0.001795,9.887143
1755403318228,0.311067,-0.034098,9.925428
1755403318231,0.267996,-0.000598,9.879965
1755403318233,0.244068,0.028116,9.846465
1755403318235,0.299103,-0.034098,9.908679
1755403318238,0.294317,-0.002991,9.896714
1755403318240,0.272782,-0.010169,9.889536
1755403318243,0.282353,-0.041276,9.887143
1755403318246,0.265603,-0.067597,9.899107
1755403318248,0.239282,-0.017348,9.875179
1755403318251,0.246461,-0.022134,9.894321
1755403318253,0.289532,-0.019741,9.887143
1755403318255,0.251246,-0.012562,9.906285
1755403318257,0.284746,-0.000598,9.872787
1755403318260,0.27996,-0.000598,9.882358
1755403318263,0.256032,-0.005384,9.908679
1755403318264,0.270389,-0.010169,9.887143
1755403318267,0.282353,-0.036491,9.863214
1755403318269,0.275175,-0.019741,9.872787
1755403318271,0.27996,-0.002991,9.899107
1755403318274,0.284746,-0.005384,9.875179
1755403318276,0.29671,-0.014955,9.891929
1755403318279,0.315853,-0.017348,9.899107
1755403318281,0.282353,-0.024526,9.899107
1755403318283,0.311067,-0.005384,9.882358
1755403318286,0.299103,-0.022134,9.889536
1755403318288,0.29671,-0.024526,9.856036
1755403318291,0.260818,-0.024526,9.853643
1755403318293,0.272782,-0.019741,9.894321
1755403318296,0.27996,-0.043669,9.868001
1755403318298,0.282353,-0.017348,9.848858
1755403318300,0.291924,-0.034098,9.848858
1755403318302,0.272782,-0.026919,9.872787
1755403318305,0.320638,-0.014955,9.853643
1755403318307,0.277567,-0.014955,9.879965
1755403318310,0.31346,-0.010169,9.882358
1755403318313,0.318245,-0.022134,9.911072
1755403318315,0.31346,0.004187,9.870394
1755403318317,0.263211,-0.012562,9.846465
1755403318319,0.287139,-0.034098,9.889536
1755403318322,0.258425,-0.036491,9.91825
1755403318324,0.27996,-0.005384,9.879965
1755403318327,0.272782,-0.014955,9.875179
1755403318330,0.282353,-0.007777,9.879965
1755403318332,0.289532,-0.017348,9.894321
1755403318334,0.303888,-0.017348,9.877572
1755403318336,0.289532,-0.043669,9.91825
1755403318338,0.303888,-0.019741,9.872787
1755403318341,0.277567,-0.034098,9.868001
1755403318343,0.289532,-0.007777,9.896714
1755403318347,0.260818,-0.022134,9.877572
1755403318349,0.287139,-0.031705,9.875179
1755403318350,0.306281,-0.024526,9.887143
1755403318353,0.270389,-0.022134,9.868001
1755403318355,0.325424,-0.026919,9.875179
1755403318357,0.284746,-0.024526,9.903893
1755403318360,0.270389,-0.038883,9.908679
1755403318364,0.253639,-0.034098,9.9015
1755403318365,0.282353,-0.014955,9.865608
1755403318367,0.265603,-0.048455,9.879965
1755403318369,0.272782,-0.026919,9.879965
1755403318372,0.315853,-0.014955,9.903893
1755403318374,0.282353,-0.019741,9.906285
1755403318377,0.275175,-0.029312,9.891929
1755403318379,0.275175,-0.014955,9.891929
1755403318382,0.270389,-0.019741,9.889536
1755403318384,0.270389,0.020937,9.891929
1755403318386,0.29671,-0.007777,9.877572
1755403318389,0.306281,0.001795,9.865608
1755403318391,0.284746,-0.017348,9.896714
1755403318393,0.248854,-0.017348,9.870394
1755403318396,0.258425,-0.024526,9.88475
1755403318398,0.299103,-0.010169,9.88475
1755403318401,0.270389,-0.024526,9.899107
1755403318403,0.287139,-0.024526,9.889536
1755403318405,0.303888,-0.031705,9.877572
1755403318408,0.284746,-0.029312,9.889536
1755403318410,0.29671,-0.017348,9.872787
1755403318413,0.275175,-0.029312,9.891929
1755403318416,0.27996,-0.019741,9.858429
1755403318418,0.27996,-0.005384,9.882358
1755403318420,0.272782,-0.031705,9.870394
1755403318422,0.29671,-0.014955,9.903893
1755403318425,0.291924,-0.022134,9.863214
1755403318427,0.270389,0.013759,9.875179
1755403318430,0.251246,-0.034098,9.88475
1755403318433,0.267996,0.001795,9.894321
1755403318435,0.284746,-0.007777,9.889536
1755403318437,0.318245,-0.038883,9.872787
1755403318439,0.263211,-0.038883,9.882358
1755403318442,0.291924,-0.022134,9.879965
1755403318444,0.267996,-0.019741,9.868001
1755403318446,0.272782,-0.022134,9.894321
1755403318449,0.263211,-0.014955,9.879965
1755403318452,0.291924,-0.062812,9.872787
1755403318454,0.318245,-0.024526,9.846465
1755403318456,0.294317,-0.017348,9.879965
1755403318458,0.299103,-0.005384,9.9015
1755403318461,0.277567,-0.022134,9.894321
1755403318463,0.29671,-0.012562,9.891929
1755403318466,0.291924,-0.022134,9.889536
1755403318468,0.270389,-0.043669,9.882358
1755403318471,0.270389,-0.060419,9.889536
1755403318473,0.263211,-0.026919,9.882358
1755403318475,0.29671,-0.005384,9.889536
1755403318477,0.282353,-0.017348,9.88475
1755403318480,0.289532,-0.022134,9.877572
1755403318483,0.291924,-0.014955,9.856036
1755403318485,0.272782,-0.000598,9.920643
1755403318487,0.27996,-0.022134,9.889536
1755403318489,0.294317,-0.034098,9.865608
1755403318492,0.291924,-0.022134,9.88475
1755403318495,0.289532,-0.014955,9.887143
1755403318496,0.265603,-0.012562,9.877572
1755403318500,0.284746,-0.038883,9.882358
1755403318502,0.265603,-0.029312,9.908679
1755403318504,0.29671,-0.005384,9.882358
1755403318506,0.303888,-0.010169,9.879965
1755403318509,0.270389,-0.002991,9.88475
1755403318511,0.272782,-0.005384,9.870394
1755403318513,0.241675,-0.029312,9.882358
1755403318517,0.272782,-0.005384,9.875179
1755403318519,0.27996,-0.010169,9.872787
1755403318520,0.277567,-0.026919,9.9015
1755403318523,0.289532,-0.036491,9.860822
1755403318525,0.291924,-0.031705,9.872787
1755403318528,0.287139,0.001795,9.879965
1755403318530,0.263211,-0.014955,9.887143
1755403318534,0.284746,-0.014955,9.882358
1755403318538,0.241675,-0.026919,9.877572
1755403318540,0.287139,-0.024526,9.896714
1755403318541,0.277567,-0.034098,9.858429
1755403318542,0.284746,-0.024526,9.877572
1755403318545,0.272782,-0.026919,9.877572
1755403318547,0.272782,-0.026919,9.875179
1755403318551,0.265603,-0.017348,9.887143
1755403318553,0.289532,-0.010169,9.891929
1755403318554,0.275175,-0.000598,9.853643
1755403318556,0.275175,-0.022134,9.863214
1755403318559,0.260818,-0.026919,9.879965
1755403318561,0.258425,-0.010169,9.879965
1755403318564,0.284746,-0.026919,9.879965
1755403318568,0.277567,-0.029312,9.896714
1755403318570,0.299103,0.001795,9.899107
1755403318571,0.318245,-0.002991,9.891929
1755403318574,0.270389,-0.010169,9.865608
1755403318576,0.29671,-0.007777,9.88475
1755403318578,0.253639,0.004187,9.911072
1755403318580,0.246461,-0.005384,9.853643
1755403318583,0.263211,-0.012562,9.882358
1755403318586,0.29671,0.004187,9.865608
1755403318589,0.253639,0.016152,9.891929
1755403318591,0.277567,-0.007777,9.882358
1755403318592,0.275175,-0.005384,9.882358
1755403318595,0.289532,-0.022134,9.865608
1755403318597,0.318245,-0.038883,9.870394
1755403318600,0.291924,-0.012562,9.875179
1755403318602,0.267996,-0.034098,9.875179
1755403318604,0.282353,-0.014955,9.875179
1755403318607,0.263211,-0.014955,9.891929
1755403318609,0.284746,-0.029312,9.865608
1755403318612,0.294317,0.001795,9.88475
1755403318614,0.318245,-0.014955,9.848858
1755403318617,0.270389,-0.036491,9.889536
1755403318619,0.277567,-0.038883,9.870394
1755403318621,0.272782,-0.058026,9.88475
1755403318623,0.272782,-0.007777,9.899107
1755403318626,0.287139,0.016152,9.896714
1755403318628,0.294317,-0.019741,9.856036
1755403318631,0.306281,-0.019741,9.887143
1755403318633,0.29671,-0.036491,9.879965
1755403318636,0.270389,-0.024526,9.870394
1755403318638,0.306281,-0.017348,9.870394
1755403318640,0.282353,-0.026919,9.879965
1755403318643,0.27996,-0.038883,9.875179
1755403318645,0.272782,-0.026919,9.868001
1755403318647,0.282353,-0.012562,9.868001
1755403318650,0.253639,-0.005384,9.891929
1755403318653,0.29671,-0.034098,9.872787
1755403318655,0.284746,-0.036491,9.865608
1755403318658,0.272782,-0.022134,9.853643
1755403318659,0.256032,-0.017348,9.863214
1755403318662,0.277567,-0.058026,9.877572
1755403318664,0.289532,-0.022134,9.877572
1755403318667,0.306281,-0.029312,9.899107
1755403318670,0.291924,-0.038883,9.889536
1755403318672,0.277567,-0.019741,9.882358
1755403318674,0.325424,-0.038883,9.827323
1755403318676,0.284746,-0.005384,9.908679
1755403318679,0.248854,-0.002991,9.920643
1755403318681,0.253639,-0.038883,9.829716
1755403318684,0.265603,-0.05324,9.923036
1755403318687,0.315853,-0.034098,9.844072
1755403318688,0.308674,-0.031705,9.964012
1755403318691,0.311067,-0.010169,9.832108
1755403318693,0.303888,-0.05324,9.88475
1755403318695,0.29671,-0.029312,9.832108
1755403318698,0.325424,0.025723,9.913465
1755403318700,0.253639,-0.019741,9.903893
1755403318704,0.291924,-0.005384,9.875179
1755403318707,0.299103,-0.007777,9.820144
1755403318708,0.27996,-0.050847,9.870394
1755403318710,0.277567,-0.026919,9.920643
1755403318712,0.263211,0.025723,9.930214
1755403318714,0.267996,-0.026919,9.839287
1755403318717,0.256032,-0.024526,9.968799
1755403318719,0.323031,-0.000598,9.784252
1755403318722,0.227318,-0.031705,9.930214
1755403318724,0.301496,0.013759,9.796216
1755403318727,0.258425,-0.014955,9.911072
1755403318729,0.236889,0.02333,9.911072
1755403318731,0.27996,-0.017348,9.877572
1755403318734,0.284746,-0.034098,9.944571
1755403318738,0.334995,-0.031705,9.784252
1755403318739,0.251246,-0.026919,9.934999
1755403318741,0.282353,0.008973,9.820144
1755403318743,0.289532,-0.002991,9.942178
1755403318746,0.277567,0.020937,9.860822
1755403318748,0.27996,-0.038883,9.858429
1755403318751,0.282353,-0.046062,9.908679
1755403318753,0.318245,-0.012562,9.765109
1755403318755,0.275175,-0.036491,10.002297
1755403318758,0.299103,0.00658,9.832108
1755403318760,0.287139,-0.024526,9.959227
1755403318762,0.306281,0.004187,9.82493
1755403318765,0.301496,-0.062812,9.887143
1755403318767,0.275175,-0.014955,9.865608
1755403318770,0.299103,-0.002991,9.9015
1755403318773,0.256032,-0.014955,9.920643
1755403318775,0.327817,-0.029312,9.793823
1755403318777,0.248854,-0.060419,9.934999
1755403318780,0.327817,-0.022134,9.789038
1755403318782,0.270389,-0.029312,9.975977
1755403318784,0.318245,0.008973,9.767502
1755403318786,0.258425,-0.067597,9.944571
1755403318789,0.303888,0.018544,9.949656
1755403318792,0.287139,-0.05324,9.834501
1755403318794,0.287139,-0.050847,9.829716
1755403318796,0.299103,-0.029312,9.9015
1755403318798,0.246461,-0.005384,9.932607
1755403318801,0.287139,0.004187,9.80818
1755403318803,0.222533,-0.048455,9.990334
1755403318806,0.306281,-0.05324,9.779466
1755403318808,0.267996,-0.055633,9.88475
1755403318810,0.323031,0.028116,9.911072
1755403318813,0.294317,-0.002991,9.923036
1755403318815,0.299103,-0.046062,9.839287
1755403318818,0.282353,-0.08674,9.836894
1755403318820,0.284746,0.00658,9.961619
1755403318823,0.256032,0.018544,9.937392
1755403318826,0.272782,-0.022134,9.801002
1755403318828,0.318245,-0.060419,9.851251
1755403318830,0.294317,0.008973,9.879965
1755403318832,0.284746,0.018544,9.91825
1755403318835,0.263211,-0.010169,9.889536
1755403318837,0.258425,-0.05324,9.79143
1755403318840,0.241675,-0.050847,9.911072
1755403318842,0.327817,-0.010169,9.829716
1755403318844,0.248854,-0.000598,9.985548
1755403318846,0.306281,0.025723,9.832108
1755403318849,0.234497,-0.041276,9.952048
1755403318851,0.299103,-0.034098,9.755538
1755403318853,0.267996,-0.084347,9.961619
1755403318857,0.303888,0.016152,9.848858
1755403318859,0.246461,-0.048455,9.961619
1755403318861,0.277567,0.013759,9.865608
1755403318863,0.27996,-0.036491,9.865608
1755403318865,0.263211,-0.022134,9.925428
1755403318868,0.31346,0.00658,9.793823
1755403318871,0.260818,-0.017348,9.995119
1755403318874,0.291924,0.00658,9.796216
1755403318876,0.236889,-0.034098,9.956834
1755403318878,0.308674,-0.012562,9.844072
1755403318880,0.299103,-0.058026,9.889536
1755403318882,0.301496,-0.005384,9.908679
1755403318885,0.306281,-0.002991,9.856036
1755403318887,0.239282,-0.024526,9.975977
1755403318891,0.339781,0.018544,9.820144
1755403318892,0.239282,-0.029312,9.995119
1755403318894,0.303888,-0.010169,9.805787
1755403318897,0.234497,-0.077169,9.927821
1755403318899,0.315853,-0.002991,9.872787
1755403318902,0.318245,-0.043669,9.84168
1755403318904,0.27996,-0.036491,9.968799
1755403318906,0.294317,-0.010169,9.805787
1755403318909,0.263211,-0.034098,9.964012
1755403318911,0.344566,0.018544,9.84168
1755403318914,0.270389,-0.034098,9.779466
1755403318916,0.260818,-0.072383,9.899107
1755403318918,0.334995,0.071186,9.959227
1755403318921,0.272782,0.052044,9.805787
1755403318923,0.260818,-0.108275,9.915857
1755403318926,0.339781,-0.048455,9.934999
1755403318929,0.291924,0.025723,9.789038
1755403318930,0.22014,-0.05324,9.939785
1755403318933,0.303888,-0.036491,9.927821
1755403318935,0.265603,-0.029312,9.817751
1755403318937,0.256032,-0.05324,9.887143
1755403318940,0.275175,0.025723,9.913465
1755403318945,0.251246,0.030508,9.789038
1755403318946,0.232104,-0.089133,9.853643
1755403318948,0.308674,-0.002991,9.964012
1755403318950,0.301496,0.020937,9.868001
1755403318952,0.232104,-0.05324,9.815358
1755403318954,0.270389,-0.072383,9.9015
1755403318957,0.277567,0.047258,9.903893
1755403318959,0.272782,-0.002991,9.865608
1755403318961,0.291924,-0.084347,9.882358
1755403318964,0.33021,-0.017348,9.846465
1755403318967,0.27996,0.083151,9.923036
1755403318969,0.29671,-0.024526,9.877572
1755403318971,0.299103,-0.132203,9.767502
1755403318974,0.299103,-0.043669,10.028619
1755403318978,0.27996,0.164507,9.930214
1755403318980,0.27996,-0.000598,9.796216
1755403318980,0.253639,-0.172881,9.860822
1755403318984,0.31346,-0.093918,9.853643
1755403318986,0.284746,0.087936,9.983155
1755403318988,0.294317,0.059222,9.889536
1755403318990,0.289532,-0.077169,9.798609
1755403318994,0.277567,-0.079561,9.911072
1755403318995,0.27996,-0.002991,9.827323
1755403318997,0.272782,0.04008,9.882358
1755403319000,0.277567,-0.014955,9.853643
1755403319002,0.263211,0.001795,9.882358
1755403319004,0.253639,-0.017348,9.925428
1755403319007,0.294317,0.004187,9.817751
1755403319011,0.284746,-0.036491,9.925428
1755403319012,0.27996,-0.000598,9.757931
1755403319014,0.239282,-0.05324,9.934999
1755403319017,0.289532,-0.000598,9.765109
1755403319019,0.260818,-0.041276,9.88475
1755403319021,0.277567,-0.007777,9.882358
1755403319024,0.275175,-0.005384,9.879965
1755403319027,0.272782,0.02333,9.899107
1755403319029,0.277567,0.00658,9.906285
1755403319031,0.267996,-0.017348,9.927821
1755403319034,0.263211,-0.046062,9.858429
1755403319036,0.236889,-0.034098,9.930214
1755403319038,0.303888,-0.012562,9.844072
1755403319041,0.251246,-0.031705,9.952048
1755403319044,0.303888,0.001795,9.839287
1755403319046,0.277567,-0.06999,9.961619
1755403319049,0.267996,0.013759,9.822537
1755403319050,0.272782,-0.05324,9.927821
1755403319053,0.301496,-0.048455,9.79143
1755403319055,0.260818,-0.050847,9.942178
1755403319057,0.289532,-0.017348,9.832108
1755403319061,0.251246,-0.012562,9.937392
1755403319062,0.303888,-0.022134,9.844072
1755403319065,0.246461,-0.043669,9.927821
1755403319067,0.308674,-0.055633,9.832108
1755403319070,0.275175,-0.05324,9.927821
1755403319072,0.323031,-0.036491,9.844072
1755403319074,0.256032,-0.031705,9.927821
1755403319078,0.306281,-0.022134,9.834501
1755403319080,0.258425,-0.007777,9.937392
1755403319082,0.315853,-0.034098,9.82493
1755403319084,0.246461,-0.017348,9.920643
1755403319086,0.284746,-0.036491,9.868001
1755403319088,0.256032,-0.026919,9.853643
1755403319091,0.277567,0.001795,9.899107
1755403319093,0.251246,-0.012562,9.846465
1755403319096,0.282353,-0.05324,9.920643
1755403319098,0.272782,-0.014955,9.868001
1755403319100,0.267996,-0.005384,9.920643
1755403319103,0.284746,-0.036491,9.822537
1755403319106,0.277567,-0.046062,9.966406
1755403319108,0.29671,-0.026919,9.784252
1755403319110,0.267996,-0.062812,9.915857
1755403319113,0.308674,-0.048455,9.856036
1755403319115,0.253639,-0.029312,9.887143
1755403319117,0.289532,-0.022134,9.877572
1755403319120,0.306281,0.011366,9.903893
1755403319122,0.308674,0.013759,9.937392
1755403319125,0.291924,-0.010169,9.789038
1755403319128,0.253639,-0.048455,9.934999
1755403319130,0.267996,-0.000598,9.851251
1755403319132,0.241675,-0.043669,9.88475
1755403319134,0.284746,-0.029312,9.875179
1755403319136,0.29671,-0.029312,9.925428
1755403319139,0.306281,-0.019741,9.860822
1755403319141,0.291924,-0.041276,9.829716
1755403319144,0.258425,-0.017348,9.911072
1755403319147,0.287139,-0.019741,9.812965
1755403319148,0.251246,-0.024526,9.860822
1755403319151,0.282353,0.00658,9.944571
1755403319153,0.22014,-0.022134,9.966406
1755403319155,0.272782,0.004187,9.856036
1755403319158,0.287139,-0.007777,9.896714
1755403319160,0.29671,-0.019741,9.947263
1755403319164,0.27996,-0.05324,9.750752
1755403319165,0.301496,-0.038883,9.894321
1755403319168,0.323031,0.018544,9.870394
1755403319170,0.29671,0.001795,9.848858
1755403319172,0.27996,-0.005384,9.930214
1755403319175,0.267996,0.008973,10.031012
1755403319177,0.248854,-0.019741,9.875179
1755403319181,0.303888,-0.041276,9.722038
1755403319183,0.251246,-0.031705,10.002297
1755403319184,0.277567,-0.002991,9.834501
1755403319187,0.260818,-0.029312,9.817751
1755403319189,0.31346,0.020937,9.908679
1755403319191,0.248854,0.018544,10.007083
1755403319194,0.253639,0.001795,9.812965
1755403319198,0.270389,-0.024526,9.769895
1755403319200,0.289532,-0.060419,10.00469
1755403319202,0.272782,0.016152,9.877572
1755403319204,0.277567,0.00658,9.853643
1755403319206,0.284746,-0.010169,9.860822
1755403319208,0.29671,-0.024526,9.947263
1755403319211,0.277567,-0.005384,9.894321
1755403319215,0.289532,-0.038883,9.745967
1755403319217,0.294317,-0.024526,9.949656
1755403319218,0.29671,0.025723,9.961619
1755403319221,0.303888,-0.05324,9.810573
1755403319223,0.263211,-0.093918,9.834501
1755403319225,0.294317,-0.038883,9.891929
1755403319228,0.272782,0.052044,9.995119
1755403319231,0.277567,-0.041276,9.793823
1755403319233,0.284746,-0.110668,9.793823
1755403319235,0.287139,-0.065204,10.009477
1755403319237,0.294317,0.054437,9.913465
1755403319240,0.287139,0.020937,9.834501
1755403319242,0.27996,-0.098704,9.846465
1755403319244,0.284746,-0.072383,9.91825
1755403319249,0.270389,0.047258,9.925428
1755403319250,0.265603,0.028116,9.822537
1755403319251,0.27996,-0.091525,9.853643
1755403319254,0.299103,-0.062812,10.016655
1755403319256,0.287139,0.068794,9.863214
1755403319259,0.27996,-0.024526,9.777073
1755403319261,0.301496,-0.160917,9.920643
1755403319264,0.327817,-0.012562,9.894321
1755403319266,0.241675,0.035294,9.846465
1755403319269,0.277567,-0.089133,9.856036
1755403319271,0.306281,-0.060419,9.91825
1755403319273,0.277567,0.028116,9.851251
1755403319275,0.258425,-0.05324,9.872787
1755403319278,0.354138,-0.038883,9.913465
1755403319280,0.27996,-0.022134,9.863214
1755403319283,0.239282,-0.026919,9.887143
1755403319285,0.327817,-0.017348,9.860822
1755403319288,0.284746,-0.029312,9.903893
1755403319290,0.260818,0.00658,9.894321
1755403319292,0.306281,-0.000598,9.858429
1755403319295,0.291924,-0.05324,9.875179
1755403319297,0.265603,-0.019741,9.868001
1755403319299,0.267996,0.001795,9.894321
1755403319302,0.291924,-0.029312,9.894321
1755403319305,0.277567,-0.079561,9.872787
1755403319307,0.277567,-0.026919,9.882358
1755403319309,0.263211,0.004187,9.97837
1755403319311,0.289532,0.008973,9.856036
1755403319314,0.291924,-0.029312,9.872787
1755403319316,0.272782,-0.041276,9.848858
1755403319319,0.275175,-0.014955,9.908679
1755403319321,0.311067,0.054437,9.88475
1755403319323,0.246461,-0.043669,9.891929
1755403319326,0.275175,-0.031705,9.891929
1755403319328,0.320638,0.044865,9.872787
1755403319330,0.241675,-0.031705,9.851251
1755403319333,0.272782,-0.041276,9.91825
1755403319336,0.289532,-0.002991,9.913465
1755403319338,0.265603,0.001795,9.84168
1755403319340,0.27996,-0.074776,9.923036
1755403319343,0.294317,-0.002991,9.896714
1755403319345,0.241675,0.020937,9.803394
1755403319347,0.270389,-0.05324,9.908679
1755403319350,0.334995,-0.000598,9.911072
1755403319352,0.227318,0.020937,9.815358
1755403319355,0.275175,-0.05324,9.894321
1755403319357,0.320638,-0.000598,9.927821
1755403319359,0.256032,-0.017348,9.851251
1755403319361,0.244068,-0.079561,9.832108
1755403319364,0.354138,-0.005384,9.91825
1755403319368,0.282353,-0.019741,9.906285
1755403319369,0.263211,-0.079561,9.889536
1755403319371,0.33021,-0.000598,9.839287
1755403319374,0.263211,0.00658,9.882358
1755403319376,0.246461,-0.06999,9.925428
1755403319379,0.303888,-0.019741,9.822537
1755403319381,0.270389,-0.019741,9.853643
1755403319385,0.251246,-0.031705,9.959227
1755403319386,0.306281,0.013759,9.777073
1755403319388,0.263211,-0.007777,9.9015
1755403319391,0.253639,-0.014955,9.944571
1755403319393,0.306281,-0.017348,9.84168
1755403319395,0.267996,-0.036491,9.863214
1755403319397,0.303888,-0.046062,9.848858
1755403319402,0.277567,-0.038883,9.954441
1755403319403,0.270389,-0.026919,9.839287
1755403319405,0.282353,-0.031705,9.911072
1755403319407,0.320638,-0.012562,9.84168
1755403319409,0.31346,-0.029312,9.903893
1755403319412,0.270389,-0.024526,9.891929
1755403319414,0.311067,-0.036491,9.817751
1755403319419,0.260818,-0.046062,9.939785
1755403319420,0.277567,-0.007777,9.844072
1755403319422,0.291924,-0.007777,9.903893
1755403319424,0.311067,0.008973,9.894321
1755403319426,0.258425,-0.024526,9.899107
1755403319429,0.248854,-0.038883,9.844072
1755403319432,0.27996,-0.012562,9.88475
1755403319433,0.272782,-0.007777,9.899107
1755403319436,0.299103,-0.000598,9.84168
1755403319439,0.291924,-0.024526,9.887143
1755403319441,0.301496,-0.000598,9.851251
1755403319443,0.263211,-0.024526,9.906285
1755403319446,0.291924,-0.005384,9.853643
1755403319448,0.294317,-0.024526,9.911072
1755403319451,0.267996,-0.002991,9.875179
1755403319454,0.258425,-0.022134,9.908679
1755403319456,0.27996,-0.017348,9.846465
1755403319458,0.29671,-0.048455,9.875179
1755403319460,0.291924,-0.029312,9.88475
1755403319462,0.256032,-0.007777,9.9015
1755403319464,0.291924,-0.019741,9.868001
1755403319467,0.287139,-0.031705,9.915857
1755403319470,0.27996,-0.014955,9.863214
1755403319472,0.256032,-0.029312,9.887143
1755403319474,0.291924,-0.024526,9.875179
1755403319477,0.277567,-0.026919,9.875179
1755403319479,0.256032,-0.024526,9.836894
1755403319481,0.229711,-0.029312,9.877572
1755403319484,0.299103,0.001795,9.882358
1755403319486,0.275175,-0.031705,9.868001
1755403319490,0.253639,-0.058026,9.879965
1755403319491,0.31346,-0.038883,9.896714
1755403319494,0.294317,-0.012562,9.839287
1755403319496,0.282353,-0.017348,9.906285
1755403319498,0.275175,-0.038883,9.829716
1755403319500,0.289532,-0.038883,9.968799
1755403319503,0.299103,0.037687,9.915857
1755403319505,0.282353,0.004187,9.815358
1755403319508,0.253639,-0.134596,9.710074
1755403319510,0.291924,-0.072383,9.954441
1755403319513,0.277567,0.092722,10.002297
1755403319515,0.263211,0.05683,9.911072
1755403319517,0.291924,-0.156132,9.686146
1755403319521,0.291924,-0.127418,9.858429
1755403319522,0.301496,0.064008,9.983155
1755403319525,0.256032,0.061615,9.947263
1755403319527,0.260818,-0.110668,9.906285
1755403319529,0.301496,-0.18006,9.712467
1755403319532,0.289532,-0.029312,9.906285
1755403319534,0.289532,0.066401,9.911072
1755403319537,0.265603,0.008973,9.877572
1755403319539,0.267996,-0.084347,9.920643
1755403319542,0.308674,-0.098704,9.762716
1755403319544,0.301496,0.004187,9.88475
1755403319547,0.303888,0.011366,9.911072
1755403319549,0.277567,-0.007777,9.889536
1755403319551,0.253639,-0.074776,9.925428
1755403319554,0.284746,-0.067597,9.769895
1755403319556,0.29671,-0.055633,9.822537
1755403319559,0.289532,0.004187,9.925428
1755403319560,0.282353,0.016152,9.980762
1755403319563,0.303888,-0.012562,9.908679
1755403319565,0.294317,-0.060419,9.772287
1755403319568,0.251246,-0.077169,9.832108
1755403319571,0.303888,0.001795,9.961619
1755403319573,0.291924,0.049651,9.987941
1755403319575,0.270389,0.016152,9.906285
1755403319577,0.241675,-0.060419,9.750752
1755403319579,0.267996,-0.048455,9.844072
1755403319582,0.299103,0.008973,10.00469
1755403319584,0.308674,0.05683,9.964012
1755403319588,0.244068,-0.012562,9.882358
1755403319590,0.282353,-0.10349,9.693324
1755403319592,0.289532,-0.077169,9.903893
1755403319595,0.284746,0.066401,9.959227
1755403319596,0.272782,0.102293,9.913465
1755403319599,0.253639,-0.072383,9.695718
1755403319601,0.318245,-0.134596,9.836894
1755403319605,0.275175,0.035294,9.999905
1755403319609,0.260818,0.078365,10.002297
1755403319610,0.272782,-0.043669,9.829716
1755403319611,0.270389,-0.122632,9.832108
1755403319613,0.287139,0.035294,9.930214
1755403319615,0.272782,0.028116,9.863214
1755403319618,0.287139,-0.041276,9.903893
1755403319620,0.308674,0.011366,9.906285
1755403319623,0.272782,-0.005384,9.822537
1755403319625,0.265603,-0.019741,9.908679
1755403319627,0.299103,0.016152,9.932607
1755403319630,0.270389,-0.038883,9.834501
1755403319632,0.258425,-0.093918,9.851251
1755403319636,0.311067,-0.005384,9.906285
1755403319637,0.265603,0.018544,9.88475
1755403319640,0.270389,-0.029312,9.832108
1755403319643,0.299103,-0.029312,9.779466
1755403319644,0.258425,-0.014955,9.954441
1755403319647,0.248854,0.016152,9.980762
1755403319649,0.260818,-0.005384,9.834501
1755403319651,0.267996,-0.026919,9.858429
1755403319654,0.308674,-0.031705,9.879965
1755403319656,0.263211,-0.017348,9.973584
1755403319659,0.265603,-0.034098,9.829716
1755403319661,0.272782,-0.055633,9.856036
1755403319663,0.263211,-0.017348,9.899107
1755403319666,0.282353,-0.007777,9.934999
1755403319668,0.265603,-0.019741,9.865608
1755403319671,0.287139,-0.017348,9.829716
1755403319673,0.282353,-0.014955,9.942178
1755403319676,0.270389,-0.031705,9.772287
1755403319678,0.284746,-0.026919,9.915857
1755403319680,0.289532,0.008973,9.934999
1755403319683,0.291924,-0.002991,9.822537
1755403319685,0.294317,-0.041276,9.949656
1755403319687,0.267996,-0.024526,9.767502
1755403319690,0.270389,-0.043669,9.944571
1755403319693,0.294317,-0.017348,9.894321
1755403319695,0.251246,-0.022134,9.870394
1755403319697,0.282353,-0.012562,9.920643
1755403319699,0.294317,-0.060419,9.870394
1755403319702,0.260818,-0.072383,9.810573
1755403319704,0.311067,0.001795,9.856036
1755403319707,0.31346,-0.010169,9.939785
1755403319710,0.301496,-0.010169,9.839287
1755403319711,0.265603,-0.026919,9.964012
1755403319714,0.275175,-0.007777,9.891929
1755403319716,0.248854,-0.019741,9.868001
1755403319719,0.284746,-0.002991,9.870394
1755403319721,0.253639,-0.038883,9.968799
1755403319724,0.284746,-0.031705,9.784252
1755403319727,0.294317,-0.058026,9.839287
1755403319728,0.277567,-0.007777,9.903893
1755403319730,0.265603,-0.005384,9.930214
1755403319733,0.234497,0.02333,9.801002
1755403319735,0.294317,-0.024526,9.865608
1755403319738,0.263211,-0.062812,9.894321
1755403319741,0.282353,0.004187,9.858429
1755403319742,0.267996,0.02333,9.959227
1755403319745,0.287139,-0.017348,9.896714
1755403319747,0.272782,-0.048455,9.906285
1755403319750,0.289532,-0.058026,9.801002
1755403319752,0.248854,0.00658,9.959227
1755403319754,0.289532,0.020937,9.949656
1755403319757,0.210568,0.004187,9.911072
1755403319760,0.29671,-0.014955,9.844072
1755403319762,0.224925,-0.046062,9.875179
1755403319764,0.29671,-0.005384,9.834501
1755403319766,0.282353,0.001795,9.920643
1755403319769,0.308674,0.004187,9.889536
1755403319771,0.301496,-0.005384,9.856036
1755403319775,0.241675,-0.05324,9.932607
1755403319777,0.282353,-0.036491,9.767502
1755403319779,0.303888,-0.058026,9.980762
1755403319781,0.315853,0.013759,9.882358
1755403319783,0.253639,-0.002991,9.927821
1755403319785,0.315853,-0.005384,9.911072
1755403319788,0.263211,-0.026919,9.848858
1755403319792,0.282353,-0.038883,9.88475
1755403319793,0.299103,-0.029312,9.745967
1755403319796,0.246461,-0.046062,9.879965
1755403319799,0.294317,-0.029312,9.851251
1755403319800,0.277567,-0.010169,9.939785
1755403319802,0.287139,-0.000598,9.968799
1755403319805,0.287139,-0.005384,9.853643
1755403319807,0.244068,-0.108275,9.889536
1755403319811,0.263211,-0.043669,9.844072
1755403319812,0.265603,-0.029312,9.863214
1755403319815,0.27996,-0.029312,9.875179
1755403319817,0.327817,-0.034098,9.887143
1755403319819,0.301496,-0.060419,9.875179
1755403319822,0.284746,-0.019741,9.870394
1755403319824,0.308674,-0.019741,9.889536
1755403319827,0.31346,-0.036491,9.858429
1755403319829,0.303888,-0.031705,9.848858
1755403319832,0.260818,-0.019741,9.906285
1755403319834,0.263211,-0.036491,9.879965
1755403319836,0.27996,-0.034098,9.84168
1755403319839,0.29671,-0.034098,9.870394
1755403319841,0.306281,-0.024526,9.88475
1755403319844,0.29671,-0.041276,9.882358
1755403319846,0.294317,-0.036491,9.915857
1755403319848,0.275175,-0.041276,9.860822
1755403319851,0.277567,-0.034098,9.896714
1755403319853,0.277567,-0.000598,9.896714
1755403319855,0.284746,-0.019741,9.851251
1755403319858,0.299103,-0.017348,9.863214
1755403319861,0.31346,0.001795,9.88475
1755403319862,0.301496,-0.012562,9.879965
1755403319865,0.294317,0.001795,9.851251
1755403319867,0.284746,-0.007777,9.9015
1755403319870,0.275175,-0.031705,9.872787
1755403319872,0.246461,-0.000598,9.889536
1755403319874,0.244068,-0.017348,9.856036
1755403319877,0.244068,-0.034098,9.899107
1755403319879,0.31346,-0.000598,9.899107
1755403319881,0.299103,0.008973,9.870394
1755403319884,0.287139,-0.012562,9.894321
1755403319886,0.263211,-0.014955,9.887143
1755403319889,0.272782,-0.019741,9.872787
1755403319891,0.27996,-0.022134,9.911072
1755403319894,0.27996,0.016152,9.851251
1755403319897,0.265603,-0.012562,9.875179
1755403319899,0.27996,-0.05324,9.906285
1755403319901,0.244068,-0.022134,9.923036
1755403319903,0.284746,-0.041276,9.79143
1755403319905,0.287139,-0.024526,9.887143
1755403319908,0.31346,-0.012562,9.973584
1755403319911,0.27996,-0.000598,9.853643
1755403319913,0.277567,-0.036491,9.822537
1755403319915,0.291924,0.001795,9.959227
1755403319917,0.265603,-0.000598,9.879965
1755403319920,0.277567,-0.029312,9.829716
1755403319922,0.294317,-0.012562,9.812965
1755403319925,0.287139,0.013759,9.975977
1755403319928,0.282353,-0.014955,9.942178
1755403319931,0.29671,-0.041276,9.798609
1755403319932,0.272782,-0.048455,9.887143
1755403319934,0.291924,0.018544,9.925428
1755403319937,0.308674,0.004187,9.896714
1755403319939,0.301496,0.028116,9.836894
1755403319942,0.251246,-0.019741,9.913465
1755403319947,0.277567,0.011366,9.827323
1755403319948,0.251246,-0.019741,9.915857
1755403319949,0.284746,-0.029312,9.832108
1755403319951,0.270389,-0.014955,9.91825
1755403319954,0.272782,-0.007777,9.896714
1755403319956,0.294317,-0.029312,9.875179
1755403319958,0.256032,-0.050847,9.891929
1755403319962,0.306281,-0.05324,9.817751
1755403319965,0.258425,-0.043669,9.934999
1755403319966,0.301496,0.008973,9.815358
1755403319968,0.265603,-0.017348,9.923036
1755403319970,0.323031,0.016152,9.882358
1755403319972,0.299103,-0.005384,9.856036
1755403319975,0.248854,-0.041276,9.934999
1755403319977,0.291924,-0.036491,9.820144
1755403319980,0.289532,-0.065204,9.920643
1755403319982,0.311067,-0.029312,9.848858
1755403319984,0.303888,-0.062812,9.872787
1755403319987,0.241675,-0.026919,9.889536
1755403319989,0.308674,0.013759,9.777073
1755403319992,0.229711,-0.060419,10.033404
1755403319994,0.251246,-0.019741,9.834501
1755403319998,0.265603,-0.000598,9.844072
1755403320000,0.267996,-0.022134,9.997512
1755403320003,0.315853,-0.038883,9.757931
1755403320005,0.239282,-0.010169,9.980762
1755403320006,0.251246,-0.014955,9.765109
1755403320009,0.308674,-0.022134,9.944571
1755403320011,0.306281,-0.005384,9.954441
1755403320013,0.29671,-0.048455,9.765109
1755403320016,0.301496,-0.062812,9.896714
1755403320018,0.265603,-0.022134,9.934999
1755403320020,0.272782,-0.024526,9.91825
1755403320023,0.299103,0.013759,9.88475
1755403320025,0.232104,0.00658,9.952048
1755403320027,0.284746,-0.010169,9.863214
1755403320030,0.289532,-0.046062,9.834501
1755403320033,0.291924,-0.012562,9.870394
1755403320035,0.267996,0.02333,9.999905
1755403320037,0.277567,0.04008,9.860822
1755403320040,0.272782,-0.05324,9.762716
1755403320045,0.265603,-0.091525,9.863214
1755403320046,0.27996,-0.024526,9.908679
1755403320047,0.27996,0.071186,9.942178
1755403320050,0.287139,0.073579,9.870394
1755403320052,0.246461,-0.058026,9.915857
1755403320055,0.275175,-0.079561,9.769895
1755403320057,0.256032,-0.05324,9.954441
1755403320059,0.299103,0.059222,9.920643
1755403320061,0.253639,-0.010169,9.920643
1755403320064,0.325424,-0.065204,9.80818
1755403320066,0.284746,-0.096311,9.872787
1755403320068,0.318245,0.042473,9.920643
1755403320071,0.282353,0.011366,9.908679
1755403320073,0.291924,-0.029312,9.805787
1755403320076,0.291924,-0.050847,9.868001
1755403320078,0.299103,-0.000598,9.899107
1755403320081,0.272782,0.00658,9.930214
1755403320083,0.270389,-0.007777,9.844072
1755403320085,0.267996,-0.031705,9.906285
1755403320088,0.241675,-0.06999,9.84168
1755403320090,0.270389,-0.026919,9.937392
1755403320092,0.263211,-0.014955,9.915857
1755403320095,0.265603,-0.019741,9.832108
1755403320098,0.232104,-0.046062,9.88475
1755403320100,0.294317,-0.019741,9.891929
1755403320103,0.294317,0.028116,9.903893
1755403320104,0.301496,0.028116,9.942178
1755403320107,0.303888,-0.036491,9.877572
1755403320109,0.29671,-0.007777,9.844072
1755403320111,0.229711,-0.055633,9.923036
1755403320115,0.260818,-0.012562,9.961619
1755403320117,0.260818,-0.014955,9.796216
1755403320119,0.27996,-0.031705,9.829716
1755403320121,0.320638,-0.007777,9.913465
1755403320124,0.27996,-0.022134,9.934999
1755403320126,0.263211,-0.065204,9.82493
1755403320128,0.263211,-0.046062,9.877572
1755403320132,0.253639,-0.026919,9.889536
1755403320134,0.267996,-0.036491,9.894321
1755403320136,0.287139,-0.034098,9.798609
1755403320138,0.315853,-0.014955,9.915857
1755403320141,0.27996,-0.019741,9.887143
1755403320143,0.29671,-0.029312,9.784252
1755403320145,0.27996,-0.036491,9.870394
1755403320149,0.282353,-0.024526,9.983155
1755403320151,0.29671,0.013759,9.937392
1755403320153,0.253639,-0.055633,9.726824
1755403320155,0.277567,-0.036491,10.047761
1755403320157,0.29671,0.049651,9.820144
1755403320160,0.246461,-0.058026,9.851251
1755403320162,0.272782,-0.017348,9.925428
1755403320166,0.282353,-0.007777,9.851251
1755403320167,0.27996,0.016152,9.939785
1755403320169,0.275175,-0.010169,9.91825
1755403320172,0.275175,-0.089133,9.731609
1755403320174,0.275175,-0.055633,9.9015
1755403320176,0.27996,0.011366,9.952048
1755403320179,0.260818,0.052044,9.942178
1755403320181,0.246461,-0.010169,9.899107
1755403320184,0.275175,-0.06999,9.762716
1755403320186,0.265603,-0.043669,9.911072
1755403320188,0.327817,0.018544,9.882358
1755403320191,0.265603,-0.022134,9.908679
1755403320193,0.301496,-0.029312,9.789038
1755403320195,0.251246,-0.014955,9.899107
1755403320198,0.282353,-0.007777,9.920643
1755403320201,0.284746,0.016152,9.894321
1755403320203,0.294317,-0.024526,9.911072
1755403320206,0.272782,-0.014955,9.908679
1755403320207,0.294317,-0.031705,9.863214
1755403320210,0.256032,-0.022134,9.882358
1755403320212,0.287139,-0.022134,9.865608
1755403320215,0.287139,-0.031705,9.927821
1755403320217,0.327817,-0.038883,9.848858
1755403320219,0.29671,-0.024526,9.920643
1755403320222,0.349352,-0.022134,9.79143
1755403320224,0.248854,-0.038883,9.999905
1755403320227,0.306281,0.02333,9.789038
1755403320229,0.236889,-0.034098,9.915857
1755403320231,0.277567,-0.029312,9.896714
1755403320234,0.277567,-0.022134,9.913465
1755403320236,0.291924,-0.029312,9.82493
1755403320238,0.248854,-0.05324,9.939785
1755403320241,0.294317,-0.002991,9.801002
1755403320244,0.27996,-0.043669,9.937392
1755403320246,0.27996,-0.012562,9.863214
1755403320248,0.287139,-0.029312,9.925428
1755403320252,0.277567,-0.000598,9.848858
1755403320255,0.311067,-0.010169,9.839287
1755403320256,0.236889,-0.012562,9.934999
1755403320258,0.334995,-0.017348,9.853643
1755403320261,0.260818,-0.036491,9.9015
1755403320263,0.323031,-0.034098,9.860822
1755403320265,0.282353,-0.034098,9.858429
1755403320268,0.294317,-0.014955,9.889536
1755403320270,0.270389,-0.017348,9.903893
1755403320272,0.303888,-0.000598,9.832108
1755403320275,0.284746,-0.014955,9.896714
1755403320277,0.299103,-0.012562,9.856036
1755403320279,0.27996,-0.012562,9.906285
1755403320282,0.289532,-0.000598,9.882358
1755403320285,0.291924,-0.014955,9.887143
1755403320288,0.29671,-0.012562,9.870394
1755403320289,0.282353,-0.038883,9.88475
1755403320291,0.31346,-0.019741,9.927821
1755403320294,0.289532,0.018544,9.832108
1755403320296,0.267996,-0.005384,9.925428
1755403320298,0.294317,-0.029312,9.877572
1755403320302,0.282353,-0.031705,9.903893
1755403320304,0.270389,-0.038883,9.820144
1755403320306,0.258425,-0.031705,9.894321
1755403320308,0.308674,0.011366,9.858429
1755403320310,0.282353,-0.000598,9.947263
1755403320313,0.27996,-0.019741,9.844072
1755403320315,0.277567,-0.048455,9.832108
1755403320318,0.27996,-0.065204,9.911072
1755403320320,0.275175,-0.048455,9.891929
1755403320322,0.287139,0.020937,9.954441
1755403320325,0.287139,0.001795,9.875179
1755403320328,0.275175,-0.022134,9.781859
1755403320329,0.287139,-0.046062,9.891929
1755403320332,0.263211,-0.029312,9.894321
1755403320336,0.301496,0.054437,9.980762
1755403320337,0.27996,0.037687,9.882358
1755403320339,0.265603,-0.041276,9.765109
1755403320342,0.291924,-0.091525,9.896714
1755403320344,0.29671,-0.019741,9.865608
1755403320346,0.265603,0.030508,9.894321
1755403320349,0.299103,0.035294,9.899107
1755403320351,0.303888,-0.000598,9.954441
1755403320354,0.284746,-0.046062,9.906285
1755403320356,0.294317,-0.043669,9.722038
1755403320358,0.224925,-0.012562,9.853643
1755403320361,0.277567,0.025723,9.937392
1755403320363,0.287139,0.049651,9.992726
1755403320365,0.258425,0.016152,9.832108
1755403320368,0.299103,-0.055633,9.753145
1755403320371,0.267996,-0.081954,9.956834
1755403320374,0.29671,-0.031705,9.887143
1755403320375,0.270389,0.020937,9.896714
1755403320377,0.277567,0.004187,9.848858
1755403320380,0.294317,-0.031705,9.882358
1755403320382,0.282353,-0.067597,9.9015
1755403320385,0.258425,-0.022134,9.822537
1755403320391,0.291924,0.054437,9.944571
1755403320393,0.234497,-0.029312,9.889536
1755403320394,0.275175,-0.077169,9.755538
1755403320395,0.27996,-0.079561,9.91825
1755403320397,0.315853,0.054437,9.952048
1755403320399,0.241675,0.071186,9.923036
1755403320401,0.263211,-0.060419,9.765109
1755403320404,0.284746,-0.134596,9.793823
1755403320406,0.267996,-0.010169,10.016655
1755403320410,0.291924,0.0999,9.915857
1755403320411,0.263211,-0.019741,9.82493
1755403320413,0.27996,-0.08674,9.815358
1755403320416,0.323031,-0.055633,9.923036
1755403320418,0.294317,0.052044,9.952048
1755403320421,0.275175,-0.017348,9.786645
1755403320423,0.318245,-0.136989,9.798609
1755403320425,0.272782,-0.041276,9.964012
1755403320428,0.294317,0.087936,9.877572
1755403320430,0.272782,-0.007777,9.817751
1755403320432,0.27996,-0.096311,9.956834
1755403320435,0.291924,0.008973,9.860822
1755403320438,0.251246,0.001795,9.848858
1755403320440,0.263211,-0.074776,9.925428
1755403320443,0.294317,-0.026919,9.870394
1755403320445,0.263211,-0.014955,9.856036
1755403320447,0.282353,-0.034098,9.913465
1755403320450,0.311067,-0.043669,9.860822
1755403320452,0.260818,-0.022134,9.930214
1755403320455,0.267996,-0.017348,9.853643
1755403320457,0.27996,-0.010169,9.832108
1755403320459,0.275175,-0.026919,9.923036
1755403320462,0.318245,-0.007777,9.939785
1755403320464,0.303888,-0.014955,9.877572
1755403320466,0.251246,-0.041276,9.832108
1755403320468,0.267996,0.008973,9.913465
1755403320472,0.277567,0.030508,9.891929
1755403320474,0.270389,-0.036491,9.877572
1755403320476,0.277567,-0.034098,9.899107
1755403320478,0.272782,0.008973,9.879965
1755403320480,0.265603,-0.007777,9.832108
1755403320483,0.260818,-0.072383,9.899107
1755403320485,0.303888,-0.022134,9.925428
1755403320489,0.299103,0.032901,9.858429
1755403320491,0.291924,-0.036491,9.877572
1755403320493,0.320638,0.018544,9.923036
1755403320495,0.267996,0.008973,9.827323
1755403320497,0.244068,-0.031705,9.82493
1755403320500,0.311067,0.011366,9.925428
1755403320502,0.236889,-0.017348,9.875179
1755403320506,0.270389,-0.081954,9.832108
1755403320508,0.308674,-0.024526,9.868001
1755403320511,0.263211,-0.017348,9.906285
1755403320513,0.284746,-0.022134,9.9015
1755403320514,0.315853,-0.005384,9.798609
1755403320516,0.294317,-0.019741,9.906285
1755403320519,0.267996,-0.007777,9.959227
1755403320521,0.294317,0.016152,9.757931
1755403320525,0.282353,-0.022134,9.915857
1755403320526,0.29671,-0.022134,9.983155
1755403320529,0.284746,0.00658,9.829716
1755403320531,0.248854,-0.007777,9.875179
1755403320533,0.253639,0.02333,9.930214
1755403320535,0.291924,-0.000598,9.920643
1755403320538,0.282353,-0.014955,9.920643
1755403320540,0.311067,-0.012562,9.839287
1755403320543,0.27996,-0.05324,9.889536
1755403320545,0.282353,-0.038883,9.920643
1755403320548,0.303888,-0.005384,9.796216
1755403320550,0.256032,-0.041276,9.875179
1755403320552,0.323031,-0.014955,9.903893
1755403320555,0.291924,-0.048455,9.913465
1755403320557,0.265603,-0.010169,9.829716
1755403320560,0.294317,-0.007777,9.88475
1755403320562,0.29671,0.013759,9.899107
1755403320564,0.260818,-0.029312,9.84168
1755403320567,0.234497,0.008973,9.899107
1755403320569,0.289532,-0.014955,9.894321
1755403320572,0.246461,-0.038883,9.911072
1755403320575,0.315853,-0.060419,9.839287
1755403320577,0.282353,-0.06999,9.903893
1755403320579,0.29671,-0.05324,9.877572
1755403320581,0.241675,-0.034098,9.915857
1755403320584,0.291924,-0.034098,9.870394
1755403320586,0.265603,-0.050847,9.899107
1755403320588,0.282353,-0.048455,9.856036
1755403320591,0.31346,-0.022134,9.863214
1755403320593,0.318245,-0.038883,9.872787
1755403320596,0.27996,-0.007777,9.882358
1755403320598,0.265603,-0.034098,9.903893
1755403320600,0.282353,-0.002991,9.889536
1755403320603,0.308674,0.047258,9.913465
1755403320605,0.294317,-0.005384,9.887143
1755403320608,0.270389,-0.012562,9.875179
1755403320610,0.263211,-0.024526,9.899107
1755403320615,0.284746,-0.000598,9.894321
1755403320616,0.308674,-0.022134,9.887143
1755403320617,0.308674,0.011366,9.872787
1755403320619,0.306281,-0.029312,9.858429
1755403320622,0.294317,-0.038883,9.906285
1755403320625,0.267996,-0.017348,9.894321
1755403320628,0.27996,0.001795,9.877572
1755403320629,0.258425,-0.000598,9.832108
1755403320631,0.270389,-0.007777,9.879965
1755403320634,0.287139,-0.007777,9.889536
1755403320636,0.287139,0.004187,9.889536
1755403320639,0.267996,-0.000598,9.868001
1755403320642,0.291924,-0.019741,9.894321
1755403320644,0.31346,0.00658,9.896714
1755403320646,0.267996,-0.026919,9.903893
1755403320648,0.294317,0.018544,9.903893
1755403320650,0.263211,0.011366,9.944571
1755403320653,0.294317,0.025723,9.765109
1755403320655,0.232104,-0.067597,9.887143
1755403320659,0.270389,-0.014955,9.860822
1755403320660,0.284746,0.037687,9.999905
1755403320663,0.244068,0.011366,9.88475
1755403320665,0.263211,-0.043669,9.702896
1755403320667,0.289532,-0.108275,9.856036
1755403320670,0.306281,0.032901,9.966406
1755403320672,0.291924,0.028116,10.011869
1755403320676,0.270389,-0.024526,9.839287
1755403320678,0.289532,-0.101097,9.705289
1755403320680,0.267996,-0.062812,9.879965
1755403320682,0.291924,0.00658,9.966406
1755403320684,0.287139,-0.010169,9.870394
1755403320687,0.267996,-0.007777,9.80818
1755403320689,0.275175,-0.036491,9.872787
1755403320691,0.275175,-0.034098,10.007083
1755403320695,0.275175,-0.026919,9.848858
1755403320697,0.272782,-0.050847,9.822537
1755403320699,0.270389,-0.031705,9.894321
1755403320701,0.289532,0.02333,9.997512
1755403320703,0.277567,-0.007777,9.863214
1755403320706,0.260818,-0.036491,9.786645
1755403320708,0.272782,-0.014955,9.952048
1755403320711,0.303888,-0.000598,9.870394
1755403320713,0.270389,-0.055633,9.822537
1755403320716,0.27996,-0.036491,9.856036
1755403320718,0.291924,0.00658,9.992726
1755403320720,0.270389,0.00658,9.91825
1755403320722,0.27996,-0.055633,9.757931
1755403320725,0.260818,-0.046062,9.879965
1755403320728,0.270389,0.004187,9.932607
1755403320732,0.267996,-0.005384,9.913465
1755403320733,0.267996,-0.026919,9.846465
1755403320735,0.299103,-0.012562,9.894321
1755403320737,0.277567,-0.019741,9.927821
1755403320739,0.272782,-0.048455,9.875179
1755403320742,0.267996,-0.022134,9.860822
1755403320745,0.29671,-0.010169,9.891929
1755403320747,0.267996,-0.017348,9.848858
1755403320749,0.29671,-0.062812,9.882358
1755403320751,0.299103,-0.031705,9.860822
1755403320754,0.277567,0.020937,9.927821
1755403320756,0.258425,-0.038883,9.822537
1755403320758,0.294317,-0.081954,9.868001
1755403320761,0.284746,0.004187,9.934999
1755403320763,0.294317,-0.002991,9.820144
1755403320765,0.325424,-0.050847,9.88475
1755403320768,0.318245,-0.005384,9.959227
1755403320770,0.234497,-0.012562,9.836894
1755403320773,0.246461,-0.031705,9.80818
1755403320778,0.33021,0.008973,9.968799
1755403320780,0.272782,-0.017348,9.896714
1755403320781,0.275175,0.018544,9.879965
1755403320783,0.277567,-0.000598,9.743574
1755403320785,0.265603,-0.055633,9.987941
1755403320787,0.287139,-0.014955,9.856036
1755403320790,0.265603,-0.041276,9.877572
1755403320792,0.282353,0.00658,9.887143
1755403320795,0.294317,-0.017348,9.872787
1755403320797,0.282353,-0.017348,9.942178
1755403320799,0.29671,-0.022134,9.801002
1755403320802,0.263211,-0.041276,9.9015
1755403320804,0.303888,-0.005384,9.920643
1755403320807,0.265603,-0.024526,9.920643
1755403320809,0.325424,-0.017348,9.719646
1755403320812,0.277567,-0.055633,9.964012
1755403320814,0.318245,0.025723,9.9015
1755403320817,0.260818,-0.036491,9.932607
1755403320819,0.275175,-0.05324,9.719646
1755403320821,0.289532,-0.034098,9.966406
1755403320823,0.265603,0.028116,9.923036
1755403320826,0.27996,0.011366,9.846465
1755403320829,0.291924,-0.046062,9.767502
1755403320831,0.294317,-0.050847,10.021441
1755403320833,0.27996,0.001795,9.896714
1755403320835,0.265603,-0.005384,9.793823
1755403320837,0.272782,-0.014955,9.872787
1755403320840,0.282353,-0.058026,9.908679
1755403320843,0.308674,0.00658,9.91825
1755403320846,0.311067,-0.017348,9.781859
1755403320849,0.291924,-0.034098,9.915857
1755403320851,0.287139,-0.012562,9.949656
1755403320853,0.303888,-0.019741,9.796216
1755403320854,0.291924,-0.034098,9.899107
1755403320857,0.239282,-0.017348,9.932607
1755403320859,0.289532,-0.024526,9.899107
1755403320863,0.301496,-0.010169,9.82493
1755403320864,0.289532,-0.038883,9.896714
1755403320866,0.311067,-0.034098,9.923036
1755403320869,0.287139,-0.029312,9.877572
1755403320871,0.291924,-0.050847,9.839287
1755403320873,0.287139,-0.014955,9.91825
1755403320876,0.27996,-0.026919,9.832108
1755403320878,0.272782,-0.031705,9.925428
1755403320881,0.275175,-0.014955,9.891929
1755403320883,0.258425,-0.038883,9.860822
1755403320885,0.287139,-0.038883,9.915857
1755403320888,0.29671,-0.005384,9.853643
1755403320890,0.282353,-0.038883,9.872787
1755403320893,0.27996,-0.048455,9.908679
1755403320895,0.301496,-0.024526,9.865608
1755403320898,0.287139,-0.050847,9.870394
1755403320900,0.251246,-0.012562,9.908679
1755403320902,0.272782,-0.05324,9.846465
1755403320905,0.260818,-0.036491,9.870394
1755403320907,0.260818,-0.031705,9.853643
1755403320909,0.258425,-0.024526,9.908679
1755403320912,0.306281,-0.010169,9.851251
1755403320914,0.29671,-0.019741,9.894321
1755403320917,0.287139,-0.019741,9.846465
1755403320920,0.267996,-0.041276,9.887143
1755403320921,0.303888,-0.034098,9.882358
1755403320924,0.284746,-0.029312,9.906285
1755403320926,0.251246,-0.002991,9.865608
1755403320929,0.277567,-0.024526,9.894321
1755403320932,0.265603,-0.041276,9.896714
1755403320934,0.294317,-0.034098,9.9015
1755403320936,0.27996,-0.046062,9.891929
1755403320939,0.287139,-0.034098,9.889536
1755403320941,0.287139,-0.017348,9.894321
1755403320943,0.246461,-0.012562,9.875179
1755403320945,0.258425,-0.026919,9.903893
1755403320948,0.251246,-0.002991,9.870394
1755403320952,0.272782,-0.019741,9.877572
1755403320954,0.260818,-0.000598,9.860822
1755403320955,0.260818,-0.034098,9.9015
1755403320957,0.270389,-0.007777,9.887143
1755403320960,0.287139,-0.002991,9.875179
1755403320962,0.258425,-0.019741,9.860822
1755403320965,0.229711,-0.014955,9.786645
1755403320967,0.212961,-0.012562,9.879965
1755403320970,0.265603,-0.019741,9.868001
1755403320972,0.253639,-0.017348,9.872787
1755403320974,0.248854,-0.014955,9.836894
1755403320976,0.258425,-0.012562,9.891929
1755403320979,0.287139,-0.014955,9.868001
1755403320982,0.299103,-0.017348,9.915857
1755403320984,0.246461,-0.002991,9.856036
1755403320986,0.275175,-0.022134,9.834501
1755403320989,0.291924,-0.036491,9.877572
1755403320991,0.270389,-0.010169,9.860822
1755403320993,0.327817,-0.034098,9.891929
1755403320996,0.267996,-0.024526,9.887143
1755403320999,0.301496,-0.019741,9.899107
1755403321003,0.282353,-0.029312,9.882358
1755403321004,0.301496,-0.007777,9.865608
1755403321006,0.315853,-0.026919,9.872787
1755403321007,0.284746,-0.002991,9.882358
1755403321010,0.291924,-0.034098,9.899107
1755403321012,0.311067,-0.029312,9.88475
1755403321016,0.303888,-0.019741,9.875179
1755403321018,0.277567,-0.019741,9.870394
1755403321020,0.251246,-0.007777,9.899107
1755403321023,0.270389,-0.019741,9.872787
1755403321024,0.258425,0.001795,9.894321
1755403321027,0.256032,-0.012562,9.877572
1755403321029,0.301496,-0.024526,9.899107
1755403321033,0.29671,-0.022134,9.848858
1755403321034,0.267996,-0.026919,9.875179
1755403321036,0.260818,-0.026919,9.889536
1755403321039,0.294317,-0.005384,9.894321
1755403321041,0.308674,0.008973,9.911072
1755403321044,0.31346,-0.000598,9.894321
1755403321046,0.291924,-0.010169,9.882358
1755403321050,0.311067,0.00658,9.882358
1755403321051,0.282353,-0.019741,9.891929
1755403321054,0.299103,-0.022134,9.887143
1755403321055,0.311067,-0.026919,9.865608
1755403321058,0.320638,-0.038883,9.887143
1755403321061,0.284746,-0.029312,9.875179
1755403321063,0.289532,-0.007777,9.896714
1755403321065,0.29671,0.00658,9.88475
1755403321071,0.272782,-0.031705,9.889536
1755403321072,0.287139,-0.024526,9.875179
1755403321073,0.275175,-0.002991,9.889536
1755403321075,0.303888,-0.036491,9.899107
1755403321077,0.27996,0.004187,9.896714
1755403321079,0.256032,-0.002991,9.88475
1755403321082,0.270389,-0.010169,9.865608
1755403321084,0.251246,-0.034098,9.88475
1755403321087,0.27996,-0.019741,9.858429
1755403321089,0.289532,-0.026919,9.875179
1755403321091,0.263211,-0.010169,9.875179
1755403321094,0.289532,-0.000598,9.899107
1755403321096,0.277567,-0.024526,9.870394
1755403321099,0.256032,-0.024526,9.896714
1755403321101,0.263211,-0.019741,9.889536
1755403321103,0.289532,-0.029312,9.863214
1755403321106,0.284746,-0.017348,9.865608
1755403321108,0.260818,-0.031705,9.882358
1755403321111,0.282353,0.018544,9.908679
1755403321113,0.289532,0.008973,9.870394
1755403321116,0.287139,-0.017348,9.887143
1755403321118,0.27996,-0.05324,9.872787
1755403321120,0.270389,-0.031705,9.879965
1755403321123,0.29671,0.001795,9.875179
1755403321125,0.289532,-0.036491,9.872787
1755403321127,0.267996,-0.017348,9.879965
1755403321130,0.270389,-0.036491,9.889536
1755403321132,0.260818,-0.017348,9.879965
1755403321135,0.277567,-0.012562,9.896714
1755403321137,0.301496,-0.017348,9.88475
1755403321139,0.294317,-0.017348,9.891929
1755403321143,0.308674,-0.014955,9.875179
1755403321144,0.277567,-0.036491,9.870394
1755403321146,0.256032,-0.036491,9.882358
1755403321149,0.299103,-0.012562,9.889536
1755403321152,0.318245,-0.022134,9.879965
1755403321155,0.275175,-0.048455,9.879965
1755403321156,0.323031,-0.012562,9.887143
1755403321159,0.291924,-0.043669,9.877572
1755403321161,0.294317,-0.012562,9.889536
1755403321163,0.301496,-0.034098,9.88475
1755403321166,0.267996,-0.036491,9.877572
1755403321170,0.263211,-0.043669,9.863214
1755403321175,0.251246,-0.022134,9.877572
1755403321176,0.256032,-0.036491,9.879965
1755403321177,0.289532,-0.007777,9.858429
1755403321178,0.277567,-0.019741,9.865608
1755403321180,0.294317,-0.017348,9.875179
1755403321183,0.256032,-0.043669,9.872787
1755403321186,0.282353,-0.010169,9.865608
1755403321188,0.29671,-0.034098,9.88475
1755403321190,0.277567,-0.017348,9.894321
1755403321192,0.299103,-0.000598,9.894321
1755403321195,0.315853,-0.031705,9.863214
1755403321197,0.306281,-0.014955,9.875179
1755403321199,0.275175,-0.000598,9.88475
1755403321203,0.267996,-0.012562,9.894321
1755403321204,0.311067,-0.046062,9.889536
1755403321207,0.29671,0.00658,9.872787
1755403321209,0.29671,-0.019741,9.891929
1755403321211,0.248854,-0.022134,9.891929
1755403321214,0.251246,0.00658,9.88475
1755403321216,0.270389,-0.017348,9.899107
1755403321220,0.263211,-0.017348,9.882358
1755403321221,0.282353,-0.007777,9.903893
1755403321224,0.294317,-0.034098,9.868001
1755403321227,0.277567,0.008973,9.9015
1755403321228,0.282353,-0.029312,9.872787
1755403321231,0.267996,0.020937,9.868001
1755403321233,0.29671,0.004187,9.860822
1755403321235,0.29671,-0.050847,9.870394
1755403321238,0.27996,-0.050847,9.887143
1755403321240,0.291924,-0.005384,9.887143
1755403321243,0.263211,-0.038883,9.882358
1755403321245,0.258425,0.001795,9.872787
1755403321247,0.301496,-0.014955,9.88475
1755403321250,0.265603,-0.019741,9.882358
1755403321252,0.289532,-0.022134,9.889536
1755403321255,0.258425,-0.036491,9.894321
1755403321257,0.263211,-0.012562,9.9015
1755403321259,0.301496,-0.017348,9.877572
1755403321262,0.311067,-0.007777,9.887143
1755403321264,0.27996,-0.022134,9.889536
1755403321266,0.275175,-0.026919,9.88475
1755403321269,0.267996,-0.010169,9.877572
1755403321272,0.263211,-0.010169,9.868001
1755403321274,0.277567,-0.038883,9.882358
1755403321276,0.275175,-0.026919,9.875179
1755403321278,0.287139,-0.007777,9.865608
1755403321281,0.31346,-0.038883,9.872787
1755403321283,0.287139,-0.038883,9.882358
1755403321285,0.27996,-0.017348,9.875179
1755403321288,0.31346,-0.022134,9.851251
1755403321292,0.287139,-0.017348,9.887143
1755403321294,0.284746,-0.029312,9.882358
1755403321295,0.267996,-0.010169,9.882358
1755403321298,0.244068,-0.012562,9.868001
1755403321300,0.277567,-0.005384,9.868001
1755403321302,0.265603,-0.036491,9.882358
1755403321305,0.275175,-0.000598,9.877572
1755403321307,0.291924,-0.031705,9.877572
1755403321310,0.244068,-0.048455,9.882358
1755403321312,0.277567,-0.005384,9.860822
1755403321314,0.289532,-0.029312,9.879965
1755403321317,0.263211,-0.014955,9.875179
1755403321319,0.277567,-0.012562,9.863214
1755403321322,0.308674,-0.046062,9.88475
1755403321324,0.31346,-0.036491,9.868001
1755403321326,0.289532,-0.024526,9.834501
1755403321329,0.275175,-0.012562,9.875179
1755403321331,0.260818,-0.026919,9.877572
1755403321333,0.248854,-0.036491,9.872787
1755403321336,0.27996,-0.031705,9.9015
1755403321339,0.284746,-0.005384,9.882358
1755403321341,0.29671,-0.022134,9.870394
1755403321343,0.289532,-0.019741,9.868001
1755403321346,0.270389,-0.046062,9.879965
1755403321348,0.315853,-0.019741,9.88475
1755403321351,0.275175,-0.017348,9.865608
1755403321353,0.270389,0.004187,9.875179
1755403321356,0.263211,-0.050847,9.887143
1755403321357,0.27996,-0.019741,9.875179
1755403321360,0.277567,-0.046062,9.896714
1755403321363,0.272782,-0.017348,9.877572
1755403321365,0.284746,-0.017348,9.870394
1755403321367,0.275175,-0.019741,9.856036
1755403321369,0.287139,-0.017348,9.882358
1755403321373,0.265603,-0.024526,9.875179
1755403321375,0.248854,-0.029312,9.915857
1755403321377,0.272782,-0.012562,9.906285
1755403321379,0.270389,-0.022134,9.856036
1755403321382,0.267996,-0.046062,9.887143
1755403321384,0.267996,-0.017348,9.894321
1755403321387,0.251246,-0.002991,9.887143
1755403321390,0.263211,-0.014955,9.891929
1755403321391,0.272782,-0.010169,9.875179
1755403321393,0.27996,-0.026919,9.868001
1755403321396,0.258425,-0.014955,9.870394
1755403321399,0.248854,-0.014955,9.88475
1755403321401,0.277567,-0.017348,9.882358
1755403321403,0.291924,-0.014955,9.872787
1755403321405,0.267996,-0.010169,9.899107
1755403321409,0.275175,-0.024526,9.882358
1755403321411,0.256032,-0.022134,9.875179
1755403321413,0.29671,-0.017348,9.860822
1755403321415,0.282353,-0.026919,9.853643
1755403321417,0.291924,-0.007777,9.879965
1755403321420,0.27996,-0.034098,9.887143
1755403321422,0.246461,-0.036491,9.860822
1755403321425,0.277567,-0.005384,9.887143
1755403321428,0.258425,-0.031705,9.9015
1755403321430,0.303888,-0.010169,9.868001
1755403321432,0.275175,-0.002991,9.877572
1755403321435,0.284746,-0.005384,9.872787
1755403321436,0.27996,-0.007777,9.899107
1755403321439,0.258425,-0.007777,9.879965
1755403321442,0.272782,-0.007777,9.887143
1755403321444,0.27996,-0.022134,9.882358
1755403321446,0.318245,-0.05324,9.889536
1755403321448,0.29671,-0.010169,9.911072
1755403321451,0.291924,-0.026919,9.868001
1755403321453,0.29671,-0.019741,9.877572
1755403321456,0.277567,-0.048455,9.865608
1755403321459,0.294317,-0.038883,9.937392
1755403321461,0.308674,-0.005384,9.906285
1755403321463,0.33021,-0.046062,9.84168
1755403321465,0.270389,-0.067597,9.872787
1755403321468,0.291924,0.016152,9.987941
1755403321470,0.265603,-0.022134,9.913465
1755403321473,0.287139,-0.007777,9.810573
1755403321475,0.287139,-0.041276,9.784252
1755403321478,0.272782,-0.041276,9.980762
1755403321480,0.306281,-0.007777,9.927821
1755403321482,0.289532,-0.019741,9.755538
1755403321485,0.263211,-0.043669,9.872787
1755403321487,0.291924,-0.000598,9.942178
1755403321489,0.270389,-0.022134,9.966406
1755403321493,0.284746,-0.034098,9.786645
1755403321495,0.244068,-0.079561,9.853643
1755403321497,0.303888,-0.017348,9.923036
1755403321499,0.284746,-0.019741,9.815358
1755403321501,0.270389,-0.034098,9.927821
1755403321504,0.306281,-0.000598,9.836894
1755403321506,0.260818,-0.019741,10.007083
1755403321509,0.315853,0.008973,9.777073
1755403321512,0.248854,-0.072383,9.894321
1755403321513,0.287139,-0.026919,9.927821
1755403321516,0.332602,-0.017348,9.851251
1755403321519,0.284746,-0.024526,9.930214
1755403321520,0.303888,-0.017348,9.84168
1755403321523,0.27996,-0.043669,9.939785
1755403321527,0.306281,-0.007777,9.801002
1755403321528,0.270389,-0.041276,9.968799
1755403321531,0.289532,0.028116,9.80818
1755403321533,0.275175,-0.017348,9.923036
1755403321535,0.303888,-0.017348,9.810573
1755403321537,0.270389,-0.058026,9.882358
1755403321540,0.272782,-0.000598,9.863214
1755403321546,0.291924,0.011366,9.930214
1755403321547,0.289532,-0.014955,9.879965
1755403321548,0.306281,-0.000598,9.882358
1755403321549,0.267996,-0.007777,9.863214
1755403321552,0.289532,-0.06999,9.836894
1755403321554,0.301496,-0.055633,9.942178
1755403321556,0.289532,0.032901,9.822537
1755403321559,0.234497,0.001795,9.903893
1755403321561,0.265603,0.008973,9.975977
1755403321564,0.301496,-0.014955,9.856036
1755403321566,0.277567,-0.014955,9.805787
1755403321569,0.308674,-0.038883,9.846465
1755403321571,0.270389,-0.019741,9.966406
1755403321573,0.291924,0.004187,9.860822
1755403321577,0.277567,0.028116,9.997512
1755403321579,0.311067,-0.024526,9.851251
1755403321580,0.265603,-0.058026,9.860822
1755403321583,0.332602,0.02333,9.899107
1755403321585,0.303888,0.042473,9.961619
1755403321588,0.27996,-0.014955,9.817751
1755403321590,0.270389,-0.089133,9.789038
1755403321592,0.284746,-0.005384,9.930214
1755403321595,0.303888,0.05683,9.964012
1755403321598,0.253639,-0.026919,9.805787
1755403321599,0.29671,-0.091525,9.894321
1755403321602,0.27996,0.00658,9.836894
1755403321604,0.253639,0.013759,9.954441
1755403321607,0.308674,-0.014955,9.805787
1755403321609,0.270389,-0.017348,9.934999
1755403321612,0.260818,-0.017348,9.851251
1755403321615,0.263211,-0.05324,9.875179
1755403321616,0.284746,-0.002991,9.836894
1755403321619,0.270389,-0.014955,9.915857
1755403321621,0.263211,-0.014955,9.846465
1755403321623,0.270389,-0.024526,9.84168
1755403321626,0.306281,-0.024526,9.877572
1755403321629,0.289532,-0.002991,9.920643
1755403321631,0.277567,-0.029312,9.853643
1755403321633,0.284746,-0.026919,9.851251
1755403321636,0.277567,-0.055633,9.925428
1755403321638,0.265603,0.018544,9.91825
1755403321640,0.27996,-0.043669,9.88475
1755403321643,0.299103,-0.038883,9.903893
1755403321646,0.246461,-0.029312,9.887143
1755403321648,0.277567,-0.012562,9.868001
1755403321650,0.267996,-0.036491,9.88475
1755403321652,0.306281,-0.024526,9.868001
1755403321655,0.270389,-0.036491,9.930214
1755403321657,0.289532,-0.043669,9.896714
1755403321660,0.27996,-0.005384,9.879965
1755403321662,0.27996,-0.036491,9.911072
1755403321664,0.251246,-0.024526,9.891929
1755403321667,0.277567,0.00658,9.858429
1755403321669,0.308674,-0.012562,9.911072
1755403321672,0.265603,-0.024526,9.836894
1755403321674,0.248854,-0.050847,9.889536
1755403321676,0.275175,-0.005384,9.934999
1755403321679,0.318245,0.00658,9.853643
1755403321682,0.29671,-0.029312,9.906285
1755403321683,0.301496,-0.038883,9.803394
1755403321686,0.256032,-0.019741,9.903893
1755403321688,0.256032,-0.005384,9.899107
1755403321690,0.284746,-0.022134,9.832108
1755403321693,0.270389,-0.012562,9.975977
1755403321697,0.291924,0.035294,9.796216
1755403321698,0.227318,-0.05324,10.002297
1755403321700,0.325424,0.035294,9.868001
1755403321703,0.284746,-0.038883,9.820144
1755403321705,0.251246,-0.041276,9.932607
1755403321708,0.339781,0.020937,9.839287
1755403321710,0.227318,-0.072383,9.944571
1755403321713,0.299103,0.004187,9.937392
1755403321715,0.334995,-0.007777,9.743574
1755403321717,0.258425,-0.081954,10.002297
1755403321719,0.33021,0.037687,9.911072
1755403321722,0.270389,-0.005384,9.769895
1755403321724,0.260818,-0.093918,9.987941
1755403321726,0.397209,0.044865,9.930214
1755403321731,0.215354,0.049651,9.810573
1755403321732,0.270389,-0.079561,9.865608
1755403321734,0.375673,-0.007777,9.954441
1755403321736,0.227318,0.104686,9.88475
1755403321739,0.256032,-0.022134,9.846465
1755403321741,0.361316,-0.148953,9.741181
1755403321743,0.265603,-0.036491,9.952048
1755403321748,0.267996,0.123829,9.913465
1755403321749,0.301496,0.066401,9.952048
1755403321751,0.248854,-0.084347,9.896714
1755403321753,0.318245,-0.117847,9.726824
1755403321755,0.282353,-0.06999,9.906285
1755403321758,0.29671,0.011366,9.856036
1755403321760,0.275175,0.020937,9.937392
1755403321762,0.284746,0.025723,9.872787
1755403321765,0.284746,0.008973,9.908679
1755403321768,0.29671,-0.007777,9.947263
1755403321770,0.303888,-0.017348,9.820144
1755403321772,0.244068,-0.093918,9.920643
1755403321774,0.339781,-0.024526,9.781859
1755403321777,0.272782,-0.043669,9.997512
1755403321779,0.327817,0.011366,9.827323
1755403321782,0.263211,-0.046062,9.975977
1755403321784,0.33021,0.013759,9.769895
1755403321787,0.277567,-0.041276,9.966406
1755403321789,0.306281,0.013759,9.745967
1755403321791,0.241675,-0.055633,9.968799
1755403321795,0.356531,0.042473,9.757931
1755403321796,0.267996,-0.038883,9.930214
1755403321799,0.301496,0.008973,9.815358
1755403321801,0.270389,-0.038883,9.887143
1755403321803,0.277567,-0.017348,9.889536
1755403321805,0.301496,-0.034098,9.812965
1755403321808,0.253639,0.008973,9.942178
1755403321810,0.334995,-0.029312,9.820144
1755403321813,0.236889,-0.046062,10.002297
1755403321815,0.332602,-0.000598,9.757931
1755403321818,0.198604,-0.067597,10.028619
1755403321820,0.354138,-0.012562,9.719646
1755403321822,0.20339,-0.034098,10.033404
1755403321825,0.31346,0.04008,9.731609
1755403321827,0.198604,-0.05324,10.066904
1755403321830,0.337388,0.018544,9.743574
1755403321833,0.20339,-0.043669,10.026226
1755403321835,0.344566,0.013759,9.705289
1755403321837,0.208176,-0.058026,10.031012
1755403321840,0.31346,0.02333,9.745967
1755403321842,0.224925,-0.05324,10.009477
1755403321844,0.303888,0.008973,9.784252
1755403321847,0.291924,-0.065204,9.954441
1755403321849,0.287139,-0.012562,9.803394
1755403321851,0.246461,-0.031705,9.959227
1755403321854,0.275175,0.00658,9.822537
1755403321856,0.265603,-0.026919,9.939785
1755403321858,0.263211,0.013759,9.853643
1755403321861,0.270389,-0.038883,9.9015
1755403321863,0.282353,-0.024526,9.836894
1755403321867,0.263211,-0.031705,9.899107
1755403321869,0.282353,-0.041276,9.801002
1755403321870,0.277567,-0.048455,9.868001
1755403321873,0.270389,-0.041276,9.84168
1755403321876,0.256032,0.016152,9.954441
1755403321877,0.282353,-0.007777,9.899107
1755403321880,0.287139,0.016152,9.887143
1755403321884,0.241675,-0.038883,9.952048
1755403321885,0.301496,-0.041276,9.741181
1755403321887,0.256032,-0.055633,9.863214
1755403321890,0.291924,0.013759,9.911072
1755403321892,0.294317,0.037687,9.995119
1755403321894,0.284746,-0.024526,9.827323
1755403321897,0.270389,-0.10349,9.71486
1755403321901,0.260818,-0.062812,9.964012
1755403321902,0.291924,0.068794,9.975977
1755403321904,0.291924,0.004187,9.844072
1755403321906,0.251246,-0.084347,9.82493
1755403321909,0.301496,-0.074776,9.894321
1755403321911,0.263211,0.092722,9.939785
1755403321914,0.267996,-0.002991,9.793823
1755403321917,0.306281,-0.105882,9.932607
1755403321919,0.320638,-0.024526,9.925428
1755403321921,0.246461,0.018544,9.805787
1755403321923,0.272782,-0.043669,9.927821
1755403321926,0.342174,-0.005384,9.987941
1755403321928,0.263211,-0.002991,9.803394
1755403321930,0.244068,-0.079561,9.88475
1755403321934,0.318245,-0.014955,9.939785
1755403321935,0.267996,0.016152,9.786645
1755403321938,0.246461,-0.113061,9.923036
1755403321940,0.346959,-0.002991,9.927821
1755403321945,0.241675,-0.024526,9.772287
1755403321946,0.258425,-0.065204,9.985548
1755403321947,0.334995,0.013759,9.891929
1755403321949,0.277567,-0.029312,9.827323
1755403321952,0.311067,-0.014955,9.925428
1755403321955,0.327817,-0.005384,9.79143
1755403321957,0.224925,-0.060419,9.973584
1755403321959,0.368495,-0.010169,9.834501
1755403321961,0.267996,-0.022134,9.896714
1755403321964,0.248854,-0.041276,9.858429
1755403321966,0.306281,0.011366,9.846465
1755403321969,0.239282,-0.038883,9.949656
1755403321972,0.303888,0.011366,9.80818
1755403321974,0.253639,-0.026919,9.9015
1755403321976,0.306281,0.020937,9.839287
1755403321978,0.258425,-0.029312,9.934999
1755403321981,0.27996,-0.014955,9.896714
1755403321983,0.272782,-0.036491,9.927821
1755403321986,0.241675,0.013759,9.848858
1755403321988,0.270389,-0.058026,9.760324
1755403321990,0.27996,-0.046062,9.932607
1755403321993,0.291924,0.030508,9.834501
1755403321995,0.258425,-0.036491,9.927821
1755403321998,0.27996,-0.000598,9.906285
1755403322000,0.284746,-0.022134,9.856036
1755403322003,0.234497,-0.055633,9.927821
1755403322005,0.332602,-0.017348,9.765109
1755403322007,0.287139,-0.060419,9.927821
1755403322009,0.308674,0.008973,9.79143
1755403322012,0.251246,-0.022134,9.961619
1755403322014,0.301496,0.016152,9.949656
1755403322016,0.318245,0.004187,9.865608
1755403322020,0.244068,-0.031705,9.927821
1755403322022,0.282353,-0.038883,9.757931
1755403322024,0.244068,-0.074776,9.920643
1755403322026,0.294317,0.013759,9.827323
1755403322028,0.287139,-0.026919,9.947263
1755403322031,0.251246,0.013759,9.944571
1755403322033,0.294317,-0.005384,9.817751
1755403322037,0.248854,-0.055633,9.894321
1755403322039,0.299103,-0.048455,9.745967
1755403322040,0.258425,-0.062812,9.985548
1755403322043,0.303888,0.080758,9.942178
1755403322046,0.253639,0.028116,9.971191
1755403322048,0.275175,-0.007777,9.805787
1755403322050,0.291924,-0.101097,9.856036
1755403322055,0.301496,-0.007777,9.927821
1755403322056,0.260818,0.044865,9.896714
1755403322058,0.270389,0.001795,9.846465
1755403322059,0.311067,-0.079561,9.856036
1755403322062,0.289532,-0.007777,9.894321
1755403322064,0.265603,0.025723,9.915857
1755403322067,0.270389,0.00658,9.882358
1755403322070,0.251246,-0.036491,9.868001
1755403322072,0.253639,-0.038883,9.851251
1755403322074,0.299103,-0.019741,9.896714
1755403322076,0.260818,-0.005384,9.894321
1755403322079,0.291924,-0.005384,9.865608
1755403322081,0.289532,-0.031705,9.879965
1755403322083,0.306281,-0.055633,9.851251
1755403322087,0.287139,-0.005384,9.899107
1755403322089,0.318245,-0.005384,9.872787
1755403322091,0.272782,-0.026919,9.899107
1755403322093,0.27996,-0.019741,9.903893
1755403322095,0.260818,-0.010169,9.872787
1755403322098,0.308674,-0.010169,9.877572
1755403322100,0.267996,-0.017348,9.844072
1755403322104,0.31346,-0.060419,9.899107
1755403322106,0.315853,-0.043669,9.927821
1755403322107,0.31346,-0.017348,9.863214
1755403322110,0.270389,-0.026919,9.882358
1755403322112,0.272782,-0.010169,9.822537
1755403322115,0.267996,-0.043669,9.853643
1755403322117,0.270389,-0.046062,9.870394
1755403322121,0.275175,0.008973,9.870394
1755403322123,0.291924,0.011366,9.872787
1755403322125,0.27996,0.016152,9.860822
1755403322126,0.267996,-0.050847,9.872787
1755403322129,0.27996,-0.046062,9.930214
1755403322131,0.253639,-0.010169,9.879965
1755403322134,0.272782,-0.048455,9.827323
1755403322136,0.299103,-0.022134,9.932607
1755403322139,0.287139,0.016152,9.911072
1755403322142,0.260818,-0.005384,9.798609
1755403322144,0.241675,-0.072383,9.894321
1755403322146,0.31346,-0.005384,9.927821
1755403322148,0.267996,0.083151,9.88475
1755403322150,0.217747,-0.026919,9.810573
1755403322153,0.303888,-0.113061,9.836894
1755403322156,0.275175,-0.017348,10.040583
1755403322158,0.282353,0.1334,9.923036
1755403322160,0.301496,-0.043669,9.743574
1755403322162,0.282353,-0.165703,9.815358
1755403322165,0.308674,-0.048455,9.942178
1755403322167,0.294317,0.128614,10.035797
1755403322170,0.277567,0.05683,9.868001
1755403322173,0.251246,-0.105882,9.650253
1755403322175,0.272782,-0.117847,9.930214
1755403322177,0.315853,0.078365,10.035797
1755403322179,0.315853,0.090329,9.88475
1755403322182,0.27996,-0.098704,9.726824
1755403322184,0.289532,-0.10349,9.805787
1755403322186,0.287139,0.00658,9.944571
1755403322189,0.282353,0.044865,9.952048
1755403322191,0.308674,-0.019741,9.848858
1755403322194,0.308674,-0.062812,9.875179
1755403322196,0.246461,-0.002991,9.84168
1755403322199,0.263211,-0.010169,9.868001
1755403322201,0.287139,-0.005384,9.947263
1755403322203,0.29671,-0.043669,9.870394
1755403322206,0.291924,-0.046062,9.863214
1755403322208,0.277567,-0.024526,9.923036
1755403322211,0.253639,-0.024526,9.757931
1755403322213,0.294317,-0.038883,9.877572
1755403322215,0.267996,-0.046062,9.846465
1755403322218,0.27996,-0.002991,9.944571
1755403322220,0.311067,0.018544,9.997512
1755403322223,0.215354,0.013759,9.844072
1755403322226,0.287139,-0.067597,9.899107
1755403322227,0.308674,-0.058026,9.971191
1755403322230,0.248854,0.032901,9.91825
1755403322232,0.27996,0.001795,9.872787
1755403322234,0.248854,-0.041276,9.863214
1755403322237,0.29671,-0.055633,9.877572
1755403322240,0.308674,-0.007777,9.91825
1755403322242,0.29671,-0.026919,9.882358
1755403322244,0.299103,-0.014955,9.877572
1755403322246,0.277567,-0.026919,9.875179
1755403322249,0.244068,-0.043669,9.834501
1755403322251,0.306281,-0.000598,9.882358
1755403322254,0.291924,-0.010169,9.88475
1755403322257,0.287139,-0.012562,9.908679
1755403322260,0.284746,-0.038883,9.836894
1755403322261,0.320638,-0.014955,9.88475
1755403322263,0.253639,-0.031705,9.856036
1755403322265,0.31346,-0.010169,9.822537
1755403322268,0.29671,-0.034098,9.899107
1755403322271,0.275175,-0.024526,9.875179
1755403322274,0.291924,-0.010169,9.870394
1755403322278,0.282353,-0.014955,9.865608
1755403322279,0.294317,-0.046062,9.870394
1755403322280,0.291924,-0.005384,9.91825
1755403322283,0.265603,0.025723,9.870394
1755403322285,0.272782,-0.014955,9.927821
1755403322287,0.251246,-0.002991,9.848858
1755403322291,0.294317,-0.050847,9.930214
1755403322293,0.260818,0.011366,9.891929
1755403322295,0.251246,-0.029312,9.865608
1755403322297,0.267996,-0.048455,9.860822
1755403322299,0.289532,-0.014955,9.889536
1755403322301,0.291924,-0.029312,9.846465
1755403322304,0.289532,-0.007777,9.870394
1755403322308,0.301496,-0.007777,9.923036
1755403322309,0.287139,0.00658,9.9015
1755403322311,0.241675,-0.024526,9.896714
1755403322313,0.289532,-0.000598,9.875179
1755403322316,0.299103,-0.002991,9.903893
1755403322319,0.332602,-0.022134,9.899107
1755403322321,0.284746,-0.029312,9.856036
1755403322325,0.272782,0.001795,9.863214
1755403322326,0.306281,0.02333,9.882358
1755403322328,0.294317,-0.014955,9.872787
1755403322331,0.282353,-0.022134,9.875179
1755403322333,0.282353,-0.005384,9.863214
1755403322335,0.275175,-0.029312,9.920643
1755403322338,0.299103,-0.019741,9.79143
1755403322340,0.263211,-0.089133,9.827323
1755403322343,0.311067,-0.041276,9.891929
1755403322345,0.277567,0.028116,10.026226
1755403322347,0.272782,0.020937,9.899107
1755403322350,0.284746,-0.005384,9.781859
1755403322352,0.287139,-0.08674,9.91825
1755403322354,0.272782,-0.041276,9.803394
1755403322357,0.275175,-0.024526,9.834501
1755403322359,0.287139,-0.041276,9.896714
1755403322363,0.299103,-0.012562,9.987941
1755403322365,0.253639,-0.012562,9.879965
1755403322366,0.260818,-0.007777,9.894321
1755403322369,0.251246,-0.019741,9.964012
1755403322371,0.299103,-0.012562,9.827323
1755403322373,0.241675,-0.065204,9.882358
1755403322377,0.277567,-0.046062,9.781859
1755403322378,0.256032,-0.034098,9.964012
1755403322381,0.301496,0.001795,9.863214
1755403322383,0.270389,-0.017348,9.88475
1755403322385,0.306281,-0.036491,9.915857
1755403322388,0.272782,-0.036491,9.82493
1755403322390,0.232104,0.004187,9.906285
1755403322393,0.291924,0.001795,9.846465
1755403322396,0.284746,-0.031705,9.971191
1755403322398,0.275175,-0.031705,9.84168
1755403322400,0.270389,0.001795,9.9015
1755403322403,0.303888,-0.012562,9.856036
1755403322405,0.27996,-0.026919,9.88475
1755403322407,0.31346,-0.024526,9.810573
1755403322410,0.29671,-0.014955,9.863214
1755403322412,0.299103,-0.031705,9.908679
1755403322414,0.29671,0.018544,9.915857
1755403322416,0.29671,-0.029312,9.803394
1755403322419,0.253639,-0.041276,9.959227
1755403322421,0.327817,-0.005384,9.801002
1755403322424,0.208176,-0.010169,10.009477
1755403322427,0.339781,0.011366,9.705289
1755403322428,0.244068,-0.062812,10.014262
1755403322431,0.318245,-0.005384,9.801002
1755403322433,0.248854,-0.050847,9.930214
1755403322436,0.294317,0.008973,9.860822
1755403322438,0.27996,-0.041276,9.844072
1755403322441,0.241675,-0.029312,10.016655
1755403322444,0.337388,0.018544,9.743574
1755403322446,0.232104,-0.065204,10.026226
1755403322448,0.342174,0.018544,9.815358
1755403322450,0.263211,-0.077169,9.932607
1755403322453,0.287139,0.00658,9.853643
1755403322455,0.306281,-0.019741,9.772287
1755403322457,0.234497,-0.074776,10.016655
1755403322461,0.342174,0.025723,9.765109
1755403322463,0.210568,-0.058026,9.983155
1755403322464,0.29671,0.013759,9.793823
1755403322467,0.284746,-0.055633,9.911072
1755403322469,0.263211,-0.000598,9.949656
1755403322472,0.337388,-0.012562,9.829716
1755403322474,0.227318,-0.005384,10.009477
1755403322477,0.301496,0.044865,9.722038
1755403322479,0.217747,-0.074776,10.033404
1755403322482,0.346959,0.037687,9.700503
1755403322483,0.22014,-0.05324,10.040583
1755403322487,0.323031,0.013759,9.762716
1755403322488,0.267996,-0.055633,9.966406
1755403322491,0.308674,0.013759,9.786645
1755403322493,0.29671,-0.034098,9.9015
1755403322496,0.299103,0.011366,9.848858
1755403322498,0.272782,-0.060419,9.896714
1755403322500,0.260818,0.001795,9.84168
1755403322503,0.301496,-0.05324,9.906285
1755403322505,0.277567,-0.024526,9.908679
1755403322508,0.287139,-0.000598,9.882358
1755403322510,0.229711,-0.007777,9.745967
1755403322512,0.291924,-0.014955,9.872787
1755403322515,0.246461,-0.034098,9.868001
1755403322517,0.272782,-0.038883,9.894321
1755403322519,0.339781,-0.029312,9.997512
1755403322522,0.277567,-0.022134,9.939785
1755403322525,0.299103,-0.031705,9.949656
1755403322527,0.289532,-0.005384,9.920643
1755403322530,0.246461,0.001795,9.829716
1755403322532,0.301496,-0.036491,9.846465
1755403322535,0.265603,-0.034098,9.879965
1755403322536,0.248854,-0.005384,9.80818
1755403322539,0.299103,-0.058026,9.975977
1755403322542,0.318245,-0.031705,9.829716
1755403322544,0.265603,0.001795,9.810573
1755403322546,0.349352,-0.046062,9.947263
1755403322548,0.291924,-0.043669,9.971191
1755403322551,0.208176,-0.012562,9.784252
1755403322553,0.246461,-0.046062,9.932607
1755403322556,0.236889,-0.007777,9.911072
1755403322558,0.22014,-0.005384,9.745967
1755403322560,0.361316,-0.077169,10.031012
1755403322563,0.244068,-0.017348,9.834501
1755403322565,0.299103,-0.026919,9.999905
1755403322568,0.208176,-0.005384,9.741181
1755403322570,0.265603,-0.034098,9.865608
1755403322573,0.277567,-0.055633,9.860822
1755403322575,0.265603,-0.048455,9.793823
1755403322577,0.210568,-0.005384,9.872787
1755403322580,0.334995,-0.060419,9.954441
1755403322582,0.323031,-0.000598,9.954441
1755403322584,0.229711,0.018544,9.875179
1755403322587,0.289532,-0.050847,9.956834
1755403322589,0.267996,0.001795,9.923036
1755403322591,0.239282,-0.022134,9.879965
1755403322594,0.263211,-0.022134,9.879965
1755403322597,0.315853,-0.005384,9.91825
1755403322600,0.222533,-0.005384,9.911072
1755403322601,0.256032,-0.022134,9.877572
1755403322603,0.260818,-0.002991,9.891929
1755403322606,0.267996,-0.019741,9.891929
1755403322609,0.248854,-0.041276,9.875179
1755403322610,0.229711,-0.046062,9.868001
1755403322614,0.244068,-0.029312,9.894321
1755403322618,0.289532,-0.060419,9.9015
1755403322620,0.284746,0.011366,9.947263
1755403322621,0.284746,-0.007777,9.812965
1755403322623,0.248854,-0.017348,9.959227
1755403322625,0.327817,0.001795,9.745967
1755403322627,0.217747,-0.050847,9.990334
1755403322631,0.344566,-0.017348,9.741181
1755403322632,0.289532,-0.074776,9.944571
1755403322635,0.31346,-0.014955,9.860822
1755403322637,0.239282,-0.067597,9.899107
1755403322639,0.227318,-0.012562,9.930214
1755403322642,0.282353,-0.019741,9.856036
1755403322644,0.227318,0.001795,9.995119
1755403322648,0.31346,-0.000598,9.810573
1755403322651,0.236889,-0.050847,9.947263
1755403322652,0.33021,-0.005384,9.760324
1755403322654,0.246461,-0.031705,9.947263
1755403322656,0.33021,-0.012562,9.745967
1755403322659,0.234497,-0.043669,9.968799
1755403322661,0.315853,-0.026919,9.757931
1755403322663,0.267996,-0.041276,9.947263
1755403322666,0.253639,-0.017348,9.820144
1755403322668,0.253639,-0.010169,9.937392
1755403322670,0.272782,-0.022134,9.844072
1755403322673,0.263211,-0.017348,9.920643
1755403322675,0.289532,-0.014955,9.827323
1755403322677,0.320638,0.013759,9.932607
1755403322680,0.229711,-0.022134,9.829716
1755403322683,0.27996,-0.022134,9.925428
1755403322685,0.246461,-0.034098,9.88475
1755403322687,0.284746,-0.031705,9.915857
1755403322690,0.246461,0.004187,9.887143
1755403322692,0.275175,-0.019741,9.927821
1755403322695,0.277567,0.013759,9.949656
1755403322697,0.294317,-0.017348,9.939785
1755403322699,0.27996,-0.022134,9.789038
1755403322703,0.270389,-0.055633,9.913465
1755403322704,0.277567,-0.041276,9.9015
1755403322707,0.272782,-0.012562,9.860822
1755403322709,0.265603,-0.002991,9.879965
1755403322711,0.267996,-0.002991,9.947263
1755403322713,0.263211,-0.007777,9.947263
1755403322716,0.308674,-0.062812,9.769895
1755403322718,0.239282,-0.081954,9.805787
1755403322721,0.323031,0.025723,9.927821
1755403322723,0.275175,0.064008,9.947263
1755403322726,0.29671,-0.029312,9.827323
1755403322728,0.289532,-0.074776,9.760324
1755403322731,0.277567,-0.062812,9.932607
1755403322733,0.277567,0.011366,9.927821
1755403322735,0.263211,0.013759,9.858429
1755403322738,0.294317,-0.065204,9.877572
1755403322740,0.29671,-0.043669,9.865608
1755403322743,0.275175,0.044865,9.911072
1755403322745,0.31346,-0.000598,9.817751
1755403322747,0.289532,-0.067597,9.889536
1755403322750,0.289532,0.011366,9.934999
1755403322752,0.299103,0.00658,9.834501
1755403322754,0.306281,-0.022134,9.88475
1755403322757,0.306281,0.008973,9.934999
1755403322760,0.267996,0.00658,9.872787
1755403322761,0.248854,-0.029312,9.865608
1755403322764,0.277567,0.00658,9.868001
1755403322767,0.267996,-0.017348,9.925428
1755403322769,0.284746,-0.024526,9.894321
1755403322772,0.318245,0.001795,9.836894
1755403322774,0.248854,-0.022134,9.882358
1755403322776,0.282353,0.00658,9.947263
1755403322778,0.306281,-0.036491,9.848858
1755403322781,0.212961,-0.058026,9.853643
1755403322784,0.301496,-0.007777,9.877572
1755403322786,0.248854,-0.002991,9.875179
1755403322788,0.270389,-0.034098,9.911072
1755403322790,0.33021,-0.000598,9.80818
1755403322793,0.244068,-0.038883,9.959227
1755403322795,0.272782,-0.000598,9.930214
1755403322797,0.282353,-0.022134,9.777073
1755403322801,0.234497,-0.038883,9.915857
1755403322803,0.299103,-0.017348,9.815358
1755403322805,0.248854,-0.072383,9.868001
1755403322807,0.277567,-0.024526,9.870394
1755403322810,0.260818,0.001795,9.865608
1755403322812,0.248854,-0.000598,9.985548
1755403322814,0.320638,0.001795,9.801002
1755403322817,0.275175,-0.055633,9.944571
1755403322819,0.29671,-0.036491,9.796216
1755403322823,0.275175,-0.043669,9.80818
1755403322824,0.234497,-0.034098,9.9015
1755403322826,0.315853,0.028116,9.815358
1755403322828,0.229711,-0.002991,10.050154
1755403322831,0.323031,0.032901,9.829716
1755403322833,0.246461,-0.05324,9.947263
1755403322836,0.275175,-0.034098,9.734002
1755403322838,0.246461,-0.079561,9.903893
1755403322840,0.256032,-0.002991,9.879965
1755403322843,0.287139,0.011366,9.923036
1755403322845,0.241675,-0.010169,9.937392
1755403322848,0.306281,-0.058026,9.731609
1755403322850,0.275175,-0.132203,9.911072
1755403322853,0.318245,-0.002991,9.853643
1755403322855,0.215354,0.047258,9.966406
1755403322857,0.275175,-0.007777,9.767502
1755403322860,0.267996,-0.038883,9.947263
1755403322863,0.299103,-0.002991,9.856036
1755403322864,0.251246,0.00658,9.870394
1755403322867,0.315853,-0.002991,9.856036
1755403322869,0.272782,-0.041276,9.875179
1755403322872,0.275175,-0.022134,9.877572
1755403322874,0.263211,0.00658,9.894321
1755403322877,0.284746,-0.005384,9.88475
1755403322879,0.315853,-0.022134,9.903893
1755403322881,0.277567,-0.029312,9.903893
1755403322884,0.241675,-0.026919,9.832108
1755403322886,0.256032,-0.031705,9.851251
1755403322888,0.289532,-0.029312,9.848858
1755403322891,0.232104,-0.022134,9.875179
1755403322894,0.294317,-0.026919,9.848858
1755403322896,0.301496,-0.043669,9.872787
1755403322898,0.263211,-0.017348,9.851251
1755403322900,0.265603,0.016152,9.844072
1755403322903,0.325424,-0.031705,9.934999
1755403322905,0.325424,0.016152,9.891929
1755403322908,0.27996,0.004187,9.834501
1755403322911,0.306281,-0.000598,9.949656
1755403322912,0.277567,-0.026919,9.906285
1755403322915,0.289532,-0.034098,9.9015
1755403322917,0.253639,-0.012562,9.894321
1755403322920,0.260818,-0.050847,9.9015
1755403322922,0.275175,-0.026919,9.903893
1755403322925,0.287139,-0.043669,9.870394
1755403322927,0.287139,-0.026919,9.920643
1755403322929,0.241675,-0.026919,9.836894
1755403322932,0.284746,-0.029312,9.9015
1755403322934,0.263211,-0.010169,9.903893
1755403322937,0.270389,-0.022134,9.906285
1755403322939,0.277567,-0.029312,9.872787
1755403322942,0.29671,-0.022134,9.879965
1755403322944,0.294317,-0.007777,9.870394
1755403322946,0.27996,0.004187,9.923036
1755403322948,0.258425,-0.048455,9.846465
1755403322951,0.294317,-0.012562,9.882358
1755403322954,0.306281,-0.010169,9.882358
1755403322956,0.311067,-0.026919,9.88475
1755403322958,0.303888,-0.029312,9.853643
1755403322962,0.267996,0.001795,9.913465
1755403322963,0.267996,0.013759,9.896714
1755403322966,0.275175,-0.031705,9.913465
1755403322967,0.265603,-0.036491,9.896714
1755403322971,0.265603,-0.038883,9.848858
1755403322973,0.299103,-0.026919,9.903893
1755403322975,0.29671,-0.031705,9.84168
1755403322977,0.260818,-0.019741,9.853643
1755403322979,0.29671,-0.034098,9.848858
1755403322982,0.267996,-0.010169,9.9015
1755403322984,0.277567,-0.022134,9.877572
1755403322988,0.277567,-0.007777,9.9015
1755403322989,0.27996,-0.055633,9.870394
1755403322992,0.272782,-0.019741,9.9015
1755403322994,0.282353,-0.041276,9.872787
1755403322996,0.251246,-0.024526,9.856036
1755403322999,0.272782,-0.007777,9.903893
1755403323001,0.308674,-0.000598,9.891929
1755403323004,0.306281,0.020937,9.891929
1755403323006,0.294317,0.013759,9.868001
1755403323008,0.277567,-0.012562,9.911072
1755403323011,0.303888,-0.012562,9.848858
1755403323013,0.289532,-0.024526,9.853643
1755403323016,0.289532,-0.022134,9.863214
1755403323018,0.260818,-0.034098,9.829716
1755403323020,0.239282,-0.043669,9.932607
1755403323023,0.308674,0.02333,9.860822
1755403323025,0.265603,0.001795,9.927821
1755403323028,0.299103,-0.014955,9.848858
1755403323030,0.29671,-0.046062,9.858429
1755403323032,0.294317,-0.041276,9.848858
1755403323035,0.299103,-0.000598,9.868001
1755403323037,0.282353,0.018544,9.923036
1755403323039,0.27996,0.025723,9.896714
1755403323042,0.224925,-0.024526,9.91825
1755403323044,0.256032,-0.036491,9.803394
1755403323047,0.299103,-0.031705,9.920643
1755403323049,0.287139,0.02333,9.863214
1755403323052,0.29671,-0.000598,9.952048
1755403323054,0.272782,0.037687,9.870394
1755403323058,0.260818,-0.062812,9.84168
1755403323060,0.277567,-0.034098,9.846465
1755403323061,0.287139,-0.012562,9.844072
1755403323063,0.270389,0.016152,9.949656
1755403323066,0.291924,0.013759,9.872787
1755403323068,0.258425,-0.029312,9.915857
1755403323071,0.29671,-0.002991,9.832108
1755403323073,0.27996,-0.048455,9.865608
1755403323075,0.303888,0.004187,9.853643
1755403323078,0.320638,-0.019741,9.903893
1755403323080,0.272782,-0.031705,9.925428
1755403323083,0.29671,0.001795,9.853643
1755403323085,0.263211,-0.024526,9.908679
1755403323087,0.284746,-0.012562,9.798609
1755403323090,0.29671,-0.055633,9.903893
1755403323094,0.289532,0.00658,9.834501
1755403323095,0.277567,-0.014955,9.930214
1755403323098,0.29671,-0.002991,9.891929
1755403323100,0.282353,-0.026919,9.832108
1755403323102,0.244068,-0.060419,9.913465
1755403323104,0.267996,-0.041276,9.798609
1755403323107,0.27996,-0.036491,9.959227
1755403323109,0.346959,0.004187,9.856036
1755403323112,0.260818,-0.038883,9.911072
1755403323114,0.303888,-0.007777,9.870394
1755403323116,0.275175,-0.031705,9.846465
1755403323119,0.244068,-0.043669,9.853643
1755403323121,0.275175,-0.012562,9.856036
1755403323124,0.22014,-0.019741,9.956834
1755403323127,0.325424,-0.000598,9.848858
1755403323128,0.258425,-0.010169,9.91825
1755403323131,0.315853,-0.046062,9.779466
1755403323133,0.227318,-0.046062,9.980762
1755403323135,0.31346,0.054437,9.829716
1755403323138,0.260818,-0.029312,9.932607
1755403323141,0.311067,-0.010169,9.827323
1755403323144,0.287139,-0.055633,9.870394
1755403323145,0.303888,-0.012562,9.88475
1755403323147,0.311067,0.004187,9.896714
1755403323150,0.248854,-0.007777,9.927821
1755403323152,0.301496,-0.034098,9.851251
1755403323154,0.246461,-0.060419,9.915857
1755403323158,0.284746,0.011366,9.805787
1755403323160,0.248854,-0.014955,9.964012
1755403323164,0.306281,0.018544,9.834501
1755403323165,0.258425,-0.024526,9.939785
1755403323167,0.270389,0.004187,9.894321
1755403323169,0.277567,-0.000598,9.839287
1755403323171,0.258425,-0.024526,9.952048
1755403323176,0.31346,-0.019741,9.817751
1755403323177,0.267996,-0.034098,9.911072
1755403323179,0.294317,0.016152,9.84168
1755403323181,0.287139,-0.014955,9.882358
1755403323183,0.267996,-0.036491,9.944571
1755403323185,0.29671,-0.010169,9.822537
1755403323188,0.232104,-0.041276,9.985548
1755403323191,0.299103,0.008973,9.844072
1755403323193,0.265603,-0.050847,9.846465
1755403323195,0.311067,-0.062812,9.9015
1755403323197,0.289532,0.032901,9.937392
1755403323200,0.251246,-0.043669,9.968799
1755403323202,0.287139,-0.034098,9.700503
1755403323205,0.275175,-0.014955,9.952048
1755403323207,0.224925,-0.046062,9.911072
1755403323210,0.289532,0.001795,9.879965
1755403323212,0.27996,-0.077169,9.793823
1755403323214,0.275175,-0.050847,9.990334
1755403323217,0.308674,-0.000598,9.913465
1755403323219,0.246461,-0.046062,9.822537
1755403323221,0.287139,-0.038883,9.84168
1755403323224,0.284746,-0.014955,9.860822
1755403323227,0.27996,-0.041276,9.980762
1755403323229,0.306281,-0.026919,9.844072
1755403323231,0.289532,-0.048455,9.827323
1755403323234,0.234497,-0.046062,9.97837
1755403323236,0.277567,0.025723,9.839287
1755403323239,0.303888,-0.026919,9.796216
1755403323241,0.29671,-0.048455,9.961619
1755403323244,0.287139,-0.034098,9.88475
1755403323246,0.246461,-0.050847,9.834501
1755403323248,0.303888,-0.026919,9.801002
1755403323250,0.282353,-0.022134,10.042975
1755403323253,0.263211,-0.002991,9.983155
1755403323255,0.277567,-0.029312,9.68136
1755403323257,0.282353,-0.041276,10.021441
1755403323261,0.284746,0.035294,9.724431
1755403323263,0.272782,-0.017348,9.894321
1755403323265,0.294317,-0.06999,9.82493
1755403323267,0.299103,-0.034098,9.887143
1755403323269,0.258425,-0.024526,9.882358
1755403323272,0.236889,-0.029312,9.987941
1755403323274,0.258425,-0.029312,9.729217
1755403323277,0.27996,-0.010169,10.031012
1755403323280,0.263211,-0.012562,9.702896
1755403323282,0.27996,-0.041276,10.011869
1755403323284,0.275175,-0.034098,9.80818
1755403323286,0.320638,-0.046062,9.930214
1755403323288,0.29671,-0.029312,9.82493
1755403323291,0.287139,-0.010169,9.91825
1755403323294,0.277567,0.004187,9.875179
1755403323296,0.323031,-0.026919,9.863214
1755403323298,0.287139,-0.019741,9.858429
1755403323301,0.327817,-0.007777,9.91825
1755403323303,0.265603,-0.010169,9.896714
1755403323305,0.289532,-0.024526,9.860822
1755403323308,0.27996,-0.038883,9.896714
1755403323311,0.29671,-0.022134,9.875179
1755403323313,0.246461,-0.026919,9.911072
1755403323315,0.311067,0.001795,9.863214
1755403323317,0.260818,-0.034098,9.915857
1755403323320,0.303888,-0.019741,9.863214
1755403323322,0.260818,-0.005384,9.860822
1755403323325,0.287139,-0.041276,9.899107
1755403323328,0.265603,-0.038883,9.899107
1755403323330,0.265603,-0.038883,9.889536
1755403323332,0.282353,-0.026919,9.875179
1755403323335,0.267996,-0.022134,9.88475
1755403323336,0.260818,-0.034098,9.88475
1755403323339,0.265603,-0.022134,9.896714
1755403323343,0.272782,-0.024526,9.860822
1755403323344,0.287139,-0.031705,9.856036
1755403323347,0.251246,-0.031705,9.908679
1755403323349,0.270389,-0.012562,9.896714
1755403323351,0.29671,-0.007777,9.91825
1755403323353,0.260818,-0.034098,9.908679
1755403323356,0.236889,-0.012562,9.875179
1755403323358,0.315853,-0.014955,9.879965
1755403323361,0.275175,-0.019741,9.875179
1755403323363,0.291924,-0.041276,9.865608
1755403323365,0.260818,-0.026919,9.879965
1755403323368,0.291924,-0.041276,9.844072
1755403323370,0.272782,-0.014955,9.863214
1755403323373,0.265603,0.001795,9.870394
1755403323375,0.27996,-0.048455,9.882358
1755403323379,0.291924,-0.010169,9.84168
1755403323381,0.256032,-0.029312,9.858429
1755403323383,0.315853,-0.026919,9.923036
1755403323386,0.27996,-0.019741,9.923036
1755403323387,0.263211,-0.005384,9.856036
1755403323389,0.258425,-0.014955,9.875179
1755403323392,0.27996,-0.038883,9.865608
1755403323394,0.327817,-0.019741,9.923036
1755403323397,0.320638,-0.026919,9.899107
1755403323399,0.270389,-0.019741,9.856036
1755403323402,0.256032,0.011366,9.875179
1755403323404,0.265603,0.011366,9.870394
1755403323406,0.267996,-0.012562,9.817751
1755403323408,0.282353,-0.019741,9.803394
1755403323411,0.287139,-0.046062,9.9015
1755403323413,0.311067,-0.048455,9.834501
1755403323416,0.308674,-0.041276,9.88475
1755403323418,0.267996,0.008973,9.863214
1755403323421,0.289532,-0.017348,9.879965
1755403323423,0.308674,-0.024526,9.88475
1755403323425,0.311067,-0.014955,9.848858
1755403323427,0.29671,-0.031705,9.899107
1755403323430,0.234497,0.001795,9.865608
1755403323432,0.31346,-0.05324,9.894321
1755403323435,0.301496,-0.019741,9.848858
1755403323438,0.277567,-0.019741,9.805787
1755403323440,0.318245,-0.029312,9.906285
1755403323442,0.282353,-0.024526,9.875179
1755403323444,0.282353,-0.010169,9.875179
1755403323447,0.299103,-0.010169,9.896714
1755403323449,0.27996,-0.010169,9.891929
1755403323452,0.294317,-0.014955,9.872787
1755403323454,0.299103,-0.024526,9.882358
1755403323456,0.275175,-0.022134,9.870394
1755403323459,0.315853,-0.007777,9.868001
1755403323461,0.284746,-0.005384,9.925428
1755403323464,0.318245,-0.012562,9.870394
1755403323466,0.272782,0.011366,9.961619
1755403323469,0.308674,-0.007777,9.812965
1755403323471,0.227318,-0.065204,9.930214
1755403323473,0.31346,-0.024526,9.772287
1755403323476,0.246461,-0.036491,9.975977
1755403323478,0.315853,-0.029312,9.822537
1755403323481,0.301496,-0.05324,9.903893
1755403323483,0.291924,-0.012562,9.844072
1755403323485,0.272782,-0.000598,9.872787
1755403323487,0.291924,-0.007777,9.906285
1755403323490,0.260818,-0.014955,9.903893
1755403323493,0.260818,-0.014955,9.9015
1755403323495,0.265603,0.004187,9.9015
1755403323498,0.270389,-0.062812,9.894321
1755403323499,0.258425,-0.031705,9.863214
1755403323503,0.265603,-0.017348,9.930214
1755403323505,0.339781,-0.000598,9.887143
1755403323507,0.239282,-0.012562,9.942178
1755403323509,0.263211,-0.014955,9.80818
1755403323512,0.251246,-0.017348,9.961619
1755403323515,0.263211,0.001795,9.777073
1755403323516,0.272782,-0.002991,9.952048
1755403323519,0.284746,-0.034098,9.74836
1755403323521,0.253639,-0.024526,9.91825
1755403323524,0.337388,-0.038883,9.796216
1755403323526,0.270389,-0.000598,9.97837
1755403323528,0.31346,-0.038883,9.832108
1755403323533,0.270389,-0.050847,9.934999
1755403323535,0.275175,-0.024526,9.805787
1755403323537,0.244068,-0.034098,9.920643
1755403323538,0.284746,-0.022134,9.812965
1755403323540,0.270389,-0.024526,9.937392
1755403323543,0.337388,-0.024526,9.846465
1755403323546,0.244068,-0.036491,9.934999
1755403323548,0.291924,-0.019741,9.822537
1755403323550,0.229711,-0.010169,9.930214
1755403323552,0.301496,-0.029312,9.822537
1755403323555,0.277567,-0.038883,9.923036
1755403323557,0.27996,-0.022134,9.829716
1755403323559,0.251246,-0.014955,9.934999
1755403323562,0.287139,0.00658,9.868001
1755403323564,0.224925,0.001795,9.934999
1755403323567,0.29671,-0.050847,9.846465
1755403323569,0.263211,-0.043669,9.930214
1755403323572,0.31346,-0.022134,9.851251
1755403323574,0.294317,-0.017348,9.927821
1755403323576,0.31346,-0.012562,9.872787
1755403323579,0.246461,-0.029312,9.891929
1755403323581,0.282353,-0.022134,9.887143
1755403323583,0.244068,-0.031705,9.872787
1755403323586,0.270389,-0.043669,9.896714
1755403323588,0.251246,-0.007777,9.887143
1755403323591,0.265603,-0.060419,9.923036
1755403323593,0.287139,-0.024526,9.834501
1755403323595,0.287139,-0.022134,9.911072
1755403323598,0.301496,-0.048455,9.810573
1755403323600,0.272782,-0.046062,9.944571
1755403323603,0.287139,-0.005384,9.796216
1755403323605,0.253639,-0.043669,9.961619
1755403323607,0.308674,-0.024526,9.801002
1755403323610,0.256032,-0.005384,9.966406
1755403323612,0.318245,-0.002991,9.805787
1755403323615,0.27996,-0.012562,9.947263
1755403323617,0.301496,-0.026919,9.803394
1755403323620,0.251246,-0.007777,9.956834
1755403323624,0.294317,-0.022134,9.839287
1755403323625,0.210568,-0.05324,9.915857
1755403323627,0.315853,-0.007777,9.722038
1755403323629,0.258425,-0.055633,9.944571
1755403323631,0.323031,-0.041276,9.822537
1755403323634,0.267996,-0.046062,9.964012
1755403323636,0.320638,0.004187,9.894321
1755403323639,0.289532,-0.002991,9.815358
1755403323641,0.248854,-0.000598,9.983155
1755403323643,0.282353,-0.010169,9.839287
1755403323646,0.227318,-0.050847,9.983155
1755403323648,0.334995,-0.012562,9.68136
1755403323651,0.260818,-0.101097,10.040583
1755403323653,0.33021,0.044865,9.877572
1755403323655,0.236889,-0.017348,9.88475
1755403323658,0.303888,-0.010169,9.777073
1755403323661,0.320638,-0.010169,9.834501
1755403323662,0.275175,-0.043669,10.078868
1755403323665,0.31346,0.02333,9.772287
1755403323668,0.232104,-0.022134,9.913465
1755403323670,0.318245,-0.000598,9.865608
1755403323672,0.306281,-0.046062,9.870394
1755403323674,0.282353,-0.022134,9.954441
1755403323677,0.323031,-0.022134,9.77468
1755403323681,0.244068,-0.065204,9.968799
1755403323682,0.327817,0.001795,9.729217
1755403323685,0.270389,-0.06999,9.848858
1755403323687,0.31346,-0.012562,10.009477
1755403323689,0.299103,0.018544,9.947263
1755403323691,0.260818,0.00658,9.817751
1755403323693,0.287139,-0.055633,9.767502
1755403323696,0.246461,-0.055633,9.968799
1755403323698,0.263211,-0.014955,9.896714
1755403323702,0.239282,-0.017348,9.913465
1755403323704,0.284746,-0.031705,9.796216
1755403323706,0.306281,-0.041276,9.913465
1755403323709,0.320638,-0.026919,9.844072
1755403323711,0.270389,-0.024526,9.872787
1755403323713,0.267996,0.004187,9.896714
1755403323715,0.272782,-0.014955,9.906285
1755403323719,0.315853,-0.022134,9.858429
1755403323720,0.265603,-0.022134,9.875179
1755403323722,0.284746,-0.034098,9.887143
1755403323725,0.258425,-0.041276,9.882358
1755403323727,0.263211,-0.050847,9.856036
1755403323729,0.275175,-0.017348,9.913465
1755403323732,0.239282,-0.014955,9.88475
1755403323735,0.277567,-0.034098,9.879965
1755403323738,0.246461,-0.010169,9.853643
1755403323739,0.294317,0.011366,9.882358
1755403323742,0.272782,-0.000598,9.891929
1755403323744,0.277567,-0.005384,9.875179
1755403323746,0.29671,-0.026919,9.896714
1755403323749,0.311067,-0.002991,9.865608
1755403323751,0.287139,-0.010169,9.88475
1755403323753,0.263211,-0.026919,9.9015
1755403323756,0.253639,-0.038883,9.870394
1755403323758,0.275175,-0.038883,9.84168
1755403323761,0.277567,-0.041276,9.891929
1755403323763,0.267996,-0.000598,9.865608
1755403323765,0.277567,-0.014955,9.889536
1755403323768,0.294317,-0.031705,9.872787
1755403323771,0.270389,-0.031705,9.868001
1755403323773,0.27996,-0.060419,9.877572
1755403323775,0.299103,-0.029312,9.877572
1755403323778,0.289532,-0.022134,9.872787
1755403323780,0.282353,-0.046062,9.891929
1755403323783,0.282353,-0.007777,9.889536
1755403323785,0.270389,-0.031705,9.803394
1755403323788,0.301496,-0.034098,9.937392
1755403323791,0.246461,-0.014955,9.942178
1755403323792,0.303888,-0.007777,9.810573
1755403323794,0.284746,-0.048455,9.851251
1755403323796,0.275175,-0.038883,9.999905
1755403323799,0.289532,0.018544,9.851251
1755403323801,0.253639,-0.036491,9.80818
1755403323804,0.253639,-0.014955,9.952048
1755403323806,0.306281,0.00658,9.91825
1755403323808,0.251246,-0.010169,9.896714
1755403323811,0.320638,0.008973,9.755538
1755403323813,0.27996,-0.050847,9.934999
1755403323816,0.241675,-0.010169,9.987941
1755403323818,0.284746,-0.007777,9.738789
1755403323821,0.229711,-0.058026,10.007083
1755403323823,0.323031,-0.017348,9.786645
1755403323825,0.270389,-0.05324,9.930214
1755403323828,0.318245,-0.024526,9.822537
1755403323831,0.291924,-0.031705,9.992726
1755403323833,0.263211,-0.022134,9.88475
1755403323835,0.301496,-0.012562,9.769895
1755403323838,0.239282,-0.067597,9.97837
1755403323841,0.308674,-0.002991,9.755538
1755403323842,0.256032,-0.038883,10.028619
1755403323844,0.323031,0.013759,9.710074
1755403323847,0.272782,-0.046062,10.026226
1755403323849,0.260818,-0.026919,9.772287
1755403323852,0.260818,-0.036491,9.995119
1755403323855,0.246461,0.008973,9.815358
1755403323859,0.287139,-0.058026,9.932607
1755403323860,0.289532,-0.029312,9.798609
1755403323862,0.294317,0.001795,9.961619
1755403323863,0.284746,0.008973,9.801002
1755403323866,0.299103,-0.014955,9.932607
1755403323868,0.265603,-0.000598,9.870394
1755403323872,0.282353,-0.050847,9.891929
1755403323873,0.29671,-0.046062,9.949656
1755403323876,0.277567,-0.022134,9.913465
1755403323878,0.272782,-0.079561,9.734002
1755403323880,0.291924,-0.041276,9.990334
1755403323883,0.306281,-0.010169,9.903893
1755403323886,0.303888,-0.002991,9.848858
1755403323888,0.31346,-0.038883,9.844072
1755403323890,0.265603,0.049651,9.944571
1755403323892,0.277567,-0.007777,9.927821
1755403323895,0.318245,-0.060419,9.779466
1755403323897,0.294317,-0.058026,9.887143
1755403323900,0.299103,0.04008,9.906285
1755403323902,0.311067,0.018544,9.923036
1755403323904,0.282353,-0.055633,9.810573
1755403323907,0.258425,-0.060419,9.844072
1755403323909,0.284746,0.030508,9.932607
1755403323912,0.27996,-0.029312,9.877572
1755403323914,0.263211,-0.10349,9.872787
1755403323917,0.265603,0.001795,9.875179
1755403323919,0.267996,0.013759,9.834501
1755403323921,0.277567,-0.017348,9.923036
1755403323924,0.308674,0.004187,9.9015
1755403323926,0.299103,-0.041276,9.856036
1755403323928,0.306281,-0.046062,9.887143
1755403323931,0.289532,-0.002991,9.927821
1755403323933,0.27996,-0.024526,9.923036
1755403323936,0.272782,-0.002991,9.789038
1755403323938,0.272782,-0.005384,9.939785
1755403323941,0.267996,-0.012562,9.942178
1755403323943,0.294317,-0.029312,9.913465
1755403323945,0.303888,-0.046062,9.698111
1755403323947,0.287139,-0.055633,10.007083
1755403323950,0.332602,-0.031705,9.786645
1755403323953,0.253639,-0.026919,10.00469
1755403323955,0.301496,-0.017348,9.736395
1755403323957,0.31346,-0.014955,9.915857
1755403323961,0.239282,-0.002991,9.903893
1755403323962,0.299103,-0.060419,9.793823
1755403323964,0.248854,-0.024526,9.894321
1755403323967,0.27996,-0.005384,9.911072
1755403323969,0.275175,0.001795,9.875179
1755403323971,0.284746,-0.000598,9.846465
1755403323974,0.27996,-0.041276,9.863214
1755403323976,0.272782,-0.041276,9.865608
1755403323979,0.289532,-0.010169,9.932607
1755403323981,0.284746,-0.019741,9.839287
1755403323984,0.236889,-0.010169,9.923036
1755403323986,0.263211,-0.034098,9.832108
1755403323988,0.308674,-0.002991,9.908679
1755403323991,0.284746,0.020937,9.889536
1755403323994,0.27996,-0.000598,9.872787
1755403323995,0.282353,-0.048455,9.947263
1755403323998,0.299103,-0.046062,9.767502
1755403324000,0.246461,-0.050847,9.872787
1755403324003,0.272782,-0.024526,9.949656
1755403324005,0.263211,-0.012562,9.911072
1755403324008,0.284746,-0.06999,9.789038
1755403324010,0.289532,-0.038883,9.930214
1755403324012,0.27996,-0.000598,9.887143
1755403324015,0.244068,-0.019741,9.856036
1755403324017,0.27996,-0.043669,9.772287
1755403324019,0.265603,-0.046062,9.966406
1755403324022,0.277567,0.008973,9.91825
1755403324025,0.282353,-0.017348,9.793823
1755403324027,0.303888,-0.017348,9.875179
1755403324029,0.289532,-0.062812,9.980762
1755403324031,0.265603,-0.046062,9.9015
1755403324035,0.260818,0.00658,9.817751
1755403324036,0.267996,-0.038883,9.853643
1755403324039,0.267996,-0.034098,9.942178
1755403324042,0.27996,-0.002991,9.911072
1755403324044,0.306281,0.008973,9.793823
1755403324046,0.320638,-0.026919,9.956834
1755403324048,0.256032,-0.038883,9.9015
1755403324051,0.284746,-0.014955,9.911072
1755403324053,0.27996,-0.022134,9.829716
1755403324055,0.27996,-0.055633,9.877572
1755403324059,0.282353,-0.055633,9.947263
1755403324061,0.303888,-0.010169,9.815358
1755403324063,0.260818,-0.000598,9.9015
1755403324065,0.277567,-0.046062,9.805787
1755403324067,0.284746,-0.012562,9.939785
1755403324070,0.251246,-0.014955,9.877572
1755403324072,0.291924,-0.019741,9.915857
1755403324076,0.265603,-0.065204,9.834501
1755403324077,0.270389,-0.019741,9.937392
1755403324079,0.263211,0.020937,9.870394
1755403324082,0.291924,-0.012562,9.923036
1755403324084,0.267996,-0.046062,9.803394
1755403324087,0.256032,-0.043669,9.920643
1755403324090,0.294317,-0.002991,9.91825
1755403324092,0.289532,-0.034098,9.889536
1755403324094,0.27996,-0.010169,9.817751
1755403324096,0.267996,-0.007777,9.894321
1755403324098,0.294317,0.004187,9.920643
1755403324101,0.258425,-0.036491,9.889536
1755403324103,0.291924,-0.043669,9.856036
1755403324106,0.267996,-0.029312,9.887143
1755403324108,0.241675,0.00658,9.908679
1755403324110,0.263211,-0.029312,9.848858
1755403324113,0.272782,-0.007777,9.896714
1755403324116,0.265603,-0.022134,9.882358
1755403324118,0.272782,-0.024526,9.851251
1755403324120,0.29671,-0.014955,9.839287
1755403324123,0.31346,-0.029312,9.915857
1755403324125,0.284746,-0.019741,9.863214
1755403324127,0.306281,-0.036491,9.872787
1755403324130,0.294317,-0.029312,9.868001
1755403324133,0.301496,-0.005384,9.91825
1755403324135,0.267996,-0.000598,9.903893
1755403324137,0.294317,-0.036491,9.865608
1755403324139,0.282353,-0.048455,9.879965
1755403324142,0.315853,0.001795,9.889536
1755403324145,0.291924,-0.014955,9.903893
1755403324146,0.306281,-0.031705,9.906285
1755403324149,0.263211,-0.014955,9.9015
1755403324151,0.287139,-0.034098,9.882358
1755403324154,0.311067,-0.010169,9.88475
1755403324156,0.258425,-0.034098,9.891929
1755403324158,0.267996,-0.036491,9.879965
1755403324162,0.265603,-0.024526,9.879965
1755403324163,0.258425,-0.005384,9.858429
1755403324166,0.291924,-0.019741,9.877572
1755403324168,0.301496,-0.019741,9.879965
1755403324171,0.294317,-0.012562,9.9015
1755403324173,0.299103,-0.034098,9.872787
1755403324175,0.282353,-0.014955,9.882358
1755403324179,0.270389,-0.038883,9.9015
1755403324181,0.272782,-0.036491,9.913465
1755403324183,0.287139,-0.046062,9.879965
1755403324185,0.284746,-0.017348,9.870394
1755403324187,0.308674,-0.048455,9.870394
1755403324190,0.289532,-0.019741,9.887143
1755403324192,0.277567,-0.041276,9.870394
1755403324195,0.260818,-0.055633,9.887143
1755403324198,0.229711,-0.046062,9.887143
1755403324199,0.301496,-0.002991,9.88475
1755403324202,0.301496,-0.017348,9.906285
1755403324204,0.294317,-0.038883,9.882358
1755403324206,0.289532,-0.024526,9.896714
1755403324209,0.272782,-0.031705,9.896714
1755403324212,0.244068,-0.019741,9.882358
1755403324214,0.287139,-0.017348,9.863214
1755403324216,0.256032,-0.026919,9.877572
1755403324219,0.277567,-0.000598,9.875179
1755403324221,0.265603,-0.026919,9.889536
1755403324223,0.244068,-0.050847,9.879965
1755403324226,0.277567,0.001795,9.877572
1755403324229,0.282353,-0.014955,9.889536
1755403324231,0.270389,-0.036491,9.891929
1755403324233,0.270389,-0.034098,9.903893
1755403324235,0.303888,-0.017348,9.875179
1755403324238,0.291924,-0.038883,9.88475
1755403324240,0.27996,-0.031705,9.872787
1755403324242,0.253639,-0.022134,9.879965
1755403324245,0.270389,-0.029312,9.920643
1755403324247,0.265603,-0.024526,9.870394
1755403324250,0.289532,-0.043669,9.865608
1755403324252,0.294317,-0.007777,9.889536
1755403324255,0.301496,-0.019741,9.894321
1755403324257,0.318245,-0.019741,9.894321
1755403324259,0.282353,-0.012562,9.88475
1755403324263,0.287139,0.001795,9.865608
1755403324264,0.303888,-0.012562,9.887143
1755403324266,0.275175,-0.010169,9.879965
1755403324269,0.27996,-0.012562,9.887143
1755403324271,0.277567,-0.029312,9.877572
1755403324274,0.291924,-0.050847,9.889536
1755403324276,0.27996,-0.034098,9.894321
1755403324279,0.306281,-0.010169,9.875179
1755403324283,0.258425,-0.019741,9.887143
1755403324284,0.277567,-0.007777,9.882358
1755403324286,0.301496,-0.026919,9.868001
1755403324288,0.272782,-0.029312,9.882358
1755403324291,0.275175,-0.012562,9.891929
1755403324293,0.239282,-0.031705,9.879965
1755403324295,0.282353,-0.036491,9.887143
1755403324298,0.251246,-0.005384,9.879965
1755403324300,0.277567,-0.010169,9.887143
1755403324302,0.282353,0.013759,9.853643
1755403324305,0.270389,-0.005384,9.882358
1755403324307,0.256032,-0.024526,9.872787
1755403324309,0.260818,-0.031705,9.879965
1755403324312,0.289532,-0.007777,9.875179
1755403324315,0.291924,-0.017348,9.891929
1755403324317,0.318245,-0.022134,9.891929
1755403324320,0.27996,-0.014955,9.863214
1755403324322,0.303888,-0.012562,9.872787
1755403324324,0.260818,-0.024526,9.877572
1755403324326,0.263211,-0.036491,9.887143
1755403324329,0.267996,-0.060419,9.899107
1755403324331,0.27996,-0.046062,9.868001
1755403324334,0.301496,-0.017348,9.863214
1755403324336,0.275175,-0.038883,9.875179
1755403324338,0.260818,-0.048455,9.865608
1755403324341,0.284746,-0.034098,9.879965
1755403324344,0.277567,-0.010169,9.868001
1755403324345,0.287139,-0.050847,9.9015
1755403324349,0.303888,-0.034098,9.870394
1755403324350,0.294317,-0.012562,9.891929
1755403324353,0.251246,-0.022134,9.887143
1755403324355,0.287139,-0.024526,9.882358
1755403324358,0.291924,-0.014955,9.872787
1755403324360,0.294317,-0.017348,9.899107
1755403324362,0.29671,-0.010169,9.870394
1755403324366,0.270389,-0.024526,9.877572
1755403324368,0.270389,-0.005384,9.875179
1755403324370,0.263211,0.001795,9.9015
1755403324372,0.277567,-0.012562,9.865608
1755403324374,0.29671,-0.019741,9.88475
1755403324377,0.27996,-0.007777,9.894321
1755403324379,0.275175,-0.026919,9.891929
1755403324382,0.289532,0.001795,9.882358
1755403324384,0.256032,-0.002991,9.879965
1755403324386,0.270389,-0.017348,9.877572
1755403324388,0.263211,-0.007777,9.887143
1755403324391,0.291924,-0.005384,9.875179
1755403324393,0.301496,-0.005384,9.870394
1755403324396,0.303888,-0.014955,9.872787
1755403324399,0.265603,-0.026919,9.877572
1755403324402,0.284746,-0.012562,9.88475
1755403324403,0.294317,0.008973,9.887143
1755403324405,0.306281,-0.041276,9.88475
1755403324408,0.294317,-0.034098,9.891929
1755403324410,0.272782,-0.026919,9.896714
1755403324412,0.275175,-0.000598,9.887143
1755403324416,0.287139,-0.022134,9.872787
1755403324418,0.294317,0.004187,9.88475
1755403324420,0.308674,-0.022134,9.887143
1755403324422,0.246461,-0.036491,9.911072
1755403324424,0.270389,-0.005384,9.877572
1755403324427,0.272782,0.00658,9.868001
1755403324429,0.291924,0.032901,9.858429
1755403324432,0.258425,-0.014955,9.863214
1755403324435,0.275175,-0.031705,9.858429
1755403324437,0.308674,-0.036491,9.865608
1755403324439,0.277567,-0.014955,9.875179
1755403324442,0.275175,-0.034098,9.872787
1755403324444,0.265603,-0.019741,9.88475
1755403324446,0.265603,-0.012562,9.891929
1755403324449,0.246461,-0.022134,9.879965
1755403324451,0.275175,-0.017348,9.882358
1755403324454,0.253639,0.004187,9.870394
1755403324455,0.270389,-0.017348,9.872787
1755403324458,0.256032,-0.017348,9.879965
1755403324460,0.301496,-0.017348,9.88475
1755403324463,0.299103,-0.034098,9.899107
1755403324465,0.277567,-0.014955,9.868001
1755403324468,0.291924,-0.038883,9.868001
1755403324470,0.267996,-0.000598,9.889536
1755403324472,0.27996,-0.048455,9.872787
1755403324475,0.27996,-0.017348,9.875179
1755403324477,0.270389,-0.029312,9.877572
1755403324479,0.308674,-0.026919,9.891929
1755403324482,0.251246,-0.043669,9.891929
1755403324485,0.258425,-0.043669,9.879965
1755403324487,0.258425,-0.019741,9.887143
1755403324489,0.241675,-0.019741,9.889536
1755403324492,0.260818,-0.014955,9.899107
1755403324494,0.31346,-0.031705,9.875179
1755403324496,0.263211,-0.034098,9.88475
1755403324499,0.258425,-0.034098,9.894321
1755403324502,0.265603,-0.022134,9.853643
1755403324504,0.291924,0.004187,9.879965
1755403324506,0.282353,-0.007777,9.868001
1755403324508,0.277567,-0.031705,9.877572
1755403324511,0.311067,-0.012562,9.860822
1755403324513,0.272782,-0.038883,9.891929
1755403324515,0.270389,-0.055633,9.875179
1755403324519,0.294317,-0.046062,9.887143
1755403324521,0.294317,-0.014955,9.887143
1755403324523,0.265603,-0.014955,9.889536
1755403324525,0.299103,-0.029312,9.879965
1755403324527,0.265603,-0.031705,9.868001
1755403324530,0.270389,-0.024526,9.879965
1755403324532,0.270389,-0.017348,9.882358
1755403324536,0.27996,0.018544,9.88475
1755403324537,0.270389,-0.036491,9.887143
1755403324540,0.265603,-0.017348,9.853643
1755403324543,0.27996,-0.029312,9.88475
1755403324544,0.246461,-0.014955,9.879965
1755403324547,0.239282,-0.024526,9.906285
1755403324549,0.270389,-0.019741,9.868001
1755403324553,0.282353,-0.036491,9.894321
1755403324554,0.31346,-0.014955,9.882358
1755403324556,0.287139,-0.029312,9.887143
1755403324559,0.282353,-0.014955,9.88475
1755403324561,0.306281,-0.026919,9.872787
1755403324564,0.289532,0.02333,9.889536
1755403324566,0.267996,-0.026919,9.870394
1755403324570,0.256032,-0.046062,9.870394
1755403324571,0.303888,-0.050847,9.856036
1755403324573,0.27996,0.001795,9.891929
1755403324575,0.29671,-0.026919,9.9015
1755403324578,0.239282,-0.010169,9.899107
1755403324580,0.270389,-0.005384,9.879965
1755403324583,0.284746,0.001795,9.870394
1755403324586,0.303888,-0.024526,9.870394
1755403324588,0.306281,-0.012562,9.882358
1755403324590,0.258425,-0.034098,9.88475
1755403324592,0.291924,-0.022134,9.877572
1755403324595,0.294317,-0.038883,9.882358
1755403324597,0.320638,-0.029312,9.896714
1755403324600,0.320638,-0.012562,9.894321
1755403324604,0.287139,-0.036491,9.879965
1755403324605,0.277567,-0.031705,9.908679
1755403324607,0.291924,-0.031705,9.882358
1755403324609,0.303888,-0.019741,9.879965
1755403324611,0.272782,-0.026919,9.875179
1755403324614,0.282353,-0.000598,9.899107
1755403324616,0.248854,-0.034098,9.872787
1755403324618,0.284746,-0.036491,9.877572
1755403324621,0.267996,-0.022134,9.868001
1755403324623,0.27996,-0.034098,9.865608
1755403324626,0.308674,-0.007777,9.860822
1755403324628,0.277567,0.011366,9.88475
1755403324631,0.263211,-0.029312,9.882358
1755403324633,0.275175,-0.043669,9.899107
1755403324635,0.282353,-0.014955,9.887143
1755403324638,0.270389,-0.017348,9.872787
1755403324640,0.315853,-0.014955,9.877572
1755403324643,0.303888,-0.014955,9.870394
1755403324646,0.29671,-0.058026,9.870394
1755403324647,0.315853,-0.043669,9.870394
1755403324650,0.277567,-0.046062,9.868001
1755403324652,0.299103,-0.048455,9.875179
