1755400854236,0.289532,-0.002991,9.88475
1755400854239,0.31346,-0.010169,9.894321
1755400854240,0.263211,-0.010169,9.879965
1755400854241,0.272782,-0.005384,9.872787
1755400854242,0.258425,-0.022134,9.882358
1755400854243,0.272782,-0.029312,9.863214
1755400854244,0.270389,-0.022134,9.868001
1755400854246,0.308674,-0.010169,9.872787
1755400854247,0.253639,-0.034098,9.877572
1755400854247,0.251246,-0.031705,9.872787
1755400854248,0.251246,-0.017348,9.899107
1755400854249,0.244068,-0.026919,9.896714
1755400854250,0.258425,-0.022134,9.887143
1755400854251,0.256032,-0.024526,9.887143
1755400854252,0.265603,0.013759,9.894321
1755400854252,0.284746,-0.000598,9.865608
1755400854253,0.282353,-0.017348,9.894321
1755400854254,0.275175,0.00658,9.865608
1755400854255,0.267996,-0.005384,9.868001
1755400854256,0.284746,-0.014955,9.860822
1755400854257,0.287139,-0.007777,9.887143
1755400854257,0.260818,-0.022134,9.889536
1755400854258,0.263211,0.008973,9.903893
1755400854259,0.265603,-0.041276,9.882358
1755400854260,0.306281,-0.034098,9.877572
1755400854261,0.301496,-0.005384,9.870394
1755400854262,0.258425,-0.014955,9.891929
1755400854263,0.275175,-0.038883,9.870394
1755400854264,0.277567,0.001795,9.9015
1755400854264,0.284746,-0.022134,9.868001
1755400854265,0.277567,-0.022134,9.88475
1755400854265,0.256032,-0.010169,9.872787
1755400854266,0.267996,-0.017348,9.887143
1755400854266,0.244068,-0.012562,9.903893
1755400854266,0.277567,-0.005384,9.891929
1755400854267,0.270389,-0.012562,9.887143
1755400854267,0.282353,-0.043669,9.882358
1755400854268,0.277567,-0.017348,9.894321
1755400854268,0.284746,0.004187,9.889536
1755400854268,0.291924,-0.010169,9.870394
1755400854269,0.265603,-0.029312,9.860822
1755400854269,0.272782,-0.038883,9.882358
1755400854270,0.291924,-0.005384,9.872787
1755400854270,0.253639,-0.038883,9.872787
1755400854271,0.270389,-0.014955,9.872787
1755400854271,0.251246,-0.014955,9.858429
1755400854271,0.282353,-0.026919,9.875179
1755400854272,0.277567,-0.014955,9.872787
1755400854272,0.239282,-0.022134,9.891929
1755400854273,0.277567,-0.026919,9.882358
1755400854273,0.272782,-0.017348,9.860822
1755400854276,0.256032,-0.000598,9.879965
1755400854277,0.244068,0.004187,9.868001
1755400854280,0.265603,-0.022134,9.882358
1755400854283,0.287139,-0.000598,9.899107
1755400854284,0.260818,-0.029312,9.896714
1755400854287,0.241675,-0.022134,9.891929
1755400854291,0.277567,-0.029312,9.882358
1755400854291,0.275175,-0.043669,9.875179
1755400854294,0.267996,-0.031705,9.868001
1755400854296,0.258425,-0.012562,9.889536
1755400854299,0.256032,-0.017348,9.896714
1755400854301,0.287139,-0.010169,9.887143
1755400854307,0.267996,-0.017348,9.887143
1755400854310,0.289532,-0.019741,9.868001
1755400854311,0.282353,-0.002991,9.868001
1755400854312,0.277567,-0.005384,9.889536
1755400854313,0.260818,-0.017348,9.889536
1755400854315,0.267996,-0.000598,9.882358
1755400854317,0.277567,-0.007777,9.887143
1755400854321,0.263211,-0.005384,9.872787
1755400854323,0.232104,-0.012562,9.891929
1755400854324,0.22014,-0.038883,9.877572
1755400854327,0.244068,-0.007777,9.889536
1755400854330,0.248854,-0.014955,9.882358
1755400854332,0.282353,-0.041276,9.882358
1755400854334,0.289532,-0.019741,9.870394
1755400854337,0.282353,-0.005384,9.868001
1755400854339,0.303888,-0.031705,9.899107
1755400854342,0.277567,0.00658,9.882358
1755400854344,0.265603,-0.022134,9.865608
1755400854346,0.303888,-0.012562,9.872787
1755400854349,0.277567,-0.017348,9.879965
1755400854351,0.275175,-0.031705,9.875179
1755400854353,0.27996,-0.014955,9.889536
1755400854356,0.272782,-0.048455,9.879965
1755400854358,0.263211,0.016152,9.877572
1755400854360,0.248854,-0.022134,9.9015
1755400854363,0.253639,-0.010169,9.877572
1755400854366,0.229711,-0.014955,9.875179
1755400854368,0.260818,-0.031705,9.879965
1755400854371,0.258425,-0.014955,9.896714
1755400854373,0.29671,-0.046062,9.894321
1755400854375,0.27996,-0.029312,9.887143
1755400854378,0.282353,-0.026919,9.894321
1755400854380,0.282353,-0.017348,9.879965
1755400854382,0.267996,-0.017348,9.879965
1755400854385,0.227318,-0.036491,9.887143
1755400854387,0.282353,-0.017348,9.877572
1755400854397,0.256032,-0.000598,9.879965
1755400854398,0.270389,0.008973,9.882358
1755400854399,0.284746,0.011366,9.882358
1755400854400,0.277567,0.00658,9.88475
1755400854401,0.275175,-0.019741,9.879965
1755400854403,0.251246,-0.005384,9.9015
1755400854405,0.256032,0.016152,9.889536
1755400854407,0.253639,-0.036491,9.870394
1755400854408,0.277567,-0.019741,9.868001
1755400854411,0.282353,-0.038883,9.879965
1755400854413,0.306281,0.00658,9.88475
1755400854415,0.306281,-0.002991,9.863214
1755400854418,0.256032,-0.000598,9.858429
1755400854421,0.299103,-0.014955,9.882358
1755400854423,0.275175,-0.010169,9.88475
1755400854425,0.282353,-0.019741,9.889536
1755400854428,0.311067,-0.005384,9.887143
1755400854430,0.320638,-0.031705,9.872787
1755400854432,0.306281,-0.014955,9.872787
1755400854435,0.227318,-0.005384,9.894321
1755400854439,0.267996,-0.026919,9.891929
1755400854440,0.251246,-0.014955,9.887143
1755400854442,0.277567,-0.010169,9.882358
1755400854444,0.260818,-0.024526,9.889536
1755400854447,0.236889,-0.010169,9.863214
1755400854449,0.277567,-0.014955,9.906285
1755400854452,0.282353,0.013759,9.899107
1755400854454,0.284746,-0.036491,9.872787
1755400854458,0.289532,0.00658,9.882358
1755400854459,0.272782,-0.036491,9.887143
1755400854462,0.277567,-0.012562,9.889536
1755400854463,0.291924,-0.012562,9.868001
1755400854466,0.263211,-0.024526,9.863214
1755400854468,0.282353,-0.007777,9.915857
1755400854471,0.272782,-0.026919,9.887143
1755400854473,0.267996,-0.024526,9.875179
1755400854475,0.265603,-0.000598,9.894321
1755400854478,0.29671,-0.014955,9.868001
1755400854480,0.265603,-0.038883,9.877572
1755400854483,0.260818,-0.041276,9.891929
1755400854485,0.246461,-0.024526,9.913465
1755400854487,0.258425,-0.002991,9.88475
1755400854493,0.253639,-0.036491,9.882358
1755400854494,0.287139,-0.010169,9.882358
1755400854495,0.272782,-0.000598,9.889536
1755400854497,0.253639,-0.014955,9.872787
1755400854500,0.265603,-0.012562,9.879965
1755400854502,0.267996,-0.010169,9.877572
1755400854504,0.303888,-0.005384,9.868001
1755400854507,0.263211,-0.017348,9.860822
1755400854509,0.260818,0.008973,9.889536
1755400854511,0.315853,-0.010169,9.879965
1755400854514,0.270389,-0.024526,9.860822
1755400854516,0.303888,-0.022134,9.891929
1755400854519,0.294317,-0.007777,9.875179
1755400854521,0.289532,-0.024526,9.877572
1755400854524,0.267996,-0.026919,9.863214
1755400854527,0.258425,-0.022134,9.877572
1755400854528,0.263211,-0.010169,9.868001
1755400854531,0.265603,-0.019741,9.896714
1755400854533,0.287139,-0.002991,9.870394
1755400854535,0.258425,0.028116,9.863214
1755400854538,0.294317,-0.005384,9.872787
1755400854541,0.256032,-0.007777,9.879965
1755400854543,0.287139,-0.029312,9.868001
1755400854545,0.272782,-0.029312,9.899107
1755400854547,0.27996,-0.024526,9.887143
1755400854550,0.287139,-0.000598,9.860822
1755400854552,0.272782,-0.000598,9.896714
1755400854555,0.270389,-0.048455,9.887143
1755400854557,0.291924,-0.017348,9.903893
1755400854559,0.260818,-0.007777,9.894321
1755400854562,0.256032,0.011366,9.882358
1755400854564,0.267996,-0.024526,9.865608
1755400854567,0.294317,-0.002991,9.875179
1755400854569,0.253639,-0.019741,9.882358
1755400854571,0.253639,-0.017348,9.889536
1755400854575,0.263211,0.00658,9.894321
1755400854577,0.267996,-0.012562,9.877572
1755400854579,0.270389,0.02333,9.872787
1755400854581,0.282353,-0.007777,9.894321
1755400854583,0.263211,-0.005384,9.870394
1755400854586,0.253639,-0.012562,9.877572
1755400854588,0.284746,-0.007777,9.9015
1755400854592,0.31346,0.008973,9.891929
1755400854595,0.277567,0.011366,9.891929
1755400854596,0.253639,-0.014955,9.868001
1755400854598,0.265603,-0.012562,9.88475
1755400854600,0.282353,-0.007777,9.882358
1755400854602,0.267996,-0.005384,9.896714
1755400854605,0.263211,-0.017348,9.872787
1755400854609,0.256032,-0.029312,9.891929
1755400854610,0.260818,-0.012562,9.865608
1755400854613,0.267996,-0.012562,9.868001
1755400854615,0.260818,0.00658,9.875179
1755400854617,0.277567,-0.010169,9.868001
1755400854619,0.258425,-0.031705,9.879965
1755400854622,0.294317,-0.010169,9.879965
1755400854627,0.244068,-0.050847,9.889536
1755400854628,0.287139,-0.036491,9.894321
1755400854629,0.272782,-0.062812,9.879965
1755400854631,0.267996,-0.022134,9.882358
1755400854634,0.282353,-0.026919,9.889536
1755400854636,0.267996,-0.017348,9.896714
1755400854639,0.272782,-0.024526,9.891929
1755400854641,0.253639,-0.005384,9.877572
1755400854643,0.275175,-0.024526,9.870394
1755400854646,0.291924,-0.002991,9.882358
1755400854648,0.270389,-0.026919,9.894321
1755400854651,0.294317,-0.022134,9.891929
1755400854653,0.263211,-0.010169,9.870394
1755400854655,0.272782,-0.022134,9.875179
1755400854658,0.267996,-0.012562,9.889536
1755400854660,0.27996,-0.005384,9.88475
1755400854663,0.256032,-0.002991,9.865608
1755400854665,0.260818,-0.014955,9.88475
1755400854667,0.270389,0.001795,9.872787
1755400854670,0.239282,-0.022134,9.891929
1755400854672,0.244068,-0.017348,9.903893
1755400854675,0.287139,-0.005384,9.879965
1755400854677,0.284746,-0.024526,9.882358
1755400854679,0.260818,-0.029312,9.858429
1755400854682,0.291924,0.00658,9.879965
1755400854684,0.265603,-0.026919,9.88475
1755400854687,0.267996,-0.029312,9.899107
1755400854689,0.270389,0.00658,9.891929
1755400854691,0.277567,-0.010169,9.879965
1755400854693,0.270389,-0.036491,9.863214
1755400854697,0.260818,-0.007777,9.887143
1755400854698,0.265603,-0.007777,9.865608
1755400854702,0.27996,0.008973,9.882358
1755400854703,0.263211,-0.024526,9.88475
1755400854706,0.256032,-0.046062,9.889536
1755400854708,0.291924,-0.036491,9.889536
1755400854712,0.267996,-0.026919,9.882358
1755400854713,0.251246,-0.036491,9.877572
1755400854715,0.265603,-0.024526,9.887143
1755400854718,0.277567,-0.019741,9.899107
1755400854720,0.267996,-0.014955,9.891929
1755400854722,0.270389,-0.029312,9.903893
1755400854725,0.27996,-0.019741,9.894321
1755400854728,0.284746,-0.026919,9.88475
1755400854730,0.284746,-0.024526,9.875179
1755400854732,0.270389,0.016152,9.887143
1755400854735,0.258425,-0.036491,9.875179
1755400854737,0.239282,-0.029312,9.868001
1755400854739,0.270389,-0.007777,9.853643
1755400854742,0.260818,-0.041276,9.882358
1755400854745,0.270389,0.001795,9.870394
1755400854747,0.258425,0.00658,9.9015
1755400854749,0.265603,0.011366,9.913465
1755400854751,0.27996,0.013759,9.899107
1755400854754,0.311067,-0.022134,9.879965
1755400854756,0.277567,-0.026919,9.868001
1755400854758,0.267996,-0.017348,9.868001
1755400854761,0.248854,-0.007777,9.894321
1755400854763,0.287139,-0.043669,9.896714
1755400854765,0.277567,0.004187,9.88475
1755400854768,0.291924,-0.022134,9.887143
1755400854770,0.270389,-0.041276,9.879965
1755400854773,0.263211,-0.026919,9.911072
1755400854775,0.291924,-0.024526,9.848858
1755400854779,0.303888,-0.031705,9.91825
1755400854781,0.272782,0.016152,9.983155
1755400854783,0.263211,0.008973,9.793823
1755400854786,0.258425,-0.067597,9.815358
1755400854787,0.301496,-0.010169,9.870394
1755400854790,0.251246,0.013759,9.891929
1755400854792,0.277567,-0.019741,9.911072
1755400854794,0.291924,-0.029312,9.899107
1755400854797,0.260818,-0.026919,9.906285
1755400854800,0.263211,0.011366,9.829716
1755400854802,0.287139,-0.010169,9.889536
1755400854804,0.301496,-0.010169,9.784252
1755400854807,0.241675,-0.022134,9.923036
1755400854809,0.301496,-0.005384,9.848858
1755400854811,0.253639,-0.05324,9.853643
1755400854817,0.291924,0.00658,9.899107
1755400854819,0.308674,-0.034098,9.942178
1755400854820,0.265603,-0.010169,9.894321
1755400854822,0.267996,-0.031705,9.952048
1755400854823,0.253639,-0.019741,9.911072
1755400854826,0.265603,-0.007777,9.822537
1755400854828,0.256032,-0.036491,9.949656
1755400854830,0.27996,0.004187,9.719646
1755400854832,0.224925,-0.038883,9.879965
1755400854835,0.303888,0.008973,9.868001
1755400854837,0.256032,-0.038883,9.844072
1755400854840,0.303888,0.004187,9.870394
1755400854842,0.272782,-0.012562,10.002297
1755400854844,0.289532,0.004187,9.88475
1755400854848,0.306281,-0.019741,9.983155
1755400854849,0.260818,-0.007777,9.915857
1755400854852,0.282353,-0.012562,9.765109
1755400854854,0.265603,-0.041276,9.937392
1755400854857,0.301496,0.001795,9.781859
1755400854859,0.244068,-0.007777,9.856036
1755400854861,0.27996,-0.002991,9.872787
1755400854864,0.241675,-0.031705,9.903893
1755400854867,0.294317,0.004187,9.903893
1755400854868,0.272782,-0.007777,9.944571
1755400854871,0.272782,-0.002991,9.903893
1755400854874,0.256032,0.013759,9.839287
1755400854876,0.275175,-0.024526,9.915857
1755400854878,0.289532,-0.005384,9.777073
1755400854882,0.263211,-0.026919,9.887143
1755400854884,0.306281,-0.014955,9.858429
1755400854885,0.253639,-0.048455,9.908679
1755400854888,0.277567,-0.019741,9.930214
1755400854890,0.27996,-0.036491,9.973584
1755400854893,0.244068,-0.014955,9.868001
1755400854895,0.291924,-0.000598,9.801002
1755400854897,0.253639,-0.024526,9.887143
1755400854900,0.282353,0.02333,9.803394
1755400854902,0.270389,-0.043669,9.853643
1755400854904,0.289532,0.013759,9.894321
1755400854907,0.284746,-0.029312,9.973584
1755400854909,0.265603,0.00658,9.925428
1755400854912,0.272782,0.00658,9.879965
1755400854915,0.258425,-0.014955,9.882358
1755400854917,0.284746,-0.010169,9.793823
1755400854919,0.239282,-0.041276,9.882358
1755400854921,0.294317,-0.005384,9.860822
1755400854924,0.299103,-0.034098,9.932607
1755400854926,0.263211,-0.024526,9.999905
1755400854928,0.251246,0.004187,9.836894
1755400854933,0.236889,-0.062812,9.839287
1755400854935,0.308674,0.013759,9.79143
1755400854936,0.275175,-0.058026,9.903893
1755400854938,0.287139,0.018544,10.016655
1755400854940,0.275175,0.013759,9.877572
1755400854943,0.227318,-0.060419,9.906285
1755400854945,0.29671,0.02333,9.772287
1755400854949,0.234497,-0.050847,9.853643
1755400854951,0.260818,-0.007777,9.971191
1755400854953,0.272782,-0.024526,9.863214
1755400854955,0.246461,-0.05324,9.952048
1755400854957,0.275175,0.018544,9.801002
1755400854960,0.241675,-0.031705,9.903893
1755400854962,0.267996,0.02333,9.853643
1755400854966,0.258425,-0.005384,9.860822
1755400854968,0.241675,-0.046062,9.971191
1755400854969,0.284746,-0.034098,9.812965
1755400854971,0.244068,-0.060419,9.949656
1755400854974,0.267996,0.020937,9.753145
1755400854976,0.263211,-0.06999,9.896714
1755400854979,0.315853,-0.007777,9.930214
1755400854981,0.294317,0.02333,9.899107
1755400854984,0.22014,-0.036491,9.939785
1755400854986,0.294317,0.02333,9.755538
1755400854989,0.263211,-0.055633,9.856036
1755400854991,0.291924,0.00658,10.009477
1755400854993,0.275175,-0.002991,9.894321
1755400854995,0.244068,-0.043669,9.9015
1755400854999,0.311067,0.04008,9.772287
1755400855001,0.222533,-0.048455,9.88475
1755400855003,0.284746,-0.000598,10.031012
1755400855005,0.306281,0.008973,9.832108
1755400855007,0.236889,-0.060419,9.863214
1755400855010,0.289532,-0.000598,9.743574
1755400855012,0.265603,-0.048455,9.891929
1755400855015,0.248854,0.001795,10.033404
1755400855018,0.291924,0.02333,9.832108
1755400855019,0.239282,-0.060419,9.853643
1755400855022,0.303888,-0.000598,9.757931
1755400855024,0.270389,-0.050847,9.877572
1755400855027,0.294317,-0.024526,10.050154
1755400855029,0.311067,-0.002991,9.832108
1755400855031,0.263211,-0.06999,9.875179
1755400855034,0.301496,0.001795,9.77468
1755400855036,0.239282,-0.072383,9.836894
1755400855039,0.258425,-0.019741,9.985548
1755400855041,0.311067,-0.007777,9.846465
1755400855044,0.217747,-0.067597,9.964012
1755400855046,0.315853,0.001795,9.781859
1755400855048,0.232104,-0.012562,9.889536
1755400855052,0.294317,-0.005384,9.839287
1755400855053,0.246461,-0.014955,9.923036
1755400855055,0.248854,-0.000598,9.860822
1755400855058,0.251246,-0.046062,9.952048
1755400855061,0.270389,0.011366,9.834501
1755400855063,0.270389,-0.058026,9.956834
1755400855065,0.294317,-0.026919,9.851251
1755400855069,0.263211,-0.05324,9.971191
1755400855070,0.289532,0.011366,9.863214
1755400855072,0.27996,-0.031705,9.920643
1755400855075,0.27996,0.008973,9.875179
1755400855077,0.289532,-0.024526,9.915857
1755400855079,0.27996,-0.012562,9.860822
1755400855082,0.239282,-0.034098,9.870394
1755400855085,0.291924,-0.010169,9.875179
1755400855087,0.327817,-0.072383,9.903893
1755400855089,0.258425,-0.026919,9.870394
1755400855092,0.258425,-0.024526,9.887143
1755400855094,0.282353,-0.026919,9.877572
1755400855096,0.294317,-0.043669,9.889536
1755400855099,0.275175,-0.026919,9.899107
1755400855102,0.303888,-0.024526,9.9015
1755400855104,0.251246,-0.017348,9.947263
1755400855107,0.31346,0.004187,9.851251
1755400855108,0.236889,-0.041276,9.944571
1755400855111,0.287139,-0.002991,9.726824
1755400855113,0.244068,-0.029312,9.964012
1755400855115,0.275175,-0.017348,9.79143
1755400855119,0.195912,-0.046062,9.903893
1755400855121,0.311067,0.035294,9.856036
1755400855123,0.246461,-0.048455,9.865608
1755400855125,0.306281,0.016152,9.894321
1755400855127,0.260818,-0.067597,9.851251
1755400855129,0.289532,-0.034098,9.887143
1755400855132,0.236889,-0.048455,9.894321
1755400855137,0.301496,0.037687,9.879965
1755400855138,0.299103,-0.041276,9.858429
1755400855139,0.275175,-0.002991,9.894321
1755400855143,0.284746,-0.019741,9.887143
1755400855145,0.241675,-0.014955,9.894321
1755400855146,0.303888,-0.005384,9.851251
1755400855149,0.260818,-0.019741,9.944571
1755400855153,0.256032,-0.010169,9.801002
1755400855154,0.241675,-0.043669,9.964012
1755400855157,0.306281,-0.014955,9.810573
1755400855159,0.244068,0.001795,9.973584
1755400855161,0.303888,-0.002991,9.84168
1755400855163,0.263211,0.001795,9.913465
1755400855166,0.323031,0.00658,9.9015
1755400855168,0.272782,0.011366,9.829716
1755400855171,0.29671,-0.026919,9.915857
1755400855173,0.27996,-0.026919,9.815358
1755400855175,0.311067,-0.077169,9.9015
1755400855178,0.256032,-0.000598,9.820144
1755400855180,0.265603,-0.022134,9.932607
1755400855182,0.260818,0.001795,9.879965
1755400855185,0.27996,-0.012562,9.932607
1755400855188,0.260818,0.008973,9.9015
1755400855190,0.258425,0.00658,9.923036
1755400855193,0.263211,-0.007777,9.891929
1755400855195,0.284746,-0.031705,9.91825
1755400855197,0.241675,-0.024526,9.875179
1755400855199,0.239282,-0.005384,9.84168
1755400855201,0.291924,-0.022134,9.891929
1755400855204,0.332602,-0.022134,9.906285
1755400855207,0.270389,-0.036491,9.858429
1755400855210,0.270389,-0.007777,9.796216
1755400855211,0.275175,0.011366,9.987941
1755400855214,0.239282,-0.002991,9.899107
1755400855216,0.270389,-0.022134,9.829716
1755400855219,0.289532,-0.041276,9.887143
1755400855222,0.270389,-0.036491,9.82493
1755400855223,0.272782,-0.036491,9.805787
1755400855226,0.291924,-0.034098,9.827323
1755400855228,0.253639,-0.000598,9.832108
1755400855230,0.260818,-0.017348,9.930214
1755400855233,0.287139,-0.019741,9.939785
1755400855235,0.29671,-0.036491,9.915857
1755400855238,0.291924,0.001795,9.889536
1755400855240,0.27996,-0.026919,9.889536
1755400855242,0.282353,-0.017348,9.79143
1755400855245,0.258425,-0.014955,9.964012
1755400855247,0.227318,-0.014955,9.939785
1755400855249,0.270389,-0.010169,9.741181
1755400855252,0.284746,-0.067597,9.903893
1755400855255,0.294317,-0.019741,9.939785
1755400855258,0.263211,-0.046062,9.829716
1755400855259,0.299103,-0.014955,9.827323
1755400855262,0.256032,-0.002991,10.047761
1755400855264,0.244068,-0.029312,9.927821
1755400855267,0.263211,-0.058026,9.731609
1755400855269,0.277567,-0.046062,9.817751
1755400855271,0.272782,0.001795,9.934999
1755400855274,0.27996,-0.002991,9.97837
1755400855276,0.241675,-0.005384,9.887143
1755400855279,0.291924,-0.019741,9.832108
1755400855281,0.236889,-0.034098,9.891929
1755400855283,0.244068,-0.038883,9.894321
1755400855285,0.287139,0.011366,9.903893
1755400855288,0.294317,-0.031705,9.870394
1755400855290,0.284746,-0.034098,9.856036
1755400855292,0.265603,0.013759,9.925428
1755400855295,0.256032,0.00658,9.863214
1755400855297,0.253639,-0.036491,9.860822
1755400855300,0.272782,-0.048455,9.882358
1755400855302,0.303888,-0.005384,9.91825
1755400855307,0.334995,0.025723,9.879965
1755400855308,0.275175,-0.026919,9.889536
1755400855310,0.289532,-0.005384,9.844072
1755400855312,0.303888,0.018544,9.9015
1755400855315,0.246461,-0.000598,9.879965
1755400855316,0.289532,-0.029312,9.870394
1755400855319,0.282353,-0.014955,9.882358
1755400855324,0.272782,0.016152,9.896714
1755400855325,0.256032,-0.022134,9.894321
1755400855327,0.270389,-0.024526,9.879965
1755400855329,0.270389,-0.005384,9.879965
1755400855331,0.272782,-0.024526,9.875179
1755400855333,0.248854,-0.017348,9.858429
1755400855336,0.282353,0.00658,9.899107
1755400855338,0.248854,-0.000598,9.796216
1755400855341,0.265603,-0.062812,9.961619
1755400855343,0.275175,-0.038883,9.755538
1755400855345,0.258425,0.025723,10.014262
1755400855348,0.289532,-0.017348,9.793823
1755400855350,0.294317,-0.06999,9.882358
1755400855352,0.277567,-0.007777,9.949656
1755400855356,0.275175,0.00658,9.815358
1755400855357,0.287139,-0.062812,9.877572
1755400855360,0.31346,0.016152,9.925428
1755400855363,0.272782,0.025723,9.844072
1755400855364,0.267996,-0.022134,9.858429
1755400855367,0.29671,0.004187,9.954441
1755400855369,0.256032,-0.012562,9.80818
1755400855372,0.277567,-0.048455,9.84168
1755400855376,0.287139,0.016152,9.97837
1755400855377,0.251246,-0.026919,9.820144
1755400855379,0.291924,-0.077169,9.829716
1755400855381,0.270389,-0.007777,9.968799
1755400855384,0.234497,0.011366,9.822537
1755400855386,0.260818,-0.05324,9.894321
1755400855388,0.239282,-0.024526,9.937392
1755400855391,0.265603,-0.010169,9.743574
1755400855393,0.256032,-0.05324,10.033404
1755400855397,0.256032,-0.029312,9.827323
1755400855398,0.287139,0.013759,9.793823
1755400855400,0.260818,-0.012562,9.927821
1755400855403,0.299103,-0.002991,9.851251
1755400855405,0.263211,0.020937,10.016655
1755400855408,0.244068,-0.012562,9.698111
1755400855411,0.282353,-0.05324,9.870394
1755400855413,0.29671,0.037687,9.964012
1755400855415,0.270389,-0.005384,9.801002
1755400855417,0.229711,-0.065204,9.923036
1755400855419,0.277567,0.016152,9.820144
1755400855422,0.258425,-0.012562,9.968799
1755400855425,0.291924,-0.048455,9.77468
1755400855427,0.299103,-0.058026,9.992726
1755400855429,0.246461,0.020937,9.846465
1755400855431,0.251246,0.028116,9.934999
1755400855434,0.229711,-0.024526,9.839287
1755400855437,0.301496,-0.043669,9.865608
1755400855439,0.308674,0.001795,9.875179
1755400855442,0.263211,0.008973,9.882358
1755400855444,0.27996,-0.041276,9.870394
1755400855447,0.299103,-0.055633,9.88475
1755400855448,0.284746,-0.000598,9.891929
1755400855451,0.265603,0.011366,9.870394
1755400855453,0.263211,-0.010169,9.899107
1755400855456,0.267996,-0.022134,9.868001
1755400855459,0.27996,-0.034098,9.879965
1755400855461,0.289532,-0.007777,9.872787
1755400855463,0.260818,-0.031705,9.879965
1755400855465,0.239282,-0.036491,9.891929
1755400855468,0.265603,-0.014955,9.91825
1755400855470,0.253639,-0.022134,9.891929
1755400855472,0.248854,-0.043669,9.896714
1755400855476,0.272782,-0.005384,9.882358
1755400855480,0.291924,-0.043669,9.896714
1755400855481,0.282353,-0.041276,9.911072
1755400855482,0.282353,-0.012562,9.894321
1755400855484,0.289532,-0.002991,9.860822
1755400855486,0.258425,-0.026919,9.858429
1755400855489,0.270389,-0.046062,9.882358
1755400855493,0.270389,-0.05324,9.851251
1755400855496,0.232104,-0.010169,9.865608
1755400855497,0.198604,-0.000598,9.856036
1755400855499,0.241675,-0.012562,9.868001
1755400855501,0.282353,0.018544,9.877572
1755400855503,0.27996,-0.017348,9.860822
1755400855506,0.265603,-0.012562,9.863214
1755400855509,0.270389,0.004187,9.879965
1755400855511,0.258425,-0.010169,9.863214
1755400855513,0.272782,-0.005384,9.872787
1755400855516,0.275175,-0.038883,9.899107
1755400855518,0.289532,0.00658,9.9015
1755400855520,0.294317,-0.022134,9.872787
1755400855522,0.277567,-0.019741,9.920643
1755400855525,0.294317,-0.002991,9.836894
1755400855528,0.248854,-0.019741,9.961619
1755400855530,0.294317,0.04008,9.84168
1755400855532,0.253639,-0.029312,9.961619
1755400855534,0.275175,-0.007777,9.736395
1755400855537,0.267996,-0.026919,9.949656
1755400855539,0.308674,0.008973,9.865608
1755400855543,0.275175,-0.046062,9.839287
1755400855545,0.318245,-0.000598,9.906285
1755400855547,0.232104,-0.012562,9.865608
1755400855549,0.308674,-0.010169,9.870394
1755400855551,0.258425,-0.024526,9.980762
1755400855553,0.287139,-0.000598,9.781859
1755400855556,0.253639,-0.017348,9.954441
1755400855559,0.289532,-0.010169,9.889536
1755400855561,0.256032,-0.036491,9.863214
1755400855564,0.323031,-0.029312,9.851251
1755400855565,0.301496,-0.017348,9.913465
1755400855568,0.244068,-0.017348,9.887143
1755400855572,0.241675,-0.029312,9.88475
1755400855573,0.248854,-0.012562,9.899107
1755400855575,0.275175,-0.022134,9.860822
1755400855578,0.244068,-0.029312,9.9015
1755400855582,0.291924,-0.038883,9.872787
1755400855583,0.251246,-0.014955,9.858429
1755400855585,0.294317,0.00658,9.937392
1755400855587,0.289532,-0.014955,9.848858
1755400855590,0.251246,-0.038883,9.925428
1755400855592,0.29671,-0.024526,9.832108
1755400855595,0.253639,-0.017348,9.956834
1755400855597,0.284746,-0.026919,9.844072
1755400855599,0.27996,-0.000598,9.939785
1755400855601,0.31346,-0.024526,9.834501
1755400855604,0.258425,-0.019741,9.887143
1755400855607,0.265603,-0.05324,9.939785
1755400855609,0.29671,-0.026919,9.803394
1755400855612,0.244068,-0.002991,9.923036
1755400855614,0.277567,0.004187,9.812965
1755400855616,0.232104,-0.005384,9.954441
1755400855619,0.289532,-0.002991,9.822537
1755400855621,0.272782,-0.014955,9.987941
1755400855623,0.289532,-0.010169,9.860822
1755400855625,0.265603,-0.012562,9.894321
1755400855629,0.272782,-0.036491,9.91825
1755400855631,0.265603,-0.017348,9.836894
1755400855633,0.260818,-0.038883,9.925428
1755400855635,0.308674,0.00658,9.82493
1755400855637,0.224925,-0.024526,9.882358
1755400855640,0.287139,-0.014955,9.9015
1755400855642,0.287139,-0.019741,9.968799
1755400855645,0.291924,-0.024526,9.851251
1755400855647,0.275175,-0.031705,9.944571
1755400855650,0.270389,-0.005384,9.793823
1755400855652,0.248854,-0.031705,9.908679
1755400855654,0.289532,-0.055633,9.927821
1755400855657,0.260818,-0.019741,9.817751
1755400855659,0.272782,-0.026919,9.91825
1755400855663,0.253639,-0.007777,9.822537
1755400855665,0.282353,0.013759,9.908679
1755400855667,0.301496,0.011366,9.872787
1755400855669,0.239282,-0.022134,9.987941
1755400855671,0.282353,-0.007777,9.832108
1755400855674,0.27996,-0.012562,9.88475
1755400855676,0.277567,-0.024526,9.915857
1755400855680,0.267996,0.011366,9.844072
1755400855682,0.287139,-0.019741,9.939785
1755400855683,0.291924,-0.005384,9.803394
1755400855685,0.272782,-0.050847,9.956834
1755400855688,0.282353,-0.005384,9.827323
1755400855690,0.244068,-0.005384,9.973584
1755400855693,0.289532,-0.007777,9.820144
1755400855695,0.272782,0.004187,9.939785
1755400855700,0.308674,-0.024526,9.817751
1755400855701,0.277567,-0.026919,9.899107
1755400855702,0.299103,-0.041276,9.915857
1755400855704,0.29671,-0.007777,9.832108
1755400855707,0.308674,-0.022134,9.930214
1755400855709,0.311067,-0.012562,9.798609
1755400855712,0.265603,-0.034098,9.961619
1755400855714,0.303888,0.028116,9.779466
1755400855717,0.272782,-0.022134,9.975977
1755400855719,0.301496,-0.005384,9.817751
1755400855723,0.232104,-0.036491,9.966406
1755400855724,0.299103,-0.010169,9.810573
1755400855726,0.251246,-0.019741,9.97837
1755400855729,0.308674,-0.014955,9.834501
1755400855731,0.246461,-0.010169,9.949656
1755400855733,0.267996,-0.034098,9.805787
1755400855736,0.260818,-0.000598,9.971191
1755400855739,0.294317,-0.017348,9.793823
1755400855741,0.272782,-0.002991,9.949656
1755400855743,0.239282,-0.024526,9.891929
1755400855745,0.232104,-0.024526,9.870394
1755400855749,0.287139,-0.029312,10.002297
1755400855751,0.272782,-0.012562,9.705289
1755400855753,0.244068,-0.041276,10.026226
1755400855755,0.270389,0.004187,9.712467
1755400855757,0.244068,-0.024526,9.964012
1755400855760,0.277567,0.001795,9.82493
1755400855765,0.236889,-0.024526,9.853643
1755400855767,0.287139,0.008973,9.903893
1755400855768,0.239282,-0.007777,9.894321
1755400855770,0.306281,-0.046062,9.84168
1755400855772,0.241675,-0.007777,9.934999
1755400855774,0.263211,-0.005384,9.745967
1755400855776,0.224925,-0.012562,10.002297
1755400855779,0.282353,-0.022134,9.839287
1755400855782,0.294317,-0.002991,9.91825
1755400855784,0.277567,-0.007777,9.959227
1755400855786,0.301496,0.001795,9.803394
1755400855788,0.287139,-0.065204,10.021441
1755400855791,0.294317,0.008973,9.741181
1755400855793,0.258425,-0.019741,9.952048
1755400855795,0.291924,0.001795,9.79143
1755400855799,0.260818,-0.029312,9.903893
1755400855802,0.284746,0.025723,9.887143
1755400855803,0.253639,-0.012562,9.934999
1755400855805,0.291924,-0.022134,9.846465
1755400855807,0.272782,-0.019741,9.966406
1755400855810,0.299103,-0.002991,9.777073
1755400855813,0.244068,-0.034098,9.952048
1755400855816,0.294317,-0.014955,9.851251
1755400855817,0.236889,0.001795,9.913465
1755400855820,0.287139,-0.031705,9.949656
1755400855823,0.284746,-0.024526,9.822537
1755400855824,0.267996,-0.034098,9.961619
1755400855827,0.282353,-0.002991,9.789038
1755400855829,0.258425,-0.055633,9.887143
1755400855833,0.272782,0.00658,9.851251
1755400855835,0.208176,-0.017348,9.91825
1755400855836,0.277567,-0.017348,9.858429
1755400855839,0.251246,0.00658,9.973584
1755400855841,0.275175,-0.012562,9.834501
1755400855844,0.277567,-0.014955,9.956834
1755400855846,0.311067,-0.012562,9.817751
1755400855850,0.284746,0.020937,9.908679
1755400855852,0.301496,-0.034098,9.9015
1755400855853,0.263211,-0.000598,9.887143
1755400855856,0.287139,-0.041276,9.944571
1755400855858,0.270389,-0.036491,9.796216
1755400855860,0.248854,-0.046062,9.954441
1755400855863,0.282353,-0.026919,9.77468
1755400855867,0.246461,-0.031705,9.925428
1755400855870,0.272782,-0.012562,9.784252
1755400855871,0.275175,-0.026919,9.920643
1755400855872,0.320638,0.001795,9.846465
1755400855875,0.246461,-0.007777,9.956834
1755400855877,0.282353,-0.022134,9.827323
1755400855879,0.263211,-0.029312,9.942178
1755400855882,0.301496,-0.005384,9.822537
1755400855885,0.258425,-0.036491,9.879965
1755400855887,0.277567,-0.065204,9.894321
1755400855890,0.248854,-0.012562,9.827323
1755400855891,0.263211,-0.050847,9.930214
1755400855894,0.260818,-0.012562,9.793823
1755400855896,0.248854,-0.046062,9.954441
1755400855899,0.287139,-0.017348,9.801002
1755400855902,0.270389,-0.029312,9.947263
1755400855905,0.327817,-0.000598,9.786645
1755400855906,0.246461,-0.034098,9.980762
1755400855908,0.315853,0.020937,9.779466
1755400855910,0.258425,-0.036491,9.980762
1755400855913,0.299103,-0.022134,9.815358
1755400855916,0.272782,-0.019741,9.947263
1755400855918,0.308674,-0.048455,9.858429
1755400855920,0.260818,0.004187,9.865608
1755400855923,0.260818,-0.017348,9.894321
1755400855926,0.272782,-0.002991,9.834501
1755400855928,0.289532,-0.034098,9.923036
1755400855930,0.251246,-0.014955,9.803394
1755400855933,0.282353,-0.029312,9.939785
1755400855935,0.301496,0.004187,9.810573
1755400855937,0.251246,-0.019741,9.932607
1755400855940,0.270389,0.013759,9.820144
1755400855943,0.263211,0.018544,9.980762
1755400855944,0.287139,-0.000598,9.803394
1755400855947,0.236889,-0.029312,9.927821
1755400855949,0.267996,-0.043669,9.868001
1755400855952,0.272782,-0.012562,9.894321
1755400855954,0.277567,-0.038883,9.877572
1755400855956,0.239282,-0.026919,9.853643
1755400855959,0.270389,-0.048455,9.875179
1755400855961,0.256032,0.008973,9.846465
1755400855963,0.294317,-0.002991,9.937392
1755400855967,0.29671,-0.007777,9.832108
1755400855969,0.260818,-0.034098,9.925428
1755400855971,0.270389,-0.036491,9.846465
1755400855973,0.301496,-0.002991,9.882358
1755400855976,0.284746,-0.026919,9.896714
1755400855978,0.277567,-0.036491,9.846465
1755400855980,0.267996,-0.05324,9.891929
1755400855983,0.272782,-0.055633,9.865608
1755400855985,0.303888,-0.036491,9.908679
1755400855988,0.275175,-0.014955,9.868001
1755400855990,0.301496,-0.024526,9.836894
1755400855992,0.272782,-0.038883,9.913465
1755400855995,0.294317,-0.036491,9.817751
1755400855997,0.260818,-0.017348,9.906285
1755400855999,0.277567,-0.014955,9.860822
1755400856003,0.263211,-0.029312,9.872787
1755400856005,0.291924,-0.036491,9.911072
1755400856007,0.244068,-0.000598,10.00469
1755400856009,0.31346,0.004187,9.710074
1755400856011,0.265603,0.016152,9.932607
1755400856014,0.244068,-0.010169,9.932607
1755400856017,0.272782,-0.024526,9.772287
1755400856020,0.260818,-0.038883,9.975977
1755400856023,0.241675,-0.000598,9.82493
1755400856025,0.267996,-0.055633,9.803394
1755400856026,0.284746,-0.002991,9.966406
1755400856029,0.248854,-0.012562,9.932607
1755400856030,0.248854,-0.022134,9.760324
1755400856033,0.253639,-0.017348,10.033404
1755400856035,0.301496,-0.012562,9.9015
1755400856038,0.267996,-0.038883,9.702896
1755400856040,0.251246,-0.06999,9.908679
1755400856043,0.275175,-0.017348,9.939785
1755400856045,0.267996,-0.000598,9.875179
1755400856047,0.275175,-0.012562,9.772287
1755400856050,0.272782,-0.005384,10.03819
1755400856052,0.246461,-0.007777,9.896714
1755400856055,0.258425,-0.065204,9.690931
1755400856057,0.277567,-0.038883,9.920643
1755400856059,0.272782,-0.000598,9.997512
1755400856062,0.260818,-0.005384,9.836894
1755400856064,0.253639,0.016152,9.779466
1755400856067,0.282353,-0.002991,10.083653
1755400856069,0.289532,-0.029312,9.932607
1755400856072,0.210568,-0.034098,9.674182
1755400856074,0.258425,-0.014955,9.896714
1755400856076,0.260818,-0.005384,10.002297
1755400856079,0.227318,0.011366,9.9015
1755400856081,0.270389,0.008973,9.856036
1755400856083,0.291924,-0.026919,9.848858
1755400856085,0.277567,-0.055633,9.877572
1755400856089,0.267996,0.008973,9.923036
1755400856090,0.267996,0.013759,9.832108
1755400856093,0.277567,0.032901,9.822537
1755400856095,0.258425,0.004187,10.059726
1755400856098,0.239282,-0.024526,9.903893
1755400856100,0.282353,-0.043669,9.796216
1755400856102,0.289532,-0.065204,9.865608
1755400856105,0.31346,-0.026919,9.84168
1755400856107,0.244068,0.028116,10.019048
1755400856109,0.241675,-0.019741,9.889536
1755400856112,0.27996,-0.029312,9.722038
1755400856114,0.275175,-0.055633,9.882358
1755400856117,0.291924,-0.000598,9.954441
1755400856119,0.256032,-0.014955,9.894321
1755400856121,0.229711,0.004187,9.812965
1755400856125,0.311067,0.00658,9.908679
1755400856126,0.284746,-0.024526,9.942178
1755400856130,0.291924,-0.034098,9.889536
1755400856132,0.291924,-0.019741,9.846465
1755400856134,0.270389,-0.000598,9.784252
1755400856136,0.267996,-0.024526,9.987941
1755400856139,0.270389,0.02333,9.975977
1755400856141,0.282353,-0.010169,9.786645
1755400856143,0.27996,-0.050847,9.734002
1755400856145,0.323031,-0.034098,9.882358
1755400856148,0.284746,-0.017348,9.997512
1755400856150,0.267996,0.00658,9.853643
1755400856152,0.275175,-0.022134,9.891929
1755400856156,0.289532,-0.058026,9.877572
1755400856158,0.29671,-0.048455,9.882358
1755400856160,0.248854,-0.038883,9.875179
1755400856162,0.291924,0.004187,9.817751
1755400856164,0.323031,0.004187,9.959227
1755400856167,0.27996,-0.019741,9.877572
1755400856170,0.253639,-0.048455,9.882358
1755400856173,0.303888,-0.062812,9.877572
1755400856177,0.275175,-0.012562,9.860822
1755400856178,0.29671,0.016152,9.920643
1755400856179,0.272782,0.020937,9.891929
1755400856181,0.29671,0.013759,9.879965
1755400856184,0.260818,-0.005384,9.882358
1755400856186,0.29671,-0.005384,9.872787
1755400856190,0.263211,-0.048455,9.899107
1755400856195,0.291924,-0.029312,9.860822
1755400856196,0.27996,-0.012562,9.877572
1755400856198,0.258425,-0.031705,9.832108
1755400856199,0.265603,0.004187,9.894321
1755400856201,0.27996,-0.034098,9.911072
1755400856203,0.253639,-0.022134,9.870394
1755400856207,0.294317,-0.024526,9.894321
1755400856209,0.287139,-0.017348,9.860822
1755400856211,0.272782,-0.005384,9.911072
1755400856212,0.260818,-0.019741,9.9015
1755400856215,0.236889,-0.043669,9.899107
1755400856217,0.318245,-0.010169,9.796216
1755400856220,0.291924,0.001795,9.997512
1755400856222,0.284746,-0.031705,9.923036
1755400856225,0.263211,-0.012562,9.753145
1755400856228,0.263211,-0.019741,9.908679
1755400856229,0.299103,-0.007777,9.954441
1755400856232,0.241675,-0.038883,9.858429
1755400856234,0.272782,-0.017348,9.80818
1755400856236,0.27996,0.008973,10.023833
1755400856239,0.282353,-0.050847,9.894321
1755400856242,0.241675,-0.062812,9.734002
1755400856244,0.239282,-0.002991,9.908679
1755400856246,0.275175,0.00658,9.956834
1755400856249,0.267996,-0.010169,9.851251
1755400856251,0.270389,0.016152,9.875179
1755400856253,0.27996,-0.031705,9.906285
1755400856256,0.308674,-0.036491,9.856036
1755400856258,0.277567,-0.026919,9.870394
1755400856260,0.275175,-0.029312,9.879965
1755400856263,0.258425,0.004187,9.779466
1755400856265,0.263211,0.001795,10.026226
1755400856268,0.270389,-0.022134,9.875179
1755400856270,0.253639,-0.036491,9.729217
1755400856272,0.258425,-0.058026,9.858429
1755400856275,0.289532,0.016152,9.899107
1755400856277,0.265603,0.020937,9.925428
1755400856280,0.323031,0.032901,9.913465
1755400856282,0.284746,-0.017348,9.810573
1755400856284,0.287139,-0.026919,9.844072
1755400856287,0.277567,-0.019741,9.942178
1755400856289,0.301496,-0.014955,9.84168
1755400856292,0.248854,0.016152,9.786645
1755400856294,0.260818,0.001795,10.026226
1755400856296,0.270389,-0.046062,9.923036
1755400856299,0.270389,-0.017348,9.74836
1755400856301,0.27996,-0.036491,9.894321
1755400856304,0.256032,0.020937,9.870394
1755400856306,0.263211,0.028116,9.911072
1755400856309,0.29671,0.011366,9.906285
1755400856311,0.277567,-0.034098,9.858429
1755400856313,0.265603,-0.043669,9.789038
1755400856315,0.251246,-0.055633,9.915857
1755400856318,0.287139,-0.029312,9.985548
1755400856320,0.27996,0.004187,9.757931
1755400856323,0.27996,-0.005384,9.973584
1755400856325,0.27996,-0.017348,9.997512
1755400856328,0.27996,-0.041276,9.882358
1755400856330,0.244068,-0.050847,9.710074
1755400856333,0.282353,-0.002991,9.973584
1755400856335,0.284746,-0.017348,9.930214
1755400856337,0.308674,0.025723,9.777073
1755400856339,0.275175,-0.007777,9.923036
1755400856345,0.284746,-0.043669,9.934999
1755400856346,0.253639,-0.010169,9.729217
1755400856348,0.308674,-0.017348,9.920643
1755400856349,0.299103,0.004187,9.923036
1755400856352,0.272782,0.001795,9.889536
1755400856354,0.27996,-0.024526,10.007083
1755400856356,0.287139,-0.017348,9.789038
1755400856360,0.270389,-0.012562,9.856036
1755400856362,0.27996,0.00658,9.872787
1755400856364,0.251246,-0.002991,9.911072
1755400856366,0.234497,0.008973,9.789038
1755400856369,0.260818,-0.022134,9.896714
1755400856371,0.244068,-0.022134,9.772287
1755400856373,0.287139,-0.007777,9.966406
1755400856377,0.267996,-0.002991,9.971191
1755400856378,0.272782,-0.012562,9.906285
1755400856380,0.263211,0.004187,9.899107
1755400856383,0.267996,-0.024526,9.832108
1755400856385,0.251246,-0.012562,9.832108
1755400856388,0.253639,-0.007777,9.88475
1755400856390,0.272782,-0.000598,9.88475
1755400856394,0.282353,-0.031705,9.903893
1755400856395,0.256032,-0.031705,9.959227
1755400856397,0.275175,-0.055633,9.772287
1755400856399,0.260818,-0.005384,9.868001
1755400856402,0.291924,-0.000598,9.887143
1755400856405,0.248854,-0.010169,9.882358
1755400856407,0.272782,-0.041276,9.973584
1755400856409,0.323031,-0.041276,9.796216
1755400856412,0.272782,-0.007777,9.932607
1755400856414,0.260818,0.013759,9.860822
1755400856416,0.301496,-0.002991,9.911072
1755400856419,0.27996,-0.034098,9.82493
1755400856421,0.289532,-0.022134,9.9015
1755400856423,0.29671,-0.043669,9.812965
1755400856426,0.284746,-0.010169,9.920643
1755400856429,0.282353,-0.046062,9.939785
1755400856431,0.289532,-0.019741,9.839287
1755400856433,0.258425,-0.007777,9.853643
1755400856435,0.282353,-0.036491,9.937392
1755400856440,0.284746,-0.010169,9.822537
1755400856441,0.256032,-0.019741,9.896714
1755400856443,0.267996,0.001795,9.891929
1755400856446,0.263211,-0.050847,9.911072
1755400856448,0.277567,-0.038883,9.868001
1755400856451,0.244068,-0.007777,9.839287
1755400856453,0.246461,0.011366,9.817751
1755400856455,0.256032,0.004187,9.944571
1755400856457,0.263211,-0.005384,9.939785
1755400856459,0.294317,-0.043669,9.846465
1755400856463,0.258425,-0.022134,9.894321
1755400856464,0.27996,-0.024526,9.908679
1755400856466,0.284746,-0.036491,9.829716
1755400856469,0.256032,-0.014955,9.949656
1755400856471,0.284746,0.028116,9.872787
1755400856474,0.270389,-0.000598,9.915857
1755400856476,0.275175,-0.014955,9.860822
1755400856479,0.272782,-0.007777,9.887143
1755400856481,0.258425,-0.017348,9.903893
1755400856483,0.251246,0.001795,9.846465
1755400856486,0.282353,0.016152,9.920643
1755400856488,0.258425,0.001795,9.84168
1755400856491,0.265603,0.004187,9.908679
1755400856493,0.282353,-0.002991,9.868001
1755400856496,0.253639,-0.034098,9.853643
1755400856498,0.239282,-0.022134,9.870394
1755400856501,0.248854,0.001795,9.887143
1755400856503,0.241675,-0.024526,9.949656
1755400856505,0.251246,0.001795,9.810573
1755400856507,0.272782,-0.014955,9.891929
1755400856509,0.251246,-0.031705,9.891929
1755400856512,0.258425,-0.05324,9.815358
1755400856514,0.246461,-0.038883,9.865608
1755400856517,0.263211,-0.010169,9.872787
1755400856520,0.258425,-0.024526,9.932607
1755400856522,0.260818,0.020937,9.889536
1755400856524,0.258425,-0.002991,9.879965
1755400856526,0.27996,-0.029312,9.870394
1755400856530,0.263211,-0.026919,9.896714
1755400856532,0.275175,-0.022134,9.932607
1755400856534,0.267996,-0.019741,9.848858
1755400856536,0.251246,-0.014955,9.932607
1755400856538,0.270389,-0.024526,9.88475
1755400856542,0.27996,-0.038883,9.879965
1755400856543,0.260818,-0.046062,9.872787
1755400856547,0.27996,0.008973,9.868001
1755400856549,0.287139,0.018544,9.952048
1755400856551,0.306281,-0.046062,9.856036
1755400856553,0.275175,-0.010169,9.9015
1755400856555,0.244068,-0.024526,9.877572
1755400856558,0.284746,0.008973,9.836894
1755400856560,0.272782,-0.014955,9.964012
1755400856562,0.272782,-0.022134,9.822537
1755400856565,0.248854,0.008973,9.932607
1755400856568,0.265603,0.030508,9.899107
1755400856570,0.267996,-0.007777,9.846465
1755400856572,0.284746,-0.055633,9.817751
1755400856574,0.241675,-0.010169,9.848858
1755400856577,0.270389,-0.002991,9.939785
1755400856579,0.277567,0.030508,9.777073
1755400856582,0.253639,0.004187,9.944571
1755400856584,0.248854,-0.026919,9.97837
1755400856587,0.270389,-0.019741,9.805787
1755400856588,0.253639,-0.041276,9.760324
1755400856591,0.277567,-0.017348,9.920643
1755400856593,0.253639,0.016152,9.997512
1755400856596,0.251246,0.028116,9.820144
1755400856599,0.263211,-0.010169,9.877572
1755400856601,0.265603,-0.060419,9.868001
1755400856603,0.291924,-0.05324,9.853643
1755400856605,0.301496,-0.017348,9.889536
1755400856608,0.289532,-0.005384,9.817751
1755400856610,0.246461,0.011366,9.975977
1755400856613,0.267996,-0.002991,9.944571
1755400856616,0.291924,-0.012562,9.815358
1755400856618,0.267996,-0.062812,9.779466
1755400856620,0.284746,-0.048455,9.896714
1755400856622,0.260818,-0.019741,9.961619
1755400856625,0.253639,0.042473,9.882358
1755400856627,0.282353,0.00658,9.934999
1755400856629,0.253639,-0.079561,9.82493
1755400856632,0.244068,-0.058026,9.879965
1755400856634,0.289532,-0.010169,9.91825
1755400856637,0.260818,-0.019741,9.88475
1755400856639,0.270389,-0.034098,9.887143
1755400856642,0.263211,-0.050847,9.906285
1755400856644,0.294317,-0.014955,9.88475
1755400856646,0.246461,-0.024526,9.908679
1755400856649,0.284746,-0.002991,9.863214
1755400856651,0.267996,-0.038883,9.923036
1755400856653,0.251246,0.02333,9.887143
1755400856656,0.258425,-0.010169,9.915857
1755400856659,0.29671,0.001795,9.870394
1755400856660,0.267996,-0.050847,9.903893
1755400856663,0.246461,-0.012562,9.877572
1755400856666,0.241675,-0.024526,9.88475
1755400856668,0.282353,-0.031705,9.882358
1755400856670,0.272782,-0.031705,9.889536
1755400856673,0.248854,-0.019741,9.870394
1755400856675,0.253639,-0.007777,9.858429
1755400856677,0.239282,-0.014955,9.930214
1755400856680,0.31346,-0.007777,9.915857
1755400856683,0.248854,-0.010169,9.817751
1755400856687,0.315853,-0.050847,9.769895
1755400856688,0.215354,0.001795,9.700503
1755400856690,0.227318,0.05683,10.086046
1755400856692,0.248854,-0.022134,9.817751
1755400856694,0.284746,-0.077169,10.066904
1755400856696,0.232104,-0.029312,9.693324
1755400856700,0.306281,-0.046062,9.781859
1755400856702,0.358923,-0.036491,10.014262
1755400856705,0.277567,-0.010169,9.863214
1755400856706,0.361316,-0.062812,9.851251
1755400856708,0.327817,-0.036491,10.002297
1755400856711,0.339781,-0.019741,9.980762
1755400856713,0.311067,-0.024526,9.899107
1755400856717,0.287139,-0.048455,9.827323
1755400856719,0.323031,-0.024526,9.899107
1755400856720,0.236889,-0.024526,9.856036
1755400856723,0.284746,0.001795,10.042975
1755400856725,0.248854,-0.007777,9.930214
1755400856728,0.282353,-0.024526,9.9015
1755400856730,0.22014,-0.007777,9.863214
1755400856734,0.222533,-0.029312,9.882358
1755400856735,0.275175,-0.029312,9.915857
1755400856737,0.272782,-0.046062,9.879965
1755400856740,0.253639,-0.019741,9.865608
1755400856743,0.239282,-0.007777,9.879965
1755400856745,0.244068,-0.005384,9.882358
1755400856747,0.217747,-0.010169,9.88475
1755400856751,0.229711,-0.041276,9.865608
1755400856752,0.256032,-0.000598,9.868001
1755400856754,0.253639,0.004187,9.889536
1755400856756,0.260818,-0.017348,9.896714
1755400856759,0.270389,-0.005384,9.882358
1755400856761,0.287139,-0.000598,9.879965
1755400856764,0.27996,-0.000598,9.889536
1755400856766,0.291924,-0.012562,9.882358
1755400856769,0.253639,-0.048455,9.887143
1755400856771,0.272782,-0.041276,9.879965
1755400856773,0.267996,-0.019741,9.879965
1755400856776,0.289532,-0.014955,9.891929
1755400856778,0.294317,-0.019741,9.894321
1755400856782,0.291924,-0.000598,9.887143
1755400856783,0.277567,-0.010169,9.872787
1755400856786,0.277567,-0.029312,9.9015
1755400856788,0.234497,-0.022134,9.891929
1755400856791,0.282353,-0.014955,9.868001
1755400856792,0.27996,-0.024526,9.865608
1755400856795,0.29671,-0.019741,9.899107
1755400856797,0.272782,-0.019741,9.877572
1755400856799,0.248854,-0.010169,9.868001
1755400856802,0.251246,-0.034098,9.891929
1755400856804,0.244068,-0.012562,9.899107
1755400856807,0.270389,-0.005384,9.896714
1755400856809,0.260818,-0.024526,9.872787
1755400856812,0.253639,-0.019741,9.877572
1755400856814,0.236889,-0.012562,9.877572
1755400856816,0.258425,-0.017348,9.879965
1755400856820,0.294317,-0.029312,9.899107
1755400856823,0.253639,-0.026919,9.872787
1755400856824,0.248854,-0.026919,9.868001
1755400856826,0.291924,-0.036491,9.877572
1755400856828,0.282353,-0.012562,9.829716
1755400856831,0.284746,0.00658,9.911072
1755400856833,0.29671,0.00658,9.915857
1755400856835,0.270389,-0.029312,9.786645
1755400856838,0.270389,-0.002991,9.973584
1755400856840,0.272782,-0.038883,10.016655
1755400856843,0.29671,-0.026919,9.781859
1755400856845,0.265603,-0.036491,9.772287
1755400856848,0.311067,0.020937,9.815358
1755400856850,0.284746,-0.046062,9.968799
1755400856852,0.270389,-0.014955,9.872787
1755400856855,0.239282,-0.026919,9.930214
1755400856857,0.270389,0.011366,9.9015
1755400856860,0.236889,-0.024526,9.956834
1755400856862,0.291924,-0.019741,9.700503
1755400856864,0.270389,-0.055633,9.990334
1755400856867,0.256032,0.001795,9.736395
1755400856870,0.239282,-0.022134,9.882358
1755400856872,0.31346,0.001795,9.868001
1755400856874,0.265603,-0.048455,10.126724
1755400856877,0.318245,-0.029312,9.786645
1755400856879,0.265603,-0.014955,9.851251
1755400856881,0.294317,-0.019741,9.903893
1755400856883,0.282353,0.001795,9.879965
1755400856887,0.27996,-0.036491,9.786645
1755400856890,0.29671,-0.031705,9.999905
1755400856892,0.291924,-0.024526,9.959227
1755400856893,0.275175,-0.007777,9.860822
1755400856895,0.241675,-0.055633,9.954441
1755400856898,0.289532,0.013759,9.705289
1755400856900,0.251246,-0.022134,9.803394
1755400856904,0.282353,-0.005384,9.894321
1755400856906,0.260818,-0.022134,10.064511
1755400856907,0.282353,-0.022134,9.836894
1755400856910,0.263211,-0.019741,9.834501
1755400856912,0.284746,-0.050847,9.872787
1755400856915,0.251246,-0.019741,9.860822
1755400856917,0.270389,-0.014955,9.734002
1755400856919,0.260818,-0.005384,10.023833
1755400856922,0.299103,-0.012562,10.040583
1755400856924,0.253639,-0.002991,9.762716
1755400856926,0.260818,-0.024526,9.767502
1755400856929,0.306281,0.00658,9.786645
1755400856931,0.282353,-0.012562,9.939785
1755400856934,0.29671,-0.012562,10.011869
1755400856936,0.248854,-0.029312,9.934999
1755400856939,0.265603,-0.010169,9.786645
1755400856941,0.232104,-0.026919,9.827323
1755400856945,0.29671,-0.019741,9.865608
1755400856946,0.282353,0.013759,9.956834
1755400856948,0.299103,-0.005384,9.844072
1755400856951,0.244068,-0.014955,9.997512
1755400856953,0.29671,-0.029312,9.987941
1755400856956,0.282353,-0.014955,9.65504
1755400856958,0.272782,-0.036491,9.863214
1755400856960,0.284746,-0.012562,9.882358
1755400856963,0.263211,-0.050847,9.91825
1755400856965,0.294317,-0.007777,10.002297
1755400856967,0.258425,-0.029312,9.865608
1755400856969,0.308674,-0.022134,9.750752
1755400856972,0.239282,-0.019741,9.930214
1755400856974,0.284746,-0.012562,9.820144
1755400856977,0.29671,0.001795,9.980762
1755400856979,0.275175,-0.034098,9.942178
1755400856982,0.22014,-0.017348,9.805787
1755400856984,0.251246,-0.005384,9.877572
1755400856986,0.287139,0.00658,9.856036
1755400856989,0.27996,0.001795,9.927821
1755400856991,0.251246,-0.005384,9.851251
1755400856993,0.277567,0.008973,9.894321
1755400856996,0.282353,-0.036491,9.844072
1755400856998,0.289532,-0.022134,9.896714
1755400857001,0.287139,0.008973,9.860822
1755400857003,0.303888,-0.019741,9.865608
1755400857006,0.248854,-0.019741,9.899107
1755400857008,0.27996,-0.017348,9.865608
1755400857011,0.272782,-0.034098,9.911072
1755400857013,0.318245,-0.017348,9.882358
1755400857015,0.294317,-0.038883,9.877572
1755400857018,0.246461,-0.029312,9.872787
1755400857020,0.239282,-0.041276,9.877572
1755400857023,0.289532,-0.026919,9.88475
1755400857026,0.256032,-0.007777,9.872787
1755400857027,0.291924,-0.014955,9.91825
1755400857030,0.270389,-0.026919,9.879965
1755400857032,0.267996,-0.014955,9.856036
1755400857034,0.287139,-0.017348,9.911072
1755400857037,0.301496,-0.007777,9.879965
1755400857040,0.258425,-0.041276,9.896714
1755400857042,0.263211,-0.019741,9.865608
1755400857044,0.287139,-0.010169,9.877572
1755400857047,0.27996,-0.024526,9.84168
1755400857049,0.248854,0.00658,9.983155
1755400857052,0.299103,0.044865,9.810573
1755400857054,0.267996,-0.038883,9.920643
1755400857057,0.29671,-0.007777,9.798609
1755400857059,0.260818,-0.007777,9.992726
1755400857061,0.275175,0.037687,9.793823
1755400857063,0.208176,-0.067597,9.956834
1755400857066,0.275175,-0.000598,9.805787
1755400857068,0.248854,-0.038883,9.975977
1755400857071,0.289532,-0.005384,9.793823
1755400857074,0.224925,-0.046062,9.964012
1755400857077,0.301496,0.008973,9.772287
1755400857079,0.217747,-0.024526,9.954441
1755400857080,0.31346,0.001795,9.803394
1755400857083,0.275175,-0.043669,9.961619
1755400857085,0.303888,-0.026919,9.817751
1755400857087,0.22014,-0.005384,9.947263
1755400857091,0.256032,-0.019741,9.815358
1755400857093,0.256032,-0.046062,9.971191
1755400857094,0.325424,-0.014955,9.853643
1755400857097,0.229711,-0.002991,9.930214
1755400857099,0.287139,-0.019741,9.894321
1755400857102,0.248854,-0.014955,9.896714
1755400857104,0.318245,-0.026919,9.913465
1755400857108,0.260818,0.013759,9.832108
1755400857110,0.236889,-0.046062,9.908679
1755400857111,0.294317,-0.002991,9.827323
1755400857114,0.272782,-0.065204,9.891929
1755400857116,0.284746,0.018544,9.801002
1755400857118,0.272782,-0.024526,9.879965
1755400857121,0.284746,-0.012562,9.79143
1755400857123,0.241675,-0.041276,9.990334
1755400857125,0.287139,-0.014955,9.772287
1755400857129,0.229711,-0.017348,9.995119
1755400857130,0.294317,-0.017348,9.777073
1755400857133,0.224925,-0.036491,9.903893
1755400857135,0.246461,-0.002991,9.942178
1755400857137,0.253639,-0.024526,9.793823
1755400857140,0.287139,-0.007777,9.985548
1755400857144,0.272782,0.02333,9.753145
1755400857145,0.270389,-0.031705,9.868001
1755400857147,0.256032,-0.017348,9.9015
1755400857150,0.258425,-0.007777,9.851251
1755400857152,0.282353,-0.002991,9.975977
1755400857155,0.251246,0.004187,9.82493
1755400857157,0.27996,0.018544,9.815358
1755400857159,0.256032,-0.002991,9.966406
1755400857161,0.246461,-0.017348,9.894321
1755400857163,0.284746,-0.026919,9.899107
1755400857166,0.282353,-0.05324,9.934999
1755400857168,0.275175,-0.010169,9.707682
1755400857171,0.277567,-0.012562,9.858429
1755400857173,0.284746,-0.012562,9.947263
1755400857177,0.277567,-0.05324,9.927821
1755400857178,0.272782,-0.046062,9.908679
1755400857181,0.263211,-0.000598,9.796216
1755400857183,0.318245,-0.002991,9.741181
1755400857185,0.224925,0.004187,10.016655
1755400857188,0.222533,-0.014955,9.84168
1755400857190,0.251246,-0.010169,9.903893
1755400857193,0.27996,-0.038883,9.975977
1755400857195,0.291924,-0.007777,9.726824
1755400857197,0.248854,-0.034098,9.932607
1755400857200,0.277567,-0.002991,9.896714
1755400857202,0.248854,-0.026919,9.932607
1755400857204,0.272782,-0.007777,9.810573
1755400857207,0.244068,-0.060419,9.956834
1755400857210,0.294317,-0.019741,9.827323
1755400857212,0.306281,0.00658,9.908679
1755400857214,0.318245,0.001795,9.908679
1755400857216,0.270389,-0.026919,9.865608
1755400857219,0.267996,-0.043669,9.889536
1755400857221,0.246461,-0.022134,9.879965
1755400857224,0.251246,-0.038883,9.870394
1755400857228,0.251246,-0.017348,9.853643
1755400857230,0.275175,-0.046062,9.877572
1755400857231,0.253639,-0.017348,9.872787
1755400857233,0.275175,-0.034098,9.889536
1755400857235,0.284746,-0.036491,9.863214
1755400857238,0.270389,-0.019741,9.882358
1755400857241,0.270389,0.00658,9.863214
1755400857244,0.248854,-0.014955,9.877572
1755400857247,0.277567,0.028116,9.891929
1755400857248,0.291924,-0.010169,9.939785
1755400857250,0.265603,-0.031705,9.942178
1755400857252,0.244068,-0.022134,9.82493
1755400857255,0.299103,-0.002991,9.942178
1755400857258,0.248854,0.00658,10.00469
1755400857260,0.272782,0.011366,9.762716
1755400857263,0.253639,-0.05324,9.920643
1755400857264,0.287139,-0.043669,9.836894
1755400857267,0.267996,-0.026919,9.856036
1755400857269,0.29671,-0.000598,9.896714
1755400857271,0.236889,-0.034098,9.956834
1755400857274,0.27996,-0.031705,9.789038
1755400857276,0.253639,-0.002991,9.985548
1755400857279,0.282353,-0.014955,9.789038
1755400857281,0.244068,-0.024526,9.942178
1755400857283,0.291924,-0.005384,10.007083
1755400857286,0.244068,0.018544,9.812965
1755400857288,0.251246,-0.046062,9.875179
1755400857291,0.253639,-0.010169,9.853643
1755400857293,0.256032,-0.014955,9.810573
1755400857296,0.287139,-0.010169,9.88475
1755400857298,0.291924,-0.036491,10.016655
1755400857301,0.287139,-0.007777,9.738789
1755400857303,0.267996,-0.029312,9.939785
1755400857305,0.327817,-0.014955,9.961619
1755400857308,0.275175,-0.017348,9.82493
1755400857312,0.29671,-0.038883,9.908679
1755400857314,0.248854,-0.010169,9.834501
1755400857315,0.267996,-0.031705,9.810573
1755400857317,0.301496,-0.024526,9.899107
1755400857319,0.282353,-0.005384,9.97837
1755400857322,0.265603,0.004187,9.77468
1755400857324,0.260818,0.020937,9.959227
1755400857327,0.291924,0.018544,9.947263
1755400857329,0.267996,-0.031705,9.781859
1755400857331,0.27996,-0.060419,9.784252
1755400857334,0.306281,-0.026919,9.925428
1755400857336,0.267996,0.037687,9.97837
1755400857339,0.29671,0.008973,9.863214
1755400857341,0.289532,-0.012562,9.879965
1755400857344,0.265603,-0.048455,9.80818
1755400857347,0.248854,0.011366,9.84168
1755400857348,0.246461,-0.026919,9.911072
1755400857353,0.277567,-0.010169,9.911072
1755400857354,0.284746,0.004187,9.865608
1755400857355,0.229711,-0.005384,9.834501
1755400857358,0.277567,-0.007777,9.851251
1755400857361,0.284746,-0.031705,9.851251
1755400857363,0.308674,0.001795,9.879965
1755400857365,0.258425,-0.007777,9.9015
1755400857367,0.256032,-0.046062,9.887143
1755400857370,0.277567,-0.019741,9.887143
1755400857374,0.251246,-0.041276,9.889536
1755400857375,0.265603,-0.019741,9.887143
1755400857377,0.265603,-0.036491,9.872787
1755400857382,0.232104,-0.012562,9.882358
1755400857384,0.265603,-0.038883,9.875179
1755400857384,0.27996,-0.012562,9.887143
1755400857387,0.29671,-0.041276,9.887143
1755400857389,0.248854,-0.036491,9.882358
1755400857392,0.270389,-0.014955,9.879965
1755400857394,0.253639,-0.022134,9.872787
1755400857396,0.258425,-0.026919,9.88475
1755400857399,0.303888,0.016152,9.882358
1755400857401,0.29671,-0.012562,9.889536
1755400857403,0.275175,-0.000598,9.887143
1755400857406,0.29671,0.001795,9.875179
1755400857408,0.284746,-0.012562,9.868001
1755400857410,0.311067,-0.010169,9.894321
1755400857413,0.241675,0.001795,9.882358
1755400857416,0.239282,-0.026919,9.88475
1755400857418,0.275175,-0.038883,9.906285
1755400857420,0.287139,-0.048455,9.894321
1755400857423,0.263211,-0.022134,9.889536
1755400857425,0.27996,-0.017348,9.863214
1755400857427,0.267996,-0.017348,9.889536
1755400857431,0.275175,-0.026919,9.875179
1755400857433,0.258425,-0.019741,9.870394
1755400857434,0.265603,-0.019741,9.896714
1755400857437,0.260818,-0.012562,9.894321
1755400857439,0.284746,-0.036491,9.887143
1755400857442,0.253639,-0.019741,9.879965
1755400857444,0.260818,-0.000598,9.865608
1755400857449,0.265603,-0.002991,9.863214
1755400857451,0.282353,-0.026919,9.887143
1755400857451,0.263211,-0.012562,9.88475
1755400857454,0.318245,-0.005384,9.863214
1755400857456,0.306281,-0.000598,9.877572
1755400857459,0.301496,-0.002991,9.879965
1755400857462,0.251246,-0.000598,9.920643
1755400857465,0.294317,-0.048455,9.736395
1755400857467,0.260818,-0.065204,9.932607
1755400857469,0.265603,-0.019741,9.894321
1755400857471,0.248854,-0.067597,9.88475
1755400857474,0.289532,-0.014955,9.887143
1755400857475,0.253639,-0.017348,9.815358
1755400857478,0.318245,0.00658,9.949656
1755400857480,0.270389,-0.038883,9.868001
1755400857483,0.29671,-0.012562,9.872787
1755400857485,0.265603,-0.046062,9.82493
1755400857487,0.318245,-0.005384,9.911072
1755400857490,0.256032,-0.05324,10.095618
1755400857492,0.325424,-0.005384,9.657433
1755400857495,0.284746,-0.022134,10.086046
1755400857497,0.277567,0.011366,9.71486
1755400857500,0.272782,-0.031705,10.007083
1755400857502,0.323031,0.008973,9.767502
1755400857504,0.248854,-0.012562,9.899107
1755400857507,0.31346,0.001795,9.846465
1755400857509,0.263211,-0.012562,9.875179
1755400857511,0.344566,-0.010169,9.875179
1755400857514,0.236889,-0.005384,9.915857
1755400857516,0.320638,-0.024526,9.836894
1755400857519,0.260818,-0.019741,9.973584
1755400857521,0.303888,-0.019741,9.872787
1755400857523,0.222533,-0.038883,9.954441
1755400857526,0.306281,-0.038883,9.863214
1755400857528,0.267996,0.008973,9.932607
1755400857530,0.27996,-0.026919,9.882358
1755400857533,0.260818,-0.007777,9.853643
1755400857535,0.277567,-0.014955,9.913465
1755400857538,0.248854,0.00658,9.812965
1755400857541,0.263211,-0.041276,9.870394
1755400857543,0.301496,-0.000598,9.860822
1755400857545,0.256032,-0.019741,9.846465
1755400857547,0.27996,0.013759,9.956834
1755400857550,0.277567,-0.029312,9.887143
1755400857552,0.301496,-0.002991,9.858429
1755400857555,0.275175,-0.034098,9.920643
1755400857558,0.301496,-0.002991,9.753145
1755400857559,0.27996,-0.022134,9.920643
1755400857562,0.287139,-0.005384,9.829716
1755400857565,0.263211,-0.012562,9.995119
1755400857568,0.277567,0.008973,9.839287
1755400857569,0.258425,-0.007777,9.915857
1755400857571,0.272782,-0.002991,9.839287
1755400857574,0.299103,-0.014955,9.875179
1755400857577,0.299103,-0.019741,9.913465
1755400857579,0.229711,-0.002991,9.870394
1755400857581,0.234497,-0.024526,9.889536
1755400857585,0.275175,-0.017348,9.860822
1755400857586,0.258425,-0.034098,9.908679
1755400857589,0.267996,-0.000598,9.82493
1755400857590,0.263211,-0.017348,9.903893
1755400857593,0.267996,0.028116,9.846465
1755400857595,0.244068,-0.029312,9.911072
1755400857598,0.277567,-0.024526,9.865608
1755400857601,0.234497,-0.031705,9.913465
1755400857603,0.303888,-0.024526,9.889536
1755400857605,0.284746,-0.002991,9.868001
1755400857607,0.272782,0.008973,9.91825
1755400857610,0.265603,-0.005384,9.877572
1755400857612,0.267996,-0.026919,9.939785
1755400857614,0.265603,-0.024526,9.853643
1755400857617,0.270389,-0.019741,9.937392
1755400857619,0.291924,-0.000598,9.817751
1755400857622,0.263211,-0.017348,9.930214
1755400857624,0.260818,-0.010169,9.834501
1755400857627,0.232104,-0.026919,9.891929
1755400857629,0.301496,0.004187,9.906285
1755400857631,0.258425,-0.026919,9.896714
1755400857636,0.294317,-0.017348,9.887143
1755400857637,0.258425,-0.012562,9.934999
1755400857639,0.272782,-0.019741,9.853643
1755400857641,0.256032,-0.012562,9.944571
1755400857643,0.265603,-0.007777,9.860822
1755400857645,0.239282,-0.043669,9.894321
1755400857648,0.284746,-0.017348,9.932607
1755400857650,0.256032,-0.024526,9.82493
1755400857653,0.260818,-0.026919,9.927821
1755400857656,0.308674,-0.022134,9.827323
1755400857657,0.263211,-0.031705,9.923036
1755400857660,0.289532,-0.000598,9.82493
1755400857662,0.210568,-0.002991,9.983155
1755400857664,0.29671,-0.024526,9.829716
1755400857668,0.251246,-0.014955,9.964012
1755400857670,0.299103,-0.024526,9.820144
1755400857672,0.267996,-0.022134,9.934999
1755400857675,0.267996,-0.024526,9.865608
1755400857677,0.299103,-0.014955,9.868001
1755400857679,0.282353,-0.029312,9.927821
1755400857682,0.244068,0.00658,9.822537
1755400857684,0.246461,-0.038883,9.925428
1755400857687,0.306281,-0.007777,9.829716
1755400857689,0.253639,-0.024526,9.937392
1755400857691,0.272782,0.011366,9.84168
1755400857694,0.284746,-0.036491,9.937392
1755400857696,0.275175,-0.060419,9.82493
1755400857698,0.265603,-0.036491,9.906285
1755400857703,0.272782,-0.031705,9.899107
1755400857704,0.265603,-0.019741,9.801002
1755400857707,0.256032,-0.024526,9.899107
1755400857708,0.31346,-0.005384,9.820144
1755400857711,0.236889,-0.024526,9.911072
1755400857712,0.284746,-0.012562,9.84168
1755400857715,0.256032,0.011366,9.934999
1755400857718,0.308674,0.018544,9.805787
1755400857721,0.275175,-0.029312,9.937392
1755400857723,0.270389,-0.038883,9.896714
1755400857725,0.258425,-0.031705,9.856036
1755400857727,0.256032,-0.026919,9.947263
1755400857729,0.258425,0.008973,9.796216
1755400857732,0.275175,-0.048455,9.875179
1755400857734,0.289532,-0.029312,9.889536
1755400857738,0.256032,-0.010169,9.975977
1755400857739,0.272782,-0.000598,9.798609
1755400857742,0.253639,-0.002991,9.920643
1755400857744,0.267996,-0.024526,9.915857
1755400857746,0.248854,-0.000598,9.815358
1755400857749,0.251246,-0.010169,9.88475
1755400857751,0.289532,-0.031705,9.851251
1755400857754,0.239282,-0.029312,9.896714
1755400857756,0.253639,-0.026919,9.839287
1755400857759,0.229711,0.00658,9.952048
1755400857761,0.253639,-0.017348,9.853643
1755400857763,0.267996,0.008973,9.887143
1755400857765,0.301496,-0.050847,9.889536
1755400857768,0.272782,-0.026919,9.832108
1755400857771,0.234497,-0.041276,9.887143
1755400857773,0.263211,-0.022134,9.865608
1755400857775,0.287139,-0.012562,9.971191
1755400857778,0.291924,-0.007777,9.877572
1755400857779,0.272782,-0.046062,9.899107
1755400857782,0.299103,-0.029312,9.891929
1755400857784,0.263211,-0.031705,9.870394
1755400857789,0.263211,-0.014955,9.863214
1755400857790,0.282353,0.001795,9.856036
1755400857791,0.246461,-0.058026,9.961619
1755400857794,0.256032,-0.031705,9.80818
1755400857796,0.236889,-0.017348,9.899107
1755400857800,0.270389,-0.034098,9.858429
1755400857801,0.260818,-0.007777,9.947263
1755400857804,0.239282,-0.031705,9.860822
1755400857806,0.239282,-0.010169,9.91825
1755400857809,0.277567,-0.026919,9.88475
1755400857811,0.270389,0.004187,9.923036
1755400857813,0.258425,-0.024526,9.851251
1755400857815,0.299103,-0.012562,9.882358
1755400857818,0.256032,-0.041276,9.863214
1755400857820,0.272782,-0.029312,9.875179
1755400857824,0.251246,-0.007777,9.875179
1755400857825,0.253639,-0.014955,9.877572
1755400857828,0.267996,-0.043669,9.896714
1755400857830,0.287139,-0.038883,9.894321
1755400857832,0.27996,-0.012562,9.879965
1755400857835,0.306281,-0.000598,9.896714
1755400857837,0.258425,-0.014955,9.870394
1755400857840,0.256032,-0.038883,9.848858
1755400857842,0.272782,-0.036491,9.887143
1755400857845,0.241675,-0.019741,9.913465
1755400857847,0.263211,-0.010169,9.891929
1755400857849,0.277567,-0.029312,9.879965
1755400857851,0.277567,-0.034098,9.846465
1755400857854,0.232104,-0.029312,9.868001
1755400857856,0.277567,-0.022134,9.882358
1755400857859,0.287139,-0.041276,9.896714
1755400857861,0.256032,-0.005384,9.865608
1755400857863,0.27996,0.008973,9.889536
1755400857866,0.291924,-0.022134,9.891929
1755400857868,0.270389,-0.034098,9.863214
1755400857871,0.282353,-0.017348,9.896714
1755400857875,0.251246,-0.026919,9.894321
1755400857877,0.284746,-0.046062,9.848858
1755400857879,0.263211,-0.024526,9.875179
1755400857881,0.246461,-0.048455,9.848858
1755400857883,0.275175,-0.012562,9.887143
1755400857885,0.253639,-0.043669,9.872787
1755400857887,0.27996,-0.043669,9.947263
1755400857890,0.270389,-0.034098,9.856036
1755400857892,0.27996,-0.017348,9.882358
1755400857895,0.277567,-0.002991,9.88475
1755400857897,0.282353,-0.010169,9.889536
1755400857899,0.267996,-0.029312,9.846465
1755400857902,0.303888,-0.048455,9.899107
1755400857904,0.263211,-0.000598,9.913465
1755400857907,0.277567,-0.002991,9.810573
1755400857909,0.246461,-0.091525,9.992726
1755400857911,0.263211,0.001795,9.856036
1755400857914,0.265603,-0.019741,9.906285
1755400857916,0.291924,0.001795,9.879965
1755400857919,0.244068,-0.000598,9.853643
1755400857921,0.270389,0.018544,9.860822
1755400857924,0.270389,-0.029312,9.899107
1755400857926,0.275175,-0.010169,9.84168
1755400857930,0.263211,-0.036491,9.894321
1755400857931,0.282353,0.001795,9.846465
1755400857933,0.282353,-0.034098,9.903893
1755400857935,0.246461,-0.022134,9.839287
1755400857938,0.289532,-0.002991,9.937392
1755400857942,0.244068,-0.002991,9.856036
1755400857944,0.311067,-0.029312,9.913465
1755400857945,0.277567,-0.034098,9.899107
1755400857947,0.284746,-0.022134,9.896714
1755400857950,0.244068,-0.017348,9.868001
1755400857952,0.232104,-0.014955,9.856036
1755400857954,0.265603,-0.019741,9.894321
1755400857958,0.299103,-0.065204,9.915857
1755400857961,0.258425,-0.041276,9.882358
1755400857963,0.267996,-0.029312,9.891929
1755400857964,0.258425,-0.026919,9.853643
1755400857966,0.277567,-0.017348,9.860822
1755400857969,0.260818,-0.019741,9.829716
1755400857971,0.272782,-0.050847,9.853643
1755400857975,0.287139,0.016152,9.870394
1755400857977,0.244068,-0.036491,9.879965
1755400857979,0.267996,-0.031705,9.949656
1755400857981,0.263211,-0.017348,9.896714
1755400857983,0.294317,-0.010169,9.889536
1755400857985,0.253639,-0.036491,9.894321
1755400857988,0.29671,-0.017348,9.741181
1755400857992,0.275175,-0.038883,10.033404
1755400857993,0.251246,-0.000598,9.693324
1755400857995,0.241675,-0.022134,9.949656
1755400857997,0.284746,-0.000598,9.879965
1755400858000,0.258425,-0.012562,9.865608
1755400858003,0.272782,-0.012562,9.84168
1755400858005,0.246461,0.011366,9.992726
1755400858007,0.294317,0.008973,9.738789
1755400858010,0.246461,-0.046062,9.947263
1755400858012,0.291924,-0.022134,9.939785
1755400858014,0.253639,-0.041276,9.817751
1755400858017,0.256032,-0.058026,9.911072
1755400858019,0.299103,-0.029312,9.872787
1755400858021,0.265603,-0.043669,9.875179
1755400858024,0.277567,0.008973,9.822537
1755400858027,0.270389,-0.002991,9.992726
1755400858029,0.291924,0.020937,9.834501
1755400858031,0.265603,-0.026919,9.891929
1755400858034,0.306281,-0.038883,9.870394
1755400858036,0.244068,-0.029312,9.877572
1755400858038,0.263211,-0.031705,9.894321
1755400858041,0.311067,0.00658,9.832108
1755400858044,0.265603,-0.012562,9.9015
1755400858046,0.301496,-0.038883,9.872787
1755400858049,0.320638,-0.062812,9.927821
1755400858050,0.224925,-0.000598,9.803394
1755400858053,0.246461,-0.007777,9.805787
1755400858055,0.301496,-0.012562,9.920643
1755400858057,0.344566,-0.036491,9.980762
1755400858060,0.287139,-0.036491,9.920643
1755400858063,0.253639,0.008973,9.870394
1755400858064,0.315853,-0.062812,9.844072
1755400858067,0.275175,-0.012562,9.839287
1755400858069,0.224925,0.02333,9.779466
1755400858072,0.291924,-0.012562,9.863214
1755400858074,0.241675,-0.041276,9.9015
1755400858077,0.299103,-0.017348,9.973584
1755400858079,0.291924,-0.060419,9.863214
1755400858082,0.251246,-0.012562,9.903893
1755400858084,0.256032,0.008973,9.801002
1755400858086,0.282353,-0.005384,9.915857
1755400858088,0.246461,-0.014955,9.911072
1755400858091,0.267996,-0.017348,9.915857
1755400858094,0.265603,-0.012562,9.927821
1755400858096,0.287139,-0.031705,9.908679
1755400858098,0.267996,-0.010169,9.908679
1755400858101,0.246461,-0.014955,9.9015
1755400858103,0.244068,-0.019741,9.887143
1755400858105,0.265603,-0.005384,9.911072
1755400858108,0.27996,0.011366,9.908679
1755400858111,0.258425,-0.012562,9.858429
1755400858113,0.251246,-0.065204,9.822537
1755400858115,0.334995,-0.055633,9.932607
1755400858117,0.284746,0.011366,9.999905
1755400858120,0.287139,0.032901,9.906285
1755400858122,0.275175,-0.079561,9.839287
1755400858125,0.270389,-0.043669,9.875179
1755400858128,0.244068,0.042473,9.913465
1755400858130,0.272782,0.00658,9.82493
1755400858132,0.229711,-0.065204,9.872787
1755400858134,0.275175,-0.014955,9.872787
1755400858136,0.251246,0.016152,9.908679
1755400858139,0.241675,-0.034098,9.858429
1755400858142,0.258425,-0.091525,9.908679
1755400858145,0.270389,0.042473,9.954441
1755400858148,0.253639,0.05683,9.88475
1755400858149,0.272782,-0.050847,9.793823
1755400858151,0.258425,-0.062812,9.834501
1755400858153,0.270389,0.044865,9.846465
1755400858156,0.248854,0.018544,9.930214
1755400858158,0.272782,-0.072383,9.860822
1755400858161,0.265603,-0.058026,9.906285
1755400858165,0.291924,0.00658,9.891929
1755400858167,0.263211,0.008973,9.906285
1755400858168,0.253639,-0.034098,9.772287
1755400858170,0.289532,-0.06999,9.853643
1755400858172,0.275175,-0.010169,9.899107
1755400858175,0.248854,0.028116,9.954441
1755400858177,0.246461,-0.010169,9.889536
1755400858181,0.284746,-0.060419,9.82493
1755400858182,0.277567,-0.014955,9.915857
1755400858185,0.232104,0.037687,9.846465
1755400858187,0.260818,0.008973,9.903893
1755400858189,0.287139,-0.014955,9.879965
1755400858191,0.33021,-0.034098,9.903893
1755400858194,0.277567,0.016152,9.937392
1755400858197,0.29671,0.013759,9.882358
1755400858199,0.265603,-0.058026,9.832108
1755400858201,0.282353,-0.05324,9.911072
1755400858204,0.263211,0.004187,9.906285
1755400858206,0.229711,-0.002991,9.858429
1755400858208,0.270389,-0.05324,9.934999
1755400858211,0.275175,-0.026919,9.891929
1755400858213,0.253639,-0.005384,9.856036
1755400858216,0.277567,-0.002991,9.853643
1755400858218,0.287139,0.016152,9.860822
1755400858221,0.246461,0.004187,9.868001
1755400858223,0.248854,-0.031705,9.889536
1755400858225,0.253639,0.008973,9.9015
1755400858227,0.265603,0.001795,9.889536
1755400858230,0.272782,-0.036491,9.868001
1755400858232,0.27996,-0.005384,9.894321
1755400858235,0.291924,-0.022134,9.877572
1755400858237,0.251246,-0.005384,9.882358
1755400858240,0.241675,-0.019741,9.863214
1755400858242,0.275175,-0.024526,9.894321
1755400858244,0.270389,-0.007777,9.891929
1755400858247,0.234497,-0.002991,9.891929
1755400858249,0.246461,0.001795,9.894321
1755400858251,0.251246,-0.022134,9.872787
1755400858254,0.270389,0.008973,9.879965
1755400858257,0.27996,0.013759,9.88475
1755400858259,0.260818,-0.014955,9.889536
1755400858261,0.270389,0.001795,9.88475
1755400858264,0.29671,-0.007777,9.863214
1755400858268,0.232104,-0.000598,9.88475
1755400858269,0.265603,0.001795,9.887143
1755400858271,0.29671,-0.010169,9.891929
1755400858273,0.299103,-0.002991,9.872787
1755400858275,0.284746,-0.026919,9.894321
1755400858278,0.289532,-0.007777,9.868001
1755400858281,0.260818,-0.002991,9.896714
1755400858283,0.284746,-0.038883,9.894321
1755400858285,0.253639,-0.029312,9.894321
1755400858288,0.258425,-0.022134,9.889536
1755400858290,0.275175,0.008973,9.868001
1755400858292,0.27996,-0.014955,9.889536
1755400858294,0.272782,-0.017348,9.882358
1755400858298,0.275175,-0.048455,9.872787
1755400858299,0.267996,-0.019741,9.868001
1755400858302,0.258425,0.001795,9.870394
1755400858305,0.258425,-0.017348,9.853643
1755400858307,0.246461,-0.000598,9.932607
1755400858309,0.267996,-0.029312,9.944571
1755400858311,0.270389,-0.036491,9.853643
1755400858315,0.299103,-0.002991,9.848858
1755400858318,0.246461,0.020937,9.812965
1755400858319,0.253639,-0.005384,9.91825
1755400858321,0.260818,-0.041276,9.920643
1755400858323,0.265603,-0.060419,9.88475
1755400858326,0.289532,-0.019741,9.860822
1755400858329,0.260818,0.04008,9.844072
1755400858332,0.263211,-0.024526,9.84168
1755400858334,0.258425,-0.060419,9.863214
1755400858336,0.244068,-0.043669,9.952048
1755400858338,0.227318,0.025723,9.949656
1755400858340,0.270389,0.008973,9.860822
1755400858343,0.282353,-0.055633,9.815358
1755400858345,0.303888,-0.065204,9.851251
1755400858347,0.265603,-0.026919,9.934999
1755400858350,0.265603,0.028116,9.939785
1755400858352,0.265603,0.00658,9.925428
1755400858355,0.275175,-0.036491,9.84168
1755400858357,0.246461,-0.031705,9.839287
1755400858359,0.301496,-0.002991,9.875179
1755400858362,0.227318,0.00658,9.937392
1755400858365,0.265603,-0.022134,9.860822
1755400858367,0.239282,-0.029312,9.870394
1755400858371,0.236889,0.013759,9.856036
1755400858372,0.246461,-0.029312,9.879965
1755400858374,0.272782,-0.010169,9.896714
1755400858376,0.289532,-0.026919,9.846465
1755400858379,0.260818,-0.019741,9.844072
1755400858381,0.332602,-0.019741,9.937392
1755400858385,0.311067,-0.034098,9.882358
1755400858386,0.260818,-0.034098,9.757931
1755400858388,0.260818,0.025723,9.853643
1755400858391,0.294317,-0.017348,9.858429
1755400858393,0.287139,-0.007777,9.879965
1755400858395,0.253639,-0.024526,9.822537
1755400858398,0.208176,-0.005384,9.745967
1755400858401,0.260818,-0.024526,9.839287
1755400858403,0.256032,-0.043669,9.784252
1755400858405,0.265603,-0.041276,9.798609
1755400858408,0.275175,-0.007777,9.868001
1755400858410,0.303888,-0.026919,9.911072
1755400858412,0.234497,-0.041276,9.82493
1755400858415,0.251246,-0.012562,9.803394
1755400858418,0.299103,-0.000598,9.870394
1755400858419,0.270389,-0.031705,9.839287
1755400858422,0.265603,0.00658,9.822537
1755400858424,0.222533,-0.010169,9.817751
1755400858427,0.277567,-0.046062,9.937392
1755400858429,0.299103,-0.043669,9.964012
1755400858431,0.301496,-0.026919,9.856036
1755400858434,0.244068,-0.024526,9.865608
1755400858436,0.212961,0.00658,9.805787
1755400858438,0.270389,-0.058026,9.817751
1755400858441,0.241675,-0.010169,9.899107
1755400858443,0.287139,-0.022134,9.891929
1755400858446,0.265603,-0.031705,9.908679
1755400858448,0.287139,-0.041276,9.964012
1755400858451,0.282353,-0.029312,9.908679
1755400858453,0.284746,-0.022134,9.903893
1755400858455,0.282353,-0.026919,9.858429
1755400858458,0.27996,-0.012562,9.858429
1755400858460,0.303888,-0.019741,9.903893
1755400858462,0.267996,-0.034098,9.870394
1755400858465,0.272782,-0.022134,9.882358
1755400858468,0.294317,-0.036491,9.875179
1755400858470,0.284746,-0.007777,9.903893
1755400858472,0.320638,-0.000598,9.856036
1755400858475,0.265603,-0.034098,9.899107
1755400858477,0.263211,-0.010169,9.848858
1755400858479,0.258425,-0.055633,9.889536
1755400858482,0.272782,-0.007777,9.985548
1755400858485,0.258425,0.018544,9.84168
1755400858489,0.294317,0.011366,9.860822
1755400858490,0.275175,-0.043669,9.827323
1755400858491,0.256032,-0.060419,9.887143
1755400858494,0.275175,-0.017348,9.973584
1755400858496,0.251246,0.020937,9.956834
1755400858499,0.299103,0.011366,9.894321
1755400858501,0.267996,-0.041276,9.79143
1755400858504,0.256032,-0.048455,9.868001
1755400858506,0.301496,0.04008,9.882358
1755400858508,0.258425,0.011366,9.899107
1755400858510,0.253639,-0.072383,9.858429
1755400858512,0.267996,-0.041276,9.975977
1755400858515,0.270389,0.042473,9.959227
1755400858517,0.263211,0.016152,9.896714
1755400858521,0.239282,-0.067597,9.717253
1755400858523,0.234497,-0.065204,9.829716
1755400858524,0.306281,-0.005384,9.889536
1755400858527,0.244068,0.011366,10.033404
1755400858530,0.256032,-0.022134,9.939785
1755400858533,0.282353,-0.043669,9.77468
1755400858535,0.287139,-0.022134,9.786645
1755400858537,0.303888,0.001795,9.872787
1755400858542,0.270389,0.030508,9.968799
1755400858544,0.265603,-0.012562,9.939785
1755400858545,0.260818,-0.06999,9.858429
1755400858546,0.289532,-0.029312,9.853643
1755400858549,0.260818,-0.055633,9.832108
1755400858551,0.236889,-0.036491,9.9015
1755400858553,0.282353,-0.010169,9.879965
1755400858558,0.277567,-0.029312,9.9015
1755400858560,0.251246,-0.026919,9.877572
1755400858561,0.318245,0.00658,9.853643
1755400858563,0.282353,-0.012562,9.88475
1755400858565,0.275175,-0.022134,9.870394
1755400858568,0.29671,-0.010169,9.908679
1755400858571,0.282353,0.001795,9.887143
1755400858573,0.294317,-0.026919,9.927821
1755400858575,0.308674,-0.014955,9.858429
1755400858578,0.239282,0.018544,9.815358
1755400858580,0.294317,-0.043669,9.915857
1755400858582,0.291924,-0.048455,9.865608
1755400858584,0.311067,-0.036491,9.952048
1755400858588,0.31346,-0.019741,9.846465
1755400858591,0.275175,-0.017348,9.889536
1755400858592,0.256032,-0.036491,9.777073
1755400858594,0.33021,-0.005384,9.954441
1755400858597,0.272782,-0.005384,9.939785
1755400858599,0.241675,-0.005384,9.80818
1755400858601,0.311067,-0.041276,9.906285
1755400858604,0.356531,-0.034098,9.999905
1755400858606,0.301496,-0.007777,9.870394
1755400858609,0.311067,-0.029312,9.894321
1755400858611,0.270389,-0.014955,9.887143
1755400858614,0.260818,-0.041276,9.875179
1755400858616,0.256032,-0.026919,9.91825
1755400858618,0.272782,-0.017348,9.858429
1755400858622,0.265603,-0.007777,9.856036
1755400858624,0.29671,-0.000598,9.908679
1755400858625,0.275175,0.016152,9.906285
1755400858627,0.311067,-0.026919,9.906285
1755400858631,0.208176,-0.000598,9.887143
1755400858633,0.284746,-0.017348,9.932607
1755400858635,0.265603,-0.012562,9.937392
1755400858638,0.210568,0.004187,9.805787
1755400858640,0.270389,-0.029312,9.896714
1755400858642,0.277567,-0.036491,9.868001
1755400858644,0.229711,-0.029312,9.805787
1755400858647,0.303888,-0.029312,9.952048
1755400858649,0.289532,-0.043669,9.903893
1755400858653,0.208176,-0.007777,9.772287
1755400858655,0.308674,-0.002991,9.894321
1755400858658,0.241675,0.020937,9.97837
1755400858659,0.301496,-0.010169,9.961619
1755400858662,0.334995,-0.036491,9.944571
1755400858664,0.308674,-0.046062,9.923036
1755400858666,0.260818,-0.019741,9.930214
1755400858668,0.289532,-0.014955,9.868001
1755400858672,0.239282,0.030508,9.844072
1755400858674,0.208176,0.00658,9.781859
1755400858675,0.241675,0.011366,9.891929
1755400858679,0.291924,0.016152,9.870394
1755400858681,0.258425,0.008973,9.903893
1755400858683,0.236889,-0.024526,9.903893
1755400858685,0.270389,-0.034098,9.894321
1755400858689,0.265603,-0.024526,9.887143
1755400858692,0.256032,-0.029312,9.834501
1755400858693,0.284746,-0.058026,9.82493
1755400858695,0.277567,0.004187,9.896714
1755400858697,0.318245,-0.014955,9.906285
1755400858700,0.227318,-0.012562,9.903893
1755400858702,0.267996,-0.007777,9.906285
1755400858706,0.244068,-0.002991,9.906285
1755400858709,0.291924,0.00658,9.84168
1755400858711,0.244068,-0.026919,9.952048
1755400858712,0.277567,0.025723,9.796216
1755400858714,0.232104,-0.029312,9.973584
1755400858716,0.308674,0.018544,9.772287
1755400858719,0.265603,-0.024526,9.987941
1755400858721,0.315853,-0.014955,9.757931
1755400858723,0.244068,-0.043669,10.002297
1755400858726,0.27996,0.00658,9.750752
1755400858728,0.251246,-0.036491,9.973584
1755400858731,0.267996,0.018544,9.777073
1755400858733,0.224925,-0.024526,9.968799
1755400858736,0.31346,-0.000598,9.781859
1755400858738,0.263211,-0.041276,9.961619
1755400858741,0.29671,-0.000598,9.769895
1755400858743,0.232104,-0.055633,9.952048
1755400858745,0.311067,0.011366,9.79143
1755400858748,0.27996,-0.024526,9.983155
1755400858750,0.299103,0.018544,9.762716
1755400858752,0.256032,-0.043669,9.992726
1755400858755,0.270389,0.001795,9.786645
1755400858758,0.244068,-0.055633,9.971191
1755400858759,0.31346,-0.000598,9.777073
1755400858762,0.251246,-0.036491,9.932607
1755400858764,0.291924,0.020937,9.779466
1755400858767,0.265603,-0.05324,9.956834
1755400858769,0.308674,-0.017348,9.798609
1755400858771,0.239282,-0.026919,9.975977
1755400858774,0.27996,-0.012562,9.829716
1755400858778,0.253639,-0.046062,9.934999
1755400858779,0.344566,-0.000598,9.927821
1755400858781,0.270389,-0.000598,9.985548
1755400858784,0.256032,0.008973,9.836894
1755400858786,0.205783,-0.002991,9.82493
1755400858788,0.267996,-0.014955,9.88475
1755400858791,0.311067,-0.072383,9.959227
1755400858794,0.344566,-0.050847,9.980762
1755400858795,0.265603,0.016152,10.023833
1755400858798,0.282353,0.004187,9.971191
1755400858800,0.299103,0.001795,9.975977
1755400858803,0.318245,-0.019741,9.947263
1755400858805,0.325424,-0.031705,10.035797
1755400858808,0.256032,-0.014955,9.961619
1755400858810,0.29671,-0.058026,9.891929
1755400858812,0.354138,-0.113061,9.944571
1755400858815,0.339781,-0.036491,9.959227
1755400858818,0.339781,-0.026919,9.990334
1755400858819,0.361316,-0.031705,10.121939
1755400858822,0.308674,-0.010169,10.042975
1755400858825,0.33021,-0.022134,10.002297
1755400858829,0.263211,-0.014955,9.882358
1755400858830,0.27996,-0.029312,9.801002
1755400858831,0.102592,0.025723,9.535398
1755400858834,0.174377,-0.012562,9.743574
1755400858836,0.188734,0.037687,9.805787
1755400858839,0.22014,-0.022134,9.856036
1755400858842,0.442672,-0.10349,9.968799
1755400858843,0.344566,-0.024526,9.879965
1755400858846,0.258425,-0.041276,9.678967
1755400858849,0.256032,-0.05324,9.74836
1755400858851,0.234497,-0.002991,9.944571
1755400858853,0.287139,-0.029312,9.887143
1755400858855,0.339781,-0.041276,9.88475
1755400858859,0.315853,0.00658,9.968799
1755400858861,0.256032,0.018544,9.863214
1755400858862,0.287139,0.020937,9.899107
1755400858866,0.265603,-0.000598,9.934999
1755400858868,0.287139,0.001795,9.858429
1755400858870,0.301496,-0.005384,9.872787
1755400858872,0.258425,-0.007777,9.875179
1755400858874,0.253639,-0.000598,9.954441
1755400858878,0.256032,0.004187,9.832108
1755400858880,0.244068,-0.05324,9.853643
1755400858882,0.27996,-0.029312,9.896714
1755400858884,0.258425,-0.007777,9.959227
1755400858886,0.258425,0.02333,9.810573
1755400858889,0.248854,-0.036491,9.853643
1755400858891,0.239282,-0.026919,9.860822
1755400858894,0.239282,-0.038883,9.966406
1755400858897,0.267996,0.013759,9.920643
1755400858899,0.27996,0.016152,9.872787
1755400858901,0.282353,-0.031705,9.803394
1755400858903,0.284746,-0.050847,9.858429
1755400858905,0.320638,0.035294,9.91825
1755400858908,0.251246,-0.005384,9.839287
1755400858911,0.299103,-0.041276,9.913465
1755400858913,0.265603,-0.007777,9.856036
1755400858915,0.246461,0.008973,9.891929
1755400858918,0.272782,-0.002991,9.88475
1755400858920,0.272782,-0.072383,9.899107
1755400858922,0.27996,-0.000598,9.899107
1755400858925,0.299103,-0.002991,9.879965
1755400858928,0.260818,-0.017348,9.887143
1755400858931,0.224925,-0.010169,9.889536
1755400858932,0.248854,-0.019741,9.894321
1755400858934,0.244068,-0.026919,9.911072
1755400858937,0.263211,-0.012562,9.908679
1755400858940,0.29671,-0.022134,9.865608
1755400858942,0.263211,0.00658,9.891929
1755400858945,0.275175,-0.019741,9.879965
1755400858946,0.244068,-0.029312,9.882358
1755400858949,0.263211,-0.034098,9.894321
1755400858951,0.308674,-0.024526,9.896714
1755400858953,0.244068,-0.038883,9.882358
1755400858956,0.256032,-0.029312,9.868001
1755400858958,0.236889,-0.029312,9.896714
1755400858961,0.284746,0.013759,9.889536
1755400858963,0.253639,-0.014955,9.872787
1755400858965,0.272782,-0.024526,9.891929
1755400858969,0.258425,-0.062812,9.858429
1755400858970,0.265603,-0.031705,9.915857
1755400858973,0.289532,-0.024526,9.834501
1755400858975,0.272782,-0.043669,9.882358
1755400858978,0.267996,-0.036491,9.875179
1755400858980,0.258425,-0.010169,9.865608
1755400858982,0.267996,0.018544,9.889536
1755400858985,0.260818,-0.022134,9.894321
1755400858987,0.277567,-0.043669,9.872787
1755400858989,0.256032,0.004187,9.923036
1755400858992,0.260818,-0.014955,9.894321
1755400858995,0.253639,-0.048455,9.908679
1755400858997,0.244068,-0.029312,9.911072
1755400859000,0.263211,0.001795,9.767502
1755400859002,0.234497,-0.055633,9.889536
1755400859004,0.287139,-0.034098,9.939785
1755400859006,0.287139,-0.024526,9.860822
1755400859009,0.253639,-0.046062,9.906285
1755400859012,0.287139,-0.024526,9.934999
1755400859015,0.272782,0.016152,9.887143
1755400859016,0.277567,-0.010169,9.860822
1755400859019,0.239282,-0.038883,9.908679
1755400859022,0.267996,0.037687,9.882358
1755400859023,0.246461,0.013759,9.891929
1755400859025,0.265603,-0.065204,9.82493
1755400859029,0.244068,-0.058026,9.846465
1755400859032,0.229711,0.00658,9.923036
1755400859033,0.248854,0.042473,9.939785
1755400859035,0.291924,-0.034098,9.877572
1755400859037,0.256032,-0.046062,9.844072
1755400859040,0.232104,-0.038883,9.851251
1755400859043,0.263211,-0.019741,9.91825
1755400859046,0.284746,-0.022134,9.865608
1755400859048,0.256032,-0.036491,9.868001
1755400859049,0.256032,-0.010169,9.894321
1755400859053,0.277567,-0.000598,9.9015
1755400859054,0.244068,-0.000598,9.82493
1755400859056,0.282353,-0.048455,9.923036
1755400859059,0.263211,-0.012562,9.879965
1755400859064,0.29671,0.02333,9.930214
1755400859066,0.253639,-0.012562,9.753145
1755400859069,0.27996,-0.014955,9.777073
1755400859070,0.284746,-0.041276,9.961619
1755400859071,0.265603,-0.005384,9.860822
1755400859073,0.327817,-0.046062,9.887143
1755400859076,0.208176,-0.024526,9.817751
1755400859078,0.22014,-0.017348,9.777073
1755400859081,0.208176,0.020937,9.863214
1755400859083,0.272782,-0.019741,9.827323
1755400859085,0.241675,-0.017348,9.812965
1755400859087,0.354138,-0.026919,9.949656
1755400859091,0.253639,-0.014955,9.781859
1755400859093,0.318245,-0.000598,9.942178
1755400859095,0.284746,-0.022134,9.9015
1755400859098,0.17677,0.004187,9.710074
1755400859100,0.246461,-0.010169,9.870394
1755400859103,0.22014,0.02333,9.750752
1755400859105,0.246461,-0.000598,9.827323
1755400859107,0.299103,-0.029312,9.932607
1755400859109,0.318245,-0.065204,9.932607
1755400859112,0.299103,-0.012562,9.954441
1755400859115,0.241675,-0.005384,9.827323
1755400859116,0.241675,-0.038883,9.879965
1755400859119,0.282353,-0.036491,9.877572
1755400859121,0.263211,-0.046062,9.882358
1755400859124,0.229711,0.016152,9.891929
1755400859126,0.303888,-0.050847,9.915857
1755400859128,0.19352,-0.038883,9.698111
1755400859132,0.306281,-0.031705,10.026226
1755400859134,0.318245,-0.065204,10.040583
1755400859136,0.256032,-0.034098,9.966406
1755400859138,0.188734,-0.002991,9.79143
1755400859141,0.291924,-0.029312,9.925428
1755400859144,0.277567,-0.010169,9.889536
1755400859145,0.337388,-0.010169,9.934999
1755400859148,0.248854,-0.014955,9.832108
1755400859150,0.277567,0.00658,9.925428
1755400859153,0.253639,-0.010169,9.877572
1755400859155,0.236889,-0.031705,9.868001
1755400859157,0.253639,0.011366,9.925428
1755400859160,0.308674,0.018544,9.817751
1755400859162,0.265603,-0.060419,9.930214
1755400859165,0.291924,-0.010169,9.801002
1755400859168,0.232104,-0.017348,9.934999
1755400859170,0.284746,-0.014955,9.80818
1755400859171,0.234497,-0.041276,9.913465
1755400859174,0.265603,-0.002991,9.810573
1755400859177,0.260818,-0.031705,9.973584
1755400859179,0.291924,-0.000598,9.827323
1755400859183,0.303888,-0.031705,9.980762
1755400859184,0.248854,0.025723,9.832108
1755400859186,0.251246,-0.019741,9.934999
1755400859188,0.272782,-0.005384,9.798609
1755400859191,0.251246,-0.043669,9.932607
1755400859193,0.31346,-0.014955,9.868001
1755400859195,0.299103,-0.034098,9.923036
1755400859199,0.263211,0.011366,9.894321
1755400859201,0.236889,-0.014955,9.899107
1755400859203,0.29671,-0.022134,9.836894
1755400859205,0.284746,-0.007777,9.920643
1755400859207,0.284746,0.035294,9.836894
1755400859210,0.272782,-0.043669,9.903893
1755400859212,0.258425,-0.007777,9.84168
1755400859216,0.260818,-0.024526,9.925428
1755400859218,0.263211,-0.017348,9.9015
1755400859220,0.27996,-0.017348,9.927821
1755400859222,0.294317,0.00658,9.91825
1755400859225,0.222533,0.016152,9.822537
1755400859227,0.272782,-0.034098,9.779466
1755400859229,0.210568,-0.000598,9.908679
1755400859231,0.299103,-0.010169,9.999905
1755400859234,0.370888,-0.043669,9.908679
1755400859236,0.277567,-0.055633,9.568898
1755400859239,0.342174,-0.034098,9.937392
1755400859241,0.291924,-0.038883,9.848858
1755400859243,0.361316,-0.060419,9.913465
1755400859246,0.301496,0.00658,10.028619
1755400859248,0.244068,0.00658,9.817751
1755400859251,0.102592,0.059222,9.554541
1755400859253,0.263211,0.00658,9.889536
1755400859255,0.229711,-0.017348,9.781859
1755400859258,0.4666,-0.110668,10.078868
1755400859260,0.380459,-0.048455,10.026226
1755400859262,0.401994,-0.072383,10.00469
1755400859265,0.437887,-0.105882,10.033404
1755400859268,0.205783,0.00658,9.798609
1755400859271,0.248854,0.004187,9.762716
1755400859272,0.27996,0.00658,9.942178
1755400859274,0.267996,-0.036491,9.906285
1755400859277,0.251246,-0.017348,9.846465
1755400859279,0.263211,-0.007777,9.858429
1755400859282,0.275175,0.013759,9.927821
1755400859284,0.260818,0.013759,9.870394
1755400859287,0.29671,0.004187,9.88475
1755400859289,0.287139,-0.031705,9.88475
1755400859291,0.277567,-0.005384,9.882358
1755400859294,0.27996,-0.002991,9.877572
1755400859296,0.282353,-0.026919,9.896714
1755400859298,0.256032,-0.007777,9.887143
1755400859301,0.244068,-0.019741,9.949656
1755400859303,0.258425,-0.000598,9.848858
1755400859307,0.244068,-0.019741,9.915857
1755400859309,0.284746,-0.002991,9.860822
1755400859311,0.267996,-0.05324,9.858429
1755400859313,0.27996,-0.014955,9.851251
1755400859315,0.270389,0.018544,9.949656
1755400859318,0.289532,0.018544,9.934999
1755400859320,0.244068,-0.022134,9.817751
1755400859323,0.253639,-0.038883,9.865608
1755400859325,0.287139,-0.002991,9.894321
1755400859327,0.277567,0.061615,9.942178
1755400859330,0.258425,-0.026919,9.872787
1755400859332,0.315853,-0.026919,9.832108
1755400859336,0.284746,0.011366,9.9015
1755400859338,0.291924,0.025723,9.875179
1755400859340,0.251246,0.00658,9.899107
1755400859342,0.27996,-0.034098,9.848858
1755400859344,0.284746,-0.041276,9.868001
1755400859347,0.275175,-0.000598,9.920643
1755400859349,0.256032,0.032901,9.868001
1755400859352,0.275175,0.00658,9.875179
1755400859354,0.294317,-0.026919,9.853643
1755400859356,0.284746,-0.036491,9.870394
1755400859359,0.31346,0.016152,9.91825
1755400859361,0.260818,-0.014955,9.851251
1755400859363,0.263211,-0.05324,9.879965
1755400859365,0.284746,-0.022134,9.937392
1755400859369,0.270389,0.013759,9.856036
1755400859371,0.258425,-0.034098,9.836894
1755400859373,0.306281,-0.017348,9.944571
1755400859375,0.275175,-0.014955,9.925428
1755400859378,0.270389,-0.029312,9.868001
1755400859380,0.265603,-0.067597,9.856036
1755400859382,0.282353,-0.010169,9.971191
1755400859386,0.265603,0.004187,9.942178
1755400859389,0.275175,0.004187,9.82493
1755400859390,0.287139,-0.043669,9.829716
1755400859392,0.294317,-0.000598,9.91825
1755400859394,0.301496,-0.019741,9.877572
1755400859397,0.267996,-0.034098,9.891929
1755400859399,0.277567,-0.010169,9.925428
1755400859403,0.265603,0.011366,9.903893
1755400859404,0.244068,-0.002991,9.84168
1755400859406,0.270389,-0.019741,9.865608
1755400859409,0.253639,-0.012562,9.906285
1755400859411,0.234497,0.004187,9.889536
1755400859413,0.239282,-0.019741,9.891929
1755400859416,0.277567,0.004187,9.891929
1755400859418,0.275175,-0.010169,9.84168
1755400859422,0.263211,-0.002991,9.877572
1755400859424,0.263211,-0.019741,9.915857
1755400859426,0.258425,-0.036491,9.9015
1755400859428,0.284746,-0.022134,9.870394
1755400859430,0.270389,-0.017348,9.875179
1755400859433,0.263211,-0.017348,9.858429
1755400859435,0.241675,-0.031705,9.846465
1755400859438,0.27996,-0.007777,9.925428
1755400859440,0.256032,-0.000598,9.949656
1755400859442,0.27996,-0.005384,9.863214
1755400859445,0.267996,-0.019741,9.872787
1755400859447,0.272782,-0.014955,9.856036
1755400859449,0.263211,0.004187,9.875179
1755400859452,0.275175,-0.036491,9.856036
1755400859454,0.272782,-0.034098,9.903893
1755400859457,0.291924,-0.024526,9.882358
1755400859459,0.299103,0.001795,9.939785
1755400859461,0.267996,0.00658,9.834501
1755400859464,0.253639,-0.036491,9.870394
1755400859467,0.248854,-0.031705,9.923036
1755400859469,0.253639,-0.031705,9.903893
1755400859473,0.270389,-0.048455,9.882358
1755400859475,0.294317,-0.012562,9.872787
1755400859476,0.294317,-0.036491,9.9015
1755400859478,0.258425,-0.005384,9.882358
1755400859481,0.258425,-0.019741,9.889536
1755400859483,0.29671,-0.012562,9.889536
1755400859485,0.277567,0.001795,9.882358
1755400859488,0.27996,-0.002991,9.875179
1755400859491,0.267996,-0.034098,9.923036
1755400859493,0.289532,-0.024526,9.899107
1755400859495,0.311067,-0.022134,9.906285
1755400859497,0.287139,-0.002991,9.891929
1755400859500,0.265603,-0.014955,9.863214
1755400859502,0.260818,-0.026919,9.889536
1755400859505,0.289532,-0.036491,9.875179
1755400859507,0.289532,-0.026919,9.882358
1755400859511,0.248854,-0.038883,9.882358
1755400859513,0.301496,-0.031705,9.868001
1755400859514,0.284746,-0.005384,9.882358
1755400859516,0.282353,-0.010169,9.879965
1755400859519,0.287139,-0.012562,9.870394
1755400859522,0.270389,-0.007777,9.891929
1755400859524,0.275175,-0.007777,9.9015
1755400859526,0.263211,0.011366,9.875179
1755400859529,0.270389,-0.012562,9.894321
1755400859532,0.253639,-0.029312,9.899107
1755400859533,0.294317,-0.005384,9.865608
1755400859536,0.287139,-0.029312,9.868001
1755400859539,0.284746,-0.031705,9.903893
1755400859541,0.256032,-0.031705,9.875179
1755400859543,0.267996,0.001795,9.865608
1755400859545,0.272782,-0.002991,9.88475
1755400859548,0.267996,-0.012562,9.887143
1755400859550,0.232104,-0.005384,9.899107
1755400859553,0.270389,-0.017348,9.851251
1755400859556,0.272782,-0.017348,9.894321
1755400859558,0.260818,-0.029312,9.865608
1755400859561,0.287139,-0.019741,9.894321
1755400859562,0.265603,-0.024526,9.872787
1755400859565,0.267996,-0.038883,9.865608
1755400859567,0.277567,-0.034098,9.868001
1755400859569,0.270389,-0.010169,9.875179
1755400859573,0.299103,0.016152,9.870394
1755400859575,0.260818,-0.041276,9.872787
1755400859577,0.277567,-0.007777,9.882358
1755400859579,0.287139,-0.029312,9.887143
1755400859581,0.277567,-0.002991,9.882358
1755400859584,0.289532,-0.026919,9.877572
1755400859586,0.275175,-0.000598,9.879965
1755400859591,0.27996,-0.007777,9.882358
1755400859592,0.294317,-0.038883,9.882358
1755400859594,0.253639,-0.024526,9.879965
1755400859597,0.246461,-0.000598,9.889536
1755400859598,0.251246,-0.002991,9.872787
1755400859600,0.275175,-0.000598,9.882358
1755400859603,0.265603,-0.002991,9.877572
1755400859605,0.33021,-0.014955,9.853643
1755400859608,0.251246,-0.007777,9.872787
1755400859610,0.248854,-0.012562,9.879965
1755400859613,0.284746,-0.022134,9.891929
1755400859615,0.267996,-0.012562,9.91825
1755400859617,0.275175,-0.022134,9.879965
1755400859619,0.277567,-0.022134,9.891929
1755400859622,0.301496,-0.000598,9.887143
1755400859625,0.272782,0.004187,9.906285
1755400859627,0.246461,0.001795,9.891929
1755400859630,0.265603,0.011366,9.894321
1755400859632,0.256032,-0.031705,9.879965
1755400859634,0.277567,0.018544,9.882358
1755400859636,0.272782,-0.019741,9.877572
1755400859639,0.282353,-0.026919,9.896714
1755400859641,0.272782,-0.005384,9.879965
1755400859643,0.27996,-0.019741,9.872787
1755400859646,0.248854,-0.012562,9.887143
1755400859648,0.270389,-0.002991,9.899107
1755400859651,0.258425,-0.019741,9.875179
1755400859653,0.272782,-0.029312,9.891929
1755400859656,0.244068,-0.024526,9.88475
1755400859659,0.265603,-0.038883,9.870394
1755400859660,0.284746,-0.012562,9.860822
1755400859663,0.248854,0.00658,9.875179
1755400859666,0.267996,-0.034098,9.879965
1755400859668,0.265603,-0.026919,9.877572
1755400859670,0.244068,-0.017348,9.882358
1755400859673,0.246461,0.00658,9.868001
1755400859676,0.282353,-0.002991,9.879965
1755400859678,0.251246,0.001795,9.879965
1755400859680,0.277567,-0.012562,9.879965
1755400859682,0.294317,-0.005384,9.887143
1755400859685,0.244068,-0.010169,9.891929
1755400859687,0.246461,-0.024526,9.88475
1755400859689,0.282353,-0.017348,9.899107
1755400859692,0.29671,-0.014955,9.911072
1755400859694,0.27996,0.004187,9.88475
1755400859696,0.265603,-0.046062,9.88475
1755400859699,0.227318,-0.014955,9.889536
1755400859701,0.248854,0.001795,9.870394
1755400859704,0.265603,-0.014955,9.865608
1755400859706,0.277567,-0.034098,9.896714
1755400859709,0.263211,-0.019741,9.872787
1755400859712,0.265603,-0.010169,9.882358
1755400859713,0.246461,0.008973,9.877572
1755400859716,0.275175,-0.007777,9.88475
1755400859718,0.27996,-0.000598,9.872787
1755400859720,0.239282,-0.012562,9.891929
1755400859723,0.248854,-0.05324,9.877572
1755400859726,0.260818,-0.024526,9.911072
1755400859728,0.244068,-0.010169,9.88475
1755400859730,0.239282,-0.024526,9.889536
1755400859732,0.284746,-0.007777,9.887143
1755400859734,0.289532,-0.022134,9.870394
1755400859737,0.265603,-0.002991,9.896714
1755400859739,0.270389,-0.041276,9.865608
1755400859743,0.294317,-0.007777,9.877572
1755400859745,0.289532,-0.014955,9.88475
1755400859747,0.287139,-0.000598,9.882358
1755400859749,0.239282,-0.029312,9.872787
1755400859751,0.260818,-0.026919,9.88475
1755400859754,0.267996,-0.012562,9.865608
1755400859757,0.277567,-0.012562,9.875179
1755400859759,0.270389,-0.034098,9.875179
1755400859761,0.265603,-0.024526,9.882358
1755400859763,0.270389,-0.014955,9.872787
1755400859766,0.258425,-0.002991,9.863214
1755400859768,0.291924,-0.005384,9.879965
1755400859771,0.277567,-0.031705,9.899107
1755400859773,0.260818,-0.010169,9.870394
1755400859775,0.270389,-0.034098,9.863214
1755400859778,0.294317,-0.022134,9.877572
1755400859780,0.260818,-0.010169,9.870394
1755400859783,0.253639,0.00658,9.882358
1755400859785,0.244068,0.016152,9.882358
1755400859787,0.258425,0.008973,9.882358
1755400859790,0.267996,-0.019741,9.877572
1755400859792,0.284746,-0.029312,9.872787
1755400859796,0.282353,-0.014955,9.868001
1755400859798,0.253639,-0.043669,9.853643
1755400859799,0.227318,-0.048455,9.887143
1755400859802,0.275175,-0.034098,9.887143
1755400859804,0.27996,-0.022134,9.877572
1755400859807,0.29671,-0.012562,9.882358
1755400859809,0.287139,-0.043669,9.865608
1755400859812,0.275175,-0.010169,9.887143
1755400859814,0.31346,-0.026919,9.88475
1755400859817,0.29671,-0.019741,9.882358
1755400859819,0.267996,-0.017348,9.896714
1755400859821,0.260818,-0.029312,9.889536
1755400859824,0.248854,-0.036491,9.88475
1755400859826,0.27996,-0.048455,9.899107
1755400859829,0.265603,-0.014955,9.911072
1755400859833,0.270389,0.001795,9.88475
1755400859834,0.270389,0.008973,9.872787
1755400859836,0.287139,-0.026919,9.877572
1755400859838,0.267996,-0.041276,9.870394
1755400859840,0.275175,-0.031705,9.894321
1755400859842,0.287139,-0.007777,9.88475
1755400859845,0.275175,-0.031705,9.887143
1755400859847,0.272782,-0.005384,9.88475
1755400859850,0.260818,-0.017348,9.899107
1755400859852,0.275175,-0.022134,9.870394
1755400859854,0.244068,-0.022134,9.858429
1755400859857,0.263211,-0.014955,9.865608
1755400859859,0.272782,-0.012562,9.894321
1755400859862,0.275175,-0.031705,9.891929
1755400859864,0.256032,-0.000598,9.879965
1755400859867,0.244068,-0.019741,9.891929
1755400859869,0.275175,-0.014955,9.896714
1755400859871,0.270389,-0.014955,9.865608
1755400859874,0.275175,-0.024526,9.903893
1755400859876,0.287139,0.00658,9.856036
1755400859879,0.299103,-0.012562,9.863214
1755400859884,0.27996,-0.022134,9.889536
1755400859885,0.256032,-0.036491,9.882358
1755400859886,0.27996,-0.019741,9.868001
1755400859888,0.275175,0.004187,9.889536
1755400859890,0.277567,-0.000598,9.882358
1755400859893,0.256032,0.001795,9.896714
1755400859896,0.284746,-0.005384,9.875179
1755400859897,0.277567,-0.014955,9.9015
1755400859900,0.282353,-0.024526,9.877572
1755400859902,0.265603,0.00658,9.879965
1755400859905,0.265603,-0.019741,9.88475
1755400859907,0.294317,-0.012562,9.891929
1755400859909,0.272782,-0.005384,9.879965
1755400859915,0.258425,-0.007777,9.877572
1755400859916,0.272782,-0.005384,9.899107
1755400859917,0.270389,-0.029312,9.88475
1755400859919,0.256032,-0.017348,9.879965
1755400859922,0.31346,-0.005384,9.88475
1755400859924,0.253639,-0.017348,9.877572
1755400859926,0.251246,-0.005384,9.889536
1755400859929,0.284746,-0.019741,9.860822
1755400859931,0.265603,0.013759,9.899107
1755400859934,0.303888,-0.005384,9.882358
1755400859936,0.270389,0.011366,9.875179
1755400859938,0.277567,-0.050847,9.887143
1755400859941,0.282353,-0.007777,9.887143
1755400859943,0.244068,-0.048455,9.860822
1755400859946,0.258425,-0.026919,9.875179
1755400859948,0.258425,-0.005384,9.88475
1755400859951,0.246461,-0.031705,9.882358
1755400859953,0.303888,-0.017348,9.887143
1755400859955,0.256032,-0.010169,9.872787
1755400859958,0.256032,-0.005384,9.896714
1755400859960,0.275175,-0.005384,9.911072
1755400859963,0.284746,-0.019741,9.868001
1755400859965,0.277567,0.001795,9.863214
1755400859967,0.287139,-0.043669,9.9015
1755400859969,0.272782,-0.041276,9.875179
1755400859972,0.275175,-0.029312,9.863214
1755400859975,0.263211,-0.019741,9.88475
1755400859977,0.27996,-0.019741,9.868001
1755400859979,0.256032,-0.019741,9.88475
1755400859982,0.270389,-0.010169,9.9015
1755400859984,0.299103,-0.007777,9.865608
1755400859986,0.272782,-0.022134,9.875179
1755400859989,0.258425,-0.022134,9.88475
1755400859991,0.270389,-0.024526,9.875179
1755400859993,0.277567,-0.019741,9.889536
1755400859996,0.272782,-0.005384,9.889536
1755400859999,0.272782,-0.014955,9.860822
1755400860001,0.251246,-0.000598,9.894321
1755400860003,0.253639,-0.046062,9.868001
1755400860005,0.275175,-0.050847,9.891929
1755400860008,0.282353,0.00658,9.887143
1755400860011,0.284746,-0.019741,9.872787
1755400860012,0.303888,-0.029312,9.88475
1755400860016,0.29671,-0.012562,9.879965
1755400860017,0.284746,-0.007777,9.872787
1755400860020,0.294317,-0.024526,9.882358
1755400860023,0.303888,-0.014955,9.882358
1755400860025,0.272782,0.004187,9.872787
1755400860027,0.282353,0.016152,9.875179
1755400860029,0.253639,-0.026919,9.872787
1755400860033,0.265603,-0.034098,9.877572
1755400860035,0.291924,0.008973,9.882358
1755400860037,0.284746,-0.012562,9.88475
1755400860040,0.277567,-0.002991,9.877572
1755400860042,0.284746,-0.022134,9.894321
1755400860044,0.27996,-0.007777,9.889536
1755400860046,0.263211,-0.029312,9.870394
1755400860049,0.294317,-0.012562,9.875179
1755400860051,0.294317,-0.019741,9.877572
1755400860053,0.256032,-0.034098,9.860822
1755400860056,0.256032,-0.031705,9.88475
1755400860059,0.258425,-0.012562,9.879965
1755400860061,0.267996,-0.007777,9.889536
1755400860063,0.260818,-0.024526,9.858429
1755400860066,0.291924,-0.014955,9.875179
1755400860068,0.277567,-0.002991,9.879965
1755400860070,0.294317,-0.000598,9.908679
1755400860072,0.236889,-0.000598,9.894321
1755400860075,0.265603,0.020937,9.889536
1755400860077,0.277567,-0.002991,9.868001
1755400860080,0.248854,-0.026919,9.896714
1755400860083,0.29671,-0.034098,9.88475
1755400860085,0.270389,0.004187,9.879965
1755400860087,0.258425,-0.005384,9.875179
1755400860089,0.258425,-0.017348,9.846465
1755400860092,0.270389,-0.036491,9.853643
1755400860094,0.289532,-0.022134,9.887143
1755400860096,0.263211,-0.010169,9.88475
1755400860099,0.232104,-0.036491,9.872787
1755400860102,0.282353,-0.017348,9.887143
1755400860104,0.267996,-0.024526,9.870394
1755400860109,0.248854,-0.005384,9.891929
1755400860110,0.272782,-0.010169,9.875179
1755400860111,0.27996,-0.026919,9.879965
1755400860113,0.239282,-0.029312,9.882358
1755400860116,0.272782,-0.026919,9.856036
1755400860119,0.277567,-0.026919,9.879965
1755400860121,0.287139,-0.031705,9.877572
1755400860123,0.289532,-0.012562,9.88475
1755400860127,0.275175,-0.012562,9.882358
1755400860128,0.270389,-0.017348,9.875179
1755400860130,0.267996,-0.002991,9.882358
1755400860133,0.246461,-0.029312,9.891929
1755400860135,0.282353,-0.014955,9.882358
1755400860137,0.294317,-0.019741,9.891929
1755400860139,0.260818,-0.026919,9.9015
1755400860143,0.277567,-0.036491,9.877572
1755400860144,0.29671,-0.024526,9.887143
1755400860147,0.291924,-0.022134,9.903893
1755400860149,0.306281,-0.034098,9.877572
1755400860152,0.303888,-0.022134,9.894321
1755400860155,0.267996,-0.029312,9.889536
1755400860156,0.265603,-0.017348,9.877572
1755400860159,0.270389,-0.024526,9.877572
1755400860161,0.265603,-0.012562,9.865608
1755400860164,0.275175,-0.029312,9.88475
1755400860166,0.246461,-0.029312,9.9015
1755400860169,0.270389,-0.012562,9.891929
1755400860171,0.287139,-0.012562,9.9015
1755400860173,0.263211,-0.017348,9.872787
1755400860176,0.275175,-0.022134,9.891929
1755400860178,0.258425,-0.024526,9.9015
1755400860180,0.301496,-0.017348,9.88475
1755400860183,0.284746,0.001795,9.877572
1755400860186,0.277567,-0.012562,9.88475
1755400860188,0.253639,-0.010169,9.9015
1755400860190,0.232104,-0.019741,9.879965
1755400860193,0.308674,-0.031705,9.879965
1755400860195,0.272782,-0.002991,9.875179
1755400860197,0.258425,-0.012562,9.863214
1755400860199,0.258425,-0.026919,9.870394
1755400860203,0.287139,-0.017348,9.911072
1755400860205,0.29671,-0.038883,9.882358
1755400860207,0.31346,-0.029312,9.887143
1755400860210,0.258425,-0.022134,9.906285
1755400860211,0.311067,-0.012562,9.865608
1755400860214,0.29671,-0.000598,9.877572
1755400860216,0.284746,-0.017348,9.877572
1755400860219,0.287139,-0.031705,9.887143
1755400860224,0.260818,-0.029312,9.870394
1755400860224,0.258425,-0.024526,9.868001
1755400860226,0.27996,-0.038883,9.891929
1755400860229,0.282353,-0.036491,9.870394
1755400860231,0.27996,-0.041276,9.887143
1755400860233,0.251246,-0.041276,9.877572
1755400860236,0.29671,-0.022134,9.856036
1755400860238,0.267996,-0.012562,9.887143
1755400860240,0.256032,-0.024526,9.889536
1755400860243,0.289532,-0.031705,9.879965
1755400860245,0.253639,-0.005384,9.877572
1755400860247,0.270389,-0.041276,9.84168
1755400860250,0.263211,-0.038883,9.879965
1755400860253,0.27996,-0.014955,9.877572
1755400860255,0.270389,-0.038883,9.879965
1755400860257,0.246461,-0.012562,9.887143
1755400860260,0.289532,-0.050847,9.875179
1755400860262,0.275175,-0.029312,9.882358
1755400860264,0.251246,-0.010169,9.88475
1755400860267,0.267996,-0.029312,9.9015
1755400860269,0.282353,-0.019741,9.899107
1755400860272,0.311067,-0.010169,9.868001
1755400860275,0.27996,-0.017348,9.88475
1755400860277,0.263211,-0.034098,9.848858
1755400860279,0.222533,-0.017348,9.863214
1755400860281,0.263211,-0.002991,9.872787
1755400860284,0.282353,-0.017348,9.88475
1755400860286,0.275175,-0.005384,9.860822
1755400860288,0.284746,-0.017348,9.882358
1755400860291,0.270389,-0.022134,9.875179
1755400860294,0.265603,0.018544,9.9015
1755400860295,0.234497,-0.038883,9.908679
1755400860298,0.251246,0.00658,9.887143
1755400860300,0.284746,-0.031705,9.872787
1755400860302,0.282353,-0.017348,9.889536
1755400860305,0.270389,-0.012562,9.882358
1755400860308,0.284746,-0.007777,9.882358
1755400860310,0.294317,0.001795,9.891929
1755400860312,0.270389,0.00658,9.875179
1755400860314,0.275175,-0.010169,9.875179
1755400860317,0.29671,-0.029312,9.870394
1755400860319,0.260818,0.020937,9.88475
1755400860322,0.248854,-0.034098,9.860822
1755400860325,0.246461,-0.038883,9.868001
1755400860327,0.270389,-0.010169,9.868001
1755400860329,0.251246,-0.010169,9.889536
1755400860332,0.244068,-0.010169,9.906285
1755400860334,0.289532,0.001795,9.906285
1755400860336,0.251246,-0.022134,9.887143
1755400860339,0.277567,-0.002991,9.889536
1755400860341,0.263211,-0.034098,9.879965
1755400860344,0.265603,-0.038883,9.877572
1755400860345,0.282353,-0.019741,9.889536
1755400860348,0.299103,-0.031705,9.887143
1755400860351,0.29671,-0.024526,9.868001
1755400860353,0.263211,-0.024526,9.889536
1755400860355,0.306281,-0.017348,9.877572
1755400860358,0.251246,-0.012562,9.891929
1755400860360,0.282353,-0.014955,9.899107
1755400860363,0.234497,-0.010169,9.879965
1755400860365,0.277567,-0.012562,9.88475
1755400860367,0.256032,-0.026919,9.863214
1755400860370,0.277567,-0.017348,9.868001
1755400860372,0.311067,-0.012562,9.877572
1755400860375,0.29671,-0.014955,9.894321
1755400860377,0.294317,-0.019741,9.891929
1755400860379,0.244068,-0.000598,9.875179
1755400860381,0.272782,-0.019741,9.896714
1755400860384,0.282353,-0.031705,9.875179
1755400860387,0.27996,-0.026919,9.882358
1755400860390,0.251246,-0.005384,9.879965
1755400860393,0.256032,-0.002991,9.88475
1755400860394,0.27996,-0.019741,9.872787
1755400860396,0.301496,-0.036491,9.882358
1755400860398,0.284746,-0.005384,9.877572
1755400860401,0.287139,-0.014955,9.846465
1755400860403,0.263211,-0.024526,9.853643
1755400860407,0.263211,-0.024526,9.894321
1755400860408,0.239282,-0.002991,9.887143
1755400860411,0.265603,-0.06999,9.848858
1755400860413,0.284746,-0.010169,9.961619
1755400860415,0.282353,0.064008,9.789038
1755400860418,0.239282,-0.077169,9.911072
1755400860420,0.31346,0.004187,9.91825
1755400860425,0.291924,-0.005384,9.793823
1755400860427,0.244068,-0.060419,9.975977
1755400860428,0.33021,0.04008,9.815358
1755400860430,0.251246,-0.072383,9.894321
1755400860432,0.282353,-0.000598,9.939785
1755400860435,0.282353,0.025723,9.784252
1755400860437,0.256032,-0.110668,9.971191
1755400860440,0.334995,0.044865,9.9015
1755400860442,0.260818,0.016152,9.750752
1755400860444,0.265603,-0.077169,9.937392
1755400860447,0.31346,-0.002991,9.925428
1755400860449,0.270389,-0.017348,9.755538
1755400860451,0.263211,-0.072383,10.016655
1755400860453,0.320638,-0.000598,9.923036
1755400860456,0.272782,0.037687,9.765109
1755400860459,0.256032,-0.038883,9.939785
1755400860461,0.277567,-0.050847,9.911072
1755400860463,0.267996,0.042473,9.858429
1755400860466,0.251246,-0.074776,9.877572
1755400860468,0.311067,-0.05324,9.896714
1755400860470,0.299103,0.05683,9.896714
1755400860473,0.232104,-0.055633,9.786645
1755400860475,0.270389,-0.096311,9.896714
1755400860477,0.29671,0.071186,9.954441
1755400860481,0.27996,-0.017348,9.84168
1755400860482,0.256032,-0.108275,9.887143
1755400860484,0.315853,0.047258,10.021441
1755400860487,0.179163,0.037687,9.734002
1755400860489,0.229711,-0.081954,9.937392
1755400860492,0.332602,0.00658,9.911072
1755400860495,0.188734,0.037687,9.810573
1755400860497,0.334995,-0.043669,10.05494
1755400860499,0.358923,-0.067597,9.882358
1755400860501,0.227318,-0.014955,9.810573
1755400860503,0.346959,-0.031705,10.052547
1755400860506,0.260818,-0.017348,9.822537
1755400860509,0.27996,-0.002991,9.91825
1755400860511,0.282353,-0.031705,9.896714
1755400860513,0.306281,-0.048455,9.846465
1755400860515,0.31346,-0.014955,9.915857
1755400860518,0.366102,-0.060419,10.126724
1755400860521,0.224925,0.016152,9.980762
1755400860523,0.171984,0.052044,9.77468
1755400860526,0.325424,-0.046062,9.968799
1755400860528,0.339781,-0.043669,9.925428
1755400860530,0.188734,0.037687,9.875179
1755400860533,0.148056,0.071186,9.693324
1755400860536,0.246461,-0.043669,9.856036
1755400860537,0.299103,0.001795,10.167402
1755400860540,0.378066,-0.029312,10.200902
1755400860543,0.224925,-0.024526,9.853643
1755400860545,0.253639,0.075972,10.019048
1755400860547,0.222533,0.028116,9.987941
1755400860550,0.253639,-0.007777,9.805787
1755400860552,0.263211,-0.048455,9.762716
1755400860554,0.253639,0.016152,9.848858
1755400860556,0.256032,-0.017348,9.882358
1755400860560,0.236889,-0.014955,9.889536
1755400860564,0.291924,0.004187,9.911072
1755400860566,0.275175,-0.017348,9.879965
1755400860567,0.275175,-0.050847,9.769895
1755400860569,0.289532,-0.034098,9.97837
1755400860571,0.277567,0.095115,9.97837
1755400860573,0.258425,-0.019741,9.84168
1755400860576,0.244068,-0.177667,9.757931
1755400860578,0.301496,-0.026919,9.971191
1755400860580,0.246461,0.128614,10.014262
1755400860583,0.256032,-0.065204,9.688539
1755400860585,0.308674,-0.148953,9.920643
1755400860588,0.291924,0.049651,9.899107
1755400860590,0.277567,0.11665,10.014262
1755400860593,0.258425,-0.122632,9.635897
1755400860596,0.291924,-0.139382,9.966406
1755400860597,0.267996,0.11665,9.97837
1755400860600,0.256032,0.047258,9.853643
1755400860602,0.275175,-0.194417,9.827323
1755400860604,0.258425,-0.036491,9.908679
1755400860607,0.248854,0.142971,10.023833
1755400860610,0.244068,-0.046062,9.705289
1755400860613,0.318245,-0.172881,9.971191
1755400860615,0.29671,0.078365,9.995119
1755400860616,0.232104,0.018544,9.834501
1755400860619,0.284746,-0.148953,9.865608
1755400860621,0.306281,-0.000598,9.920643
1755400860623,0.229711,0.049651,9.812965
1755400860626,0.263211,-0.072383,9.860822
1755400860628,0.311067,-0.031705,9.973584
1755400860630,0.301496,-0.043669,9.801002
1755400860633,0.308674,-0.084347,9.925428
1755400860635,0.248854,-0.000598,9.77468
1755400860638,0.267996,-0.019741,9.80818
1755400860640,0.148056,-0.007777,9.68136
1755400860643,0.138485,0.028116,9.695718
1755400860646,0.256032,-0.019741,10.03819
1755400860648,0.299103,-0.012562,9.925428
1755400860651,0.246461,0.004187,9.959227
1755400860652,0.294317,0.00658,9.999905
1755400860654,0.33021,-0.036491,10.031012
1755400860657,0.303888,-0.055633,9.829716
1755400860659,0.358923,-0.046062,10.00469
1755400860662,0.212961,-0.000598,9.832108
1755400860664,0.241675,-0.019741,9.796216
1755400860667,0.253639,-0.017348,9.956834
1755400860669,0.263211,0.004187,9.865608
1755400860672,0.260818,-0.010169,9.949656
1755400860674,0.325424,-0.026919,9.971191
1755400860676,0.272782,-0.024526,9.908679
1755400860679,0.291924,-0.029312,9.899107
1755400860681,0.282353,-0.005384,9.88475
1755400860684,0.253639,-0.000598,9.860822
1755400860686,0.232104,-0.022134,9.875179
1755400860688,0.267996,-0.031705,9.887143
1755400860691,0.265603,-0.034098,9.868001
1755400860693,0.287139,-0.014955,9.891929
1755400860696,0.277567,0.001795,9.9015
1755400860698,0.270389,-0.022134,9.879965
1755400860700,0.239282,-0.048455,9.875179
1755400860702,0.265603,-0.000598,9.88475
1755400860705,0.256032,0.004187,9.882358
1755400860707,0.260818,-0.007777,9.891929
1755400860710,0.277567,-0.024526,9.882358
1755400860713,0.272782,-0.022134,9.88475
1755400860715,0.260818,-0.034098,9.875179
1755400860718,0.260818,-0.014955,9.894321
1755400860720,0.263211,-0.029312,9.755538
1755400860722,0.275175,-0.058026,9.954441
1755400860724,0.29671,0.044865,9.947263
1755400860726,0.246461,0.00658,9.755538
1755400860729,0.224925,-0.105882,9.939785
1755400860732,0.303888,-0.000598,9.954441
1755400860734,0.248854,0.047258,9.789038
1755400860736,0.267996,-0.05324,9.932607
1755400860739,0.303888,-0.017348,9.959227
1755400860742,0.229711,0.020937,9.781859
1755400860744,0.246461,-0.050847,9.891929
1755400860747,0.332602,0.011366,9.966406
1755400860748,0.251246,-0.022134,9.906285
1755400860751,0.234497,-0.012562,9.88475
1755400860753,0.301496,0.011366,9.820144
1755400860755,0.244068,-0.031705,9.956834
1755400860758,0.260818,0.018544,9.949656
1755400860760,0.289532,-0.017348,9.851251
1755400860763,0.239282,-0.017348,9.82493
1755400860765,0.27996,-0.012562,9.836894
1755400860768,0.256032,-0.034098,9.920643
1755400860770,0.270389,0.018544,9.934999
1755400860773,0.29671,0.001795,9.853643
1755400860775,0.239282,-0.077169,9.839287
1755400860777,0.284746,0.008973,9.80818
1755400860780,0.282353,-0.010169,9.920643
1755400860782,0.248854,0.001795,9.973584
1755400860784,0.272782,0.028116,9.822537
1755400860787,0.258425,-0.055633,9.836894
1755400860789,0.272782,0.004187,9.91825
1755400860791,0.248854,-0.012562,9.865608
1755400860793,0.241675,-0.048455,9.863214
1755400860797,0.303888,0.011366,9.836894
1755400860799,0.241675,-0.029312,9.911072
1755400860801,0.275175,-0.017348,9.91825
1755400860803,0.301496,-0.022134,9.832108
1755400860806,0.267996,-0.05324,9.913465
1755400860808,0.294317,-0.005384,9.822537
1755400860810,0.265603,-0.029312,9.91825
1755400860814,0.270389,0.011366,9.868001
1755400860816,0.253639,-0.031705,9.868001
1755400860818,0.303888,-0.026919,9.868001
1755400860820,0.265603,-0.012562,9.913465
1755400860822,0.253639,-0.043669,9.870394
1755400860825,0.253639,-0.048455,9.889536
1755400860827,0.239282,-0.034098,9.848858
1755400860830,0.287139,-0.019741,9.947263
1755400860832,0.289532,-0.005384,9.889536
1755400860835,0.224925,-0.041276,9.877572
1755400860837,0.265603,-0.022134,9.891929
1755400860839,0.258425,0.00658,9.88475
1755400860843,0.22014,-0.017348,9.875179
1755400860844,0.306281,-0.010169,9.903893
1755400860847,0.234497,-0.012562,9.803394
1755400860850,0.246461,-0.024526,9.848858
1755400860851,0.289532,-0.036491,9.915857
1755400860854,0.229711,-0.012562,9.961619
1755400860856,0.246461,-0.050847,9.702896
1755400860858,0.339781,-0.036491,9.719646
1755400860861,0.229711,0.025723,9.923036
1755400860863,0.272782,-0.043669,9.60479
1755400860866,0.236889,-0.022134,9.860822
1755400860868,0.162413,0.016152,9.832108
1755400860870,0.244068,0.004187,9.877572
1755400860873,0.29671,-0.048455,9.964012
1755400860875,0.277567,-0.031705,9.820144
1755400860878,0.308674,-0.019741,9.995119
1755400860880,0.334995,-0.000598,9.870394
1755400860883,0.320638,-0.007777,9.877572
1755400860885,0.248854,-0.007777,9.829716
1755400860887,0.260818,-0.007777,9.870394
1755400860890,0.260818,-0.000598,9.853643
1755400860892,0.275175,-0.026919,9.872787
1755400860895,0.320638,-0.014955,9.894321
1755400860897,0.265603,-0.012562,9.872787
1755400860900,0.260818,-0.048455,9.865608
1755400860904,0.270389,-0.038883,9.889536
1755400860906,0.289532,0.001795,9.882358
1755400860907,0.272782,-0.022134,9.894321
1755400860909,0.275175,-0.010169,9.875179
1755400860911,0.291924,-0.002991,9.887143
1755400860914,0.27996,-0.002991,9.870394
1755400860917,0.282353,-0.019741,9.983155
1755400860919,0.306281,0.037687,9.784252
1755400860921,0.275175,-0.093918,9.858429
1755400860923,0.318245,0.013759,9.934999
1755400860926,0.291924,0.016152,9.896714
1755400860928,0.275175,-0.036491,9.925428
1755400860931,0.334995,0.025723,9.750752
1755400860934,0.263211,-0.060419,9.879965
1755400860936,0.27996,0.00658,9.947263
1755400860937,0.289532,-0.000598,9.911072
1755400860940,0.267996,-0.036491,9.903893
1755400860944,0.31346,-0.007777,9.762716
1755400860945,0.253639,-0.043669,9.865608
1755400860947,0.267996,0.011366,9.937392
1755400860951,0.29671,-0.000598,9.923036
1755400860955,0.248854,-0.007777,9.954441
1755400860956,0.311067,0.016152,9.779466
1755400860957,0.241675,-0.041276,9.829716
1755400860959,0.291924,-0.012562,9.882358
1755400860961,0.270389,0.001795,9.865608
1755400860964,0.241675,-0.038883,9.990334
1755400860968,0.282353,0.008973,9.829716
1755400860969,0.263211,-0.046062,9.932607
1755400860971,0.265603,-0.019741,9.822537
1755400860973,0.272782,-0.041276,9.877572
1755400860976,0.272782,-0.010169,9.875179
1755400860978,0.253639,-0.031705,9.889536
1755400860982,0.27996,-0.046062,9.899107
1755400860985,0.263211,-0.029312,9.863214
1755400860986,0.244068,-0.026919,9.923036
1755400860988,0.306281,-0.012562,9.829716
1755400860990,0.277567,-0.041276,9.952048
1755400860992,0.323031,-0.014955,9.793823
1755400860995,0.260818,-0.024526,9.973584
1755400860997,0.289532,0.018544,9.786645
1755400861000,0.227318,-0.024526,9.987941
1755400861003,0.337388,0.020937,9.798609
1755400861004,0.241675,-0.034098,9.925428
1755400861007,0.332602,-0.005384,9.82493
1755400861009,0.256032,-0.046062,9.920643
1755400861012,0.29671,0.001795,9.860822
1755400861014,0.246461,-0.050847,9.891929
1755400861017,0.284746,-0.019741,9.822537
1755400861020,0.253639,-0.065204,9.908679
1755400861022,0.277567,0.016152,9.875179
1755400861024,0.306281,-0.019741,9.908679
1755400861026,0.270389,-0.007777,9.88475
1755400861028,0.294317,-0.036491,9.887143
1755400861031,0.256032,-0.005384,9.899107
1755400861033,0.299103,-0.031705,9.868001
1755400861036,0.287139,-0.031705,9.896714
1755400861038,0.289532,-0.002991,9.865608
1755400861041,0.227318,-0.014955,9.937392
1755400861043,0.272782,-0.031705,9.832108
1755400861045,0.222533,-0.019741,9.937392
1755400861049,0.301496,0.008973,9.82493
1755400861050,0.246461,-0.041276,9.954441
1755400861054,0.31346,0.028116,9.853643
1755400861056,0.222533,-0.012562,9.927821
1755400861059,0.289532,-0.005384,9.832108
1755400861060,0.260818,-0.048455,9.934999
1755400861062,0.320638,0.001795,9.829716
1755400861065,0.217747,-0.036491,9.915857
1755400861067,0.289532,-0.041276,9.868001
1755400861069,0.234497,-0.034098,9.879965
1755400861071,0.318245,0.001795,9.860822
1755400861074,0.244068,-0.031705,9.896714
1755400861076,0.306281,-0.034098,9.834501
1755400861079,0.239282,-0.017348,10.019048
1755400861081,0.29671,-0.031705,9.722038
1755400861084,0.232104,-0.024526,9.966406
1755400861087,0.282353,0.035294,9.906285
1755400861091,0.260818,-0.017348,9.882358
1755400861092,0.287139,-0.029312,9.980762
1755400861093,0.248854,-0.005384,9.786645
1755400861095,0.29671,-0.074776,9.793823
1755400861099,0.289532,-0.014955,9.91825
1755400861100,0.289532,-0.005384,9.997512
1755400861103,0.277567,-0.000598,9.74836
1755400861105,0.265603,0.011366,9.964012
1755400861108,0.260818,-0.002991,9.952048
1755400861110,0.265603,-0.034098,9.784252
1755400861112,0.29671,-0.041276,9.889536
1755400861115,0.287139,-0.022134,9.942178
1755400861117,0.260818,-0.046062,9.839287
1755400861120,0.272782,-0.019741,9.827323
1755400861122,0.246461,-0.002991,10.021441
1755400861124,0.256032,0.008973,9.915857
1755400861127,0.272782,-0.024526,9.812965
1755400861129,0.282353,-0.055633,9.889536
1755400861132,0.27996,-0.012562,9.875179
1755400861134,0.267996,-0.002991,9.848858
1755400861137,0.294317,-0.019741,9.853643
1755400861139,0.306281,-0.017348,9.987941
1755400861141,0.272782,0.011366,9.875179
1755400861144,0.272782,-0.017348,9.872787
1755400861146,0.246461,-0.031705,9.856036
1755400861148,0.241675,-0.026919,9.856036
1755400861151,0.251246,0.00658,9.894321
1755400861154,0.258425,0.02333,9.875179
1755400861156,0.258425,-0.012562,9.956834
1755400861158,0.277567,-0.005384,9.875179
1755400861160,0.272782,0.004187,9.894321
1755400861163,0.277567,-0.005384,9.865608
1755400861165,0.275175,0.011366,9.875179
1755400861167,0.287139,-0.017348,9.937392
1755400861170,0.277567,-0.012562,9.798609
1755400861174,0.246461,-0.050847,9.942178
1755400861176,0.275175,0.004187,9.822537
1755400861177,0.282353,-0.038883,9.915857
1755400861181,0.308674,0.020937,9.846465
1755400861183,0.244068,0.008973,9.954441
1755400861184,0.303888,0.02333,9.832108
1755400861187,0.270389,-0.010169,9.947263
1755400861190,0.284746,-0.007777,9.836894
1755400861191,0.270389,-0.002991,9.923036
1755400861194,0.284746,-0.034098,9.839287
1755400861196,0.267996,-0.017348,9.896714
1755400861199,0.270389,-0.031705,9.920643
1755400861201,0.272782,0.042473,9.84168
1755400861203,0.251246,0.001795,9.911072
1755400861206,0.294317,-0.002991,9.812965
1755400861208,0.260818,-0.036491,9.937392
1755400861210,0.265603,-0.022134,9.801002
1755400861213,0.241675,-0.041276,9.927821
1755400861215,0.287139,-0.017348,9.805787
1755400861218,0.246461,-0.007777,9.966406
1755400861220,0.311067,0.001795,9.834501
1755400861224,0.258425,-0.041276,9.911072
1755400861225,0.275175,-0.017348,9.894321
1755400861228,0.224925,-0.017348,9.88475
1755400861230,0.267996,-0.031705,9.894321
1755400861232,0.287139,-0.014955,9.851251
1755400861234,0.263211,-0.034098,9.908679
1755400861237,0.287139,-0.031705,9.827323
1755400861240,0.275175,-0.026919,9.906285
1755400861242,0.306281,-0.010169,9.846465
1755400861244,0.287139,-0.036491,9.925428
1755400861246,0.267996,-0.041276,9.858429
1755400861249,0.248854,-0.029312,9.911072
1755400861252,0.256032,-0.005384,9.930214
1755400861254,0.275175,-0.026919,9.915857
1755400861257,0.248854,-0.029312,9.786645
1755400861259,0.272782,-0.017348,9.903893
1755400861261,0.263211,-0.022134,9.872787
1755400861263,0.294317,-0.031705,9.896714
1755400861266,0.282353,-0.022134,9.872787
1755400861268,0.251246,-0.026919,9.870394
1755400861271,0.277567,0.001795,9.887143
1755400861274,0.275175,-0.002991,9.911072
1755400861276,0.241675,-0.000598,9.863214
1755400861278,0.258425,0.001795,9.891929
1755400861280,0.282353,-0.031705,9.891929
1755400861283,0.289532,-0.026919,9.894321
1755400861285,0.282353,-0.007777,9.891929
1755400861287,0.256032,-0.014955,9.868001
1755400861290,0.246461,-0.014955,9.879965
1755400861292,0.248854,-0.007777,9.9015
1755400861295,0.256032,-0.010169,9.88475
1755400861297,0.29671,-0.026919,9.851251
1755400861299,0.299103,-0.048455,9.887143
1755400861302,0.267996,-0.000598,9.882358
1755400861304,0.265603,-0.024526,9.903893
1755400861307,0.267996,-0.034098,9.879965
1755400861311,0.260818,-0.022134,9.903893
1755400861312,0.289532,-0.022134,9.887143
1755400861313,0.253639,-0.034098,9.879965
1755400861316,0.234497,-0.019741,9.88475
1755400861318,0.284746,-0.024526,9.896714
1755400861320,0.275175,-0.024526,9.875179
1755400861324,0.265603,-0.000598,9.903893
1755400861326,0.270389,-0.019741,9.887143
1755400861328,0.272782,0.001795,9.882358
1755400861330,0.294317,-0.005384,9.88475
1755400861333,0.323031,-0.002991,9.88475
1755400861335,0.306281,-0.010169,9.848858
1755400861337,0.287139,-0.007777,9.851251
1755400861340,0.267996,-0.036491,9.860822
1755400861345,0.318245,-0.026919,9.896714
1755400861347,0.260818,-0.010169,9.88475
1755400861348,0.248854,-0.002991,9.896714
1755400861350,0.272782,-0.031705,9.870394
1755400861352,0.284746,-0.005384,9.894321
1755400861355,0.265603,-0.031705,9.887143
1755400861357,0.306281,-0.031705,9.872787
1755400861360,0.282353,-0.034098,9.882358
1755400861362,0.289532,-0.022134,9.860822
1755400861364,0.303888,-0.007777,9.887143
1755400861367,0.258425,-0.010169,9.875179
1755400861368,0.27996,-0.012562,9.908679
1755400861371,0.277567,-0.034098,9.894321
1755400861373,0.267996,0.004187,9.906285
1755400861376,0.291924,-0.029312,9.868001
1755400861379,0.275175,-0.022134,9.889536
1755400861381,0.287139,-0.022134,9.88475
1755400861384,0.263211,0.001795,9.913465
1755400861385,0.275175,-0.010169,9.865608
1755400861388,0.234497,-0.005384,9.911072
1755400861390,0.267996,-0.014955,9.9015
1755400861393,0.27996,0.011366,9.896714
1755400861396,0.263211,-0.000598,9.875179
1755400861397,0.270389,-0.038883,9.882358
1755400861400,0.27996,-0.026919,9.879965
1755400861403,0.29671,0.001795,9.889536
1755400861404,0.265603,-0.019741,9.872787
1755400861407,0.260818,-0.000598,9.88475
1755400861409,0.253639,-0.048455,9.88475
1755400861413,0.282353,-0.029312,9.894321
1755400861414,0.291924,-0.036491,9.863214
1755400861417,0.244068,-0.026919,9.9015
1755400861419,0.306281,0.004187,9.872787
1755400861422,0.263211,-0.014955,9.877572
1755400861424,0.251246,-0.034098,9.911072
1755400861427,0.256032,-0.024526,9.879965
1755400861428,0.248854,-0.026919,9.911072
1755400861431,0.270389,0.001795,9.875179
1755400861434,0.294317,-0.034098,9.877572
1755400861436,0.260818,-0.043669,9.863214
1755400861438,0.253639,-0.038883,9.865608
1755400861440,0.263211,-0.024526,9.877572
1755400861443,0.263211,-0.026919,9.899107
1755400861445,0.284746,-0.036491,9.889536
1755400861448,0.275175,-0.019741,9.870394
1755400861451,0.239282,-0.019741,9.815358
1755400861453,0.244068,-0.010169,9.767502
1755400861455,0.267996,0.00658,9.920643
1755400861458,0.275175,0.00658,9.923036
1755400861461,0.301496,-0.014955,9.879965
1755400861463,0.272782,-0.014955,9.879965
1755400861465,0.267996,-0.026919,9.882358
1755400861467,0.256032,-0.007777,9.91825
1755400861469,0.263211,0.018544,9.832108
1755400861472,0.258425,-0.046062,9.906285
1755400861474,0.294317,0.013759,10.03819
1755400861478,0.270389,0.020937,9.827323
1755400861480,0.239282,-0.055633,9.839287
1755400861482,0.284746,0.02333,9.836894
1755400861484,0.244068,-0.012562,9.966406
1755400861486,0.258425,-0.022134,9.983155
1755400861488,0.277567,-0.014955,9.796216
1755400861491,0.234497,-0.031705,9.805787
1755400861495,0.303888,-0.014955,9.891929
1755400861496,0.270389,-0.031705,9.91825
1755400861498,0.282353,-0.041276,9.966406
1755400861501,0.275175,0.035294,9.79143
1755400861503,0.246461,-0.041276,9.836894
1755400861506,0.258425,-0.010169,9.908679
1755400861507,0.256032,-0.026919,9.88475
1755400861512,0.208176,-0.043669,9.975977
1755400861513,0.287139,0.020937,9.805787
1755400861515,0.251246,-0.065204,9.899107
1755400861518,0.308674,-0.000598,9.906285
1755400861520,0.27996,-0.026919,9.879965
1755400861522,0.239282,-0.010169,9.875179
1755400861524,0.299103,-0.019741,9.891929
1755400861527,0.270389,-0.010169,9.908679
1755400861530,0.282353,-0.022134,9.865608
1755400861532,0.265603,-0.022134,9.865608
1755400861534,0.244068,-0.005384,9.853643
1755400861536,0.256032,-0.022134,9.906285
1755400861539,0.299103,-0.007777,9.858429
1755400861541,0.291924,-0.017348,9.9015
1755400861545,0.291924,0.011366,9.853643
1755400861547,0.267996,-0.000598,9.920643
1755400861548,0.272782,0.020937,9.891929
1755400861551,0.267996,-0.026919,9.870394
1755400861553,0.29671,-0.017348,9.872787
1755400861555,0.275175,-0.019741,9.899107
1755400861558,0.282353,-0.010169,9.877572
1755400861562,0.289532,-0.029312,9.875179
1755400861564,0.248854,0.020937,9.939785
1755400861565,0.291924,0.008973,9.820144
1755400861568,0.277567,-0.06999,9.956834
1755400861570,0.294317,0.042473,9.88475
1755400861572,0.241675,-0.024526,9.815358
1755400861575,0.27996,-0.058026,9.927821
1755400861577,0.339781,0.030508,9.834501
1755400861580,0.217747,-0.06999,9.937392
1755400861582,0.272782,0.00658,9.964012
1755400861584,0.289532,-0.019741,9.779466
1755400861587,0.241675,-0.062812,9.932607
1755400861589,0.308674,0.013759,9.858429
1755400861592,0.253639,-0.043669,9.875179
1755400861594,0.270389,0.004187,9.894321
1755400861597,0.308674,0.047258,9.846465
1755400861599,0.19352,-0.072383,9.889536
1755400861602,0.263211,-0.014955,9.913465
1755400861603,0.277567,0.05683,9.803394
1755400861606,0.256032,-0.101097,9.891929
1755400861608,0.332602,0.00658,9.906285
1755400861611,0.267996,0.04008,9.734002
1755400861614,0.234497,-0.093918,10.011869
1755400861616,0.327817,0.035294,9.952048
1755400861618,0.227318,-0.002991,9.870394
1755400861620,0.275175,-0.058026,9.88475
1755400861623,0.308674,0.028116,9.887143
1755400861625,0.215354,-0.048455,9.798609
1755400861628,0.267996,-0.024526,9.844072
1755400861631,0.272782,0.001795,9.736395
1755400861635,0.222533,-0.065204,10.019048
1755400861636,0.267996,0.001795,9.973584
1755400861637,0.256032,-0.050847,9.829716
1755400861639,0.246461,-0.041276,9.894321
1755400861642,0.284746,-0.002991,9.722038
1755400861644,0.22014,-0.043669,9.97837
1755400861648,0.258425,-0.005384,10.064511
1755400861650,0.265603,-0.05324,9.858429
1755400861651,0.272782,-0.026919,9.798609
1755400861654,0.294317,-0.026919,9.88475
1755400861656,0.299103,-0.048455,9.949656
1755400861659,0.277567,0.013759,9.690931
1755400861661,0.239282,-0.050847,9.920643
1755400861664,0.291924,-0.000598,10.066904
1755400861666,0.272782,-0.012562,9.832108
1755400861669,0.27996,-0.019741,9.82493
1755400861670,0.325424,-0.014955,9.920643
1755400861673,0.251246,-0.038883,9.80818
1755400861675,0.303888,-0.024526,9.877572
1755400861678,0.260818,-0.010169,9.930214
1755400861681,0.282353,-0.017348,9.920643
1755400861683,0.267996,-0.012562,9.853643
1755400861685,0.258425,-0.022134,9.84168
1755400861687,0.248854,-0.007777,9.983155
1755400861689,0.315853,-0.010169,9.844072
1755400861692,0.270389,-0.029312,9.923036
1755400861694,0.303888,-0.010169,9.91825
1755400861698,0.287139,-0.010169,9.786645
1755400861700,0.275175,-0.024526,9.82493
1755400861702,0.258425,-0.014955,9.956834
1755400861704,0.287139,-0.014955,9.911072
1755400861706,0.253639,-0.019741,9.853643
1755400861710,0.260818,0.00658,9.863214
1755400861711,0.246461,-0.036491,9.896714
1755400861714,0.289532,-0.007777,9.872787
1755400861717,0.256032,-0.005384,9.920643
1755400861719,0.275175,-0.012562,9.860822
1755400861721,0.246461,-0.000598,9.887143
1755400861723,0.227318,-0.002991,9.891929
1755400861725,0.270389,-0.007777,9.860822
1755400861728,0.253639,-0.022134,9.865608
1755400861731,0.234497,-0.05324,9.915857
1755400861734,0.299103,0.008973,9.858429
1755400861736,0.260818,-0.036491,9.942178
1755400861738,0.270389,-0.005384,9.865608
1755400861741,0.251246,-0.022134,9.868001
1755400861743,0.275175,-0.012562,9.930214
1755400861745,0.282353,-0.012562,9.882358
1755400861747,0.265603,-0.024526,9.860822
1755400861750,0.248854,-0.048455,9.877572
1755400861752,0.241675,0.001795,9.896714
1755400861755,0.244068,-0.019741,9.887143
1755400861757,0.239282,-0.017348,9.863214
1755400861759,0.246461,-0.014955,9.899107
1755400861761,0.265603,-0.005384,9.865608
1755400861764,0.299103,-0.026919,9.872787
1755400861768,0.311067,-0.036491,9.891929
1755400861769,0.287139,-0.034098,9.875179
1755400861771,0.282353,-0.019741,9.882358
1755400861774,0.282353,-0.012562,9.879965
1755400861776,0.277567,-0.026919,9.879965
1755400861779,0.277567,-0.019741,9.877572
1755400861781,0.267996,-0.012562,9.903893
1755400861784,0.272782,-0.026919,9.903893
1755400861788,0.272782,-0.005384,9.877572
1755400861789,0.267996,-0.000598,9.887143
1755400861792,0.282353,-0.000598,9.88475
1755400861793,0.287139,-0.041276,9.877572
1755400861796,0.272782,-0.026919,9.899107
1755400861797,0.248854,-0.017348,9.88475
1755400861800,0.27996,-0.007777,9.870394
1755400861802,0.306281,-0.002991,9.879965
1755400861804,0.282353,-0.002991,9.913465
1755400861807,0.267996,-0.022134,9.9015
1755400861809,0.282353,-0.007777,9.899107
1755400861812,0.265603,0.016152,9.868001
1755400861814,0.289532,-0.002991,9.937392
1755400861818,0.287139,0.001795,9.839287
1755400861820,0.246461,0.004187,9.872787
1755400861821,0.258425,-0.024526,9.894321
1755400861824,0.270389,0.00658,9.877572
1755400861827,0.306281,-0.012562,9.908679
1755400861829,0.263211,0.02333,9.868001
1755400861831,0.244068,-0.000598,9.944571
1755400861835,0.232104,-0.007777,9.865608
1755400861837,0.215354,-0.031705,9.9015
1755400861838,0.265603,-0.002991,9.860822
1755400861841,0.284746,-0.043669,9.875179
1755400861843,0.284746,-0.048455,9.896714
1755400861845,0.275175,-0.029312,9.887143
1755400861848,0.303888,-0.014955,9.872787
1755400861852,0.256032,-0.046062,9.920643
1755400861855,0.294317,-0.024526,9.887143
1755400861856,0.27996,-0.019741,9.870394
1755400861858,0.284746,-0.022134,9.899107
1755400861860,0.263211,-0.014955,9.899107
1755400861862,0.287139,-0.007777,9.870394
1755400861865,0.232104,-0.002991,9.875179
1755400861869,0.260818,-0.029312,9.870394
1755400861870,0.248854,-0.026919,9.88475
1755400861872,0.241675,-0.024526,9.88475
1755400861874,0.222533,-0.048455,9.870394
1755400861876,0.289532,0.00658,9.860822
1755400861879,0.282353,-0.002991,9.911072
1755400861881,0.239282,-0.019741,9.908679
1755400861884,0.294317,-0.005384,9.844072
1755400861886,0.253639,-0.031705,9.920643
1755400861889,0.251246,-0.029312,9.9015
1755400861891,0.258425,-0.041276,9.879965
1755400861893,0.263211,-0.024526,9.889536
1755400861896,0.272782,-0.031705,9.868001
1755400861898,0.289532,-0.022134,9.882358
1755400861901,0.224925,-0.034098,9.872787
1755400861904,0.234497,-0.002991,9.851251
1755400861905,0.272782,-0.026919,9.913465
1755400861908,0.272782,0.00658,9.868001
1755400861910,0.277567,-0.002991,9.899107
1755400861913,0.284746,-0.034098,9.891929
1755400861915,0.27996,-0.010169,9.925428
1755400861917,0.277567,-0.002991,9.891929
1755400861921,0.265603,0.013759,9.889536
1755400861923,0.267996,-0.024526,9.889536
1755400861925,0.265603,-0.017348,9.889536
1755400861927,0.244068,-0.034098,9.863214
1755400861930,0.29671,0.00658,9.903893
1755400861932,0.267996,-0.014955,9.9015
1755400861934,0.270389,-0.014955,9.879965
1755400861939,0.275175,-0.050847,9.915857
1755400861940,0.284746,-0.014955,9.870394
1755400861942,0.301496,-0.041276,9.846465
1755400861944,0.270389,-0.034098,9.882358
1755400861946,0.277567,0.020937,9.856036
1755400861948,0.303888,-0.024526,9.882358
1755400861951,0.258425,0.008973,9.84168
1755400861954,0.284746,-0.029312,9.896714
1755400861955,0.272782,-0.048455,10.078868
1755400861958,0.294317,0.011366,9.765109
1755400861961,0.256032,0.001795,10.098011
1755400861963,0.289532,-0.017348,9.729217
1755400861965,0.239282,-0.026919,10.002297
1755400861968,0.291924,-0.002991,9.789038
1755400861972,0.229711,-0.019741,9.959227
1755400861973,0.284746,0.018544,9.781859
1755400861975,0.229711,-0.043669,9.968799
1755400861977,0.334995,0.008973,9.810573
1755400861979,0.229711,-0.014955,9.971191
1755400861982,0.306281,-0.002991,9.810573
1755400861984,0.246461,-0.010169,9.964012
1755400861988,0.277567,-0.002991,9.789038
1755400861990,0.241675,-0.05324,10.00469
1755400861992,0.303888,-0.007777,9.753145
1755400861994,0.239282,-0.024526,10.016655
1755400861996,0.294317,0.001795,9.719646
1755400861999,0.229711,-0.012562,10.028619
1755400862001,0.306281,0.001795,9.741181
1755400862004,0.229711,-0.036491,9.995119
1755400862007,0.29671,0.001795,9.729217
1755400862009,0.253639,-0.043669,9.995119
1755400862011,0.289532,0.004187,9.741181
1755400862013,0.210568,-0.014955,9.894321
1755400862015,0.27996,0.001795,9.877572
1755400862018,0.227318,-0.038883,9.906285
1755400862022,0.256032,0.011366,9.891929
1755400862023,0.227318,-0.017348,9.992726
1755400862025,0.299103,-0.029312,9.829716
1755400862027,0.260818,-0.012562,9.9015
1755400862030,0.27996,-0.002991,9.875179
1755400862032,0.270389,-0.017348,9.781859
1755400862035,0.306281,-0.019741,9.870394
1755400862039,0.256032,-0.019741,9.906285
1755400862040,0.251246,-0.046062,9.738789
1755400862043,0.306281,-0.002991,10.00469
1755400862044,0.282353,-0.005384,9.973584
1755400862047,0.277567,-0.007777,9.736395
1755400862049,0.236889,-0.038883,9.805787
1755400862052,0.275175,-0.000598,9.805787
1755400862054,0.248854,-0.031705,9.942178
1755400862057,0.303888,-0.029312,9.939785
1755400862059,0.234497,-0.029312,9.949656
1755400862061,0.265603,-0.031705,9.817751
1755400862063,0.241675,-0.005384,9.896714
1755400862066,0.253639,-0.014955,9.805787
1755400862068,0.258425,-0.019741,10.002297
1755400862072,0.251246,-0.010169,10.033404
1755400862076,0.244068,-0.014955,9.669396
1755400862077,0.277567,-0.014955,9.765109
1755400862078,0.236889,0.018544,10.016655
1755400862081,0.256032,-0.014955,9.911072
1755400862082,0.248854,0.00658,9.772287
1755400862085,0.234497,0.004187,9.949656
1755400862087,0.291924,0.001795,9.812965
1755400862090,0.282353,-0.014955,9.942178
1755400862092,0.289532,-0.046062,10.023833
1755400862095,0.265603,-0.005384,9.724431
1755400862097,0.253639,-0.010169,9.79143
1755400862099,0.284746,-0.007777,10.019048
1755400862102,0.263211,-0.012562,9.930214
1755400862104,0.263211,-0.005384,9.745967
1755400862107,0.239282,-0.017348,9.952048
1755400862109,0.27996,-0.007777,9.983155
1755400862111,0.239282,-0.014955,9.79143
1755400862114,0.253639,-0.060419,9.77468
1755400862116,0.294317,-0.017348,9.949656
1755400862119,0.251246,0.001795,10.014262
1755400862121,0.289532,-0.010169,9.767502
1755400862124,0.284746,-0.010169,9.906285
1755400862126,0.282353,-0.002991,9.983155
1755400862128,0.270389,-0.031705,9.815358
1755400862131,0.244068,-0.048455,9.762716
1755400862133,0.311067,0.011366,9.937392
1755400862135,0.284746,0.02333,10.002297
1755400862138,0.265603,0.049651,9.810573
1755400862142,0.263211,-0.026919,9.896714
1755400862144,0.299103,-0.038883,9.875179
1755400862145,0.289532,-0.036491,9.887143
1755400862147,0.277567,-0.000598,9.894321
1755400862150,0.263211,0.011366,9.875179
1755400862152,0.29671,0.008973,9.889536
1755400862155,0.299103,-0.055633,9.822537
1755400862158,0.325424,-0.036491,9.903893
1755400862160,0.299103,-0.017348,9.942178
1755400862162,0.275175,0.011366,9.887143
1755400862164,0.270389,-0.041276,9.868001
1755400862166,0.272782,-0.036491,9.88475
1755400862169,0.241675,-0.036491,9.88475
1755400862171,0.246461,-0.010169,9.856036
1755400862175,0.277567,-0.050847,9.896714
1755400862177,0.241675,-0.024526,9.915857
1755400862180,0.265603,0.037687,9.894321
1755400862181,0.27996,0.013759,9.875179
1755400862183,0.282353,-0.017348,9.899107
1755400862186,0.299103,-0.031705,9.860822
1755400862188,0.265603,-0.007777,9.891929
1755400862192,0.265603,-0.017348,9.875179
1755400862194,0.267996,-0.038883,9.877572
1755400862195,0.239282,-0.012562,9.882358
1755400862198,0.289532,-0.005384,9.875179
1755400862200,0.263211,-0.012562,9.879965
1755400862202,0.29671,-0.022134,9.875179
1755400862205,0.267996,-0.022134,9.891929
1755400862209,0.267996,-0.024526,9.879965
1755400862210,0.272782,-0.031705,9.882358
1755400862212,0.299103,-0.043669,9.882358
1755400862214,0.287139,-0.012562,9.863214
1755400862217,0.289532,-0.010169,9.882358
1755400862219,0.291924,-0.007777,9.908679
1755400862222,0.277567,-0.014955,9.88475
1755400862224,0.258425,-0.038883,9.875179
1755400862227,0.270389,-0.031705,9.896714
1755400862229,0.239282,-0.014955,9.879965
1755400862231,0.275175,-0.024526,9.872787
1755400862233,0.241675,-0.029312,9.877572
1755400862236,0.260818,-0.029312,9.882358
1755400862239,0.277567,0.00658,9.870394
1755400862241,0.267996,-0.026919,9.894321
1755400862243,0.272782,-0.000598,9.891929
1755400862246,0.299103,-0.012562,9.891929
1755400862248,0.294317,-0.024526,9.875179
1755400862250,0.234497,-0.046062,9.896714
1755400862253,0.299103,-0.026919,9.870394
1755400862256,0.275175,-0.010169,9.879965
1755400862257,0.27996,-0.029312,9.896714
1755400862260,0.277567,0.013759,9.858429
1755400862263,0.287139,-0.038883,9.88475
1755400862265,0.291924,-0.012562,9.88475
1755400862267,0.299103,-0.017348,9.877572
1755400862269,0.275175,-0.002991,9.889536
1755400862272,0.244068,-0.014955,9.88475
1755400862274,0.246461,-0.043669,9.875179
1755400862277,0.234497,-0.029312,9.877572
1755400862280,0.289532,-0.022134,9.891929
1755400862281,0.282353,-0.007777,9.891929
1755400862284,0.258425,-0.017348,9.894321
1755400862286,0.263211,-0.000598,9.9015
1755400862289,0.284746,-0.031705,9.88475
1755400862291,0.232104,0.008973,9.899107
1755400862294,0.256032,-0.014955,9.870394
1755400862298,0.282353,-0.034098,9.894321
1755400862299,0.284746,-0.005384,9.870394
1755400862301,0.256032,0.016152,9.872787
1755400862303,0.275175,-0.019741,9.9015
1755400862306,0.270389,-0.034098,9.88475
1755400862308,0.275175,-0.002991,9.877572
1755400862311,0.275175,0.001795,9.889536
1755400862313,0.272782,-0.019741,9.906285
1755400862315,0.306281,-0.029312,9.848858
1755400862318,0.263211,-0.043669,9.863214
1755400862320,0.263211,-0.002991,9.879965
1755400862322,0.253639,-0.034098,9.868001
1755400862324,0.289532,-0.029312,9.9015
1755400862328,0.267996,-0.002991,9.923036
1755400862330,0.263211,-0.000598,9.865608
1755400862332,0.263211,-0.046062,9.865608
1755400862334,0.272782,-0.029312,9.865608
1755400862337,0.289532,-0.002991,9.927821
1755400862339,0.277567,-0.000598,9.88475
1755400862342,0.291924,-0.012562,9.899107
1755400862346,0.224925,-0.024526,9.865608
1755400862347,0.260818,-0.012562,9.896714
1755400862349,0.251246,-0.05324,9.875179
1755400862351,0.241675,-0.005384,9.903893
1755400862353,0.275175,-0.038883,9.848858
1755400862356,0.239282,-0.014955,9.896714
1755400862358,0.301496,-0.024526,9.836894
1755400862362,0.224925,0.004187,9.913465
1755400862365,0.299103,-0.002991,9.844072
1755400862366,0.270389,-0.034098,9.91825
1755400862368,0.244068,-0.007777,9.870394
1755400862370,0.263211,0.013759,9.903893
1755400862373,0.272782,-0.024526,9.896714
1755400862375,0.282353,-0.002991,9.891929
1755400862379,0.270389,-0.026919,9.896714
1755400862380,0.270389,-0.019741,9.891929
1755400862382,0.311067,-0.038883,9.906285
1755400862385,0.263211,-0.036491,9.836894
1755400862387,0.258425,-0.014955,9.930214
1755400862390,0.256032,0.004187,9.817751
1755400862392,0.275175,-0.038883,9.947263
1755400862395,0.29671,-0.010169,9.834501
1755400862397,0.289532,-0.043669,9.968799
1755400862399,0.334995,0.013759,9.82493
1755400862402,0.260818,-0.05324,9.961619
1755400862404,0.29671,-0.010169,9.805787
1755400862406,0.217747,-0.017348,9.985548
1755400862409,0.287139,0.035294,9.767502
1755400862411,0.248854,-0.046062,9.985548
1755400862415,0.272782,-0.000598,9.74836
1755400862416,0.244068,-0.038883,10.016655
1755400862418,0.29671,0.004187,9.765109
1755400862420,0.236889,-0.050847,10.040583
1755400862424,0.29671,0.018544,9.738789
1755400862425,0.248854,-0.026919,10.047761
1755400862428,0.31346,0.032901,9.745967
1755400862430,0.210568,-0.048455,10.03819
1755400862433,0.339781,0.054437,9.777073
1755400862435,0.210568,-0.043669,9.975977
1755400862438,0.282353,0.025723,9.779466
1755400862440,0.229711,-0.065204,9.930214
1755400862443,0.287139,0.025723,9.781859
1755400862444,0.248854,-0.048455,9.932607
1755400862448,0.291924,0.016152,9.834501
1755400862450,0.284746,-0.043669,9.865608
1755400862452,0.224925,0.004187,9.9015
1755400862455,0.253639,-0.017348,9.805787
1755400862457,0.227318,-0.024526,10.00469
1755400862459,0.282353,0.016152,9.779466
1755400862461,0.229711,-0.065204,10.059726
1755400862464,0.337388,0.044865,9.760324
1755400862467,0.234497,-0.077169,9.939785
1755400862468,0.31346,0.011366,9.777073
1755400862471,0.248854,-0.046062,9.875179
1755400862473,0.246461,-0.010169,9.827323
1755400862475,0.27996,-0.029312,9.906285
1755400862478,0.258425,0.001795,9.906285
1755400862481,0.282353,0.00658,9.932607
1755400862484,0.267996,-0.031705,9.913465
1755400862485,0.282353,0.004187,9.829716
1755400862488,0.234497,-0.036491,9.923036
1755400862490,0.299103,0.013759,9.810573
1755400862492,0.241675,-0.034098,9.964012
1755400862495,0.29671,0.001795,9.789038
1755400862498,0.260818,-0.017348,9.944571
1755400862500,0.301496,-0.019741,9.844072
1755400862502,0.256032,-0.046062,9.913465
1755400862505,0.277567,0.001795,9.877572
1755400862507,0.241675,-0.014955,9.896714
1755400862509,0.253639,0.011366,9.872787
1755400862511,0.29671,-0.041276,9.911072
1755400862515,0.263211,-0.005384,9.863214
1755400862518,0.260818,-0.019741,9.915857
1755400862519,0.289532,0.001795,9.817751
1755400862521,0.299103,-0.022134,9.939785
1755400862524,0.284746,0.001795,9.815358
1755400862526,0.287139,-0.022134,9.934999
1755400862528,0.272782,0.02333,9.832108
1755400862533,0.241675,-0.026919,9.944571
1755400862535,0.27996,0.004187,9.805787
1755400862536,0.239282,-0.005384,9.932607
1755400862538,0.253639,-0.000598,9.856036
1755400862541,0.253639,-0.034098,9.906285
1755400862543,0.287139,-0.014955,9.860822
1755400862545,0.291924,-0.041276,9.927821
1755400862549,0.263211,-0.002991,9.868001
1755400862550,0.277567,-0.017348,9.877572
1755400862552,0.244068,0.018544,9.868001
1755400862555,0.222533,-0.019741,9.877572
1755400862557,0.241675,-0.029312,9.911072
1755400862559,0.253639,-0.026919,9.911072
1755400862562,0.263211,-0.026919,9.887143
1755400862566,0.267996,-0.031705,9.915857
1755400862567,0.256032,-0.022134,9.856036
1755400862569,0.27996,-0.022134,9.868001
1755400862571,0.27996,-0.014955,9.887143
1755400862574,0.248854,-0.017348,9.908679
1755400862576,0.277567,0.016152,9.868001
1755400862579,0.287139,-0.05324,9.894321
1755400862581,0.301496,-0.002991,9.865608
1755400862585,0.282353,-0.050847,9.949656
1755400862587,0.270389,0.037687,9.812965
1755400862588,0.246461,-0.031705,9.961619
1755400862591,0.284746,0.013759,9.786645
1755400862593,0.27996,-0.007777,9.997512
1755400862595,0.327817,0.016152,9.781859
1755400862598,0.248854,-0.058026,10.033404
1755400862600,0.294317,-0.002991,9.738789
1755400862603,0.270389,-0.050847,10.021441
1755400862606,0.308674,0.025723,9.755538
1755400862608,0.260818,-0.05324,9.915857
1755400862610,0.284746,-0.005384,9.817751
1755400862612,0.224925,-0.036491,9.973584
1755400862614,0.277567,0.008973,9.839287
1755400862617,0.215354,-0.002991,10.002297
1755400862620,0.325424,0.00658,9.777073
1755400862622,0.253639,0.013759,10.016655
1755400862624,0.320638,0.011366,9.793823
1755400862626,0.253639,0.004187,9.944571
1755400862629,0.31346,0.001795,9.872787
1755400862631,0.265603,-0.022134,9.88475
1755400862634,0.282353,-0.067597,9.899107
1755400862636,0.29671,-0.029312,9.779466
1755400862639,0.306281,-0.060419,9.899107
1755400862641,0.311067,-0.012562,9.820144
1755400862643,0.239282,-0.017348,9.973584
1755400862646,0.27996,-0.010169,9.839287
1755400862648,0.244068,-0.026919,9.975977
1755400862650,0.29671,-0.005384,9.815358
1755400862653,0.270389,-0.031705,9.908679
1755400862655,0.287139,-0.026919,9.882358
1755400862658,0.287139,-0.026919,9.832108
1755400862660,0.272782,-0.019741,9.9015
1755400862663,0.267996,0.016152,9.875179
1755400862665,0.251246,0.004187,9.942178
1755400862669,0.287139,-0.010169,9.84168
1755400862671,0.282353,-0.014955,9.891929
1755400862672,0.282353,-0.034098,9.894321
1755400862675,0.256032,-0.026919,9.839287
1755400862677,0.272782,-0.048455,9.877572
1755400862679,0.260818,-0.017348,9.827323
1755400862682,0.267996,0.001795,9.959227
1755400862685,0.265603,-0.002991,9.856036
1755400862689,0.222533,-0.022134,9.920643
1755400862690,0.244068,-0.048455,9.88475
1755400862691,0.27996,-0.050847,9.858429
1755400862694,0.294317,-0.041276,9.865608
1755400862696,0.29671,-0.007777,9.844072
1755400862698,0.258425,0.011366,9.954441
1755400862703,0.294317,-0.007777,9.832108
1755400862704,0.253639,-0.024526,9.956834
1755400862706,0.277567,-0.000598,9.882358
1755400862708,0.27996,-0.024526,9.875179
1755400862711,0.306281,-0.026919,9.836894
1755400862713,0.265603,-0.005384,9.887143
1755400862715,0.244068,-0.019741,9.947263
1755400862720,0.263211,-0.010169,9.832108
1755400862721,0.287139,-0.002991,9.908679
1755400862723,0.270389,-0.024526,9.906285
1755400862725,0.272782,-0.036491,9.832108
1755400862728,0.256032,-0.024526,9.868001
1755400862730,0.253639,0.018544,9.913465
1755400862732,0.260818,-0.010169,9.949656
1755400862736,0.260818,-0.005384,9.798609
1755400862738,0.301496,0.00658,9.927821
1755400862739,0.282353,-0.007777,9.944571
1755400862743,0.267996,-0.048455,9.80818
1755400862744,0.267996,-0.034098,9.851251
1755400862746,0.301496,-0.014955,9.942178
1755400862749,0.258425,-0.014955,9.959227
1755400862752,0.272782,-0.014955,9.803394
1755400862754,0.282353,-0.010169,9.937392
1755400862756,0.265603,-0.050847,9.903893
1755400862759,0.267996,-0.007777,9.781859
1755400862761,0.270389,-0.010169,9.891929
1755400862763,0.284746,-0.002991,9.927821
1755400862766,0.258425,-0.022134,9.942178
1755400862769,0.265603,-0.022134,9.891929
1755400862771,0.267996,-0.048455,9.834501
1755400862773,0.260818,-0.050847,9.9015
1755400862775,0.27996,0.028116,9.889536
1755400862778,0.246461,0.00658,9.947263
1755400862780,0.229711,0.016152,9.887143
1755400862782,0.244068,-0.058026,9.870394
1755400862785,0.265603,-0.041276,9.860822
1755400862788,0.294317,-0.005384,9.853643
1755400862790,0.277567,-0.024526,9.961619
1755400862792,0.277567,-0.017348,9.827323
1755400862795,0.260818,-0.050847,9.906285
1755400862797,0.306281,-0.043669,9.887143
1755400862799,0.253639,-0.024526,9.868001
1755400862801,0.287139,-0.010169,9.875179
1755400862804,0.277567,-0.000598,9.865608
1755400862806,0.277567,-0.022134,9.91825
1755400862810,0.253639,-0.024526,9.9015
1755400862811,0.294317,-0.017348,9.868001
1755400862813,0.256032,-0.000598,9.908679
1755400862816,0.256032,-0.012562,9.887143
1755400862818,0.260818,-0.022134,9.88475
1755400862822,0.272782,-0.024526,9.84168
1755400862824,0.270389,0.00658,9.908679
1755400862826,0.248854,-0.029312,9.877572
1755400862828,0.251246,-0.019741,9.870394
1755400862830,0.323031,-0.022134,9.88475
1755400862833,0.272782,-0.017348,9.882358
1755400862835,0.267996,-0.022134,9.88475
1755400862839,0.256032,-0.005384,9.844072
1755400862842,0.253639,-0.026919,9.879965
1755400862843,0.267996,-0.05324,9.870394
1755400862845,0.265603,-0.012562,9.913465
1755400862847,0.284746,-0.019741,9.894321
1755400862850,0.27996,-0.029312,9.966406
1755400862852,0.287139,-0.017348,9.848858
1755400862855,0.318245,-0.05324,9.923036
1755400862856,0.31346,-0.060419,9.844072
1755400862859,0.294317,-0.031705,9.870394
1755400862862,0.179163,0.025723,9.879965
1755400862864,0.270389,-0.019741,9.88475
1755400862866,0.299103,-0.017348,9.954441
1755400862869,0.301496,0.00658,9.911072
1755400862872,0.29671,0.025723,9.923036
1755400862873,0.256032,-0.038883,9.887143
1755400862876,0.265603,-0.031705,9.865608
1755400862879,0.256032,-0.000598,9.889536
1755400862881,0.256032,-0.017348,9.879965
1755400862883,0.275175,-0.010169,9.887143
1755400862886,0.260818,-0.043669,9.851251
1755400862888,0.289532,-0.031705,9.870394
1755400862892,0.284746,-0.036491,9.915857
1755400862894,0.258425,-0.005384,9.860822
1755400862897,0.291924,-0.022134,9.870394
1755400862899,0.275175,-0.007777,9.925428
1755400862900,0.284746,-0.031705,9.74836
1755400862902,0.256032,-0.048455,9.939785
1755400862906,0.323031,-0.000598,9.983155
1755400862907,0.267996,0.001795,9.805787
1755400862910,0.27996,0.013759,9.757931
1755400862912,0.267996,-0.029312,10.011869
1755400862914,0.284746,0.001795,10.002297
1755400862916,0.284746,-0.017348,9.784252
1755400862919,0.258425,-0.031705,9.750752
1755400862923,0.289532,-0.007777,9.992726
1755400862924,0.265603,-0.026919,9.942178
1755400862926,0.29671,0.02333,9.736395
1755400862928,0.277567,0.001795,9.995119
1755400862931,0.244068,-0.050847,9.949656
1755400862933,0.263211,-0.029312,9.755538
1755400862936,0.244068,-0.022134,9.939785
1755400862938,0.253639,-0.017348,9.88475
1755400862941,0.232104,-0.002991,9.923036
1755400862945,0.263211,-0.012562,9.891929
1755400862946,0.263211,-0.031705,9.822537
1755400862947,0.270389,-0.029312,9.879965
1755400862950,0.291924,0.013759,9.88475
1755400862952,0.229711,-0.012562,9.887143
1755400862955,0.246461,-0.022134,9.851251
1755400862958,0.277567,-0.038883,9.913465
1755400862960,0.287139,-0.005384,9.817751
1755400862962,0.217747,-0.026919,9.875179
1755400862964,0.246461,-0.007777,9.889536
1755400862967,0.267996,-0.026919,9.891929
1755400862969,0.277567,-0.026919,9.856036
1755400862972,0.294317,-0.060419,10.014262
1755400862974,0.263211,-0.048455,9.822537
1755400862977,0.289532,-0.031705,9.877572
1755400862979,0.282353,-0.029312,9.927821
1755400862982,0.16002,-0.007777,9.757931
1755400862983,0.306281,-0.050847,9.882358
1755400862986,0.258425,-0.026919,9.889536
1755400862988,0.234497,-0.019741,9.88475
1755400862991,0.248854,-0.005384,9.868001
1755400862994,0.308674,-0.022134,9.975977
1755400862995,0.294317,-0.046062,9.920643
1755400862998,0.256032,-0.022134,9.856036
1755400863000,0.251246,-0.024526,9.848858
1755400863003,0.29671,-0.017348,9.891929
1755400863005,0.272782,-0.029312,9.872787
1755400863008,0.265603,-0.017348,9.844072
1755400863010,0.265603,-0.012562,9.894321
1755400863013,0.287139,-0.010169,9.899107
1755400863015,0.294317,-0.012562,9.896714
1755400863017,0.287139,0.018544,9.858429
1755400863020,0.253639,-0.012562,9.877572
1755400863022,0.272782,-0.031705,9.896714
1755400863025,0.282353,-0.014955,9.934999
1755400863027,0.270389,-0.005384,9.803394
1755400863029,0.267996,-0.010169,9.973584
1755400863032,0.253639,0.025723,9.939785
1755400863034,0.291924,-0.019741,9.815358
1755400863036,0.291924,-0.048455,9.82493
1755400863039,0.272782,-0.010169,9.908679
1755400863042,0.260818,0.008973,9.906285
1755400863044,0.301496,0.020937,9.870394
1755400863046,0.282353,-0.038883,9.872787
1755400863049,0.294317,-0.034098,9.860822
1755400863051,0.301496,-0.034098,9.894321
1755400863054,0.258425,-0.026919,9.889536
1755400863055,0.256032,-0.022134,9.848858
1755400863059,0.289532,-0.024526,9.891929
1755400863063,0.301496,0.00658,9.872787
1755400863065,0.270389,-0.014955,9.899107
1755400863066,0.31346,-0.034098,9.891929
1755400863068,0.289532,-0.007777,9.877572
1755400863070,0.265603,-0.038883,9.889536
1755400863072,0.31346,-0.000598,9.903893
1755400863076,0.270389,-0.017348,9.877572
1755400863077,0.236889,-0.002991,9.872787
1755400863079,0.263211,-0.002991,9.887143
1755400863082,0.267996,-0.026919,9.882358
1755400863084,0.265603,-0.007777,9.879965
1755400863086,0.315853,-0.007777,9.868001
1755400863089,0.294317,-0.002991,9.891929
1755400863092,0.282353,0.004187,9.896714
1755400863094,0.306281,-0.026919,9.899107
1755400863097,0.275175,-0.014955,9.863214
1755400863098,0.287139,-0.005384,9.88475
1755400863101,0.229711,0.008973,9.896714
1755400863103,0.272782,-0.022134,9.88475
1755400863105,0.229711,-0.022134,9.851251
1755400863108,0.265603,-0.031705,9.899107
1755400863111,0.344566,-0.026919,9.925428
1755400863113,0.299103,-0.019741,9.82493
1755400863115,0.263211,-0.000598,9.829716
1755400863118,0.301496,-0.036491,9.896714
1755400863120,0.260818,-0.031705,9.923036
1755400863122,0.284746,-0.043669,9.9015
1755400863125,0.277567,-0.026919,9.860822
1755400863128,0.294317,-0.017348,9.913465
1755400863130,0.275175,-0.029312,9.9015
1755400863132,0.263211,-0.010169,9.865608
1755400863135,0.270389,0.004187,9.877572
1755400863137,0.239282,-0.017348,9.803394
1755400863139,0.232104,0.020937,9.836894
1755400863144,0.253639,0.020937,9.848858
1755400863145,0.284746,-0.014955,9.9015
1755400863147,0.291924,-0.017348,9.9015
1755400863149,0.29671,-0.029312,9.923036
1755400863151,0.301496,-0.005384,9.932607
1755400863153,0.256032,-0.017348,9.882358
1755400863156,0.275175,-0.019741,9.915857
1755400863158,0.239282,-0.014955,9.848858
1755400863161,0.277567,-0.017348,9.870394
1755400863164,0.282353,-0.036491,9.91825
1755400863166,0.294317,-0.026919,9.9015
1755400863168,0.272782,-0.031705,9.875179
1755400863171,0.248854,-0.012562,9.894321
1755400863173,0.248854,-0.024526,9.903893
1755400863176,0.263211,-0.005384,9.889536
1755400863179,0.277567,-0.038883,9.889536
1755400863180,0.260818,-0.019741,9.894321
1755400863184,0.258425,-0.007777,9.899107
1755400863185,0.289532,0.00658,9.903893
1755400863187,0.265603,-0.019741,9.88475
1755400863190,0.311067,-0.036491,9.889536
1755400863192,0.272782,-0.007777,9.980762
1755400863195,0.248854,-0.012562,9.810573
1755400863197,0.248854,-0.034098,9.805787
1755400863200,0.284746,0.008973,9.968799
1755400863201,0.270389,-0.014955,9.906285
1755400863204,0.282353,0.008973,9.834501
1755400863207,0.267996,0.00658,9.848858
1755400863209,0.275175,0.013759,9.968799
1755400863212,0.224925,-0.031705,9.836894
1755400863214,0.253639,-0.026919,9.779466
1755400863216,0.282353,-0.012562,10.07169
1755400863219,0.287139,-0.005384,9.801002
1755400863221,0.263211,0.011366,9.844072
1755400863223,0.248854,-0.05324,10.021441
1755400863226,0.260818,-0.031705,9.705289
1755400863229,0.301496,-0.002991,10.035797
1755400863234,0.246461,0.02333,9.767502
1755400863235,0.263211,0.016152,9.899107
1755400863237,0.263211,-0.029312,9.82493
1755400863239,0.265603,-0.072383,9.82493
1755400863241,0.236889,-0.010169,10.002297
1755400863243,0.253639,0.018544,9.949656
1755400863246,0.251246,-0.019741,9.889536
1755400863248,0.263211,-0.050847,9.741181
1755400863250,0.270389,-0.05324,9.882358
1755400863252,0.29671,0.052044,9.894321
1755400863254,0.253639,0.008973,9.856036
1755400863257,0.29671,-0.077169,9.868001
1755400863259,0.27996,-0.050847,9.913465
1755400863263,0.258425,0.047258,9.975977
1755400863264,0.260818,0.001795,9.812965
1755400863266,0.265603,-0.050847,9.903893
1755400863268,0.277567,-0.012562,9.937392
1755400863271,0.272782,0.035294,9.930214
1755400863273,0.251246,-0.022134,9.810573
1755400863276,0.272782,-0.101097,9.827323
1755400863279,0.299103,-0.005384,9.879965
1755400863281,0.277567,0.044865,9.889536
1755400863283,0.251246,-0.060419,9.856036
1755400863285,0.253639,-0.091525,9.868001
1755400863288,0.248854,0.04008,9.980762
1755400863290,0.282353,0.054437,9.930214
1755400863293,0.299103,-0.043669,9.827323
1755400863297,0.265603,-0.077169,9.856036
1755400863298,0.263211,0.047258,9.932607
1755400863300,0.265603,0.05683,9.899107
1755400863303,0.289532,-0.05324,9.827323
1755400863304,0.270389,-0.067597,9.863214
1755400863307,0.270389,0.013759,9.915857
1755400863309,0.277567,-0.002991,9.846465
1755400863312,0.272782,-0.089133,9.858429
1755400863315,0.282353,-0.005384,9.925428
1755400863316,0.256032,0.049651,9.887143
1755400863319,0.260818,-0.022134,9.853643
1755400863321,0.267996,-0.050847,9.896714
1755400863324,0.27996,-0.002991,9.925428
1755400863326,0.256032,0.02333,9.887143
1755400863329,0.256032,-0.093918,9.829716
1755400863331,0.260818,-0.055633,9.875179
1755400863333,0.272782,0.032901,9.952048
1755400863336,0.251246,0.011366,9.868001
1755400863338,0.301496,-0.050847,9.877572
1755400863341,0.277567,-0.026919,9.889536
1755400863344,0.275175,0.030508,9.906285
1755400863345,0.299103,-0.022134,9.896714
1755400863349,0.294317,-0.055633,9.856036
1755400863350,0.272782,-0.022134,9.882358
1755400863353,0.289532,-0.000598,9.894321
1755400863355,0.282353,0.001795,9.848858
1755400863357,0.306281,-0.022134,9.856036
1755400863360,0.265603,0.00658,9.911072
1755400863362,0.287139,0.016152,9.894321
1755400863365,0.267996,-0.002991,9.913465
1755400863367,0.244068,-0.007777,9.844072
1755400863369,0.239282,0.016152,9.810573
1755400863371,0.272782,-0.024526,9.88475
1755400863374,0.263211,-0.031705,9.856036
1755400863376,0.258425,-0.043669,9.796216
1755400863379,0.267996,-0.026919,9.851251
1755400863382,0.222533,0.030508,9.853643
1755400863384,0.239282,-0.050847,9.80818
1755400863386,0.232104,-0.022134,9.719646
1755400863388,0.212961,0.004187,9.817751
1755400863391,0.253639,-0.014955,9.810573
1755400863393,0.289532,-0.036491,9.805787
1755400863396,0.200997,-0.036491,9.760324
1755400863399,0.301496,-0.022134,9.903893
1755400863401,0.284746,-0.043669,9.920643
1755400863404,0.272782,-0.024526,9.930214
1755400863405,0.29671,-0.048455,9.925428
1755400863407,0.253639,-0.026919,9.908679
1755400863410,0.291924,-0.017348,9.980762
1755400863413,0.320638,-0.058026,9.949656
1755400863416,0.253639,-0.029312,9.879965
1755400863418,0.339781,-0.06999,9.995119
1755400863421,0.272782,-0.024526,9.84168
1755400863422,0.289532,-0.024526,9.872787
1755400863424,0.287139,0.004187,9.877572
1755400863427,0.236889,-0.017348,9.753145
1755400863429,0.272782,-0.065204,9.894321
1755400863433,0.282353,-0.031705,9.882358
1755400863436,0.272782,-0.026919,9.920643
1755400863437,0.256032,-0.034098,9.865608
1755400863439,0.282353,-0.019741,9.896714
1755400863441,0.287139,-0.043669,9.899107
1755400863443,0.275175,-0.014955,9.906285
1755400863446,0.232104,-0.010169,9.875179
1755400863449,0.282353,0.001795,9.887143
1755400863452,0.267996,0.001795,9.891929
1755400863453,0.277567,-0.029312,9.88475
1755400863455,0.299103,-0.017348,9.879965
1755400863458,0.251246,-0.031705,9.872787
1755400863461,0.227318,-0.022134,9.896714
1755400863463,0.291924,-0.019741,9.882358
1755400863465,0.284746,-0.024526,9.879965
1755400863467,0.282353,-0.019741,9.863214
1755400863470,0.258425,-0.036491,9.870394
1755400863472,0.265603,-0.012562,9.889536
1755400863475,0.246461,-0.022134,9.891929
1755400863477,0.275175,-0.026919,9.915857
1755400863480,0.253639,0.004187,9.879965
1755400863482,0.265603,-0.026919,9.88475
1755400863484,0.284746,0.001795,9.88475
1755400863487,0.287139,0.001795,9.875179
1755400863489,0.282353,-0.022134,9.9015
1755400863491,0.301496,0.001795,9.88475
1755400863494,0.291924,0.018544,9.889536
1755400863496,0.282353,-0.012562,9.887143
1755400863499,0.267996,-0.024526,9.887143
1755400863501,0.248854,-0.026919,9.894321
1755400863503,0.29671,-0.019741,9.894321
1755400863507,0.272782,-0.038883,9.877572
1755400863508,0.265603,-0.029312,9.887143
1755400863511,0.232104,-0.024526,9.882358
1755400863513,0.265603,-0.012562,9.870394
1755400863515,0.258425,-0.005384,9.875179
1755400863518,0.251246,-0.026919,9.896714
1755400863520,0.277567,-0.026919,9.891929
1755400863522,0.282353,-0.034098,9.88475
1755400863525,0.277567,-0.012562,9.882358
1755400863527,0.258425,0.030508,9.889536
1755400863530,0.251246,-0.000598,9.848858
1755400863532,0.267996,-0.012562,9.872787
1755400863535,0.277567,-0.000598,9.882358
1755400863539,0.277567,-0.012562,9.891929
1755400863540,0.301496,-0.012562,9.882358
1755400863542,0.294317,-0.034098,9.88475
1755400863544,0.291924,-0.026919,9.879965
1755400863547,0.27996,-0.031705,9.882358
1755400863549,0.29671,0.013759,9.889536
1755400863552,0.291924,-0.012562,9.868001
1755400863554,0.287139,-0.010169,9.903893
1755400863556,0.270389,-0.000598,9.887143
1755400863559,0.270389,0.013759,9.882358
1755400863561,0.277567,-0.005384,9.875179
1755400863563,0.236889,-0.022134,9.875179
1755400863566,0.282353,-0.029312,9.879965
1755400863569,0.265603,-0.031705,9.877572
1755400863571,0.294317,-0.014955,9.889536
1755400863573,0.289532,-0.005384,9.858429
1755400863575,0.248854,-0.019741,9.875179
1755400863578,0.284746,0.013759,9.875179
1755400863580,0.256032,-0.043669,9.908679
1755400863583,0.27996,-0.029312,9.88475
1755400863586,0.29671,0.011366,9.856036
1755400863587,0.27996,0.02333,9.865608
1755400863589,0.291924,-0.024526,9.851251
1755400863592,0.320638,-0.019741,9.865608
1755400863595,0.256032,-0.002991,9.887143
1755400863597,0.282353,-0.024526,9.882358
1755400863599,0.267996,-0.007777,9.877572
1755400863603,0.272782,-0.005384,9.911072
1755400863605,0.287139,-0.010169,9.899107
1755400863606,0.29671,-0.005384,9.872787
1755400863609,0.284746,-0.026919,9.875179
1755400863611,0.272782,-0.005384,9.9015
1755400863614,0.284746,-0.024526,9.889536
1755400863616,0.275175,-0.022134,9.894321
1755400863620,0.272782,-0.007777,9.91825
1755400863622,0.277567,0.032901,9.863214
1755400863624,0.267996,-0.007777,9.894321
1755400863626,0.282353,-0.014955,9.853643
1755400863628,0.29671,-0.031705,9.860822
1755400863631,0.248854,-0.029312,9.870394
1755400863633,0.31346,-0.007777,9.879965
1755400863635,0.294317,0.001795,9.882358
1755400863638,0.270389,-0.010169,9.860822
1755400863642,0.27996,-0.019741,9.894321
1755400863643,0.282353,0.001795,9.870394
1755400863645,0.270389,-0.000598,9.911072
1755400863647,0.270389,-0.017348,9.84168
1755400863649,0.215354,-0.062812,9.872787
1755400863652,0.248854,-0.007777,9.846465
1755400863655,0.27996,-0.019741,9.932607
1755400863657,0.291924,-0.000598,9.832108
1755400863659,0.27996,-0.038883,9.923036
1755400863662,0.282353,-0.010169,9.839287
1755400863665,0.244068,-0.031705,9.944571
1755400863666,0.260818,-0.036491,9.834501
1755400863669,0.217747,-0.002991,9.973584
1755400863672,0.258425,-0.010169,9.82493
1755400863674,0.260818,0.001795,9.927821
1755400863676,0.301496,-0.029312,9.860822
1755400863679,0.246461,-0.017348,9.939785
1755400863681,0.301496,-0.043669,9.851251
1755400863683,0.282353,-0.036491,9.858429
1755400863685,0.291924,-0.019741,9.894321
1755400863689,0.272782,0.011366,9.844072
1755400863690,0.241675,-0.019741,9.942178
1755400863693,0.289532,-0.024526,9.858429
1755400863695,0.277567,-0.007777,9.949656
1755400863698,0.291924,0.00658,9.829716
1755400863700,0.270389,-0.014955,9.913465
1755400863702,0.270389,-0.048455,9.882358
1755400863706,0.287139,-0.012562,9.911072
1755400863709,0.294317,-0.017348,9.88475
1755400863710,0.277567,-0.007777,9.839287
1755400863712,0.265603,-0.029312,9.908679
1755400863714,0.306281,0.004187,9.817751
1755400863717,0.241675,-0.010169,9.964012
1755400863719,0.277567,0.018544,9.793823
1755400863722,0.260818,-0.022134,9.975977
1755400863724,0.308674,0.001795,9.80818
1755400863726,0.318245,-0.058026,9.961619
1755400863729,0.327817,0.02333,9.767502
1755400863731,0.212961,-0.022134,9.987941
1755400863733,0.308674,0.016152,9.74836
1755400863736,0.227318,-0.050847,9.987941
1755400863739,0.306281,-0.010169,9.779466
1755400863741,0.217747,-0.022134,9.975977
1755400863743,0.323031,-0.000598,9.741181
1755400863746,0.212961,-0.019741,9.975977
1755400863748,0.342174,-0.024526,9.743574
1755400863750,0.212961,-0.046062,10.026226
1755400863753,0.327817,0.020937,9.822537
1755400863756,0.232104,-0.041276,9.992726
1755400863760,0.342174,-0.000598,9.805787
1755400863761,0.179163,-0.050847,10.019048
1755400863762,0.29671,0.030508,9.753145
1755400863765,0.222533,-0.055633,10.011869
1755400863767,0.33021,0.044865,9.717253
1755400863769,0.224925,-0.062812,10.050154
1755400863773,0.315853,0.030508,9.688539
1755400863775,0.244068,-0.036491,10.002297
1755400863776,0.342174,0.035294,9.686146
1755400863779,0.229711,-0.050847,10.023833
1755400863781,0.311067,0.030508,9.707682
1755400863784,0.22014,-0.043669,10.028619
1755400863787,0.308674,0.00658,9.741181
1755400863790,0.236889,-0.041276,9.971191
1755400863792,0.294317,0.013759,9.798609
1755400863793,0.277567,-0.043669,9.968799
1755400863796,0.301496,0.052044,9.798609
1755400863799,0.267996,-0.046062,9.959227
1755400863800,0.29671,0.018544,9.760324
1755400863803,0.248854,-0.014955,10.007083
1755400863805,0.29671,0.008973,9.753145
1755400863808,0.27996,-0.019741,10.011869
1755400863810,0.303888,-0.002991,9.757931
1755400863813,0.277567,-0.026919,9.973584
1755400863815,0.294317,0.042473,9.812965
1755400863817,0.263211,-0.019741,9.973584
1755400863820,0.282353,0.001795,9.803394
1755400863822,0.234497,-0.019741,9.952048
1755400863825,0.256032,0.004187,9.834501
1755400863827,0.270389,-0.050847,9.903893
1755400863829,0.267996,-0.005384,9.882358
1755400863832,0.267996,0.02333,9.879965
1755400863834,0.311067,-0.002991,9.875179
1755400863836,0.227318,-0.050847,9.877572
1755400863839,0.27996,-0.005384,9.875179
1755400863841,0.227318,-0.022134,9.875179
1755400863844,0.270389,-0.002991,9.853643
1755400863846,0.258425,-0.014955,9.899107
1755400863849,0.246461,-0.010169,9.868001
1755400863851,0.263211,-0.000598,9.896714
1755400863853,0.294317,-0.029312,9.887143
1755400863855,0.291924,-0.022134,9.851251
1755400863858,0.251246,-0.019741,9.853643
1755400863862,0.27996,-0.019741,9.877572
1755400863863,0.244068,0.008973,9.853643
1755400863866,0.277567,-0.017348,9.853643
1755400863868,0.291924,-0.002991,9.865608
1755400863870,0.287139,-0.000598,9.860822
1755400863872,0.256032,-0.017348,9.903893
1755400863876,0.301496,-0.014955,9.877572
1755400863878,0.282353,-0.041276,9.882358
1755400863880,0.263211,-0.048455,9.851251
1755400863883,0.291924,-0.031705,9.88475
1755400863884,0.251246,-0.002991,9.930214
1755400863887,0.272782,0.001795,9.817751
1755400863889,0.265603,-0.002991,9.911072
1755400863892,0.253639,-0.041276,9.91825
1755400863894,0.29671,-0.077169,9.889536
1755400863896,0.267996,-0.036491,9.848858
1755400863899,0.251246,0.008973,9.77468
1755400863901,0.260818,-0.024526,9.927821
1755400863903,0.29671,-0.043669,9.891929
1755400863906,0.265603,-0.048455,9.930214
1755400863909,0.239282,-0.002991,9.891929
1755400863914,0.263211,0.020937,9.834501
1755400863916,0.246461,-0.005384,9.805787
1755400863917,0.267996,-0.05324,9.827323
1755400863918,0.260818,-0.036491,9.91825
1755400863921,0.241675,0.00658,9.980762
1755400863923,0.256032,0.00658,9.911072
1755400863926,0.265603,-0.046062,9.865608
1755400863927,0.311067,-0.014955,9.860822
1755400863930,0.291924,0.035294,9.913465
1755400863933,0.256032,-0.014955,9.810573
1755400863935,0.251246,-0.079561,9.872787
1755400863937,0.287139,-0.005384,9.973584
1755400863940,0.253639,-0.017348,9.856036
1755400863943,0.270389,-0.036491,9.870394
1755400863945,0.272782,-0.014955,9.815358
1755400863947,0.246461,-0.007777,9.932607
1755400863950,0.270389,-0.058026,9.913465
1755400863951,0.275175,-0.036491,9.872787
1755400863954,0.265603,-0.041276,9.853643
1755400863956,0.29671,-0.019741,9.870394
1755400863960,0.303888,0.025723,9.88475
1755400863961,0.265603,-0.031705,9.954441
1755400863963,0.294317,-0.007777,9.812965
1755400863966,0.263211,-0.046062,9.896714
1755400863968,0.284746,0.013759,9.872787
1755400863970,0.236889,-0.019741,9.894321
1755400863973,0.260818,-0.014955,9.896714
1755400863977,0.248854,0.00658,9.889536
1755400863980,0.272782,-0.014955,9.879965
1755400863981,0.272782,-0.022134,9.868001
1755400863983,0.277567,-0.014955,9.877572
1755400863985,0.244068,-0.014955,9.899107
1755400863987,0.270389,-0.019741,9.836894
1755400863990,0.217747,-0.043669,9.942178
1755400863992,0.299103,-0.002991,9.879965
1755400863995,0.282353,-0.007777,9.858429
1755400863997,0.277567,-0.022134,9.865608
1755400863999,0.299103,0.016152,9.88475
1755400864002,0.275175,-0.012562,9.889536
1755400864004,0.294317,-0.007777,9.9015
1755400864006,0.301496,-0.043669,9.834501
1755400864009,0.256032,-0.024526,9.894321
1755400864011,0.246461,0.004187,9.856036
1755400864014,0.253639,-0.055633,9.915857
1755400864016,0.246461,-0.000598,9.9015
1755400864019,0.291924,-0.010169,9.877572
1755400864022,0.275175,-0.014955,9.879965
1755400864023,0.284746,0.013759,9.875179
1755400864026,0.29671,-0.050847,9.894321
1755400864029,0.294317,-0.012562,9.868001
1755400864031,0.27996,0.004187,9.868001
1755400864033,0.260818,-0.048455,9.889536
1755400864036,0.270389,-0.019741,9.913465
1755400864038,0.282353,-0.005384,9.891929
1755400864040,0.248854,-0.024526,9.872787
1755400864043,0.301496,-0.038883,9.872787
1755400864046,0.272782,-0.038883,9.891929
1755400864048,0.246461,0.011366,9.891929
1755400864050,0.275175,-0.034098,9.839287
1755400864052,0.282353,-0.012562,9.865608
1755400864055,0.287139,-0.017348,9.875179
1755400864057,0.263211,0.013759,9.913465
1755400864059,0.241675,-0.041276,9.877572
1755400864063,0.256032,-0.031705,9.911072
1755400864065,0.251246,0.011366,9.91825
1755400864067,0.275175,-0.031705,9.851251
1755400864069,0.267996,-0.065204,9.906285
1755400864072,0.287139,-0.012562,9.879965
1755400864074,0.282353,-0.010169,9.882358
1755400864076,0.267996,-0.043669,9.88475
1755400864079,0.277567,-0.038883,9.839287
1755400864081,0.229711,-0.007777,9.889536
1755400864083,0.263211,-0.005384,9.891929
1755400864086,0.248854,-0.014955,9.887143
1755400864088,0.270389,-0.031705,9.848858
1755400864091,0.289532,-0.036491,9.887143
1755400864093,0.263211,-0.034098,9.891929
1755400864096,0.263211,-0.034098,9.891929
1755400864100,0.270389,-0.026919,9.882358
1755400864101,0.277567,-0.029312,9.88475
1755400864102,0.270389,-0.024526,9.891929
1755400864105,0.272782,-0.026919,9.870394
1755400864107,0.272782,0.013759,9.870394
1755400864109,0.260818,-0.019741,9.875179
1755400864113,0.29671,0.011366,9.863214
1755400864115,0.277567,-0.012562,9.868001
1755400864118,0.275175,-0.014955,9.9015
1755400864120,0.282353,-0.017348,9.891929
1755400864122,0.256032,-0.014955,9.903893
1755400864124,0.284746,-0.034098,9.887143
1755400864126,0.265603,-0.017348,9.891929
1755400864130,0.258425,-0.026919,9.875179
1755400864132,0.263211,-0.017348,9.863214
1755400864134,0.229711,-0.038883,9.868001
1755400864136,0.275175,-0.012562,9.906285
1755400864139,0.318245,-0.010169,9.903893
1755400864141,0.287139,0.013759,9.9015
1755400864143,0.287139,-0.002991,9.891929
1755400864147,0.277567,-0.026919,9.891929
1755400864149,0.282353,-0.034098,9.896714
1755400864151,0.260818,-0.055633,9.9015
1755400864154,0.256032,-0.002991,9.834501
1755400864155,0.265603,-0.029312,9.906285
1755400864158,0.270389,-0.005384,9.784252
1755400864160,0.284746,-0.041276,9.853643
1755400864163,0.289532,-0.017348,9.896714
1755400864165,0.229711,-0.024526,9.961619
1755400864168,0.27996,-0.019741,9.848858
1755400864170,0.263211,-0.000598,9.872787
1755400864172,0.291924,-0.000598,9.908679
1755400864174,0.289532,-0.017348,9.839287
1755400864177,0.277567,-0.050847,9.887143
1755400864179,0.27996,-0.007777,9.856036
1755400864182,0.291924,-0.022134,9.923036
1755400864185,0.253639,-0.014955,9.848858
1755400864187,0.263211,-0.000598,9.875179
1755400864189,0.258425,-0.024526,9.812965
1755400864191,0.251246,-0.014955,9.894321
1755400864194,0.27996,-0.034098,9.911072
1755400864196,0.260818,-0.019741,9.848858
1755400864199,0.222533,-0.034098,9.899107
1755400864201,0.263211,-0.029312,9.930214
1755400864203,0.277567,-0.024526,9.860822
1755400864206,0.258425,-0.012562,9.887143
1755400864208,0.291924,-0.012562,9.858429
1755400864211,0.29671,-0.031705,9.891929
1755400864213,0.272782,-0.014955,9.863214
1755400864215,0.270389,-0.005384,9.872787
1755400864218,0.27996,-0.000598,9.832108
1755400864220,0.299103,0.011366,9.947263
1755400864223,0.253639,0.001795,9.88475
1755400864226,0.303888,-0.010169,9.868001
1755400864227,0.291924,-0.017348,9.927821
1755400864229,0.263211,-0.012562,9.844072
1755400864232,0.282353,0.013759,9.91825
1755400864235,0.27996,0.00658,9.858429
1755400864237,0.284746,-0.017348,9.877572
1755400864240,0.272782,-0.019741,9.863214
1755400864242,0.248854,-0.000598,9.868001
1755400864244,0.258425,-0.014955,9.865608
1755400864246,0.265603,-0.012562,9.949656
1755400864250,0.260818,-0.014955,9.872787
1755400864251,0.287139,0.013759,9.911072
1755400864253,0.291924,-0.022134,9.846465
1755400864256,0.291924,-0.000598,9.879965
1755400864258,0.303888,-0.002991,9.846465
1755400864261,0.27996,-0.024526,9.887143
1755400864263,0.301496,-0.012562,9.858429
1755400864267,0.303888,-0.012562,9.91825
1755400864268,0.27996,-0.010169,9.839287
1755400864270,0.294317,-0.019741,9.930214
1755400864273,0.299103,-0.017348,9.908679
1755400864276,0.287139,-0.034098,9.832108
1755400864277,0.253639,-0.014955,9.851251
1755400864280,0.272782,0.011366,9.872787
1755400864284,0.272782,-0.005384,9.964012
1755400864285,0.282353,-0.038883,9.954441
1755400864287,0.282353,-0.017348,9.707682
1755400864289,0.27996,0.004187,9.738789
1755400864292,0.258425,-0.029312,9.961619
1755400864294,0.270389,-0.046062,10.093225
1755400864297,0.267996,-0.036491,9.875179
1755400864301,0.272782,-0.046062,9.736395
1755400864305,0.265603,-0.034098,9.793823
1755400864306,0.258425,0.001795,10.031012
1755400864307,0.263211,-0.012562,10.031012
1755400864309,0.244068,-0.019741,9.757931
1755400864311,0.258425,0.013759,9.719646
1755400864313,0.291924,0.020937,10.047761
1755400864317,0.248854,-0.036491,9.911072
1755400864318,0.241675,-0.034098,9.779466
1755400864320,0.256032,-0.005384,9.879965
1755400864323,0.246461,-0.024526,10.098011
1755400864326,0.289532,-0.017348,9.815358
1755400864328,0.263211,-0.007777,9.757931
1755400864331,0.289532,-0.010169,10.009477
1755400864333,0.236889,-0.002991,9.88475
1755400864336,0.265603,0.004187,9.729217
1755400864338,0.291924,-0.007777,9.882358
1755400864340,0.291924,0.00658,9.815358
1755400864343,0.272782,-0.014955,9.891929
1755400864344,0.27996,-0.012562,10.066904
1755400864347,0.244068,-0.034098,9.760324
1755400864349,0.248854,-0.017348,9.882358
1755400864352,0.265603,-0.074776,9.846465
1755400864354,0.308674,-0.041276,9.971191
1755400864357,0.31346,0.011366,9.923036
1755400864359,0.289532,-0.014955,9.983155
1755400864361,0.267996,-0.034098,9.719646
1755400864363,0.284746,-0.002991,9.803394
1755400864366,0.275175,0.02333,9.906285
1755400864369,0.265603,-0.024526,10.045368
1755400864371,0.287139,-0.055633,9.812965
1755400864373,0.289532,-0.017348,9.734002
1755400864375,0.265603,-0.007777,9.84168
1755400864378,0.282353,-0.022134,9.985548
1755400864381,0.260818,-0.043669,9.889536
1755400864383,0.265603,-0.026919,10.062119
1755400864386,0.27996,-0.031705,9.657433
1755400864388,0.260818,-0.026919,9.848858
1755400864390,0.29671,-0.007777,9.961619
1755400864392,0.246461,-0.031705,9.942178
1755400864395,0.236889,-0.038883,9.84168
1755400864397,0.272782,-0.024526,9.863214
1755400864399,0.246461,-0.022134,10.074082
1755400864403,0.299103,-0.010169,9.767502
1755400864404,0.29671,-0.010169,9.765109
1755400864407,0.284746,-0.024526,9.903893
1755400864409,0.284746,-0.038883,9.889536
1755400864411,0.277567,-0.055633,9.891929
1755400864414,0.246461,-0.031705,9.88475
1755400864416,0.284746,-0.034098,9.879965
1755400864420,0.272782,-0.029312,10.021441
1755400864421,0.260818,-0.019741,9.667004
1755400864424,0.253639,-0.017348,9.868001
1755400864426,0.27996,-0.007777,9.927821
1755400864429,0.284746,0.001795,9.868001
1755400864431,0.287139,0.001795,9.949656
1755400864433,0.258425,-0.014955,9.952048
1755400864437,0.272782,-0.026919,9.82493
1755400864439,0.294317,-0.043669,9.875179
1755400864440,0.265603,-0.026919,9.937392
1755400864443,0.248854,-0.007777,9.781859
1755400864445,0.246461,-0.007777,10.016655
1755400864448,0.256032,-0.029312,9.875179
1755400864450,0.275175,-0.002991,9.755538
1755400864454,0.294317,-0.005384,9.987941
1755400864456,0.244068,-0.036491,9.851251
1755400864458,0.263211,-0.046062,9.815358
1755400864459,0.265603,-0.046062,9.997512
1755400864462,0.246461,-0.017348,9.798609
1755400864464,0.284746,0.016152,9.903893
1755400864467,0.267996,-0.038883,9.856036
1755400864471,0.318245,-0.012562,9.868001
1755400864472,0.284746,0.008973,9.927821
1755400864474,0.263211,-0.012562,9.863214
1755400864476,0.265603,-0.026919,9.870394
1755400864479,0.308674,-0.000598,9.896714
1755400864481,0.270389,-0.012562,9.913465
1755400864483,0.236889,-0.000598,9.875179
1755400864487,0.265603,-0.019741,9.856036
1755400864488,0.256032,-0.036491,9.908679
1755400864491,0.291924,-0.012562,9.870394
1755400864493,0.239282,-0.000598,9.91825
1755400864496,0.282353,-0.019741,9.846465
1755400864498,0.277567,-0.017348,9.875179
1755400864500,0.258425,-0.014955,9.879965
1755400864505,0.251246,-0.010169,9.899107
1755400864506,0.306281,-0.046062,9.868001
1755400864507,0.284746,-0.024526,9.846465
1755400864510,0.234497,-0.019741,9.882358
1755400864512,0.265603,-0.038883,9.858429
1755400864515,0.260818,-0.024526,9.88475
1755400864517,0.282353,-0.019741,9.882358
1755400864522,0.263211,-0.014955,9.899107
1755400864523,0.270389,0.008973,9.911072
1755400864524,0.234497,-0.002991,9.858429
1755400864527,0.260818,-0.031705,9.877572
1755400864529,0.277567,-0.012562,9.889536
1755400864532,0.253639,-0.026919,9.88475
1755400864534,0.256032,-0.005384,9.879965
1755400864536,0.27996,-0.043669,9.891929
1755400864539,0.29671,-0.034098,9.875179
1755400864541,0.27996,-0.031705,9.870394
1755400864543,0.275175,-0.005384,9.88475
1755400864546,0.265603,0.016152,9.891929
1755400864548,0.267996,-0.034098,9.868001
1755400864551,0.265603,-0.026919,9.889536
1755400864553,0.265603,-0.036491,9.882358
1755400864556,0.251246,-0.000598,9.896714
1755400864558,0.253639,-0.010169,9.882358
1755400864560,0.287139,-0.026919,9.88475
1755400864562,0.251246,-0.014955,9.879965
1755400864565,0.301496,-0.007777,9.844072
1755400864567,0.282353,0.004187,9.891929
1755400864570,0.253639,-0.036491,9.879965
1755400864573,0.275175,-0.019741,9.906285
1755400864575,0.311067,-0.026919,9.875179
1755400864577,0.267996,0.001795,9.868001
1755400864579,0.287139,-0.002991,9.894321
1755400864582,0.260818,-0.034098,9.899107
1755400864584,0.272782,-0.017348,9.872787
1755400864587,0.260818,-0.029312,9.868001
1755400864589,0.232104,-0.026919,9.868001
1755400864592,0.294317,-0.007777,9.875179
1755400864594,0.267996,-0.031705,9.860822
1755400864596,0.277567,-0.036491,9.877572
1755400864599,0.244068,-0.014955,9.875179
1755400864601,0.303888,-0.041276,9.877572
1755400864603,0.232104,-0.034098,9.899107
1755400864606,0.27996,-0.007777,9.882358
1755400864608,0.311067,-0.019741,9.899107
1755400864611,0.272782,-0.010169,9.887143
1755400864613,0.258425,-0.000598,9.903893
1755400864616,0.272782,-0.029312,9.889536
1755400864618,0.267996,-0.017348,9.906285
1755400864620,0.267996,-0.024526,9.88475
1755400864624,0.272782,-0.038883,9.872787
1755400864625,0.239282,0.008973,9.889536
1755400864627,0.241675,-0.012562,9.906285
1755400864630,0.258425,-0.012562,9.899107
1755400864632,0.299103,-0.007777,9.863214
1755400864635,0.267996,-0.024526,9.882358
1755400864637,0.248854,-0.019741,9.891929
1755400864642,0.253639,-0.034098,9.875179
1755400864644,0.258425,-0.010169,9.860822
1755400864645,0.256032,0.00658,9.891929
1755400864647,0.251246,-0.007777,9.882358
1755400864651,0.287139,-0.034098,9.889536
1755400864652,0.272782,-0.010169,9.896714
1755400864653,0.270389,-0.005384,9.868001
1755400864657,0.27996,-0.026919,9.887143
1755400864659,0.277567,-0.019741,9.891929
1755400864661,0.270389,-0.005384,9.882358
1755400864663,0.277567,-0.038883,9.877572
1755400864665,0.272782,-0.038883,9.889536
1755400864668,0.277567,-0.019741,9.903893
1755400864670,0.303888,-0.017348,9.875179
1755400864674,0.263211,-0.019741,9.894321
1755400864675,0.256032,-0.026919,9.887143
1755400864677,0.272782,-0.043669,9.88475
1755400864680,0.272782,-0.019741,9.887143
1755400864683,0.299103,-0.031705,9.872787
1755400864684,0.287139,-0.010169,9.868001
1755400864688,0.267996,-0.000598,9.863214
1755400864691,0.282353,-0.017348,9.88475
1755400864692,0.263211,-0.022134,9.870394
1755400864695,0.29671,-0.002991,9.891929
1755400864696,0.267996,-0.017348,9.865608
1755400864699,0.251246,-0.034098,9.877572
1755400864701,0.265603,-0.014955,9.879965
1755400864704,0.258425,-0.017348,9.877572
1755400864707,0.258425,-0.022134,9.877572
1755400864710,0.253639,0.004187,9.882358
1755400864712,0.241675,-0.022134,9.896714
1755400864714,0.287139,-0.012562,9.872787
1755400864716,0.294317,0.011366,9.875179
1755400864718,0.270389,-0.029312,9.882358
1755400864721,0.267996,-0.007777,9.915857
1755400864723,0.239282,0.00658,9.889536
1755400864726,0.287139,0.018544,9.896714
1755400864728,0.287139,-0.048455,9.875179
1755400864730,0.272782,-0.005384,9.903893
1755400864733,0.275175,-0.000598,9.906285
1755400864735,0.251246,-0.031705,9.9015
1755400864737,0.244068,-0.029312,9.887143
1755400864740,0.270389,-0.050847,9.872787
1755400864743,0.246461,-0.034098,9.882358
1755400864745,0.241675,-0.024526,9.882358
1755400864747,0.267996,-0.019741,9.899107
1755400864749,0.272782,-0.005384,9.875179
1755400864752,0.284746,0.004187,9.872787
1755400864754,0.267996,-0.002991,9.887143
1755400864756,0.244068,-0.041276,9.875179
1755400864759,0.256032,-0.034098,9.875179
1755400864763,0.308674,0.004187,9.891929
1755400864765,0.239282,0.00658,9.868001
1755400864766,0.260818,-0.002991,9.877572
1755400864768,0.270389,0.00658,9.865608
1755400864771,0.294317,-0.007777,9.88475
1755400864773,0.287139,-0.036491,9.875179
1755400864776,0.287139,-0.029312,9.889536
1755400864778,0.248854,-0.024526,9.879965
1755400864780,0.29671,-0.026919,9.851251
1755400864784,0.301496,-0.043669,9.877572
1755400864785,0.248854,0.001795,9.88475
1755400864788,0.270389,-0.026919,9.865608
1755400864791,0.301496,-0.007777,9.870394
1755400864793,0.272782,-0.041276,9.903893
1755400864795,0.263211,0.001795,9.88475
1755400864797,0.277567,0.008973,9.889536
1755400864800,0.294317,-0.029312,9.860822
1755400864802,0.289532,-0.038883,9.882358
1755400864805,0.258425,0.00658,9.868001
1755400864807,0.229711,-0.012562,9.872787
1755400864810,0.270389,-0.000598,9.875179
1755400864812,0.263211,-0.031705,9.887143
1755400864814,0.289532,-0.024526,9.879965
1755400864817,0.270389,-0.007777,9.870394
1755400864819,0.272782,0.018544,9.887143
1755400864821,0.246461,0.008973,9.889536
1755400864824,0.27996,-0.029312,9.872787
1755400864827,0.256032,-0.029312,9.877572
1755400864829,0.272782,0.00658,9.875179
1755400864831,0.272782,-0.019741,9.877572
1755400864833,0.272782,-0.000598,9.891929
1755400864835,0.248854,-0.031705,9.853643
1755400864839,0.265603,-0.002991,9.879965
1755400864840,0.244068,0.00658,9.865608
1755400864844,0.284746,0.001795,9.899107
1755400864846,0.275175,-0.017348,9.879965
1755400864847,0.282353,-0.031705,9.889536
1755400864850,0.282353,-0.038883,9.879965
1755400864852,0.272782,-0.031705,9.858429
1755400864855,0.267996,-0.05324,9.868001
1755400864857,0.258425,-0.022134,9.863214
1755400864861,0.251246,-0.022134,9.875179
1755400864863,0.294317,-0.038883,9.870394
1755400864864,0.27996,-0.022134,9.891929
1755400864867,0.267996,-0.010169,9.894321
1755400864869,0.284746,-0.043669,9.872787
1755400864871,0.244068,-0.034098,9.887143
1755400864875,0.27996,0.02333,9.865608
1755400864876,0.277567,0.001795,9.865608
1755400864879,0.29671,-0.029312,9.868001
1755400864881,0.277567,-0.031705,9.88475
1755400864883,0.27996,-0.031705,9.853643
1755400864887,0.289532,-0.014955,9.88475
1755400864888,0.311067,-0.010169,9.9015
1755400864890,0.251246,-0.029312,9.899107
1755400864893,0.27996,-0.029312,9.88475
1755400864896,0.270389,-0.017348,9.894321
1755400864898,0.258425,0.008973,9.896714
1755400864900,0.256032,-0.012562,9.882358
1755400864902,0.265603,-0.014955,9.896714
1755400864905,0.294317,-0.036491,9.891929
1755400864907,0.256032,-0.010169,9.860822
1755400864910,0.244068,-0.017348,9.858429
1755400864913,0.275175,-0.019741,9.899107
1755400864915,0.256032,-0.024526,9.896714
1755400864917,0.256032,-0.031705,9.887143
1755400864920,0.277567,-0.005384,9.908679
1755400864922,0.260818,-0.002991,9.882358
1755400864924,0.299103,-0.014955,9.889536
1755400864927,0.27996,-0.017348,9.879965
1755400864929,0.244068,-0.017348,9.870394
1755400864931,0.272782,0.013759,9.877572
1755400864934,0.253639,-0.005384,9.879965
1755400864937,0.246461,-0.005384,9.891929
1755400864939,0.299103,0.037687,9.889536
1755400864943,0.265603,0.013759,9.868001
1755400864943,0.270389,0.011366,9.879965
1755400864946,0.263211,-0.017348,9.906285
1755400864948,0.277567,-0.019741,9.906285
1755400864951,0.267996,-0.026919,9.894321
1755400864954,0.260818,-0.022134,9.894321
1755400864956,0.229711,-0.026919,9.889536
1755400864958,0.301496,-0.012562,9.882358
1755400864960,0.267996,-0.036491,9.896714
1755400864963,0.287139,-0.043669,9.882358
1755400864965,0.256032,0.001795,9.896714
1755400864968,0.263211,-0.002991,9.865608
1755400864970,0.277567,-0.019741,9.872787
1755400864973,0.282353,-0.024526,9.9015
1755400864975,0.244068,-0.026919,9.887143
1755400864977,0.270389,-0.019741,9.908679
1755400864980,0.267996,-0.038883,9.877572
1755400864984,0.267996,-0.041276,9.882358
1755400864985,0.253639,-0.014955,9.877572
1755400864987,0.248854,-0.024526,9.896714
1755400864989,0.263211,-0.007777,9.882358
1755400864991,0.275175,-0.019741,9.903893
1755400864994,0.277567,-0.010169,9.868001
1755400864997,0.303888,-0.010169,9.882358
1755400864999,0.265603,-0.000598,9.891929
1755400865001,0.263211,-0.017348,9.9015
1755400865003,0.303888,-0.026919,9.870394
1755400865006,0.27996,-0.024526,9.882358
1755400865009,0.248854,-0.012562,9.882358
1755400865011,0.318245,-0.031705,9.891929
1755400865014,0.275175,-0.038883,9.889536
1755400865016,0.275175,0.011366,9.891929
1755400865018,0.27996,-0.010169,9.891929
1755400865020,0.318245,-0.007777,9.868001
1755400865023,0.260818,-0.014955,9.865608
1755400865025,0.265603,-0.034098,9.872787
1755400865027,0.208176,-0.017348,9.896714
1755400865032,0.272782,0.008973,9.913465
1755400865033,0.275175,-0.031705,9.9015
1755400865035,0.291924,-0.024526,9.891929
1755400865037,0.306281,-0.024526,9.88475
1755400865040,0.291924,-0.041276,9.891929
1755400865045,0.29671,-0.024526,9.882358
1755400865046,0.260818,-0.005384,9.882358
1755400865047,0.318245,0.013759,9.858429
1755400865050,0.272782,-0.014955,9.875179
1755400865052,0.287139,-0.002991,9.875179
1755400865054,0.29671,-0.038883,9.889536
1755400865057,0.253639,-0.034098,9.870394
1755400865058,0.272782,-0.041276,9.9015
1755400865061,0.272782,-0.005384,9.875179
1755400865063,0.267996,-0.012562,9.889536
1755400865066,0.294317,-0.019741,9.9015
1755400865068,0.301496,-0.019741,9.88475
1755400865071,0.251246,-0.034098,9.872787
1755400865073,0.244068,-0.026919,9.870394
1755400865075,0.260818,-0.022134,9.882358
1755400865078,0.260818,-0.014955,9.870394
1755400865080,0.248854,-0.060419,9.891929
1755400865083,0.248854,-0.014955,9.915857
1755400865086,0.275175,0.004187,9.891929
1755400865087,0.284746,-0.007777,9.875179
1755400865090,0.267996,-0.017348,9.9015
1755400865092,0.282353,-0.014955,9.863214
1755400865095,0.267996,-0.012562,9.875179
1755400865097,0.263211,-0.038883,9.889536
1755400865100,0.284746,-0.031705,9.88475
1755400865102,0.256032,-0.024526,9.903893
1755400865104,0.236889,-0.019741,9.903893
1755400865107,0.258425,-0.017348,9.868001
1755400865109,0.251246,-0.034098,9.879965
1755400865111,0.260818,-0.046062,9.88475
1755400865113,0.289532,-0.010169,9.891929
1755400865116,0.289532,-0.019741,9.88475
1755400865119,0.260818,-0.022134,9.889536
1755400865121,0.256032,-0.019741,9.899107
1755400865123,0.289532,-0.005384,9.896714
1755400865126,0.256032,-0.002991,9.882358
1755400865128,0.253639,0.008973,9.877572
1755400865131,0.246461,-0.000598,9.889536
1755400865134,0.248854,-0.005384,9.875179
1755400865136,0.315853,-0.029312,9.88475
1755400865138,0.291924,-0.026919,9.889536
1755400865140,0.291924,-0.034098,9.899107
1755400865143,0.260818,-0.012562,9.889536
1755400865146,0.253639,-0.010169,9.894321
1755400865147,0.256032,-0.031705,9.879965
1755400865151,0.275175,-0.010169,9.88475
1755400865152,0.270389,-0.007777,9.891929
1755400865154,0.284746,0.001795,9.882358
1755400865157,0.277567,-0.010169,9.88475
1755400865159,0.275175,-0.036491,9.889536
1755400865161,0.275175,-0.019741,9.896714
1755400865164,0.27996,-0.012562,9.870394
1755400865168,0.311067,-0.024526,9.863214
1755400865169,0.294317,-0.010169,9.877572
1755400865171,0.270389,-0.012562,9.865608
1755400865174,0.265603,-0.022134,9.891929
1755400865176,0.253639,-0.014955,9.889536
1755400865179,0.251246,0.020937,9.889536
1755400865181,0.253639,-0.012562,9.865608
1755400865185,0.260818,-0.012562,9.860822
1755400865187,0.299103,-0.036491,9.894321
1755400865189,0.256032,-0.017348,9.863214
1755400865191,0.265603,0.00658,9.868001
1755400865193,0.284746,0.013759,9.889536
1755400865195,0.260818,-0.022134,9.887143
1755400865197,0.263211,-0.022134,9.870394
1755400865202,0.294317,-0.014955,9.908679
1755400865203,0.258425,0.004187,9.891929
1755400865205,0.263211,-0.002991,9.891929
1755400865207,0.260818,0.004187,9.872787
1755400865209,0.256032,-0.017348,9.872787
1755400865212,0.272782,-0.010169,9.906285
1755400865214,0.265603,-0.029312,9.877572
1755400865218,0.265603,-0.014955,9.882358
1755400865220,0.284746,-0.012562,9.803394
1755400865221,0.258425,-0.031705,9.851251
1755400865224,0.306281,-0.022134,9.872787
1755400865226,0.284746,0.011366,9.91825
1755400865229,0.287139,0.008973,9.891929
1755400865231,0.270389,-0.041276,9.860822
1755400865233,0.229711,-0.038883,9.879965
1755400865236,0.241675,-0.022134,9.908679
1755400865239,0.270389,-0.010169,9.851251
1755400865241,0.27996,-0.043669,9.903893
1755400865243,0.306281,-0.005384,9.868001
1755400865245,0.258425,-0.026919,9.882358
1755400865248,0.258425,-0.007777,9.870394
1755400865250,0.260818,-0.014955,9.91825
1755400865254,0.270389,-0.019741,9.887143
1755400865255,0.256032,0.008973,9.894321
1755400865257,0.275175,-0.017348,9.856036
1755400865260,0.258425,-0.043669,9.882358
1755400865262,0.277567,0.004187,9.894321
1755400865265,0.239282,-0.031705,9.879965
1755400865267,0.234497,-0.019741,9.853643
1755400865270,0.299103,-0.000598,9.889536
1755400865272,0.265603,-0.012562,9.875179
1755400865274,0.239282,-0.012562,9.889536
1755400865277,0.289532,0.020937,9.887143
1755400865279,0.277567,-0.010169,9.882358
1755400865281,0.251246,-0.031705,9.911072
1755400865284,0.265603,-0.017348,9.894321
1755400865287,0.284746,-0.031705,9.879965
1755400865289,0.270389,0.004187,9.817751
1755400865291,0.303888,-0.022134,9.865608
1755400865293,0.33021,-0.022134,9.992726
1755400865296,0.33021,-0.026919,9.91825
1755400865298,0.258425,-0.017348,9.827323
1755400865300,0.241675,-0.000598,9.820144
1755400865304,0.263211,-0.031705,9.906285
1755400865305,0.270389,-0.036491,9.973584
1755400865308,0.222533,-0.012562,9.851251
1755400865310,0.294317,-0.034098,9.899107
1755400865312,0.260818,-0.017348,9.810573
1755400865315,0.397209,-0.038883,9.911072
1755400865317,0.303888,-0.017348,9.789038
1755400865321,0.253639,-0.046062,9.899107
1755400865322,0.253639,0.013759,9.846465
1755400865324,0.272782,-0.031705,9.913465
1755400865327,0.361316,-0.046062,9.920643
1755400865329,0.246461,-0.017348,9.784252
1755400865331,0.394816,-0.046062,9.980762
1755400865334,0.229711,-0.046062,9.750752
1755400865338,0.198604,-0.014955,9.77468
1755400865339,0.244068,-0.031705,9.868001
1755400865342,0.284746,-0.017348,9.923036
1755400865343,0.368495,-0.046062,9.987941
1755400865346,0.320638,-0.041276,9.822537
1755400865348,0.191127,0.018544,9.705289
1755400865351,0.22014,0.037687,9.698111
1755400865355,0.346959,-0.038883,9.971191
1755400865356,0.337388,-0.024526,9.971191
1755400865358,0.275175,-0.012562,9.889536
1755400865360,0.260818,-0.010169,9.829716
1755400865363,0.287139,-0.038883,9.964012
1755400865365,0.29671,-0.029312,9.911072
1755400865367,0.303888,-0.010169,9.911072
1755400865372,0.256032,-0.026919,9.870394
1755400865373,0.260818,-0.024526,9.894321
1755400865375,0.277567,0.008973,9.911072
1755400865377,0.270389,-0.024526,9.882358
1755400865379,0.284746,0.016152,9.882358
1755400865382,0.272782,-0.014955,9.889536
1755400865386,0.289532,-0.031705,9.891929
1755400865387,0.277567,-0.012562,9.903893
1755400865391,0.284746,-0.031705,9.896714
1755400865393,0.299103,-0.029312,9.879965
1755400865394,0.291924,-0.017348,9.891929
1755400865397,0.277567,-0.034098,9.88475
1755400865399,0.272782,-0.007777,9.88475
1755400865401,0.265603,-0.022134,9.879965
1755400865403,0.27996,-0.017348,9.899107
1755400865407,0.287139,-0.005384,9.875179
1755400865408,0.251246,-0.000598,9.906285
1755400865412,0.253639,-0.041276,9.889536
1755400865413,0.272782,-0.019741,9.891929
1755400865416,0.272782,-0.010169,9.939785
1755400865418,0.327817,-0.007777,9.947263
1755400865420,0.370888,-0.034098,10.100404
1755400865424,0.234497,0.025723,9.934999
1755400865425,0.337388,-0.007777,9.983155
1755400865427,0.37328,-0.017348,10.246366
1755400865430,0.320638,-0.026919,9.908679
1755400865432,0.299103,-0.036491,9.956834
1755400865434,0.294317,-0.019741,9.882358
1755400865437,0.311067,-0.026919,9.913465
1755400865440,0.282353,-0.043669,9.939785
1755400865442,0.287139,0.008973,9.82493
1755400865444,0.244068,-0.000598,9.868001
1755400865447,0.299103,0.013759,9.875179
1755400865449,0.256032,-0.000598,9.961619
1755400865452,0.289532,-0.019741,9.863214
1755400865454,0.246461,-0.017348,9.815358
1755400865457,0.267996,-0.058026,9.937392
1755400865459,0.246461,0.013759,9.930214
1755400865461,0.263211,0.00658,9.858429
1755400865463,0.244068,-0.019741,9.927821
1755400865466,0.289532,-0.026919,9.731609
1755400865468,0.267996,-0.002991,9.952048
1755400865470,0.284746,0.02333,9.925428
1755400865473,0.265603,-0.022134,9.803394
1755400865475,0.246461,-0.046062,9.920643
1755400865478,0.263211,0.008973,9.801002
1755400865480,0.265603,0.013759,9.975977
1755400865483,0.236889,-0.010169,9.848858
1755400865485,0.260818,-0.058026,9.836894
1755400865487,0.282353,-0.007777,9.88475
1755400865490,0.232104,-0.005384,9.88475
1755400865492,0.253639,-0.026919,9.913465
1755400865494,0.267996,-0.024526,9.891929
1755400865498,0.294317,-0.031705,9.959227
1755400865499,0.299103,-0.036491,9.944571
1755400865502,0.253639,-0.029312,9.937392
1755400865504,0.215354,0.016152,9.911072
1755400865507,0.287139,0.00658,9.801002
1755400865509,0.277567,-0.026919,9.877572
1755400865511,0.306281,-0.012562,9.927821
1755400865514,0.291924,-0.031705,9.923036
1755400865516,0.239282,0.035294,9.882358
1755400865519,0.303888,-0.058026,9.812965
1755400865521,0.229711,0.008973,9.817751
1755400865524,0.256032,-0.012562,9.796216
1755400865528,0.284746,-0.002991,9.889536
1755400865529,0.27996,-0.022134,9.956834
1755400865531,0.27996,-0.050847,9.84168
1755400865533,0.258425,-0.029312,9.820144
1755400865536,0.306281,-0.041276,9.932607
1755400865538,0.284746,0.004187,9.887143
1755400865542,0.301496,-0.038883,9.851251
1755400865543,0.253639,-0.029312,9.836894
1755400865545,0.282353,-0.038883,9.97837
1755400865547,0.248854,-0.024526,9.911072
1755400865550,0.265603,0.001795,9.899107
1755400865552,0.256032,0.004187,9.934999
1755400865555,0.27996,-0.034098,9.887143
1755400865558,0.267996,-0.014955,9.879965
1755400865561,0.267996,-0.036491,9.891929
1755400865562,0.323031,-0.022134,9.942178
1755400865564,0.356531,-0.019741,9.980762
1755400865567,0.29671,-0.017348,9.899107
1755400865569,0.277567,-0.007777,9.911072
1755400865571,0.246461,0.028116,9.846465
1755400865575,0.239282,-0.017348,9.801002
1755400865576,0.217747,-0.034098,9.789038
1755400865579,0.191127,-0.000598,9.734002
1755400865581,0.246461,0.00658,9.829716
1755400865583,0.195912,0.011366,9.939785
1755400865586,0.303888,0.00658,9.971191
1755400865588,0.27996,-0.012562,9.875179
1755400865590,0.275175,-0.036491,9.920643
1755400865593,0.27996,-0.034098,9.906285
1755400865596,0.270389,-0.000598,9.894321
1755400865597,0.31346,-0.000598,9.889536
1755400865600,0.299103,-0.010169,9.879965
1755400865602,0.265603,-0.019741,9.891929
1755400865605,0.265603,-0.010169,9.891929
1755400865607,0.29671,-0.026919,9.868001
1755400865610,0.248854,-0.005384,9.891929
1755400865612,0.277567,-0.010169,9.865608
1755400865615,0.265603,-0.036491,9.887143
1755400865617,0.241675,-0.017348,9.894321
1755400865620,0.251246,-0.024526,9.891929
1755400865622,0.263211,0.008973,9.887143
1755400865624,0.253639,0.020937,9.879965
1755400865627,0.253639,0.016152,9.858429
1755400865630,0.303888,-0.000598,9.863214
1755400865631,0.287139,-0.022134,9.882358
1755400865633,0.287139,-0.024526,9.875179
1755400865636,0.251246,-0.022134,9.877572
1755400865638,0.272782,-0.010169,9.858429
1755400865641,0.265603,-0.031705,9.858429
1755400865644,0.263211,-0.031705,9.863214
1755400865646,0.270389,0.001795,9.865608
1755400865648,0.291924,-0.022134,9.915857
1755400865650,0.260818,-0.031705,9.887143
1755400865653,0.241675,0.001795,9.877572
1755400865655,0.318245,-0.034098,9.908679
1755400865658,0.155234,0.044865,9.812965
1755400865661,0.198604,0.008973,9.882358
1755400865664,0.208176,-0.022134,9.705289
1755400865665,0.33021,-0.036491,10.019048
1755400865667,0.27996,-0.038883,9.760324
1755400865670,0.375673,-0.067597,9.980762
1755400865672,0.294317,-0.022134,9.848858
1755400865674,0.258425,-0.000598,9.803394
1755400865678,0.133699,0.037687,9.700503
1755400865680,0.14327,0.061615,9.676575
1755400865682,0.102592,0.020937,9.614362
1755400865684,0.270389,-0.005384,9.952048
1755400865687,0.282353,0.00658,10.002297
1755400865689,0.210568,0.02333,9.971191
1755400865691,0.16002,0.030508,9.769895
1755400865695,0.155234,0.032901,9.614362
1755400865696,0.263211,-0.007777,9.860822
1755400865698,0.37328,-0.060419,10.021441
1755400865701,0.246461,-0.014955,9.889536
1755400865703,0.294317,-0.036491,9.934999
1755400865705,0.272782,-0.031705,9.88475
1755400865708,0.325424,-0.055633,9.997512
1755400865712,0.124128,0.035294,9.590433
1755400865713,0.277567,-0.029312,9.966406
1755400865715,0.323031,-0.038883,10.007083
1755400865718,0.346959,-0.036491,10.021441
1755400865720,0.272782,-0.005384,9.856036
1755400865722,0.205783,0.042473,9.937392
1755400865724,0.361316,-0.036491,10.143475
1755400865729,0.244068,-0.029312,9.834501
1755400865730,0.308674,0.032901,10.074082
1755400865732,0.162413,0.054437,9.781859
1755400865734,0.29671,-0.002991,9.966406
1755400865737,0.133699,0.008973,9.631111
1755400865739,0.354138,-0.084347,9.822537
1755400865742,0.22014,0.018544,9.817751
1755400865746,0.265603,-0.019741,9.875179
1755400865747,0.236889,-0.026919,9.911072
1755400865749,0.277567,-0.06999,9.760324
1755400865751,0.239282,0.030508,9.865608
1755400865754,0.37328,-0.038883,10.107582
1755400865756,0.229711,-0.024526,9.671789
1755400865758,0.306281,-0.072383,9.734002
1755400865763,0.361316,-0.074776,9.966406
1755400865764,0.282353,-0.036491,9.860822
1755400865765,0.174377,0.025723,9.817751
1755400865768,0.277567,-0.002991,9.896714
1755400865770,0.27996,-0.012562,9.882358
1755400865772,0.27996,-0.007777,9.889536
1755400865775,0.275175,-0.014955,9.856036
1755400865777,0.284746,-0.012562,9.9015
1755400865780,0.277567,-0.038883,9.9015
1755400865783,0.306281,-0.024526,9.865608
1755400865784,0.270389,-0.019741,9.88475
1755400865787,0.277567,-0.034098,9.877572
1755400865789,0.251246,0.001795,9.875179
1755400865791,0.258425,-0.026919,9.88475
1755400865794,0.294317,-0.019741,9.875179
1755400865797,0.294317,-0.010169,9.872787
1755400865800,0.294317,0.013759,9.891929
1755400865801,0.248854,-0.012562,9.891929
1755400865804,0.27996,0.00658,9.853643
1755400865806,0.258425,-0.024526,9.882358
1755400865808,0.267996,-0.026919,9.896714
1755400865811,0.339781,-0.014955,10.009477
1755400865813,0.334995,-0.043669,10.133903
1755400865816,0.236889,-0.034098,9.906285
1755400865818,0.382852,-0.046062,9.913465
1755400865820,0.323031,-0.081954,10.045368
1755400865823,0.251246,-0.022134,9.88475
1755400865825,0.287139,-0.046062,9.896714
1755400865828,0.222533,0.001795,9.827323
1755400865830,0.260818,0.016152,9.975977
1755400865833,0.27996,-0.055633,9.647861
1755400865835,0.308674,-0.06999,10.016655
1755400865837,0.27996,0.075972,9.846465
1755400865840,0.260818,0.030508,10.002297
1755400865842,0.294317,-0.062812,9.690931
1755400865845,0.29671,-0.077169,10.021441
1755400865848,0.265603,0.107079,9.829716
1755400865850,0.253639,-0.072383,9.985548
1755400865851,0.239282,-0.081954,9.762716
1755400865854,0.272782,-0.024526,9.999905
1755400865856,0.303888,0.087936,9.899107
1755400865859,0.210568,-0.074776,9.801002
1755400865862,0.260818,-0.084347,9.947263
1755400865865,0.241675,0.052044,9.822537
1755400865867,0.224925,0.018544,9.868001
1755400865869,0.248854,-0.084347,9.879965
1755400865871,0.287139,-0.010169,9.896714
1755400865873,0.270389,0.037687,9.903893
1755400865875,0.224925,-0.050847,9.820144
1755400865878,0.303888,-0.046062,9.915857
1755400865881,0.29671,0.047258,9.966406
1755400865883,0.244068,-0.050847,9.820144
1755400865885,0.291924,-0.065204,9.860822
1755400865887,0.289532,0.068794,9.985548
1755400865890,0.270389,-0.026919,9.84168
1755400865892,0.263211,-0.067597,9.88475
1755400865895,0.303888,0.04008,9.882358
1755400865899,0.248854,-0.034098,9.939785
1755400865900,0.277567,-0.041276,9.882358
1755400865902,0.294317,-0.022134,9.77468
1755400865905,0.222533,-0.058026,9.875179
1755400865907,0.315853,0.02333,9.920643
1755400865909,0.287139,-0.005384,9.952048
1755400865911,0.229711,-0.031705,9.949656
1755400865914,0.241675,-0.002991,9.767502
1755400865916,0.222533,-0.048455,9.9015
1755400865919,0.272782,0.018544,9.84168
1755400865921,0.241675,-0.024526,9.865608
1755400865923,0.277567,0.008973,9.908679
1755400865926,0.251246,-0.029312,9.934999
1755400865928,0.277567,-0.005384,9.9015
1755400865931,0.308674,-0.019741,9.896714
1755400865933,0.256032,0.020937,9.872787
1755400865936,0.29671,-0.000598,9.879965
1755400865938,0.229711,-0.038883,9.939785
1755400865940,0.289532,-0.000598,9.860822
1755400865943,0.241675,-0.017348,9.908679
1755400865946,0.332602,-0.002991,9.822537
1755400865947,0.277567,-0.043669,9.990334
1755400865950,0.351745,-0.002991,9.769895
1755400865953,0.210568,-0.019741,9.995119
1755400865955,0.272782,0.013759,9.822537
1755400865957,0.246461,-0.017348,9.923036
1755400865959,0.241675,-0.034098,9.930214
1755400865962,0.212961,-0.000598,9.832108
1755400865966,0.263211,-0.026919,9.848858
1755400865967,0.299103,-0.031705,9.851251
1755400865969,0.256032,-0.017348,9.932607
1755400865971,0.248854,0.008973,9.860822
1755400865974,0.251246,-0.005384,10.011869
1755400865976,0.232104,0.011366,9.889536
1755400865979,0.22014,-0.019741,9.856036
1755400865981,0.244068,-0.046062,9.836894
1755400865984,0.258425,-0.041276,9.853643
1755400865987,0.272782,-0.046062,9.894321
1755400865988,0.275175,0.001795,9.865608
1755400865991,0.27996,0.044865,9.959227
1755400865993,0.277567,-0.000598,9.925428
1755400865995,0.241675,-0.077169,9.834501
1755400865997,0.248854,-0.034098,9.903893
1755400866001,0.244068,0.028116,9.925428
1755400866003,0.265603,0.00658,9.848858
1755400866005,0.272782,-0.081954,9.834501
1755400866007,0.275175,-0.024526,9.889536
1755400866010,0.284746,0.030508,9.887143
1755400866012,0.277567,-0.014955,9.856036
1755400866015,0.267996,-0.005384,9.894321
1755400866019,0.241675,-0.048455,9.896714
1755400866022,0.236889,-0.031705,9.915857
1755400866024,0.251246,-0.010169,9.870394
1755400866025,0.263211,-0.010169,9.877572
1755400866027,0.301496,-0.002991,9.848858
1755400866029,0.241675,-0.031705,9.872787
1755400866031,0.303888,-0.005384,9.853643
1755400866035,0.287139,-0.031705,9.889536
1755400866036,0.277567,0.001795,9.915857
1755400866039,0.287139,-0.000598,9.903893
1755400866041,0.265603,-0.046062,9.865608
1755400866044,0.260818,-0.017348,9.88475
1755400866046,0.291924,-0.007777,9.863214
1755400866048,0.289532,-0.043669,9.889536
1755400866051,0.275175,-0.029312,9.894321
1755400866053,0.258425,0.013759,9.894321
1755400866055,0.246461,-0.036491,9.863214
1755400866058,0.256032,-0.05324,9.872787
1755400866060,0.263211,-0.048455,9.894321
1755400866062,0.299103,0.016152,9.899107
1755400866064,0.315853,0.001795,9.858429
1755400866069,0.272782,-0.055633,9.863214
1755400866071,0.284746,-0.002991,9.903893
1755400866072,0.284746,0.028116,9.906285
1755400866074,0.27996,-0.038883,9.848858
1755400866077,0.277567,-0.055633,9.863214
1755400866079,0.265603,-0.034098,9.875179
1755400866081,0.241675,0.013759,9.911072
1755400866085,0.251246,-0.000598,9.860822
1755400866087,0.27996,-0.055633,9.9015
1755400866089,0.282353,-0.026919,9.927821
1755400866091,0.299103,0.061615,9.913465
1755400866094,0.263211,-0.031705,9.870394
1755400866096,0.272782,-0.065204,9.879965
1755400866098,0.299103,-0.017348,9.877572
1755400866102,0.272782,0.001795,9.894321
1755400866107,0.265603,-0.031705,9.887143
1755400866107,0.267996,-0.036491,9.865608
1755400866109,0.263211,-0.024526,9.9015
1755400866110,0.284746,-0.005384,9.839287
1755400866113,0.301496,-0.041276,9.863214
1755400866115,0.275175,-0.010169,9.88475
1755400866117,0.282353,-0.005384,9.889536
1755400866121,0.258425,-0.026919,9.875179
1755400866125,0.275175,-0.058026,9.882358
1755400866126,0.303888,-0.017348,9.906285
1755400866127,0.287139,0.00658,9.887143
1755400866130,0.303888,-0.055633,9.84168
1755400866132,0.294317,-0.043669,9.923036
1755400866134,0.258425,0.004187,9.889536
1755400866136,0.244068,-0.019741,9.851251
1755400866139,0.265603,-0.05324,9.868001
1755400866142,0.277567,0.004187,9.908679
1755400866144,0.232104,0.018544,9.882358
1755400866146,0.234497,-0.055633,9.865608
1755400866149,0.267996,-0.060419,9.91825
1755400866151,0.275175,0.032901,9.887143
1755400866153,0.248854,-0.024526,9.853643
1755400866156,0.222533,-0.031705,9.9015
1755400866158,0.258425,-0.024526,9.877572
1755400866161,0.29671,0.020937,9.896714
1755400866163,0.265603,0.001795,9.832108
1755400866165,0.289532,-0.043669,9.899107
1755400866168,0.260818,0.004187,9.894321
1755400866171,0.244068,-0.019741,9.875179
1755400866173,0.267996,-0.05324,9.863214
1755400866175,0.253639,-0.055633,9.872787
1755400866177,0.267996,0.008973,9.887143
1755400866180,0.246461,0.016152,9.908679
1755400866183,0.282353,-0.041276,9.88475
1755400866184,0.232104,-0.038883,9.846465
1755400866188,0.251246,-0.005384,9.891929
1755400866190,0.267996,-0.005384,9.879965
1755400866192,0.272782,-0.010169,9.896714
1755400866195,0.248854,-0.022134,9.868001
1755400866197,0.299103,0.004187,9.882358
1755400866199,0.265603,0.00658,9.891929
1755400866202,0.244068,-0.031705,9.894321
1755400866205,0.294317,-0.034098,9.896714
1755400866207,0.263211,-0.029312,9.863214
1755400866209,0.277567,0.004187,9.882358
1755400866211,0.272782,-0.036491,9.848858
1755400866214,0.258425,-0.017348,9.848858
1755400866216,0.29671,-0.012562,9.911072
1755400866218,0.260818,0.013759,9.853643
1755400866221,0.289532,-0.014955,9.939785
1755400866225,0.251246,-0.024526,9.836894
1755400866227,0.263211,-0.005384,9.915857
1755400866228,0.248854,-0.026919,9.848858
1755400866230,0.263211,-0.002991,9.920643
1755400866232,0.248854,-0.019741,9.860822
1755400866235,0.260818,0.008973,9.889536
1755400866238,0.29671,-0.017348,9.856036
1755400866240,0.258425,-0.022134,9.889536
1755400866243,0.241675,-0.012562,9.848858
1755400866244,0.256032,0.001795,9.858429
1755400866247,0.270389,-0.048455,9.836894
1755400866249,0.277567,-0.022134,9.894321
1755400866251,0.253639,-0.038883,9.827323
1755400866255,0.260818,0.013759,9.923036
1755400866257,0.260818,-0.029312,9.851251
1755400866259,0.31346,-0.000598,9.870394
1755400866261,0.275175,-0.019741,9.88475
1755400866264,0.318245,-0.000598,9.856036
1755400866266,0.239282,-0.048455,9.937392
1755400866268,0.311067,-0.010169,9.820144
1755400866274,0.258425,-0.012562,10.021441
1755400866276,0.294317,0.001795,9.77468
1755400866277,0.239282,-0.05324,9.911072
1755400866279,0.272782,-0.005384,9.798609
1755400866280,0.260818,-0.005384,9.856036
1755400866283,0.270389,-0.034098,9.903893
1755400866285,0.248854,-0.010169,9.944571
1755400866287,0.31346,-0.031705,9.812965
1755400866290,0.299103,-0.043669,9.903893
1755400866292,0.284746,-0.012562,9.848858
1755400866295,0.241675,-0.007777,9.906285
1755400866297,0.284746,-0.010169,9.872787
1755400866299,0.287139,-0.019741,9.868001
1755400866302,0.301496,-0.017348,9.887143
1755400866304,0.27996,-0.024526,9.882358
1755400866307,0.224925,-0.007777,9.899107
1755400866309,0.291924,-0.014955,9.870394
1755400866312,0.277567,-0.026919,9.882358
1755400866314,0.277567,-0.029312,9.875179
1755400866316,0.260818,-0.036491,9.879965
1755400866318,0.265603,0.013759,9.894321
1755400866321,0.260818,-0.010169,9.887143
1755400866323,0.251246,-0.026919,9.896714
1755400866326,0.246461,-0.022134,9.889536
1755400866328,0.272782,-0.014955,9.894321
1755400866331,0.27996,-0.014955,9.88475
1755400866333,0.244068,-0.019741,9.844072
1755400866335,0.284746,-0.007777,9.868001
1755400866338,0.284746,-0.017348,9.872787
1755400866341,0.244068,-0.041276,9.865608
1755400866343,0.256032,-0.017348,9.889536
1755400866347,0.241675,-0.031705,9.915857
1755400866348,0.217747,0.011366,9.887143
1755400866350,0.200997,0.001795,9.674182
1755400866353,0.155234,0.020937,9.705289
1755400866355,0.244068,0.044865,9.868001
1755400866358,0.382852,-0.029312,10.263116
1755400866360,0.236889,0.001795,10.021441
1755400866362,0.148056,0.037687,9.793823
1755400866364,0.263211,-0.041276,9.738789
1755400866367,0.378066,-0.074776,9.966406
1755400866369,0.399601,-0.108275,10.133903
1755400866371,0.270389,-0.024526,9.939785
1755400866375,0.308674,-0.024526,9.942178
1755400866376,0.337388,-0.046062,9.971191
1755400866379,0.232104,0.020937,9.868001
1755400866381,0.224925,-0.007777,9.853643
1755400866383,0.246461,0.001795,9.832108
1755400866386,0.260818,-0.017348,9.891929
1755400866388,0.234497,-0.046062,9.894321
1755400866392,0.260818,-0.022134,9.891929
1755400866394,0.253639,-0.014955,9.860822
1755400866396,0.263211,-0.038883,9.903893
1755400866398,0.272782,-0.029312,9.851251
1755400866400,0.287139,-0.017348,9.875179
1755400866403,0.265603,-0.024526,9.891929
1755400866405,0.270389,-0.048455,9.877572
1755400866408,0.258425,-0.000598,9.879965
1755400866410,0.275175,-0.005384,9.870394
1755400866413,0.260818,-0.002991,9.868001
1755400866415,0.251246,-0.012562,9.858429
1755400866417,0.294317,0.011366,9.875179
1755400866419,0.294317,-0.048455,9.889536
1755400866422,0.272782,-0.026919,9.877572
1755400866426,0.265603,0.004187,9.88475
1755400866428,0.265603,-0.010169,9.899107
1755400866429,0.239282,-0.024526,9.872787
1755400866432,0.222533,-0.05324,9.887143
1755400866434,0.217747,-0.014955,9.879965
1755400866436,0.253639,0.001795,9.879965
1755400866439,0.246461,-0.002991,9.853643
1755400866443,0.284746,-0.022134,9.894321
1755400866444,0.277567,-0.007777,9.911072
1755400866446,0.248854,-0.019741,9.88475
1755400866448,0.275175,-0.034098,9.851251
1755400866451,0.241675,-0.036491,9.80818
1755400866453,0.263211,-0.041276,9.91825
1755400866455,0.282353,-0.017348,9.939785
1755400866458,0.301496,-0.010169,9.812965
1755400866461,0.272782,-0.005384,9.91825
1755400866462,0.263211,-0.007777,9.779466
1755400866466,0.253639,-0.022134,10.035797
1755400866467,0.256032,-0.002991,9.793823
1755400866469,0.263211,0.004187,9.798609
1755400866472,0.287139,0.004187,10.031012
1755400866475,0.270389,-0.050847,9.798609
1755400866477,0.260818,0.008973,9.932607
1755400866479,0.256032,-0.024526,9.923036
1755400866482,0.253639,-0.012562,9.829716
1755400866484,0.260818,0.008973,9.848858
1755400866486,0.272782,-0.007777,10.026226
1755400866489,0.267996,-0.017348,9.74836
1755400866491,0.258425,-0.026919,9.815358
1755400866494,0.256032,0.008973,9.961619
1755400866496,0.272782,-0.012562,9.882358
1755400866498,0.239282,-0.000598,9.925428
1755400866501,0.270389,-0.038883,9.899107
1755400866503,0.260818,-0.005384,9.74836
1755400866506,0.256032,-0.019741,9.724431
1755400866508,0.287139,-0.012562,10.031012
1755400866510,0.265603,-0.012562,9.834501
1755400866513,0.236889,0.004187,9.959227
1755400866516,0.277567,-0.026919,9.997512
1755400866518,0.308674,-0.005384,9.690931
1755400866520,0.275175,-0.024526,9.997512
1755400866522,0.291924,-0.017348,9.906285
1755400866525,0.258425,-0.002991,9.889536
1755400866527,0.27996,-0.036491,9.693324
1755400866529,0.275175,-0.022134,9.956834
1755400866532,0.267996,0.011366,9.856036
1755400866535,0.284746,-0.024526,9.911072
1755400866537,0.284746,-0.043669,9.997512
1755400866539,0.265603,-0.036491,9.635897
1755400866542,0.299103,-0.014955,10.098011
1755400866545,0.282353,-0.038883,9.678967
1755400866547,0.275175,-0.017348,9.913465
1755400866549,0.277567,-0.002991,9.906285
1755400866551,0.232104,-0.022134,9.959227
1755400866554,0.260818,-0.031705,9.853643
1755400866556,0.272782,-0.06999,9.84168
1755400866558,0.265603,-0.019741,9.934999
1755400866561,0.289532,0.001795,9.853643
1755400866564,0.287139,-0.007777,9.9015
1755400866566,0.260818,-0.046062,9.877572
1755400866568,0.267996,-0.029312,9.872787
1755400866570,0.260818,-0.031705,9.889536
1755400866573,0.29671,-0.005384,9.860822
1755400866575,0.272782,-0.007777,9.88475
1755400866579,0.265603,-0.026919,9.882358
1755400866581,0.287139,-0.024526,9.868001
1755400866585,0.306281,-0.014955,9.891929
1755400866586,0.258425,-0.012562,9.887143
1755400866587,0.263211,-0.048455,9.879965
1755400866589,0.260818,-0.010169,9.896714
1755400866592,0.27996,-0.007777,9.891929
1755400866595,0.256032,-0.043669,9.870394
1755400866597,0.291924,-0.019741,9.903893
1755400866599,0.229711,-0.005384,9.875179
1755400866601,0.27996,-0.031705,9.9015
1755400866604,0.275175,-0.005384,9.856036
1755400866606,0.253639,-0.031705,9.877572
1755400866609,0.275175,-0.024526,9.877572
1755400866612,0.275175,-0.019741,9.88475
1755400866614,0.29671,-0.038883,9.853643
1755400866616,0.217747,0.001795,9.834501
1755400866618,0.277567,-0.036491,9.920643
1755400866621,0.251246,0.016152,9.750752
1755400866623,0.248854,-0.000598,9.877572
1755400866625,0.232104,-0.048455,9.80818
1755400866628,0.303888,-0.055633,9.973584
1755400866631,0.267996,-0.036491,9.856036
1755400866633,0.270389,-0.024526,9.832108
1755400866635,0.263211,0.001795,9.927821
1755400866638,0.251246,-0.007777,9.896714
1755400866640,0.239282,-0.012562,9.872787
1755400866643,0.267996,-0.014955,9.903893
1755400866645,0.244068,-0.019741,9.906285
1755400866647,0.265603,-0.010169,9.88475
1755400866649,0.256032,-0.007777,9.899107
1755400866651,0.260818,-0.005384,9.839287
1755400866654,0.303888,0.02333,9.889536
1755400866656,0.277567,-0.014955,9.899107
1755400866659,0.289532,-0.010169,9.851251
1755400866663,0.234497,-0.029312,9.868001
1755400866665,0.265603,-0.024526,9.899107
1755400866666,0.267996,-0.017348,9.877572
1755400866668,0.289532,-0.048455,9.870394
1755400866671,0.282353,-0.067597,9.882358
1755400866673,0.265603,0.018544,9.927821
1755400866675,0.29671,-0.014955,9.9015
1755400866679,0.277567,-0.026919,9.899107
1755400866682,0.251246,-0.012562,9.879965
1755400866683,0.277567,0.016152,9.877572
1755400866685,0.248854,-0.014955,9.896714
1755400866687,0.284746,-0.019741,9.879965
1755400866690,0.275175,-0.019741,9.856036
1755400866692,0.248854,-0.026919,9.903893
1755400866695,0.270389,0.001795,9.882358
1755400866697,0.267996,-0.017348,9.894321
1755400866701,0.260818,-0.043669,9.889536
1755400866702,0.244068,-0.010169,9.868001
1755400866705,0.27996,-0.022134,9.891929
1755400866707,0.256032,-0.034098,9.889536
1755400866709,0.291924,-0.034098,9.899107
1755400866711,0.284746,-0.005384,9.848858
1755400866714,0.258425,-0.005384,9.889536
1755400866716,0.267996,0.001795,9.903893
1755400866719,0.253639,0.011366,9.865608
1755400866722,0.256032,-0.012562,9.9015
1755400866723,0.236889,0.004187,9.882358
1755400866726,0.258425,-0.024526,9.894321
1755400866728,0.277567,-0.014955,9.882358
1755400866732,0.270389,-0.024526,9.863214
1755400866733,0.291924,-0.036491,9.865608
1755400866736,0.241675,-0.038883,9.887143
1755400866739,0.251246,-0.014955,9.88475
1755400866740,0.284746,-0.026919,9.870394
1755400866743,0.287139,-0.024526,9.887143
1755400866745,0.27996,-0.000598,9.877572
1755400866748,0.287139,-0.005384,9.870394
1755400866750,0.265603,-0.038883,9.868001
1755400866752,0.291924,-0.005384,9.870394
1755400866755,0.272782,-0.024526,9.870394
1755400866758,0.270389,-0.017348,9.865608
1755400866760,0.265603,-0.038883,9.882358
1755400866762,0.263211,-0.012562,9.851251
1755400866765,0.284746,-0.031705,9.88475
1755400866767,0.275175,-0.031705,9.872787
1755400866769,0.229711,-0.007777,9.896714
1755400866771,0.272782,-0.019741,9.872787
1755400866774,0.272782,-0.017348,9.870394
1755400866776,0.282353,-0.029312,9.894321
1755400866779,0.294317,-0.019741,9.870394
1755400866782,0.267996,-0.014955,9.913465
1755400866784,0.258425,0.00658,9.891929
1755400866786,0.272782,-0.046062,9.889536
1755400866788,0.260818,-0.034098,9.88475
1755400866791,0.284746,-0.012562,9.891929
1755400866793,0.234497,-0.012562,9.877572
1755400866795,0.246461,-0.036491,9.865608
1755400866799,0.244068,-0.010169,9.88475
1755400866803,0.253639,-0.014955,9.889536
1755400866804,0.277567,-0.012562,9.875179
1755400866806,0.272782,-0.012562,9.891929
1755400866807,0.294317,-0.017348,9.903893
1755400866810,0.258425,0.004187,9.877572
1755400866812,0.272782,-0.005384,9.889536
1755400866815,0.265603,-0.012562,9.882358
1755400866818,0.284746,0.004187,9.853643
1755400866819,0.248854,-0.012562,9.887143
1755400866822,0.260818,-0.043669,9.896714
1755400866824,0.251246,0.008973,9.889536
1755400866826,0.248854,-0.024526,9.882358
1755400866829,0.301496,-0.022134,9.903893
1755400866831,0.291924,-0.019741,9.889536
1755400866835,0.311067,-0.012562,9.877572
1755400866836,0.258425,-0.017348,9.860822
1755400866838,0.256032,-0.024526,9.88475
1755400866842,0.272782,-0.010169,9.88475
1755400866844,0.308674,-0.034098,9.877572
1755400866846,0.291924,-0.012562,9.896714
1755400866848,0.320638,-0.007777,9.887143
1755400866851,0.303888,-0.014955,9.88475
1755400866853,0.267996,-0.012562,9.875179
1755400866855,0.282353,-0.010169,9.903893
1755400866858,0.275175,-0.010169,9.882358
1755400866860,0.275175,-0.005384,9.872787
1755400866862,0.270389,-0.026919,9.877572
1755400866865,0.263211,-0.022134,9.88475
1755400866867,0.253639,-0.038883,9.868001
1755400866870,0.251246,-0.012562,9.882358
1755400866872,0.282353,-0.014955,9.889536
1755400866875,0.260818,-0.019741,9.868001
1755400866877,0.275175,-0.022134,9.889536
1755400866879,0.251246,-0.036491,9.896714
1755400866882,0.299103,-0.002991,9.882358
1755400866885,0.284746,-0.019741,9.887143
1755400866887,0.277567,-0.029312,9.868001
1755400866889,0.265603,-0.024526,9.877572
1755400866891,0.260818,-0.022134,9.9015
1755400866894,0.256032,-0.019741,9.913465
1755400866896,0.251246,-0.019741,9.906285
1755400866899,0.27996,-0.007777,9.88475
1755400866901,0.265603,-0.017348,9.887143
1755400866905,0.265603,-0.034098,9.911072
1755400866906,0.291924,-0.007777,9.894321
1755400866908,0.236889,-0.019741,9.913465
1755400866911,0.232104,-0.029312,9.889536
1755400866913,0.289532,-0.002991,9.882358
1755400866915,0.287139,-0.007777,9.868001
1755400866918,0.282353,-0.026919,9.875179
1755400866920,0.263211,-0.000598,9.894321
1755400866923,0.289532,-0.024526,9.903893
1755400866925,0.303888,-0.022134,9.903893
1755400866927,0.287139,-0.012562,9.853643
1755400866930,0.251246,-0.007777,9.877572
1755400866932,0.272782,-0.041276,9.9015
1755400866936,0.272782,-0.034098,9.868001
1755400866938,0.287139,-0.017348,9.906285
1755400866939,0.277567,-0.048455,9.827323
1755400866942,0.241675,-0.002991,9.82493
1755400866944,0.244068,0.018544,9.868001
1755400866947,0.27996,-0.026919,9.863214
1755400866949,0.275175,-0.038883,9.860822
1755400866952,0.267996,-0.014955,9.891929
1755400866954,0.232104,0.020937,9.877572
1755400866956,0.294317,-0.031705,9.97837
1755400866958,0.241675,0.016152,9.870394
1755400866961,0.208176,-0.000598,9.71486
1755400866964,0.212961,0.011366,9.832108
1755400866965,0.267996,-0.007777,9.896714
1755400866969,0.244068,0.004187,9.894321
1755400866971,0.256032,-0.007777,9.839287
1755400866973,0.244068,-0.000598,9.894321
1755400866975,0.253639,0.030508,9.844072
1755400866978,0.239282,-0.005384,9.789038
1755400866980,0.236889,-0.012562,9.870394
1755400866982,0.287139,-0.031705,9.964012
1755400866986,0.311067,-0.062812,9.920643
1755400866988,0.287139,-0.029312,9.877572
1755400866990,0.332602,-0.010169,9.925428
1755400866992,0.256032,-0.007777,9.934999
1755400866994,0.251246,-0.034098,9.810573
1755400866997,0.308674,-0.029312,9.889536
1755400866999,0.29671,-0.014955,9.868001
1755400867001,0.301496,-0.029312,9.91825
1755400867005,0.33021,-0.062812,10.028619
1755400867006,0.267996,0.00658,9.911072
1755400867009,0.248854,-0.010169,9.9015
1755400867011,0.29671,-0.012562,9.9015
1755400867013,0.267996,-0.010169,9.844072
1755400867016,0.253639,-0.014955,9.80818
1755400867018,0.265603,-0.000598,9.863214
1755400867021,0.263211,-0.005384,9.856036
1755400867023,0.267996,-0.031705,9.882358
1755400867025,0.239282,-0.026919,9.88475
1755400867028,0.27996,-0.012562,9.894321
1755400867030,0.270389,-0.000598,9.872787
1755400867033,0.251246,-0.017348,9.860822
1755400867035,0.320638,-0.019741,9.887143
1755400867037,0.306281,-0.024526,9.839287
1755400867040,0.291924,-0.055633,9.990334
1755400867043,0.308674,0.025723,9.801002
1755400867045,0.246461,-0.058026,9.987941
1755400867047,0.318245,0.004187,9.765109
1755400867049,0.244068,-0.067597,9.995119
1755400867052,0.311067,0.042473,9.769895
1755400867055,0.244068,-0.072383,10.002297
1755400867057,0.284746,-0.000598,9.769895
1755400867059,0.244068,-0.058026,9.973584
1755400867061,0.287139,-0.010169,9.755538
1755400867064,0.232104,-0.060419,9.954441
1755400867066,0.299103,0.00658,9.760324
1755400867069,0.256032,-0.034098,9.985548
1755400867071,0.287139,-0.017348,9.793823
1755400867074,0.229711,-0.019741,10.00469
1755400867076,0.256032,0.004187,9.762716
1755400867079,0.224925,-0.024526,9.971191
1755400867080,0.301496,-0.019741,9.798609
1755400867083,0.27996,-0.055633,9.985548
1755400867086,0.323031,-0.000598,9.927821
1755400867089,0.258425,0.025723,9.923036
1755400867091,0.325424,-0.055633,9.923036
1755400867093,0.303888,-0.017348,9.939785
1755400867095,0.308674,-0.017348,9.877572
1755400867097,0.208176,0.020937,9.856036
1755400867100,0.232104,0.00658,9.84168
1755400867102,0.232104,0.004187,9.894321
1755400867105,0.421137,-0.091525,10.069297
1755400867107,0.411565,-0.079561,9.947263
1755400867109,0.258425,0.018544,9.858429
1755400867112,0.19352,0.020937,9.868001
1755400867114,0.315853,-0.050847,9.710074
1755400867116,0.256032,0.013759,10.016655
1755400867119,0.229711,-0.000598,9.789038
1755400867123,0.315853,-0.024526,9.815358
1755400867126,0.222533,0.049651,9.983155
1755400867127,0.195912,-0.019741,9.707682
1755400867129,0.244068,-0.007777,9.844072
1755400867131,0.272782,-0.017348,9.848858
1755400867133,0.29671,-0.019741,9.959227
1755400867136,0.253639,-0.017348,9.872787
1755400867140,0.263211,-0.041276,9.781859
1755400867141,0.308674,0.011366,9.891929
1755400867145,0.224925,-0.019741,9.851251
1755400867146,0.289532,-0.041276,9.903893
1755400867147,0.308674,-0.058026,9.896714
1755400867150,0.301496,-0.010169,9.91825
1755400867153,0.260818,0.013759,9.889536
1755400867155,0.291924,-0.019741,9.879965
1755400867159,0.339781,0.001795,9.875179
1755400867160,0.27996,0.00658,9.954441
1755400867162,0.241675,-0.012562,9.911072
1755400867164,0.325424,-0.036491,9.968799
1755400867167,0.248854,-0.010169,9.894321
1755400867169,0.287139,-0.019741,9.882358
1755400867171,0.224925,-0.014955,9.698111
1755400867174,0.311067,0.00658,9.915857
1755400867176,0.251246,0.004187,9.812965
1755400867179,0.205783,0.008973,9.726824
1755400867181,0.246461,-0.026919,9.834501
1755400867184,0.241675,0.004187,9.949656
1755400867186,0.253639,0.02333,9.84168
1755400867188,0.294317,-0.024526,9.832108
1755400867191,0.251246,-0.024526,9.889536
1755400867194,0.270389,-0.034098,9.906285
1755400867196,0.258425,-0.026919,9.882358
1755400867198,0.246461,-0.022134,9.889536
1755400867200,0.299103,-0.010169,9.9015
1755400867203,0.265603,-0.012562,9.868001
1755400867205,0.272782,-0.007777,9.817751
1755400867208,0.29671,-0.055633,9.939785
1755400867211,0.267996,-0.026919,9.896714
1755400867212,0.289532,-0.017348,9.805787
1755400867215,0.291924,0.028116,10.066904
1755400867217,0.301496,-0.022134,9.879965
1755400867220,0.258425,-0.019741,9.757931
1755400867222,0.289532,-0.012562,9.927821
1755400867225,0.272782,-0.026919,9.853643
1755400867228,0.294317,0.020937,9.947263
1755400867229,0.270389,-0.043669,9.913465
1755400867231,0.299103,-0.010169,9.760324
1755400867234,0.267996,0.00658,9.985548
1755400867237,0.270389,0.030508,9.777073
1755400867238,0.282353,-0.019741,9.971191
1755400867241,0.275175,-0.046062,9.84168
1755400867244,0.265603,-0.022134,9.889536
1755400867246,0.282353,-0.005384,9.961619
1755400867249,0.241675,0.008973,9.79143
1755400867250,0.244068,-0.041276,9.983155
1755400867253,0.253639,-0.029312,9.772287
1755400867255,0.241675,-0.010169,10.026226
1755400867258,0.239282,0.018544,9.868001
1755400867261,0.248854,-0.019741,9.853643
1755400867263,0.270389,-0.043669,9.868001
1755400867265,0.287139,-0.038883,9.832108
1755400867267,0.299103,0.008973,9.927821
1755400867270,0.287139,0.001795,9.829716
1755400867272,0.241675,-0.022134,9.947263
1755400867275,0.263211,-0.050847,9.798609
1755400867277,0.287139,-0.019741,10.007083
1755400867280,0.277567,0.020937,9.784252
1755400867282,0.270389,-0.007777,10.011869
1755400867284,0.265603,-0.065204,9.734002
1755400867287,0.27996,-0.022134,10.026226
1755400867289,0.258425,0.008973,9.891929
1755400867292,0.236889,-0.014955,9.856036
1755400867294,0.265603,-0.055633,9.858429
1755400867296,0.275175,-0.014955,9.786645
1755400867299,0.289532,0.011366,9.999905
1755400867301,0.265603,0.032901,9.832108
1755400867303,0.308674,-0.022134,9.997512
1755400867306,0.289532,-0.038883,9.686146
1755400867309,0.267996,-0.024526,9.949656
1755400867312,0.29671,-0.022134,9.944571
1755400867313,0.282353,0.011366,9.80818
1755400867315,0.270389,0.013759,9.877572
1755400867318,0.294317,-0.024526,9.911072
1755400867320,0.282353,-0.002991,9.937392
1755400867322,0.251246,-0.046062,9.844072
1755400867326,0.277567,-0.017348,9.851251
1755400867329,0.31346,0.00658,9.877572
1755400867331,0.256032,0.001795,9.954441
1755400867332,0.27996,-0.024526,9.84168
1755400867335,0.267996,-0.022134,9.889536
1755400867337,0.263211,0.020937,9.915857
1755400867339,0.263211,0.018544,9.84168
1755400867346,0.258425,-0.010169,9.891929
1755400867347,0.272782,-0.012562,9.868001
1755400867348,0.248854,-0.002991,9.903893
1755400867349,0.270389,-0.034098,9.872787
1755400867351,0.253639,-0.026919,9.9015
1755400867354,0.289532,-0.010169,9.872787
1755400867356,0.301496,-0.029312,9.868001
1755400867358,0.258425,-0.034098,9.908679
1755400867362,0.306281,-0.007777,9.889536
1755400867363,0.251246,-0.017348,9.906285
1755400867366,0.265603,0.001795,9.839287
1755400867368,0.267996,-0.046062,9.925428
1755400867373,0.284746,0.001795,9.858429
1755400867374,0.253639,-0.031705,9.952048
1755400867375,0.311067,-0.026919,9.858429
1755400867379,0.270389,-0.026919,9.920643
1755400867380,0.270389,-0.022134,9.839287
1755400867384,0.241675,-0.026919,9.889536
1755400867385,0.27996,-0.014955,9.856036
1755400867387,0.232104,-0.036491,9.88475
1755400867390,0.282353,0.013759,9.84168
1755400867392,0.244068,-0.036491,9.906285
1755400867394,0.260818,0.011366,9.817751
1755400867398,0.244068,-0.043669,9.944571
1755400867400,0.272782,-0.000598,9.793823
1755400867402,0.294317,0.001795,9.964012
1755400867404,0.291924,-0.019741,9.810573
1755400867407,0.256032,-0.002991,9.932607
1755400867409,0.315853,-0.012562,9.915857
1755400867412,0.282353,-0.014955,9.9015
1755400867414,0.289532,-0.029312,9.934999
1755400867416,0.265603,-0.002991,9.858429
1755400867419,0.284746,-0.022134,9.891929
1755400867421,0.299103,-0.002991,9.84168
1755400867423,0.270389,-0.034098,9.927821
1755400867425,0.272782,-0.007777,9.82493
1755400867429,0.272782,-0.038883,9.964012
1755400867431,0.344566,-0.012562,9.822537
1755400867433,0.263211,-0.046062,9.927821
1755400867435,0.303888,0.011366,9.836894
1755400867438,0.267996,-0.026919,9.887143
1755400867440,0.265603,0.001795,9.829716
1755400867443,0.275175,-0.002991,9.956834
1755400867446,0.260818,-0.012562,9.889536
1755400867450,0.332602,-0.048455,9.906285
1755400867451,0.301496,-0.022134,9.858429
1755400867453,0.265603,-0.017348,9.860822
1755400867455,0.334995,-0.043669,9.868001
1755400867457,0.306281,-0.034098,9.851251
1755400867459,0.198604,0.044865,9.812965
1755400867463,0.227318,-0.012562,9.839287
1755400867465,0.19352,0.001795,9.695718
1755400867467,0.392423,-0.089133,9.985548
1755400867469,0.334995,-0.014955,10.109975
1755400867472,0.200997,0.011366,9.805787
1755400867474,0.488136,-0.091525,10.253544
1755400867476,0.284746,-0.017348,9.796216
1755400867480,0.224925,-0.029312,9.710074
1755400867482,0.308674,-0.007777,9.915857
1755400867483,0.200997,0.04008,9.772287
1755400867486,0.299103,-0.048455,9.997512
1755400867488,0.306281,0.00658,10.07169
1755400867490,0.323031,-0.046062,9.84168
1755400867493,0.394816,-0.034098,10.050154
1755400867495,0.42353,-0.055633,10.136296
1755400867498,0.289532,-0.055633,9.879965
1755400867501,0.337388,-0.062812,9.879965
1755400867502,0.138485,0.025723,9.786645
1755400867506,0.20339,0.028116,9.911072
1755400867507,0.171984,0.059222,9.755538
1755400867510,0.430708,-0.019741,10.239187
1755400867513,0.325424,-0.036491,9.915857
1755400867515,0.171984,0.011366,9.796216
1755400867517,0.480957,-0.089133,10.263116
1755400867519,0.19352,-0.022134,9.705289
1755400867522,0.447458,-0.148953,9.944571
1755400867524,0.303888,-0.038883,10.014262
1755400867526,0.215354,0.018544,9.949656
1755400867528,0.277567,-0.034098,9.992726
1755400867531,0.22014,0.018544,9.784252
1755400867534,0.265603,-0.024526,9.810573
1755400867536,0.217747,0.028116,9.932607
1755400867539,0.291924,-0.017348,9.836894
1755400867541,0.275175,-0.017348,9.923036
1755400867543,0.256032,-0.017348,9.853643
1755400867545,0.291924,-0.024526,9.899107
1755400867548,0.289532,-0.019741,9.865608
1755400867550,0.289532,-0.002991,9.899107
1755400867553,0.265603,-0.017348,9.985548
1755400867556,0.282353,0.016152,9.856036
1755400867557,0.258425,-0.038883,9.920643
1755400867560,0.260818,-0.017348,9.829716
1755400867562,0.258425,-0.017348,9.937392
1755400867566,0.303888,-0.010169,9.80818
1755400867567,0.246461,-0.060419,9.959227
1755400867570,0.327817,-0.007777,9.82493
1755400867572,0.263211,-0.007777,9.959227
1755400867575,0.306281,-0.005384,9.839287
1755400867577,0.265603,-0.041276,9.97837
1755400867579,0.287139,-0.005384,9.829716
1755400867582,0.263211,-0.012562,9.949656
1755400867584,0.320638,-0.031705,9.868001
1755400867587,0.251246,-0.022134,9.956834
1755400867589,0.272782,0.030508,9.872787
1755400867592,0.246461,-0.029312,9.872787
1755400867593,0.164806,0.001795,9.844072
1755400867596,0.272782,-0.017348,10.031012
1755400867599,0.358923,-0.010169,10.27508
1755400867601,0.323031,-0.000598,9.868001
1755400867603,0.394816,-0.048455,10.035797
1755400867606,0.232104,0.016152,9.952048
1755400867608,0.162413,0.037687,9.79143
1755400867610,0.248854,0.020937,9.801002
1755400867613,0.33021,-0.024526,10.00469
1755400867617,0.19352,0.032901,9.872787
1755400867618,0.095414,0.030508,9.554541
1755400867620,0.236889,-0.007777,9.863214
1755400867622,0.287139,-0.014955,9.973584
1755400867624,0.332602,-0.019741,10.074082
1755400867627,0.344566,-0.048455,10.090832
1755400867629,0.385244,-0.101097,9.777073
1755400867633,0.315853,-0.014955,10.066904
1755400867634,0.171984,0.052044,9.906285
1755400867636,0.181555,0.020937,9.762716
1755400867639,0.138485,0.028116,9.729217
1755400867641,0.210568,-0.000598,9.877572
1755400867644,0.19352,0.04008,9.836894
1755400867646,0.171984,0.05683,9.868001
1755400867650,0.102592,0.030508,9.628718
1755400867651,0.368495,-0.05324,10.143475
1755400867653,0.421137,-0.048455,10.299007
1755400867656,0.315853,-0.050847,9.724431
1755400867658,0.140877,0.042473,9.659825
1755400867660,0.085843,0.097508,9.722038
1755400867663,0.339781,0.008973,10.20808
1755400867668,0.294317,-0.017348,9.887143
1755400867669,0.251246,0.001795,9.961619
1755400867670,0.114556,0.052044,9.609575
1755400867673,0.08345,0.042473,9.540184
1755400867675,0.195912,0.044865,9.84168
1755400867677,0.267996,0.016152,9.899107
1755400867680,0.471386,-0.089133,10.129117
1755400867682,0.39003,-0.038883,10.093225
1755400867684,0.148056,0.001795,9.473185
1755400867687,0.195912,0.016152,9.590433
1755400867689,0.22014,0.037687,9.983155
1755400867692,0.351745,-0.034098,10.009477
1755400867694,0.222533,-0.000598,9.600004
1755400867697,0.253639,-0.060419,9.875179
1755400867699,0.217747,-0.017348,9.79143
1755400867702,0.234497,0.011366,9.9015
1755400867703,0.258425,-0.043669,9.899107
1755400867707,0.275175,-0.005384,9.889536
1755400867708,0.27996,0.020937,9.879965
1755400867711,0.282353,-0.000598,9.848858
1755400867713,0.282353,-0.036491,9.894321
1755400867715,0.251246,-0.005384,9.894321
1755400867718,0.256032,-0.022134,9.863214
1755400867720,0.265603,-0.000598,9.913465
1755400867723,0.258425,-0.031705,9.872787
1755400867725,0.275175,-0.012562,9.832108
1755400867727,0.287139,-0.022134,9.889536
1755400867730,0.27996,-0.036491,9.853643
1755400867732,0.277567,-0.034098,9.891929
1755400867736,0.267996,-0.007777,9.879965
1755400867738,0.303888,0.001795,9.88475
1755400867740,0.287139,-0.010169,9.879965
1755400867743,0.263211,-0.012562,9.879965
1755400867745,0.29671,-0.041276,9.79143
1755400867747,0.248854,-0.010169,9.810573
1755400867749,0.246461,-0.010169,9.865608
1755400867752,0.263211,-0.012562,9.803394
1755400867755,0.27996,-0.038883,9.822537
1755400867756,0.291924,-0.019741,9.863214
1755400867759,0.291924,-0.026919,9.894321
1755400867761,0.303888,-0.048455,9.848858
1755400867763,0.270389,-0.014955,9.848858
1755400867766,0.275175,-0.026919,9.832108
1755400867769,0.277567,-0.022134,9.968799
1755400867771,0.260818,-0.029312,9.805787
1755400867774,0.308674,0.028116,9.971191
1755400867775,0.287139,-0.026919,9.858429
1755400867779,0.284746,0.020937,9.856036
1755400867780,0.289532,-0.050847,9.949656
1755400867783,0.236889,-0.002991,9.801002
1755400867787,0.263211,-0.036491,9.961619
1755400867788,0.253639,0.011366,9.724431
1755400867790,0.227318,-0.005384,9.952048
1755400867792,0.253639,-0.005384,9.927821
1755400867795,0.282353,0.004187,9.836894
1755400867797,0.267996,-0.010169,10.014262
1755400867799,0.234497,-0.026919,9.9015
1755400867803,0.251246,-0.014955,9.817751
1755400867804,0.253639,-0.022134,9.851251
1755400867807,0.265603,-0.014955,9.640682
1755400867809,0.224925,-0.010169,9.932607
1755400867811,0.263211,-0.022134,9.971191
1755400867814,0.287139,-0.036491,10.014262
1755400867816,0.301496,-0.002991,9.810573
1755400867820,0.275175,-0.012562,9.801002
1755400867821,0.241675,0.011366,9.860822
1755400867824,0.244068,-0.002991,9.925428
1755400867826,0.251246,-0.007777,9.889536
1755400867828,0.256032,-0.046062,9.875179
1755400867831,0.275175,-0.007777,9.903893
1755400867833,0.299103,0.008973,9.891929
1755400867837,0.248854,0.008973,9.88475
1755400867839,0.267996,0.018544,9.894321
1755400867840,0.267996,-0.017348,9.882358
1755400867843,0.287139,-0.010169,9.88475
1755400867845,0.263211,-0.022134,9.882358
1755400867847,0.287139,-0.017348,9.887143
1755400867850,0.258425,0.018544,9.887143
1755400867852,0.291924,-0.019741,9.882358
1755400867856,0.258425,-0.029312,9.906285
1755400867857,0.282353,-0.043669,9.88475
1755400867860,0.301496,-0.012562,9.879965
1755400867861,0.287139,-0.010169,9.858429
1755400867864,0.270389,-0.012562,9.872787
1755400867866,0.251246,-0.012562,9.88475
1755400867869,0.244068,-0.017348,9.875179
1755400867873,0.258425,-0.022134,9.860822
1755400867874,0.284746,-0.012562,9.887143
1755400867876,0.29671,-0.019741,9.908679
1755400867879,0.287139,-0.019741,9.88475
1755400867881,0.256032,-0.012562,9.899107
1755400867883,0.258425,0.00658,9.896714
1755400867885,0.263211,-0.029312,9.88475
1755400867888,0.287139,0.001795,9.903893
1755400867890,0.311067,0.016152,9.913465
1755400867893,0.29671,-0.002991,9.887143
1755400867895,0.27996,-0.002991,9.891929
1755400867897,0.270389,-0.012562,9.887143
1755400867900,0.29671,-0.058026,9.906285
1755400867902,0.277567,-0.026919,9.908679
1755400867905,0.248854,-0.029312,9.889536
1755400867909,0.270389,-0.017348,9.887143
1755400867911,0.27996,-0.005384,9.903893
1755400867912,0.246461,-0.019741,9.882358
1755400867914,0.222533,-0.007777,9.88475
1755400867917,0.267996,-0.022134,9.88475
1755400867919,0.260818,-0.019741,9.882358
1755400867922,0.287139,-0.005384,9.88475
1755400867924,0.27996,-0.026919,9.891929
1755400867927,0.267996,-0.014955,9.9015
1755400867929,0.265603,-0.036491,9.896714
1755400867931,0.284746,-0.017348,9.851251
1755400867934,0.315853,-0.010169,9.858429
1755400867936,0.267996,0.001795,9.9015
1755400867939,0.287139,-0.043669,9.899107
1755400867942,0.277567,-0.002991,9.877572
1755400867943,0.246461,0.016152,9.853643
1755400867946,0.256032,-0.036491,9.925428
1755400867948,0.294317,-0.017348,9.930214
1755400867950,0.287139,-0.034098,9.944571
1755400867953,0.277567,-0.019741,9.877572
1755400867956,0.263211,-0.036491,9.798609
1755400867958,0.301496,-0.019741,9.887143
1755400867960,0.275175,-0.005384,9.863214
1755400867962,0.282353,0.004187,9.88475
1755400867965,0.248854,-0.012562,9.865608
1755400867967,0.263211,-0.002991,9.863214
1755400867969,0.294317,-0.041276,9.846465
1755400867973,0.248854,-0.038883,9.875179
1755400867974,0.277567,-0.036491,9.906285
1755400867977,0.263211,-0.012562,9.856036
1755400867979,0.287139,-0.038883,9.887143
1755400867982,0.244068,0.008973,9.947263
1755400867984,0.29671,-0.043669,9.793823
1755400867986,0.277567,-0.014955,9.975977
1755400867989,0.267996,-0.007777,9.767502
1755400867992,0.253639,0.004187,9.9015
1755400867994,0.253639,-0.022134,9.868001
1755400867996,0.287139,-0.002991,9.88475
1755400867998,0.301496,-0.012562,9.959227
1755400868000,0.311067,-0.012562,9.817751
1755400868003,0.277567,-0.022134,9.903893
1755400868006,0.299103,-0.010169,9.829716
1755400868008,0.263211,0.001795,9.839287
1755400868010,0.303888,-0.010169,9.80818
1755400868013,0.248854,-0.022134,9.985548
1755400868015,0.258425,-0.038883,9.858429
1755400868017,0.20339,-0.029312,9.899107
1755400868020,0.289532,-0.012562,9.889536
1755400868024,0.282353,-0.017348,9.88475
1755400868026,0.301496,-0.043669,9.870394
1755400868028,0.275175,-0.007777,9.870394
1755400868031,0.263211,-0.034098,9.877572
1755400868032,0.265603,-0.002991,9.879965
1755400868034,0.256032,-0.029312,9.932607
1755400868037,0.260818,0.016152,9.858429
1755400868039,0.253639,-0.014955,9.923036
1755400868042,0.27996,0.001795,9.858429
1755400868044,0.246461,-0.034098,9.906285
1755400868046,0.294317,-0.041276,9.915857
1755400868048,0.272782,-0.024526,9.887143
1755400868051,0.270389,-0.014955,9.848858
1755400868053,0.265603,0.00658,9.805787
1755400868056,0.251246,-0.010169,9.903893
1755400868058,0.258425,-0.000598,9.860822
1755400868060,0.263211,-0.010169,9.920643
1755400868063,0.299103,-0.002991,9.865608
1755400868065,0.239282,0.001795,9.9015
1755400868067,0.272782,-0.026919,9.872787
1755400868070,0.287139,-0.026919,9.839287
1755400868072,0.277567,-0.055633,9.817751
1755400868075,0.289532,-0.022134,9.913465
1755400868077,0.251246,-0.014955,9.97837
1755400868080,0.277567,-0.007777,9.805787
1755400868082,0.267996,-0.026919,9.865608
1755400868084,0.27996,-0.012562,9.834501
1755400868087,0.270389,-0.024526,9.952048
1755400868089,0.284746,-0.014955,9.920643
1755400868092,0.267996,-0.010169,9.688539
1755400868094,0.284746,-0.002991,10.042975
1755400868096,0.256032,-0.026919,9.882358
1755400868099,0.303888,-0.046062,9.879965
1755400868101,0.270389,-0.024526,9.822537
1755400868104,0.260818,-0.048455,9.856036
1755400868106,0.275175,-0.038883,10.078868
1755400868109,0.232104,-0.022134,9.741181
1755400868111,0.253639,0.001795,9.925428
1755400868113,0.289532,-0.000598,9.9015
1755400868116,0.277567,-0.014955,9.848858
1755400868118,0.275175,-0.007777,9.896714
1755400868120,0.291924,-0.022134,9.80818
1755400868123,0.332602,-0.019741,10.014262
1755400868125,0.284746,0.001795,9.829716
1755400868128,0.265603,-0.019741,9.734002
1755400868130,0.267996,-0.019741,9.937392
1755400868132,0.263211,-0.024526,9.889536
1755400868135,0.258425,-0.002991,9.911072
1755400868137,0.277567,-0.046062,9.891929
1755400868139,0.265603,-0.019741,9.856036
1755400868142,0.272782,-0.050847,9.939785
1755400868145,0.236889,-0.007777,9.762716
1755400868147,0.287139,-0.026919,9.82493
1755400868149,0.287139,-0.017348,10.078868
1755400868151,0.275175,-0.014955,9.812965
1755400868154,0.265603,-0.002991,9.899107
1755400868156,0.287139,-0.05324,9.894321
1755400868160,0.248854,-0.031705,9.853643
1755400868161,0.258425,-0.022134,9.983155
1755400868165,0.272782,-0.014955,9.815358
1755400868166,0.260818,-0.036491,9.942178
1755400868168,0.287139,0.035294,9.877572
1755400868171,0.270389,0.004187,9.865608
1755400868173,0.289532,-0.014955,9.882358
1755400868177,0.260818,-0.019741,9.846465
1755400868180,0.303888,-0.05324,9.896714
1755400868182,0.277567,-0.022134,9.860822
1755400868184,0.27996,-0.034098,9.964012
1755400868186,0.291924,0.001795,9.860822
1755400868187,0.244068,0.001795,9.889536
1755400868190,0.244068,0.018544,9.894321
1755400868193,0.282353,-0.012562,9.853643
1755400868196,0.241675,-0.014955,9.891929
1755400868197,0.294317,-0.005384,9.848858
1755400868199,0.282353,0.001795,9.952048
1755400868202,0.306281,0.035294,9.84168
1755400868204,0.277567,-0.026919,9.906285
1755400868206,0.263211,-0.005384,9.856036
1755400868210,0.236889,-0.017348,9.870394
1755400868212,0.284746,-0.022134,9.896714
1755400868214,0.263211,0.00658,9.853643
1755400868217,0.236889,-0.041276,9.896714
1755400868219,0.29671,-0.000598,9.829716
1755400868222,0.253639,0.008973,9.915857
1755400868224,0.27996,-0.007777,9.846465
1755400868228,0.306281,-0.031705,9.870394
1755400868230,0.260818,-0.019741,9.879965
1755400868231,0.267996,-0.014955,9.868001
1755400868234,0.284746,-0.036491,9.937392
1755400868235,0.277567,-0.022134,9.853643
1755400868238,0.289532,-0.029312,9.923036
1755400868240,0.263211,0.008973,9.872787
1755400868245,0.270389,0.00658,9.865608
1755400868247,0.239282,-0.036491,9.851251
1755400868248,0.275175,0.018544,9.863214
1755400868252,0.246461,0.00658,9.915857
1755400868254,0.227318,-0.017348,9.856036
1755400868255,0.236889,-0.024526,9.882358
1755400868257,0.294317,-0.014955,9.863214
1755400868259,0.263211,-0.029312,9.868001
1755400868263,0.267996,-0.024526,9.903893
1755400868264,0.270389,-0.012562,9.879965
1755400868267,0.229711,-0.014955,9.882358
1755400868269,0.294317,-0.026919,9.865608
1755400868271,0.263211,-0.002991,9.882358
1755400868274,0.234497,-0.029312,9.882358
1755400868276,0.287139,-0.005384,9.863214
1755400868279,0.241675,0.004187,9.889536
1755400868281,0.248854,-0.017348,9.844072
1755400868283,0.251246,-0.017348,9.844072
1755400868286,0.246461,-0.034098,9.944571
1755400868288,0.265603,-0.022134,9.84168
1755400868291,0.270389,-0.026919,9.820144
1755400868293,0.287139,-0.014955,9.913465
1755400868296,0.272782,-0.031705,9.858429
1755400868298,0.27996,0.001795,9.789038
1755400868300,0.251246,0.001795,9.985548
1755400868303,0.287139,0.018544,9.848858
1755400868305,0.248854,-0.036491,9.891929
1755400868308,0.301496,-0.010169,9.91825
1755400868310,0.270389,-0.034098,9.872787
1755400868313,0.299103,-0.055633,9.848858
1755400868316,0.263211,-0.031705,9.84168
1755400868318,0.248854,0.004187,9.992726
1755400868320,0.272782,-0.005384,9.870394
1755400868322,0.265603,-0.036491,9.894321
1755400868324,0.299103,-0.024526,9.853643
1755400868327,0.27996,-0.000598,9.894321
1755400868330,0.260818,-0.010169,9.891929
1755400868331,0.253639,-0.041276,9.860822
1755400868334,0.227318,-0.046062,9.882358
1755400868336,0.29671,-0.002991,9.865608
1755400868338,0.27996,0.011366,9.856036
1755400868343,0.277567,-0.000598,9.894321
1755400868344,0.272782,-0.017348,9.875179
1755400868347,0.263211,-0.031705,9.889536
1755400868349,0.294317,0.008973,9.865608
1755400868350,0.265603,-0.007777,9.896714
1755400868353,0.284746,-0.036491,9.875179
1755400868355,0.270389,-0.022134,9.896714
1755400868357,0.287139,-0.024526,9.875179
1755400868360,0.294317,-0.041276,9.875179
1755400868364,0.253639,-0.014955,9.891929
1755400868365,0.244068,-0.014955,9.891929
1755400868368,0.258425,-0.002991,9.879965
1755400868370,0.251246,-0.043669,9.863214
1755400868372,0.272782,-0.007777,9.865608
1755400868374,0.284746,-0.010169,9.870394
1755400868377,0.27996,-0.007777,9.889536
1755400868380,0.270389,-0.019741,9.868001
1755400868382,0.265603,-0.017348,9.863214
1755400868384,0.256032,0.018544,9.863214
1755400868387,0.244068,-0.007777,9.879965
1755400868389,0.272782,0.011366,9.856036
1755400868391,0.263211,-0.000598,9.882358
1755400868394,0.265603,-0.026919,9.889536
1755400868398,0.308674,-0.019741,9.906285
1755400868400,0.291924,-0.019741,9.865608
1755400868401,0.33021,-0.000598,9.863214
1755400868403,0.311067,0.001795,9.913465
1755400868406,0.263211,-0.012562,9.91825
1755400868408,0.265603,-0.005384,9.879965
1755400868411,0.303888,-0.000598,9.896714
1755400868413,0.287139,-0.002991,9.896714
1755400868416,0.270389,-0.002991,9.858429
1755400868417,0.267996,-0.012562,9.856036
1755400868420,0.282353,-0.026919,9.879965
1755400868423,0.260818,-0.029312,9.829716
1755400868425,0.248854,-0.041276,9.908679
1755400868427,0.289532,-0.012562,9.79143
1755400868430,0.256032,0.008973,9.944571
1755400868433,0.27996,-0.012562,9.853643
1755400868434,0.234497,-0.036491,9.975977
1755400868436,0.267996,-0.007777,9.812965
1755400868440,0.227318,-0.038883,9.956834
1755400868442,0.284746,-0.014955,9.84168
1755400868444,0.263211,-0.014955,9.952048
1755400868446,0.294317,-0.019741,9.872787
1755400868449,0.234497,-0.043669,9.896714
1755400868451,0.299103,-0.012562,9.896714
1755400868454,0.256032,-0.031705,9.82493
1755400868456,0.253639,-0.038883,9.906285
1755400868458,0.263211,-0.014955,9.829716
1755400868461,0.258425,-0.017348,9.932607
1755400868463,0.267996,0.008973,9.832108
1755400868466,0.270389,-0.017348,9.980762
1755400868468,0.27996,-0.019741,9.810573
1755400868471,0.244068,-0.043669,9.927821
1755400868473,0.260818,-0.017348,9.863214
1755400868475,0.265603,-0.022134,9.870394
1755400868478,0.253639,-0.007777,9.887143
1755400868480,0.277567,-0.017348,9.834501
1755400868483,0.256032,-0.046062,9.906285
1755400868487,0.299103,0.008973,9.870394
1755400868488,0.256032,0.025723,9.934999
1755400868490,0.248854,0.004187,9.822537
1755400868492,0.232104,-0.043669,9.903893
1755400868494,0.265603,-0.048455,9.832108
1755400868496,0.303888,-0.002991,9.911072
1755400868499,0.323031,0.013759,9.894321
1755400868501,0.248854,-0.012562,9.863214
1755400868504,0.267996,-0.031705,9.875179
1755400868506,0.282353,-0.050847,9.865608
1755400868509,0.275175,-0.014955,9.891929
1755400868511,0.267996,-0.019741,9.894321
1755400868513,0.248854,-0.022134,9.875179
1755400868517,0.291924,-0.002991,9.903893
1755400868518,0.289532,-0.010169,9.865608
1755400868521,0.258425,-0.026919,9.870394
1755400868523,0.248854,-0.017348,9.879965
1755400868526,0.260818,-0.022134,9.908679
1755400868528,0.282353,-0.000598,9.889536
1755400868530,0.275175,-0.026919,9.872787
1755400868533,0.251246,0.001795,9.863214
1755400868535,0.275175,-0.041276,9.865608
1755400868538,0.29671,-0.019741,9.858429
1755400868540,0.267996,-0.031705,9.872787
1755400868542,0.277567,-0.014955,9.88475
1755400868545,0.275175,-0.017348,9.906285
1755400868547,0.263211,-0.014955,9.879965
1755400868549,0.294317,-0.012562,9.896714
1755400868553,0.303888,-0.026919,9.906285
1755400868554,0.267996,-0.036491,9.882358
1755400868556,0.253639,-0.019741,9.865608
1755400868559,0.272782,-0.007777,9.891929
1755400868561,0.275175,-0.019741,9.887143
1755400868563,0.258425,-0.019741,9.894321
1755400868566,0.208176,0.001795,9.846465
1755400868569,0.260818,-0.012562,9.894321
1755400868571,0.27996,-0.031705,9.88475
1755400868573,0.275175,0.00658,9.889536
1755400868576,0.275175,-0.010169,9.889536
1755400868579,0.239282,-0.017348,9.891929
1755400868580,0.315853,-0.005384,9.903893
1755400868583,0.270389,0.001795,9.877572
1755400868586,0.263211,-0.024526,9.868001
1755400868589,0.308674,-0.010169,9.870394
1755400868590,0.251246,-0.019741,9.889536
1755400868593,0.303888,-0.002991,9.872787
1755400868595,0.260818,-0.005384,9.875179
1755400868597,0.267996,-0.010169,9.887143
1755400868599,0.294317,0.004187,9.88475
1755400868602,0.256032,-0.034098,9.872787
1755400868606,0.258425,-0.024526,9.875179
1755400868607,0.260818,-0.017348,9.863214
1755400868609,0.277567,-0.026919,9.896714
1755400868612,0.284746,-0.043669,9.863214
1755400868614,0.284746,-0.017348,9.896714
1755400868616,0.267996,-0.024526,9.896714
1755400868619,0.289532,-0.026919,9.887143
1755400868621,0.277567,-0.014955,9.882358
1755400868623,0.277567,0.018544,9.870394
1755400868626,0.294317,-0.046062,9.872787
1755400868629,0.270389,-0.041276,9.858429
1755400868631,0.294317,-0.012562,9.906285
1755400868633,0.270389,0.013759,9.834501
1755400868636,0.251246,-0.007777,9.899107
1755400868638,0.29671,0.008973,9.860822
1755400868641,0.287139,-0.005384,9.954441
1755400868643,0.275175,0.013759,9.856036
1755400868645,0.27996,-0.026919,9.913465
1755400868647,0.270389,-0.007777,9.877572
1755400868650,0.265603,-0.014955,9.882358
1755400868653,0.270389,-0.046062,9.899107
1755400868655,0.267996,-0.048455,9.820144
1755400868657,0.267996,-0.046062,9.88475
1755400868659,0.265603,-0.036491,9.84168
1755400868662,0.251246,-0.010169,9.956834
1755400868664,0.287139,0.013759,9.868001
1755400868667,0.270389,-0.026919,9.937392
1755400868669,0.253639,0.00658,9.839287
1755400868671,0.265603,-0.017348,9.879965
1755400868674,0.287139,-0.022134,9.858429
1755400868676,0.253639,-0.034098,9.860822
1755400868679,0.267996,-0.017348,9.846465
1755400868681,0.253639,0.008973,9.853643
1755400868683,0.239282,-0.010169,9.980762
1755400868686,0.253639,-0.017348,9.805787
1755400868688,0.227318,-0.024526,9.887143
1755400868690,0.234497,-0.022134,9.937392
1755400868693,0.263211,-0.036491,9.865608
1755400868695,0.299103,-0.022134,9.846465
1755400868698,0.289532,-0.019741,9.906285
1755400868700,0.248854,-0.010169,9.786645
1755400868703,0.301496,-0.024526,9.91825
1755400868705,0.253639,-0.012562,10.014262
1755400868707,0.284746,0.018544,9.719646
1755400868710,0.284746,-0.014955,10.03819
1755400868712,0.318245,-0.014955,9.934999
1755400868715,0.265603,0.016152,9.834501
1755400868717,0.282353,-0.029312,9.779466
1755400868720,0.277567,-0.007777,9.853643
1755400868724,0.299103,-0.010169,10.13151
1755400868725,0.260818,-0.010169,9.805787
1755400868726,0.277567,0.016152,9.836894
1755400868730,0.270389,0.008973,9.82493
1755400868732,0.275175,-0.019741,10.002297
1755400868734,0.272782,-0.041276,9.868001
1755400868736,0.248854,-0.007777,9.707682
1755400868739,0.267996,-0.007777,10.045368
1755400868741,0.287139,-0.012562,9.937392
1755400868743,0.308674,0.00658,9.858429
1755400868746,0.263211,-0.024526,9.899107
1755400868748,0.27996,-0.017348,9.899107
1755400868751,0.294317,-0.007777,9.779466
1755400868753,0.275175,0.001795,9.848858
1755400868757,0.251246,0.001795,9.987941
1755400868759,0.227318,-0.012562,9.80818
1755400868760,0.248854,-0.046062,9.894321
1755400868763,0.284746,-0.034098,9.882358
1755400868765,0.277567,-0.034098,9.891929
1755400868767,0.275175,0.013759,9.851251
1755400868770,0.248854,0.028116,9.920643
1755400868773,0.284746,-0.012562,9.865608
1755400868774,0.27996,-0.012562,9.858429
1755400868777,0.258425,-0.055633,9.908679
1755400868779,0.248854,0.018544,9.853643
1755400868782,0.248854,0.004187,9.865608
1755400868784,0.275175,-0.034098,9.956834
1755400868786,0.267996,0.011366,9.891929
1755400868789,0.282353,-0.007777,9.872787
1755400868791,0.258425,-0.000598,9.877572
1755400868794,0.253639,-0.041276,9.887143
1755400868798,0.29671,-0.017348,9.879965
1755400868799,0.270389,-0.017348,9.858429
1755400868801,0.253639,-0.010169,9.894321
1755400868803,0.258425,-0.002991,9.887143
1755400868806,0.258425,-0.017348,9.875179
1755400868808,0.27996,-0.010169,9.88475
1755400868810,0.263211,-0.012562,9.860822
1755400868813,0.270389,-0.010169,9.908679
1755400868815,0.270389,-0.014955,9.879965
1755400868818,0.385244,-0.022134,10.042975
1755400868820,0.354138,-0.012562,10.136296
1755400868823,0.272782,-0.007777,9.944571
1755400868826,0.258425,-0.026919,9.801002
1755400868828,0.267996,-0.046062,9.851251
1755400868830,0.301496,-0.050847,9.906285
1755400868833,0.301496,-0.005384,9.891929
1755400868834,0.27996,0.018544,9.853643
1755400868837,0.241675,-0.014955,9.877572
1755400868840,0.265603,-0.026919,9.894321
1755400868842,0.282353,-0.005384,9.891929
1755400868844,0.265603,-0.019741,9.915857
1755400868847,0.265603,0.001795,9.887143
1755400868849,0.258425,-0.026919,9.868001
1755400868851,0.234497,-0.038883,9.853643
1755400868853,0.239282,-0.036491,9.903893
1755400868857,0.267996,-0.014955,9.88475
1755400868859,0.299103,0.018544,9.865608
1755400868861,0.282353,-0.046062,9.889536
1755400868863,0.267996,-0.034098,9.9015
1755400868865,0.282353,-0.014955,9.875179
1755400868868,0.256032,-0.038883,9.877572
1755400868870,0.303888,0.011366,9.829716
1755400868874,0.246461,-0.036491,9.908679
1755400868875,0.239282,-0.017348,9.891929
1755400868879,0.291924,0.016152,9.872787
1755400868880,0.27996,0.044865,9.765109
1755400868882,0.265603,0.013759,9.985548
1755400868885,0.267996,0.016152,9.980762
1755400868887,0.256032,-0.022134,9.798609
1755400868890,0.289532,-0.038883,9.757931
1755400868892,0.265603,-0.046062,9.91825
1755400868894,0.277567,0.008973,9.997512
1755400868897,0.27996,-0.017348,9.934999
1755400868899,0.258425,-0.041276,9.79143
1755400868901,0.275175,-0.050847,9.784252
1755400868904,0.29671,-0.034098,9.879965
1755400868908,0.31346,0.013759,9.973584
1755400868909,0.287139,0.008973,9.925428
1755400868911,0.258425,-0.031705,9.80818
1755400868914,0.308674,-0.036491,9.863214
1755400868916,0.275175,0.011366,9.860822
1755400868919,0.27996,-0.007777,9.868001
1755400868920,0.244068,-0.043669,9.856036
1755400868924,0.260818,-0.029312,9.882358
1755400868926,0.275175,0.032901,9.91825
1755400868928,0.27996,-0.000598,9.877572
1755400868930,0.270389,-0.055633,9.863214
1755400868933,0.256032,-0.043669,9.88475
1755400868936,0.299103,-0.017348,9.887143
1755400868937,0.291924,-0.017348,9.920643
1755400868940,0.260818,-0.048455,9.848858
1755400868943,0.282353,-0.012562,9.911072
1755400868946,0.27996,0.016152,9.896714
1755400868947,0.272782,0.004187,9.896714
1755400868949,0.263211,-0.012562,9.872787
1755400868952,0.241675,-0.002991,9.906285
1755400868954,0.27996,-0.000598,9.9015
1755400868956,0.251246,-0.019741,9.877572
1755400868959,0.275175,-0.019741,9.889536
1755400868961,0.27996,-0.017348,9.894321
1755400868964,0.287139,0.00658,9.896714
1755400868966,0.291924,-0.005384,9.868001
1755400868968,0.291924,-0.012562,9.877572
1755400868971,0.258425,-0.005384,9.870394
1755400868973,0.282353,-0.031705,9.865608
1755400868976,0.270389,-0.019741,9.879965
1755400868978,0.267996,-0.007777,9.903893
1755400868981,0.248854,-0.014955,9.877572
1755400868983,0.251246,-0.022134,9.889536
1755400868985,0.232104,-0.014955,9.896714
1755400868988,0.294317,-0.034098,9.875179
1755400868990,0.263211,-0.022134,9.868001
1755400868993,0.265603,-0.002991,9.9015
1755400868995,0.267996,-0.024526,9.903893
1755400868997,0.241675,-0.010169,9.9015
1755400869000,0.234497,0.004187,9.889536
1755400869002,0.318245,-0.024526,9.887143
1755400869004,0.256032,-0.022134,9.889536
1755400869007,0.272782,-0.031705,9.875179
1755400869010,0.272782,-0.012562,9.865608
1755400869012,0.270389,-0.010169,9.860822
1755400869014,0.251246,-0.012562,9.879965
1755400869017,0.270389,-0.000598,9.887143
1755400869019,0.263211,-0.005384,9.899107
1755400869022,0.265603,-0.041276,9.894321
1755400869023,0.275175,-0.019741,9.870394
1755400869026,0.248854,-0.017348,9.870394
1755400869029,0.277567,-0.029312,9.889536
1755400869031,0.284746,-0.026919,9.887143
1755400869033,0.248854,-0.036491,9.889536
1755400869037,0.260818,-0.017348,9.870394
1755400869039,0.289532,-0.029312,9.889536
1755400869041,0.31346,0.018544,9.872787
1755400869043,0.267996,-0.000598,9.863214
1755400869046,0.277567,-0.005384,9.868001
1755400869048,0.258425,0.008973,9.870394
1755400869050,0.253639,-0.022134,9.870394
1755400869052,0.311067,-0.014955,9.879965
1755400869055,0.287139,-0.007777,9.88475
1755400869057,0.272782,-0.017348,9.870394
1755400869061,0.27996,-0.007777,9.868001
1755400869064,0.27996,-0.019741,9.908679
1755400869065,0.256032,-0.029312,9.903893
1755400869067,0.263211,-0.007777,9.879965
1755400869069,0.27996,-0.038883,9.860822
1755400869071,0.258425,-0.038883,9.877572
1755400869074,0.275175,-0.010169,9.891929
1755400869078,0.29671,-0.031705,9.860822
1755400869079,0.287139,-0.041276,9.868001
1755400869082,0.234497,-0.012562,9.877572
1755400869083,0.251246,-0.026919,9.872787
1755400869086,0.256032,-0.034098,9.872787
1755400869088,0.27996,-0.046062,9.877572
1755400869091,0.256032,-0.041276,9.853643
1755400869095,0.270389,-0.034098,9.865608
1755400869096,0.272782,-0.017348,9.899107
1755400869098,0.260818,-0.017348,9.875179
1755400869100,0.251246,-0.019741,9.879965
1755400869103,0.260818,-0.024526,9.896714
1755400869105,0.270389,-0.012562,9.872787
1755400869107,0.272782,-0.014955,9.877572
1755400869110,0.277567,-0.024526,9.894321
1755400869113,0.282353,-0.014955,9.891929
1755400869115,0.272782,-0.012562,9.872787
1755400869117,0.303888,0.004187,9.990334
1755400869119,0.277567,-0.022134,9.832108
1755400869122,0.232104,-0.022134,9.930214
1755400869124,0.270389,-0.007777,9.781859
1755400869127,0.270389,-0.024526,10.00469
1755400869129,0.291924,0.025723,9.710074
1755400869132,0.222533,-0.012562,9.975977
1755400869134,0.263211,0.004187,9.765109
1755400869136,0.258425,-0.029312,9.990334
1755400869139,0.291924,-0.005384,9.836894
1755400869142,0.265603,-0.034098,9.812965
1755400869143,0.31346,-0.022134,9.995119
1755400869146,0.222533,-0.048455,9.865608
1755400869148,0.270389,-0.005384,9.877572
1755400869151,0.256032,-0.026919,9.745967
1755400869153,0.284746,-0.050847,9.853643
1755400869155,0.267996,0.00658,9.987941
1755400869158,0.251246,-0.002991,9.975977
1755400869160,0.306281,-0.038883,9.971191
1755400869163,0.306281,-0.024526,9.875179
1755400869167,0.258425,-0.012562,9.667004
1755400869168,0.251246,-0.019741,9.729217
1755400869170,0.301496,0.004187,10.00469
1755400869172,0.260818,-0.019741,9.97837
1755400869175,0.272782,-0.060419,9.959227
1755400869177,0.270389,-0.043669,9.779466
1755400869180,0.251246,-0.012562,9.719646
1755400869183,0.253639,-0.041276,9.983155
1755400869184,0.291924,-0.067597,9.942178
1755400869186,0.29671,-0.005384,9.810573
1755400869189,0.287139,-0.002991,10.045368
1755400869191,0.282353,0.018544,9.810573
1755400869194,0.251246,-0.010169,9.923036
1755400869196,0.272782,-0.005384,9.729217
1755400869199,0.232104,-0.029312,9.980762
1755400869201,0.303888,-0.05324,10.112368
1755400869204,0.29671,0.008973,9.686146
1755400869206,0.258425,-0.005384,9.827323
1755400869208,0.253639,0.016152,9.88475
1755400869211,0.270389,-0.002991,9.947263
1755400869214,0.284746,-0.026919,9.930214
1755400869216,0.253639,-0.005384,9.810573
1755400869218,0.253639,-0.017348,10.011869
1755400869220,0.267996,-0.034098,9.9015
1755400869223,0.275175,-0.031705,9.676575
1755400869225,0.265603,-0.026919,9.793823
1755400869227,0.270389,-0.019741,10.112368
1755400869231,0.258425,0.004187,9.913465
1755400869232,0.260818,-0.036491,9.781859
1755400869234,0.284746,0.013759,9.781859
1755400869237,0.289532,-0.029312,9.952048
1755400869239,0.323031,-0.036491,9.853643
1755400869245,0.291924,-0.014955,9.856036
1755400869246,0.227318,-0.041276,9.956834
1755400869247,0.301496,-0.031705,9.817751
1755400869250,0.239282,-0.036491,9.891929
1755400869251,0.318245,-0.029312,9.829716
1755400869253,0.270389,-0.007777,9.906285
1755400869256,0.263211,-0.014955,9.879965
1755400869259,0.303888,-0.017348,9.891929
1755400869261,0.277567,-0.010169,9.856036
1755400869263,0.265603,0.004187,9.822537
1755400869266,0.267996,-0.019741,9.896714
1755400869269,0.294317,-0.000598,9.896714
1755400869271,0.284746,-0.048455,9.875179
1755400869273,0.265603,-0.026919,9.91825
1755400869275,0.241675,0.016152,9.934999
1755400869277,0.244068,0.004187,9.84168
1755400869280,0.241675,-0.010169,9.796216
1755400869283,0.229711,-0.010169,9.868001
1755400869285,0.232104,-0.005384,9.80818
1755400869287,0.186341,0.013759,9.810573
1755400869290,0.227318,-0.012562,9.899107
1755400869292,0.287139,0.008973,9.975977
1755400869294,0.318245,-0.000598,10.066904
1755400869297,0.270389,-0.002991,9.822537
1755400869299,0.344566,-0.014955,9.964012
1755400869302,0.294317,-0.012562,9.820144
1755400869304,0.236889,-0.012562,9.851251
1755400869306,0.253639,-0.017348,9.846465
1755400869309,0.236889,-0.024526,9.896714
1755400869311,0.253639,-0.029312,9.839287
1755400869313,0.282353,-0.017348,9.899107
1755400869316,0.289532,-0.010169,9.82493
1755400869318,0.267996,-0.034098,9.863214
1755400869321,0.195912,-0.000598,9.734002
1755400869323,0.17677,0.02333,9.722038
1755400869326,0.27996,-0.017348,9.954441
1755400869328,0.306281,-0.055633,9.906285
1755400869330,0.354138,-0.036491,9.971191
1755400869333,0.12652,0.037687,9.688539
1755400869335,0.19352,0.042473,9.863214
1755400869337,0.299103,-0.017348,9.913465
1755400869340,0.244068,-0.034098,9.915857
1755400869342,0.20339,0.011366,9.848858
1755400869346,0.289532,-0.026919,9.947263
1755400869347,0.437887,-0.065204,10.121939
1755400869350,0.162413,0.008973,9.659825
1755400869352,0.234497,-0.022134,9.68136
1755400869355,0.183948,0.018544,9.836894
1755400869357,0.277567,0.032901,10.009477
1755400869359,0.33021,-0.026919,9.995119
1755400869361,0.244068,-0.002991,9.920643
1755400869364,0.232104,0.011366,9.853643
1755400869367,0.270389,-0.012562,9.863214
1755400869369,0.337388,-0.012562,9.913465
1755400869371,0.282353,-0.046062,9.829716
1755400869374,0.287139,-0.000598,9.865608
1755400869376,0.263211,-0.062812,9.971191
1755400869378,0.294317,-0.024526,9.913465
1755400869381,0.361316,-0.034098,10.136296
1755400869384,0.334995,-0.062812,9.947263
1755400869388,0.251246,-0.022134,9.836894
1755400869390,0.258425,-0.007777,9.834501
1755400869391,0.253639,-0.029312,9.860822
1755400869393,0.244068,-0.014955,9.879965
1755400869395,0.241675,-0.017348,9.891929
1755400869397,0.234497,0.013759,9.875179
1755400869401,0.275175,-0.036491,9.896714
1755400869402,0.227318,-0.048455,9.925428
1755400869405,0.27996,-0.002991,9.870394
1755400869407,0.267996,-0.031705,9.908679
1755400869410,0.267996,-0.002991,9.848858
1755400869412,0.248854,-0.048455,9.891929
1755400869414,0.248854,-0.031705,9.815358
1755400869418,0.277567,-0.029312,9.894321
1755400869422,0.27996,-0.017348,9.879965
1755400869424,0.263211,-0.038883,9.949656
1755400869425,0.29671,-0.007777,9.84168
1755400869426,0.251246,-0.014955,9.937392
1755400869428,0.29671,-0.017348,9.820144
1755400869431,0.253639,-0.022134,9.863214
1755400869434,0.27996,-0.026919,9.877572
1755400869436,0.267996,-0.017348,9.856036
1755400869438,0.263211,-0.038883,9.868001
1755400869440,0.277567,-0.007777,9.872787
1755400869444,0.272782,-0.026919,9.964012
1755400869445,0.301496,0.011366,9.877572
1755400869448,0.275175,-0.036491,9.891929
1755400869450,0.29671,-0.007777,9.889536
1755400869453,0.267996,-0.026919,9.870394
1755400869455,0.275175,-0.031705,9.812965
1755400869457,0.277567,-0.050847,9.891929
1755400869460,0.236889,-0.024526,9.954441
1755400869462,0.253639,-0.002991,9.851251
1755400869464,0.270389,-0.031705,9.930214
1755400869467,0.27996,-0.029312,9.872787
1755400869470,0.299103,-0.041276,9.851251
1755400869472,0.265603,-0.005384,9.865608
1755400869474,0.267996,-0.017348,9.88475
1755400869476,0.263211,-0.012562,9.947263
1755400869479,0.267996,0.013759,9.88475
1755400869481,0.301496,-0.017348,9.882358
1755400869484,0.306281,-0.024526,9.832108
1755400869486,0.263211,-0.046062,9.853643
1755400869489,0.284746,-0.010169,9.925428
1755400869491,0.275175,0.013759,9.887143
1755400869493,0.282353,-0.007777,9.939785
1755400869496,0.275175,-0.043669,9.899107
1755400869498,0.332602,-0.036491,9.844072
1755400869501,0.301496,-0.029312,9.872787
1755400869503,0.299103,-0.017348,9.882358
1755400869507,0.294317,0.018544,9.930214
1755400869508,0.272782,-0.002991,9.9015
1755400869510,0.253639,-0.014955,9.860822
1755400869512,0.284746,-0.062812,9.836894
1755400869515,0.320638,-0.031705,9.865608
1755400869517,0.27996,-0.014955,9.937392
1755400869520,0.277567,0.001795,9.877572
1755400869522,0.258425,-0.002991,9.934999
1755400869524,0.294317,-0.000598,9.848858
1755400869527,0.303888,-0.048455,9.846465
1755400869530,0.277567,-0.036491,9.865608
1755400869532,0.248854,0.001795,9.863214
1755400869534,0.224925,0.008973,9.923036
1755400869537,0.291924,-0.002991,9.848858
1755400869539,0.306281,-0.012562,9.932607
1755400869541,0.299103,-0.041276,9.848858
1755400869543,0.241675,-0.007777,9.844072
1755400869546,0.251246,-0.029312,9.805787
1755400869549,0.282353,-0.000598,9.932607
1755400869551,0.253639,-0.007777,9.923036
1755400869554,0.303888,-0.017348,9.786645
1755400869556,0.294317,-0.019741,9.952048
1755400869558,0.303888,0.004187,9.784252
1755400869561,0.275175,-0.048455,10.03819
1755400869563,0.265603,-0.041276,9.899107
1755400869565,0.277567,-0.036491,9.71486
1755400869568,0.270389,-0.007777,9.875179
1755400869571,0.284746,0.02333,9.903893
1755400869575,0.270389,-0.017348,9.932607
1755400869577,0.270389,-0.010169,9.822537
1755400869578,0.270389,-0.002991,9.915857
1755400869580,0.282353,-0.005384,9.856036
1755400869582,0.277567,0.001795,9.983155
1755400869585,0.311067,-0.002991,9.954441
1755400869588,0.246461,-0.036491,9.717253
1755400869590,0.270389,-0.038883,9.879965
1755400869592,0.275175,-0.014955,9.949656
1755400869595,0.291924,-0.024526,9.908679
1755400869596,0.33021,-0.002991,9.79143
1755400869599,0.282353,-0.000598,9.997512
1755400869601,0.263211,0.013759,9.934999
1755400869605,0.251246,-0.026919,9.781859
1755400869606,0.284746,-0.024526,9.870394
1755400869608,0.260818,-0.010169,9.932607
1755400869611,0.232104,-0.026919,9.856036
1755400869613,0.275175,-0.017348,9.82493
1755400869615,0.251246,0.020937,9.968799
1755400869618,0.287139,0.018544,9.9015
1755400869622,0.311067,-0.007777,9.805787
1755400869623,0.256032,-0.034098,9.851251
1755400869626,0.248854,-0.019741,9.937392
1755400869628,0.236889,-0.014955,9.91825
1755400869630,0.265603,-0.010169,9.798609
1755400869632,0.251246,-0.007777,9.959227
1755400869635,0.251246,-0.022134,9.939785
1755400869637,0.258425,-0.022134,9.829716
1755400869640,0.270389,-0.022134,9.80818
1755400869643,0.27996,-0.041276,9.877572
1755400869644,0.275175,-0.000598,9.942178
1755400869646,0.260818,-0.005384,9.920643
1755400869649,0.244068,-0.024526,9.856036
1755400869655,0.265603,-0.034098,9.829716
1755400869656,0.301496,-0.041276,9.9015
1755400869657,0.263211,-0.014955,9.927821
1755400869660,0.27996,0.035294,9.927821
1755400869661,0.277567,-0.024526,9.834501
1755400869664,0.306281,-0.072383,9.801002
1755400869666,0.270389,-0.048455,9.887143
1755400869668,0.241675,0.00658,9.906285
1755400869670,0.258425,0.030508,9.894321
1755400869673,0.267996,-0.005384,9.82493
1755400869675,0.282353,-0.019741,9.817751
1755400869678,0.303888,-0.05324,9.911072
1755400869680,0.272782,-0.005384,9.947263
1755400869683,0.256032,-0.014955,9.913465
1755400869685,0.256032,-0.029312,9.832108
1755400869687,0.258425,-0.043669,9.834501
1755400869690,0.248854,-0.017348,9.908679
1755400869693,0.289532,0.028116,9.944571
1755400869695,0.241675,0.001795,9.925428
1755400869697,0.270389,-0.050847,9.817751
1755400869700,0.284746,-0.05324,9.846465
1755400869702,0.284746,-0.012562,9.887143
1755400869704,0.260818,0.011366,9.934999
1755400869707,0.234497,-0.014955,9.896714
1755400869709,0.251246,-0.031705,9.848858
1755400869711,0.289532,-0.022134,9.908679
1755400869714,0.289532,0.001795,9.863214
1755400869716,0.251246,-0.022134,9.915857
1755400869719,0.282353,-0.038883,9.848858
1755400869721,0.234497,-0.038883,9.868001
1755400869724,0.248854,-0.002991,9.906285
1755400869726,0.29671,0.00658,9.863214
1755400869729,0.289532,0.013759,9.930214
1755400869731,0.27996,-0.012562,9.851251
1755400869733,0.232104,-0.062812,9.889536
1755400869735,0.251246,-0.014955,9.891929
1755400869738,0.289532,0.001795,9.875179
1755400869741,0.258425,-0.029312,9.875179
1755400869745,0.284746,-0.046062,9.858429
1755400869746,0.275175,-0.012562,9.88475
1755400869747,0.265603,-0.026919,9.915857
1755400869749,0.224925,-0.019741,9.872787
1755400869752,0.260818,-0.036491,9.915857
1755400869754,0.282353,-0.012562,9.889536
1755400869757,0.270389,-0.038883,9.860822
1755400869759,0.263211,-0.012562,9.882358
1755400869761,0.272782,0.008973,9.846465
1755400869764,0.265603,-0.002991,9.920643
1755400869767,0.272782,-0.007777,9.865608
1755400869769,0.244068,-0.010169,9.88475
1755400869771,0.272782,-0.002991,9.872787
1755400869775,0.270389,-0.036491,9.877572
1755400869776,0.282353,-0.000598,9.896714
1755400869779,0.260818,0.011366,9.820144
1755400869781,0.224925,-0.046062,9.903893
1755400869783,0.239282,-0.024526,9.863214
1755400869786,0.277567,-0.026919,9.9015
1755400869788,0.284746,-0.012562,9.863214
1755400869792,0.284746,-0.036491,9.868001
1755400869793,0.256032,-0.022134,9.913465
1755400869795,0.227318,-0.017348,9.863214
1755400869798,0.260818,-0.010169,9.908679
1755400869800,0.265603,-0.038883,9.860822
1755400869803,0.248854,-0.036491,9.911072
1755400869805,0.251246,-0.000598,9.877572
1755400869807,0.263211,-0.022134,9.889536
1755400869810,0.248854,-0.014955,9.88475
1755400869812,0.270389,-0.002991,9.870394
1755400869815,0.277567,-0.002991,9.9015
1755400869817,0.29671,-0.005384,9.88475
1755400869819,0.284746,-0.012562,9.896714
1755400869821,0.284746,-0.007777,9.891929
1755400869824,0.246461,-0.005384,9.872787
1755400869827,0.294317,-0.017348,9.858429
1755400869829,0.294317,-0.005384,9.870394
1755400869831,0.284746,-0.012562,9.877572
1755400869834,0.253639,0.00658,9.868001
1755400869836,0.29671,-0.036491,9.879965
1755400869838,0.311067,-0.022134,9.88475
1755400869841,0.284746,-0.036491,9.853643
1755400869844,0.282353,-0.041276,9.88475
1755400869845,0.256032,0.004187,9.896714
1755400869849,0.27996,-0.007777,9.9015
1755400869851,0.272782,-0.034098,9.88475
1755400869853,0.234497,-0.022134,9.868001
1755400869858,0.248854,-0.014955,9.870394
1755400869859,0.239282,-0.019741,9.882358
1755400869860,0.294317,-0.019741,9.872787
1755400869863,0.267996,-0.031705,9.889536
1755400869865,0.291924,-0.000598,9.875179
1755400869867,0.29671,-0.010169,9.889536
1755400869870,0.275175,-0.029312,9.896714
1755400869872,0.270389,-0.029312,9.889536
1755400869874,0.275175,-0.026919,9.863214
1755400869877,0.282353,-0.038883,9.856036
1755400869879,0.270389,0.004187,9.887143
1755400869881,0.272782,-0.022134,9.887143
1755400869884,0.289532,-0.024526,9.889536
1755400869886,0.258425,-0.024526,9.887143
1755400869889,0.260818,-0.014955,9.868001
1755400869891,0.263211,-0.014955,9.879965
1755400869894,0.265603,-0.012562,9.906285
1755400869896,0.265603,-0.014955,9.877572
1755400869898,0.289532,-0.012562,9.882358
1755400869901,0.256032,-0.026919,9.872787
1755400869903,0.272782,-0.026919,9.894321
1755400869905,0.234497,-0.019741,9.88475
1755400869908,0.282353,-0.024526,9.891929
1755400869913,0.277567,-0.000598,9.889536
1755400869915,0.277567,-0.019741,9.863214
1755400869917,0.284746,-0.024526,9.882358
1755400869918,0.270389,-0.012562,9.906285
